GlobalEventID,Day,MonthYear,Year,FractionDate,Actor1Code,Actor1Name,Actor1CountryCode,Actor1KnownGroupCode,Actor1EthnicCode,Actor1Religion1Code,Actor1Religion2Code,Actor1Type1Code,Actor1Type2Code,Actor1Type3Code,Actor2Code,Actor2Name,Actor2CountryCode,Actor2KnownGroupCode,Actor2EthnicCode,Actor2Religion1Code,Actor2Religion2Code,Actor2Type1Code,Actor2Type2Code,Actor2Type3Code,IsRootEvent,EventCode,EventBaseCode,EventRootCode,QuadClass,GoldsteinScale,NumMentions,NumSources,NumArticles,AvgTone,Actor1Geo_Type,Actor1Geo_FullName,Actor1Geo_CountryCode,Actor1Geo_ADM1Code,Actor1Geo_ADM2Code,Actor1Geo_Lat,Actor1Geo_Long,Actor1Geo_FeatureID,Actor2Geo_Type,Actor2Geo_FullName,Actor2Geo_CountryCode,Actor2Geo_ADM1Code,Actor2Geo_ADM2Code,Actor2Geo_Lat,Actor2Geo_Long,Actor2Geo_FeatureID,ActionGeo_Type,ActionGeo_FullName,ActionGeo_CountryCode,ActionGeo_ADM1Code,ActionGeo_ADM2Code,ActionGeo_Lat,ActionGeo_Long,ActionGeo_FeatureID,DATEADDED,SOURCEURL
1292361439,20260202,202602,2026,2026.0877,IGOEUREEC,EUROPEAN UNION,EUR,EEC,,,,IGO,,,RUS,RUSSIA,RUS,,,,,,,,1,20,20,2,1,3.0,10,1,10,-1.60642570281124,1,Iran,IR,IR,,32.0,53.0,IR,1,Iran,IR,IR,,32.0,53.0,IR,1,Iran,IR,IR,,32.0,53.0,IR,20260304154500,https://peakoil.com/business/iran-war-could-reopen-eu-debate-over-russian-gas-norway-says
1292361443,20260202,202602,2026,2026.0877,IRN,IRAN,IRN,,,,,,,,MIL,MILITARY,,,,,,MIL,,,0,150,150,15,4,-7.2,10,1,10,-3.1924882629108,4,"Gulf Of Oman, Iran (general), Iran",IR,IR00,40979,25.4489,57.7939,-3077385,4,"Qeshm, Kordestan, Iran",IR,IR16,41068,35.4421,47.3506,-3080448,4,"Qeshm, Kordestan, Iran",IR,IR16,41068,35.4421,47.3506,-3080448,20260304154500,https://www.independent.co.uk/news/world/middle-east/iran-strait-of-hormuz-economy-attacks-b2931612.html
1292361444,20260202,202602,2026,2026.0877,ISR,ISRAEL,ISR,,,,,,,,ISRMED,ISRAEL,ISR,,,,,MED,,,0,13,13,1,1,0.4,2,1,2,-5.78905630452022,4,"Gaza, Israel (general), Israel",IS,IS00,18315,31.4167,34.3333,-797156,4,"Gaza, Israel (general), Israel",IS,IS00,18315,31.4167,34.3333,-797156,4,"Gaza, Israel (general), Israel",IS,IS00,18315,31.4167,34.3333,-797156,20260304154500,https://www.aljazeera.com/news/2026/3/4/why-are-the-us-and-israel-framing-the-ongoing-conflict-as-a-religious-war
1292361445,20260202,202602,2026,2026.0877,ISR,ISRAEL,ISR,,,,,,,,MED,COMMENTATOR,,,,,,MED,,,0,13,13,1,1,0.4,8,1,8,-5.78905630452022,4,"Gaza, Israel (general), Israel",IS,IS00,18315,31.4167,34.3333,-797156,4,"Gaza, Israel (general), Israel",IS,IS00,18315,31.4167,34.3333,-797156,4,"Gaza, Israel (general), Israel",IS,IS00,18315,31.4167,34.3333,-797156,20260304154500,https://www.aljazeera.com/news/2026/3/4/why-are-the-us-and-israel-framing-the-ongoing-conflict-as-a-religious-war
1292361448,20260225,202602,2026,2026.1507,MIL,DESTROYER,,,,,,MIL,,,CYP,CYPRUS,CYP,,,,,,,,0,74,74,7,2,8.5,2,1,2,-2.28509249183896,3,"White House, District of Columbia, United States",US,USDC,,38.8951,-77.0364,531871,1,Cyprus,CY,CY,,35.0,33.0,CY,1,Cyprus,CY,CY,,35.0,33.0,CY,20260304154500,https://www.irishnews.com/news/uk/starmer-says-uk-us-relationship-does-not-mean-hanging-on-to-trumps-words-WWKSM5YMVBPPJHM4WCMYLWNWNM/
1292361476,20260304,202603,2026,2026.1753,,,,,,,,,,,DEU,MUNICH,DEU,,,,,,,,0,43,43,4,1,2.8,2,1,2,-2.49294449670743,0,,,,,,,,4,"Tehran, Tehran, Iran",IR,IR26,41130,35.75,51.5148,10074674,4,"Tehran, Tehran, Iran",IR,IR26,41130,35.75,51.5148,10074674,20260304154500,https://www.presstv.ir/Detail/2026/02/14/764052/the-munich-paradox-a-security-forums-embrace-of-war-advocates-under-the-guise-of-dialogue%20class=hover-effect
1292361479,20260304,202603,2026,2026.1753,,,,,,,,,,,EDU,SCHOOL,,,,,,EDU,,,1,180,180,18,4,-9.0,3,1,3,-10.0,0,,,,,,,,4,"Minab, Sistan va Baluchestan, Iran",IR,IR04,41051,25.7893,61.1025,293743,1,Israel,IS,IS,,31.5,34.75,IS,20260304154500,https://www.islamicinvitationturkey.com/us-israeli-strikes-target-another-girls-school-in-iran/
1292361481,20260304,202603,2026,2026.1753,,,,,,,,,,,EGY,EGYPT,EGY,,,,,,,,1,173,173,17,4,-5.0,4,1,4,-5.67226890756306,0,,,,,,,,1,Egypt,EG,EG,,27.0,30.0,EG,1,Egypt,EG,EG,,27.0,30.0,EG,20260304154500,https://balkaninsight.com/2026/03/04/greek-final-court-decision-rules-that-golden-dawn-is-a-criminal-organisation/
1292361482,20260304,202603,2026,2026.1753,,,,,,,,,,,EGY,EGYPT,EGY,,,,,,,,1,190,190,19,4,-10.0,4,1,4,-5.67226890756306,0,,,,,,,,1,Egypt,EG,EG,,27.0,30.0,EG,1,Egypt,EG,EG,,27.0,30.0,EG,20260304154500,https://balkaninsight.com/2026/03/04/greek-final-court-decision-rules-that-golden-dawn-is-a-criminal-organisation/
1292361495,20260304,202603,2026,2026.1753,,,,,,,,,,,IGOUNO,UNITED NATIONS,,UNO,,,,IGO,,,1,18,18,1,1,3.4,1,1,1,-4.05405405405405,0,,,,,,,,4,"Minab, Sistan va Baluchestan, Iran",IR,IR04,41051,25.7893,61.1025,293743,4,"Minab, Sistan va Baluchestan, Iran",IR,IR04,41051,25.7893,61.1025,293743,20260304154500,https://www.myjoyonline.com/un-deeply-disturbed-by-strike-on-iran-school-that-killed-160-children/
1292361501,20260304,202603,2026,2026.1753,,,,,,,,,,,IRN,IRAN,IRN,,,,,,,,1,111,111,11,3,-2.0,10,5,10,-1.12913186883556,0,,,,,,,,4,"Makran, Mazandaran, Iran",IR,IR35,41093,36.7047,53.2279,-3073635,4,"Makran, Mazandaran, Iran",IR,IR35,41093,36.7047,53.2279,-3073635,20260304154500,https://www.thetimes-tribune.com/2026/03/04/sri-lanka-iran-warship-bodies/
1292361505,20260304,202603,2026,2026.1753,,,,,,,,,,,IRNEDU,IRAN,IRN,,,,,EDU,,,1,180,180,18,4,-9.0,2,1,2,-10.0,0,,,,,,,,4,"Minab, Sistan va Baluchestan, Iran",IR,IR04,41051,25.7893,61.1025,293743,1,Israel,IS,IS,,31.5,34.75,IS,20260304154500,https://www.islamicinvitationturkey.com/us-israeli-strikes-target-another-girls-school-in-iran/
1292361518,20260304,202603,2026,2026.1753,,,,,,,,,,,MOS,ISLAMIC,,,,MOS,,,,,0,190,190,19,4,-10.0,3,1,3,-4.28571428571429,0,,,,,,,,1,Israel,IS,IS,,31.5,34.75,IS,4,"Tehran, Tehran, Iran",IR,IR26,41130,35.75,51.5148,10074674,20260304154500,https://www.islamicinvitationturkey.com/araghchi-accuses-trump-of-diplomacy-breach-and-u-s-betrayal-with-iran-assault/
1292361524,20260304,202603,2026,2026.1753,,,,,,,,,,,PAK,PAKISTAN,PAK,,,,,,,,0,100,100,10,3,-5.0,1,1,1,-3.91404451266308,0,,,,,,,,4,"Tehran, Tehran, Iran",IR,IR26,41130,35.75,51.5148,10074674,4,"Tehran, Tehran, Iran",IR,IR26,41130,35.75,51.5148,10074674,20260304154500,https://www.foxla.com/news/iran-war-continues-march-4-2026
1292361529,20260304,202603,2026,2026.1753,,,,,,,,,,,QAT,DOHA,QAT,,,,,,,,0,36,36,3,1,4.0,6,1,6,-2.57648953301127,0,,,,,,,,4,"Doha, Ad Daw?ah, Qatar",QA,QA01,25307,25.2867,51.5333,-785169,4,"Doha, Ad Daw?ah, Qatar",QA,QA01,25307,25.2867,51.5333,-785169,20260304154500,https://www.upi.com/Top_News/World-News/2026/03/04/evacuate-americans-middle-east-war/9141772636040/
1292361530,20260304,202603,2026,2026.1753,,,,,,,,,,,QAT,QATAR,QAT,,,,,,,,1,130,130,13,3,-4.4,2,1,2,-3.69774919614147,0,,,,,,,,4,"Ras Laffan, Al Khawr, Qatar",QA,QA04,25307,25.9086,51.5783,-785460,4,"Ras Laffan, Al Khawr, Qatar",QA,QA04,25307,25.9086,51.5783,-785460,20260304154500,https://www.rigzone.com/news/qatarenergy_stops_lng_some_downstream_production-04-mar-2026-183124-article/
1292361531,20260304,202603,2026,2026.1753,,,,,,,,,,,RUS,RUSSIA,RUS,,,,,,,,0,30,30,3,1,4.0,2,1,2,-2.59938837920489,0,,,,,,,,1,Russia,RS,RS,,60.0,100.0,RS,4,"Ankara, Ankara, Turkey",TU,TU68,27516,39.9272,32.8644,-735338,20260304154500,https://www.vol.at/ott-process-takacs-testifies-about-boat-accident/10027535
1292361543,20260304,202603,2026,2026.1753,,,,,,,,,,,USA,LOS ANGELES,USA,,,,,,,,1,42,42,4,1,1.9,10,1,10,5.4054054054054,0,,,,,,,,1,Jordan,JO,JO,,31.0,36.0,JO,1,Jordan,JO,JO,,31.0,36.0,JO,20260304154500,https://www.billboard.com/music/awards/sankofa-org-social-justice-awards-2026-honorees-chuck-d-1236191219/
1292361552,20260304,202603,2026,2026.1753,,,,,,,,,,,VAT,VATICAN,VAT,,,,,,,,0,40,40,4,1,1.0,3,1,3,-1.25,0,,,,,,,,4,"Sanaa, Sana', Yemen",YM,YM16,32956,15.3547,44.2067,-3191442,4,"Sanaa, Sana', Yemen",YM,YM16,32956,15.3547,44.2067,-3191442,20260304154500,"https://www.asianews.it/news-en/Martyred-nuns-of-Aden:-10-years-later,-still-seeds-of-peace-64964.html"
1292361554,20260304,202603,2026,2026.1753,,,,,,,,,,,ZAF,EASTERN CAPE,ZAF,,,,,,,,1,173,173,17,4,-5.0,15,1,10,-10.0977198697068,0,,,,,,,,4,"Alexandria, Al Iskandariyah, Egypt",EG,EG06,61590,31.1981,29.9192,-290263,4,"Alexandria, Al Iskandariyah, Egypt",EG,EG06,61590,31.1981,29.9192,-290263,20260304154500,https://www.citizen.co.za/news/south-africa/courts/parolee-gets-25-years-for-raping-blind-woman-in-her-home/
1292361555,20260304,202603,2026,2026.1753,,,,,,,,,,,ZAF,FREE STATE,ZAF,,,,,,,,0,190,190,19,4,-10.0,5,1,5,-10.0977198697068,0,,,,,,,,4,"Alexandria, Al Iskandariyah, Egypt",EG,EG06,61590,31.1981,29.9192,-290263,4,"Alexandria, Al Iskandariyah, Egypt",EG,EG06,61590,31.1981,29.9192,-290263,20260304154500,https://www.citizen.co.za/news/south-africa/courts/parolee-gets-25-years-for-raping-blind-woman-in-her-home/
1292361569,20260304,202603,2026,2026.1753,ARE,DUBAI,ARE,,,,,,,,BUS,AIRLINE,,,,,,BUS,,,1,80,80,8,2,5.0,6,1,6,0.66518847006652,4,"Dubai, Dubayy, United Arab Emirates",AE,AE03,28575,25.2522,55.28,-782831,1,Israel,IS,IS,,31.5,34.75,IS,4,"Dubai, Dubayy, United Arab Emirates",AE,AE03,28575,25.2522,55.28,-782831,20260304154500,https://www.manchestereveningnews.co.uk/news/world-news/virgin-atlantic-riyadh-dubai-flights-33530580
1292361570,20260304,202603,2026,2026.1753,ARE,UNITED ARAB EMIRATES,ARE,,,,,,,,BUS,AIRLINE,,,,,,BUS,,,1,80,80,8,2,5.0,2,1,2,0.66518847006652,4,"Dubai, Dubayy, United Arab Emirates",AE,AE03,28575,25.2522,55.28,-782831,1,Israel,IS,IS,,31.5,34.75,IS,1,Israel,IS,IS,,31.5,34.75,IS,20260304154500,https://www.manchestereveningnews.co.uk/news/world-news/virgin-atlantic-riyadh-dubai-flights-33530580
1292361571,20260304,202603,2026,2026.1753,ARE,DUBAI,ARE,,,,,,,,BUS,AIRLINE,,,,,,BUS,,,1,80,80,8,2,5.0,2,1,2,0.66518847006652,1,Israel,IS,IS,,31.5,34.75,IS,1,Iran,IR,IR,,32.0,53.0,IR,1,Israel,IS,IS,,31.5,34.75,IS,20260304154500,https://www.manchestereveningnews.co.uk/news/world-news/virgin-atlantic-riyadh-dubai-flights-33530580
1292361575,20260304,202603,2026,2026.1753,ARE,UNITED ARAB EMIRATES,ARE,,,,,,,,USAMED,REUTERS,USA,,,,,MED,,,0,43,43,4,1,2.8,10,1,10,-5.0,4,"Fujairah, Al Fujayrah, United Arab Emirates",AE,AE04,149629,25.1164,56.3414,-782158,4,"Fujairah, Al Fujayrah, United Arab Emirates",AE,AE04,149629,25.1164,56.3414,-782158,4,"Fujairah, Al Fujayrah, United Arab Emirates",AE,AE04,149629,25.1164,56.3414,-782158,20260304154500,https://oilprice.com/Latest-Energy-News/World-News/Iran-Claims-It-Has-Complete-Control-Over-Strait-of-Hormuz.html
1292361578,20260304,202603,2026,2026.1753,AUS,AUSTRALIAN,AUS,,,,,,,,,,,,,,,,,,0,10,10,1,1,0.0,2,1,2,-1.03030303030303,4,"Doha, Ad Daw?ah, Qatar",QA,QA01,25307,25.2867,51.5333,-785169,0,,,,,,,,4,"Doha, Ad Daw?ah, Qatar",QA,QA01,25307,25.2867,51.5333,-785169,20260304154500,https://krdo.com/news/2026/03/04/closed-airports-empty-skies-what-travelers-impacted-by-middle-east-air-disruptions-need-to-know/
1292361610,20260304,202603,2026,2026.1753,BHR,MANAMA,BHR,,,,,,,,BGDGOV,BANGLADESH,BGD,,,,,GOV,,,1,10,10,1,1,0.0,6,1,6,-8.43373493975904,4,"Manama, Al Manamah, Bahrain",BA,BA02,25307,26.2361,50.5831,-784833,1,Bangladesh,BG,BG,,24.0,90.0,BG,4,"Manama, Al Manamah, Bahrain",BA,BA02,25307,26.2361,50.5831,-784833,20260304154500,https://www.newsofbahrain.com/bahrain/127870.html
1292361611,20260304,202603,2026,2026.1753,BHR,BAHRAIN,BHR,,,,,,,,BGDGOV,BANGLADESH,BGD,,,,,GOV,,,1,10,10,1,1,0.0,2,1,2,-8.43373493975904,1,Bangladesh,BG,BG,,24.0,90.0,BG,1,Bangladesh,BG,BG,,24.0,90.0,BG,4,"Manama, Al Manamah, Bahrain",BA,BA02,25307,26.2361,50.5831,-784833,20260304154500,https://www.newsofbahrain.com/bahrain/127870.html
1292361616,20260304,202603,2026,2026.1753,BHSGOV,JAMES SMITH,BHS,,,,,GOV,,,GOV,GOVERNMENT,,,,,,GOV,,,0,20,20,2,1,3.0,10,1,10,-3.35570469798657,1,Iran,IR,IR,,32.0,53.0,IR,1,Iran,IR,IR,,32.0,53.0,IR,1,Iran,IR,IR,,32.0,53.0,IR,20260304154500,https://www.birminghammail.co.uk/news/cost-of-living/brits-urged-one-thing-offset-33530480
1292361622,20260304,202603,2026,2026.1753,BUS,AIRLINE,,,,,,BUS,,,,,,,,,,,,,1,36,36,3,1,4.0,8,1,8,0.43668122270742,4,"Frinton, Essex, United Kingdom",UK,UKE4,40108,51.8333,1.25,-2596568,0,,,,,,,,1,Israel,IS,IS,,31.5,34.75,IS,20260304154500,https://www.clactonandfrintongazette.co.uk/news/national/uk-today/25907024.wizz-air-suspends-flights-middle-east-march-15/
1292361627,20260304,202603,2026,2026.1753,BUS,TANKER,,,,,,BUS,,,,,,,,,,,,,1,45,45,4,1,5.0,5,1,5,-4.23076923076923,4,"Yanbu, Al Madinah, Saudi Arabia",SA,SA05,25311,24.0891,38.0637,-3101071,0,,,,,,,,4,"Yanbu, Al Madinah, Saudi Arabia",SA,SA05,25311,24.0891,38.0637,-3101071,20260304154500,https://indianexpress.com/article/business/crude-tanker-rates-go-through-the-roof-amid-west-asia-conflict-10564844/
1292361636,20260304,202603,2026,2026.1753,BUS,BUSINESS,,,,,,BUS,,,,,,,,,,,,,1,120,120,12,3,-4.0,10,1,10,0.0,1,Bahrain,BA,BA,,26.0,50.5,BA,0,,,,,,,,1,Bahrain,BA,BA,,26.0,50.5,BA,20260304154500,https://www.bbc.co.uk/news/articles/c99jjr7d40yo
1292361642,20260304,202603,2026,2026.1753,BUS,PRODUCER,,,,,,BUS,,,EUR,EUROPE,EUR,,,,,,,,1,12,12,1,1,-0.4,10,1,10,-1.50442477876106,1,Qatar,QA,QA,,25.5,51.25,QA,1,Qatar,QA,QA,,25.5,51.25,QA,1,Qatar,QA,QA,,25.5,51.25,QA,20260304154500,https://peakoil.com/production/u-s-oil-and-gas-exporters-cant-fill-middle-east-supply-gap-as-hormuz-crisis-deepens
1292361657,20260304,202603,2026,2026.1753,CAN,CANADA,CAN,,,,,,,,,,,,,,,,,,0,111,111,11,3,-2.0,1,1,1,-4.1522491349481,4,"Ottawa, Ontario, Canada",CA,CA08,12755,45.4167,-75.7,-570760,0,,,,,,,,1,Syria,SY,SY,,35.0,38.0,SY,20260304154500,https://www.castanetkamloops.net/news/Canada/601802/Mother-urges-Canada-to-swiftly-repatriate-her-son-after-reported-transfer-to-Iraq
1292361664,20260304,202603,2026,2026.1753,CAN,CANADIAN,CAN,,,,,,,,IRN,IRAN,IRN,,,,,,,,0,42,42,4,1,1.9,2,1,2,-2.92134831460675,1,Egypt,EG,EG,,27.0,30.0,EG,4,"Ottawa, Ontario, Canada",CA,CA08,12755,45.4167,-75.7,-570760,1,Egypt,EG,EG,,27.0,30.0,EG,20260304154500,https://www.castanetkamloops.net/news/Canada/601813/Canada-secures-limited-seats-on-commercial-flights-from-Lebanon-as-conflict-widens
1292361667,20260304,202603,2026,2026.1753,CAN,CANADIAN,CAN,,,,,,,,IRN,IRAN,IRN,,,,,,,,0,110,110,11,3,-2.0,1,1,1,-6.63176265270506,4,"Ottawa, Ontario, Canada",CA,CA08,12755,45.4167,-75.7,-570760,4,"Tehran, Tehran, Iran",IR,IR26,41130,35.75,51.5148,10074674,4,"Tehran, Tehran, Iran",IR,IR26,41130,35.75,51.5148,10074674,20260304154500,https://www.upi.com/Top_News/World-News/2026/03/04/Spain-Canada-set-out-Iran-war-stances/2511772628375/
1292361669,20260304,202603,2026,2026.1753,CAN,CANADA,CAN,,,,,,,,UAFUAF,TERRORIST,,,,,,UAF,UAF,,0,112,112,11,3,-2.0,2,1,2,-4.1522491349481,4,"Ottawa, Ontario, Canada",CA,CA08,12755,45.4167,-75.7,-570760,1,Syria,SY,SY,,35.0,38.0,SY,1,Syria,SY,SY,,35.0,38.0,SY,20260304154500,https://www.castanetkamloops.net/news/Canada/601802/Mother-urges-Canada-to-swiftly-repatriate-her-son-after-reported-transfer-to-Iraq
1292361712,20260304,202603,2026,2026.1753,CHN,CHINA,CHN,,,,,,,,,,,,,,,,,,1,10,10,1,1,0.0,5,1,5,-4.23076923076923,4,"Yanbu, Al Madinah, Saudi Arabia",SA,SA05,25311,24.0891,38.0637,-3101071,0,,,,,,,,4,"Red Sea, Djibouti (general), Djibouti",DJ,DJ00,25312,19.0,39.5,-2037160,20260304154500,https://indianexpress.com/article/business/crude-tanker-rates-go-through-the-roof-amid-west-asia-conflict-10564844/
1292361741,20260304,202603,2026,2026.1753,COP,DEPUTY,,,,,,COP,,,,,,,,,,,,,1,10,10,1,1,0.0,5,1,5,-3.77358490566037,4,"Tehran, Tehran, Iran",IR,IR26,41130,35.75,51.5148,10074674,0,,,,,,,,4,"Tehran, Tehran, Iran",IR,IR26,41130,35.75,51.5148,10074674,20260304154500,https://www.jagonews24.com/en/international/news/90546
1292361760,20260304,202603,2026,2026.1753,COP,DEPUTY,,,,,,COP,,,MED,TELEVISION,,,,,,MED,,,1,1124,112,11,3,-2.0,1,1,1,-3.77358490566037,4,"Tehran, Tehran, Iran",IR,IR26,41130,35.75,51.5148,10074674,4,"Tehran, Tehran, Iran",IR,IR26,41130,35.75,51.5148,10074674,4,"Tehran, Tehran, Iran",IR,IR26,41130,35.75,51.5148,10074674,20260304154500,https://www.jagonews24.com/en/international/news/90546
1292361767,20260304,202603,2026,2026.1753,COPGOV,DEPUTY,,,,,,COP,GOV,,PSE,GAZA,PSE,,,,,,,,1,40,40,4,1,1.0,2,1,2,-2.50783699059561,4,"Moscow, Moskva, Russia",RS,RS48,25106,55.7522,37.6156,-2960561,4,"Gaza, Israel (general), Israel",IS,IS00,18315,31.4167,34.3333,-797156,4,"Gaza, Israel (general), Israel",IS,IS00,18315,31.4167,34.3333,-797156,20260304154500,https://www.aa.com.tr/en/asia-pacific/russia-launches-consultations-with-iraq-palestine-turkiye-amid-us-israel-iran-conflict/3850111
1292361769,20260304,202603,2026,2026.1753,COPGOV,DEPUTY,,,,,,COP,GOV,,PSEGOV,PALESTINIAN,PSE,,,,,GOV,,,1,46,46,4,1,7.0,2,1,2,-2.50783699059561,4,"Anadolu, Turkey (general), Turkey",TU,TU00,28356,39.0,35.0,-735281,4,"Anadolu, Turkey (general), Turkey",TU,TU00,28356,39.0,35.0,-735281,4,"Anadolu, Turkey (general), Turkey",TU,TU00,28356,39.0,35.0,-735281,20260304154500,https://www.aa.com.tr/en/asia-pacific/russia-launches-consultations-with-iraq-palestine-turkiye-amid-us-israel-iran-conflict/3850111
1292361770,20260304,202603,2026,2026.1753,COPGOV,DEPUTY,,,,,,COP,GOV,,PSEGOV,PALESTINIAN,PSE,,,,,GOV,,,1,46,46,4,1,7.0,1,1,1,-2.50783699059561,1,Oman,MU,MU,,21.0,57.0,MU,4,"Anadolu, Turkey (general), Turkey",TU,TU00,28356,39.0,35.0,-735281,4,"Anadolu, Turkey (general), Turkey",TU,TU00,28356,39.0,35.0,-735281,20260304154500,https://www.aa.com.tr/en/asia-pacific/russia-launches-consultations-with-iraq-palestine-turkiye-amid-us-israel-iran-conflict/3850111
1292361771,20260304,202603,2026,2026.1753,COPGOV,DEPUTY,,,,,,COP,GOV,,TUR,TURKISH,TUR,,,,,,,,1,46,46,4,1,7.0,4,1,4,-2.50783699059561,4,"Anadolu, Turkey (general), Turkey",TU,TU00,28356,39.0,35.0,-735281,4,"Anadolu, Turkey (general), Turkey",TU,TU00,28356,39.0,35.0,-735281,4,"Anadolu, Turkey (general), Turkey",TU,TU00,28356,39.0,35.0,-735281,20260304154500,https://www.aa.com.tr/en/asia-pacific/russia-launches-consultations-with-iraq-palestine-turkiye-amid-us-israel-iran-conflict/3850111
1292361772,20260304,202603,2026,2026.1753,COPGOV,DEPUTY,,,,,,COP,GOV,,TURGOV,TURKISH,TUR,,,,,GOV,,,1,46,46,4,1,7.0,4,1,4,-2.50783699059561,4,"Anadolu, Turkey (general), Turkey",TU,TU00,28356,39.0,35.0,-735281,4,"Anadolu, Turkey (general), Turkey",TU,TU00,28356,39.0,35.0,-735281,4,"Anadolu, Turkey (general), Turkey",TU,TU00,28356,39.0,35.0,-735281,20260304154500,https://www.aa.com.tr/en/asia-pacific/russia-launches-consultations-with-iraq-palestine-turkiye-amid-us-israel-iran-conflict/3850111
1292361773,20260304,202603,2026,2026.1753,COPGOV,DEPUTY,,,,,,COP,GOV,,TURGOV,TURKEY,TUR,,,,,GOV,,,1,46,46,4,1,7.0,2,1,2,-2.50783699059561,4,"Gaza, Israel (general), Israel",IS,IS00,18315,31.4167,34.3333,-797156,4,"Anadolu, Turkey (general), Turkey",TU,TU00,28356,39.0,35.0,-735281,4,"Anadolu, Turkey (general), Turkey",TU,TU00,28356,39.0,35.0,-735281,20260304154500,https://www.aa.com.tr/en/asia-pacific/russia-launches-consultations-with-iraq-palestine-turkiye-amid-us-israel-iran-conflict/3850111
1292361778,20260304,202603,2026,2026.1753,CRM,PERPETRATOR,,,,,,CRM,,,,,,,,,,,,,1,1821,182,18,4,-9.0,4,1,4,-10.0977198697068,4,"Alexandria, Al Iskandariyah, Egypt",EG,EG06,61590,31.1981,29.9192,-290263,0,,,,,,,,4,"Alexandria, Al Iskandariyah, Egypt",EG,EG06,61590,31.1981,29.9192,-290263,20260304154500,https://www.citizen.co.za/news/south-africa/courts/parolee-gets-25-years-for-raping-blind-woman-in-her-home/
1292361783,20260304,202603,2026,2026.1753,CRM,PERPETRATOR,,,,,,CRM,,,EGY,EGYPT,EGY,,,,,,,,1,1821,182,18,4,-9.0,1,1,1,-10.0977198697068,4,"Alexandria, Al Iskandariyah, Egypt",EG,EG06,61590,31.1981,29.9192,-290263,4,"Alexandria, Al Iskandariyah, Egypt",EG,EG06,61590,31.1981,29.9192,-290263,4,"Alexandria, Al Iskandariyah, Egypt",EG,EG06,61590,31.1981,29.9192,-290263,20260304154500,https://www.citizen.co.za/news/south-africa/courts/parolee-gets-25-years-for-raping-blind-woman-in-her-home/
1292361803,20260304,202603,2026,2026.1753,CVL,VOTER,,,,,,CVL,,,ISR,ISRAEL,ISR,,,,,,,,1,51,51,5,1,3.4,1,1,1,-2.93757649938801,4,"Gaza, Israel (general), Israel",IS,IS00,18315,31.4167,34.3333,-797156,4,"Tel Aviv, Tel Aviv, Israel",IS,IS05,18316,32.0667,34.7667,-781545,4,"Gaza, Israel (general), Israel",IS,IS00,18315,31.4167,34.3333,-797156,20260304154500,https://www.presstv.ir/Detail/2026/02/27/764806/modi-israel-visit-shows-morality-no-longer-guides-india-foreign-policy-journalist
1292361814,20260304,202603,2026,2026.1753,CVL,CIVILIAN,,,,,,CVL,,,USAMIL,THE US,USA,,,,,MIL,,,1,130,130,13,3,-4.4,5,1,5,-2.67857142857143,1,Iran,IR,IR,,32.0,53.0,IR,1,Iran,IR,IR,,32.0,53.0,IR,1,Iran,IR,IR,,32.0,53.0,IR,20260304154500,https://www.presstv.ir/Detail/2026/03/04/764950/IRGC-says-dismantled-US-radar-in-Qatar-attacked-destroyer-in-Indian-Ocean
1292361815,20260304,202603,2026,2026.1753,CVL,THE POOR,,,,,,CVL,,,VAT,VATICAN,VAT,,,,,,,,0,40,40,4,1,1.0,3,1,3,-1.25,4,"Sanaa, Sana', Yemen",YM,YM16,32956,15.3547,44.2067,-3191442,4,"Sanaa, Sana', Yemen",YM,YM16,32956,15.3547,44.2067,-3191442,4,"Sanaa, Sana', Yemen",YM,YM16,32956,15.3547,44.2067,-3191442,20260304154500,"https://www.asianews.it/news-en/Martyred-nuns-of-Aden:-10-years-later,-still-seeds-of-peace-64964.html"
1292361816,20260304,202603,2026,2026.1753,CYPGOV,CYPRUS,CYP,,,,,GOV,,,LBN,LEBANESE,LBN,,,,,,,,0,172,172,17,4,-5.0,1,1,1,-8.28924162257495,4,"Akrotiri, Perifereia Notiou Aigaiou, Greece",GR,GR61,16709,36.3584,25.3959,-813565,1,Cyprus,CY,CY,,35.0,33.0,CY,1,Cyprus,CY,CY,,35.0,33.0,CY,20260304154500,https://pmnewsnigeria.com/2026/03/04/iran-tried-to-kill-president-trump-as-u-s-vows-to-deliver-death-and-destruction-from-the-sky/
1292361817,20260304,202603,2026,2026.1753,CYPGOV,CYPRUS,CYP,,,,,GOV,,,LBN,LEBANESE,LBN,,,,,,,,0,172,172,17,4,-5.0,7,1,7,-8.28924162257495,1,Cyprus,CY,CY,,35.0,33.0,CY,1,Lebanon,LE,LE,,33.833333,35.833333,LE,1,Lebanon,LE,LE,,33.833333,35.833333,LE,20260304154500,https://pmnewsnigeria.com/2026/03/04/iran-tried-to-kill-president-trump-as-u-s-vows-to-deliver-death-and-destruction-from-the-sky/
1292361820,20260304,202603,2026,2026.1753,DEU,MUNICH,DEU,,,,,,,,,,,,,,,,,,0,42,42,4,1,1.9,2,1,2,-2.49294449670743,4,"Tehran, Tehran, Iran",IR,IR26,41130,35.75,51.5148,10074674,0,,,,,,,,4,"Tehran, Tehran, Iran",IR,IR26,41130,35.75,51.5148,10074674,20260304154500,https://www.presstv.ir/Detail/2026/02/14/764052/the-munich-paradox-a-security-forums-embrace-of-war-advocates-under-the-guise-of-dialogue%20class=hover-effect
1292361824,20260304,202603,2026,2026.1753,DEU,MUNICH,DEU,,,,,,,,,,,,,,,,,,0,192,192,19,4,-9.5,2,1,2,-2.49294449670743,4,"Munich, Bayern, Germany",GM,GM02,16532,48.15,11.5833,-1829149,0,,,,,,,,4,"Tehran, Tehran, Iran",IR,IR26,41130,35.75,51.5148,10074674,20260304154500,https://www.presstv.ir/Detail/2026/02/14/764052/the-munich-paradox-a-security-forums-embrace-of-war-advocates-under-the-guise-of-dialogue%20class=hover-effect
1292361826,20260304,202603,2026,2026.1753,DEU,GERMANY,DEU,,,,,,,,EUR,EUROPE,EUR,,,,,,,,0,90,90,9,2,-2.0,1,1,1,-2.49294449670743,4,"Munich, Bayern, Germany",GM,GM02,16532,48.15,11.5833,-1829149,4,"Tehran, Tehran, Iran",IR,IR26,41130,35.75,51.5148,10074674,4,"Tehran, Tehran, Iran",IR,IR26,41130,35.75,51.5148,10074674,20260304154500,https://www.presstv.ir/Detail/2026/02/14/764052/the-munich-paradox-a-security-forums-embrace-of-war-advocates-under-the-guise-of-dialogue%20class=hover-effect
1292361831,20260304,202603,2026,2026.1753,DEU,MUNICH,DEU,,,,,,,,IRN,IRAN,IRN,,,,,,,,0,192,192,19,4,-9.5,2,1,2,-2.49294449670743,4,"Munich, Bayern, Germany",GM,GM02,16532,48.15,11.5833,-1829149,4,"Tehran, Tehran, Iran",IR,IR26,41130,35.75,51.5148,10074674,4,"Tehran, Tehran, Iran",IR,IR26,41130,35.75,51.5148,10074674,20260304154500,https://www.presstv.ir/Detail/2026/02/14/764052/the-munich-paradox-a-security-forums-embrace-of-war-advocates-under-the-guise-of-dialogue%20class=hover-effect
1292361836,20260304,202603,2026,2026.1753,DJI,DJIBOUTI,DJI,,,,,,,,,,,,,,,,,,0,10,10,1,1,0.0,2,1,2,-1.50442477876106,4,"Red Sea, Djibouti (general), Djibouti",DJ,DJ00,25312,19.0,39.5,-2037160,0,,,,,,,,4,"Red Sea, Djibouti (general), Djibouti",DJ,DJ00,25312,19.0,39.5,-2037160,20260304154500,https://peakoil.com/production/u-s-oil-and-gas-exporters-cant-fill-middle-east-supply-gap-as-hormuz-crisis-deepens
1292361837,20260304,202603,2026,2026.1753,DJI,DJIBOUTI,DJI,,,,,,,,,,,,,,,,,,0,10,10,1,1,0.0,2,1,2,-1.50442477876106,4,"Red Sea, Djibouti (general), Djibouti",DJ,DJ00,25312,19.0,39.5,-2037160,0,,,,,,,,1,Iran,IR,IR,,32.0,53.0,IR,20260304154500,https://peakoil.com/production/u-s-oil-and-gas-exporters-cant-fill-middle-east-supply-gap-as-hormuz-crisis-deepens
1292361848,20260304,202603,2026,2026.1753,EDU,PROFESSOR,,,,,,EDU,,,,,,,,,,,,,1,10,10,1,1,0.0,4,1,4,-6.45161290322581,4,"Queen Elizabeth National Park, Buhweju, Uganda",UG,UGE6,18585,-0.25,30.1864,-1734850,0,,,,,,,,1,Egypt,EG,EG,,27.0,30.0,EG,20260304154500,https://www.thesun.co.uk/health/38404784/school-trips-bat-cave-marburg-kills-victims-pandemic/
1292361851,20260304,202603,2026,2026.1753,EDU,SCHOOL,,,,,,EDU,,,,,,,,,,,,,0,14,14,1,1,0.0,1,1,1,-10.6100795755968,4,"Minab, Sistan va Baluchestan, Iran",IR,IR04,41051,25.7893,61.1025,293743,0,,,,,,,,4,"Minab, Sistan va Baluchestan, Iran",IR,IR04,41051,25.7893,61.1025,293743,20260304154500,https://www.presstv.ir/Detail/2026/03/04/764951/Another-girls-school-targeted-in-US-Israeli-attacks-on-Iran
1292361863,20260304,202603,2026,2026.1753,EDU,SCHOOL,,,,,,EDU,,,GOV,FOREIGN MINIST,,,,,,GOV,,,0,14,14,1,1,0.0,1,1,1,-10.6100795755968,4,"Minab, Sistan va Baluchestan, Iran",IR,IR04,41051,25.7893,61.1025,293743,4,"Minab, Sistan va Baluchestan, Iran",IR,IR04,41051,25.7893,61.1025,293743,4,"Minab, Sistan va Baluchestan, Iran",IR,IR04,41051,25.7893,61.1025,293743,20260304154500,https://www.presstv.ir/Detail/2026/03/04/764951/Another-girls-school-targeted-in-US-Israeli-attacks-on-Iran
1292361865,20260304,202603,2026,2026.1753,EDU,STUDENT,,,,,,EDU,,,IRN,IRANIAN,IRN,,,,,,,,1,14,14,1,1,0.0,2,1,2,-10.6100795755968,4,"Minab, Sistan va Baluchestan, Iran",IR,IR04,41051,25.7893,61.1025,293743,4,"Minab, Sistan va Baluchestan, Iran",IR,IR04,41051,25.7893,61.1025,293743,4,"Minab, Sistan va Baluchestan, Iran",IR,IR04,41051,25.7893,61.1025,293743,20260304154500,https://www.presstv.ir/Detail/2026/03/04/764951/Another-girls-school-targeted-in-US-Israeli-attacks-on-Iran
1292361866,20260304,202603,2026,2026.1753,EDU,ECONOMIST,,,,,,EDU,,,IRN,IRAN,IRN,,,,,,,,0,20,20,2,1,3.0,2,1,2,-1.52284263959391,4,"Bandar Abbas, Hormozgan, Iran",IR,IR11,40896,27.1865,56.2808,-3055107,4,"Bandar Abbas, Hormozgan, Iran",IR,IR11,40896,27.1865,56.2808,-3055107,4,"Bandar Abbas, Hormozgan, Iran",IR,IR11,40896,27.1865,56.2808,-3055107,20260304154500,https://timesca.com/middle-east-conflict-tests-central-asias-trade-routes-and-energy-security/
1292361867,20260304,202603,2026,2026.1753,EDU,ECONOMIST,,,,,,EDU,,,IRN,IRAN,IRN,,,,,,,,0,20,20,2,1,3.0,2,1,2,-1.52284263959391,1,Turkmenistan,TX,TX,,40.0,60.0,TX,4,"Bandar Abbas, Hormozgan, Iran",IR,IR11,40896,27.1865,56.2808,-3055107,4,"Bandar Abbas, Hormozgan, Iran",IR,IR11,40896,27.1865,56.2808,-3055107,20260304154500,https://timesca.com/middle-east-conflict-tests-central-asias-trade-routes-and-energy-security/
1292361868,20260304,202603,2026,2026.1753,EDU,ECONOMIST,,,,,,EDU,,,IRN,IRAN,IRN,,,,,,,,0,20,20,2,1,3.0,1,1,1,-1.52284263959391,1,Turkmenistan,TX,TX,,40.0,60.0,TX,4,"Bandar Abbas, Hormozgan, Iran",IR,IR11,40896,27.1865,56.2808,-3055107,1,Turkmenistan,TX,TX,,40.0,60.0,TX,20260304154500,https://timesca.com/middle-east-conflict-tests-central-asias-trade-routes-and-energy-security/
1292361869,20260304,202603,2026,2026.1753,EDU,SCHOOL,,,,,,EDU,,,IRN,IRANIAN,IRN,,,,,,,,0,43,43,4,1,2.8,4,2,4,-4.386957181901,4,"Tehran, Tehran, Iran",IR,IR26,41130,35.75,51.5148,10074674,1,Israel,IS,IS,,31.5,34.75,IS,1,Israel,IS,IS,,31.5,34.75,IS,20260304154500,https://www.wkyufm.org/news/2026-03-04/the-u-s-sinks-irans-ships-and-slams-its-missile-launchers-as-the-war-enters-day-5
1292361870,20260304,202603,2026,2026.1753,EDU,STUDENT,,,,,,EDU,,,IRNEDU,IRANIAN,IRN,,,,,EDU,,,1,14,14,1,1,0.0,3,1,3,-10.6100795755968,4,"Minab, Sistan va Baluchestan, Iran",IR,IR04,41051,25.7893,61.1025,293743,4,"Minab, Sistan va Baluchestan, Iran",IR,IR04,41051,25.7893,61.1025,293743,4,"Minab, Sistan va Baluchestan, Iran",IR,IR04,41051,25.7893,61.1025,293743,20260304154500,https://www.presstv.ir/Detail/2026/03/04/764951/Another-girls-school-targeted-in-US-Israeli-attacks-on-Iran
1292361877,20260304,202603,2026,2026.1753,EGY,ALEXANDRIA,EGY,,,,,,,,,,,,,,,,,,1,173,173,17,4,-5.0,3,1,3,-10.0977198697068,4,"Alexandria, Al Iskandariyah, Egypt",EG,EG06,61590,31.1981,29.9192,-290263,0,,,,,,,,4,"Alexandria, Al Iskandariyah, Egypt",EG,EG06,61590,31.1981,29.9192,-290263,20260304154500,https://www.citizen.co.za/news/south-africa/courts/parolee-gets-25-years-for-raping-blind-woman-in-her-home/
1292361878,20260304,202603,2026,2026.1753,EGY,EGYPTIAN,EGY,,,,,,,,,,,,,,,,,,1,173,173,17,4,-5.0,2,1,2,-5.67226890756306,1,Egypt,EG,EG,,27.0,30.0,EG,0,,,,,,,,1,Egypt,EG,EG,,27.0,30.0,EG,20260304154500,https://balkaninsight.com/2026/03/04/greek-final-court-decision-rules-that-golden-dawn-is-a-criminal-organisation/
1292361879,20260304,202603,2026,2026.1753,EGY,EGYPT,EGY,,,,,,,,,,,,,,,,,,1,1821,182,18,4,-9.0,4,1,4,-10.0977198697068,4,"Alexandria, Al Iskandariyah, Egypt",EG,EG06,61590,31.1981,29.9192,-290263,0,,,,,,,,4,"Alexandria, Al Iskandariyah, Egypt",EG,EG06,61590,31.1981,29.9192,-290263,20260304154500,https://www.citizen.co.za/news/south-africa/courts/parolee-gets-25-years-for-raping-blind-woman-in-her-home/
1292361880,20260304,202603,2026,2026.1753,EGY,EGYPT,EGY,,,,,,,,GRC,GREECE,GRC,,,,,,,,1,173,173,17,4,-5.0,4,1,4,-5.67226890756306,1,Egypt,EG,EG,,27.0,30.0,EG,4,"Perama, Perifereia Voreiou Aigaiou, Greece",GR,GR65,16725,39.0483,26.4972,-825892,1,Egypt,EG,EG,,27.0,30.0,EG,20260304154500,https://balkaninsight.com/2026/03/04/greek-final-court-decision-rules-that-golden-dawn-is-a-criminal-organisation/
1292361881,20260304,202603,2026,2026.1753,EGY,EGYPTIAN,EGY,,,,,,,,GRC,GREECE,GRC,,,,,,,,1,173,173,17,4,-5.0,4,1,4,-5.67226890756306,1,Egypt,EG,EG,,27.0,30.0,EG,1,Egypt,EG,EG,,27.0,30.0,EG,1,Egypt,EG,EG,,27.0,30.0,EG,20260304154500,https://balkaninsight.com/2026/03/04/greek-final-court-decision-rules-that-golden-dawn-is-a-criminal-organisation/
1292361882,20260304,202603,2026,2026.1753,EGY,ALEXANDRIA,EGY,,,,,,,,ZAF,EASTERN CAPE,ZAF,,,,,,,,1,173,173,17,4,-5.0,7,1,7,-10.0977198697068,4,"Alexandria, Al Iskandariyah, Egypt",EG,EG06,61590,31.1981,29.9192,-290263,4,"Alexandria, Al Iskandariyah, Egypt",EG,EG06,61590,31.1981,29.9192,-290263,4,"Alexandria, Al Iskandariyah, Egypt",EG,EG06,61590,31.1981,29.9192,-290263,20260304154500,https://www.citizen.co.za/news/south-africa/courts/parolee-gets-25-years-for-raping-blind-woman-in-her-home/
1292361883,20260304,202603,2026,2026.1753,EGYJUD,EGYPT,EGY,,,,,JUD,,,,,,,,,,,,,0,10,10,1,1,0.0,2,1,2,-10.0977198697068,4,"Alexandria, Al Iskandariyah, Egypt",EG,EG06,61590,31.1981,29.9192,-290263,0,,,,,,,,4,"Alexandria, Al Iskandariyah, Egypt",EG,EG06,61590,31.1981,29.9192,-290263,20260304154500,https://www.citizen.co.za/news/south-africa/courts/parolee-gets-25-years-for-raping-blind-woman-in-her-home/
1292361884,20260304,202603,2026,2026.1753,ELI,ACTOR,,,,,,ELI,,,,,,,,,,,,,0,120,120,12,3,-4.0,2,1,2,5.4054054054054,1,Jordan,JO,JO,,31.0,36.0,JO,0,,,,,,,,1,Jordan,JO,JO,,31.0,36.0,JO,20260304154500,https://www.billboard.com/music/awards/sankofa-org-social-justice-awards-2026-honorees-chuck-d-1236191219/
1292361886,20260304,202603,2026,2026.1753,ELI,ACTOR,,,,,,ELI,,,ISR,ISRAELI,ISR,,,,,,,,0,36,36,3,1,4.0,1,1,1,-2.49294449670743,4,"Munich, Bayern, Germany",GM,GM02,16532,48.15,11.5833,-1829149,1,Israel,IS,IS,,31.5,34.75,IS,1,Israel,IS,IS,,31.5,34.75,IS,20260304154500,https://www.presstv.ir/Detail/2026/02/14/764052/the-munich-paradox-a-security-forums-embrace-of-war-advocates-under-the-guise-of-dialogue%20class=hover-effect
1292361887,20260304,202603,2026,2026.1753,ELI,ACTOR,,,,,,ELI,,,ISR,ISRAELI,ISR,,,,,,,,0,36,36,3,1,4.0,1,1,1,-2.49294449670743,1,Israel,IS,IS,,31.5,34.75,IS,4,"Tehran, Tehran, Iran",IR,IR26,41130,35.75,51.5148,10074674,4,"Tehran, Tehran, Iran",IR,IR26,41130,35.75,51.5148,10074674,20260304154500,https://www.presstv.ir/Detail/2026/02/14/764052/the-munich-paradox-a-security-forums-embrace-of-war-advocates-under-the-guise-of-dialogue%20class=hover-effect
1292361888,20260304,202603,2026,2026.1753,ELI,ACTOR,,,,,,ELI,,,OPP,ACTIVIST,,,,,,OPP,,,0,30,30,3,1,4.0,8,1,8,5.4054054054054,1,Jordan,JO,JO,,31.0,36.0,JO,1,Jordan,JO,JO,,31.0,36.0,JO,1,Jordan,JO,JO,,31.0,36.0,JO,20260304154500,https://www.billboard.com/music/awards/sankofa-org-social-justice-awards-2026-honorees-chuck-d-1236191219/
1292361889,20260304,202603,2026,2026.1753,ELI,ACTOR,,,,,,ELI,,,OPP,ACTIVIST,,,,,,OPP,,,0,120,120,12,3,-4.0,8,1,8,5.4054054054054,1,Jordan,JO,JO,,31.0,36.0,JO,1,Jordan,JO,JO,,31.0,36.0,JO,1,Jordan,JO,JO,,31.0,36.0,JO,20260304154500,https://www.billboard.com/music/awards/sankofa-org-social-justice-awards-2026-honorees-chuck-d-1236191219/
1292361895,20260304,202603,2026,2026.1753,ETH,ETHIOPIA,ETH,,,,,,,,BUS,AIRLINE,,,,,,BUS,,,0,80,80,8,2,5.0,10,1,10,3.38461538461539,4,"Tigray, Tigray, Ethiopia",ET,ET53,149298,13.5,39.5,-620571,4,"Tigray, Tigray, Ethiopia",ET,ET53,149298,13.5,39.5,-620571,4,"Tigray, Tigray, Ethiopia",ET,ET53,149298,13.5,39.5,-620571,20260304154500,https://ftnnews.com/travel-news/tours/ethiopia-tourism-rebound-gains-momentum-as-aviation-growth-drives-arrivals/
1292361896,20260304,202603,2026,2026.1753,ETH,ETHIOPIA,ETH,,,,,,,,CVL,TOURIST,,,,,,CVL,,,1,42,42,4,1,1.9,10,1,10,3.38461538461539,4,"Simien Mountains, Amara, Ethiopia",ET,ET46,149280,13.35,38.3,-619791,4,"Simien Mountains, Amara, Ethiopia",ET,ET46,149280,13.35,38.3,-619791,4,"Simien Mountains, Amara, Ethiopia",ET,ET46,149280,13.35,38.3,-619791,20260304154500,https://ftnnews.com/travel-news/tours/ethiopia-tourism-rebound-gains-momentum-as-aviation-growth-drives-arrivals/
1292361899,20260304,202603,2026,2026.1753,EUR,EUROPEAN,EUR,,,,,,,,IRN,IRAN,IRN,,,,,,,,1,130,130,13,3,-4.4,7,1,7,-5.84878744650499,4,"Tehran, Tehran, Iran",IR,IR26,41130,35.75,51.5148,10074674,4,"Tehran, Tehran, Iran",IR,IR26,41130,35.75,51.5148,10074674,4,"Tehran, Tehran, Iran",IR,IR26,41130,35.75,51.5148,10074674,20260304154500,https://www.islamicinvitationturkey.com/tehran-criticizes-eu-over-nazi-mindsets-condemns-german-support-for-israeli-us-aggression/
1292361900,20260304,202603,2026,2026.1753,EUR,EUROPEAN,EUR,,,,,,,,IRNGOV,IRAN,IRN,,,,,GOV,,,1,40,40,4,1,1.0,5,1,5,-5.84878744650499,4,"Tehran, Tehran, Iran",IR,IR26,41130,35.75,51.5148,10074674,4,"Tehran, Tehran, Iran",IR,IR26,41130,35.75,51.5148,10074674,4,"Tehran, Tehran, Iran",IR,IR26,41130,35.75,51.5148,10074674,20260304154500,https://www.islamicinvitationturkey.com/tehran-criticizes-eu-over-nazi-mindsets-condemns-german-support-for-israeli-us-aggression/
1292361901,20260304,202603,2026,2026.1753,EUR,EUROPEAN,EUR,,,,,,,,IRNGOV,IRAN,IRN,,,,,GOV,,,1,40,40,4,1,1.0,2,1,2,-5.84878744650499,4,"Tehran, Tehran, Iran",IR,IR26,41130,35.75,51.5148,10074674,1,United States,US,US,,39.828175,-98.5795,US,4,"Tehran, Tehran, Iran",IR,IR26,41130,35.75,51.5148,10074674,20260304154500,https://www.islamicinvitationturkey.com/tehran-criticizes-eu-over-nazi-mindsets-condemns-german-support-for-israeli-us-aggression/
1292361909,20260304,202603,2026,2026.1753,FRA,FRENCH,FRA,,,,,,,,FRAGOV,FRANCE,FRA,,,,,GOV,,,0,20,20,2,1,3.0,2,1,2,-2.95302013422819,1,United States,US,US,,39.828175,-98.5795,US,4,"Tehran, Tehran, Iran",IR,IR26,41130,35.75,51.5148,10074674,4,"Tehran, Tehran, Iran",IR,IR26,41130,35.75,51.5148,10074674,20260304154500,https://www.upi.com/Voices/2026/03/04/iran-us-war-outcome/4711772633151/
1292361912,20260304,202603,2026,2026.1753,GBR,UNITED KINGDOM,GBR,,,,,,,,,,,,,,,,,,1,36,36,3,1,4.0,5,1,5,5.4307116104869,4,"Ankara, Ankara, Turkey",TU,TU68,27516,39.9272,32.8644,-735338,0,,,,,,,,4,"Ankara, Ankara, Turkey",TU,TU68,27516,39.9272,32.8644,-735338,20260304154500,https://www.pharmiweb.com/press-release/2026-03-04/reithera-to-attend-advanced-therapies-congress-2026-in-london-booth-295
1292361933,20260304,202603,2026,2026.1753,GBR,BRITISH,GBR,,,,,,,,GBRCVL,UNITED KINGDOM,GBR,,,,,CVL,,,1,20,20,2,1,3.0,2,1,2,-0.25906735751296,1,United Kingdom,UK,UK,,54.0,-4.0,UK,1,United Kingdom,UK,UK,,54.0,-4.0,UK,4,"Salalah, Z¸ufar, Oman",MU,MU08,23600,17.015,54.0924,-788664,20260304154500,https://www.birminghammail.co.uk/travel/foreign-office-urges-british-nationals-33529869
1292361950,20260304,202603,2026,2026.1753,GBR,UNITED KINGDOM,GBR,,,,,,,,IRN,IRAN,IRN,,,,,,,,0,13,13,1,1,0.4,1,1,1,-4.33705080545229,1,Iran,IR,IR,,32.0,53.0,IR,1,Iran,IR,IR,,32.0,53.0,IR,1,Iran,IR,IR,,32.0,53.0,IR,20260304154500,https://economictimes.indiatimes.com/news/defence/how-the-us-uk-special-relationship-may-be-impacted-after-starmer-drew-trumps-anger-over-iran/articleshow/129035054.cms
1292361958,20260304,202603,2026,2026.1753,GBR,UNITED KINGDOM,GBR,,,,,,,,MIL,MILITARY,,,,,,MIL,,,0,111,111,11,3,-2.0,1,1,1,0.50890585241731,4,"London, London, City of, United Kingdom",UK,UKH9,40110,51.5,-0.116667,-2601889,4,"Shahed, Fars, Iran",IR,IR07,25307,28.5934,52.2295,-3083999,4,"Shahed, Fars, Iran",IR,IR07,25307,28.5934,52.2295,-3083999,20260304154500,https://economictimes.indiatimes.com/news/international/world-news/uks-keir-starmer-vows-to-keep-a-cool-head-after-trump-castigation/articleshow/129033903.cms
1292361961,20260304,202603,2026,2026.1753,GBR,UNITED KINGDOM,GBR,,,,,,,,QATMED,AL JAZEERA,QAT,,,,,MED,,,0,13,13,1,1,0.4,1,1,1,-5.78905630452022,1,United Kingdom,UK,UK,,54.0,-4.0,UK,1,Iran,IR,IR,,32.0,53.0,IR,1,Iran,IR,IR,,32.0,53.0,IR,20260304154500,https://www.aljazeera.com/news/2026/3/4/why-are-the-us-and-israel-framing-the-ongoing-conflict-as-a-religious-war
1292361966,20260304,202603,2026,2026.1753,GBR,UNITED KINGDOM,GBR,,,,,,,,USA,THE US,USA,,,,,,,,1,120,120,12,3,-4.0,2,1,2,-2.28509249183896,4,"Tehran, Tehran, Iran",IR,IR26,41130,35.75,51.5148,10074674,4,"Tehran, Tehran, Iran",IR,IR26,41130,35.75,51.5148,10074674,4,"Tehran, Tehran, Iran",IR,IR26,41130,35.75,51.5148,10074674,20260304154500,https://www.irishnews.com/news/uk/starmer-says-uk-us-relationship-does-not-mean-hanging-on-to-trumps-words-WWKSM5YMVBPPJHM4WCMYLWNWNM/
1292361979,20260304,202603,2026,2026.1753,GBRCVL,BRITISH,GBR,,,,,CVL,,,GBR,BRITISH,GBR,,,,,,,,0,51,51,5,1,3.4,6,1,6,0.66518847006652,1,United Kingdom,UK,UK,,54.0,-4.0,UK,1,United Kingdom,UK,UK,,54.0,-4.0,UK,4,"Dubai, Dubayy, United Arab Emirates",AE,AE03,28575,25.2522,55.28,-782831,20260304154500,https://www.manchestereveningnews.co.uk/news/world-news/virgin-atlantic-riyadh-dubai-flights-33530580
1292361980,20260304,202603,2026,2026.1753,GBRCVL,UNITED KINGDOM,GBR,,,,,CVL,,,KWT,KUWAIT,KWT,,,,,,,,1,20,20,2,1,3.0,2,1,2,-2.91878172588832,5,"Leicestershire, Leicestershire, United Kingdom",UK,UKH5,40119,52.6649,-1.03489,-2600962,4,"Ali Al Salem Air Base, Kuwait (general), Kuwait",KU,KU00,123556,29.35,47.5211,186617,4,"Ali Al Salem Air Base, Kuwait (general), Kuwait",KU,KU00,123556,29.35,47.5211,186617,20260304154500,https://www.leicestermercury.co.uk/news/local-news/leicestershire-family-stuck-kuwait-amid-10847276
1292361981,20260304,202603,2026,2026.1753,GBRCVL,UNITED KINGDOM,GBR,,,,,CVL,,,KWT,KUWAIT,KWT,,,,,,,,1,42,42,4,1,1.9,2,1,2,-2.91878172588832,5,"Leicestershire, Leicestershire, United Kingdom",UK,UKH5,40119,52.6649,-1.03489,-2600962,4,"Ali Al Salem Air Base, Kuwait (general), Kuwait",KU,KU00,123556,29.35,47.5211,186617,4,"Ali Al Salem Air Base, Kuwait (general), Kuwait",KU,KU00,123556,29.35,47.5211,186617,20260304154500,https://www.leicestermercury.co.uk/news/local-news/leicestershire-family-stuck-kuwait-amid-10847276
1292362009,20260304,202603,2026,2026.1753,GOV,FOREIGN MINIST,,,,,,GOV,,,,,,,,,,,,,1,73,73,7,2,7.4,42,1,42,-4.92350222760089,1,United States,US,US,,39.828175,-98.5795,US,0,,,,,,,,1,Iran,IR,IR,,32.0,53.0,IR,20260304154500,https://newsradio1290wtks.iheart.com/content/2026-03-04-us-submarine-sinks-iranian-warship-in-the-indian-ocean/
1292362016,20260304,202603,2026,2026.1753,GOV,DIPLOMAT,,,,,,GOV,,,,,,,,,,,,,1,160,160,16,4,-4.0,10,1,10,-4.28571428571429,4,"Tehran, Tehran, Iran",IR,IR26,41130,35.75,51.5148,10074674,0,,,,,,,,4,"Tehran, Tehran, Iran",IR,IR26,41130,35.75,51.5148,10074674,20260304154500,https://www.islamicinvitationturkey.com/araghchi-accuses-trump-of-diplomacy-breach-and-u-s-betrayal-with-iran-assault/
1292362021,20260304,202603,2026,2026.1753,GOV,SOVEREIGN,,,,,,GOV,,,BUS,COMPANY,,,,,,BUS,,,1,70,70,7,2,7.0,5,1,5,-0.848896434634971,1,Iran,IR,IR,,32.0,53.0,IR,1,Iran,IR,IR,,32.0,53.0,IR,1,Iran,IR,IR,,32.0,53.0,IR,20260304154500,https://markets.financialcontent.com/stocks/article/marketminute-2026-3-4-defense-stocks-surge-palantir-and-lockheed-martin-lead-market-rally-amid-middle-east-escalation
1292362026,20260304,202603,2026,2026.1753,GOV,MINISTRY,,,,,,GOV,,,CVL,NATIONALS,,,,,,CVL,,,1,60,60,6,2,6.0,10,1,10,0.0,1,Latvia,LG,LG,,57.0,25.0,LG,1,Oman,MU,MU,,21.0,57.0,MU,1,Oman,MU,MU,,21.0,57.0,MU,20260304154500,https://www.baltictimes.com/foreign_ministry_coordinates_with_eu_partners_on_assistance_for_travelers_in_middle_east_region/
1292362027,20260304,202603,2026,2026.1753,GOV,MINISTRY,,,,,,GOV,,,CVL,TRAVELER,,,,,,CVL,,,1,70,70,7,2,7.0,7,1,7,0.0,1,Iran,IR,IR,,32.0,53.0,IR,1,Iran,IR,IR,,32.0,53.0,IR,1,Iran,IR,IR,,32.0,53.0,IR,20260304154500,https://www.baltictimes.com/foreign_ministry_coordinates_with_eu_partners_on_assistance_for_travelers_in_middle_east_region/
1292362032,20260304,202603,2026,2026.1753,GOV,FOREIGN OFFICE,,,,,,GOV,,,GBR,BRITISH,GBR,,,,,,,,1,20,20,2,1,3.0,1,1,1,-2.91878172588832,5,"Leicestershire, Leicestershire, United Kingdom",UK,UKH5,40119,52.6649,-1.03489,-2600962,5,"Leicestershire, Leicestershire, United Kingdom",UK,UKH5,40119,52.6649,-1.03489,-2600962,4,"Ali Al Salem Air Base, Kuwait (general), Kuwait",KU,KU00,123556,29.35,47.5211,186617,20260304154500,https://www.leicestermercury.co.uk/news/local-news/leicestershire-family-stuck-kuwait-amid-10847276
1292362033,20260304,202603,2026,2026.1753,GOV,FOREIGN OFFICE,,,,,,GOV,,,GBR,BRITISH,GBR,,,,,,,,1,20,20,2,1,3.0,1,1,1,-2.91878172588832,4,"Ali Al Salem Air Base, Kuwait (general), Kuwait",KU,KU00,123556,29.35,47.5211,186617,5,"Leicestershire, Leicestershire, United Kingdom",UK,UKH5,40119,52.6649,-1.03489,-2600962,4,"Ali Al Salem Air Base, Kuwait (general), Kuwait",KU,KU00,123556,29.35,47.5211,186617,20260304154500,https://www.leicestermercury.co.uk/news/local-news/leicestershire-family-stuck-kuwait-amid-10847276
1292362034,20260304,202603,2026,2026.1753,GOV,FOREIGN OFFICE,,,,,,GOV,,,GBR,BRITISH,GBR,,,,,,,,1,256,25,2,1,-0.3,4,1,4,-0.25906735751296,4,"Salalah, Z¸ufar, Oman",MU,MU08,23600,17.015,54.0924,-788664,1,Israel,IS,IS,,31.5,34.75,IS,4,"Salalah, Z¸ufar, Oman",MU,MU08,23600,17.015,54.0924,-788664,20260304154500,https://www.birminghammail.co.uk/travel/foreign-office-urges-british-nationals-33529869
1292362040,20260304,202603,2026,2026.1753,GOV,FOREIGN OFFICE,,,,,,GOV,,,GBRCVL,BRITISH,GBR,,,,,CVL,,,1,20,20,2,1,3.0,4,1,4,-2.91878172588832,5,"Leicestershire, Leicestershire, United Kingdom",UK,UKH5,40119,52.6649,-1.03489,-2600962,5,"Leicestershire, Leicestershire, United Kingdom",UK,UKH5,40119,52.6649,-1.03489,-2600962,4,"Ali Al Salem Air Base, Kuwait (general), Kuwait",KU,KU00,123556,29.35,47.5211,186617,20260304154500,https://www.leicestermercury.co.uk/news/local-news/leicestershire-family-stuck-kuwait-amid-10847276
1292362041,20260304,202603,2026,2026.1753,GOV,FOREIGN OFFICE,,,,,,GOV,,,GBRCVL,UNITED KINGDOM,GBR,,,,,CVL,,,1,20,20,2,1,3.0,2,1,2,-2.91878172588832,4,"Ali Al Salem Air Base, Kuwait (general), Kuwait",KU,KU00,123556,29.35,47.5211,186617,5,"Leicestershire, Leicestershire, United Kingdom",UK,UKH5,40119,52.6649,-1.03489,-2600962,4,"Ali Al Salem Air Base, Kuwait (general), Kuwait",KU,KU00,123556,29.35,47.5211,186617,20260304154500,https://www.leicestermercury.co.uk/news/local-news/leicestershire-family-stuck-kuwait-amid-10847276
1292362042,20260304,202603,2026,2026.1753,GOV,FOREIGN OFFICE,,,,,,GOV,,,GBRCVL,UNITED KINGDOM,GBR,,,,,CVL,,,1,256,25,2,1,-0.3,2,1,2,-0.25906735751296,4,"Salalah, Z¸ufar, Oman",MU,MU08,23600,17.015,54.0924,-788664,4,"Salalah, Z¸ufar, Oman",MU,MU08,23600,17.015,54.0924,-788664,4,"Salalah, Z¸ufar, Oman",MU,MU08,23600,17.015,54.0924,-788664,20260304154500,https://www.birminghammail.co.uk/travel/foreign-office-urges-british-nationals-33529869
1292362043,20260304,202603,2026,2026.1753,GOV,FOREIGN OFFICE,,,,,,GOV,,,GBRCVL,BRITISH,GBR,,,,,CVL,,,1,256,25,2,1,-0.3,4,1,4,-0.25906735751296,4,"Salalah, Z¸ufar, Oman",MU,MU08,23600,17.015,54.0924,-788664,1,Israel,IS,IS,,31.5,34.75,IS,4,"Salalah, Z¸ufar, Oman",MU,MU08,23600,17.015,54.0924,-788664,20260304154500,https://www.birminghammail.co.uk/travel/foreign-office-urges-british-nationals-33529869
1292362047,20260304,202603,2026,2026.1753,GOV,REGIME,,,,,,GOV,,,GOVMIL,SECRETARY OF DEFENSE,,,,,,GOV,MIL,,0,40,40,4,1,1.0,3,1,3,-5.78905630452022,1,Iran,IR,IR,,32.0,53.0,IR,1,Iran,IR,IR,,32.0,53.0,IR,1,Iran,IR,IR,,32.0,53.0,IR,20260304154500,https://www.aljazeera.com/news/2026/3/4/why-are-the-us-and-israel-framing-the-ongoing-conflict-as-a-religious-war
1292362052,20260304,202603,2026,2026.1753,GOV,PRESIDENT,,,,,,GOV,,,IRN,IRAN,IRN,,,,,,,,1,14,14,1,1,0.0,2,1,2,-7.01298701298701,1,Israel,IS,IS,,31.5,34.75,IS,4,"Tehran, Tehran, Iran",IR,IR26,41130,35.75,51.5148,10074674,1,Israel,IS,IS,,31.5,34.75,IS,20260304154500,https://indianexpress.com/article/world/iran-us-israel-war-day-5-updates-death-toll-ayatollah-ali-khamenei-us-submarine-iran-warship-10564578/
1292362053,20260304,202603,2026,2026.1753,GOV,PRESIDENT,,,,,,GOV,,,IRN,IRAN,IRN,,,,,,,,1,14,14,1,1,0.0,6,1,6,-7.01298701298701,1,Israel,IS,IS,,31.5,34.75,IS,1,Israel,IS,IS,,31.5,34.75,IS,1,Israel,IS,IS,,31.5,34.75,IS,20260304154500,https://indianexpress.com/article/world/iran-us-israel-war-day-5-updates-death-toll-ayatollah-ali-khamenei-us-submarine-iran-warship-10564578/
1292362054,20260304,202603,2026,2026.1753,GOV,PRESIDENT,,,,,,GOV,,,IRN,IRANIAN,IRN,,,,,,,,0,18,18,1,1,3.4,1,1,1,-10.6100795755968,4,"Minab, Sistan va Baluchestan, Iran",IR,IR04,41051,25.7893,61.1025,293743,4,"Minab, Sistan va Baluchestan, Iran",IR,IR04,41051,25.7893,61.1025,293743,4,"Minab, Sistan va Baluchestan, Iran",IR,IR04,41051,25.7893,61.1025,293743,20260304154500,https://www.presstv.ir/Detail/2026/03/04/764951/Another-girls-school-targeted-in-US-Israeli-attacks-on-Iran
1292362055,20260304,202603,2026,2026.1753,GOV,REGIME,,,,,,GOV,,,IRNGOVMIL,IRAN,IRN,,,,,GOV,MIL,,0,40,40,4,1,1.0,1,1,1,-5.78905630452022,1,Iran,IR,IR,,32.0,53.0,IR,1,Iran,IR,IR,,32.0,53.0,IR,1,Iran,IR,IR,,32.0,53.0,IR,20260304154500,https://www.aljazeera.com/news/2026/3/4/why-are-the-us-and-israel-framing-the-ongoing-conflict-as-a-religious-war
1292362056,20260304,202603,2026,2026.1753,GOV,PRESIDENT,,,,,,GOV,,,IRNMIL,IRANIAN,IRN,,,,,MIL,,,0,112,112,11,3,-2.0,3,1,3,-10.2380952380952,4,"Gulf Of Oman, Iran (general), Iran",IR,IR00,40979,25.4489,57.7939,-3077385,4,"Gulf Of Oman, Iran (general), Iran",IR,IR00,40979,25.4489,57.7939,-3077385,4,"Gulf Of Oman, Iran (general), Iran",IR,IR00,40979,25.4489,57.7939,-3077385,20260304154500,https://www.businessinsider.com/us-navy-submarine-sank-iranian-warship-2026-3
1292362057,20260304,202603,2026,2026.1753,GOV,PRESIDENT,,,,,,GOV,,,IRNMIL,IRANIAN,IRN,,,,,MIL,,,0,120,120,12,3,-4.0,3,1,3,-10.2380952380952,4,"Gulf Of Oman, Iran (general), Iran",IR,IR00,40979,25.4489,57.7939,-3077385,4,"Gulf Of Oman, Iran (general), Iran",IR,IR00,40979,25.4489,57.7939,-3077385,4,"Gulf Of Oman, Iran (general), Iran",IR,IR00,40979,25.4489,57.7939,-3077385,20260304154500,https://www.businessinsider.com/us-navy-submarine-sank-iranian-warship-2026-3
1292362058,20260304,202603,2026,2026.1753,GOV,PRESIDENT,,,,,,GOV,,,ISR,ISRAEL,ISR,,,,,,,,0,20,20,2,1,3.0,2,2,2,-4.386957181901,3,"Capitol Hill, District of Columbia, United States",US,USDC,DC001,38.889,-77.0003,529313,1,Israel,IS,IS,,31.5,34.75,IS,1,Israel,IS,IS,,31.5,34.75,IS,20260304154500,https://www.wkyufm.org/news/2026-03-04/the-u-s-sinks-irans-ships-and-slams-its-missile-launchers-as-the-war-enters-day-5
1292362059,20260304,202603,2026,2026.1753,GOV,AUTHORITIES,,,,,,GOV,,,ISR,ISRAELI,ISR,,,,,,,,0,112,112,11,3,-2.0,2,1,2,-7.86240786240786,4,"Tehran, Tehran, Iran",IR,IR26,41130,35.75,51.5148,10074674,4,"Tehran, Tehran, Iran",IR,IR26,41130,35.75,51.5148,10074674,4,"Tehran, Tehran, Iran",IR,IR26,41130,35.75,51.5148,10074674,20260304154500,https://www.aljazeera.com/news/2026/3/4/hegseth-says-more-us-forces-arriving-in-middle-east-as-iran-war-ramps-up
1292362064,20260304,202603,2026,2026.1753,GOV,FOREIGN OFFICE,,,,,,GOV,,,KWT,KUWAIT,KWT,,,,,,,,1,42,42,4,1,1.9,5,1,5,-2.91878172588832,5,"Leicestershire, Leicestershire, United Kingdom",UK,UKH5,40119,52.6649,-1.03489,-2600962,4,"Ali Al Salem Air Base, Kuwait (general), Kuwait",KU,KU00,123556,29.35,47.5211,186617,4,"Ali Al Salem Air Base, Kuwait (general), Kuwait",KU,KU00,123556,29.35,47.5211,186617,20260304154500,https://www.leicestermercury.co.uk/news/local-news/leicestershire-family-stuck-kuwait-amid-10847276
1292362065,20260304,202603,2026,2026.1753,GOV,FOREIGN OFFICE,,,,,,GOV,,,KWT,KUWAIT,KWT,,,,,,,,1,42,42,4,1,1.9,3,1,3,-2.91878172588832,4,"Ali Al Salem Air Base, Kuwait (general), Kuwait",KU,KU00,123556,29.35,47.5211,186617,4,"Ali Al Salem Air Base, Kuwait (general), Kuwait",KU,KU00,123556,29.35,47.5211,186617,4,"Ali Al Salem Air Base, Kuwait (general), Kuwait",KU,KU00,123556,29.35,47.5211,186617,20260304154500,https://www.leicestermercury.co.uk/news/local-news/leicestershire-family-stuck-kuwait-amid-10847276
1292362067,20260304,202603,2026,2026.1753,GOV,MINIST,,,,,,GOV,,,LBN,LEBANON,LBN,,,,,,,,1,14,14,1,1,0.0,8,1,8,-2.92134831460675,4,"Beirut, Beyrouth, Lebanon",LE,LE04,18808,33.8719,35.5097,-801546,4,"Beirut, Beyrouth, Lebanon",LE,LE04,18808,33.8719,35.5097,-801546,4,"Beirut, Beyrouth, Lebanon",LE,LE04,18808,33.8719,35.5097,-801546,20260304154500,https://www.castanetkamloops.net/news/Canada/601813/Canada-secures-limited-seats-on-commercial-flights-from-Lebanon-as-conflict-widens
1292362075,20260304,202603,2026,2026.1753,GOV,FOREIGN MINIST,,,,,,GOV,,,MED,TELEVISION,,,,,,MED,,,1,13,13,1,1,0.4,5,1,5,-3.77358490566037,4,"Tehran, Tehran, Iran",IR,IR26,41130,35.75,51.5148,10074674,4,"Tehran, Tehran, Iran",IR,IR26,41130,35.75,51.5148,10074674,4,"Tehran, Tehran, Iran",IR,IR26,41130,35.75,51.5148,10074674,20260304154500,https://www.jagonews24.com/en/international/news/90546
1292362093,20260304,202603,2026,2026.1753,GOV,AUTHORITIES,,,,,,GOV,,,USA,AMERICAN,USA,,,,,,,,0,112,112,11,3,-2.0,2,1,2,-7.86240786240786,4,"Tehran, Tehran, Iran",IR,IR26,41130,35.75,51.5148,10074674,4,"Tehran, Tehran, Iran",IR,IR26,41130,35.75,51.5148,10074674,4,"Tehran, Tehran, Iran",IR,IR26,41130,35.75,51.5148,10074674,20260304154500,https://www.aljazeera.com/news/2026/3/4/hegseth-says-more-us-forces-arriving-in-middle-east-as-iran-war-ramps-up
1292362101,20260304,202603,2026,2026.1753,GOVMIL,MINIST OF DEFENCE,,,,,,GOV,MIL,,,,,,,,,,,,0,194,194,19,4,-10.0,6,1,6,-0.55762081784386,4,"Kuala Lumpur, Kuala Lumpur, Malaysia",MY,MY14,18585,3.16667,101.7,-2403010,0,,,,,,,,1,Iran,IR,IR,,32.0,53.0,IR,20260304154500,https://www.thestar.com.my/news/nation/2026/03/04/no-malaysians-reported-affected-following-security-developments-in-uae-says-envoy
1292362102,20260304,202603,2026,2026.1753,GOVMIL,MINIST OF DEFENCE,,,,,,GOV,MIL,,,,,,,,,,,,0,194,194,19,4,-10.0,4,1,4,-0.55762081784386,1,Iran,IR,IR,,32.0,53.0,IR,0,,,,,,,,1,Iran,IR,IR,,32.0,53.0,IR,20260304154500,https://www.thestar.com.my/news/nation/2026/03/04/no-malaysians-reported-affected-following-security-developments-in-uae-says-envoy
1292362109,20260304,202603,2026,2026.1753,GOVMIL,DEFENCE SECRETARY,,,,,,GOV,MIL,,MED,MEDIA,,,,,,MED,,,1,40,40,4,1,1.0,2,1,2,-6.25,2,"Connecticut, United States",US,USCT,,41.5834,-72.7622,CT,1,Iran,IR,IR,,32.0,53.0,IR,1,Iran,IR,IR,,32.0,53.0,IR,20260304154500,https://newrepublic.com/post/207330/pete-hegseth-troops-dying-iran-donald-trump-look-bad
1292362110,20260304,202603,2026,2026.1753,GOVMIL,DEFENCE SECRETARY,,,,,,GOV,MIL,,MED,MEDIA,,,,,,MED,,,1,114,114,11,3,-2.0,8,1,8,-6.25,1,Iran,IR,IR,,32.0,53.0,IR,1,Iran,IR,IR,,32.0,53.0,IR,1,Iran,IR,IR,,32.0,53.0,IR,20260304154500,https://newrepublic.com/post/207330/pete-hegseth-troops-dying-iran-donald-trump-look-bad
1292362111,20260304,202603,2026,2026.1753,GOVMIL,DEFENSE SECRETARY,,,,,,GOV,MIL,,MIL,MILITARY,,,,,,MIL,,,0,10,10,1,1,0.0,6,1,6,-3.91404451266308,4,"Tehran, Tehran, Iran",IR,IR26,41130,35.75,51.5148,10074674,4,"Tehran, Tehran, Iran",IR,IR26,41130,35.75,51.5148,10074674,4,"Tehran, Tehran, Iran",IR,IR26,41130,35.75,51.5148,10074674,20260304154500,https://www.foxla.com/news/iran-war-continues-march-4-2026
1292362119,20260304,202603,2026,2026.1753,GRC,GREEK,GRC,,,,,,,,,,,,,,,,,,1,25,25,2,1,-0.3,10,1,10,-5.79710144927536,4,"Mykonos, Perifereia Notiou Aigaiou, Greece",GR,GR61,16709,37.45,25.3333,-823958,0,,,,,,,,4,"Mykonos, Perifereia Notiou Aigaiou, Greece",GR,GR61,16709,37.45,25.3333,-823958,20260304154500,https://www.aol.co.uk/articles/harry-maguire-handed-15-month-151726112.html
1292362120,20260304,202603,2026,2026.1753,GRC,GREEK,GRC,,,,,,,,,,,,,,,,,,1,80,80,8,2,5.0,10,1,10,-5.79710144927536,4,"Mykonos, Perifereia Notiou Aigaiou, Greece",GR,GR61,16709,37.45,25.3333,-823958,0,,,,,,,,4,"Mykonos, Perifereia Notiou Aigaiou, Greece",GR,GR61,16709,37.45,25.3333,-823958,20260304154500,https://www.aol.co.uk/articles/harry-maguire-handed-15-month-151726112.html
1292362121,20260304,202603,2026,2026.1753,GRC,GREEK,GRC,,,,,,,,,,,,,,,,,,1,81,81,8,2,5.0,20,1,10,-5.79710144927536,4,"Mykonos, Perifereia Notiou Aigaiou, Greece",GR,GR61,16709,37.45,25.3333,-823958,0,,,,,,,,4,"Mykonos, Perifereia Notiou Aigaiou, Greece",GR,GR61,16709,37.45,25.3333,-823958,20260304154500,https://www.aol.co.uk/articles/harry-maguire-handed-15-month-151726112.html
1292362122,20260304,202603,2026,2026.1753,GRC,GREEK,GRC,,,,,,,,,,,,,,,,,,1,112,112,11,3,-2.0,10,1,10,-8.91472868217057,1,Turkey,TU,TU,,39.059012,34.911546,TU,0,,,,,,,,1,Turkey,TU,TU,,39.059012,34.911546,TU,20260304154500,https://cpt.org/2026/03/04/the-architecture-of-crimmigration-and-the-chios-tragedy
1292362123,20260304,202603,2026,2026.1753,GRC,GREECE,GRC,,,,,,,,CYP,CYPRIOT,CYP,,,,,,,,0,120,120,12,3,-4.0,8,1,8,-8.28924162257495,4,"Akrotiri, Perifereia Notiou Aigaiou, Greece",GR,GR61,16709,36.3584,25.3959,-813565,1,Cyprus,CY,CY,,35.0,33.0,CY,1,Cyprus,CY,CY,,35.0,33.0,CY,20260304154500,https://pmnewsnigeria.com/2026/03/04/iran-tried-to-kill-president-trump-as-u-s-vows-to-deliver-death-and-destruction-from-the-sky/
1292362124,20260304,202603,2026,2026.1753,GRC,GREECE,GRC,,,,,,,,CYP,CYPRIOT,CYP,,,,,,,,0,120,120,12,3,-4.0,2,1,2,-8.28924162257495,4,"Tehran, Tehran, Iran",IR,IR26,41130,35.75,51.5148,10074674,4,"Akrotiri, Perifereia Notiou Aigaiou, Greece",GR,GR61,16709,36.3584,25.3959,-813565,4,"Akrotiri, Perifereia Notiou Aigaiou, Greece",GR,GR61,16709,36.3584,25.3959,-813565,20260304154500,https://pmnewsnigeria.com/2026/03/04/iran-tried-to-kill-president-trump-as-u-s-vows-to-deliver-death-and-destruction-from-the-sky/
1292362125,20260304,202603,2026,2026.1753,GRC,GREECE,GRC,,,,,,,,EGY,EGYPTIAN,EGY,,,,,,,,1,10,10,1,1,0.0,3,1,3,-5.67226890756306,1,Egypt,EG,EG,,27.0,30.0,EG,1,Egypt,EG,EG,,27.0,30.0,EG,1,Egypt,EG,EG,,27.0,30.0,EG,20260304154500,https://balkaninsight.com/2026/03/04/greek-final-court-decision-rules-that-golden-dawn-is-a-criminal-organisation/
1292362126,20260304,202603,2026,2026.1753,GRC,GREECE,GRC,,,,,,,,EGY,EGYPTIAN,EGY,,,,,,,,1,190,190,19,4,-10.0,2,1,2,-5.67226890756306,1,Egypt,EG,EG,,27.0,30.0,EG,1,Egypt,EG,EG,,27.0,30.0,EG,1,Egypt,EG,EG,,27.0,30.0,EG,20260304154500,https://balkaninsight.com/2026/03/04/greek-final-court-decision-rules-that-golden-dawn-is-a-criminal-organisation/
1292362149,20260304,202603,2026,2026.1753,IGOEUREEC,THE EUROPEAN UNION,EUR,EEC,,,,IGO,,,,,,,,,,,,,1,10,10,1,1,0.0,10,1,10,-5.63380281690141,1,Iran,IR,IR,,32.0,53.0,IR,0,,,,,,,,1,Iran,IR,IR,,32.0,53.0,IR,20260304154500,https://www.channelnewsasia.com/watch/eu-gas-supply-coordination-group-meeting-discuss-energy-impact-5970891
1292362150,20260304,202603,2026,2026.1753,IGOEUREEC,THE EUROPEAN UNION,EUR,EEC,,,,IGO,,,,,,,,,,,,,1,40,40,4,1,1.0,10,1,10,-5.63380281690141,1,Iran,IR,IR,,32.0,53.0,IR,0,,,,,,,,1,Iran,IR,IR,,32.0,53.0,IR,20260304154500,https://www.channelnewsasia.com/watch/eu-gas-supply-coordination-group-meeting-discuss-energy-impact-5970891
1292362153,20260304,202603,2026,2026.1753,IGOUNO,UNITED NATIONS,,UNO,,,,IGO,,,CVL,CIVILIAN,,,,,,CVL,,,1,80,80,8,2,5.0,10,1,10,-7.86240786240786,4,"Tehran, Tehran, Iran",IR,IR26,41130,35.75,51.5148,10074674,4,"Tehran, Tehran, Iran",IR,IR26,41130,35.75,51.5148,10074674,4,"Tehran, Tehran, Iran",IR,IR26,41130,35.75,51.5148,10074674,20260304154500,https://www.aljazeera.com/news/2026/3/4/hegseth-says-more-us-forces-arriving-in-middle-east-as-iran-war-ramps-up
1292362156,20260304,202603,2026,2026.1753,IGOUNO,UNITED NATIONS,,UNO,,,,IGO,,,IRN,IRAN,IRN,,,,,,,,0,10,10,1,1,0.0,2,1,2,-5.84878744650499,1,Israel,IS,IS,,31.5,34.75,IS,4,"Tehran, Tehran, Iran",IR,IR26,41130,35.75,51.5148,10074674,4,"Tehran, Tehran, Iran",IR,IR26,41130,35.75,51.5148,10074674,20260304154500,https://www.islamicinvitationturkey.com/tehran-criticizes-eu-over-nazi-mindsets-condemns-german-support-for-israeli-us-aggression/
1292362175,20260304,202603,2026,2026.1753,IRN,IRAN,IRN,,,,,,,,,,,,,,,,,,1,10,10,1,1,0.0,2,1,2,-7.4468085106383,4,"Shuaiba Port, Kuwait (general), Kuwait",KU,KU00,25307,29.0447,48.1592,-789889,0,,,,,,,,4,"Shuaiba Port, Kuwait (general), Kuwait",KU,KU00,25307,29.0447,48.1592,-789889,20260304154500,https://www.yahoo.com/news/articles/watch-live-pete-hegseth-offers-123734886.html
1292362176,20260304,202603,2026,2026.1753,IRN,IRAN,IRN,,,,,,,,,,,,,,,,,,1,10,10,1,1,0.0,2,1,2,-7.4468085106383,1,Iran,IR,IR,,32.0,53.0,IR,0,,,,,,,,4,"Shuaiba Port, Kuwait (general), Kuwait",KU,KU00,25307,29.0447,48.1592,-789889,20260304154500,https://www.yahoo.com/news/articles/watch-live-pete-hegseth-offers-123734886.html
1292362180,20260304,202603,2026,2026.1753,IRN,IRAN,IRN,,,,,,,,,,,,,,,,,,1,145,145,14,3,-7.5,5,1,5,-3.70370370370371,1,Iran,IR,IR,,32.0,53.0,IR,0,,,,,,,,1,Iran,IR,IR,,32.0,53.0,IR,20260304154500,https://www.independent.co.uk/news/science/archaeology/iran-swords-philadelphia-bronze-age-b2931723.html
1292362181,20260304,202603,2026,2026.1753,IRN,TEHRAN,IRN,,,,,,,,,,,,,,,,,,0,194,194,19,4,-10.0,1,1,1,-7.86240786240786,1,Israel,IS,IS,,31.5,34.75,IS,0,,,,,,,,4,"Tehran, Tehran, Iran",IR,IR26,41130,35.75,51.5148,10074674,20260304154500,https://www.aljazeera.com/news/2026/3/4/hegseth-says-more-us-forces-arriving-in-middle-east-as-iran-war-ramps-up
1292362182,20260304,202603,2026,2026.1753,IRN,IRAN,IRN,,,,,,,,AZE,AZERBAIJAN,AZE,,,,,,,,0,192,192,19,4,-9.5,6,1,6,-1.64609053497943,4,"Tehran, Tehran, Iran",IR,IR26,41130,35.75,51.5148,10074674,4,"Astara, Astara, Azerbaijan",AJ,AJ08,534,38.456,48.875,-2705081,4,"Tehran, Tehran, Iran",IR,IR26,41130,35.75,51.5148,10074674,20260304154500,https://timesca.com/turkmenistan-opens-additional-crossings-as-uzbekistan-evacuates-citizens-from-iran/
1292362183,20260304,202603,2026,2026.1753,IRN,IRAN,IRN,,,,,,,,AZE,AZERBAIJAN,AZE,,,,,,,,0,192,192,19,4,-9.5,4,1,4,-1.64609053497943,4,"Tehran, Tehran, Iran",IR,IR26,41130,35.75,51.5148,10074674,4,"Tehran, Tehran, Iran",IR,IR26,41130,35.75,51.5148,10074674,4,"Tehran, Tehran, Iran",IR,IR26,41130,35.75,51.5148,10074674,20260304154500,https://timesca.com/turkmenistan-opens-additional-crossings-as-uzbekistan-evacuates-citizens-from-iran/
1292362185,20260304,202603,2026,2026.1753,IRN,IRAN,IRN,,,,,,,,CAN,CANADIAN,CAN,,,,,,,,0,43,43,4,1,2.8,2,1,2,-2.92134831460675,4,"Ottawa, Ontario, Canada",CA,CA08,12755,45.4167,-75.7,-570760,1,Egypt,EG,EG,,27.0,30.0,EG,1,Egypt,EG,EG,,27.0,30.0,EG,20260304154500,https://www.castanetkamloops.net/news/Canada/601813/Canada-secures-limited-seats-on-commercial-flights-from-Lebanon-as-conflict-widens
1292362187,20260304,202603,2026,2026.1753,IRN,IRANIAN,IRN,,,,,,,,CHN,CHINA,CHN,,,,,,,,0,61,61,6,2,6.4,2,1,2,-4.10094637223975,4,"Tehran, Tehran, Iran",IR,IR26,41130,35.75,51.5148,10074674,4,"Tehran, Tehran, Iran",IR,IR26,41130,35.75,51.5148,10074674,4,"Tehran, Tehran, Iran",IR,IR26,41130,35.75,51.5148,10074674,20260304154500,https://www.yahoo.com/news/articles/pakistan-then-iran-chinese-air-130000354.html
1292362189,20260304,202603,2026,2026.1753,IRN,IRANIAN,IRN,,,,,,,,CVL,CIVILIAN,,,,,,CVL,,,1,62,62,6,2,7.4,12,4,12,-2.91970802919708,4,"Tehran, Tehran, Iran",IR,IR26,41130,35.75,51.5148,10074674,4,"Tehran, Tehran, Iran",IR,IR26,41130,35.75,51.5148,10074674,4,"Tehran, Tehran, Iran",IR,IR26,41130,35.75,51.5148,10074674,20260304154500,https://www.sun-sentinel.com/2026/03/04/hegseth-iran-air-attacks/
1292362190,20260304,202603,2026,2026.1753,IRN,IRANIAN,IRN,,,,,,,,CVL,CIVILIAN,,,,,,CVL,,,1,174,174,17,4,-5.0,1,1,1,-1.27795527156549,4,"Milan, Lombardia, Italy",IT,IT09,18363,45.4667,9.2,-121726,1,Iran,IR,IR,,32.0,53.0,IR,1,Iran,IR,IR,,32.0,53.0,IR,20260304154500,https://www.independent.ie/world-news/middle-east/us-sinks-iranian-warship-killing-at-least-80-israel-begins-strikes-in-southern-lebanon-as-civilians-are-ordered-to-evacuate/a627608921.html
1292362192,20260304,202603,2026,2026.1753,IRN,IRAN,IRN,,,,,,,,EDU,SCHOOL,,,,,,EDU,,,0,14,14,1,1,0.0,2,1,2,-10.6100795755968,4,"Minab, Sistan va Baluchestan, Iran",IR,IR04,41051,25.7893,61.1025,293743,4,"Minab, Sistan va Baluchestan, Iran",IR,IR04,41051,25.7893,61.1025,293743,4,"Minab, Sistan va Baluchestan, Iran",IR,IR04,41051,25.7893,61.1025,293743,20260304154500,https://www.presstv.ir/Detail/2026/03/04/764951/Another-girls-school-targeted-in-US-Israeli-attacks-on-Iran
1292362193,20260304,202603,2026,2026.1753,IRN,IRANIAN,IRN,,,,,,,,EDU,SCHOOL,,,,,,EDU,,,0,42,42,4,1,1.9,4,2,4,-4.386957181901,1,Israel,IS,IS,,31.5,34.75,IS,4,"Tehran, Tehran, Iran",IR,IR26,41130,35.75,51.5148,10074674,1,Israel,IS,IS,,31.5,34.75,IS,20260304154500,https://www.wkyufm.org/news/2026-03-04/the-u-s-sinks-irans-ships-and-slams-its-missile-launchers-as-the-war-enters-day-5
1292362194,20260304,202603,2026,2026.1753,IRN,IRAN,IRN,,,,,,,,ELI,ACTOR,,,,,,ELI,,,0,20,20,2,1,3.0,8,1,8,-2.05973223480948,1,Iran,IR,IR,,32.0,53.0,IR,1,Iran,IR,IR,,32.0,53.0,IR,1,Iran,IR,IR,,32.0,53.0,IR,20260304154500,https://talkingpointsmemo.com/news/iran-blood-moon-purim-end-times-trump
1292362195,20260304,202603,2026,2026.1753,IRN,IRAN,IRN,,,,,,,,ELI,ACTOR,,,,,,ELI,,,0,20,20,2,1,3.0,2,1,2,-2.05973223480948,1,Israel,IS,IS,,31.5,34.75,IS,1,Iran,IR,IR,,32.0,53.0,IR,1,Israel,IS,IS,,31.5,34.75,IS,20260304154500,https://talkingpointsmemo.com/news/iran-blood-moon-purim-end-times-trump
1292362196,20260304,202603,2026,2026.1753,IRN,IRAN,IRN,,,,,,,,ELI,ACTOR,,,,,,ELI,,,1,111,111,11,3,-2.0,6,1,6,-8.02292263610315,4,"Tehran, Tehran, Iran",IR,IR26,41130,35.75,51.5148,10074674,4,"Tehran, Tehran, Iran",IR,IR26,41130,35.75,51.5148,10074674,4,"Tehran, Tehran, Iran",IR,IR26,41130,35.75,51.5148,10074674,20260304154500,https://news.webindia123.com/news/Articles/Entertainment/20260304/4423460.html
1292362197,20260304,202603,2026,2026.1753,IRN,IRANIAN,IRN,,,,,,,,ESP,SPAIN,ESP,,,,,,,,1,190,190,19,4,-10.0,2,1,2,-6.63176265270506,4,"Gaza, Israel (general), Israel",IS,IS00,18315,31.4167,34.3333,-797156,4,"Gaza, Israel (general), Israel",IS,IS00,18315,31.4167,34.3333,-797156,4,"Gaza, Israel (general), Israel",IS,IS00,18315,31.4167,34.3333,-797156,20260304154500,https://www.upi.com/Top_News/World-News/2026/03/04/Spain-Canada-set-out-Iran-war-stances/2511772628375/
1292362198,20260304,202603,2026,2026.1753,IRN,IRAN,IRN,,,,,,,,GOV,FOREIGN MINIST,,,,,,GOV,,,0,14,14,1,1,0.0,4,1,4,-10.6100795755968,4,"Minab, Sistan va Baluchestan, Iran",IR,IR04,41051,25.7893,61.1025,293743,4,"Minab, Sistan va Baluchestan, Iran",IR,IR04,41051,25.7893,61.1025,293743,4,"Minab, Sistan va Baluchestan, Iran",IR,IR04,41051,25.7893,61.1025,293743,20260304154500,https://www.presstv.ir/Detail/2026/03/04/764951/Another-girls-school-targeted-in-US-Israeli-attacks-on-Iran
1292362200,20260304,202603,2026,2026.1753,IRN,IRAN,IRN,,,,,,,,GOV,PRESIDENT,,,,,,GOV,,,1,51,51,5,1,3.4,2,1,2,-3.36134453781513,1,Israel,IS,IS,,31.5,34.75,IS,1,Israel,IS,IS,,31.5,34.75,IS,1,Israel,IS,IS,,31.5,34.75,IS,20260304154500,https://www.foxnews.com/media/sen-kennedy-praises-trumps-resolve-iran-says-world-safer-today-because-what-hes-done
1292362201,20260304,202603,2026,2026.1753,IRN,IRAN,IRN,,,,,,,,GOV,PRESIDENT,,,,,,GOV,,,1,185,185,18,4,-8.0,2,1,2,-8.28924162257495,4,"Tehran, Tehran, Iran",IR,IR26,41130,35.75,51.5148,10074674,3,"Washington, District of Columbia, United States",US,USDC,DC001,38.8951,-77.0364,531871,4,"Tehran, Tehran, Iran",IR,IR26,41130,35.75,51.5148,10074674,20260304154500,https://pmnewsnigeria.com/2026/03/04/iran-tried-to-kill-president-trump-as-u-s-vows-to-deliver-death-and-destruction-from-the-sky/
1292362202,20260304,202603,2026,2026.1753,IRN,IRAN,IRN,,,,,,,,GOV,RULER,,,,,,GOV,,,1,186,186,18,4,-10.0,1,1,1,-7.01298701298701,4,"Tehran, Tehran, Iran",IR,IR26,41130,35.75,51.5148,10074674,1,Israel,IS,IS,,31.5,34.75,IS,4,"Tehran, Tehran, Iran",IR,IR26,41130,35.75,51.5148,10074674,20260304154500,https://indianexpress.com/article/world/iran-us-israel-war-day-5-updates-death-toll-ayatollah-ali-khamenei-us-submarine-iran-warship-10564578/
1292362203,20260304,202603,2026,2026.1753,IRN,IRAN,IRN,,,,,,,,GOV,RULER,,,,,,GOV,,,1,186,186,18,4,-10.0,1,1,1,-7.01298701298701,4,"Tehran, Tehran, Iran",IR,IR26,41130,35.75,51.5148,10074674,1,Israel,IS,IS,,31.5,34.75,IS,1,Israel,IS,IS,,31.5,34.75,IS,20260304154500,https://indianexpress.com/article/world/iran-us-israel-war-day-5-updates-death-toll-ayatollah-ali-khamenei-us-submarine-iran-warship-10564578/
1292362204,20260304,202603,2026,2026.1753,IRN,IRAN,IRN,,,,,,,,GOVMIL,SECRETARY OF DEFENSE,,,,,,GOV,MIL,,0,40,40,4,1,1.0,1,1,1,-5.78905630452022,1,Iran,IR,IR,,32.0,53.0,IR,1,Iran,IR,IR,,32.0,53.0,IR,1,Iran,IR,IR,,32.0,53.0,IR,20260304154500,https://www.aljazeera.com/news/2026/3/4/why-are-the-us-and-israel-framing-the-ongoing-conflict-as-a-religious-war
1292362207,20260304,202603,2026,2026.1753,IRN,IRAN,IRN,,,,,,,,IRNGOV,IRAN,IRN,,,,,GOV,,,1,40,40,4,1,1.0,2,1,2,-5.84878744650499,1,Israel,IS,IS,,31.5,34.75,IS,1,Israel,IS,IS,,31.5,34.75,IS,1,Israel,IS,IS,,31.5,34.75,IS,20260304154500,https://www.islamicinvitationturkey.com/tehran-criticizes-eu-over-nazi-mindsets-condemns-german-support-for-israeli-us-aggression/
1292362208,20260304,202603,2026,2026.1753,IRN,IRAN,IRN,,,,,,,,IRNGOV,IRAN,IRN,,,,,GOV,,,1,51,51,5,1,3.4,2,1,2,-3.36134453781513,1,Israel,IS,IS,,31.5,34.75,IS,1,Israel,IS,IS,,31.5,34.75,IS,1,Israel,IS,IS,,31.5,34.75,IS,20260304154500,https://www.foxnews.com/media/sen-kennedy-praises-trumps-resolve-iran-says-world-safer-today-because-what-hes-done
1292362209,20260304,202603,2026,2026.1753,IRN,IRANIAN,IRN,,,,,,,,IRNMIL,IRAN,IRN,,,,,MIL,,,1,190,190,19,4,-10.0,8,1,8,-6.36942675159235,1,Iran,IR,IR,,32.0,53.0,IR,1,Iran,IR,IR,,32.0,53.0,IR,1,Iran,IR,IR,,32.0,53.0,IR,20260304154500,https://english.news.cn/northamerica/20260304/edbc99a8e4804735a1e7973d2b9a971c/c.html
1292362210,20260304,202603,2026,2026.1753,IRN,IRAN,IRN,,,,,,,,IRNPTY,IRAN,IRN,,,,,,,,1,40,40,4,1,1.0,2,1,2,-4.96644295302014,1,Iran,IR,IR,,32.0,53.0,IR,1,Iran,IR,IR,,32.0,53.0,IR,1,Iran,IR,IR,,32.0,53.0,IR,20260304154500,https://www.thelocal.se/20260304/politics-in-sweden-sweden-needs-to-get-off-the-fence-on-iran-but-how
1292362211,20260304,202603,2026,2026.1753,IRN,KURDISTAN,IRN,,,,,,,,IRNPTY,IRANIAN,IRN,,,,,,,,0,130,130,13,3,-4.4,4,1,4,-5.08474576271186,4,"Kurdistan, Khuzestan, Iran",IR,IR15,41008,30.6693,50.2055,-3072067,4,"Kurdistan, Khuzestan, Iran",IR,IR15,41008,30.6693,50.2055,-3072067,4,"Koysinjaq, Liwa' Irbil, Iraq",IZ,IZ11,123561,36.0845,44.6286,-3107702,20260304154500,https://www.presstv.ir/Detail/2026/03/04/764953/IRGC-pounds-bases-of-anti-Iran-separatist-groups-in-Iraqi-Kurdistan
1292362212,20260304,202603,2026,2026.1753,IRN,IRAN,IRN,,,,,,,,IRNREL,IRAN,IRN,,,,,,,,0,190,190,19,4,-10.0,1,1,1,-1.31061598951508,2,"New York, United States",US,USNY,,42.1497,-74.9384,NY,2,"New York, United States",US,USNY,,42.1497,-74.9384,NY,1,Israel,IS,IS,,31.5,34.75,IS,20260304154500,https://news.webindia123.com/news/Articles/World/20260304/4423451.html
1292362213,20260304,202603,2026,2026.1753,IRN,IRAN,IRN,,,,,,,,ISR,ISRAEL,ISR,,,,,,,,1,12,12,1,1,-0.4,1,1,1,-7.01298701298701,4,"Tehran, Tehran, Iran",IR,IR26,41130,35.75,51.5148,10074674,1,Israel,IS,IS,,31.5,34.75,IS,4,"Tehran, Tehran, Iran",IR,IR26,41130,35.75,51.5148,10074674,20260304154500,https://indianexpress.com/article/world/iran-us-israel-war-day-5-updates-death-toll-ayatollah-ali-khamenei-us-submarine-iran-warship-10564578/
1292362214,20260304,202603,2026,2026.1753,IRN,IRAN,IRN,,,,,,,,ISR,ISRAEL,ISR,,,,,,,,1,111,111,11,3,-2.0,5,1,5,-5.78905630452022,1,Iran,IR,IR,,32.0,53.0,IR,4,"Gaza, Israel (general), Israel",IS,IS00,18315,31.4167,34.3333,-797156,1,Iran,IR,IR,,32.0,53.0,IR,20260304154500,https://www.aljazeera.com/news/2026/3/4/why-are-the-us-and-israel-framing-the-ongoing-conflict-as-a-religious-war
1292362215,20260304,202603,2026,2026.1753,IRN,IRAN,IRN,,,,,,,,ISRMIL,ISRAEL,ISR,,,,,MIL,,,0,1384,138,13,3,-7.0,8,1,8,-5.84878744650499,4,"Tehran, Tehran, Iran",IR,IR26,41130,35.75,51.5148,10074674,1,Israel,IS,IS,,31.5,34.75,IS,1,Israel,IS,IS,,31.5,34.75,IS,20260304154500,https://www.islamicinvitationturkey.com/tehran-criticizes-eu-over-nazi-mindsets-condemns-german-support-for-israeli-us-aggression/
1292362216,20260304,202603,2026,2026.1753,IRN,IRAN,IRN,,,,,,,,ISRMIL,ISRAEL,ISR,,,,,MIL,,,0,1384,138,13,3,-7.0,2,1,2,-5.84878744650499,1,Israel,IS,IS,,31.5,34.75,IS,1,Israel,IS,IS,,31.5,34.75,IS,1,Israel,IS,IS,,31.5,34.75,IS,20260304154500,https://www.islamicinvitationturkey.com/tehran-criticizes-eu-over-nazi-mindsets-condemns-german-support-for-israeli-us-aggression/
1292362218,20260304,202603,2026,2026.1753,IRN,IRAN,IRN,,,,,,,,ITA,MILAN,ITA,,,,,,,,0,62,62,6,2,7.4,28,1,28,-4.92350222760089,1,Iran,IR,IR,,32.0,53.0,IR,1,Iran,IR,IR,,32.0,53.0,IR,1,Iran,IR,IR,,32.0,53.0,IR,20260304154500,https://newsradio1290wtks.iheart.com/content/2026-03-04-us-submarine-sinks-iranian-warship-in-the-indian-ocean/
1292362219,20260304,202603,2026,2026.1753,IRN,IRAN,IRN,,,,,,,,JEW,JEWISH,,,,JEW,,,,,1,51,51,5,1,3.4,10,1,10,-2.05973223480948,1,Iran,IR,IR,,32.0,53.0,IR,1,Iran,IR,IR,,32.0,53.0,IR,1,Iran,IR,IR,,32.0,53.0,IR,20260304154500,https://talkingpointsmemo.com/news/iran-blood-moon-purim-end-times-trump
1292362220,20260304,202603,2026,2026.1753,IRN,IRAN,IRN,,,,,,,,JUD,ADVOCATE,,,,,,JUD,,,0,18,18,1,1,3.4,4,1,4,-10.0,4,"Minab, Sistan va Baluchestan, Iran",IR,IR04,41051,25.7893,61.1025,293743,4,"Minab, Sistan va Baluchestan, Iran",IR,IR04,41051,25.7893,61.1025,293743,4,"Minab, Sistan va Baluchestan, Iran",IR,IR04,41051,25.7893,61.1025,293743,20260304154500,https://www.islamicinvitationturkey.com/us-israeli-strikes-target-another-girls-school-in-iran/
1292362221,20260304,202603,2026,2026.1753,IRN,IRAN,IRN,,,,,,,,JUD,ADVOCATE,,,,,,JUD,,,0,841,84,8,2,7.0,4,1,4,-10.0,4,"Minab, Sistan va Baluchestan, Iran",IR,IR04,41051,25.7893,61.1025,293743,4,"Minab, Sistan va Baluchestan, Iran",IR,IR04,41051,25.7893,61.1025,293743,4,"Minab, Sistan va Baluchestan, Iran",IR,IR04,41051,25.7893,61.1025,293743,20260304154500,https://www.islamicinvitationturkey.com/us-israeli-strikes-target-another-girls-school-in-iran/
1292362222,20260304,202603,2026,2026.1753,IRN,IRAN,IRN,,,,,,,,KWT,KUWAIT,KWT,,,,,,,,1,43,43,4,1,2.8,2,1,2,-2.91878172588832,1,Iran,IR,IR,,32.0,53.0,IR,4,"Ali Al Salem Air Base, Kuwait (general), Kuwait",KU,KU00,123556,29.35,47.5211,186617,1,Iran,IR,IR,,32.0,53.0,IR,20260304154500,https://www.leicestermercury.co.uk/news/local-news/leicestershire-family-stuck-kuwait-amid-10847276
1292362224,20260304,202603,2026,2026.1753,IRN,IRAN,IRN,,,,,,,,LKA,SRI LANKA,LKA,,,,,,,,1,20,20,2,1,3.0,14,1,14,-4.92350222760089,1,Iran,IR,IR,,32.0,53.0,IR,1,Iran,IR,IR,,32.0,53.0,IR,1,Iran,IR,IR,,32.0,53.0,IR,20260304154500,https://newsradio1290wtks.iheart.com/content/2026-03-04-us-submarine-sinks-iranian-warship-in-the-indian-ocean/
1292362226,20260304,202603,2026,2026.1753,IRN,IRAN,IRN,,,,,,,,MOS,ISLAMIC,,,,MOS,,,,,1,190,190,19,4,-10.0,6,1,6,-6.19460081264005,4,"Tehran, Tehran, Iran",IR,IR26,41130,35.75,51.5148,10074674,4,"Tehran, Tehran, Iran",IR,IR26,41130,35.75,51.5148,10074674,4,"Tehran, Tehran, Iran",IR,IR26,41130,35.75,51.5148,10074674,20260304154500,https://www.islamicinvitationturkey.com/tehran-criticizes-eu-over-nazi-mindsets-condemns-german-support-for-israeli-us-aggression/
1292362227,20260304,202603,2026,2026.1753,IRN,IRAN,IRN,,,,,,,,MOSSHIREL,SHIA,,,,MOS,SHI,,,,0,130,130,13,3,-4.4,16,2,16,-4.386957181901,4,"Tehran, Tehran, Iran",IR,IR26,41130,35.75,51.5148,10074674,1,Israel,IS,IS,,31.5,34.75,IS,1,Israel,IS,IS,,31.5,34.75,IS,20260304154500,https://www.wkyufm.org/news/2026-03-04/the-u-s-sinks-irans-ships-and-slams-its-missile-launchers-as-the-war-enters-day-5
1292362228,20260304,202603,2026,2026.1753,IRN,IRAN,IRN,,,,,,,,MOSSHIREL,SHIA,,,,MOS,SHI,,,,0,130,130,13,3,-4.4,4,2,4,-4.386957181901,1,Israel,IS,IS,,31.5,34.75,IS,1,Israel,IS,IS,,31.5,34.75,IS,1,Israel,IS,IS,,31.5,34.75,IS,20260304154500,https://www.wkyufm.org/news/2026-03-04/the-u-s-sinks-irans-ships-and-slams-its-missile-launchers-as-the-war-enters-day-5
1292362229,20260304,202603,2026,2026.1753,IRN,IRAN,IRN,,,,,,,,QATMED,AL JAZEERA,QAT,,,,,MED,,,1,42,42,4,1,1.9,1,1,1,-2.91878172588832,1,Iran,IR,IR,,32.0,53.0,IR,1,Iran,IR,IR,,32.0,53.0,IR,1,Iran,IR,IR,,32.0,53.0,IR,20260304154500,https://www.leicestermercury.co.uk/news/local-news/leicestershire-family-stuck-kuwait-amid-10847276
1292362230,20260304,202603,2026,2026.1753,IRN,IRAN,IRN,,,,,,,,ROUPTY,ROMINA,,,,,,,,,1,40,40,4,1,1.0,2,1,2,-4.96644295302014,1,Iran,IR,IR,,32.0,53.0,IR,1,Iran,IR,IR,,32.0,53.0,IR,1,Iran,IR,IR,,32.0,53.0,IR,20260304154500,https://www.thelocal.se/20260304/politics-in-sweden-sweden-needs-to-get-off-the-fence-on-iran-but-how
1292362232,20260304,202603,2026,2026.1753,IRN,IRAN,IRN,,,,,,,,RUS,RUSSIA,RUS,,,,,,,,0,61,61,6,2,6.4,2,1,2,-1.52284263959391,4,"Bandar Abbas, Hormozgan, Iran",IR,IR11,40896,27.1865,56.2808,-3055107,4,"Bandar Abbas, Hormozgan, Iran",IR,IR11,40896,27.1865,56.2808,-3055107,4,"Bandar Abbas, Hormozgan, Iran",IR,IR11,40896,27.1865,56.2808,-3055107,20260304154500,https://timesca.com/middle-east-conflict-tests-central-asias-trade-routes-and-energy-security/
1292362234,20260304,202603,2026,2026.1753,IRN,IRAN,IRN,,,,,,,,UAF,COMBATANT,,,,,,UAF,,,1,15,15,1,1,0.0,4,1,4,-5.08474576271186,4,"Kurdistan, Khuzestan, Iran",IR,IR15,41008,30.6693,50.2055,-3072067,4,"Kurdistan, Khuzestan, Iran",IR,IR15,41008,30.6693,50.2055,-3072067,4,"Kurdistan, Khuzestan, Iran",IR,IR15,41008,30.6693,50.2055,-3072067,20260304154500,https://www.presstv.ir/Detail/2026/03/04/764953/IRGC-pounds-bases-of-anti-Iran-separatist-groups-in-Iraqi-Kurdistan
1292362235,20260304,202603,2026,2026.1753,IRN,IRANIAN,IRN,,,,,,,,UAF,TERRORIST,,,,,,UAF,,,0,43,43,4,1,2.8,6,1,6,-5.08474576271186,4,"Kurdistan, Khuzestan, Iran",IR,IR15,41008,30.6693,50.2055,-3072067,4,"Kurdistan, Khuzestan, Iran",IR,IR15,41008,30.6693,50.2055,-3072067,4,"Kurdistan, Khuzestan, Iran",IR,IR15,41008,30.6693,50.2055,-3072067,20260304154500,https://www.presstv.ir/Detail/2026/03/04/764953/IRGC-pounds-bases-of-anti-Iran-separatist-groups-in-Iraqi-Kurdistan
1292362236,20260304,202603,2026,2026.1753,IRN,IRANIAN,IRN,,,,,,,,UAF,TERRORIST,,,,,,UAF,,,0,43,43,4,1,2.8,4,1,4,-5.08474576271186,4,"Kurdistan, Khuzestan, Iran",IR,IR15,41008,30.6693,50.2055,-3072067,4,"Koysinjaq, Liwa' Irbil, Iraq",IZ,IZ11,123561,36.0845,44.6286,-3107702,4,"Kurdistan, Khuzestan, Iran",IR,IR15,41008,30.6693,50.2055,-3072067,20260304154500,https://www.presstv.ir/Detail/2026/03/04/764953/IRGC-pounds-bases-of-anti-Iran-separatist-groups-in-Iraqi-Kurdistan
1292362237,20260304,202603,2026,2026.1753,IRN,IRAN,IRN,,,,,,,,UAF,FIGHTER,,,,,,UAF,,,1,190,190,19,4,-10.0,1,1,1,-4.90196078431372,4,"Kurdistan, Khuzestan, Iran",IR,IR15,41008,30.6693,50.2055,-3072067,4,"Kurdistan, Khuzestan, Iran",IR,IR15,41008,30.6693,50.2055,-3072067,4,"Kurdistan, Khuzestan, Iran",IR,IR15,41008,30.6693,50.2055,-3072067,20260304154500,https://www.islamicinvitationturkey.com/irgc-launches-strikes-on-anti-iran-separatist-bases-in-iraqi-kurdistan/
1292362238,20260304,202603,2026,2026.1753,IRN,IRAN,IRN,,,,,,,,UAF,FIGHTER,,,,,,UAF,,,1,190,190,19,4,-10.0,1,1,1,-4.90196078431372,1,Israel,IS,IS,,31.5,34.75,IS,4,"Kurdistan, Khuzestan, Iran",IR,IR15,41008,30.6693,50.2055,-3072067,4,"Kurdistan, Khuzestan, Iran",IR,IR15,41008,30.6693,50.2055,-3072067,20260304154500,https://www.islamicinvitationturkey.com/irgc-launches-strikes-on-anti-iran-separatist-bases-in-iraqi-kurdistan/
1292362239,20260304,202603,2026,2026.1753,IRN,IRAN,IRN,,,,,,,,UAF,TERRORIST GROUP,,,,,,UAF,,,0,194,194,19,4,-10.0,2,1,2,-5.08474576271186,4,"Kurdistan, Khuzestan, Iran",IR,IR15,41008,30.6693,50.2055,-3072067,4,"Kurdistan, Khuzestan, Iran",IR,IR15,41008,30.6693,50.2055,-3072067,4,"Kurdistan, Khuzestan, Iran",IR,IR15,41008,30.6693,50.2055,-3072067,20260304154500,https://www.presstv.ir/Detail/2026/03/04/764953/IRGC-pounds-bases-of-anti-Iran-separatist-groups-in-Iraqi-Kurdistan
1292362243,20260304,202603,2026,2026.1753,IRN,IRAN,IRN,,,,,,,,USA,UNITED STATES,USA,,,,,,,,1,40,40,4,1,1.0,1,1,1,-7.62195121951219,1,Iran,IR,IR,,32.0,53.0,IR,2,"Alabama, United States",US,USAL,,32.799,-86.8073,AL,1,Iran,IR,IR,,32.0,53.0,IR,20260304154500,https://crooksandliars.com/2026/03/absolute-dumbest-man-politics-thinks-youre
1292362244,20260304,202603,2026,2026.1753,IRN,IRAN,IRN,,,,,,,,USA,UNITED STATES,USA,,,,,,,,1,43,43,4,1,2.8,2,1,2,-7.86240786240786,4,"Tehran, Tehran, Iran",IR,IR26,41130,35.75,51.5148,10074674,1,United States,US,US,,39.828175,-98.5795,US,4,"Tehran, Tehran, Iran",IR,IR26,41130,35.75,51.5148,10074674,20260304154500,https://www.aljazeera.com/news/2026/3/4/hegseth-says-more-us-forces-arriving-in-middle-east-as-iran-war-ramps-up
1292362245,20260304,202603,2026,2026.1753,IRN,TEHRAN,IRN,,,,,,,,USA,WASHINGTON,USA,,,,,,,,0,46,46,4,1,7.0,2,1,2,-2.50783699059561,3,"Washington, District of Columbia, United States",US,USDC,DC001,38.8951,-77.0364,531871,4,"Tehran, Tehran, Iran",IR,IR26,41130,35.75,51.5148,10074674,4,"Tehran, Tehran, Iran",IR,IR26,41130,35.75,51.5148,10074674,20260304154500,https://www.aa.com.tr/en/asia-pacific/russia-launches-consultations-with-iraq-palestine-turkiye-amid-us-israel-iran-conflict/3850111
1292362247,20260304,202603,2026,2026.1753,IRN,IRAN,IRN,,,,,,,,USA,UNITED STATES,USA,,,,,,,,1,190,190,19,4,-10.0,2,1,2,-5.76923076923077,4,"Minab, Sistan va Baluchestan, Iran",IR,IR04,41051,25.7893,61.1025,293743,1,United States,US,US,,39.828175,-98.5795,US,4,"Minab, Sistan va Baluchestan, Iran",IR,IR04,41051,25.7893,61.1025,293743,20260304154500,https://www.mediaite.com/media/news/trump-war-chief-hegseth-confronted-over-attack-on-girls-school-that-killed-160-children/
1292362249,20260304,202603,2026,2026.1753,IRN,IRAN,IRN,,,,,,,,USA,UNITED STATES,USA,,,,,,,,0,193,193,19,4,-10.0,4,1,4,-7.35930735930736,4,"Tehran, Tehran, Iran",IR,IR26,41130,35.75,51.5148,10074674,3,"Washington, District of Columbia, United States",US,USDC,DC001,38.8951,-77.0364,531871,4,"Tehran, Tehran, Iran",IR,IR26,41130,35.75,51.5148,10074674,20260304154500,https://ianslive.in/pentagon-confirms-ai-enabled-weapons-used-in-the-iran-war--20260304201204
1292362253,20260304,202603,2026,2026.1753,IRN,IRANIAN,IRN,,,,,,,,USAMIL,UNITED STATES,USA,,,,,MIL,,,0,13,13,1,1,0.4,2,1,2,-4.28571428571429,4,"Tehran, Tehran, Iran",IR,IR26,41130,35.75,51.5148,10074674,1,Israel,IS,IS,,31.5,34.75,IS,1,Israel,IS,IS,,31.5,34.75,IS,20260304154500,https://www.islamicinvitationturkey.com/araghchi-accuses-trump-of-diplomacy-breach-and-u-s-betrayal-with-iran-assault/
1292362254,20260304,202603,2026,2026.1753,IRN,IRANIAN,IRN,,,,,,,,USAMIL,UNITED STATES,USA,,,,,MIL,,,0,13,13,1,1,0.4,2,1,2,-4.28571428571429,4,"Tehran, Tehran, Iran",IR,IR26,41130,35.75,51.5148,10074674,1,United States,US,US,,39.828175,-98.5795,US,4,"Tehran, Tehran, Iran",IR,IR26,41130,35.75,51.5148,10074674,20260304154500,https://www.islamicinvitationturkey.com/araghchi-accuses-trump-of-diplomacy-breach-and-u-s-betrayal-with-iran-assault/
1292362256,20260304,202603,2026,2026.1753,IRN,IRAN,IRN,,,,,,,,ein,EAST INDIAN,,,ein,,,,,,0,42,42,4,1,1.9,112,1,112,-4.92350222760089,1,Iran,IR,IR,,32.0,53.0,IR,1,Iran,IR,IR,,32.0,53.0,IR,1,Iran,IR,IR,,32.0,53.0,IR,20260304154500,https://newsradio1290wtks.iheart.com/content/2026-03-04-us-submarine-sinks-iranian-warship-in-the-indian-ocean/
1292362257,20260304,202603,2026,2026.1753,IRNEDU,IRAN,IRN,,,,,EDU,,,GOVMIL,SECRETARY OF DEFENSE,,,,,,GOV,MIL,,1,190,190,19,4,-10.0,6,1,6,-5.76923076923077,4,"Minab, Sistan va Baluchestan, Iran",IR,IR04,41051,25.7893,61.1025,293743,4,"Minab, Sistan va Baluchestan, Iran",IR,IR04,41051,25.7893,61.1025,293743,4,"Minab, Sistan va Baluchestan, Iran",IR,IR04,41051,25.7893,61.1025,293743,20260304154500,https://www.mediaite.com/media/news/trump-war-chief-hegseth-confronted-over-attack-on-girls-school-that-killed-160-children/
1292362259,20260304,202603,2026,2026.1753,IRNGOV,IRAN,IRN,,,,,GOV,,,EDU,SCHOOL,,,,,,EDU,,,0,14,14,1,1,0.0,2,1,2,-10.6100795755968,4,"Minab, Sistan va Baluchestan, Iran",IR,IR04,41051,25.7893,61.1025,293743,4,"Minab, Sistan va Baluchestan, Iran",IR,IR04,41051,25.7893,61.1025,293743,4,"Minab, Sistan va Baluchestan, Iran",IR,IR04,41051,25.7893,61.1025,293743,20260304154500,https://www.presstv.ir/Detail/2026/03/04/764951/Another-girls-school-targeted-in-US-Israeli-attacks-on-Iran
1292362260,20260304,202603,2026,2026.1753,IRNGOV,IRANIAN,IRN,,,,,GOV,,,ESP,SPAIN,ESP,,,,,,,,1,190,190,19,4,-10.0,6,1,6,-6.63176265270506,4,"Tehran, Tehran, Iran",IR,IR26,41130,35.75,51.5148,10074674,4,"Madrid, Madrid, Spain",SP,SP29,25820,40.4,-3.68333,-390625,4,"Tehran, Tehran, Iran",IR,IR26,41130,35.75,51.5148,10074674,20260304154500,https://www.upi.com/Top_News/World-News/2026/03/04/Spain-Canada-set-out-Iran-war-stances/2511772628375/
1292362261,20260304,202603,2026,2026.1753,IRNGOV,IRAN,IRN,,,,,GOV,,,EUR,EUROPEAN,EUR,,,,,,,,1,40,40,4,1,1.0,7,1,7,-5.84878744650499,4,"Tehran, Tehran, Iran",IR,IR26,41130,35.75,51.5148,10074674,4,"Tehran, Tehran, Iran",IR,IR26,41130,35.75,51.5148,10074674,4,"Tehran, Tehran, Iran",IR,IR26,41130,35.75,51.5148,10074674,20260304154500,https://www.islamicinvitationturkey.com/tehran-criticizes-eu-over-nazi-mindsets-condemns-german-support-for-israeli-us-aggression/
1292362262,20260304,202603,2026,2026.1753,IRNGOV,IRAN,IRN,,,,,GOV,,,IRN,IRAN,IRN,,,,,,,,1,14,14,1,1,0.0,2,1,2,-7.01298701298701,1,Israel,IS,IS,,31.5,34.75,IS,1,Israel,IS,IS,,31.5,34.75,IS,1,Israel,IS,IS,,31.5,34.75,IS,20260304154500,https://indianexpress.com/article/world/iran-us-israel-war-day-5-updates-death-toll-ayatollah-ali-khamenei-us-submarine-iran-warship-10564578/
1292362263,20260304,202603,2026,2026.1753,IRNGOV,IRAN,IRN,,,,,GOV,,,IRN,IRANIAN,IRN,,,,,,,,0,18,18,1,1,3.4,1,1,1,-10.6100795755968,4,"Minab, Sistan va Baluchestan, Iran",IR,IR04,41051,25.7893,61.1025,293743,4,"Minab, Sistan va Baluchestan, Iran",IR,IR04,41051,25.7893,61.1025,293743,4,"Minab, Sistan va Baluchestan, Iran",IR,IR04,41051,25.7893,61.1025,293743,20260304154500,https://www.presstv.ir/Detail/2026/03/04/764951/Another-girls-school-targeted-in-US-Israeli-attacks-on-Iran
1292362265,20260304,202603,2026,2026.1753,IRNGOV,IRAN,IRN,,,,,GOV,,,IRNEDU,IRAN,IRN,,,,,EDU,,,0,14,14,1,1,0.0,8,1,8,-10.6100795755968,4,"Minab, Sistan va Baluchestan, Iran",IR,IR04,41051,25.7893,61.1025,293743,4,"Minab, Sistan va Baluchestan, Iran",IR,IR04,41051,25.7893,61.1025,293743,4,"Minab, Sistan va Baluchestan, Iran",IR,IR04,41051,25.7893,61.1025,293743,20260304154500,https://www.presstv.ir/Detail/2026/03/04/764951/Another-girls-school-targeted-in-US-Israeli-attacks-on-Iran
1292362266,20260304,202603,2026,2026.1753,IRNGOV,IRANIAN,IRN,,,,,GOV,,,USAMIL,UNITED STATES,USA,,,,,MIL,,,0,13,13,1,1,0.4,6,1,6,-4.28571428571429,4,"Tehran, Tehran, Iran",IR,IR26,41130,35.75,51.5148,10074674,1,United States,US,US,,39.828175,-98.5795,US,4,"Tehran, Tehran, Iran",IR,IR26,41130,35.75,51.5148,10074674,20260304154500,https://www.islamicinvitationturkey.com/araghchi-accuses-trump-of-diplomacy-breach-and-u-s-betrayal-with-iran-assault/
1292362268,20260304,202603,2026,2026.1753,IRNGOVMIL,IRAN,IRN,,,,,GOV,MIL,,MED,MEDIA,,,,,,MED,,,1,114,114,11,3,-2.0,2,1,2,-6.25,1,Iran,IR,IR,,32.0,53.0,IR,1,Iran,IR,IR,,32.0,53.0,IR,1,Iran,IR,IR,,32.0,53.0,IR,20260304154500,https://newrepublic.com/post/207330/pete-hegseth-troops-dying-iran-donald-trump-look-bad
1292362269,20260304,202603,2026,2026.1753,IRNLEG,IRAN,IRN,,,,,LEG,,,MIL,GROUND TROOP,,,,,,MIL,,,0,12,12,1,1,-0.4,2,1,2,-6.13138686131387,1,Iran,IR,IR,,32.0,53.0,IR,1,Iran,IR,IR,,32.0,53.0,IR,1,Iran,IR,IR,,32.0,53.0,IR,20260304154500,https://www.islamicinvitationturkey.com/growing-concerns-surround-trumps-iran-conflict-amid-disputed-claims-and-rising-expenses-reports-suggest/
1292362270,20260304,202603,2026,2026.1753,IRNLEG,IRAN,IRN,,,,,LEG,,,MIL,GROUND TROOP,,,,,,MIL,,,0,154,154,15,4,-7.2,2,1,2,-6.13138686131387,1,Iran,IR,IR,,32.0,53.0,IR,1,Iran,IR,IR,,32.0,53.0,IR,1,Iran,IR,IR,,32.0,53.0,IR,20260304154500,https://www.islamicinvitationturkey.com/growing-concerns-surround-trumps-iran-conflict-amid-disputed-claims-and-rising-expenses-reports-suggest/
1292362271,20260304,202603,2026,2026.1753,IRNMIL,IRAN,IRN,,,,,MIL,,,IRN,IRANIAN,IRN,,,,,,,,1,111,111,11,3,-2.0,2,1,2,-3.91404451266308,4,"Tehran, Tehran, Iran",IR,IR26,41130,35.75,51.5148,10074674,4,"Tehran, Tehran, Iran",IR,IR26,41130,35.75,51.5148,10074674,4,"Tehran, Tehran, Iran",IR,IR26,41130,35.75,51.5148,10074674,20260304154500,https://www.foxla.com/news/iran-war-continues-march-4-2026
1292362273,20260304,202603,2026,2026.1753,IRNMOS,IRAN,IRN,,,MOS,,,,,IRN,IRAN,IRN,,,,,,,,1,190,190,19,4,-10.0,8,1,8,-6.88622754491018,4,"Tehran, Tehran, Iran",IR,IR26,41130,35.75,51.5148,10074674,4,"Tehran, Tehran, Iran",IR,IR26,41130,35.75,51.5148,10074674,1,Israel,IS,IS,,31.5,34.75,IS,20260304154500,https://www.islamicinvitationturkey.com/irgc-ground-force-initiates-trio-of-operations-countering-alleged-israeli-us-hostilities/
1292362274,20260304,202603,2026,2026.1753,IRNMOS,IRAN,IRN,,,MOS,,,,,IRN,IRAN,IRN,,,,,,,,1,190,190,19,4,-10.0,2,1,2,-6.88622754491018,4,"Tehran, Tehran, Iran",IR,IR26,41130,35.75,51.5148,10074674,1,United States,US,US,,39.828175,-98.5795,US,1,Israel,IS,IS,,31.5,34.75,IS,20260304154500,https://www.islamicinvitationturkey.com/irgc-ground-force-initiates-trio-of-operations-countering-alleged-israeli-us-hostilities/
1292362275,20260304,202603,2026,2026.1753,IRNPTY,IRAN,IRN,,,,,,,,GOV,MINIST,,,,,,GOV,,,1,20,20,2,1,3.0,2,1,2,-4.96644295302014,1,Iran,IR,IR,,32.0,53.0,IR,1,Iran,IR,IR,,32.0,53.0,IR,1,Iran,IR,IR,,32.0,53.0,IR,20260304154500,https://www.thelocal.se/20260304/politics-in-sweden-sweden-needs-to-get-off-the-fence-on-iran-but-how
1292362276,20260304,202603,2026,2026.1753,IRNPTY,IRAN,IRN,,,,,,,,IRN,IRAN,IRN,,,,,,,,1,40,40,4,1,1.0,2,1,2,-4.96644295302014,1,Iran,IR,IR,,32.0,53.0,IR,1,Iran,IR,IR,,32.0,53.0,IR,1,Iran,IR,IR,,32.0,53.0,IR,20260304154500,https://www.thelocal.se/20260304/politics-in-sweden-sweden-needs-to-get-off-the-fence-on-iran-but-how
1292362277,20260304,202603,2026,2026.1753,IRNPTY,IRAN,IRN,,,,,,,,IRN,IRAN,IRN,,,,,,,,1,80,80,8,2,5.0,1,1,1,-4.96644295302014,1,Iran,IR,IR,,32.0,53.0,IR,1,Iran,IR,IR,,32.0,53.0,IR,1,Iran,IR,IR,,32.0,53.0,IR,20260304154500,https://www.thelocal.se/20260304/politics-in-sweden-sweden-needs-to-get-off-the-fence-on-iran-but-how
1292362278,20260304,202603,2026,2026.1753,IRNPTY,IRANIAN,IRN,,,,,,,,IRN,KURDISTAN,IRN,,,,,,,,1,190,190,19,4,-10.0,4,1,4,-4.90196078431372,4,"Kurdistan, Khuzestan, Iran",IR,IR15,41008,30.6693,50.2055,-3072067,4,"Kurdistan, Khuzestan, Iran",IR,IR15,41008,30.6693,50.2055,-3072067,4,"Kurdistan, Khuzestan, Iran",IR,IR15,41008,30.6693,50.2055,-3072067,20260304154500,https://www.islamicinvitationturkey.com/irgc-launches-strikes-on-anti-iran-separatist-bases-in-iraqi-kurdistan/
1292362279,20260304,202603,2026,2026.1753,IRQ,IRAQ,IRQ,,,,,,,,IRNPTY,IRANIAN,IRN,,,,,,,,0,130,130,13,3,-4.4,6,1,6,-5.08474576271186,4,"Koysinjaq, Liwa' Irbil, Iraq",IZ,IZ11,123561,36.0845,44.6286,-3107702,4,"Kurdistan, Khuzestan, Iran",IR,IR15,41008,30.6693,50.2055,-3072067,4,"Koysinjaq, Liwa' Irbil, Iraq",IZ,IZ11,123561,36.0845,44.6286,-3107702,20260304154500,https://www.presstv.ir/Detail/2026/03/04/764953/IRGC-pounds-bases-of-anti-Iran-separatist-groups-in-Iraqi-Kurdistan
1292362280,20260304,202603,2026,2026.1753,IRQ,IRAQ,IRQ,,,,,,,,IRNPTY,IRAN,IRN,,,,,,,,1,190,190,19,4,-10.0,3,1,3,-4.90196078431372,4,"Kurdistan, Khuzestan, Iran",IR,IR15,41008,30.6693,50.2055,-3072067,4,"Kurdistan, Khuzestan, Iran",IR,IR15,41008,30.6693,50.2055,-3072067,4,"Kurdistan, Khuzestan, Iran",IR,IR15,41008,30.6693,50.2055,-3072067,20260304154500,https://www.islamicinvitationturkey.com/irgc-launches-strikes-on-anti-iran-separatist-bases-in-iraqi-kurdistan/
1292362281,20260304,202603,2026,2026.1753,IRQ,IRAQ,IRQ,,,,,,,,IRNPTY,IRANIAN,IRN,,,,,,,,1,190,190,19,4,-10.0,2,1,2,-4.90196078431372,4,"Koysinjaq, Liwa' Irbil, Iraq",IZ,IZ11,123561,36.0845,44.6286,-3107702,4,"Kurdistan, Khuzestan, Iran",IR,IR15,41008,30.6693,50.2055,-3072067,4,"Koysinjaq, Liwa' Irbil, Iraq",IZ,IZ11,123561,36.0845,44.6286,-3107702,20260304154500,https://www.islamicinvitationturkey.com/irgc-launches-strikes-on-anti-iran-separatist-bases-in-iraqi-kurdistan/
1292362282,20260304,202603,2026,2026.1753,IRQ,IRAQ,IRQ,,,,,,,,IRNPTY,IRANIAN,IRN,,,,,,,,1,190,190,19,4,-10.0,1,1,1,-4.90196078431372,1,Israel,IS,IS,,31.5,34.75,IS,4,"Kurdistan, Khuzestan, Iran",IR,IR15,41008,30.6693,50.2055,-3072067,4,"Kurdistan, Khuzestan, Iran",IR,IR15,41008,30.6693,50.2055,-3072067,20260304154500,https://www.islamicinvitationturkey.com/irgc-launches-strikes-on-anti-iran-separatist-bases-in-iraqi-kurdistan/
1292362285,20260304,202603,2026,2026.1753,ISR,ISRAEL,ISR,,,,,,,,,,,,,,,,,,0,12,12,1,1,-0.4,8,1,8,-2.93757649938801,4,"Gaza, Israel (general), Israel",IS,IS00,18315,31.4167,34.3333,-797156,0,,,,,,,,4,"Gaza, Israel (general), Israel",IS,IS00,18315,31.4167,34.3333,-797156,20260304154500,https://www.presstv.ir/Detail/2026/02/27/764806/modi-israel-visit-shows-morality-no-longer-guides-india-foreign-policy-journalist
1292362286,20260304,202603,2026,2026.1753,ISR,ISRAEL,ISR,,,,,,,,,,,,,,,,,,1,12,12,1,1,-0.4,1,1,1,-0.42918454935622,4,"Tehran, Tehran, Iran",IR,IR26,41130,35.75,51.5148,10074674,0,,,,,,,,1,Israel,IS,IS,,31.5,34.75,IS,20260304154500,https://pmnewsnigeria.com/2026/03/04/middle-east-tension-iran-set-to-announce-new-supreme-leader/
1292362287,20260304,202603,2026,2026.1753,ISR,ISRAELI,ISR,,,,,,,,,,,,,,,,,,0,15,15,1,1,0.0,7,1,7,-6.76982591876209,4,"Tel Hashomer, HaMerkaz, Israel",IS,IS02,18316,32.0539,34.8481,-781581,0,,,,,,,,4,"Tel Hashomer, HaMerkaz, Israel",IS,IS02,18316,32.0539,34.8481,-781581,20260304154500,https://www.islamicinvitationturkey.com/watch-hezbollah-strikes-deep-despite-brutal-zionist-attacks/
1292362288,20260304,202603,2026,2026.1753,ISR,ISRAEL,ISR,,,,,,,,,,,,,,,,,,0,111,111,11,3,-2.0,4,1,4,-9.12162162162166,1,Israel,IS,IS,,31.5,34.75,IS,0,,,,,,,,1,Iran,IR,IR,,32.0,53.0,IR,20260304154500,https://news.webindia123.com/news/Articles/India/20260304/4423467.html
1292362292,20260304,202603,2026,2026.1753,ISR,ISRAEL,ISR,,,,,,,,CVL,RESIDENTS,,,,,,CVL,,,1,43,43,4,1,2.8,2,1,2,-4.15430267062315,1,Israel,IS,IS,,31.5,34.75,IS,4,"Saida, Liban-Sud, Lebanon",LE,LE06,18805,33.5631,35.3689,-810346,4,"Saida, Liban-Sud, Lebanon",LE,LE06,18805,33.5631,35.3689,-810346,20260304154500,https://aleteia.org/2026/03/04/lebanon-they-yearn-for-an-ordinary-life/
1292362293,20260304,202603,2026,2026.1753,ISR,ISRAEL,ISR,,,,,,,,EDU,SCHOOL,,,,,,EDU,,,0,120,120,12,3,-4.0,4,2,4,-4.386957181901,4,"Tehran, Tehran, Iran",IR,IR26,41130,35.75,51.5148,10074674,1,Israel,IS,IS,,31.5,34.75,IS,1,Israel,IS,IS,,31.5,34.75,IS,20260304154500,https://www.wkyufm.org/news/2026-03-04/the-u-s-sinks-irans-ships-and-slams-its-missile-launchers-as-the-war-enters-day-5
1292362294,20260304,202603,2026,2026.1753,ISR,ISRAELI,ISR,,,,,,,,EDU,SCHOOL,,,,,,EDU,,,1,143,143,14,3,-6.5,1,1,1,-10.6100795755968,4,"Minab, Sistan va Baluchestan, Iran",IR,IR04,41051,25.7893,61.1025,293743,1,Israel,IS,IS,,31.5,34.75,IS,4,"Minab, Sistan va Baluchestan, Iran",IR,IR04,41051,25.7893,61.1025,293743,20260304154500,https://www.presstv.ir/Detail/2026/03/04/764951/Another-girls-school-targeted-in-US-Israeli-attacks-on-Iran
1292362295,20260304,202603,2026,2026.1753,ISR,ISRAELI,ISR,,,,,,,,EDU,SCHOOL,,,,,,EDU,,,1,143,143,14,3,-6.5,8,1,8,-10.6100795755968,1,Israel,IS,IS,,31.5,34.75,IS,5,"Hormozgan, Hormozgan, Iran",IR,IR11,40970,27.75,56.5,-3066740,1,Israel,IS,IS,,31.5,34.75,IS,20260304154500,https://www.presstv.ir/Detail/2026/03/04/764951/Another-girls-school-targeted-in-US-Israeli-attacks-on-Iran
1292362296,20260304,202603,2026,2026.1753,ISR,ISRAELI,ISR,,,,,,,,EDU,SCHOOL,,,,,,EDU,,,1,143,143,14,3,-6.5,1,1,1,-10.6100795755968,1,Israel,IS,IS,,31.5,34.75,IS,1,Israel,IS,IS,,31.5,34.75,IS,4,"Minab, Sistan va Baluchestan, Iran",IR,IR04,41051,25.7893,61.1025,293743,20260304154500,https://www.presstv.ir/Detail/2026/03/04/764951/Another-girls-school-targeted-in-US-Israeli-attacks-on-Iran
1292362297,20260304,202603,2026,2026.1753,ISR,ISRAELI,ISR,,,,,,,,EDU,SCHOOL,,,,,,EDU,,,1,180,180,18,4,-9.0,1,1,1,-10.0,1,Israel,IS,IS,,31.5,34.75,IS,4,"Minab, Sistan va Baluchestan, Iran",IR,IR04,41051,25.7893,61.1025,293743,1,Israel,IS,IS,,31.5,34.75,IS,20260304154500,https://www.islamicinvitationturkey.com/us-israeli-strikes-target-another-girls-school-in-iran/
1292362298,20260304,202603,2026,2026.1753,ISR,ISRAELI,ISR,,,,,,,,EDU,SCHOOL,,,,,,EDU,,,1,190,190,19,4,-10.0,10,1,10,-10.6100795755968,1,Israel,IS,IS,,31.5,34.75,IS,5,"Hormozgan, Hormozgan, Iran",IR,IR11,40970,27.75,56.5,-3066740,1,Israel,IS,IS,,31.5,34.75,IS,20260304154500,https://www.presstv.ir/Detail/2026/03/04/764951/Another-girls-school-targeted-in-US-Israeli-attacks-on-Iran
1292362300,20260304,202603,2026,2026.1753,ISR,ISRAELI,ISR,,,,,,,,GOV,GOVERNMENT OFFICIAL,,,,,,GOV,,,1,195,195,19,4,-10.0,2,1,2,-4.10094637223975,1,Israel,IS,IS,,31.5,34.75,IS,4,"Tehran, Tehran, Iran",IR,IR26,41130,35.75,51.5148,10074674,1,Israel,IS,IS,,31.5,34.75,IS,20260304154500,https://www.yahoo.com/news/articles/pakistan-then-iran-chinese-air-130000354.html
1292362301,20260304,202603,2026,2026.1753,ISR,ISRAELI,ISR,,,,,,,,IRN,IRAN,IRN,,,,,,,,1,20,20,2,1,3.0,2,1,2,-5.78905630452022,4,"Gaza, Israel (general), Israel",IS,IS00,18315,31.4167,34.3333,-797156,1,Iran,IR,IR,,32.0,53.0,IR,1,Iran,IR,IR,,32.0,53.0,IR,20260304154500,https://www.aljazeera.com/news/2026/3/4/why-are-the-us-and-israel-framing-the-ongoing-conflict-as-a-religious-war
1292362302,20260304,202603,2026,2026.1753,ISR,ISRAEL,ISR,,,,,,,,IRN,IRAN,IRN,,,,,,,,1,20,20,2,1,3.0,2,1,2,-5.78905630452022,3,"White House, District of Columbia, United States",US,USDC,,38.8951,-77.0364,531871,1,Iran,IR,IR,,32.0,53.0,IR,4,"Gaza, Israel (general), Israel",IS,IS00,18315,31.4167,34.3333,-797156,20260304154500,https://www.aljazeera.com/news/2026/3/4/why-are-the-us-and-israel-framing-the-ongoing-conflict-as-a-religious-war
1292362303,20260304,202603,2026,2026.1753,ISR,ISRAEL,ISR,,,,,,,,IRN,IRAN,IRN,,,,,,,,1,20,20,2,1,3.0,1,1,1,-5.78905630452022,1,Qatar,QA,QA,,25.5,51.25,QA,1,Iran,IR,IR,,32.0,53.0,IR,1,Qatar,QA,QA,,25.5,51.25,QA,20260304154500,https://www.aljazeera.com/news/2026/3/4/why-are-the-us-and-israel-framing-the-ongoing-conflict-as-a-religious-war
1292362304,20260304,202603,2026,2026.1753,ISR,ISRAEL,ISR,,,,,,,,IRN,IRAN,IRN,,,,,,,,1,20,20,2,1,3.0,1,1,1,-5.78905630452022,1,Qatar,QA,QA,,25.5,51.25,QA,1,Qatar,QA,QA,,25.5,51.25,QA,1,Qatar,QA,QA,,25.5,51.25,QA,20260304154500,https://www.aljazeera.com/news/2026/3/4/why-are-the-us-and-israel-framing-the-ongoing-conflict-as-a-religious-war
1292362305,20260304,202603,2026,2026.1753,ISR,ISRAELI,ISR,,,,,,,,IRN,IRAN,IRN,,,,,,,,1,1712,171,17,4,-9.2,1,1,1,-10.6100795755968,1,Israel,IS,IS,,31.5,34.75,IS,4,"Minab, Sistan va Baluchestan, Iran",IR,IR04,41051,25.7893,61.1025,293743,1,Israel,IS,IS,,31.5,34.75,IS,20260304154500,https://www.presstv.ir/Detail/2026/03/04/764951/Another-girls-school-targeted-in-US-Israeli-attacks-on-Iran
1292362306,20260304,202603,2026,2026.1753,ISR,ISRAELI,ISR,,,,,,,,IRN,URMIA,IRN,,,,,,,,1,1712,171,17,4,-9.2,7,1,7,-10.6100795755968,1,Israel,IS,IS,,31.5,34.75,IS,1,Israel,IS,IS,,31.5,34.75,IS,1,Israel,IS,IS,,31.5,34.75,IS,20260304154500,https://www.presstv.ir/Detail/2026/03/04/764951/Another-girls-school-targeted-in-US-Israeli-attacks-on-Iran
1292362307,20260304,202603,2026,2026.1753,ISR,ISRAELI,ISR,,,,,,,,IRN,IRAN,IRN,,,,,,,,0,173,173,17,4,-5.0,2,1,2,-4.28571428571429,1,Israel,IS,IS,,31.5,34.75,IS,4,"Tehran, Tehran, Iran",IR,IR26,41130,35.75,51.5148,10074674,4,"Tehran, Tehran, Iran",IR,IR26,41130,35.75,51.5148,10074674,20260304154500,https://www.islamicinvitationturkey.com/araghchi-accuses-trump-of-diplomacy-breach-and-u-s-betrayal-with-iran-assault/
1292362311,20260304,202603,2026,2026.1753,ISR,ISRAEL,ISR,,,,,,,,IRN,IRAN,IRN,,,,,,,,1,186,186,18,4,-10.0,1,1,1,-0.42918454935622,4,"Tehran, Tehran, Iran",IR,IR26,41130,35.75,51.5148,10074674,1,Israel,IS,IS,,31.5,34.75,IS,1,Israel,IS,IS,,31.5,34.75,IS,20260304154500,https://pmnewsnigeria.com/2026/03/04/middle-east-tension-iran-set-to-announce-new-supreme-leader/
1292362312,20260304,202603,2026,2026.1753,ISR,ISRAEL,ISR,,,,,,,,IRN,IRAN,IRN,,,,,,,,1,186,186,18,4,-10.0,1,1,1,-0.42918454935622,1,Israel,IS,IS,,31.5,34.75,IS,1,Israel,IS,IS,,31.5,34.75,IS,4,"Tehran, Tehran, Iran",IR,IR26,41130,35.75,51.5148,10074674,20260304154500,https://pmnewsnigeria.com/2026/03/04/middle-east-tension-iran-set-to-announce-new-supreme-leader/
1292362314,20260304,202603,2026,2026.1753,ISR,ISRAELI,ISR,,,,,,,,IRN,IRAN,IRN,,,,,,,,0,190,190,19,4,-10.0,4,1,4,-1.44665461121157,4,"Basij, Fars, Iran",IR,IR07,41029,30.608,53.1874,10467014,4,"Basij, Fars, Iran",IR,IR07,41029,30.608,53.1874,10467014,4,"Basij, Fars, Iran",IR,IR07,41029,30.608,53.1874,10467014,20260304154500,https://www.independent.co.uk/news/world/middle-east/iran-ayatollah-mojtaba-khamenei-successor-b2931574.html
1292362315,20260304,202603,2026,2026.1753,ISR,ISRAELI,ISR,,,,,,,,IRN,IRAN,IRN,,,,,,,,1,195,195,19,4,-10.0,1,1,1,-4.10094637223975,1,Israel,IS,IS,,31.5,34.75,IS,1,China,CH,CH,,35.0,105.0,CH,1,Israel,IS,IS,,31.5,34.75,IS,20260304154500,https://www.yahoo.com/news/articles/pakistan-then-iran-chinese-air-130000354.html
1292362316,20260304,202603,2026,2026.1753,ISR,ISRAEL,ISR,,,,,,,,IRNEDU,IRAN,IRN,,,,,EDU,,,1,180,180,18,4,-9.0,2,1,2,-10.0,1,Israel,IS,IS,,31.5,34.75,IS,4,"Minab, Sistan va Baluchestan, Iran",IR,IR04,41051,25.7893,61.1025,293743,1,Israel,IS,IS,,31.5,34.75,IS,20260304154500,https://www.islamicinvitationturkey.com/us-israeli-strikes-target-another-girls-school-in-iran/
1292362317,20260304,202603,2026,2026.1753,ISR,ISRAEL,ISR,,,,,,,,IRNEDU,IRAN,IRN,,,,,EDU,,,1,190,190,19,4,-10.0,8,1,8,-10.0,1,Israel,IS,IS,,31.5,34.75,IS,4,"Urmia, Az¯arbayjan-e Gharbi, Iran",IR,IR01,41057,37.5553,45.0724,-3077456,1,Israel,IS,IS,,31.5,34.75,IS,20260304154500,https://www.islamicinvitationturkey.com/us-israeli-strikes-target-another-girls-school-in-iran/
1292362318,20260304,202603,2026,2026.1753,ISR,ISRAEL,ISR,,,,,,,,IRNEDU,IRAN,IRN,,,,,EDU,,,1,190,190,19,4,-10.0,2,1,2,-10.0,1,United States,US,US,,39.828175,-98.5795,US,4,"Urmia, Az¯arbayjan-e Gharbi, Iran",IR,IR01,41057,37.5553,45.0724,-3077456,1,Israel,IS,IS,,31.5,34.75,IS,20260304154500,https://www.islamicinvitationturkey.com/us-israeli-strikes-target-another-girls-school-in-iran/
1292362320,20260304,202603,2026,2026.1753,ISR,ISRAELI,ISR,,,,,,,,ISRMIL,ISRAEL,ISR,,,,,MIL,,,1,150,150,15,4,-7.2,2,1,2,-4.10094637223975,1,Israel,IS,IS,,31.5,34.75,IS,1,Israel,IS,IS,,31.5,34.75,IS,4,"Tehran, Tehran, Iran",IR,IR26,41130,35.75,51.5148,10074674,20260304154500,https://www.yahoo.com/news/articles/pakistan-then-iran-chinese-air-130000354.html
1292362321,20260304,202603,2026,2026.1753,ISR,ISRAELI,ISR,,,,,,,,ISRMIL,ISRAEL,ISR,,,,,MIL,,,1,150,150,15,4,-7.2,2,1,2,-4.10094637223975,1,Israel,IS,IS,,31.5,34.75,IS,1,Israel,IS,IS,,31.5,34.75,IS,1,Israel,IS,IS,,31.5,34.75,IS,20260304154500,https://www.yahoo.com/news/articles/pakistan-then-iran-chinese-air-130000354.html
1292362322,20260304,202603,2026,2026.1753,ISR,ISRAELI,ISR,,,,,,,,ISRMIL,ISRAEL,ISR,,,,,MIL,,,1,154,154,15,4,-7.2,4,1,4,-4.10094637223975,1,Israel,IS,IS,,31.5,34.75,IS,1,Israel,IS,IS,,31.5,34.75,IS,1,Israel,IS,IS,,31.5,34.75,IS,20260304154500,https://www.yahoo.com/news/articles/pakistan-then-iran-chinese-air-130000354.html
1292362324,20260304,202603,2026,2026.1753,ISR,ISRAEL,ISR,,,,,,,,LBNGOVHLH,LEBANON,LBN,,,,,GOV,HLH,,0,194,194,19,4,-10.0,4,2,4,-4.386957181901,1,Israel,IS,IS,,31.5,34.75,IS,4,"Beirut, Beyrouth, Lebanon",LE,LE04,18808,33.8719,35.5097,-801546,1,Israel,IS,IS,,31.5,34.75,IS,20260304154500,https://www.wkyufm.org/news/2026-03-04/the-u-s-sinks-irans-ships-and-slams-its-missile-launchers-as-the-war-enters-day-5
1292362325,20260304,202603,2026,2026.1753,ISR,ISRAELI,ISR,,,,,,,,MIL,ARMY,,,,,,MIL,,,1,190,190,19,4,-10.0,3,1,3,-6.76982591876209,4,"Metula, Ha?afon, Israel",IS,IS03,18314,33.2792,35.5795,-780681,4,"Metula, Ha?afon, Israel",IS,IS03,18314,33.2792,35.5795,-780681,4,"Metula, Ha?afon, Israel",IS,IS03,18314,33.2792,35.5795,-780681,20260304154500,https://www.islamicinvitationturkey.com/watch-hezbollah-strikes-deep-despite-brutal-zionist-attacks/
1292362327,20260304,202603,2026,2026.1753,ISR,ISRAEL,ISR,,,,,,,,MOS,MUSLIM,,,,MOS,,,,,0,51,51,5,1,3.4,8,1,8,-2.93757649938801,4,"Gaza, Israel (general), Israel",IS,IS00,18315,31.4167,34.3333,-797156,4,"Gaza, Israel (general), Israel",IS,IS00,18315,31.4167,34.3333,-797156,4,"Gaza, Israel (general), Israel",IS,IS00,18315,31.4167,34.3333,-797156,20260304154500,https://www.presstv.ir/Detail/2026/02/27/764806/modi-israel-visit-shows-morality-no-longer-guides-india-foreign-policy-journalist
1292362329,20260304,202603,2026,2026.1753,ISR,ISRAEL,ISR,,,,,,,,MOS,ISLAMIC,,,,MOS,,,,,0,190,190,19,4,-10.0,1,1,1,-4.28571428571429,1,Israel,IS,IS,,31.5,34.75,IS,1,Israel,IS,IS,,31.5,34.75,IS,4,"Tehran, Tehran, Iran",IR,IR26,41130,35.75,51.5148,10074674,20260304154500,https://www.islamicinvitationturkey.com/araghchi-accuses-trump-of-diplomacy-breach-and-u-s-betrayal-with-iran-assault/
1292362330,20260304,202603,2026,2026.1753,ISR,ISRAELI,ISR,,,,,,,,NGOHLHIRC,RED CRESCENT,,IRC,,,,NGO,HLH,,0,190,190,19,4,-10.0,2,1,2,-10.6100795755968,4,"Minab, Sistan va Baluchestan, Iran",IR,IR04,41051,25.7893,61.1025,293743,4,"Minab, Sistan va Baluchestan, Iran",IR,IR04,41051,25.7893,61.1025,293743,4,"Minab, Sistan va Baluchestan, Iran",IR,IR04,41051,25.7893,61.1025,293743,20260304154500,https://www.presstv.ir/Detail/2026/03/04/764951/Another-girls-school-targeted-in-US-Israeli-attacks-on-Iran
1292362333,20260304,202603,2026,2026.1753,ISR,ISRAEL,ISR,,,,,,,,PSE,OCCUPIED TERRITORIES,PSE,,,,,,,,1,42,42,4,1,1.9,1,1,1,-2.93757649938801,4,"Gaza, Israel (general), Israel",IS,IS00,18315,31.4167,34.3333,-797156,4,"Gaza, Israel (general), Israel",IS,IS00,18315,31.4167,34.3333,-797156,4,"Gaza, Israel (general), Israel",IS,IS00,18315,31.4167,34.3333,-797156,20260304154500,https://www.presstv.ir/Detail/2026/02/27/764806/modi-israel-visit-shows-morality-no-longer-guides-india-foreign-policy-journalist
1292362335,20260304,202603,2026,2026.1753,ISR,ISRAEL,ISR,,,,,,,,UAF,MILITANT,,,,,,UAF,,,1,110,110,11,3,-2.0,10,1,10,-4.34782608695652,4,"Beirut, Beyrouth, Lebanon",LE,LE04,18808,33.8719,35.5097,-801546,1,Israel,IS,IS,,31.5,34.75,IS,1,Israel,IS,IS,,31.5,34.75,IS,20260304154500,https://www.africanews.com/2026/03/04/un-says-tens-of-thousand-displaced-in-lebanon-amid-israeli-strikes/
1292362336,20260304,202603,2026,2026.1753,ISR,ISRAEL,ISR,,,,,,,,USA,THE US,USA,,,,,,,,1,40,40,4,1,1.0,5,1,5,-5.18834399431414,4,"Tel Aviv, Tel Aviv, Israel",IS,IS05,18316,32.0667,34.7667,-781545,4,"Tel Aviv, Tel Aviv, Israel",IS,IS05,18316,32.0667,34.7667,-781545,1,Iran,IR,IR,,32.0,53.0,IR,20260304154500,https://tass.com/politics/2096327
1292362337,20260304,202603,2026,2026.1753,ISR,ISRAEL,ISR,,,,,,,,USA,UNITED STATES,USA,,,,,,,,0,51,51,5,1,3.4,2,1,2,-1.01975780752072,4,"Gaza, Israel (general), Israel",IS,IS00,18315,31.4167,34.3333,-797156,3,"Evanston, Illinois, United States",US,USIL,IL031,42.0411,-87.6901,408101,4,"Gaza, Israel (general), Israel",IS,IS00,18315,31.4167,34.3333,-797156,20260304154500,https://dailynorthwestern.com/2026/03/04/city/mayor-daniel-biss-isnt-afraid-to-make-waves-now-hes-aiming-for-washington/
1292362339,20260304,202603,2026,2026.1753,ISR,ISRAEL,ISR,,,,,,,,USA,UNITED STATES,USA,,,,,,,,1,57,57,5,1,8.0,2,1,2,-6.88622754491018,4,"Tehran, Tehran, Iran",IR,IR26,41130,35.75,51.5148,10074674,1,United States,US,US,,39.828175,-98.5795,US,4,"Tehran, Tehran, Iran",IR,IR26,41130,35.75,51.5148,10074674,20260304154500,https://www.islamicinvitationturkey.com/irgc-ground-force-initiates-trio-of-operations-countering-alleged-israeli-us-hostilities/
1292362340,20260304,202603,2026,2026.1753,ISR,ISRAEL,ISR,,,,,,,,USA,UNITED STATES,USA,,,,,,,,1,57,57,5,1,8.0,8,1,8,-6.88622754491018,1,United States,US,US,,39.828175,-98.5795,US,1,United States,US,US,,39.828175,-98.5795,US,4,"Tehran, Tehran, Iran",IR,IR26,41130,35.75,51.5148,10074674,20260304154500,https://www.islamicinvitationturkey.com/irgc-ground-force-initiates-trio-of-operations-countering-alleged-israeli-us-hostilities/
1292362341,20260304,202603,2026,2026.1753,ISRGOV,ISRAEL,ISR,,,,,GOV,,,CAN,CANADA,CAN,,,,,,,,0,40,40,4,1,1.0,2,1,2,-2.92134831460675,1,Oman,MU,MU,,21.0,57.0,MU,4,"Ottawa, Ontario, Canada",CA,CA08,12755,45.4167,-75.7,-570760,4,"Gaza, Israel (general), Israel",IS,IS00,18315,31.4167,34.3333,-797156,20260304154500,https://www.castanetkamloops.net/news/Canada/601813/Canada-secures-limited-seats-on-commercial-flights-from-Lebanon-as-conflict-widens
1292362342,20260304,202603,2026,2026.1753,ISRGOV,ISRAEL,ISR,,,,,GOV,,,ISR,TEL AVIV,ISR,,,,,,,,0,874,87,8,2,10.0,2,1,2,-2.05973223480948,1,Iran,IR,IR,,32.0,53.0,IR,1,Iran,IR,IR,,32.0,53.0,IR,1,Iran,IR,IR,,32.0,53.0,IR,20260304154500,https://talkingpointsmemo.com/news/iran-blood-moon-purim-end-times-trump
1292362343,20260304,202603,2026,2026.1753,ISRGOV,ISRAEL,ISR,,,,,GOV,,,ISR,TEL AVIV,ISR,,,,,,,,0,874,87,8,2,10.0,8,1,8,-2.05973223480948,1,Israel,IS,IS,,31.5,34.75,IS,1,Israel,IS,IS,,31.5,34.75,IS,1,Iran,IR,IR,,32.0,53.0,IR,20260304154500,https://talkingpointsmemo.com/news/iran-blood-moon-purim-end-times-trump
1292362344,20260304,202603,2026,2026.1753,ISRGOV,ISRAEL,ISR,,,,,GOV,,,JOR,JORDAN,JOR,,,,,,,,0,20,20,2,1,3.0,1,1,1,-2.57648953301127,1,Israel,IS,IS,,31.5,34.75,IS,4,"Cairo, Al Qahirah, Egypt",EG,EG11,65350,30.05,31.25,-290692,4,"Cairo, Al Qahirah, Egypt",EG,EG11,65350,30.05,31.25,-290692,20260304154500,https://www.upi.com/Top_News/World-News/2026/03/04/evacuate-americans-middle-east-war/9141772636040/
1292362345,20260304,202603,2026,2026.1753,ISRGOV,ISRAEL,ISR,,,,,GOV,,,JOR,JORDAN,JOR,,,,,,,,0,20,20,2,1,3.0,1,1,1,-2.57648953301127,1,Israel,IS,IS,,31.5,34.75,IS,1,Jordan,JO,JO,,31.0,36.0,JO,1,Jordan,JO,JO,,31.0,36.0,JO,20260304154500,https://www.upi.com/Top_News/World-News/2026/03/04/evacuate-americans-middle-east-war/9141772636040/
1292362346,20260304,202603,2026,2026.1753,ISRMIL,ISRAELI,ISR,,,,,MIL,,,,,,,,,,,,,1,150,150,15,4,-7.2,6,1,6,-4.10094637223975,1,Israel,IS,IS,,31.5,34.75,IS,0,,,,,,,,1,Israel,IS,IS,,31.5,34.75,IS,20260304154500,https://www.yahoo.com/news/articles/pakistan-then-iran-chinese-air-130000354.html
1292362347,20260304,202603,2026,2026.1753,ISRMIL,ISRAEL,ISR,,,,,MIL,,,CVL,RESIDENTS,,,,,,CVL,,,0,138,138,13,3,-7.0,1,1,1,-2.92134831460675,4,"Gaza, Israel (general), Israel",IS,IS00,18315,31.4167,34.3333,-797156,4,"Gaza, Israel (general), Israel",IS,IS00,18315,31.4167,34.3333,-797156,4,"Gaza, Israel (general), Israel",IS,IS00,18315,31.4167,34.3333,-797156,20260304154500,https://www.castanetkamloops.net/news/Canada/601813/Canada-secures-limited-seats-on-commercial-flights-from-Lebanon-as-conflict-widens
1292362348,20260304,202603,2026,2026.1753,ISRMIL,ISRAEL,ISR,,,,,MIL,,,CVL,RESIDENTS,,,,,,CVL,,,0,138,138,13,3,-7.0,1,1,1,-2.92134831460675,1,Iran,IR,IR,,32.0,53.0,IR,1,Iran,IR,IR,,32.0,53.0,IR,1,Iran,IR,IR,,32.0,53.0,IR,20260304154500,https://www.castanetkamloops.net/news/Canada/601813/Canada-secures-limited-seats-on-commercial-flights-from-Lebanon-as-conflict-widens
1292362349,20260304,202603,2026,2026.1753,ISRMIL,ISRAELI,ISR,,,,,MIL,,,GOV,GOVERNMENT OFFICIAL,,,,,,GOV,,,1,195,195,19,4,-10.0,3,1,3,-4.10094637223975,1,Israel,IS,IS,,31.5,34.75,IS,1,China,CH,CH,,35.0,105.0,CH,1,Israel,IS,IS,,31.5,34.75,IS,20260304154500,https://www.yahoo.com/news/articles/pakistan-then-iran-chinese-air-130000354.html
1292362350,20260304,202603,2026,2026.1753,ISRMIL,ISRAELI,ISR,,,,,MIL,,,IRN,IRAN,IRN,,,,,,,,0,173,173,17,4,-5.0,4,1,4,-4.28571428571429,1,Israel,IS,IS,,31.5,34.75,IS,4,"Tehran, Tehran, Iran",IR,IR26,41130,35.75,51.5148,10074674,4,"Tehran, Tehran, Iran",IR,IR26,41130,35.75,51.5148,10074674,20260304154500,https://www.islamicinvitationturkey.com/araghchi-accuses-trump-of-diplomacy-breach-and-u-s-betrayal-with-iran-assault/
1292362351,20260304,202603,2026,2026.1753,ISRMIL,ISRAEL,ISR,,,,,MIL,,,IRN,IRAN,IRN,,,,,,,,0,173,173,17,4,-5.0,2,1,2,-4.28571428571429,1,United States,US,US,,39.828175,-98.5795,US,4,"Tehran, Tehran, Iran",IR,IR26,41130,35.75,51.5148,10074674,4,"Tehran, Tehran, Iran",IR,IR26,41130,35.75,51.5148,10074674,20260304154500,https://www.islamicinvitationturkey.com/araghchi-accuses-trump-of-diplomacy-breach-and-u-s-betrayal-with-iran-assault/
1292362352,20260304,202603,2026,2026.1753,ISRMIL,ISRAEL,ISR,,,,,MIL,,,IRN,IRAN,IRN,,,,,,,,1,190,190,19,4,-10.0,2,1,2,-6.88622754491018,1,United States,US,US,,39.828175,-98.5795,US,4,"Tehran, Tehran, Iran",IR,IR26,41130,35.75,51.5148,10074674,1,Israel,IS,IS,,31.5,34.75,IS,20260304154500,https://www.islamicinvitationturkey.com/irgc-ground-force-initiates-trio-of-operations-countering-alleged-israeli-us-hostilities/
1292362353,20260304,202603,2026,2026.1753,ISRMIL,ISRAEL,ISR,,,,,MIL,,,ISR,ISRAELI,ISR,,,,,,,,1,40,40,4,1,1.0,2,1,2,-0.28735632183908,1,Israel,IS,IS,,31.5,34.75,IS,1,Israel,IS,IS,,31.5,34.75,IS,1,Israel,IS,IS,,31.5,34.75,IS,20260304154500,https://timesofindia.indiatimes.com/world/middle-east/next-mission-waiting-for-you-what-israels-air-force-commander-told-f-35-pilot-who-shot-down-iranian-jet-over-tehran/articleshow/129034521.cms
1292362354,20260304,202603,2026,2026.1753,ISRMIL,ISRAELI,ISR,,,,,MIL,,,ISR,ISRAEL,ISR,,,,,,,,1,43,43,4,1,2.8,5,1,5,-4.15430267062315,1,Israel,IS,IS,,31.5,34.75,IS,1,Israel,IS,IS,,31.5,34.75,IS,4,"Saida, Liban-Sud, Lebanon",LE,LE06,18805,33.5631,35.3689,-810346,20260304154500,https://aleteia.org/2026/03/04/lebanon-they-yearn-for-an-ordinary-life/
1292362355,20260304,202603,2026,2026.1753,ISRMIL,ISRAEL,ISR,,,,,MIL,,,LBN,BEIRUT,LBN,,,,,,,,0,174,174,17,4,-5.0,1,1,1,-2.92134831460675,4,"Gaza, Israel (general), Israel",IS,IS00,18315,31.4167,34.3333,-797156,4,"Beirut, Beyrouth, Lebanon",LE,LE04,18808,33.8719,35.5097,-801546,4,"Beirut, Beyrouth, Lebanon",LE,LE04,18808,33.8719,35.5097,-801546,20260304154500,https://www.castanetkamloops.net/news/Canada/601813/Canada-secures-limited-seats-on-commercial-flights-from-Lebanon-as-conflict-widens
1292362357,20260304,202603,2026,2026.1753,ISRMIL,ISRAELI,ISR,,,,,MIL,,,MIL,COMMANDER,,,,,,MIL,,,1,84,84,8,2,7.0,6,1,6,-0.28735632183908,1,Israel,IS,IS,,31.5,34.75,IS,1,Israel,IS,IS,,31.5,34.75,IS,1,Israel,IS,IS,,31.5,34.75,IS,20260304154500,https://timesofindia.indiatimes.com/world/middle-east/next-mission-waiting-for-you-what-israels-air-force-commander-told-f-35-pilot-who-shot-down-iranian-jet-over-tehran/articleshow/129034521.cms
1292362360,20260304,202603,2026,2026.1753,ITA,MILAN,ITA,,,,,,,,IRN,IRAN,IRN,,,,,,,,0,62,62,6,2,7.4,28,1,28,-4.92350222760089,1,Iran,IR,IR,,32.0,53.0,IR,1,Iran,IR,IR,,32.0,53.0,IR,1,Iran,IR,IR,,32.0,53.0,IR,20260304154500,https://newsradio1290wtks.iheart.com/content/2026-03-04-us-submarine-sinks-iranian-warship-in-the-indian-ocean/
1292362368,20260304,202603,2026,2026.1753,JOR,JORDAN,JOR,,,,,,,,USA,UNITED STATES,USA,,,,,,,,0,43,43,4,1,2.8,4,1,4,5.4054054054054,1,Jordan,JO,JO,,31.0,36.0,JO,1,United States,US,US,,39.828175,-98.5795,US,1,Jordan,JO,JO,,31.0,36.0,JO,20260304154500,https://www.billboard.com/music/awards/sankofa-org-social-justice-awards-2026-honorees-chuck-d-1236191219/
1292362371,20260304,202603,2026,2026.1753,JUD,PROSECUTOR,,,,,,JUD,,,,,,,,,,,,,0,10,10,1,1,0.0,6,1,6,-10.0977198697068,4,"Alexandria, Al Iskandariyah, Egypt",EG,EG06,61590,31.1981,29.9192,-290263,0,,,,,,,,4,"Alexandria, Al Iskandariyah, Egypt",EG,EG06,61590,31.1981,29.9192,-290263,20260304154500,https://www.citizen.co.za/news/south-africa/courts/parolee-gets-25-years-for-raping-blind-woman-in-her-home/
1292362379,20260304,202603,2026,2026.1753,JUD,JUDGE,,,,,,JUD,,,,,,,,,,,,,1,51,51,5,1,3.4,5,1,5,-6.82352941176471,4,"Tbilisi, Georgia (general), Georgia",GG,GG00,16525,41.725,44.7908,-2330077,0,,,,,,,,4,"Tbilisi, Georgia (general), Georgia",GG,GG00,16525,41.725,44.7908,-2330077,20260304154500,https://dfwatch.net/complex-october-4-trials-roll-on-in-tbilisi-65987/
1292362385,20260304,202603,2026,2026.1753,JUD,PROSECUTOR,,,,,,JUD,,,EGY,EGYPT,EGY,,,,,,,,0,10,10,1,1,0.0,2,1,2,-10.0977198697068,4,"Alexandria, Al Iskandariyah, Egypt",EG,EG06,61590,31.1981,29.9192,-290263,4,"Alexandria, Al Iskandariyah, Egypt",EG,EG06,61590,31.1981,29.9192,-290263,4,"Alexandria, Al Iskandariyah, Egypt",EG,EG06,61590,31.1981,29.9192,-290263,20260304154500,https://www.citizen.co.za/news/south-africa/courts/parolee-gets-25-years-for-raping-blind-woman-in-her-home/
1292362395,20260304,202603,2026,2026.1753,KAZ,KAZAKHSTAN,KAZ,,,,,,,,,,,,,,,,,,0,20,20,2,1,3.0,2,1,2,-1.52284263959391,1,Kazakhstan,KZ,KZ,,48.0,68.0,KZ,0,,,,,,,,4,"Persian Gulf, Oceans (general), Oceans",OS,OS00,25307,27.0,51.0,-1506414,20260304154500,https://timesca.com/middle-east-conflict-tests-central-asias-trade-routes-and-energy-security/
1292362427,20260304,202603,2026,2026.1753,KWT,KUWAIT,KWT,,,,,,,,,,,,,,,,,,0,190,190,19,4,-10.0,2,2,2,-4.386957181901,1,Israel,IS,IS,,31.5,34.75,IS,0,,,,,,,,1,Israel,IS,IS,,31.5,34.75,IS,20260304154500,https://www.wkyufm.org/news/2026-03-04/the-u-s-sinks-irans-ships-and-slams-its-missile-launchers-as-the-war-enters-day-5
1292362428,20260304,202603,2026,2026.1753,KWT,KUWAIT,KWT,,,,,,,,GBRCVL,UNITED KINGDOM,GBR,,,,,CVL,,,1,43,43,4,1,2.8,2,1,2,-2.91878172588832,4,"Ali Al Salem Air Base, Kuwait (general), Kuwait",KU,KU00,123556,29.35,47.5211,186617,5,"Leicestershire, Leicestershire, United Kingdom",UK,UKH5,40119,52.6649,-1.03489,-2600962,4,"Ali Al Salem Air Base, Kuwait (general), Kuwait",KU,KU00,123556,29.35,47.5211,186617,20260304154500,https://www.leicestermercury.co.uk/news/local-news/leicestershire-family-stuck-kuwait-amid-10847276
1292362429,20260304,202603,2026,2026.1753,KWT,KUWAIT,KWT,,,,,,,,GOV,FOREIGN OFFICE,,,,,,GOV,,,1,43,43,4,1,2.8,5,1,5,-2.91878172588832,4,"Ali Al Salem Air Base, Kuwait (general), Kuwait",KU,KU00,123556,29.35,47.5211,186617,5,"Leicestershire, Leicestershire, United Kingdom",UK,UKH5,40119,52.6649,-1.03489,-2600962,4,"Ali Al Salem Air Base, Kuwait (general), Kuwait",KU,KU00,123556,29.35,47.5211,186617,20260304154500,https://www.leicestermercury.co.uk/news/local-news/leicestershire-family-stuck-kuwait-amid-10847276
1292362430,20260304,202603,2026,2026.1753,KWT,KUWAIT,KWT,,,,,,,,GOV,FOREIGN OFFICE,,,,,,GOV,,,1,43,43,4,1,2.8,3,1,3,-2.91878172588832,4,"Ali Al Salem Air Base, Kuwait (general), Kuwait",KU,KU00,123556,29.35,47.5211,186617,4,"Ali Al Salem Air Base, Kuwait (general), Kuwait",KU,KU00,123556,29.35,47.5211,186617,4,"Ali Al Salem Air Base, Kuwait (general), Kuwait",KU,KU00,123556,29.35,47.5211,186617,20260304154500,https://www.leicestermercury.co.uk/news/local-news/leicestershire-family-stuck-kuwait-amid-10847276
1292362431,20260304,202603,2026,2026.1753,KWT,KUWAIT,KWT,,,,,,,,GOVMIL,DEPARTMENT OF DEFENSE,,,,,,GOV,MIL,,0,190,190,19,4,-10.0,2,2,2,-4.386957181901,1,Israel,IS,IS,,31.5,34.75,IS,1,Israel,IS,IS,,31.5,34.75,IS,1,Israel,IS,IS,,31.5,34.75,IS,20260304154500,https://www.wkyufm.org/news/2026-03-04/the-u-s-sinks-irans-ships-and-slams-its-missile-launchers-as-the-war-enters-day-5
1292362432,20260304,202603,2026,2026.1753,KWT,KUWAIT,KWT,,,,,,,,IRN,IRAN,IRN,,,,,,,,1,42,42,4,1,1.9,2,1,2,-2.91878172588832,4,"Ali Al Salem Air Base, Kuwait (general), Kuwait",KU,KU00,123556,29.35,47.5211,186617,1,Iran,IR,IR,,32.0,53.0,IR,1,Iran,IR,IR,,32.0,53.0,IR,20260304154500,https://www.leicestermercury.co.uk/news/local-news/leicestershire-family-stuck-kuwait-amid-10847276
1292362434,20260304,202603,2026,2026.1753,KWT,KUWAIT,KWT,,,,,,,,MILMIL,ARMY,,,,,,MIL,MIL,,1,190,190,19,4,-10.0,1,1,1,-7.4468085106383,4,"Shuaiba Port, Kuwait (general), Kuwait",KU,KU00,25307,29.0447,48.1592,-789889,4,"Shuaiba Port, Kuwait (general), Kuwait",KU,KU00,25307,29.0447,48.1592,-789889,4,"Shuaiba Port, Kuwait (general), Kuwait",KU,KU00,25307,29.0447,48.1592,-789889,20260304154500,https://www.yahoo.com/news/articles/watch-live-pete-hegseth-offers-123734886.html
1292362435,20260304,202603,2026,2026.1753,KWT,KUWAIT,KWT,,,,,,,,MILMIL,ARMY,,,,,,MIL,MIL,,1,190,190,19,4,-10.0,1,1,1,-7.4468085106383,4,"Shuaiba Port, Kuwait (general), Kuwait",KU,KU00,25307,29.0447,48.1592,-789889,3,"West Des Moines, Iowa, United States",US,USIA,,41.5772,-93.7113,462839,4,"Shuaiba Port, Kuwait (general), Kuwait",KU,KU00,25307,29.0447,48.1592,-789889,20260304154500,https://www.yahoo.com/news/articles/watch-live-pete-hegseth-offers-123734886.html
1292362437,20260304,202603,2026,2026.1753,KWT,KUWAIT,KWT,,,,,,,,QATMED,AL JAZEERA,QAT,,,,,MED,,,1,42,42,4,1,1.9,4,1,4,-2.91878172588832,4,"Ali Al Salem Air Base, Kuwait (general), Kuwait",KU,KU00,123556,29.35,47.5211,186617,1,Iran,IR,IR,,32.0,53.0,IR,1,Iran,IR,IR,,32.0,53.0,IR,20260304154500,https://www.leicestermercury.co.uk/news/local-news/leicestershire-family-stuck-kuwait-amid-10847276
1292362440,20260304,202603,2026,2026.1753,KWT,KUWAIT,KWT,,,,,,,,USA,UNITED STATES,USA,,,,,,,,1,190,190,19,4,-10.0,2,1,2,-7.4468085106383,4,"Shuaiba Port, Kuwait (general), Kuwait",KU,KU00,25307,29.0447,48.1592,-789889,4,"Shuaiba Port, Kuwait (general), Kuwait",KU,KU00,25307,29.0447,48.1592,-789889,4,"Shuaiba Port, Kuwait (general), Kuwait",KU,KU00,25307,29.0447,48.1592,-789889,20260304154500,https://www.yahoo.com/news/articles/watch-live-pete-hegseth-offers-123734886.html
1292362441,20260304,202603,2026,2026.1753,KWT,KUWAIT,KWT,,,,,,,,USA,UNITED STATES,USA,,,,,,,,1,190,190,19,4,-10.0,1,1,1,-7.4468085106383,4,"Shuaiba Port, Kuwait (general), Kuwait",KU,KU00,25307,29.0447,48.1592,-789889,3,"West Des Moines, Iowa, United States",US,USIA,,41.5772,-93.7113,462839,4,"Shuaiba Port, Kuwait (general), Kuwait",KU,KU00,25307,29.0447,48.1592,-789889,20260304154500,https://www.yahoo.com/news/articles/watch-live-pete-hegseth-offers-123734886.html
1292362443,20260304,202603,2026,2026.1753,KWT,KUWAIT,KWT,,,,,,,,USA,AMERICAN,USA,,,,,,,,0,194,194,19,4,-10.0,10,1,10,-6.31768953068592,4,"Tehran, Tehran, Iran",IR,IR26,41130,35.75,51.5148,10074674,4,"Tehran, Tehran, Iran",IR,IR26,41130,35.75,51.5148,10074674,4,"Tehran, Tehran, Iran",IR,IR26,41130,35.75,51.5148,10074674,20260304154500,https://www.businessinsider.com/iran-drone-missile-activity-drops-us-pushes-for-air-superiority-2026-3
1292362449,20260304,202603,2026,2026.1753,LBN,LEBANON,LBN,,,,,,,,GOV,MINIST,,,,,,GOV,,,1,20,20,2,1,3.0,2,1,2,-2.92134831460675,4,"Ottawa, Ontario, Canada",CA,CA08,12755,45.4167,-75.7,-570760,4,"Ottawa, Ontario, Canada",CA,CA08,12755,45.4167,-75.7,-570760,4,"Beirut, Beyrouth, Lebanon",LE,LE04,18808,33.8719,35.5097,-801546,20260304154500,https://www.castanetkamloops.net/news/Canada/601813/Canada-secures-limited-seats-on-commercial-flights-from-Lebanon-as-conflict-widens
1292362450,20260304,202603,2026,2026.1753,LBN,LEBANON,LBN,,,,,,,,GOV,MINIST,,,,,,GOV,,,1,20,20,2,1,3.0,8,1,8,-2.92134831460675,4,"Beirut, Beyrouth, Lebanon",LE,LE04,18808,33.8719,35.5097,-801546,4,"Beirut, Beyrouth, Lebanon",LE,LE04,18808,33.8719,35.5097,-801546,4,"Beirut, Beyrouth, Lebanon",LE,LE04,18808,33.8719,35.5097,-801546,20260304154500,https://www.castanetkamloops.net/news/Canada/601813/Canada-secures-limited-seats-on-commercial-flights-from-Lebanon-as-conflict-widens
1292362452,20260304,202603,2026,2026.1753,LBN,LEBANESE,LBN,,,,,,,,ISR,ISRAELI,ISR,,,,,,,,1,10,10,1,1,0.0,2,1,2,-6.76982591876209,5,"Bekaa, Béa, Lebanon",LE,LE08,18792,33.6667,35.8333,-798017,5,"Bekaa, Béa, Lebanon",LE,LE08,18792,33.6667,35.8333,-798017,5,"Bekaa, Béa, Lebanon",LE,LE08,18792,33.6667,35.8333,-798017,20260304154500,https://www.islamicinvitationturkey.com/watch-hezbollah-strikes-deep-despite-brutal-zionist-attacks/
1292362461,20260304,202603,2026,2026.1753,LEG,LAWMAKER,,,,,,LEG,,,,,,,,,,,,,0,13,13,1,1,0.4,3,1,3,-2.05973223480948,1,Israel,IS,IS,,31.5,34.75,IS,0,,,,,,,,1,Iran,IR,IR,,32.0,53.0,IR,20260304154500,https://talkingpointsmemo.com/news/iran-blood-moon-purim-end-times-trump
1292362462,20260304,202603,2026,2026.1753,LEG,CONGRESS,,,,,,LEG,,,,,,,,,,,,,0,14,14,1,1,0.0,10,1,10,-6.13138686131387,1,Israel,IS,IS,,31.5,34.75,IS,0,,,,,,,,1,Israel,IS,IS,,31.5,34.75,IS,20260304154500,https://www.islamicinvitationturkey.com/growing-concerns-surround-trumps-iran-conflict-amid-disputed-claims-and-rising-expenses-reports-suggest/
1292362482,20260304,202603,2026,2026.1753,LEG,HOUSE SPEAKER,,,,,,LEG,,,ISRGOV,ISRAEL,ISR,,,,,GOV,,,1,80,80,8,2,5.0,2,1,2,-2.95302013422819,4,"Tehran, Tehran, Iran",IR,IR26,41130,35.75,51.5148,10074674,4,"Tehran, Tehran, Iran",IR,IR26,41130,35.75,51.5148,10074674,4,"Tehran, Tehran, Iran",IR,IR26,41130,35.75,51.5148,10074674,20260304154500,https://www.upi.com/Voices/2026/03/04/iran-us-war-outcome/4711772633151/
1292362486,20260304,202603,2026,2026.1753,LEG,SENATOR,,,,,,LEG,,,MIL,GROUND TROOP,,,,,,MIL,,,0,12,12,1,1,-0.4,8,1,8,-6.13138686131387,1,Iran,IR,IR,,32.0,53.0,IR,1,Iran,IR,IR,,32.0,53.0,IR,1,Iran,IR,IR,,32.0,53.0,IR,20260304154500,https://www.islamicinvitationturkey.com/growing-concerns-surround-trumps-iran-conflict-amid-disputed-claims-and-rising-expenses-reports-suggest/
1292362487,20260304,202603,2026,2026.1753,LEG,SENATOR,,,,,,LEG,,,MIL,GROUND TROOP,,,,,,MIL,,,0,154,154,15,4,-7.2,8,1,8,-6.13138686131387,1,Iran,IR,IR,,32.0,53.0,IR,1,Iran,IR,IR,,32.0,53.0,IR,1,Iran,IR,IR,,32.0,53.0,IR,20260304154500,https://www.islamicinvitationturkey.com/growing-concerns-surround-trumps-iran-conflict-amid-disputed-claims-and-rising-expenses-reports-suggest/
1292362499,20260304,202603,2026,2026.1753,LKA,SRI LANKAN,LKA,,,,,,,,LKAGOV,SRI LANKAN,LKA,,,,,GOV,,,1,73,73,7,2,7.4,3,1,3,-5.46218487394958,4,"Tehran, Tehran, Iran",IR,IR26,41130,35.75,51.5148,10074674,4,"Tehran, Tehran, Iran",IR,IR26,41130,35.75,51.5148,10074674,4,"Tehran, Tehran, Iran",IR,IR26,41130,35.75,51.5148,10074674,20260304154500,https://www.castanetkamloops.net/news/World/601814/US-sinks-Iranian-warship-as-Iran-warns-of-widespread-destruction-in-the-Middle-East
1292362516,20260304,202603,2026,2026.1753,LVA,RIGA,LVA,,,,,,,,CVL,TRAVELER,,,,,,CVL,,,1,60,60,6,2,6.0,3,1,3,0.0,1,Israel,IS,IS,,31.5,34.75,IS,1,Iran,IR,IR,,32.0,53.0,IR,1,Iran,IR,IR,,32.0,53.0,IR,20260304154500,https://www.baltictimes.com/foreign_ministry_coordinates_with_eu_partners_on_assistance_for_travelers_in_middle_east_region/
1292362534,20260304,202603,2026,2026.1753,MED,JOURNALIST,,,,,,MED,,,CAN,CANADA,CAN,,,,,,,,1,90,90,9,2,-2.0,2,1,2,-2.92134831460675,4,"Gaza, Israel (general), Israel",IS,IS00,18315,31.4167,34.3333,-797156,4,"Gaza, Israel (general), Israel",IS,IS00,18315,31.4167,34.3333,-797156,4,"Gaza, Israel (general), Israel",IS,IS00,18315,31.4167,34.3333,-797156,20260304154500,https://www.castanetkamloops.net/news/Canada/601813/Canada-secures-limited-seats-on-commercial-flights-from-Lebanon-as-conflict-widens
1292362535,20260304,202603,2026,2026.1753,MED,JOURNALIST,,,,,,MED,,,CANGOV,CANADA,CAN,,,,,GOV,,,1,90,90,9,2,-2.0,2,1,2,-2.92134831460675,4,"Gaza, Israel (general), Israel",IS,IS00,18315,31.4167,34.3333,-797156,4,"Beirut, Beyrouth, Lebanon",LE,LE04,18808,33.8719,35.5097,-801546,4,"Gaza, Israel (general), Israel",IS,IS00,18315,31.4167,34.3333,-797156,20260304154500,https://www.castanetkamloops.net/news/Canada/601813/Canada-secures-limited-seats-on-commercial-flights-from-Lebanon-as-conflict-widens
1292362536,20260304,202603,2026,2026.1753,MED,MEDIA,,,,,,MED,,,CVL,RESIDENTS,,,,,,CVL,,,1,43,43,4,1,2.8,3,1,3,-4.15430267062315,1,Israel,IS,IS,,31.5,34.75,IS,4,"Saida, Liban-Sud, Lebanon",LE,LE06,18805,33.5631,35.3689,-810346,4,"Saida, Liban-Sud, Lebanon",LE,LE06,18805,33.5631,35.3689,-810346,20260304154500,https://aleteia.org/2026/03/04/lebanon-they-yearn-for-an-ordinary-life/
1292362539,20260304,202603,2026,2026.1753,MED,JOURNALIST,,,,,,MED,,,GOV,MINIST OF FOREIGN AFFAIRS,,,,,,GOV,,,1,90,90,9,2,-2.0,6,1,6,-2.92134831460675,4,"Gaza, Israel (general), Israel",IS,IS00,18315,31.4167,34.3333,-797156,1,Iran,IR,IR,,32.0,53.0,IR,4,"Gaza, Israel (general), Israel",IS,IS00,18315,31.4167,34.3333,-797156,20260304154500,https://www.castanetkamloops.net/news/Canada/601813/Canada-secures-limited-seats-on-commercial-flights-from-Lebanon-as-conflict-widens
1292362542,20260304,202603,2026,2026.1753,MED,SPOKESMAN,,,,,,MED,,,IRN,IRANIAN,IRN,,,,,,,,1,15,15,1,1,0.0,6,1,6,-5.08474576271186,4,"Kurdistan, Khuzestan, Iran",IR,IR15,41008,30.6693,50.2055,-3072067,4,"Kurdistan, Khuzestan, Iran",IR,IR15,41008,30.6693,50.2055,-3072067,4,"Kurdistan, Khuzestan, Iran",IR,IR15,41008,30.6693,50.2055,-3072067,20260304154500,https://www.presstv.ir/Detail/2026/03/04/764953/IRGC-pounds-bases-of-anti-Iran-separatist-groups-in-Iraqi-Kurdistan
1292362547,20260304,202603,2026,2026.1753,MED,CORRESPONDENT,,,,,,MED,,,USA,UNITED STATES,USA,,,,,,,,0,10,10,1,1,0.0,2,1,2,-5.76923076923077,1,United States,US,US,,39.828175,-98.5795,US,1,United States,US,US,,39.828175,-98.5795,US,4,"Minab, Sistan va Baluchestan, Iran",IR,IR04,41051,25.7893,61.1025,293743,20260304154500,https://www.mediaite.com/media/news/trump-war-chief-hegseth-confronted-over-attack-on-girls-school-that-killed-160-children/
1292362554,20260304,202603,2026,2026.1753,MIL,MILITARY,,,,,,MIL,,,,,,,,,,,,,0,84,84,8,2,7.0,10,1,10,-6.76982591876209,5,"Bekaa, Béa, Lebanon",LE,LE08,18792,33.6667,35.8333,-798017,0,,,,,,,,5,"Bekaa, Béa, Lebanon",LE,LE08,18792,33.6667,35.8333,-798017,20260304154500,https://www.islamicinvitationturkey.com/watch-hezbollah-strikes-deep-despite-brutal-zionist-attacks/
1292362556,20260304,202603,2026,2026.1753,MIL,MILITARY,,,,,,MIL,,,,,,,,,,,,,1,150,150,15,4,-7.2,10,1,10,-6.49762282091918,1,Iran,IR,IR,,32.0,53.0,IR,0,,,,,,,,1,Iran,IR,IR,,32.0,53.0,IR,20260304154500,https://www.irishecho.com/2026/3/short-long-endless
1292362569,20260304,202603,2026,2026.1753,MIL,MILITARY BASE,,,,,,MIL,,,IRQ,IRAQ,IRQ,,,,,,,,1,195,195,19,4,-10.0,8,1,8,-6.88622754491018,4,"Erbil, Liwa' Irbil, Iraq",IZ,IZ11,123554,36.1926,44.0106,-3106433,4,"Erbil, Liwa' Irbil, Iraq",IZ,IZ11,123554,36.1926,44.0106,-3106433,4,"Erbil, Liwa' Irbil, Iraq",IZ,IZ11,123554,36.1926,44.0106,-3106433,20260304154500,https://www.islamicinvitationturkey.com/irgc-ground-force-initiates-trio-of-operations-countering-alleged-israeli-us-hostilities/
1292362570,20260304,202603,2026,2026.1753,MIL,MAJOR GENERAL,,,,,,MIL,,,ISR,ISRAELI,ISR,,,,,,,,1,40,40,4,1,1.0,4,1,4,-0.28735632183908,1,Israel,IS,IS,,31.5,34.75,IS,1,Israel,IS,IS,,31.5,34.75,IS,1,Israel,IS,IS,,31.5,34.75,IS,20260304154500,https://timesofindia.indiatimes.com/world/middle-east/next-mission-waiting-for-you-what-israels-air-force-commander-told-f-35-pilot-who-shot-down-iranian-jet-over-tehran/articleshow/129034521.cms
1292362571,20260304,202603,2026,2026.1753,MIL,MAJOR GENERAL,,,,,,MIL,,,ISRMIL,ISRAELI,ISR,,,,,MIL,,,1,40,40,4,1,1.0,3,1,3,-0.28735632183908,1,Israel,IS,IS,,31.5,34.75,IS,1,Israel,IS,IS,,31.5,34.75,IS,1,Israel,IS,IS,,31.5,34.75,IS,20260304154500,https://timesofindia.indiatimes.com/world/middle-east/next-mission-waiting-for-you-what-israels-air-force-commander-told-f-35-pilot-who-shot-down-iranian-jet-over-tehran/articleshow/129034521.cms
1292362573,20260304,202603,2026,2026.1753,MIL,MILITARY BASE,,,,,,MIL,,,KWT,KUWAIT,KWT,,,,,,,,1,195,195,19,4,-10.0,2,1,2,-6.88622754491018,4,"Erbil, Liwa' Irbil, Iraq",IZ,IZ11,123554,36.1926,44.0106,-3106433,4,"Erbil, Liwa' Irbil, Iraq",IZ,IZ11,123554,36.1926,44.0106,-3106433,4,"Erbil, Liwa' Irbil, Iraq",IZ,IZ11,123554,36.1926,44.0106,-3106433,20260304154500,https://www.islamicinvitationturkey.com/irgc-ground-force-initiates-trio-of-operations-countering-alleged-israeli-us-hostilities/
1292362574,20260304,202603,2026,2026.1753,MIL,MILITARY BASE,,,,,,MIL,,,KWT,KUWAIT,KWT,,,,,,,,1,195,195,19,4,-10.0,6,1,6,-6.88622754491018,4,"Erbil, Liwa' Irbil, Iraq",IZ,IZ11,123554,36.1926,44.0106,-3106433,1,Kuwait,KU,KU,,29.5,47.75,KU,4,"Erbil, Liwa' Irbil, Iraq",IZ,IZ11,123554,36.1926,44.0106,-3106433,20260304154500,https://www.islamicinvitationturkey.com/irgc-ground-force-initiates-trio-of-operations-countering-alleged-israeli-us-hostilities/
1292362575,20260304,202603,2026,2026.1753,MIL,WARSHIP,,,,,,MIL,,,LKA,SRI LANKA,LKA,,,,,,,,1,20,20,2,1,3.0,28,1,28,-4.92350222760089,1,Iran,IR,IR,,32.0,53.0,IR,1,Sri Lanka,CE,CE,,7.0,81.0,CE,1,Iran,IR,IR,,32.0,53.0,IR,20260304154500,https://newsradio1290wtks.iheart.com/content/2026-03-04-us-submarine-sinks-iranian-warship-in-the-indian-ocean/
1292362576,20260304,202603,2026,2026.1753,MIL,WARSHIP,,,,,,MIL,,,LKA,SRI LANKA,LKA,,,,,,,,1,20,20,2,1,3.0,42,1,42,-4.92350222760089,1,Iran,IR,IR,,32.0,53.0,IR,1,Iran,IR,IR,,32.0,53.0,IR,1,Iran,IR,IR,,32.0,53.0,IR,20260304154500,https://newsradio1290wtks.iheart.com/content/2026-03-04-us-submarine-sinks-iranian-warship-in-the-indian-ocean/
1292362581,20260304,202603,2026,2026.1753,MIL,MILITARY,,,,,,MIL,,,USA,AMERICAN,USA,,,,,,,,1,20,20,2,1,3.0,8,1,8,-2.57648953301127,1,Israel,IS,IS,,31.5,34.75,IS,1,Israel,IS,IS,,31.5,34.75,IS,1,Israel,IS,IS,,31.5,34.75,IS,20260304154500,https://www.upi.com/Top_News/World-News/2026/03/04/evacuate-americans-middle-east-war/9141772636040/
1292362587,20260304,202603,2026,2026.1753,MIL,NAVY,,,,,,MIL,,,USA,UNITED STATES,USA,,,,,,,,0,190,190,19,4,-10.0,2,1,2,-5.84577114427861,4,"Gulf Of Oman, Iran (general), Iran",IR,IR00,40979,25.4489,57.7939,-3077385,1,United States,US,US,,39.828175,-98.5795,US,4,"Gulf Of Oman, Iran (general), Iran",IR,IR00,40979,25.4489,57.7939,-3077385,20260304154500,https://www.breitbart.com/europe/2026/03/04/iranian-warship-sunk-by-u-s-submarine-first-since-ww2-hegseth/
1292362588,20260304,202603,2026,2026.1753,MIL,NAVY,,,,,,MIL,,,USA,UNITED STATES,USA,,,,,,,,0,190,190,19,4,-10.0,1,1,1,-5.84577114427861,1,United States,US,US,,39.828175,-98.5795,US,1,United States,US,US,,39.828175,-98.5795,US,4,"Gulf Of Oman, Iran (general), Iran",IR,IR00,40979,25.4489,57.7939,-3077385,20260304154500,https://www.breitbart.com/europe/2026/03/04/iranian-warship-sunk-by-u-s-submarine-first-since-ww2-hegseth/
1292362590,20260304,202603,2026,2026.1753,MILMIL,COMMANDER,,,,,,MIL,MIL,,IRN,IRANIAN,IRN,,,,,,,,1,13,13,1,1,0.4,10,1,10,-0.28735632183908,1,Israel,IS,IS,,31.5,34.75,IS,4,"Tehran, Tehran, Iran",IR,IR26,41130,35.75,51.5148,10074674,1,Israel,IS,IS,,31.5,34.75,IS,20260304154500,https://timesofindia.indiatimes.com/world/middle-east/next-mission-waiting-for-you-what-israels-air-force-commander-told-f-35-pilot-who-shot-down-iranian-jet-over-tehran/articleshow/129034521.cms
1292362591,20260304,202603,2026,2026.1753,MILMIL,COMMANDER,,,,,,MIL,MIL,,IRN,IRANIAN,IRN,,,,,,,,1,13,13,1,1,0.4,10,1,10,-0.28735632183908,1,Syria,SY,SY,,35.0,38.0,SY,1,Syria,SY,SY,,35.0,38.0,SY,1,Syria,SY,SY,,35.0,38.0,SY,20260304154500,https://timesofindia.indiatimes.com/world/middle-east/next-mission-waiting-for-you-what-israels-air-force-commander-told-f-35-pilot-who-shot-down-iranian-jet-over-tehran/articleshow/129034521.cms
1292362592,20260304,202603,2026,2026.1753,MILMIL,COMMANDER,,,,,,MIL,MIL,,ISRMIL,ISRAELI,ISR,,,,,MIL,,,1,40,40,4,1,1.0,3,1,3,-0.28735632183908,1,Israel,IS,IS,,31.5,34.75,IS,1,Israel,IS,IS,,31.5,34.75,IS,4,"Tehran, Tehran, Iran",IR,IR26,41130,35.75,51.5148,10074674,20260304154500,https://timesofindia.indiatimes.com/world/middle-east/next-mission-waiting-for-you-what-israels-air-force-commander-told-f-35-pilot-who-shot-down-iranian-jet-over-tehran/articleshow/129034521.cms
1292362594,20260304,202603,2026,2026.1753,MILMIL,JOINT CHIEFS OF STAFF,,,,,,MIL,MIL,,USA,UNITED STATES,USA,,,,,,,,1,190,190,19,4,-10.0,1,1,1,-7.35930735930736,3,"Washington, District of Columbia, United States",US,USDC,DC001,38.8951,-77.0364,531871,4,"Tehran, Tehran, Iran",IR,IR26,41130,35.75,51.5148,10074674,4,"Tehran, Tehran, Iran",IR,IR26,41130,35.75,51.5148,10074674,20260304154500,https://ianslive.in/pentagon-confirms-ai-enabled-weapons-used-in-the-iran-war--20260304201204
1292362611,20260304,202603,2026,2026.1753,MOS,ISLAMIC,,,,MOS,,,,,ISR,ISRAELI,ISR,,,,,,,,1,190,190,19,4,-10.0,2,1,2,-6.76982591876209,4,"Metula, Ha?afon, Israel",IS,IS03,18314,33.2792,35.5795,-780681,4,"Metula, Ha?afon, Israel",IS,IS03,18314,33.2792,35.5795,-780681,4,"Metula, Ha?afon, Israel",IS,IS03,18314,33.2792,35.5795,-780681,20260304154500,https://www.islamicinvitationturkey.com/watch-hezbollah-strikes-deep-despite-brutal-zionist-attacks/
1292362612,20260304,202603,2026,2026.1753,MOS,ISLAMIC,,,,MOS,,,,,ISR,ISRAELI,ISR,,,,,,,,1,190,190,19,4,-10.0,4,1,4,-6.76982591876209,4,"Metula, Ha?afon, Israel",IS,IS03,18314,33.2792,35.5795,-780681,4,"Tel Hashomer, HaMerkaz, Israel",IS,IS02,18316,32.0539,34.8481,-781581,4,"Tel Hashomer, HaMerkaz, Israel",IS,IS02,18316,32.0539,34.8481,-781581,20260304154500,https://www.islamicinvitationturkey.com/watch-hezbollah-strikes-deep-despite-brutal-zionist-attacks/
1292362613,20260304,202603,2026,2026.1753,MOS,ISLAMIC,,,,MOS,,,,,ISR,ISRAELI,ISR,,,,,,,,0,190,190,19,4,-10.0,8,1,8,-6.76982591876209,4,"Tel Aviv, Tel Aviv, Israel",IS,IS05,18316,32.0667,34.7667,-781545,4,"Tel Aviv, Tel Aviv, Israel",IS,IS05,18316,32.0667,34.7667,-781545,4,"Tel Aviv, Tel Aviv, Israel",IS,IS05,18316,32.0667,34.7667,-781545,20260304154500,https://www.islamicinvitationturkey.com/watch-hezbollah-strikes-deep-despite-brutal-zionist-attacks/
1292362614,20260304,202603,2026,2026.1753,MOS,ISLAMIC,,,,MOS,,,,,ISR,ISRAELI,ISR,,,,,,,,1,190,190,19,4,-10.0,15,1,9,-6.76982591876209,4,"Tel Hashomer, HaMerkaz, Israel",IS,IS02,18316,32.0539,34.8481,-781581,4,"Tel Hashomer, HaMerkaz, Israel",IS,IS02,18316,32.0539,34.8481,-781581,4,"Tel Hashomer, HaMerkaz, Israel",IS,IS02,18316,32.0539,34.8481,-781581,20260304154500,https://www.islamicinvitationturkey.com/watch-hezbollah-strikes-deep-despite-brutal-zionist-attacks/
1292362615,20260304,202603,2026,2026.1753,MOS,ISLAMIC,,,,MOS,,,,,ISR,ISRAELI,ISR,,,,,,,,1,190,190,19,4,-10.0,8,1,8,-6.76982591876209,5,"Bekaa, Béa, Lebanon",LE,LE08,18792,33.6667,35.8333,-798017,5,"Bekaa, Béa, Lebanon",LE,LE08,18792,33.6667,35.8333,-798017,5,"Bekaa, Béa, Lebanon",LE,LE08,18792,33.6667,35.8333,-798017,20260304154500,https://www.islamicinvitationturkey.com/watch-hezbollah-strikes-deep-despite-brutal-zionist-attacks/
1292362616,20260304,202603,2026,2026.1753,MOS,ISLAMIC,,,,MOS,,,,,ISR,ISRAEL,ISR,,,,,,,,0,194,194,19,4,-10.0,3,1,3,-6.76982591876209,4,"Tel Hashomer, HaMerkaz, Israel",IS,IS02,18316,32.0539,34.8481,-781581,4,"Tel Hashomer, HaMerkaz, Israel",IS,IS02,18316,32.0539,34.8481,-781581,4,"Tel Hashomer, HaMerkaz, Israel",IS,IS02,18316,32.0539,34.8481,-781581,20260304154500,https://www.islamicinvitationturkey.com/watch-hezbollah-strikes-deep-despite-brutal-zionist-attacks/
1292362617,20260304,202603,2026,2026.1753,MOS,ISLAMIC,,,,MOS,,,,,ISR,ISRAEL,ISR,,,,,,,,0,194,194,19,4,-10.0,1,1,1,-6.76982591876209,4,"Tel Hashomer, HaMerkaz, Israel",IS,IS02,18316,32.0539,34.8481,-781581,4,"Houla, Nabatî, Lebanon",LE,LE07,18314,33.2092,35.515,-804489,4,"Tel Hashomer, HaMerkaz, Israel",IS,IS02,18316,32.0539,34.8481,-781581,20260304154500,https://www.islamicinvitationturkey.com/watch-hezbollah-strikes-deep-despite-brutal-zionist-attacks/
1292362618,20260304,202603,2026,2026.1753,MOS,ISLAMIC,,,,MOS,,,,,ISRMIL,HAIFA,ISR,,,,,MIL,,,0,190,190,19,4,-10.0,10,1,10,-6.76982591876209,5,"Bekaa, Béa, Lebanon",LE,LE08,18792,33.6667,35.8333,-798017,5,"Bekaa, Béa, Lebanon",LE,LE08,18792,33.6667,35.8333,-798017,5,"Bekaa, Béa, Lebanon",LE,LE08,18792,33.6667,35.8333,-798017,20260304154500,https://www.islamicinvitationturkey.com/watch-hezbollah-strikes-deep-despite-brutal-zionist-attacks/
1292362619,20260304,202603,2026,2026.1753,MOS,ISLAMIC,,,,MOS,,,,,MILMED,MILITARY,,,,,,MIL,MED,,1,190,190,19,4,-10.0,2,1,2,-6.76982591876209,4,"Metula, Ha?afon, Israel",IS,IS03,18314,33.2792,35.5795,-780681,4,"Metula, Ha?afon, Israel",IS,IS03,18314,33.2792,35.5795,-780681,4,"Metula, Ha?afon, Israel",IS,IS03,18314,33.2792,35.5795,-780681,20260304154500,https://www.islamicinvitationturkey.com/watch-hezbollah-strikes-deep-despite-brutal-zionist-attacks/
1292362620,20260304,202603,2026,2026.1753,MOS,ISLAMIC,,,,MOS,,,,,MILMED,MILITARY,,,,,,MIL,MED,,1,190,190,19,4,-10.0,3,1,3,-6.76982591876209,4,"Metula, Ha?afon, Israel",IS,IS03,18314,33.2792,35.5795,-780681,4,"Tel Hashomer, HaMerkaz, Israel",IS,IS02,18316,32.0539,34.8481,-781581,4,"Metula, Ha?afon, Israel",IS,IS03,18314,33.2792,35.5795,-780681,20260304154500,https://www.islamicinvitationturkey.com/watch-hezbollah-strikes-deep-despite-brutal-zionist-attacks/
1292362623,20260304,202603,2026,2026.1753,MOS,ISLAMIC,,,,MOS,,,,,PSE,PALESTINIAN,PSE,,,,,,,,0,194,194,19,4,-10.0,1,1,1,-6.76982591876209,4,"Tel Hashomer, HaMerkaz, Israel",IS,IS02,18316,32.0539,34.8481,-781581,4,"Tel Hashomer, HaMerkaz, Israel",IS,IS02,18316,32.0539,34.8481,-781581,4,"Tel Hashomer, HaMerkaz, Israel",IS,IS02,18316,32.0539,34.8481,-781581,20260304154500,https://www.islamicinvitationturkey.com/watch-hezbollah-strikes-deep-despite-brutal-zionist-attacks/
1292362625,20260304,202603,2026,2026.1753,MOS,ISLAMIC,,,,MOS,,,,,UAF,FIGHTER,,,,,,UAF,,,1,194,194,19,4,-10.0,5,1,5,-6.76982591876209,4,"Metula, Ha?afon, Israel",IS,IS03,18314,33.2792,35.5795,-780681,4,"Metula, Ha?afon, Israel",IS,IS03,18314,33.2792,35.5795,-780681,4,"Metula, Ha?afon, Israel",IS,IS03,18314,33.2792,35.5795,-780681,20260304154500,https://www.islamicinvitationturkey.com/watch-hezbollah-strikes-deep-despite-brutal-zionist-attacks/
1292362630,20260304,202603,2026,2026.1753,MOSSHICVL,SHIA,,,,MOS,SHI,CVL,,,IRN,IRAN,IRN,,,,,,,,1,141,141,14,3,-6.5,7,1,6,-9.12162162162166,1,Iran,IR,IR,,32.0,53.0,IR,1,Iran,IR,IR,,32.0,53.0,IR,1,Iran,IR,IR,,32.0,53.0,IR,20260304154500,https://news.webindia123.com/news/Articles/India/20260304/4423467.html
1292362631,20260304,202603,2026,2026.1753,MOSSHICVL,SHIA,,,,MOS,SHI,CVL,,,IRN,IRAN,IRN,,,,,,,,1,141,141,14,3,-6.5,4,1,4,-9.12162162162166,1,Israel,IS,IS,,31.5,34.75,IS,1,Iran,IR,IR,,32.0,53.0,IR,1,Israel,IS,IS,,31.5,34.75,IS,20260304154500,https://news.webindia123.com/news/Articles/India/20260304/4423467.html
1292362632,20260304,202603,2026,2026.1753,MOSSHICVL,SHIA,,,,MOS,SHI,CVL,,,IRN,IRAN,IRN,,,,,,,,1,141,141,14,3,-6.5,4,1,4,-9.12162162162166,1,Israel,IS,IS,,31.5,34.75,IS,1,Israel,IS,IS,,31.5,34.75,IS,1,Israel,IS,IS,,31.5,34.75,IS,20260304154500,https://news.webindia123.com/news/Articles/India/20260304/4423467.html
1292362633,20260304,202603,2026,2026.1753,MOSSHICVL,SHIA,,,,MOS,SHI,CVL,,,ISRMIL,ISRAEL,ISR,,,,,MIL,,,1,143,143,14,3,-6.5,10,1,10,-9.12162162162166,1,Iran,IR,IR,,32.0,53.0,IR,1,Israel,IS,IS,,31.5,34.75,IS,1,Israel,IS,IS,,31.5,34.75,IS,20260304154500,https://news.webindia123.com/news/Articles/India/20260304/4423467.html
1292362641,20260304,202603,2026,2026.1753,MYS,MALAYSIAN,MYS,,,,,,,,,,,,,,,,,,0,70,70,7,2,7.0,5,1,5,-0.55762081784386,1,Iran,IR,IR,,32.0,53.0,IR,0,,,,,,,,1,Iran,IR,IR,,32.0,53.0,IR,20260304154500,https://www.thestar.com.my/news/nation/2026/03/04/no-malaysians-reported-affected-following-security-developments-in-uae-says-envoy
1292362645,20260304,202603,2026,2026.1753,NGA,NIGERIAN,NGA,,,,,,,,,,,,,,,,,,1,12,12,1,1,-0.4,2,1,2,-1.19047619047619,4,"Abuja, Abuja Federal Capital Territory, Nigeria",NI,NI11,191147,9.08333,7.53333,-1997013,0,,,,,,,,1,Iran,IR,IR,,32.0,53.0,IR,20260304154500,https://www.nationalaccordnewspaper.com/u-s-embassy-warns-of-possible-iran-linked-protests-in-abuja-urges-citizens-to-stay-indoors/
1292362654,20260304,202603,2026,2026.1753,NGA,NIGERIAN,NGA,,,,,,,,NGACOP,NIGERIA,NGA,,,,,COP,,,1,12,12,1,1,-0.4,2,1,2,-1.19047619047619,4,"Abuja, Abuja Federal Capital Territory, Nigeria",NI,NI11,191147,9.08333,7.53333,-1997013,4,"Abuja, Abuja Federal Capital Territory, Nigeria",NI,NI11,191147,9.08333,7.53333,-1997013,1,Iran,IR,IR,,32.0,53.0,IR,20260304154500,https://www.nationalaccordnewspaper.com/u-s-embassy-warns-of-possible-iran-linked-protests-in-abuja-urges-citizens-to-stay-indoors/
1292362660,20260304,202603,2026,2026.1753,NGACOP,NIGERIAN,NGA,,,,,COP,,,,,,,,,,,,,1,12,12,1,1,-0.4,6,1,6,-1.19047619047619,4,"Abuja, Abuja Federal Capital Territory, Nigeria",NI,NI11,191147,9.08333,7.53333,-1997013,0,,,,,,,,1,Iran,IR,IR,,32.0,53.0,IR,20260304154500,https://www.nationalaccordnewspaper.com/u-s-embassy-warns-of-possible-iran-linked-protests-in-abuja-urges-citizens-to-stay-indoors/
1292362683,20260304,202603,2026,2026.1753,OMN,MUSCAT,OMN,,,,,,,,GBR,UNITED KINGDOM,GBR,,,,,,,,1,42,42,4,1,1.9,10,1,10,-5.0,4,"Fujairah, Al Fujayrah, United Arab Emirates",AE,AE04,149629,25.1164,56.3414,-782158,4,"Fujairah, Al Fujayrah, United Arab Emirates",AE,AE04,149629,25.1164,56.3414,-782158,4,"Fujairah, Al Fujayrah, United Arab Emirates",AE,AE04,149629,25.1164,56.3414,-782158,20260304154500,https://oilprice.com/Latest-Energy-News/World-News/Iran-Claims-It-Has-Complete-Control-Over-Strait-of-Hormuz.html
1292362687,20260304,202603,2026,2026.1753,OPP,PROTESTER,,,,,,OPP,,,,,,,,,,,,,0,111,111,11,3,-2.0,5,1,5,-9.12162162162166,1,Iran,IR,IR,,32.0,53.0,IR,0,,,,,,,,1,Iran,IR,IR,,32.0,53.0,IR,20260304154500,https://news.webindia123.com/news/Articles/India/20260304/4423467.html
1292362688,20260304,202603,2026,2026.1753,OPP,ACTIVIST,,,,,,OPP,,,ELI,ACTOR,,,,,,ELI,,,0,30,30,3,1,4.0,8,1,8,5.4054054054054,1,Jordan,JO,JO,,31.0,36.0,JO,1,Jordan,JO,JO,,31.0,36.0,JO,1,Jordan,JO,JO,,31.0,36.0,JO,20260304154500,https://www.billboard.com/music/awards/sankofa-org-social-justice-awards-2026-honorees-chuck-d-1236191219/
1292362700,20260304,202603,2026,2026.1753,PGSGOV,PERSIAN GULF,PGS,,,,,GOV,,,IRN,TEHRAN,IRN,,,,,,,,0,10,10,1,1,0.0,8,1,8,-4.28571428571429,4,"Tehran, Tehran, Iran",IR,IR26,41130,35.75,51.5148,10074674,4,"Tehran, Tehran, Iran",IR,IR26,41130,35.75,51.5148,10074674,4,"Tehran, Tehran, Iran",IR,IR26,41130,35.75,51.5148,10074674,20260304154500,https://www.islamicinvitationturkey.com/araghchi-accuses-trump-of-diplomacy-breach-and-u-s-betrayal-with-iran-assault/
1292362703,20260304,202603,2026,2026.1753,PSE,OCCUPIED TERRITORIES,PSE,,,,,,,,,,,,,,,,,,1,190,190,19,4,-10.0,4,1,4,-9.70149253731346,1,Israel,IS,IS,,31.5,34.75,IS,0,,,,,,,,1,Iran,IR,IR,,32.0,53.0,IR,20260304154500,https://www.islamicinvitationturkey.com/handala-group-infiltrates-prominent-israeli-think-tank-renowned-for-anti-iran-rhetoric/
1292362704,20260304,202603,2026,2026.1753,PSE,OCCUPIED TERRITORIES,PSE,,,,,,,,,,,,,,,,,,1,190,190,19,4,-10.0,6,1,6,-9.70149253731346,1,Israel,IS,IS,,31.5,34.75,IS,0,,,,,,,,1,Israel,IS,IS,,31.5,34.75,IS,20260304154500,https://www.islamicinvitationturkey.com/handala-group-infiltrates-prominent-israeli-think-tank-renowned-for-anti-iran-rhetoric/
1292362706,20260304,202603,2026,2026.1753,PSE,GAZA,PSE,,,,,,,,COPGOV,DEPUTY,,,,,,COP,GOV,,1,40,40,4,1,1.0,2,1,2,-2.50783699059561,4,"Gaza, Israel (general), Israel",IS,IS00,18315,31.4167,34.3333,-797156,4,"Moscow, Moskva, Russia",RS,RS48,25106,55.7522,37.6156,-2960561,4,"Gaza, Israel (general), Israel",IS,IS00,18315,31.4167,34.3333,-797156,20260304154500,https://www.aa.com.tr/en/asia-pacific/russia-launches-consultations-with-iraq-palestine-turkiye-amid-us-israel-iran-conflict/3850111
1292362707,20260304,202603,2026,2026.1753,PSE,OCCUPIED TERRITORIES,PSE,,,,,,,,ISR,ISRAEL,ISR,,,,,,,,1,43,43,4,1,2.8,1,1,1,-2.93757649938801,4,"Gaza, Israel (general), Israel",IS,IS00,18315,31.4167,34.3333,-797156,4,"Gaza, Israel (general), Israel",IS,IS00,18315,31.4167,34.3333,-797156,4,"Gaza, Israel (general), Israel",IS,IS00,18315,31.4167,34.3333,-797156,20260304154500,https://www.presstv.ir/Detail/2026/02/27/764806/modi-israel-visit-shows-morality-no-longer-guides-india-foreign-policy-journalist
1292362721,20260304,202603,2026,2026.1753,QAT,DOHA,QAT,,,,,,,,,,,,,,,,,,0,36,36,3,1,4.0,6,1,6,-2.57648953301127,4,"Doha, Ad Daw?ah, Qatar",QA,QA01,25307,25.2867,51.5333,-785169,0,,,,,,,,4,"Doha, Ad Daw?ah, Qatar",QA,QA01,25307,25.2867,51.5333,-785169,20260304154500,https://www.upi.com/Top_News/World-News/2026/03/04/evacuate-americans-middle-east-war/9141772636040/
1292362727,20260304,202603,2026,2026.1753,QAT,DOHA,QAT,,,,,,,,USA,UNITED STATES,USA,,,,,,,,0,36,36,3,1,4.0,4,1,4,-2.57648953301127,4,"Doha, Ad Daw?ah, Qatar",QA,QA01,25307,25.2867,51.5333,-785169,2,"Texas, United States",US,USTX,,31.106,-97.6475,TX,4,"Doha, Ad Daw?ah, Qatar",QA,QA01,25307,25.2867,51.5333,-785169,20260304154500,https://www.upi.com/Top_News/World-News/2026/03/04/evacuate-americans-middle-east-war/9141772636040/
1292362729,20260304,202603,2026,2026.1753,QATMED,AL JAZEERA,QAT,,,,,MED,,,KWT,KUWAIT,KWT,,,,,,,,1,43,43,4,1,2.8,4,1,4,-2.91878172588832,1,Iran,IR,IR,,32.0,53.0,IR,4,"Ali Al Salem Air Base, Kuwait (general), Kuwait",KU,KU00,123556,29.35,47.5211,186617,1,Iran,IR,IR,,32.0,53.0,IR,20260304154500,https://www.leicestermercury.co.uk/news/local-news/leicestershire-family-stuck-kuwait-amid-10847276
1292362732,20260304,202603,2026,2026.1753,REF,REFUGEE,,,,,,REF,,,,,,,,,,,,,0,181,181,18,4,-9.0,2,1,2,-4.1522491349481,1,Kuwait,KU,KU,,29.5,47.75,KU,0,,,,,,,,1,Jordan,JO,JO,,31.0,36.0,JO,20260304154500,https://www.castanetkamloops.net/news/Canada/601802/Mother-urges-Canada-to-swiftly-repatriate-her-son-after-reported-transfer-to-Iraq
1292362739,20260304,202603,2026,2026.1753,REL,BISHOP,,,,,,,,,YEM,YEMEN,YEM,,,,,,,,0,20,20,2,1,3.0,10,1,10,-1.25,4,"Sanaa, Sana', Yemen",YM,YM16,32956,15.3547,44.2067,-3191442,4,"Sanaa, Sana', Yemen",YM,YM16,32956,15.3547,44.2067,-3191442,4,"Sanaa, Sana', Yemen",YM,YM16,32956,15.3547,44.2067,-3191442,20260304154500,"https://www.asianews.it/news-en/Martyred-nuns-of-Aden:-10-years-later,-still-seeds-of-peace-64964.html"
1292362742,20260304,202603,2026,2026.1753,ROUPTY,ROMINA,,,,,,,,,GOV,MINIST,,,,,,GOV,,,1,20,20,2,1,3.0,8,1,8,-4.96644295302014,1,Iran,IR,IR,,32.0,53.0,IR,1,Iran,IR,IR,,32.0,53.0,IR,1,Iran,IR,IR,,32.0,53.0,IR,20260304154500,https://www.thelocal.se/20260304/politics-in-sweden-sweden-needs-to-get-off-the-fence-on-iran-but-how
1292362743,20260304,202603,2026,2026.1753,ROUPTY,ROMINA,,,,,,,,,GOV,MINIST,,,,,,GOV,,,1,80,80,8,2,5.0,3,1,3,-4.96644295302014,1,Iran,IR,IR,,32.0,53.0,IR,1,Iran,IR,IR,,32.0,53.0,IR,1,Iran,IR,IR,,32.0,53.0,IR,20260304154500,https://www.thelocal.se/20260304/politics-in-sweden-sweden-needs-to-get-off-the-fence-on-iran-but-how
1292362744,20260304,202603,2026,2026.1753,ROUPTY,ROMINA,,,,,,,,,IRN,IRAN,IRN,,,,,,,,1,40,40,4,1,1.0,2,1,2,-4.96644295302014,1,Iran,IR,IR,,32.0,53.0,IR,1,Iran,IR,IR,,32.0,53.0,IR,1,Iran,IR,IR,,32.0,53.0,IR,20260304154500,https://www.thelocal.se/20260304/politics-in-sweden-sweden-needs-to-get-off-the-fence-on-iran-but-how
1292362745,20260304,202603,2026,2026.1753,ROUPTY,ROMINA,,,,,,,,,IRN,IRAN,IRN,,,,,,,,1,80,80,8,2,5.0,1,1,1,-4.96644295302014,1,Iran,IR,IR,,32.0,53.0,IR,1,Iran,IR,IR,,32.0,53.0,IR,1,Iran,IR,IR,,32.0,53.0,IR,20260304154500,https://www.thelocal.se/20260304/politics-in-sweden-sweden-needs-to-get-off-the-fence-on-iran-but-how
1292362751,20260304,202603,2026,2026.1753,RUS,RUSSIA,RUS,,,,,,,,,,,,,,,,,,1,90,90,9,2,-2.0,1,1,1,-6.00961538461539,4,"New Delhi, Delhi, India",IN,IN07,17911,28.6,77.2,-2106102,0,,,,,,,,1,Iran,IR,IR,,32.0,53.0,IR,20260304154500,https://timesofindia.indiatimes.com/business/india-business/russia-ready-to-redirect-crude-to-india-as-hormuz-fallout-hits-flows/articleshow/129034176.cms
1292362770,20260304,202603,2026,2026.1753,RUS,RUSSIA,RUS,,,,,,,,IRQ,IRAQ,IRQ,,,,,,,,1,40,40,4,1,1.0,2,1,2,-2.50783699059561,4,"Anadolu, Turkey (general), Turkey",TU,TU00,28356,39.0,35.0,-735281,4,"Anadolu, Turkey (general), Turkey",TU,TU00,28356,39.0,35.0,-735281,4,"Anadolu, Turkey (general), Turkey",TU,TU00,28356,39.0,35.0,-735281,20260304154500,https://www.aa.com.tr/en/asia-pacific/russia-launches-consultations-with-iraq-palestine-turkiye-amid-us-israel-iran-conflict/3850111
1292362771,20260304,202603,2026,2026.1753,RUS,RUSSIA,RUS,,,,,,,,IRQ,IRAQ,IRQ,,,,,,,,1,40,40,4,1,1.0,1,1,1,-2.50783699059561,1,Oman,MU,MU,,21.0,57.0,MU,4,"Anadolu, Turkey (general), Turkey",TU,TU00,28356,39.0,35.0,-735281,4,"Anadolu, Turkey (general), Turkey",TU,TU00,28356,39.0,35.0,-735281,20260304154500,https://www.aa.com.tr/en/asia-pacific/russia-launches-consultations-with-iraq-palestine-turkiye-amid-us-israel-iran-conflict/3850111
1292362780,20260304,202603,2026,2026.1753,RUS,RUSSIA,RUS,,,,,,,,PSEGOV,PALESTINIAN,PSE,,,,,GOV,,,1,46,46,4,1,7.0,1,1,1,-2.50783699059561,4,"Anadolu, Turkey (general), Turkey",TU,TU00,28356,39.0,35.0,-735281,4,"Anadolu, Turkey (general), Turkey",TU,TU00,28356,39.0,35.0,-735281,4,"Anadolu, Turkey (general), Turkey",TU,TU00,28356,39.0,35.0,-735281,20260304154500,https://www.aa.com.tr/en/asia-pacific/russia-launches-consultations-with-iraq-palestine-turkiye-amid-us-israel-iran-conflict/3850111
1292362799,20260304,202603,2026,2026.1753,RUSCVL,RUSSIAN,RUS,,,,,CVL,,,IRN,IRAN,IRN,,,,,,,,0,160,160,16,4,-4.0,2,1,2,-5.18834399431414,4,"Moscow, Moskva, Russia",RS,RS48,25106,55.7522,37.6156,-2960561,1,Iran,IR,IR,,32.0,53.0,IR,1,Iran,IR,IR,,32.0,53.0,IR,20260304154500,https://tass.com/politics/2096327
1292362802,20260304,202603,2026,2026.1753,RUSGOV,RUSSIAN,RUS,,,,,GOV,,,CVL,CITIZEN,,,,,,CVL,,,1,14,14,1,1,0.0,8,1,8,-1.64609053497943,4,"Ashgabat, Ahal, Turkmenistan",TX,TX01,147325,37.95,58.3833,-2557812,4,"Ashgabat, Ahal, Turkmenistan",TX,TX01,147325,37.95,58.3833,-2557812,4,"Ashgabat, Ahal, Turkmenistan",TX,TX01,147325,37.95,58.3833,-2557812,20260304154500,https://timesca.com/turkmenistan-opens-additional-crossings-as-uzbekistan-evacuates-citizens-from-iran/
1292362803,20260304,202603,2026,2026.1753,RUSGOV,RUSSIAN,RUS,,,,,GOV,,,CVL,CITIZEN,,,,,,CVL,,,1,14,14,1,1,0.0,2,1,2,-1.64609053497943,4,"Ashgabat, Ahal, Turkmenistan",TX,TX01,147325,37.95,58.3833,-2557812,4,"Tehran, Tehran, Iran",IR,IR26,41130,35.75,51.5148,10074674,4,"Ashgabat, Ahal, Turkmenistan",TX,TX01,147325,37.95,58.3833,-2557812,20260304154500,https://timesca.com/turkmenistan-opens-additional-crossings-as-uzbekistan-evacuates-citizens-from-iran/
1292362804,20260304,202603,2026,2026.1753,RUSGOV,RUSSIAN,RUS,,,,,GOV,,,CVL,CITIZEN,,,,,,CVL,,,1,30,30,3,1,4.0,5,1,5,-1.64609053497943,4,"Ashgabat, Ahal, Turkmenistan",TX,TX01,147325,37.95,58.3833,-2557812,4,"Tehran, Tehran, Iran",IR,IR26,41130,35.75,51.5148,10074674,4,"Tehran, Tehran, Iran",IR,IR26,41130,35.75,51.5148,10074674,20260304154500,https://timesca.com/turkmenistan-opens-additional-crossings-as-uzbekistan-evacuates-citizens-from-iran/
1292362805,20260304,202603,2026,2026.1753,RUSGOV,RUSSIAN,RUS,,,,,GOV,,,CVL,CITIZEN,,,,,,CVL,,,1,60,60,6,2,6.0,5,1,5,-1.64609053497943,4,"Ashgabat, Ahal, Turkmenistan",TX,TX01,147325,37.95,58.3833,-2557812,4,"Tehran, Tehran, Iran",IR,IR26,41130,35.75,51.5148,10074674,4,"Tehran, Tehran, Iran",IR,IR26,41130,35.75,51.5148,10074674,20260304154500,https://timesca.com/turkmenistan-opens-additional-crossings-as-uzbekistan-evacuates-citizens-from-iran/
1292362811,20260304,202603,2026,2026.1753,RUSGOV,RUSSIA,RUS,,,,,GOV,,,PSEGOV,PALESTINIAN,PSE,,,,,GOV,,,1,46,46,4,1,7.0,1,1,1,-2.50783699059561,3,"Washington, District of Columbia, United States",US,USDC,DC001,38.8951,-77.0364,531871,4,"Tehran, Tehran, Iran",IR,IR26,41130,35.75,51.5148,10074674,4,"Tehran, Tehran, Iran",IR,IR26,41130,35.75,51.5148,10074674,20260304154500,https://www.aa.com.tr/en/asia-pacific/russia-launches-consultations-with-iraq-palestine-turkiye-amid-us-israel-iran-conflict/3850111
1292362816,20260304,202603,2026,2026.1753,RUSGOV,SERGEY LAVROV,RUS,,,,,GOV,,,RUSGOV,RUSSIA,RUS,,,,,GOV,,,1,43,43,4,1,2.8,1,1,1,-2.50783699059561,4,"Anadolu, Turkey (general), Turkey",TU,TU00,28356,39.0,35.0,-735281,4,"Anadolu, Turkey (general), Turkey",TU,TU00,28356,39.0,35.0,-735281,4,"Anadolu, Turkey (general), Turkey",TU,TU00,28356,39.0,35.0,-735281,20260304154500,https://www.aa.com.tr/en/asia-pacific/russia-launches-consultations-with-iraq-palestine-turkiye-amid-us-israel-iran-conflict/3850111
1292362817,20260304,202603,2026,2026.1753,RUSGOV,SERGEY LAVROV,RUS,,,,,GOV,,,RUSGOV,RUSSIA,RUS,,,,,GOV,,,1,43,43,4,1,2.8,1,1,1,-2.50783699059561,3,"Washington, District of Columbia, United States",US,USDC,DC001,38.8951,-77.0364,531871,4,"Anadolu, Turkey (general), Turkey",TU,TU00,28356,39.0,35.0,-735281,4,"Anadolu, Turkey (general), Turkey",TU,TU00,28356,39.0,35.0,-735281,20260304154500,https://www.aa.com.tr/en/asia-pacific/russia-launches-consultations-with-iraq-palestine-turkiye-amid-us-israel-iran-conflict/3850111
1292362822,20260304,202603,2026,2026.1753,SAU,SAUDI ARABIA,SAU,,,,,,,,,,,,,,,,,,1,192,192,19,4,-9.5,2,1,2,-4.23076923076923,4,"Yanbu, Al Madinah, Saudi Arabia",SA,SA05,25311,24.0891,38.0637,-3101071,0,,,,,,,,4,"Yanbu, Al Madinah, Saudi Arabia",SA,SA05,25311,24.0891,38.0637,-3101071,20260304154500,https://indianexpress.com/article/business/crude-tanker-rates-go-through-the-roof-amid-west-asia-conflict-10564844/
1292362823,20260304,202603,2026,2026.1753,SAU,RIYADH,SAU,,,,,,,,BUS,AIRLINE,,,,,,BUS,,,1,80,80,8,2,5.0,6,1,6,0.66518847006652,4,"Riyadh, Ar Riya?, Saudi Arabia",SA,SA10,25316,24.6408,46.7728,-3093009,1,Israel,IS,IS,,31.5,34.75,IS,4,"Dubai, Dubayy, United Arab Emirates",AE,AE03,28575,25.2522,55.28,-782831,20260304154500,https://www.manchestereveningnews.co.uk/news/world-news/virgin-atlantic-riyadh-dubai-flights-33530580
1292362824,20260304,202603,2026,2026.1753,SAU,RIYADH,SAU,,,,,,,,BUS,AIRLINE,,,,,,BUS,,,1,80,80,8,2,5.0,2,1,2,0.66518847006652,4,"Dubai, Dubayy, United Arab Emirates",AE,AE03,28575,25.2522,55.28,-782831,1,Iran,IR,IR,,32.0,53.0,IR,1,Israel,IS,IS,,31.5,34.75,IS,20260304154500,https://www.manchestereveningnews.co.uk/news/world-news/virgin-atlantic-riyadh-dubai-flights-33530580
1292362825,20260304,202603,2026,2026.1753,SAU,SAUDI ARABIA,SAU,,,,,,,,BUS,AIRLINE,,,,,,BUS,,,1,80,80,8,2,5.0,2,1,2,0.66518847006652,4,"Dubai, Dubayy, United Arab Emirates",AE,AE03,28575,25.2522,55.28,-782831,1,Israel,IS,IS,,31.5,34.75,IS,1,Israel,IS,IS,,31.5,34.75,IS,20260304154500,https://www.manchestereveningnews.co.uk/news/world-news/virgin-atlantic-riyadh-dubai-flights-33530580
1292362827,20260304,202603,2026,2026.1753,SAU,SAUDI ARABIA,SAU,,,,,,,,DJI,DJIBOUTI,DJI,,,,,,,,1,192,192,19,4,-9.5,8,1,8,-4.23076923076923,4,"Yanbu, Al Madinah, Saudi Arabia",SA,SA05,25311,24.0891,38.0637,-3101071,4,"Red Sea, Djibouti (general), Djibouti",DJ,DJ00,25312,19.0,39.5,-2037160,4,"Yanbu, Al Madinah, Saudi Arabia",SA,SA05,25311,24.0891,38.0637,-3101071,20260304154500,https://indianexpress.com/article/business/crude-tanker-rates-go-through-the-roof-amid-west-asia-conflict-10564844/
1292362833,20260304,202603,2026,2026.1753,SGP,SINGAPORE,SGP,,,,,,,,,,,,,,,,,,1,51,51,5,1,3.4,10,1,10,5.94713656387665,4,"Istanbul, Istanbul, Turkey",TU,TU34,27897,41.0186,28.9647,-755070,0,,,,,,,,4,"Istanbul, Istanbul, Turkey",TU,TU34,27897,41.0186,28.9647,-755070,20260304154500,https://ftnnews.com/travel-news/aviation/asian-airports-dominate-list-of-worlds-best-layover-airports/
1292362851,20260304,202603,2026,2026.1753,SYR,DAMASCUS,SYR,,,,,,,,GOV,MINISTRY,,,,,,GOV,,,1,42,42,4,1,1.9,1,1,1,5.38461538461539,4,"Damascus, Dimashq, Syria",SY,SY13,26324,33.5,36.3,-2541260,4,"Damascus, Dimashq, Syria",SY,SY13,26324,33.5,36.3,-2541260,4,"Damascus, Dimashq, Syria",SY,SY13,26324,33.5,36.3,-2541260,20260304154500,https://sana.sy/en/syria/2300420/
1292362853,20260304,202603,2026,2026.1753,TKM,TURKMENISTAN,TKM,,,,,,,,AZE,AZERBAIJAN,AZE,,,,,,,,0,61,61,6,2,6.4,3,1,3,-1.64609053497943,4,"Ashgabat, Ahal, Turkmenistan",TX,TX01,147325,37.95,58.3833,-2557812,4,"Astara, Astara, Azerbaijan",AJ,AJ08,534,38.456,48.875,-2705081,4,"Tehran, Tehran, Iran",IR,IR26,41130,35.75,51.5148,10074674,20260304154500,https://timesca.com/turkmenistan-opens-additional-crossings-as-uzbekistan-evacuates-citizens-from-iran/
1292362854,20260304,202603,2026,2026.1753,TKM,TURKMENISTAN,TKM,,,,,,,,IRN,IRAN,IRN,,,,,,,,0,61,61,6,2,6.4,5,1,5,-1.64609053497943,4,"Ashgabat, Ahal, Turkmenistan",TX,TX01,147325,37.95,58.3833,-2557812,4,"Tehran, Tehran, Iran",IR,IR26,41130,35.75,51.5148,10074674,4,"Ashgabat, Ahal, Turkmenistan",TX,TX01,147325,37.95,58.3833,-2557812,20260304154500,https://timesca.com/turkmenistan-opens-additional-crossings-as-uzbekistan-evacuates-citizens-from-iran/
1292362856,20260304,202603,2026,2026.1753,TUR,TURKISH,TUR,,,,,,,,COPGOV,DEPUTY,,,,,,COP,GOV,,1,46,46,4,1,7.0,4,1,4,-2.50783699059561,4,"Anadolu, Turkey (general), Turkey",TU,TU00,28356,39.0,35.0,-735281,4,"Anadolu, Turkey (general), Turkey",TU,TU00,28356,39.0,35.0,-735281,4,"Anadolu, Turkey (general), Turkey",TU,TU00,28356,39.0,35.0,-735281,20260304154500,https://www.aa.com.tr/en/asia-pacific/russia-launches-consultations-with-iraq-palestine-turkiye-amid-us-israel-iran-conflict/3850111
1292362857,20260304,202603,2026,2026.1753,TUR,TURKIYE,TUR,,,,,,,,IGOWSTNAT,NATO,WST,NAT,,,,IGO,,,0,40,40,4,1,1.0,5,1,5,-4.88656195462478,1,Iran,IR,IR,,32.0,53.0,IR,1,Iran,IR,IR,,32.0,53.0,IR,1,Iran,IR,IR,,32.0,53.0,IR,20260304154500,https://www.aljazeera.com/news/2026/3/4/nato-defences-destroy-missile-fired-from-iran-over-mediterranean-turkiye
1292362858,20260304,202603,2026,2026.1753,TURGOV,TURKISH,TUR,,,,,GOV,,,COPGOV,DEPUTY,,,,,,COP,GOV,,1,46,46,4,1,7.0,4,1,4,-2.50783699059561,4,"Anadolu, Turkey (general), Turkey",TU,TU00,28356,39.0,35.0,-735281,4,"Anadolu, Turkey (general), Turkey",TU,TU00,28356,39.0,35.0,-735281,4,"Anadolu, Turkey (general), Turkey",TU,TU00,28356,39.0,35.0,-735281,20260304154500,https://www.aa.com.tr/en/asia-pacific/russia-launches-consultations-with-iraq-palestine-turkiye-amid-us-israel-iran-conflict/3850111
1292362859,20260304,202603,2026,2026.1753,TURGOV,TURKEY,TUR,,,,,GOV,,,COPGOV,DEPUTY,,,,,,COP,GOV,,1,46,46,4,1,7.0,2,1,2,-2.50783699059561,4,"Anadolu, Turkey (general), Turkey",TU,TU00,28356,39.0,35.0,-735281,4,"Gaza, Israel (general), Israel",IS,IS00,18315,31.4167,34.3333,-797156,4,"Anadolu, Turkey (general), Turkey",TU,TU00,28356,39.0,35.0,-735281,20260304154500,https://www.aa.com.tr/en/asia-pacific/russia-launches-consultations-with-iraq-palestine-turkiye-amid-us-israel-iran-conflict/3850111
1292362865,20260304,202603,2026,2026.1753,UAF,TERRORIST,,,,,,UAF,,,IRN,IRANIAN,IRN,,,,,,,,0,42,42,4,1,1.9,6,1,6,-5.08474576271186,4,"Kurdistan, Khuzestan, Iran",IR,IR15,41008,30.6693,50.2055,-3072067,4,"Kurdistan, Khuzestan, Iran",IR,IR15,41008,30.6693,50.2055,-3072067,4,"Kurdistan, Khuzestan, Iran",IR,IR15,41008,30.6693,50.2055,-3072067,20260304154500,https://www.presstv.ir/Detail/2026/03/04/764953/IRGC-pounds-bases-of-anti-Iran-separatist-groups-in-Iraqi-Kurdistan
1292362866,20260304,202603,2026,2026.1753,UAF,TERRORIST,,,,,,UAF,,,IRN,IRANIAN,IRN,,,,,,,,0,42,42,4,1,1.9,4,1,4,-5.08474576271186,4,"Koysinjaq, Liwa' Irbil, Iraq",IZ,IZ11,123561,36.0845,44.6286,-3107702,4,"Kurdistan, Khuzestan, Iran",IR,IR15,41008,30.6693,50.2055,-3072067,4,"Kurdistan, Khuzestan, Iran",IR,IR15,41008,30.6693,50.2055,-3072067,20260304154500,https://www.presstv.ir/Detail/2026/03/04/764953/IRGC-pounds-bases-of-anti-Iran-separatist-groups-in-Iraqi-Kurdistan
1292362925,20260304,202603,2026,2026.1753,USA,UNITED STATES,USA,,,,,,,,,,,,,,,,,,1,173,173,17,4,-5.0,1,1,1,-4.82233502538071,1,Iran,IR,IR,,32.0,53.0,IR,0,,,,,,,,1,Iran,IR,IR,,32.0,53.0,IR,20260304154500,https://www.leicestermercury.co.uk/news/uk-world-news/trump-survives-iran-assassination-attempt-10847866
1292362969,20260304,202603,2026,2026.1753,USA,AMERICAN,USA,,,,,,,,IRN,IRAN,IRN,,,,,,,,1,20,20,2,1,3.0,1,1,1,-5.78905630452022,1,Qatar,QA,QA,,25.5,51.25,QA,1,Iran,IR,IR,,32.0,53.0,IR,1,Qatar,QA,QA,,25.5,51.25,QA,20260304154500,https://www.aljazeera.com/news/2026/3/4/why-are-the-us-and-israel-framing-the-ongoing-conflict-as-a-religious-war
1292362970,20260304,202603,2026,2026.1753,USA,AMERICAN,USA,,,,,,,,IRN,IRAN,IRN,,,,,,,,1,20,20,2,1,3.0,1,1,1,-5.78905630452022,1,Qatar,QA,QA,,25.5,51.25,QA,1,Qatar,QA,QA,,25.5,51.25,QA,1,Qatar,QA,QA,,25.5,51.25,QA,20260304154500,https://www.aljazeera.com/news/2026/3/4/why-are-the-us-and-israel-framing-the-ongoing-conflict-as-a-religious-war
1292362976,20260304,202603,2026,2026.1753,USA,WASHINGTON,USA,,,,,,,,IRN,TEHRAN,IRN,,,,,,,,0,46,46,4,1,7.0,2,1,2,-2.50783699059561,4,"Tehran, Tehran, Iran",IR,IR26,41130,35.75,51.5148,10074674,3,"Washington, District of Columbia, United States",US,USDC,DC001,38.8951,-77.0364,531871,4,"Tehran, Tehran, Iran",IR,IR26,41130,35.75,51.5148,10074674,20260304154500,https://www.aa.com.tr/en/asia-pacific/russia-launches-consultations-with-iraq-palestine-turkiye-amid-us-israel-iran-conflict/3850111
1292362978,20260304,202603,2026,2026.1753,USA,UNITED STATES,USA,,,,,,,,IRN,IRAN,IRN,,,,,,,,1,1712,171,17,4,-9.2,2,1,2,-10.6100795755968,1,Israel,IS,IS,,31.5,34.75,IS,4,"Urmia, Az¯arbayjan-e Gharbi, Iran",IR,IR01,41057,37.5553,45.0724,-3077456,4,"Urmia, Az¯arbayjan-e Gharbi, Iran",IR,IR01,41057,37.5553,45.0724,-3077456,20260304154500,https://www.presstv.ir/Detail/2026/03/04/764951/Another-girls-school-targeted-in-US-Israeli-attacks-on-Iran
1292362979,20260304,202603,2026,2026.1753,USA,AMERICAN,USA,,,,,,,,IRN,URMIA,IRN,,,,,,,,1,1712,171,17,4,-9.2,6,1,6,-10.6100795755968,1,United States,US,US,,39.828175,-98.5795,US,4,"Urmia, Az¯arbayjan-e Gharbi, Iran",IR,IR01,41057,37.5553,45.0724,-3077456,1,Israel,IS,IS,,31.5,34.75,IS,20260304154500,https://www.presstv.ir/Detail/2026/03/04/764951/Another-girls-school-targeted-in-US-Israeli-attacks-on-Iran
1292362980,20260304,202603,2026,2026.1753,USA,UNITED STATES,USA,,,,,,,,IRN,IRAN,IRN,,,,,,,,0,173,173,17,4,-5.0,8,1,8,-4.28571428571429,1,United States,US,US,,39.828175,-98.5795,US,4,"Tehran, Tehran, Iran",IR,IR26,41130,35.75,51.5148,10074674,4,"Tehran, Tehran, Iran",IR,IR26,41130,35.75,51.5148,10074674,20260304154500,https://www.islamicinvitationturkey.com/araghchi-accuses-trump-of-diplomacy-breach-and-u-s-betrayal-with-iran-assault/
1292362983,20260304,202603,2026,2026.1753,USA,THE US,USA,,,,,,,,IRN,IRAN,IRN,,,,,,,,0,190,190,19,4,-10.0,4,1,4,-2.50783699059561,4,"Gaza, Israel (general), Israel",IS,IS00,18315,31.4167,34.3333,-797156,4,"Tehran, Tehran, Iran",IR,IR26,41130,35.75,51.5148,10074674,4,"Gaza, Israel (general), Israel",IS,IS00,18315,31.4167,34.3333,-797156,20260304154500,https://www.aa.com.tr/en/asia-pacific/russia-launches-consultations-with-iraq-palestine-turkiye-amid-us-israel-iran-conflict/3850111
1292362985,20260304,202603,2026,2026.1753,USA,UNITED STATES,USA,,,,,,,,IRN,IRAN,IRN,,,,,,,,1,190,190,19,4,-10.0,8,1,8,-5.76923076923077,1,United States,US,US,,39.828175,-98.5795,US,4,"Minab, Sistan va Baluchestan, Iran",IR,IR04,41051,25.7893,61.1025,293743,4,"Minab, Sistan va Baluchestan, Iran",IR,IR04,41051,25.7893,61.1025,293743,20260304154500,https://www.mediaite.com/media/news/trump-war-chief-hegseth-confronted-over-attack-on-girls-school-that-killed-160-children/
1292362986,20260304,202603,2026,2026.1753,USA,UNITED STATES,USA,,,,,,,,IRN,IRAN,IRN,,,,,,,,0,194,194,19,4,-10.0,2,1,2,-7.35930735930736,3,"Washington, District of Columbia, United States",US,USDC,DC001,38.8951,-77.0364,531871,3,"Washington, District of Columbia, United States",US,USDC,DC001,38.8951,-77.0364,531871,4,"Tehran, Tehran, Iran",IR,IR26,41130,35.75,51.5148,10074674,20260304154500,https://ianslive.in/pentagon-confirms-ai-enabled-weapons-used-in-the-iran-war--20260304201204
1292362988,20260304,202603,2026,2026.1753,USA,UNITED STATES,USA,,,,,,,,IRNEDU,IRAN,IRN,,,,,EDU,,,1,190,190,19,4,-10.0,2,1,2,-10.0,4,"Minab, Sistan va Baluchestan, Iran",IR,IR04,41051,25.7893,61.1025,293743,4,"Minab, Sistan va Baluchestan, Iran",IR,IR04,41051,25.7893,61.1025,293743,4,"Minab, Sistan va Baluchestan, Iran",IR,IR04,41051,25.7893,61.1025,293743,20260304154500,https://www.islamicinvitationturkey.com/us-israeli-strikes-target-another-girls-school-in-iran/
1292362989,20260304,202603,2026,2026.1753,USA,UNITED STATES,USA,,,,,,,,IRNEDU,IRAN,IRN,,,,,EDU,,,1,190,190,19,4,-10.0,8,1,8,-10.0,4,"Minab, Sistan va Baluchestan, Iran",IR,IR04,41051,25.7893,61.1025,293743,1,United States,US,US,,39.828175,-98.5795,US,4,"Minab, Sistan va Baluchestan, Iran",IR,IR04,41051,25.7893,61.1025,293743,20260304154500,https://www.islamicinvitationturkey.com/us-israeli-strikes-target-another-girls-school-in-iran/
1292362992,20260304,202603,2026,2026.1753,USA,UNITED STATES,USA,,,,,,,,ISR,ISRAEL,ISR,,,,,,,,1,57,57,5,1,8.0,2,1,2,-6.88622754491018,1,Israel,IS,IS,,31.5,34.75,IS,1,Israel,IS,IS,,31.5,34.75,IS,4,"Tehran, Tehran, Iran",IR,IR26,41130,35.75,51.5148,10074674,20260304154500,https://www.islamicinvitationturkey.com/irgc-ground-force-initiates-trio-of-operations-countering-alleged-israeli-us-hostilities/
1292362993,20260304,202603,2026,2026.1753,USA,UNITED STATES,USA,,,,,,,,ISR,ISRAEL,ISR,,,,,,,,1,57,57,5,1,8.0,8,1,8,-6.88622754491018,1,United States,US,US,,39.828175,-98.5795,US,1,Israel,IS,IS,,31.5,34.75,IS,4,"Tehran, Tehran, Iran",IR,IR26,41130,35.75,51.5148,10074674,20260304154500,https://www.islamicinvitationturkey.com/irgc-ground-force-initiates-trio-of-operations-countering-alleged-israeli-us-hostilities/
1292362994,20260304,202603,2026,2026.1753,USA,UNITED STATES,USA,,,,,,,,ISRMIL,ISRAEL,ISR,,,,,MIL,,,0,27,27,2,1,4.0,2,1,2,-1.01975780752072,3,"Evanston, Illinois, United States",US,USIL,IL031,42.0411,-87.6901,408101,4,"Gaza, Israel (general), Israel",IS,IS00,18315,31.4167,34.3333,-797156,4,"Gaza, Israel (general), Israel",IS,IS00,18315,31.4167,34.3333,-797156,20260304154500,https://dailynorthwestern.com/2026/03/04/city/mayor-daniel-biss-isnt-afraid-to-make-waves-now-hes-aiming-for-washington/
1292362996,20260304,202603,2026,2026.1753,USA,UNITED STATES,USA,,,,,,,,ISRMIL,ISRAEL,ISR,,,,,MIL,,,0,111,111,11,3,-2.0,2,1,2,-1.01975780752072,3,"Evanston, Illinois, United States",US,USIL,IL031,42.0411,-87.6901,408101,4,"Gaza, Israel (general), Israel",IS,IS00,18315,31.4167,34.3333,-797156,4,"Gaza, Israel (general), Israel",IS,IS00,18315,31.4167,34.3333,-797156,20260304154500,https://dailynorthwestern.com/2026/03/04/city/mayor-daniel-biss-isnt-afraid-to-make-waves-now-hes-aiming-for-washington/
1292363000,20260304,202603,2026,2026.1753,USA,UNITED STATES,USA,,,,,,,,JOR,JORDAN,JOR,,,,,,,,0,42,42,4,1,1.9,4,1,4,5.4054054054054,1,United States,US,US,,39.828175,-98.5795,US,1,Jordan,JO,JO,,31.0,36.0,JO,1,Jordan,JO,JO,,31.0,36.0,JO,20260304154500,https://www.billboard.com/music/awards/sankofa-org-social-justice-awards-2026-honorees-chuck-d-1236191219/
1292363022,20260304,202603,2026,2026.1753,USA,UNITED STATES,USA,,,,,,,,QAT,DOHA,QAT,,,,,,,,0,36,36,3,1,4.0,4,1,4,-2.57648953301127,2,"Texas, United States",US,USTX,,31.106,-97.6475,TX,4,"Doha, Ad Daw?ah, Qatar",QA,QA01,25307,25.2867,51.5333,-785169,4,"Doha, Ad Daw?ah, Qatar",QA,QA01,25307,25.2867,51.5333,-785169,20260304154500,https://www.upi.com/Top_News/World-News/2026/03/04/evacuate-americans-middle-east-war/9141772636040/
1292363023,20260304,202603,2026,2026.1753,USA,NEW YORK,USA,,,,,,,,SPY,SPY AGENCY,,,,,,SPY,,,1,20,20,2,1,3.0,2,1,2,0.934579439252341,2,"New York, United States",US,USNY,,42.1497,-74.9384,NY,1,Iran,IR,IR,,32.0,53.0,IR,1,Iran,IR,IR,,32.0,53.0,IR,20260304154500,https://www.yahoo.com/news/articles/iran-denies-intelligence-ministry-contacted-151710998.html
1292363033,20260304,202603,2026,2026.1753,USA,AMERICAN,USA,,,,,,,,USAMIL,THE US,USA,,,,,MIL,,,0,110,110,11,3,-2.0,2,1,2,-5.78905630452022,4,"Gaza, Israel (general), Israel",IS,IS00,18315,31.4167,34.3333,-797156,4,"Gaza, Israel (general), Israel",IS,IS00,18315,31.4167,34.3333,-797156,4,"Gaza, Israel (general), Israel",IS,IS00,18315,31.4167,34.3333,-797156,20260304154500,https://www.aljazeera.com/news/2026/3/4/why-are-the-us-and-israel-framing-the-ongoing-conflict-as-a-religious-war
1292363046,20260304,202603,2026,2026.1753,USAGOV,US OFFICIAL,USA,,,,,GOV,,,MED,NEWSPAPER,,,,,,MED,,,1,10,10,1,1,0.0,6,1,6,0.75187969924812,3,"Washington, District of Columbia, United States",US,USDC,DC001,38.8951,-77.0364,531871,1,Israel,IS,IS,,31.5,34.75,IS,1,Israel,IS,IS,,31.5,34.75,IS,20260304154500,https://timesofindia.indiatimes.com/world/us/give-birth-to-your-next-child-us-ambassadors-awkward-joke-to-embassy-staff-amid-iran-war-if-its-a-boy-/articleshow/129033129.cms
1292363047,20260304,202603,2026,2026.1753,USAGOV,US OFFICIAL,USA,,,,,GOV,,,MED,NEWSPAPER,,,,,,MED,,,1,10,10,1,1,0.0,2,1,2,0.75187969924812,1,Israel,IS,IS,,31.5,34.75,IS,1,Israel,IS,IS,,31.5,34.75,IS,1,Israel,IS,IS,,31.5,34.75,IS,20260304154500,https://timesofindia.indiatimes.com/world/us/give-birth-to-your-next-child-us-ambassadors-awkward-joke-to-embassy-staff-amid-iran-war-if-its-a-boy-/articleshow/129033129.cms
1292363053,20260304,202603,2026,2026.1753,USAGOVMIL,UNITED STATES,USA,,,,,GOV,MIL,,IGOWSTNAT,NATO,WST,NAT,,,,IGO,,,0,10,10,1,1,0.0,4,1,4,-4.88656195462478,4,"Limassol, Limassol, Cyprus",CY,CY05,14809,34.675,33.0333,-2738495,4,"Limassol, Limassol, Cyprus",CY,CY05,14809,34.675,33.0333,-2738495,4,"Limassol, Limassol, Cyprus",CY,CY05,14809,34.675,33.0333,-2738495,20260304154500,https://www.aljazeera.com/news/2026/3/4/nato-defences-destroy-missile-fired-from-iran-over-mediterranean-turkiye
1292363054,20260304,202603,2026,2026.1753,USAGOVMIL,UNITED STATES,USA,,,,,GOV,MIL,,IGOWSTNAT,NATO,WST,NAT,,,,IGO,,,0,10,10,1,1,0.0,1,1,1,-4.88656195462478,1,Greece,GR,GR,,39.0,22.0,GR,4,"Limassol, Limassol, Cyprus",CY,CY05,14809,34.675,33.0333,-2738495,4,"Limassol, Limassol, Cyprus",CY,CY05,14809,34.675,33.0333,-2738495,20260304154500,https://www.aljazeera.com/news/2026/3/4/nato-defences-destroy-missile-fired-from-iran-over-mediterranean-turkiye
1292363055,20260304,202603,2026,2026.1753,USAGOVMIL,UNITED STATES,USA,,,,,GOV,MIL,,IGOWSTNAT,NATO,WST,NAT,,,,IGO,,,0,10,10,1,1,0.0,4,1,4,-4.88656195462478,1,United States,US,US,,39.828175,-98.5795,US,4,"Incirlik, Antalya, Turkey",TU,TU07,27545,36.4655,30.3556,-757705,4,"Incirlik, Antalya, Turkey",TU,TU07,27545,36.4655,30.3556,-757705,20260304154500,https://www.aljazeera.com/news/2026/3/4/nato-defences-destroy-missile-fired-from-iran-over-mediterranean-turkiye
1292363074,20260304,202603,2026,2026.1753,USAMED,REUTERS,USA,,,,,MED,,,ARE,UNITED ARAB EMIRATES,ARE,,,,,,,,0,42,42,4,1,1.9,10,1,10,-5.0,4,"Fujairah, Al Fujayrah, United Arab Emirates",AE,AE04,149629,25.1164,56.3414,-782158,4,"Fujairah, Al Fujayrah, United Arab Emirates",AE,AE04,149629,25.1164,56.3414,-782158,4,"Fujairah, Al Fujayrah, United Arab Emirates",AE,AE04,149629,25.1164,56.3414,-782158,20260304154500,https://oilprice.com/Latest-Energy-News/World-News/Iran-Claims-It-Has-Complete-Control-Over-Strait-of-Hormuz.html
1292363076,20260304,202603,2026,2026.1753,USAMED,ASSOCIATED PRESS,USA,,,,,MED,,,ARE,UNITED ARAB EMIRATES,ARE,,,,,,,,0,70,70,7,2,7.0,1,1,1,-0.97087378640777,4,"Bangkok, Krung Thep Mahanakhon, Thailand",TH,TH40,26423,13.75,100.517,-3250083,4,"Dubai, Dubayy, United Arab Emirates",AE,AE03,28575,25.2522,55.28,-782831,4,"Dubai, Dubayy, United Arab Emirates",AE,AE03,28575,25.2522,55.28,-782831,20260304154500,https://www.clickondetroit.com/news/world/2026/03/04/sri-lanka-says-an-iranian-warship-has-sunk-off-its-coast-in-the-indian-ocean/
1292363078,20260304,202603,2026,2026.1753,USAMED,REUTERS,USA,,,,,MED,,,IRN,IRAN,IRN,,,,,,,,0,51,51,5,1,3.4,8,1,8,-1.44665461121157,4,"Basij, Fars, Iran",IR,IR07,41029,30.608,53.1874,10467014,4,"Basij, Fars, Iran",IR,IR07,41029,30.608,53.1874,10467014,4,"Basij, Fars, Iran",IR,IR07,41029,30.608,53.1874,10467014,20260304154500,https://www.independent.co.uk/news/world/middle-east/iran-ayatollah-mojtaba-khamenei-successor-b2931574.html
1292363079,20260304,202603,2026,2026.1753,USAMED,REUTERS,USA,,,,,MED,,,IRN,IRAN,IRN,,,,,,,,0,51,51,5,1,3.4,2,1,2,-1.44665461121157,1,Iraq,IZ,IZ,,33.0,44.0,IZ,1,Iraq,IZ,IZ,,33.0,44.0,IZ,4,"Basij, Fars, Iran",IR,IR07,41029,30.608,53.1874,10467014,20260304154500,https://www.independent.co.uk/news/world/middle-east/iran-ayatollah-mojtaba-khamenei-successor-b2931574.html
1292363081,20260304,202603,2026,2026.1753,USAMED,REUTERS,USA,,,,,MED,,,UKR,UKRAINE,UKR,,,,,,,,1,190,190,19,4,-10.0,10,1,10,-1.50442477876106,1,Iran,IR,IR,,32.0,53.0,IR,1,Iran,IR,IR,,32.0,53.0,IR,1,Iran,IR,IR,,32.0,53.0,IR,20260304154500,https://peakoil.com/production/u-s-oil-and-gas-exporters-cant-fill-middle-east-supply-gap-as-hormuz-crisis-deepens
1292363083,20260304,202603,2026,2026.1753,USAMIL,AMERICAN,USA,,,,,MIL,,,USA,UNITED STATES,USA,,,,,,,,1,190,190,19,4,-10.0,3,1,3,-5.76923076923077,1,United States,US,US,,39.828175,-98.5795,US,1,United States,US,US,,39.828175,-98.5795,US,4,"Minab, Sistan va Baluchestan, Iran",IR,IR04,41051,25.7893,61.1025,293743,20260304154500,https://www.mediaite.com/media/news/trump-war-chief-hegseth-confronted-over-attack-on-girls-school-that-killed-160-children/
1292363084,20260304,202603,2026,2026.1753,UZB,UZBEKISTAN,UZB,,,,,,,,CVL,CITIZEN,,,,,,CVL,,,1,60,60,6,2,6.0,10,1,10,-1.64609053497943,4,"Astara, Astara, Azerbaijan",AJ,AJ08,534,38.456,48.875,-2705081,4,"Tehran, Tehran, Iran",IR,IR26,41130,35.75,51.5148,10074674,4,"Tehran, Tehran, Iran",IR,IR26,41130,35.75,51.5148,10074674,20260304154500,https://timesca.com/turkmenistan-opens-additional-crossings-as-uzbekistan-evacuates-citizens-from-iran/
1292363087,20260304,202603,2026,2026.1753,VAT,VATICAN,VAT,,,,,,,,,,,,,,,,,,0,10,10,1,1,0.0,3,1,3,-1.25,4,"Sanaa, Sana', Yemen",YM,YM16,32956,15.3547,44.2067,-3191442,0,,,,,,,,4,"Sanaa, Sana', Yemen",YM,YM16,32956,15.3547,44.2067,-3191442,20260304154500,"https://www.asianews.it/news-en/Martyred-nuns-of-Aden:-10-years-later,-still-seeds-of-peace-64964.html"
1292363089,20260304,202603,2026,2026.1753,VAT,VATICAN,VAT,,,,,,,,,,,,,,,,,,0,40,40,4,1,1.0,3,1,3,-1.25,4,"Sanaa, Sana', Yemen",YM,YM16,32956,15.3547,44.2067,-3191442,0,,,,,,,,4,"Sanaa, Sana', Yemen",YM,YM16,32956,15.3547,44.2067,-3191442,20260304154500,"https://www.asianews.it/news-en/Martyred-nuns-of-Aden:-10-years-later,-still-seeds-of-peace-64964.html"
1292363091,20260304,202603,2026,2026.1753,VAT,VATICAN,VAT,,,,,,,,CVL,THE POOR,,,,,,CVL,,,0,10,10,1,1,0.0,3,1,3,-1.25,4,"Sanaa, Sana', Yemen",YM,YM16,32956,15.3547,44.2067,-3191442,4,"Sanaa, Sana', Yemen",YM,YM16,32956,15.3547,44.2067,-3191442,4,"Sanaa, Sana', Yemen",YM,YM16,32956,15.3547,44.2067,-3191442,20260304154500,"https://www.asianews.it/news-en/Martyred-nuns-of-Aden:-10-years-later,-still-seeds-of-peace-64964.html"
1292363092,20260304,202603,2026,2026.1753,VAT,VATICAN,VAT,,,,,,,,CVL,THE POOR,,,,,,CVL,,,0,40,40,4,1,1.0,3,1,3,-1.25,4,"Sanaa, Sana', Yemen",YM,YM16,32956,15.3547,44.2067,-3191442,4,"Sanaa, Sana', Yemen",YM,YM16,32956,15.3547,44.2067,-3191442,4,"Sanaa, Sana', Yemen",YM,YM16,32956,15.3547,44.2067,-3191442,20260304154500,"https://www.asianews.it/news-en/Martyred-nuns-of-Aden:-10-years-later,-still-seeds-of-peace-64964.html"
1292363093,20260304,202603,2026,2026.1753,VAT,VATICAN,VAT,,,,,,,,CVL,THE POOR,,,,,,CVL,,,0,51,51,5,1,3.4,3,1,3,-1.25,4,"Sanaa, Sana', Yemen",YM,YM16,32956,15.3547,44.2067,-3191442,4,"Sanaa, Sana', Yemen",YM,YM16,32956,15.3547,44.2067,-3191442,4,"Sanaa, Sana', Yemen",YM,YM16,32956,15.3547,44.2067,-3191442,20260304154500,"https://www.asianews.it/news-en/Martyred-nuns-of-Aden:-10-years-later,-still-seeds-of-peace-64964.html"
1292363094,20260304,202603,2026,2026.1753,VAT,VATICAN,VAT,,,,,,,,YEM,YEMEN,YEM,,,,,,,,0,40,40,4,1,1.0,4,1,4,-1.25,4,"Sanaa, Sana', Yemen",YM,YM16,32956,15.3547,44.2067,-3191442,4,"Sanaa, Sana', Yemen",YM,YM16,32956,15.3547,44.2067,-3191442,4,"Sanaa, Sana', Yemen",YM,YM16,32956,15.3547,44.2067,-3191442,20260304154500,"https://www.asianews.it/news-en/Martyred-nuns-of-Aden:-10-years-later,-still-seeds-of-peace-64964.html"
1292363095,20260304,202603,2026,2026.1753,YEM,YEMEN,YEM,,,,,,,,,,,,,,,,,,0,10,10,1,1,0.0,2,1,2,-1.25,4,"Sanaa, Sana', Yemen",YM,YM16,32956,15.3547,44.2067,-3191442,0,,,,,,,,4,"Sanaa, Sana', Yemen",YM,YM16,32956,15.3547,44.2067,-3191442,20260304154500,"https://www.asianews.it/news-en/Martyred-nuns-of-Aden:-10-years-later,-still-seeds-of-peace-64964.html"
1292363096,20260304,202603,2026,2026.1753,YEM,ADEN,YEM,,,,,,,,CHRCTH468,MISSIONARIES OF CHARITY,,,,CHR,CTH,,,,1,190,190,19,4,-10.0,10,1,10,-1.25,4,"Sanaa, Sana', Yemen",YM,YM16,32956,15.3547,44.2067,-3191442,4,"Sanaa, Sana', Yemen",YM,YM16,32956,15.3547,44.2067,-3191442,4,"Sanaa, Sana', Yemen",YM,YM16,32956,15.3547,44.2067,-3191442,20260304154500,"https://www.asianews.it/news-en/Martyred-nuns-of-Aden:-10-years-later,-still-seeds-of-peace-64964.html"
1292363097,20260304,202603,2026,2026.1753,YEM,YEMEN,YEM,,,,,,,,CVL,THE POOR,,,,,,CVL,,,0,10,10,1,1,0.0,2,1,2,-1.25,4,"Sanaa, Sana', Yemen",YM,YM16,32956,15.3547,44.2067,-3191442,4,"Sanaa, Sana', Yemen",YM,YM16,32956,15.3547,44.2067,-3191442,4,"Sanaa, Sana', Yemen",YM,YM16,32956,15.3547,44.2067,-3191442,20260304154500,"https://www.asianews.it/news-en/Martyred-nuns-of-Aden:-10-years-later,-still-seeds-of-peace-64964.html"
1292363099,20260304,202603,2026,2026.1753,YEM,YEMEN,YEM,,,,,,,,CVL,THE POOR,,,,,,CVL,,,0,51,51,5,1,3.4,2,1,2,-1.25,4,"Sanaa, Sana', Yemen",YM,YM16,32956,15.3547,44.2067,-3191442,4,"Sanaa, Sana', Yemen",YM,YM16,32956,15.3547,44.2067,-3191442,4,"Sanaa, Sana', Yemen",YM,YM16,32956,15.3547,44.2067,-3191442,20260304154500,"https://www.asianews.it/news-en/Martyred-nuns-of-Aden:-10-years-later,-still-seeds-of-peace-64964.html"
1292363100,20260304,202603,2026,2026.1753,YEM,YEMEN,YEM,,,,,,,,VAT,VATICAN,VAT,,,,,,,,0,40,40,4,1,1.0,4,1,4,-1.25,4,"Sanaa, Sana', Yemen",YM,YM16,32956,15.3547,44.2067,-3191442,4,"Sanaa, Sana', Yemen",YM,YM16,32956,15.3547,44.2067,-3191442,4,"Sanaa, Sana', Yemen",YM,YM16,32956,15.3547,44.2067,-3191442,20260304154500,"https://www.asianews.it/news-en/Martyred-nuns-of-Aden:-10-years-later,-still-seeds-of-peace-64964.html"
1292363101,20260304,202603,2026,2026.1753,ZAF,EASTERN CAPE,ZAF,,,,,,,,,,,,,,,,,,0,40,40,4,1,1.0,6,1,6,-10.0977198697068,4,"Alexandria, Al Iskandariyah, Egypt",EG,EG06,61590,31.1981,29.9192,-290263,0,,,,,,,,4,"Alexandria, Al Iskandariyah, Egypt",EG,EG06,61590,31.1981,29.9192,-290263,20260304154500,https://www.citizen.co.za/news/south-africa/courts/parolee-gets-25-years-for-raping-blind-woman-in-her-home/
1292363102,20260304,202603,2026,2026.1753,ZAF,EASTERN CAPE,ZAF,,,,,,,,,,,,,,,,,,0,51,51,5,1,3.4,6,1,6,-10.0977198697068,4,"Alexandria, Al Iskandariyah, Egypt",EG,EG06,61590,31.1981,29.9192,-290263,0,,,,,,,,4,"Alexandria, Al Iskandariyah, Egypt",EG,EG06,61590,31.1981,29.9192,-290263,20260304154500,https://www.citizen.co.za/news/south-africa/courts/parolee-gets-25-years-for-raping-blind-woman-in-her-home/
1292363103,20260304,202603,2026,2026.1753,ZAF,EASTERN CAPE,ZAF,,,,,,,,EGY,EGYPT,EGY,,,,,,,,0,40,40,4,1,1.0,4,1,4,-10.0977198697068,4,"Alexandria, Al Iskandariyah, Egypt",EG,EG06,61590,31.1981,29.9192,-290263,4,"Alexandria, Al Iskandariyah, Egypt",EG,EG06,61590,31.1981,29.9192,-290263,4,"Alexandria, Al Iskandariyah, Egypt",EG,EG06,61590,31.1981,29.9192,-290263,20260304154500,https://www.citizen.co.za/news/south-africa/courts/parolee-gets-25-years-for-raping-blind-woman-in-her-home/
1292363104,20260304,202603,2026,2026.1753,ZAF,EASTERN CAPE,ZAF,,,,,,,,EGY,EGYPT,EGY,,,,,,,,0,51,51,5,1,3.4,4,1,4,-10.0977198697068,4,"Alexandria, Al Iskandariyah, Egypt",EG,EG06,61590,31.1981,29.9192,-290263,4,"Alexandria, Al Iskandariyah, Egypt",EG,EG06,61590,31.1981,29.9192,-290263,4,"Alexandria, Al Iskandariyah, Egypt",EG,EG06,61590,31.1981,29.9192,-290263,20260304154500,https://www.citizen.co.za/news/south-africa/courts/parolee-gets-25-years-for-raping-blind-woman-in-her-home/
1292363107,20260304,202603,2026,2026.1753,ein,EAST INDIAN,,,ein,,,,,,IRN,IRAN,IRN,,,,,,,,0,43,43,4,1,2.8,112,1,112,-4.92350222760089,1,Iran,IR,IR,,32.0,53.0,IR,1,Iran,IR,IR,,32.0,53.0,IR,1,Iran,IR,IR,,32.0,53.0,IR,20260304154500,https://newsradio1290wtks.iheart.com/content/2026-03-04-us-submarine-sinks-iranian-warship-in-the-indian-ocean/
