icao24,callsign,origin_country,latitude,longitude,altitude,velocity,heading,on_ground,timestamp
39de4f,TVF50SV,France,45.7809,-2.464,11597.64,236.32,47.56,False,2026-03-11 17:39:14
4b1815,SWR9KF,Switzerland,47.4525,8.5594,,0.0,275.62,True,2026-03-11 17:39:14
39de4d,TVF11DL,France,46.9272,1.3457,11277.6,223.9,205.45,False,2026-03-11 17:39:14
440da5,EJU59DF,Austria,44.9495,-0.4134,10972.8,226.35,19.79,False,2026-03-11 17:39:14
39de51,TVF47ZR,France,41.2077,-2.6213,6751.32,203.47,182.9,False,2026-03-11 17:39:14
39de53,TVF68HB,France,43.5115,1.522,10988.04,222.41,355.49,False,2026-03-11 17:39:14
39de55,TVF3825,France,48.7649,2.6067,952.5,96.11,254.48,False,2026-03-11 17:39:14
39de54,TVF67QR,France,45.8288,6.1986,11879.58,228.91,136.73,False,2026-03-11 17:39:14
4b1804,SWR,Switzerland,47.4409,8.562,,0.0,244.69,True,2026-03-11 17:39:14
4b1805,SWR5MT,Switzerland,47.4543,8.5575,396.24,0.0,185.62,True,2026-03-11 17:39:14
ae018a,DOVE88,United States,48.4144,17.8595,10355.58,227.39,313.99,False,2026-03-11 17:39:14
4b1800,SWR5GM,Switzerland,47.8271,5.8985,11841.48,217.74,304.22,False,2026-03-11 17:39:14
4a2095,TOY15,Romania,44.9896,13.2313,12192.0,195.87,69.23,False,2026-03-11 17:39:14
4b1801,SWR3YA,Switzerland,48.5431,4.289,10972.8,217.73,303.73,False,2026-03-11 17:39:14
4952cb,TAP9117,Portugal,44.6825,3.3471,10972.8,244.39,60.63,False,2026-03-11 17:39:14
4952cc,TAP1906,Portugal,37.1957,-8.3051,4579.62,186.83,312.21,False,2026-03-11 17:39:14
4952d0,TAP9119,Portugal,43.3479,0.7866,10972.8,239.84,52.93,False,2026-03-11 17:39:14
01de72,BNI9U,Libyan Arab Jamahiriya,51.6603,19.4782,1737.36,37.09,156.28,False,2026-03-11 17:39:14
4b181a,SWR589X,Switzerland,48.0151,8.847,4648.2,182.75,182.1,False,2026-03-11 17:39:14
4b181b,SWR3PT,Switzerland,48.4827,4.5717,11574.78,213.41,298.67,False,2026-03-11 17:39:14
4b181c,SWR8VD,Switzerland,51.662,0.4011,11590.02,221.19,319.72,False,2026-03-11 17:39:14
440daf,EJU86JE,Austria,52.3756,13.5957,342.9,67.08,249.34,False,2026-03-11 17:39:14
39de45,TVF8602,France,39.5571,6.417,11871.96,235.62,157.13,False,2026-03-11 17:39:14
440db0,EJU31NE,Austria,45.2591,-3.9027,10980.42,210.87,3.78,False,2026-03-11 17:39:14
39de48,TVF70KA,France,48.8076,3.2255,7795.26,227.48,65.7,False,2026-03-11 17:39:14
39de47,TVF19XR,France,46.1356,1.1836,11902.44,231.21,212.28,False,2026-03-11 17:39:14
39de49,TVF61UE,France,44.3411,-4.1888,11285.22,230.2,214.9,False,2026-03-11 17:39:14
39de40,TVF13QL,France,46.2547,-2.6181,11285.22,232.4,220.6,False,2026-03-11 17:39:14
39de42,TVF61KC,France,41.5521,-2.4821,11887.2,241.13,205.8,False,2026-03-11 17:39:14
407a01,LOG56LK,United Kingdom,54.0552,-2.8471,5806.44,169.62,156.78,False,2026-03-11 17:39:14
511187,MBU6TH,Estonia,40.8578,-6.438,10972.8,215.66,40.45,False,2026-03-11 17:39:14
511189,MBU8TN,Estonia,46.2423,-1.5145,10965.18,230.79,42.83,False,2026-03-11 17:39:14
408162,SRG387,United Kingdom,50.7083,-2.0165,114.3,57.18,98.28,False,2026-03-11 17:39:14
4acb03,NSZ8926,Sweden,38.3554,-2.3593,12496.8,236.13,228.36,False,2026-03-11 17:39:14
408166,LJC9,United Kingdom,42.7759,8.0255,13106.4,204.52,330.79,False,2026-03-11 17:39:14
3c664f,DLH818,Germany,54.9565,11.3444,11277.6,249.56,18.88,False,2026-03-11 17:39:14
4bc8c9,PGT882N,Turkey,47.3589,19.3366,11254.74,227.29,137.94,False,2026-03-11 17:39:14
488242,BNI2LH,Poland,51.726,19.4169,213.36,28.48,253.2,False,2026-03-11 17:39:14
4bc8c6,PGT95XG,Turkey,49.975,8.4872,11277.6,234.52,120.45,False,2026-03-11 17:39:14
4bc8c7,PGT1102,Turkey,40.7601,11.6158,10363.2,235.11,89.37,False,2026-03-11 17:39:14
40814c,GLMHA,United Kingdom,51.1857,4.3709,12999.72,238.66,288.86,False,2026-03-11 17:39:14
4952a9,TAP298,Portugal,36.5455,-7.8631,12192.0,215.66,323.05,False,2026-03-11 17:39:14
511173,NYX389P,Estonia,48.975,18.6731,5059.68,157.32,340.91,False,2026-03-11 17:39:14
511171,MBU6KR,Estonia,41.231,-5.9366,10957.56,211.21,26.0,False,2026-03-11 17:39:14
511170,MBU2VF,Estonia,38.9707,-8.4688,10972.8,216.85,39.13,False,2026-03-11 17:39:14
3c666b,DLH5JW,Germany,52.3377,13.3589,1104.9,122.34,251.87,False,2026-03-11 17:39:14
4bc8d6,PGT942,Turkey,46.5367,14.1189,10058.4,244.09,112.29,False,2026-03-11 17:39:14
471efa,WZZ3TF,Hungary,42.9849,4.8738,10668.0,220.62,227.27,False,2026-03-11 17:39:14
3d7f7a,DFUNI,Germany,49.1844,6.2264,8534.4,167.99,20.43,False,2026-03-11 17:39:14
3d23be,DELUC,Germany,51.4863,11.3081,883.92,84.55,82.66,False,2026-03-11 17:39:14
44029f,AUA317,Austria,48.8355,15.2489,10142.22,217.75,305.87,False,2026-03-11 17:39:14
408134,BAW483Z,United Kingdom,51.4649,-0.4353,30.48,61.22,269.52,False,2026-03-11 17:39:14
511194,MBU6CQ,Estonia,43.1575,-7.3529,11582.4,217.86,35.68,False,2026-03-11 17:39:14
4b187e,SWR18P,Switzerland,47.4587,8.5553,,2.57,95.62,True,2026-03-11 17:39:14
4b187f,SWR52,Switzerland,47.4598,8.5532,,2.06,95.62,True,2026-03-11 17:39:14
3c65ab,DLH458,Germany,53.0706,9.2796,10972.8,253.35,340.42,False,2026-03-11 17:39:14
3c65c3,DLH1304,Germany,50.0477,8.5666,,0.64,202.5,True,2026-03-11 17:39:14
44023f,EJU76EY,Austria,42.6658,10.0922,9768.84,208.69,302.01,False,2026-03-11 17:39:14
ae74d8,SALTY09,United States,49.4732,10.4166,518.16,50.81,15.87,False,2026-03-11 17:39:14
3c5ee7,EWG46A,Germany,49.5805,8.48,11277.6,222.09,154.92,False,2026-03-11 17:39:14
e8021c,LTG8503,Chile,49.7237,2.2352,9547.86,248.13,43.99,False,2026-03-11 17:39:14
3c5ee6,EWG1YA,Germany,51.3905,7.2255,1645.92,121.71,287.21,False,2026-03-11 17:39:14
3c5ee9,EWG41G,Germany,51.638,6.5955,3169.92,161.52,123.44,False,2026-03-11 17:39:14
4acb23,NSZ5715,Sweden,44.148,-0.9846,11887.2,239.47,214.85,False,2026-03-11 17:39:14
3c65d2,DLH2510,Germany,52.1795,-1.1324,2674.62,148.36,299.5,False,2026-03-11 17:39:14
3c65c7,DLH3LE,Germany,50.0485,8.0546,4427.22,197.72,321.55,False,2026-03-11 17:39:14
3c65c4,DLH03X,Germany,43.0335,-0.1656,10050.78,205.63,221.15,False,2026-03-11 17:39:14
3c65c9,DLH9YX,Germany,47.9954,13.7187,7124.7,235.5,280.57,False,2026-03-11 17:39:14
3c5ee4,EWG74X,Germany,49.1212,13.9786,9448.8,219.07,126.12,False,2026-03-11 17:39:14
3c5ee3,EWG22U,Germany,53.0832,5.5766,10058.4,226.5,68.27,False,2026-03-11 17:39:14
46b82d,AEE4MI,Greece,45.5105,9.3033,4038.6,193.29,244.46,False,2026-03-11 17:39:14
46b82c,AEE6TH,Greece,46.1026,12.4727,10965.18,209.54,314.4,False,2026-03-11 17:39:14
3c5eed,EWG64G,Germany,49.0498,6.3227,10980.42,231.15,351.17,False,2026-03-11 17:39:14
3c65e2,DAIOB,Germany,53.5302,9.8381,,0.0,205.31,True,2026-03-11 17:39:14
3b7b3b,DRAG382,France,45.1095,5.8987,1965.96,68.97,88.29,False,2026-03-11 17:39:14
3c5ef0,EWG77C,Germany,41.2517,12.633,11277.6,246.86,153.65,False,2026-03-11 17:39:14
3c65cc,DLH05E,Germany,46.6927,7.6076,11582.4,242.13,56.61,False,2026-03-11 17:39:14
3c5ef5,EWG1RC,Germany,53.2194,10.0815,5775.96,180.41,161.72,False,2026-03-11 17:39:14
46b832,AEE8DT,Greece,52.4146,13.7612,982.98,79.01,248.61,False,2026-03-11 17:39:14
46b830,AEE4CA,Greece,41.2863,17.5227,10980.42,223.8,306.21,False,2026-03-11 17:39:14
440202,TAY5BS,Austria,47.587,6.4726,5486.4,176.6,310.51,False,2026-03-11 17:39:14
39342f,FGNBP,France,50.824,3.2248,121.92,26.97,235.1,False,2026-03-11 17:39:14
46b822,AEE510,Greece,47.2103,14.3415,11567.16,217.33,305.95,False,2026-03-11 17:39:14
46b826,AEE832,Greece,46.1956,14.7261,10363.2,219.71,330.85,False,2026-03-11 17:39:14
3994a5,FHFFF,France,43.534,5.1597,182.88,25.03,170.54,False,2026-03-11 17:39:14
aa441c,UAL933,United States,49.7762,6.4814,8702.04,225.56,267.39,False,2026-03-11 17:39:14
4a09b2,AEZ2360,Romania,41.0927,10.6433,10363.2,211.57,39.57,False,2026-03-11 17:39:14
393323,AFR28NC,France,46.8227,2.0079,10995.66,233.7,184.29,False,2026-03-11 17:39:14
4aca93,NSZ3516,Sweden,51.5294,1.7707,5425.44,175.7,249.07,False,2026-03-11 17:39:14
4aca92,NSZ5074,Sweden,49.6003,2.7242,10972.8,238.66,23.64,False,2026-03-11 17:39:14
4aca94,NSZ5324,Sweden,51.0882,3.8432,11277.6,244.68,18.89,False,2026-03-11 17:39:14
4aca8a,NSZ3407,Sweden,45.2876,-0.5372,10972.8,228.26,25.64,False,2026-03-11 17:39:14
4aca8e,NSZ2987,Sweden,48.1359,1.0416,10972.8,242.42,19.2,False,2026-03-11 17:39:14
344498,IBS1893,Spain,46.1503,-3.9868,11582.4,221.86,352.94,False,2026-03-11 17:39:14
ae6db6,SALTY13,United States,49.4816,10.4135,487.68,24.89,251.94,False,2026-03-11 17:39:14
4400ee,RVP328,Austria,39.2764,-9.1799,838.2,49.26,97.2,False,2026-03-11 17:39:14
3c5eef,EWG7RE,Germany,50.041,4.0539,11894.82,215.36,235.02,False,2026-03-11 17:39:14
3c5eee,EWG3PT,Germany,53.5849,9.8943,1264.92,98.42,231.15,False,2026-03-11 17:39:14
344487,AEA61CV,Spain,40.1252,-2.3819,9715.5,227.72,130.42,False,2026-03-11 17:39:14
48597e,TRA65Q,Kingdom of the Netherlands,50.9618,7.0287,10668.0,218.81,149.64,False,2026-03-11 17:39:14
34444b,IBE08DE,Spain,45.5176,11.9434,10668.0,227.56,248.66,False,2026-03-11 17:39:14
3c6746,DLH1455,Germany,47.3888,14.1169,11582.4,222.09,319.04,False,2026-03-11 17:39:14
3c6747,DLH1HE,Germany,50.0341,8.5265,,3.6,247.5,True,2026-03-11 17:39:14
344449,IBE08VY,Spain,46.2881,1.0331,9944.1,225.82,209.78,False,2026-03-11 17:39:14
344445,EVE7114,Spain,37.4176,-6.0001,350.52,70.48,89.58,False,2026-03-11 17:39:14
344446,AEA84DV,Spain,39.4524,1.8917,4709.16,182.58,77.14,False,2026-03-11 17:39:14
3c5426,BCS6359,Germany,40.8524,-3.1026,5524.5,192.45,71.61,False,2026-03-11 17:39:14
3c5425,BCS832,Germany,47.039,18.1281,4236.72,229.06,319.19,True,2026-03-11 17:39:14
471f77,WMT9UX,Hungary,44.8198,13.8101,6896.1,172.77,288.22,False,2026-03-11 17:39:14
471f70,WZZ46,Hungary,46.8932,7.34,11277.6,214.9,214.57,False,2026-03-11 17:39:14
3c674a,DLH09H,Germany,41.2929,2.0843,,8.75,154.69,True,2026-03-11 17:39:14
3c5421,BCS6360,Germany,49.8609,8.437,2476.5,133.3,268.23,False,2026-03-11 17:39:14
3c6751,DLH3LX,Germany,51.6412,18.4485,10363.2,207.6,239.3,False,2026-03-11 17:39:14
4400b2,EJU4072,Austria,48.7645,8.939,11887.2,224.26,151.2,False,2026-03-11 17:39:14
471f41,WZZ81BS,Hungary,36.8401,-4.0963,4610.1,185.75,277.48,False,2026-03-11 17:39:14
40804d,WUK7NH,United Kingdom,49.646,12.5778,11285.22,234.83,104.46,False,2026-03-11 17:39:14
40804e,WUK9ND,United Kingdom,44.8994,16.1718,11277.6,237.34,137.11,False,2026-03-11 17:39:14
4030dd,GBUJO,United Kingdom,51.325,-0.5626,320.04,58.01,61.39,False,2026-03-11 17:39:14
408051,EZY62YP,United Kingdom,43.9024,-6.6118,11269.98,228.83,216.41,False,2026-03-11 17:39:14
48ca8d,SPTWN,Poland,53.0939,17.9253,449.58,42.5,263.05,False,2026-03-11 17:39:14
471f3d,WZZ9WU,Hungary,46.611,6.295,11277.6,214.21,228.12,False,2026-03-11 17:39:14
344417,IBE07SP,Spain,43.4454,7.1366,10965.18,229.62,49.82,False,2026-03-11 17:39:14
3c6701,DLH713,Germany,49.3082,10.7081,8061.96,211.53,302.18,False,2026-03-11 17:39:14
440cbe,EJU7803,Austria,44.6664,11.1408,11887.2,235.83,166.63,False,2026-03-11 17:39:14
3c6709,DLH719,Germany,47.6969,14.4296,10279.38,239.21,291.71,False,2026-03-11 17:39:14
344409,VLG4FQ,Spain,48.572,1.5048,5501.64,188.41,32.17,False,2026-03-11 17:39:14
471f35,WMT4UU,Hungary,48.5002,15.7853,11262.36,232.07,160.04,False,2026-03-11 17:39:14
440cab,AUA3AC,Austria,48.215,16.2486,1455.42,97.78,115.89,False,2026-03-11 17:39:14
3c6717,DLH412,Germany,53.1046,2.5921,10972.8,238.86,285.23,False,2026-03-11 17:39:14
440cac,AUA6RM,Austria,42.3927,4.8514,11582.4,236.29,56.73,False,2026-03-11 17:39:14
471f37,WZZ6530,Hungary,41.2922,2.0978,,14.4,64.69,True,2026-03-11 17:39:14
471f38,WZZ236M,Hungary,48.5701,15.0842,11262.36,223.62,47.8,False,2026-03-11 17:39:14
399541,AGH04A,France,42.5317,9.5901,3299.46,83.39,9.23,False,2026-03-11 17:39:14
5003f3,T7AMY,San Marino,48.9755,-1.3416,9540.24,212.98,0.14,False,2026-03-11 17:39:14
471f04,WMT485,Hungary,51.8787,-0.3451,198.12,65.44,253.56,False,2026-03-11 17:39:14
40809b,GPJCS,United Kingdom,52.6803,1.2487,403.86,45.0,349.46,False,2026-03-11 17:39:14
3c670c,DLH8P,Germany,53.5673,-0.4176,11582.4,240.89,282.58,False,2026-03-11 17:39:14
4400a1,C9,Austria,48.4441,16.4929,419.1,59.15,193.07,False,2026-03-11 17:39:14
4008b5,BAW485G,United Kingdom,41.3863,1.8478,4747.26,170.98,341.4,False,2026-03-11 17:39:14
471f14,FCA1UA,Hungary,47.3295,19.3383,2019.3,132.16,227.37,False,2026-03-11 17:39:14
4008b2,BAW949L,United Kingdom,51.465,-0.4331,38.1,65.33,270.0,False,2026-03-11 17:39:14
4951cb,TAP835,Portugal,40.968,6.3135,10675.62,223.36,274.23,False,2026-03-11 17:39:14
4951cc,TAP438T,Portugal,39.2413,-8.5857,5966.46,177.94,46.52,False,2026-03-11 17:39:14
40822e,BAW573,United Kingdom,50.057,2.0671,11574.78,220.08,315.09,False,2026-03-11 17:39:14
3c6584,DLH6KK,Germany,50.0148,16.1934,10668.0,223.51,92.64,False,2026-03-11 17:39:14
3c6583,DLH9JV,Germany,50.7369,9.3925,4777.74,178.99,195.67,False,2026-03-11 17:39:14
40822b,SXN608,United Kingdom,43.8067,4.9825,10919.46,207.01,331.01,False,2026-03-11 17:39:14
407b55,WUK7AS,United Kingdom,51.1094,12.4859,11269.98,237.74,105.18,False,2026-03-11 17:39:14
3c658d,DLH9WT,Germany,48.0719,17.5178,8077.2,241.1,107.89,False,2026-03-11 17:39:14
3c658c,DLH945,Germany,51.4665,6.2713,11285.22,241.25,121.93,False,2026-03-11 17:39:14
3c658b,DLH55H,Germany,43.4298,5.2249,-22.86,64.06,313.05,False,2026-03-11 17:39:14
02a1a6,LBT572,Tunisia,39.5758,9.3858,11567.16,218.73,346.26,False,2026-03-11 17:39:14
3c6594,DLH6RM,Germany,47.1873,8.4665,9456.42,215.57,63.19,False,2026-03-11 17:39:14
39d315,TVF29SU,France,41.7789,-2.8129,10538.46,217.24,25.23,False,2026-03-11 17:39:14
40820e,EXS43L,United Kingdom,53.3821,-2.2162,312.42,65.8,230.71,False,2026-03-11 17:39:14
40820f,EXS33K,United Kingdom,44.6429,-5.8358,11582.4,215.26,24.42,False,2026-03-11 17:39:14
407b1e,GCLWB,United Kingdom,52.8675,1.2373,1043.94,46.84,141.24,False,2026-03-11 17:39:14
408210,EXS12DR,United Kingdom,43.0588,-7.9402,10972.8,207.21,22.17,False,2026-03-11 17:39:14
407b24,HKS75,United Kingdom,52.6703,2.6317,838.2,60.2,270.98,False,2026-03-11 17:39:14
a5cc3a,N47296,United States,45.6439,-0.99,944.88,56.75,67.62,False,2026-03-11 17:39:14
490688,RVP954,Portugal,40.3417,-8.2492,3048.0,109.8,35.85,False,2026-03-11 17:39:14
39d30a,TVF76WP,France,45.4433,2.9645,9776.46,193.26,170.04,False,2026-03-11 17:39:14
39d30b,TRA9005,France,41.1618,0.0849,11887.2,237.37,192.77,False,2026-03-11 17:39:14
3c6548,LHX1787,Germany,48.2406,5.1782,11285.22,249.31,100.82,False,2026-03-11 17:39:14
3c7878,CFG8HL,Germany,46.5443,7.0261,10972.8,244.51,49.61,False,2026-03-11 17:39:14
4b5da6,TE25,Switzerland,47.4611,8.5536,,3.86,67.5,True,2026-03-11 17:39:14
407b8b,WUK304,United Kingdom,51.0772,12.7988,10660.38,238.4,107.07,False,2026-03-11 17:39:14
407b8e,BAW48G,United Kingdom,52.6045,8.388,11887.2,247.71,87.38,False,2026-03-11 17:39:14
4b5da8,ATL778,Switzerland,47.4603,8.556,,1.54,22.5,True,2026-03-11 17:39:14
4b5da1,ATL780,Switzerland,47.4537,8.5565,,0.32,11.25,True,2026-03-11 17:39:14
39e68c,AFR84YF,France,48.9962,2.6269,182.88,58.87,264.99,False,2026-03-11 17:39:14
3c6544,DLH44K,Germany,42.2754,-8.2693,8046.72,232.16,35.8,False,2026-03-11 17:39:14
39e68e,AFR16CL,France,50.3279,1.418,7924.8,193.95,321.25,False,2026-03-11 17:39:14
3430cc,VLG8ME,Spain,41.0979,2.1033,2667.0,151.19,159.9,False,2026-03-11 17:39:14
3c787a,CFG139,Germany,48.6148,2.4135,11567.16,240.31,51.0,False,2026-03-11 17:39:14
3c6550,LHX946,Germany,53.2462,-2.0356,2133.6,114.65,338.96,False,2026-03-11 17:39:14
40825f,EXS45TP,United Kingdom,50.5822,5.3656,11574.78,225.24,306.27,False,2026-03-11 17:39:14
39e682,AFR29UG,France,53.6333,10.0036,,0.0,87.19,True,2026-03-11 17:39:14
39e687,AFR81CE,France,47.4541,8.5537,,3.34,137.81,True,2026-03-11 17:39:14
3c4b49,EWG62H,Germany,42.8524,19.4744,9494.52,221.18,325.42,False,2026-03-11 17:39:14
39e697,AFR31WZ,France,50.1063,14.2617,,0.0,61.88,True,2026-03-11 17:39:14
39e698,AFR63TL,France,51.9877,19.5872,7170.42,184.67,256.47,False,2026-03-11 17:39:14
408254,GRGAH,United Kingdom,51.8734,-1.0712,982.98,59.82,40.82,False,2026-03-11 17:39:14
39e691,AFR1235,France,49.6238,3.9805,5288.28,161.85,232.62,False,2026-03-11 17:39:14
40823c,EXS73NW,United Kingdom,51.3267,-8.7869,11269.98,242.12,41.04,False,2026-03-11 17:39:14
3c4b4b,EWG9216,Germany,53.6491,9.6924,11871.96,242.92,36.82,False,2026-03-11 17:39:14
3443d4,VLG9QY,Spain,41.2919,2.0878,,9.26,157.5,True,2026-03-11 17:39:14
3443d5,VLG20TM,Spain,42.245,0.2067,11277.6,222.84,181.59,False,2026-03-11 17:39:14
3443d1,VLG5FA,Spain,46.0756,-3.4256,10675.62,247.98,189.07,False,2026-03-11 17:39:14
506fc2,S5PGI,Slovenia,46.4863,15.6604,525.78,37.81,303.91,False,2026-03-11 17:39:14
3c5db0,KLM1823,Germany,52.1942,4.8066,2461.26,145.13,120.93,False,2026-03-11 17:39:14
4080fe,NHZ25,United Kingdom,53.8103,-3.288,327.66,52.93,285.79,False,2026-03-11 17:39:14
402087,GBKVG,United Kingdom,50.8647,-3.2948,594.36,24.2,2.44,False,2026-03-11 17:39:14
3c64b0,DLH43U,Germany,40.6427,-6.7661,10370.82,215.39,46.16,False,2026-03-11 17:39:14
4aca05,NOZ1802,Sweden,37.8341,-4.7759,6667.5,208.99,194.1,False,2026-03-11 17:39:14
3d3742,DETEG,Germany,52.5592,9.4583,1828.8,85.58,356.21,False,2026-03-11 17:39:14
0a001a,DAH1174,Algeria,49.0091,6.2847,396.24,67.65,219.14,False,2026-03-11 17:39:14
38151a,,France,43.6152,1.3633,,0.0,132.19,True,2026-03-11 17:39:14
4080ea,BAW402,United Kingdom,49.1164,7.8809,10668.0,235.73,134.47,False,2026-03-11 17:39:14
4aca13,NSZ5372,Sweden,46.0308,0.7755,11582.4,223.1,356.83,False,2026-03-11 17:39:14
3c64ab,DLH584,Germany,43.4839,17.6078,10050.78,223.93,139.1,False,2026-03-11 17:39:14
4080f9,HGO772,United Kingdom,51.6108,0.4945,9144.0,213.89,279.55,False,2026-03-11 17:39:14
3c64aa,DLH7CF,Germany,53.4407,15.1169,10370.82,232.53,197.11,False,2026-03-11 17:39:14
4080f7,EZY24DQ,United Kingdom,51.1527,-0.1824,,7.46,348.75,True,2026-03-11 17:39:14
0a008e,DAH1119,Algeria,46.5845,2.6856,11277.6,234.17,168.47,False,2026-03-11 17:39:14
0a008f,DAH1005,Algeria,45.0635,2.627,11277.6,226.38,179.09,False,2026-03-11 17:39:14
0a008d,DAH2057,Algeria,41.7784,2.0639,11277.6,234.14,175.97,False,2026-03-11 17:39:14
710415,SVA124,Saudi Arabia,37.38,18.4268,11269.98,269.96,131.83,False,2026-03-11 17:39:14
402ba2,GBOTG,United Kingdom,53.1013,-0.9342,1143.0,42.2,358.6,False,2026-03-11 17:39:14
4aca75,SAS71T,Sweden,54.7922,11.8354,7962.9,191.62,192.25,False,2026-03-11 17:39:14
02a1ae,LBT397,Tunisia,50.9014,4.4902,,0.0,154.69,True,2026-03-11 17:39:14
50033d,T7OLLIE,San Marino,48.8093,17.0035,11544.3,240.52,118.21,False,2026-03-11 17:39:14
0a0079,DAH1145,Algeria,46.4607,2.7667,11277.6,242.56,161.83,False,2026-03-11 17:39:14
0a0076,DAH3017,Algeria,38.9123,17.4499,10972.8,220.43,251.78,False,2026-03-11 17:39:14
471fa4,WZZ2631,Hungary,47.799,15.9383,10668.0,226.15,170.84,False,2026-03-11 17:39:14
471fa1,WZZ427B,Hungary,42.9219,13.0926,10873.74,219.16,28.61,False,2026-03-11 17:39:14
02a1b1,LBT509,Tunisia,47.807,2.3252,8313.42,222.89,169.49,False,2026-03-11 17:39:14
471fae,WZZ91SR,Hungary,41.4521,2.8331,2453.64,162.02,227.44,False,2026-03-11 17:39:14
46b927,SEH3XP,Greece,43.1287,13.8564,11887.2,236.77,128.74,False,2026-03-11 17:39:14
3cea40,QAJ1,Germany,50.9398,7.0428,586.74,80.84,137.58,False,2026-03-11 17:39:14
402002,GWACU,United Kingdom,52.8413,-2.7595,152.4,35.65,225.0,False,2026-03-11 17:39:14
49410e,NJE365L,Portugal,46.321,6.231,990.6,69.85,225.6,False,2026-03-11 17:39:14
49410c,NJE846R,Portugal,41.8036,12.592,22.86,51.08,152.4,False,2026-03-11 17:39:14
4a08e7,ROT363T,Romania,50.523,12.6178,12192.0,216.53,297.6,False,2026-03-11 17:39:14
0a0019,DAH1149,Algeria,37.2621,2.2672,7703.82,209.08,184.8,False,2026-03-11 17:39:14
494116,NJE457W,Portugal,51.6674,0.5952,7117.08,221.11,120.32,False,2026-03-11 17:39:14
4080e9,BAW424,United Kingdom,39.9192,-4.4158,10683.24,245.37,186.38,False,2026-03-11 17:39:14
494111,NJE280D,Portugal,41.4785,3.8508,13106.4,225.32,198.64,False,2026-03-11 17:39:14
4080e3,BAW507,United Kingdom,40.8547,-6.4731,10347.96,216.82,45.77,False,2026-03-11 17:39:14
4080e4,BAW510,United Kingdom,41.721,-7.332,11277.6,239.45,208.77,False,2026-03-11 17:39:14
4080e1,SHT9H,United Kingdom,54.0228,-2.9283,9456.42,220.8,159.12,False,2026-03-11 17:39:14
494117,NJE211P,Portugal,36.9648,-7.8336,929.64,117.29,143.38,False,2026-03-11 17:39:14
0a0021,DAH2017,Algeria,38.2522,-0.4571,1150.62,108.6,152.95,False,2026-03-11 17:39:14
494108,NJE806N,Portugal,46.6211,6.6942,3589.02,128.94,227.91,False,2026-03-11 17:39:14
494106,NJE484A,Portugal,51.2001,13.547,10995.66,202.82,173.88,False,2026-03-11 17:39:14
34324f,IBE0689,Spain,40.4989,-3.5625,,4.89,0.0,True,2026-03-11 17:39:14
3c4acd,DLH729,Germany,47.2354,18.2514,10972.8,239.96,288.63,False,2026-03-11 17:39:14
4080c2,RUK2UY,United Kingdom,52.3424,12.9319,3604.26,171.42,272.06,False,2026-03-11 17:39:14
4a08ea,ROT373D,Romania,50.561,7.1215,7178.04,198.66,274.46,False,2026-03-11 17:39:14
4a08ec,ROT383X,Romania,49.0001,2.6974,449.58,67.04,266.04,False,2026-03-11 17:39:14
3c64ef,,Germany,50.0458,8.5607,,1.03,250.31,True,2026-03-11 17:39:14
4009c5,SHT8H,United Kingdom,54.7397,-2.7856,7833.36,168.94,335.15,False,2026-03-11 17:39:14
4bc855,PGT355H,Turkey,40.6107,18.2639,11285.22,239.79,91.23,False,2026-03-11 17:39:14
4009c6,BAW41YA,United Kingdom,46.8384,3.5528,7940.04,196.52,157.53,False,2026-03-11 17:39:14
4401e8,EJU98YL,Austria,45.6392,8.7225,,8.23,75.94,True,2026-03-11 17:39:14
3c6634,DLH830,Germany,52.7014,10.2641,10668.0,245.5,27.32,False,2026-03-11 17:39:14
40817d,GRDWN,United Kingdom,50.992,-0.8889,434.34,74.09,242.72,False,2026-03-11 17:39:14
4401d4,BOM1,Austria,45.9573,7.0548,8877.3,243.93,19.85,False,2026-03-11 17:39:14
4b15ed,EDW118,Switzerland,40.5788,-2.7156,11574.78,217.33,29.96,False,2026-03-11 17:39:14
4b15ee,EDW201T,Switzerland,40.9687,-2.4363,10980.42,227.9,39.87,False,2026-03-11 17:39:14
4401fa,EJU71PW,Austria,47.2099,1.2153,8534.4,222.61,10.12,False,2026-03-11 17:39:14
3c664c,DLH66U,Germany,40.6233,-3.505,1790.7,113.56,40.04,False,2026-03-11 17:39:14
4bc841,PGT3TD,Turkey,50.0404,8.5774,,8.75,70.31,True,2026-03-11 17:39:14
408177,NJU149A,United Kingdom,47.5252,4.8995,11582.4,206.93,323.9,False,2026-03-11 17:39:14
4401ea,JTY52W,Austria,54.4462,13.7957,12192.0,219.23,204.1,False,2026-03-11 17:39:14
408170,AUR38J,United Kingdom,49.2209,-2.0359,563.88,64.65,264.06,False,2026-03-11 17:39:14
3c7982,CFG9WC,Germany,38.3495,-9.1157,10370.82,218.13,38.68,False,2026-03-11 17:39:14
3c6654,DLH26C,Germany,44.957,6.6243,10355.58,230.85,18.31,False,2026-03-11 17:39:14
3c6652,DLH1FF,Germany,50.4238,8.6122,5295.9,216.0,22.11,False,2026-03-11 17:39:14
3c7981,CFG031,Germany,46.3519,18.3891,10980.42,228.05,318.11,False,2026-03-11 17:39:14
4bc88a,PGT1136,Turkey,44.4571,19.288,11277.6,231.4,118.84,False,2026-03-11 17:39:14
3f5d91,GAF936,Germany,52.4623,4.3549,11033.76,259.13,105.66,False,2026-03-11 17:39:14
3946e5,AFR34MD,France,48.9066,0.5963,8831.58,207.78,264.46,False,2026-03-11 17:39:14
4bc88f,PGT18N,Turkey,41.5243,12.2073,3444.24,178.73,142.6,False,2026-03-11 17:39:14
4bc89a,PGT49J,Turkey,48.1591,16.4218,655.32,81.91,116.08,False,2026-03-11 17:39:14
44b438,JAF78N,Belgium,44.196,-4.0776,11582.4,227.09,25.93,False,2026-03-11 17:39:14
4009db,BAW890,United Kingdom,48.0552,9.4109,10660.38,240.47,109.37,False,2026-03-11 17:39:14
4009da,BAW543Q,United Kingdom,46.9459,8.1551,10972.8,223.22,301.24,False,2026-03-11 17:39:14
44b434,OOMAT,Belgium,49.9682,3.5746,937.26,62.15,353.35,False,2026-03-11 17:39:14
4bc883,PGT1259,Turkey,52.3204,4.7416,,8.23,92.81,True,2026-03-11 17:39:14
4009cd,BWY30,United Kingdom,50.2047,-2.369,655.32,135.5,84.12,False,2026-03-11 17:39:14
7103d7,SVA120,Saudi Arabia,38.6441,17.153,11277.6,261.97,138.26,False,2026-03-11 17:39:14
5002cd,VAJ888,San Marino,48.2979,2.6108,6515.1,195.86,149.19,False,2026-03-11 17:39:14
3cf194,PWF13,Germany,48.7151,12.4073,3276.6,139.05,280.23,False,2026-03-11 17:39:14
4009d9,BAW698,United Kingdom,48.1179,16.5603,,0.51,39.38,True,2026-03-11 17:39:14
4bc890,PGT1264,Turkey,51.866,7.821,11277.6,242.28,102.38,False,2026-03-11 17:39:14
452087,UBD437,Bulgaria,48.3246,18.8478,10965.18,233.28,303.76,False,2026-03-11 17:39:14
44008f,AUA33J,Austria,48.4406,14.8687,10264.14,218.58,291.25,False,2026-03-11 17:39:14
400879,BAW9MS,United Kingdom,51.476,-0.4576,,11.83,90.0,True,2026-03-11 17:39:14
3c6467,CFG6NV,Germany,50.0836,8.319,2743.2,169.8,69.42,False,2026-03-11 17:39:14
4b5d9f,ALT777,Switzerland,47.4539,8.5585,,0.0,168.75,True,2026-03-11 17:39:14
4068f0,LNX23JG,United Kingdom,46.2687,7.7369,11323.32,185.96,313.32,False,2026-03-11 17:39:14
440090,EJU167W,Austria,47.8472,6.3869,6957.06,207.45,46.81,False,2026-03-11 17:39:14
3c6474,CFG7VN,Germany,50.9313,9.4547,6057.9,193.15,194.18,False,2026-03-11 17:39:14
3c6473,CFG3YU,Germany,50.0376,8.5476,,4.12,53.44,True,2026-03-11 17:39:14
3c6488,DLH8M,Germany,51.9134,10.8978,9433.56,231.86,157.7,False,2026-03-11 17:39:14
3c6487,DLH99Y,Germany,41.2392,2.0605,670.56,100.9,182.05,False,2026-03-11 17:39:14
3c6486,DLH7T,Germany,50.3988,13.0896,9144.0,212.98,15.98,False,2026-03-11 17:39:14
73805c,ELY859,Israel,44.2072,18.6256,10972.8,224.95,317.04,False,2026-03-11 17:39:14
44009e,EJU63UF,Austria,52.3717,4.7128,91.44,67.55,183.93,False,2026-03-11 17:39:14
400846,LOG4MU,United Kingdom,52.587,-1.3259,10332.72,164.04,333.76,False,2026-03-11 17:39:14
3c6490,EWG4H,Germany,40.7369,-3.1405,10675.62,232.85,211.72,False,2026-03-11 17:39:14
3c6496,EWG28N,Germany,51.2932,6.7805,,39.1,233.44,True,2026-03-11 17:39:14
3c6495,EWG55N,Germany,39.9701,-8.5289,8679.18,233.23,182.28,False,2026-03-11 17:39:14
39dc01,FHXAB,France,37.6972,-1.3056,312.42,55.69,281.73,False,2026-03-11 17:39:14
3c6427,CFG7FK,Germany,50.0332,8.5544,,14.92,278.44,True,2026-03-11 17:39:14
4b1617,SWR23F,Switzerland,52.3529,13.4997,,33.44,247.5,True,2026-03-11 17:39:14
398037,RPOL35,France,43.5255,5.441,731.52,49.54,285.05,False,2026-03-11 17:39:14
500292,DWC006,San Marino,44.1948,12.2526,10668.0,250.52,155.75,False,2026-03-11 17:39:14
440c96,EJU934Y,Austria,45.723,2.6923,11277.6,241.9,119.56,False,2026-03-11 17:39:14
738054,ELY1365,Israel,47.5579,19.0432,1043.94,90.32,132.23,False,2026-03-11 17:39:14
440052,AUA143P,Austria,48.0018,14.4635,10073.64,212.48,269.31,False,2026-03-11 17:39:14
440051,EJU93JB,Austria,45.037,6.143,11574.78,212.6,325.85,False,2026-03-11 17:39:14
738051,ELY428,Israel,48.007,7.2179,10058.4,242.46,111.67,False,2026-03-11 17:39:14
3c4a14,DLH1KT,Germany,48.5967,11.1494,3695.7,176.36,124.06,False,2026-03-11 17:39:14
738055,ELY453,Israel,48.3452,11.809,449.58,73.0,263.53,False,2026-03-11 17:39:14
44006e,AUA36G,Austria,48.1715,15.7513,6027.42,186.92,288.29,False,2026-03-11 17:39:14
3c6448,DLH3YN,Germany,54.2362,-0.9887,11590.02,224.02,328.43,False,2026-03-11 17:39:14
44006c,AUA405,Austria,48.1163,16.5676,,0.0,115.31,True,2026-03-11 17:39:14
4b161f,EDW31YH,Switzerland,49.0247,8.7753,8686.8,203.32,189.32,False,2026-03-11 17:39:14
3453c1,AEA1047,Spain,41.9247,12.2284,419.1,83.47,162.79,False,2026-03-11 17:39:14
484fdf,KLM1316,Kingdom of the Netherlands,52.1333,13.1413,12192.0,216.99,273.53,False,2026-03-11 17:39:14
3453c3,VLG47PA,Spain,38.7889,-1.6536,10058.4,234.31,232.22,False,2026-03-11 17:39:14
3c6441,DLH9PH,Germany,50.0909,8.724,960.12,73.65,248.27,False,2026-03-11 17:39:14
4b161a,SWR4MK,Switzerland,51.19,6.8584,3253.74,182.62,45.68,False,2026-03-11 17:39:14
4b161b,SWR7WA,Switzerland,46.6222,8.4975,7315.2,208.86,180.14,False,2026-03-11 17:39:14
3c6445,DLH054,Germany,50.016,8.3271,3657.6,170.89,20.07,False,2026-03-11 17:39:14
3c6444,DLH6UX,Germany,50.6427,8.8784,7101.84,223.27,28.34,False,2026-03-11 17:39:14
484fde,KLM10X,Kingdom of the Netherlands,44.1454,6.6892,8031.48,192.61,323.25,False,2026-03-11 17:39:14
3c6443,DLH8NL,Germany,50.0349,8.5296,,0.06,247.5,True,2026-03-11 17:39:14
44005b,OEASE,Austria,46.9929,15.4436,,0.0,348.75,True,2026-03-11 17:39:14
4b1620,EDW215P,Switzerland,40.7062,-2.7066,10972.8,223.03,38.35,False,2026-03-11 17:39:14
50028a,T7SF50,San Marino,41.081,-1.6272,8526.78,163.75,78.58,False,2026-03-11 17:39:14
800583,AIC129,India,50.2401,6.1768,10363.2,236.31,302.83,False,2026-03-11 17:39:14
440072,EJU83UF,Austria,41.0403,2.1674,10972.8,227.71,59.15,False,2026-03-11 17:39:14
440005,EJU76EA,Austria,48.4497,10.8267,11277.6,229.29,185.02,False,2026-03-11 17:39:14
440002,AUA62,Austria,46.7439,19.2631,10363.2,238.6,310.63,False,2026-03-11 17:39:14
440001,OEARW,Austria,48.0183,15.9675,1181.1,41.29,300.72,False,2026-03-11 17:39:14
78219a,HLF8849,China,51.4084,12.2478,,2.83,84.38,True,2026-03-11 17:39:14
440039,AUA984,Austria,51.2582,14.2955,10965.18,240.6,171.89,False,2026-03-11 17:39:14
440036,EJU19NY,Austria,44.9565,8.6527,3870.96,178.24,87.02,False,2026-03-11 17:39:14
440031,EJU95RL,Austria,45.4816,4.6394,4884.42,169.7,250.52,False,2026-03-11 17:39:14
39dc85,FHXEF,France,37.6972,-1.304,312.42,55.15,287.93,False,2026-03-11 17:39:14
44001a,AUA21E,Austria,48.3841,13.783,10370.82,210.1,280.15,False,2026-03-11 17:39:14
8960f4,UAE9H,United Arab Emirates,46.6413,13.5861,11277.6,264.28,138.71,False,2026-03-11 17:39:14
440c13,C02,Austria,48.4122,15.6121,220.98,13.5,72.26,False,2026-03-11 17:39:14
49514d,TAP836A,Portugal,40.9072,4.4042,10972.8,232.0,100.09,False,2026-03-11 17:39:14
3cfaf9,DCWIR,Germany,50.925,6.7323,1386.84,143.34,45.87,False,2026-03-11 17:39:14
49514b,TAP435,Portugal,38.7627,-9.1459,45.72,67.83,22.29,False,2026-03-11 17:39:14
8960d4,UAE46,United Arab Emirates,44.6606,16.3452,9448.8,254.8,138.68,False,2026-03-11 17:39:14
495150,TAP1356,Portugal,48.485,-2.3725,10972.8,215.88,16.19,False,2026-03-11 17:39:14
495146,TAP1272,Portugal,46.2802,6.5162,10363.2,241.7,47.07,False,2026-03-11 17:39:14
495149,TAP42LV,Portugal,46.2524,6.1301,403.86,65.85,225.95,False,2026-03-11 17:39:14
440c36,EJU91JU,Austria,45.6586,7.9367,7299.96,193.17,291.23,False,2026-03-11 17:39:14
39809c,FJLTA,France,43.532,5.3644,434.34,45.39,72.18,False,2026-03-11 17:39:14
3d366d,DESWB,Germany,52.1425,7.7224,152.4,41.32,251.11,False,2026-03-11 17:39:14
4b027d,EZS415G,Switzerland,45.9696,6.0521,9761.22,207.84,52.85,False,2026-03-11 17:39:14
4b0281,EZS91KB,Switzerland,44.2993,2.5506,10972.8,233.53,54.59,False,2026-03-11 17:39:14
3d1c4e,DEIYW,Germany,48.2149,11.496,975.36,42.8,283.2,False,2026-03-11 17:39:14
405636,EZY68JX,United Kingdom,51.1563,-0.1785,,0.0,168.75,True,2026-03-11 17:39:14
4b0274,EZS52VA,Switzerland,46.2753,6.1637,601.98,64.75,225.64,False,2026-03-11 17:39:14
405631,EZY53TX,United Kingdom,47.2625,-3.9735,11894.82,235.55,203.15,False,2026-03-11 17:39:14
45ca65,OYRSE,Denmark,52.9085,6.7878,9144.0,174.45,42.25,False,2026-03-11 17:39:14
485779,KLM1909,Kingdom of the Netherlands,51.4156,7.3417,8427.72,232.65,119.4,False,2026-03-11 17:39:14
345597,ANE71DM,Spain,44.2589,8.989,9326.88,233.39,81.76,False,2026-03-11 17:39:14
4b028e,SWR5TQ,Switzerland,47.4995,8.5168,1127.76,76.9,331.21,False,2026-03-11 17:39:14
4b028c,SWR31D,Switzerland,48.1629,12.1853,11894.82,224.09,49.66,False,2026-03-11 17:39:14
3d2372,DELRE,Germany,48.4809,11.9085,944.88,47.47,94.35,False,2026-03-11 17:39:14
4b0294,SWR44L,Switzerland,46.2078,8.6508,8839.2,241.41,174.37,False,2026-03-11 17:39:14
4b0292,SWR478V,Switzerland,51.2526,1.0961,2727.96,130.15,304.7,False,2026-03-11 17:39:14
4b0291,SWR82L,Switzerland,45.8539,4.9163,11658.6,214.13,239.06,False,2026-03-11 17:39:14
471d66,WZZ576,Hungary,44.5235,8.5185,10668.0,222.96,239.65,False,2026-03-11 17:39:14
471d65,WZZ2548,Hungary,53.5179,15.9133,10668.0,236.38,161.21,False,2026-03-11 17:39:14
3991e3,AFR1530,France,36.5246,0.0556,7284.72,220.94,173.85,False,2026-03-11 17:39:14
3991e6,AFR67XP,France,48.2707,4.0747,6256.02,198.93,319.72,False,2026-03-11 17:39:14
3991e5,AFR99ZR,France,47.3617,5.2091,10088.88,213.35,320.28,False,2026-03-11 17:39:14
3991e8,AFR69NJ,France,41.7956,-2.3245,11269.98,231.23,205.99,False,2026-03-11 17:39:14
3991e9,AFR59XR,France,47.4368,-1.3066,1592.58,137.75,212.03,False,2026-03-11 17:39:14
471d5c,WZZ8BE,Hungary,45.4005,11.1783,11277.6,232.86,246.15,False,2026-03-11 17:39:14
34554f,FSMK3E,Spain,40.5691,-4.0735,1280.16,49.6,174.64,False,2026-03-11 17:39:14
3de6ac,HSOPK4,Germany,53.4113,7.3362,419.1,52.88,252.45,False,2026-03-11 17:39:14
403003,GBRND,United Kingdom,52.8621,-1.6108,60.96,23.29,223.21,False,2026-03-11 17:39:14
3d1005,DEEHX,Germany,53.3408,7.7546,594.36,98.21,130.11,False,2026-03-11 17:39:14
344216,AEA54TM,Spain,41.3349,-6.6449,9144.0,233.86,113.46,False,2026-03-11 17:39:14
344218,ANE22XP,Spain,42.1095,4.4429,10363.2,230.63,45.36,False,2026-03-11 17:39:14
440aba,OEDCG,Austria,48.3619,13.5662,762.0,50.15,100.04,False,2026-03-11 17:39:14
4b0dd0,HUE12P,Switzerland,47.8902,12.5196,2865.12,143.57,60.13,False,2026-03-11 17:39:14
3cc803,PWF33,Germany,49.2935,12.0635,3017.52,125.16,196.72,False,2026-03-11 17:39:14
a4c2ff,CMB406,United States,42.2886,12.911,7620.0,142.27,169.58,False,2026-03-11 17:39:14
3c6523,LHX6HX,Germany,51.693,0.7928,4533.9,143.9,263.64,False,2026-03-11 17:39:14
3c6522,LHX3AV,Germany,53.6413,-3.3016,11178.54,204.22,278.11,False,2026-03-11 17:39:14
3c6521,LHX52A,Germany,48.3521,11.8016,,5.66,8.44,True,2026-03-11 17:39:14
3c7865,VJH713,Germany,39.3718,-8.2451,9319.26,184.39,41.61,False,2026-03-11 17:39:14
06002f,MAU15,Mauritius,41.9516,3.0197,10668.0,247.45,176.3,False,2026-03-11 17:39:14
398c07,MZY30A,France,43.6646,4.2279,1463.04,78.91,129.71,False,2026-03-11 17:39:14
896188,UAE78L,United Arab Emirates,37.9886,16.1692,11277.6,259.2,138.78,False,2026-03-11 17:39:14
406909,EZY43JW,United Kingdom,53.9208,-4.75,7010.4,203.42,126.46,False,2026-03-11 17:39:14
4a91f9,SAS2628,Sweden,43.5843,-7.2779,10972.8,223.43,43.51,False,2026-03-11 17:39:14
39dd2f,FHXJP,France,49.1721,2.2693,403.86,45.58,343.61,False,2026-03-11 17:39:14
4951ca,TAP939,Portugal,41.6398,-5.5157,10995.66,209.9,254.94,False,2026-03-11 17:39:14
4951d8,TAP35BL,Portugal,38.4705,-8.8425,2750.82,134.98,266.94,False,2026-03-11 17:39:14
40097f,BAW936D,United Kingdom,51.0445,2.5864,9456.42,248.03,97.51,False,2026-03-11 17:39:14
40097d,BAW885R,United Kingdom,50.8714,5.6501,10972.8,217.18,290.67,False,2026-03-11 17:39:14
40097c,BAW717T,United Kingdom,50.6215,1.1555,8161.02,178.61,314.88,False,2026-03-11 17:39:14
39dd41,CCM58GS,France,43.3525,6.2606,6537.96,234.16,107.12,False,2026-03-11 17:39:14
39dd40,CCM60VE,France,42.7988,8.7484,1569.72,133.6,125.28,False,2026-03-11 17:39:14
39dd42,CCM96LD,France,47.052,2.9781,10919.46,214.35,163.26,False,2026-03-11 17:39:14
45d1f4,FHUBC,Denmark,43.8881,4.9223,312.42,45.12,28.61,False,2026-03-11 17:39:14
40095d,,United Kingdom,51.476,-0.4575,,10.29,90.0,True,2026-03-11 17:39:14
488d62,SPDLC,Poland,49.7972,17.9066,8534.4,134.63,13.93,False,2026-03-11 17:39:14
3c0cb2,TUI39B,Germany,37.3036,-8.7601,11277.6,239.94,200.46,False,2026-03-11 17:39:14
408041,WUK79,United Kingdom,45.3564,16.9325,10683.24,231.4,130.31,False,2026-03-11 17:39:14
440179,EJU35KZ,Austria,46.6735,-0.6375,5425.44,155.17,322.41,False,2026-03-11 17:39:14
440181,EJU45TZ,Austria,38.5495,-9.384,1760.22,120.96,69.33,False,2026-03-11 17:39:14
488109,SPAIK,Poland,54.199,18.3725,457.2,58.37,49.29,False,2026-03-11 17:39:14
452181,UAE9335,Bulgaria,51.6259,8.7476,11277.6,261.81,101.33,False,2026-03-11 17:39:14
3c5c41,BTX1A,Germany,47.8312,11.5105,3535.68,188.55,13.09,False,2026-03-11 17:39:14
39dd58,CCM321L,France,46.233,-0.8217,6096.0,109.81,341.99,False,2026-03-11 17:39:14
300a9d,ITY759,Italy,43.167,18.6859,12192.0,239.12,264.94,False,2026-03-11 17:39:14
392af4,AFR1534,France,49.0968,3.4433,7231.38,217.68,85.8,False,2026-03-11 17:39:14
44017c,EJU35NQ,Austria,41.2217,-8.6743,45.72,68.2,348.69,False,2026-03-11 17:39:14
440189,BCS6701,Austria,52.3204,4.7418,,2.83,92.81,True,2026-03-11 17:39:14
48940d,SPFAN,Poland,53.0999,18.0127,182.88,33.02,265.53,False,2026-03-11 17:39:14
39ca35,STH02,France,44.7292,-0.6061,68.58,56.18,74.05,False,2026-03-11 17:39:14
452166,DAH1215,Bulgaria,48.7133,2.0743,4876.8,189.15,174.54,False,2026-03-11 17:39:14
45caa7,DTR1825,Denmark,36.9181,12.1705,1463.04,81.3,131.15,False,2026-03-11 17:39:14
471dbb,WZZ41,Hungary,40.8977,-0.4569,10027.92,215.63,253.08,False,2026-03-11 17:39:14
440132,EJU14XA,Austria,45.4552,8.7875,830.58,110.73,300.74,False,2026-03-11 17:39:14
471dba,WZZ553,Hungary,49.1391,13.6437,10660.38,228.33,112.52,False,2026-03-11 17:39:14
440141,EZS67RM,Austria,45.6472,6.5195,7002.78,213.42,157.76,False,2026-03-11 17:39:14
39ca84,SAMU44,France,47.2092,-1.5545,,1.54,284.06,True,2026-03-11 17:39:14
300a7b,DLA6TP,Italy,46.3051,13.1273,9144.0,180.86,8.18,False,2026-03-11 17:39:14
ae6cbf,HUNT41,United States,52.3756,17.8722,274.32,62.83,286.65,False,2026-03-11 17:39:14
49529a,TAP1455,Portugal,37.107,-8.7089,10919.46,196.76,345.93,False,2026-03-11 17:39:14
452134,DAH1172,Bulgaria,47.4474,7.6279,1417.32,99.2,335.16,False,2026-03-11 17:39:14
3909a9,FGCNJ,France,48.4046,2.0794,396.24,44.35,52.07,False,2026-03-11 17:39:14
471db6,WZZ3CA,Hungary,50.7773,9.0146,8092.44,226.02,111.78,False,2026-03-11 17:39:14
3d4824,DEZOM,Germany,52.2938,8.9971,525.78,51.97,338.51,False,2026-03-11 17:39:14
452126,GPX8KW,Bulgaria,47.0395,14.9489,10980.42,224.04,318.07,False,2026-03-11 17:39:14
495292,TAP5RP,Portugal,47.7467,-0.892,11285.22,220.86,229.82,False,2026-03-11 17:39:14
495293,TAP687,Portugal,46.5161,-1.9596,11894.82,217.71,227.3,False,2026-03-11 17:39:14
300a3b,ITY220,Italy,45.4345,9.2799,,0.0,267.19,True,2026-03-11 17:39:14
3de65d,HSOMJ4,Germany,53.9541,6.9211,365.76,58.85,157.92,False,2026-03-11 17:39:14
400944,LOG22Y,United Kingdom,54.0623,-1.8139,8633.46,161.09,358.35,False,2026-03-11 17:39:14
3de65b,HSOMH5,Germany,53.6038,6.8363,502.92,58.1,309.61,False,2026-03-11 17:39:14
3e0687,DHTRB,Germany,49.342,8.6419,411.48,41.99,187.04,False,2026-03-11 17:39:14
440119,LDX20,Austria,47.743,10.213,7955.28,211.06,267.9,False,2026-03-11 17:39:14
440117,EJU51ZH,Austria,41.2686,-7.837,4312.92,171.96,250.97,False,2026-03-11 17:39:14
495269,RZO124,Portugal,38.7186,-9.1695,312.42,72.14,23.09,False,2026-03-11 17:39:14
ab0e30,N811MK,United States,50.1382,2.3778,12192.0,247.43,316.35,False,2026-03-11 17:39:14
402a10,GBNZZ,United Kingdom,53.8682,-1.0596,952.5,39.35,295.56,False,2026-03-11 17:39:14
4007db,LOG96AQ,United Kingdom,54.2905,-1.9507,10012.68,185.85,2.22,False,2026-03-11 17:39:14
4007da,LOG4ZH,United Kingdom,53.0666,0.7682,5250.18,154.38,326.42,False,2026-03-11 17:39:14
4baad5,THY7FA,Turkey,49.5155,10.9057,899.16,88.4,98.37,False,2026-03-11 17:39:14
7105ab,SVA126,Saudi Arabia,37.9817,17.753,10668.0,270.64,135.15,False,2026-03-11 17:39:14
8017f7,AIC2027,India,50.1615,9.2599,1981.2,135.33,349.93,False,2026-03-11 17:39:14
495218,TAP1930,Portugal,41.0075,-8.6182,1036.32,129.64,348.56,False,2026-03-11 17:39:14
506f9b,S5DUA,Slovenia,43.0837,5.016,1310.64,47.32,258.08,False,2026-03-11 17:39:14
48455d,KLM1960,Kingdom of the Netherlands,47.7717,17.4533,12192.0,219.46,306.71,False,2026-03-11 17:39:14
4baace,THY3WS,Turkey,40.9688,17.2086,10972.8,214.07,275.79,False,2026-03-11 17:39:14
484555,KLM28W,Kingdom of the Netherlands,42.8419,-2.1171,10972.8,227.4,24.88,False,2026-03-11 17:39:14
34568d,VOE87SR,Spain,45.3319,11.9029,1600.2,150.74,90.59,False,2026-03-11 17:39:14
484560,KLM844,Kingdom of the Netherlands,50.0723,13.0471,10972.8,233.41,305.58,False,2026-03-11 17:39:14
345698,ANE1279,Spain,46.4184,6.5242,2080.26,117.55,3.76,False,2026-03-11 17:39:14
345692,IBE07CT,Spain,46.5812,0.2114,11529.06,228.56,29.68,False,2026-03-11 17:39:14
485873,KLM47H,Kingdom of the Netherlands,53.0679,2.9185,9906.0,214.01,307.28,False,2026-03-11 17:39:14
abac2c,AAL81,United States,52.5391,-0.8326,7559.04,211.25,327.94,False,2026-03-11 17:39:14
485874,KLC1093,Kingdom of the Netherlands,51.5662,-2.562,3185.16,165.39,167.61,False,2026-03-11 17:39:14
485875,KLM90Y,Kingdom of the Netherlands,45.588,11.2437,11003.28,199.5,3.7,False,2026-03-11 17:39:14
781093,CXA811,China,52.5528,4.7892,739.14,87.43,263.92,False,2026-03-11 17:39:14
344344,IBE07HH,Spain,50.4326,-1.267,6987.54,172.32,17.19,False,2026-03-11 17:39:14
344346,IBE0031,Spain,40.6537,-3.7003,2415.54,125.16,283.07,False,2026-03-11 17:39:14
344341,AEA9049,Spain,40.0537,-3.6281,2354.58,137.57,43.18,False,2026-03-11 17:39:14
484516,PHVSY,Kingdom of the Netherlands,49.8637,2.348,617.22,69.49,33.22,False,2026-03-11 17:39:14
4ca9c1,RYR76YQ,Ireland,50.7436,18.4431,11277.6,240.45,53.35,False,2026-03-11 17:39:14
4ca9c3,RYR219K,Ireland,41.1543,15.1268,10668.0,235.46,99.81,False,2026-03-11 17:39:14
4ca9d0,RYR7GN,Ireland,40.9432,17.1663,11582.4,220.15,279.55,False,2026-03-11 17:39:14
345642,VLG1981,Spain,47.4146,-1.165,10668.0,224.48,218.39,False,2026-03-11 17:39:14
345645,VLG33QH,Spain,41.5171,2.942,3589.02,173.08,204.97,False,2026-03-11 17:39:14
4ca9a9,RYR62NR,Ireland,52.2713,-3.0314,10668.0,238.65,187.43,False,2026-03-11 17:39:14
48ef35,SPSMJ,Poland,52.4183,16.8405,76.2,34.02,290.35,False,2026-03-11 17:39:14
3e0708,HSOWA6,Germany,53.4131,7.3464,441.96,53.07,253.67,False,2026-03-11 17:39:14
adfddf,HKY757,United States,51.6135,0.4427,6096.0,146.24,261.3,False,2026-03-11 17:39:14
505c07,SSG04A,Slovakia,50.4873,7.7326,9593.58,204.18,290.81,False,2026-03-11 17:39:14
781c0c,CES261,China,46.6994,1.4575,11887.2,244.95,211.95,False,2026-03-11 17:39:14
4b5c65,ORION1,Switzerland,47.4518,8.5605,,0.0,315.0,True,2026-03-11 17:39:14
3dd2d5,DHACB,Germany,51.1095,12.5047,243.84,49.78,71.94,False,2026-03-11 17:39:14
4ca9ec,RYR63GC,Ireland,54.1019,3.9518,11582.4,218.37,207.65,False,2026-03-11 17:39:14
4ca9ed,RYR97AE,Ireland,52.4621,13.9012,1226.82,108.58,268.64,False,2026-03-11 17:39:14
4ca9ea,RYR606J,Ireland,53.3367,-2.8565,,0.0,354.38,True,2026-03-11 17:39:14
4bb322,THY94S,Turkey,38.8423,15.1979,10347.96,207.34,270.71,False,2026-03-11 17:39:14
440bb4,OEEMA,Austria,46.883,12.8377,7360.92,147.71,101.86,False,2026-03-11 17:39:14
43ea97,MMSVI,United Kingdom,51.3393,0.0388,175.26,55.45,205.85,False,2026-03-11 17:39:14
a57362,GTI9591,United States,47.3635,18.0807,11277.6,254.23,116.82,False,2026-03-11 17:39:14
3451da,ANE56CP,Spain,45.9484,5.9502,10363.2,240.54,21.85,False,2026-03-11 17:39:14
477d86,YELLOW15,Hungary,47.4364,19.2275,,2.06,289.69,True,2026-03-11 17:39:14
4079f6,BAW490,United Kingdom,51.476,-0.4568,,10.8,90.0,True,2026-03-11 17:39:14
393aa1,FGOVB,France,49.1022,2.7128,243.84,28.53,295.64,False,2026-03-11 17:39:14
4854cb,TRA35H,Kingdom of the Netherlands,46.7385,1.5067,11277.6,228.15,199.91,False,2026-03-11 17:39:14
3451d8,ANE02TH,Spain,40.5688,-3.548,1143.0,86.08,17.03,False,2026-03-11 17:39:14
3e1859,STQ111,Germany,45.8298,0.0669,12192.0,203.86,19.3,False,2026-03-11 17:39:14
3451d4,VLG21UU,Spain,50.9573,4.057,9486.9,204.28,202.82,False,2026-03-11 17:39:14
3451d5,VLG1BX,Spain,37.2727,-3.837,3116.58,155.38,233.89,False,2026-03-11 17:39:14
73828b,ISR729,Israel,47.4333,19.2588,,0.0,222.19,True,2026-03-11 17:39:14
02010d,MAC481,Morocco,44.1656,8.1443,5471.16,190.43,6.2,False,2026-03-11 17:39:14
4867eb,TRA72U,Kingdom of the Netherlands,48.1532,2.3323,11285.22,232.32,194.1,False,2026-03-11 17:39:14
4867ec,TRA47Q,Kingdom of the Netherlands,47.5732,1.8331,10668.0,220.31,208.6,False,2026-03-11 17:39:14
43c921,VYT79,United Kingdom,53.1389,-5.0929,1737.36,85.71,229.14,False,2026-03-11 17:39:14
43c922,VYT70,United Kingdom,53.2366,-4.5487,327.66,69.0,284.24,False,2026-03-11 17:39:14
4bab2d,THY1WM,Turkey,38.6179,19.2196,10972.8,223.08,240.12,False,2026-03-11 17:39:14
43c924,VYT61,United Kingdom,53.2484,-4.3859,342.9,59.44,203.46,False,2026-03-11 17:39:14
4841a9,TRA1R,Kingdom of the Netherlands,51.9641,4.4583,38.1,69.8,237.95,False,2026-03-11 17:39:14
4079d1,CFE31BZ,United Kingdom,53.9979,-2.0343,10972.8,220.04,329.36,False,2026-03-11 17:39:14
4bab45,THY4ZW,Turkey,47.4991,16.9778,10363.2,224.71,294.34,False,2026-03-11 17:39:14
020105,RAM740X,Morocco,37.8951,-5.3537,11582.4,208.95,19.86,False,2026-03-11 17:39:14
3464cc,EAX5I,Spain,41.509,2.1638,518.16,38.03,210.03,False,2026-03-11 17:39:14
490d0a,NJE744G,Portugal,40.4666,-3.5291,548.64,65.65,322.32,False,2026-03-11 17:39:14
490d0b,NJE4XR,Portugal,47.7174,16.5003,10363.2,221.35,277.08,False,2026-03-11 17:39:14
4bb28f,THY5LH,Turkey,39.3559,-7.732,7635.24,212.86,66.35,False,2026-03-11 17:39:14
490d09,NJE173F,Portugal,46.1125,6.4344,4198.62,122.99,304.09,False,2026-03-11 17:39:14
39912e,OYO12,France,43.8682,6.6188,8397.24,123.11,295.49,False,2026-03-11 17:39:14
44cdcf,BEL1VC,Belgium,48.9222,8.774,11574.78,217.25,311.35,False,2026-03-11 17:39:14
44cdcc,BEL2YK,Belgium,48.2468,0.3735,10972.8,243.79,40.38,False,2026-03-11 17:39:14
44cdcb,BEL2ZR,Belgium,49.9356,12.4059,7635.24,243.99,91.93,False,2026-03-11 17:39:14
490d01,NJE554R,Portugal,51.7875,0.1977,5448.3,177.88,117.75,False,2026-03-11 17:39:14
4bb273,THY9AG,Turkey,43.634,7.3865,655.32,80.2,304.81,False,2026-03-11 17:39:14
4bb270,THY50V,Turkey,42.4917,14.6376,9418.32,214.61,257.96,False,2026-03-11 17:39:14
4867c4,KLM39F,Kingdom of the Netherlands,53.5186,6.7848,10972.8,257.97,56.47,False,2026-03-11 17:39:14
43ea66,VSB06,United Kingdom,52.467,-2.2353,6934.2,187.04,153.36,False,2026-03-11 17:39:14
3c5b31,OCN5V,Germany,49.8152,9.5144,3749.04,189.27,316.98,False,2026-03-11 17:39:14
4066d0,TOM5MH,United Kingdom,41.65,-8.6848,11582.4,204.66,18.16,False,2026-03-11 17:39:14
4867b0,TRA55R,Kingdom of the Netherlands,49.0213,2.1195,10683.24,214.0,226.75,False,2026-03-11 17:39:14
4b0d1d,HBEZD,Switzerland,47.5108,9.5814,662.94,40.67,108.43,False,2026-03-11 17:39:14
440a49,OEDAF,Austria,47.1372,15.6113,1981.2,55.85,58.95,False,2026-03-11 17:39:14
3c0d0c,TUI71C,Germany,48.7098,9.6396,1668.78,121.64,305.71,False,2026-03-11 17:39:14
020140,MAC437,Morocco,36.7117,-1.9718,10965.18,209.59,49.98,False,2026-03-11 17:39:14
02012c,RAM602V,Morocco,39.1356,-0.7012,11582.4,224.0,38.66,False,2026-03-11 17:39:14
02012b,MAC131G,Morocco,50.9258,4.2447,2933.7,156.24,55.73,False,2026-03-11 17:39:14
394f07,NAK317,France,45.2118,5.0054,1851.66,68.4,316.22,False,2026-03-11 17:39:14
394f06,FGTYG,France,45.3636,5.3942,563.88,42.38,259.51,False,2026-03-11 17:39:14
3cc57c,JEI232,Germany,52.9361,6.4282,6385.56,159.81,213.18,False,2026-03-11 17:39:14
02013d,RAM249,Morocco,39.6204,10.0217,11887.2,244.76,274.94,False,2026-03-11 17:39:14
02013a,RAM941J,Morocco,41.2115,10.9379,8221.98,215.16,247.36,False,2026-03-11 17:39:14
020142,RAM968C,Morocco,37.5991,-3.7813,5486.4,135.55,55.83,False,2026-03-11 17:39:14
345385,ANE1183,Spain,42.8036,-0.2065,10363.2,251.27,52.4,False,2026-03-11 17:39:14
345388,ANE2063,Spain,42.3393,-0.5978,9372.6,203.39,296.11,False,2026-03-11 17:39:14
a81bc4,UPS15,United States,50.8596,9.312,7010.4,225.64,305.07,False,2026-03-11 17:39:14
4ca98a,ITY2092,Ireland,42.6306,11.0009,9151.62,190.97,336.34,False,2026-03-11 17:39:14
486897,KLM96C,Kingdom of the Netherlands,48.4149,16.0999,11582.4,226.66,306.97,False,2026-03-11 17:39:14
486898,KLM33K,Kingdom of the Netherlands,51.4667,4.3779,8633.46,186.98,202.83,False,2026-03-11 17:39:14
485567,PHCFR,Kingdom of the Netherlands,46.9555,6.6235,4069.08,158.95,209.47,False,2026-03-11 17:39:14
34535a,VLG3WT,Spain,45.5448,2.546,10668.0,224.31,176.05,False,2026-03-11 17:39:14
781160,CCA939,China,43.2035,12.1872,7764.78,222.93,182.25,False,2026-03-11 17:39:14
346690,VLG31FJ,Spain,52.3824,8.7028,6278.88,232.65,58.84,False,2026-03-11 17:39:14
346692,VLG93FD,Spain,37.4236,-5.3603,3840.48,152.06,77.89,False,2026-03-11 17:39:14
3e04d1,DHTAF,Germany,49.9619,8.646,,6.17,81.56,True,2026-03-11 17:39:14
48686d,PHRTM,Kingdom of the Netherlands,51.9534,4.4345,,0.06,213.75,True,2026-03-11 17:39:14
4ca973,ITY1282,Ireland,45.2254,9.3004,929.64,108.82,355.93,False,2026-03-11 17:39:14
320073,VOLP518,Italy,46.138,11.1116,1623.06,42.78,356.55,False,2026-03-11 17:39:14
48b840,BNI69,Poland,51.7899,19.6564,891.54,55.02,241.52,False,2026-03-11 17:39:14
4ca97b,RYR882D,Ireland,38.7557,-9.0408,11277.6,248.06,185.47,False,2026-03-11 17:39:14
4ca97c,RYR81BE,Ireland,49.7954,-0.0774,11887.2,236.05,161.84,False,2026-03-11 17:39:14
405455,BAW779C,United Kingdom,51.5375,-0.0108,1668.78,115.92,193.6,False,2026-03-11 17:39:14
44ce6c,BEL6ZH,Belgium,45.1208,9.2523,1607.82,130.7,56.56,False,2026-03-11 17:39:14
40676b,BRO25,United Kingdom,51.1413,-1.4857,723.9,126.66,52.76,False,2026-03-11 17:39:14
40676a,CFE2284,United Kingdom,51.076,1.2836,3604.26,139.61,330.41,False,2026-03-11 17:39:14
44ce6f,BEL6VF,Belgium,50.8947,4.4945,,11.83,306.56,True,2026-03-11 17:39:14
320036,DRAG141,Italy,41.3334,13.0244,7.62,18.25,201.5,False,2026-03-11 17:39:14
48683e,TRA74M,Kingdom of the Netherlands,52.3309,4.7151,,9.77,132.19,True,2026-03-11 17:39:14
44ce62,BEL2FT,Belgium,47.4542,8.5563,,0.0,185.62,True,2026-03-11 17:39:14
44ce61,BEL6FP,Belgium,50.9064,4.488,,10.8,64.69,True,2026-03-11 17:39:14
345314,VLG3RY,Spain,40.7915,4.9862,10370.82,225.61,104.8,False,2026-03-11 17:39:14
406755,EZY12HD,United Kingdom,39.5887,-7.2127,11277.6,246.09,191.94,False,2026-03-11 17:39:14
406754,EZY46LP,United Kingdom,46.6341,5.4094,5615.94,179.34,102.76,False,2026-03-11 17:39:14
4017cd,GRVNX,United Kingdom,53.4025,-2.8285,441.96,63.06,131.36,False,2026-03-11 17:39:14
486802,KLM95T,Kingdom of the Netherlands,52.4927,10.2523,11887.2,241.52,87.44,False,2026-03-11 17:39:14
486803,KLM80Y,Kingdom of the Netherlands,47.4593,6.6896,10972.8,232.51,349.93,False,2026-03-11 17:39:14
34660b,IBE05TH,Spain,48.9306,2.9447,1531.62,138.7,52.54,False,2026-03-11 17:39:14
4b38be,BHZ68A,Switzerland,41.4286,-6.156,10690.86,191.92,27.8,False,2026-03-11 17:39:14
448525,AAB71A,Belgium,51.3956,-1.1046,3009.9,164.67,181.43,False,2026-03-11 17:39:14
346610,VLG73XP,Spain,48.1436,1.2912,11582.4,232.29,24.46,False,2026-03-11 17:39:14
346612,VOE8FC,Spain,41.1313,10.756,5814.06,153.83,245.92,False,2026-03-11 17:39:14
4ab822,NSZ80W,Sweden,43.3657,-1.7868,10972.8,237.2,26.68,False,2026-03-11 17:39:14
506e32,S5DIT,Slovenia,47.6522,9.7992,1524.0,76.63,72.42,False,2026-03-11 17:39:14
4bb209,THY1HB,Turkey,48.6578,9.9737,2865.12,137.47,288.77,False,2026-03-11 17:39:14
4ca8e4,RYR52FP,Ireland,54.2096,3.6088,11277.6,251.04,25.62,False,2026-03-11 17:39:14
aa1b9f,N750SF,United States,51.6571,-0.3353,906.78,103.53,81.43,False,2026-03-11 17:39:14
4ca8e6,RYR40CC,Ireland,50.0646,12.7425,8458.2,203.72,270.29,False,2026-03-11 17:39:14
4bb212,THY3AM,Turkey,48.2278,18.8563,10363.2,229.56,310.36,False,2026-03-11 17:39:14
4bab29,THY4KN,Turkey,44.5831,15.8641,10972.8,215.63,283.24,False,2026-03-11 17:39:14
4ca8f4,ITY313,Ireland,47.4933,7.315,10660.38,223.02,145.91,False,2026-03-11 17:39:14
4bb20f,THY2TL,Turkey,45.6262,8.7162,,2.06,258.75,True,2026-03-11 17:39:14
4853f4,KLM21B,Kingdom of the Netherlands,53.0501,8.9355,533.4,72.58,267.97,False,2026-03-11 17:39:14
4ca8d5,RYR8621,Ireland,49.0342,1.7692,11582.4,242.43,34.36,False,2026-03-11 17:39:14
800741,AIC121,India,45.4966,17.2793,12192.0,246.53,317.62,False,2026-03-11 17:39:14
3c0ac5,CFG7UZ,Germany,49.0174,14.5924,10363.2,222.5,309.65,False,2026-03-11 17:39:14
3c0ac7,CFG8CT,Germany,47.7887,1.3331,10370.82,232.65,27.81,False,2026-03-11 17:39:14
3c0ac6,CFG1MW,Germany,50.0577,8.6605,411.48,69.18,249.54,False,2026-03-11 17:39:14
4c31e1,MPC003,Serbia,42.6095,17.9189,12496.8,221.59,128.31,False,2026-03-11 17:39:14
3c0acc,,Germany,48.3624,11.7981,,11.83,84.38,True,2026-03-11 17:39:14
3f727c,ATLAS01,Germany,50.9947,11.4648,708.66,164.96,23.53,False,2026-03-11 17:39:14
484ee4,KLM74N,Kingdom of the Netherlands,45.3475,11.4001,7330.44,223.28,359.34,False,2026-03-11 17:39:14
484ee5,KLM53D,Kingdom of the Netherlands,50.1063,14.2623,,0.0,25.31,True,2026-03-11 17:39:14
4baa7a,THY2XV,Turkey,50.9014,4.4895,,0.0,154.69,True,2026-03-11 17:39:14
488b10,BNI9I,Poland,51.5541,19.7141,906.78,45.51,95.84,False,2026-03-11 17:39:14
400795,LOG15C,United Kingdom,53.3197,-2.3355,815.34,88.14,230.92,False,2026-03-11 17:39:14
8963e7,UAE4PY,United Arab Emirates,50.1962,5.9553,12192.0,236.87,303.03,False,2026-03-11 17:39:14
3465d4,IBB50HY,Spain,38.1571,-4.3578,11582.4,208.87,22.9,False,2026-03-11 17:39:14
4041a2,GRACY,United Kingdom,52.1255,0.0623,434.34,59.92,150.13,False,2026-03-11 17:39:14
3c7425,TUI6YX,Germany,49.435,5.4868,9479.28,269.16,65.74,False,2026-03-11 17:39:14
3c7426,TUI6NE,Germany,51.6368,7.5572,9738.36,231.24,66.12,False,2026-03-11 17:39:14
3c6d43,KLM23R,Germany,51.4763,0.8827,6400.8,180.66,268.2,False,2026-03-11 17:39:14
400772,BAW9177,United Kingdom,51.4478,-2.1682,4267.2,215.43,100.32,False,2026-03-11 17:39:14
4067f5,TOM617,United Kingdom,50.111,8.5607,12184.38,231.95,292.01,False,2026-03-11 17:39:14
3c7421,TUI7H,Germany,48.2498,12.0634,2453.64,152.65,61.19,False,2026-03-11 17:39:14
3df79c,NHC47,Germany,54.1163,7.6189,236.22,60.71,196.75,False,2026-03-11 17:39:14
3c618b,TUI74J,Germany,45.0597,17.1159,10972.8,221.45,322.17,False,2026-03-11 17:39:14
43c8ec,SYS50,United Kingdom,52.8032,-2.6627,129.54,41.67,200.22,False,2026-03-11 17:39:14
4ac9f0,SAS1555,Sweden,52.8669,6.0936,5189.22,152.26,221.99,False,2026-03-11 17:39:14
3cc492,DCBTA,Germany,49.9861,11.9786,4236.72,154.42,276.89,False,2026-03-11 17:39:14
4ac9f9,SAS839,Sweden,50.3541,4.1893,9578.34,197.52,194.33,False,2026-03-11 17:39:14
43c8f4,SYS28,United Kingdom,52.8826,-2.8821,541.02,26.68,289.13,False,2026-03-11 17:39:14
43c8f8,SYS29,United Kingdom,52.8093,-2.5883,312.42,38.16,273.87,False,2026-03-11 17:39:14
4bb196,THY223,Turkey,39.1241,-7.5498,10690.86,249.28,245.23,False,2026-03-11 17:39:14
4ac9c6,BLX12N,Sweden,40.2457,-8.0643,10972.8,212.72,28.61,False,2026-03-11 17:39:14
020072,RAM732M,Morocco,43.3181,5.3191,746.76,84.24,344.78,False,2026-03-11 17:39:14
43c8bf,PRF29,United Kingdom,52.8531,-0.7204,2621.28,39.62,359.26,False,2026-03-11 17:39:14
43c8c8,CWL03,United Kingdom,53.2972,-0.7114,2209.8,74.68,48.07,False,2026-03-11 17:39:14
4258ee,RNG15,United Kingdom,53.3536,-2.2807,,11.32,42.19,True,2026-03-11 17:39:14
43c8c5,PRF65,United Kingdom,52.8878,-0.2124,2667.0,92.01,112.69,False,2026-03-11 17:39:14
3f7dc1,GAF868,Germany,50.8629,7.133,,12.35,244.69,True,2026-03-11 17:39:14
495039,TAP1931,Portugal,40.9548,-8.8974,5585.46,176.38,192.29,False,2026-03-11 17:39:14
4ac9ef,SAS92U,Sweden,43.0073,-2.2079,11582.4,231.65,42.12,False,2026-03-11 17:39:14
45d069,VKG1325,Denmark,45.5682,-2.6384,10370.82,216.8,36.22,False,2026-03-11 17:39:14
4ca92d,EIN7TE,Ireland,47.3975,-3.8404,10972.8,207.4,1.56,False,2026-03-11 17:39:14
43c8de,SYS97,United Kingdom,52.876,-2.501,281.94,32.04,317.6,False,2026-03-11 17:39:14
43c8df,SYS113,United Kingdom,52.7956,-2.6645,83.82,2.3,243.43,False,2026-03-11 17:39:14
34538e,AEA37GT,Spain,36.9613,-4.1799,5501.64,190.4,10.43,False,2026-03-11 17:39:14
4ca935,EIN65A,Ireland,53.4117,-4.4038,8023.86,245.84,93.48,False,2026-03-11 17:39:14
45d066,VKG1567,Denmark,45.1071,-9.471,10668.0,204.75,359.57,False,2026-03-11 17:39:14
45d068,VKG1217,Denmark,47.2743,-0.808,10988.04,230.38,37.56,False,2026-03-11 17:39:14
43c8e8,SYS84,United Kingdom,52.7718,-2.4305,320.04,37.75,289.92,False,2026-03-11 17:39:14
404298,GRVMZ,United Kingdom,51.3278,-1.0974,792.48,71.77,355.07,False,2026-03-11 17:39:14
43c8d8,CWL39,United Kingdom,54.2624,-0.3911,1135.38,114.09,66.9,False,2026-03-11 17:39:14
4a068b,ROT237A,Romania,47.6622,19.1005,1668.78,125.52,299.19,False,2026-03-11 17:39:14
43c8d1,VYT80,United Kingdom,53.3936,-4.3354,1158.24,129.6,132.75,False,2026-03-11 17:39:14
48435d,3511,Kingdom of the Netherlands,38.4731,4.3063,10972.8,199.32,31.6,False,2026-03-11 17:39:14
43c8d3,VYT60,United Kingdom,53.2786,-4.3442,220.98,52.36,259.24,False,2026-03-11 17:39:14
43c8d7,CWL31,United Kingdom,53.5845,-0.0541,3390.9,96.2,337.69,False,2026-03-11 17:39:14
4d02b0,JFA14R,Luxembourg,42.4163,8.2201,3497.58,147.42,139.53,False,2026-03-11 17:39:14
4ca892,RYR8JL,Ireland,49.595,4.3148,5753.1,159.48,270.37,False,2026-03-11 17:39:14
4d02bd,JFA80G,Luxembourg,46.453,6.4269,2049.78,82.94,225.5,False,2026-03-11 17:39:14
4d02c2,JFA61Q,Luxembourg,50.8963,4.4676,,0.0,157.5,True,2026-03-11 17:39:14
344157,VLG8NW,Spain,46.2306,-5.5025,10355.58,207.99,35.54,False,2026-03-11 17:39:14
3e0fee,CHX45,Germany,47.6334,11.1765,1143.0,56.19,229.46,False,2026-03-11 17:39:14
89645b,UAE2,United Arab Emirates,37.2521,17.4954,11277.6,258.26,137.99,False,2026-03-11 17:39:14
3e0fed,CHX100,Germany,52.63,13.5118,114.3,2.77,201.8,False,2026-03-11 17:39:14
4005a9,ETP22,United Kingdom,50.8613,-6.3676,6713.22,113.64,275.19,False,2026-03-11 17:39:14
896475,UAE79Y,United Arab Emirates,50.2012,4.8501,11277.6,263.0,120.83,False,2026-03-11 17:39:14
896478,UAE98P,United Arab Emirates,50.5698,4.4962,11277.6,267.63,119.23,False,2026-03-11 17:39:14
44bc8b,OOODK,Belgium,51.0186,2.8668,289.56,49.73,320.88,False,2026-03-11 17:39:14
4ca85b,EJU51KB,Ireland,45.4055,9.2812,220.98,70.71,355.41,False,2026-03-11 17:39:14
484f76,HNL05B,Kingdom of the Netherlands,52.9315,4.7897,99.06,46.52,212.81,False,2026-03-11 17:39:14
484308,TD96,Kingdom of the Netherlands,52.3709,4.6475,,6.69,357.19,True,2026-03-11 17:39:14
020093,CNRBS,Morocco,39.4016,15.2121,12192.0,215.27,285.1,False,2026-03-11 17:39:14
020092,RAM953Q,Morocco,44.2176,8.1349,11269.98,224.79,259.05,False,2026-03-11 17:39:14
406891,BAW35,United Kingdom,44.4818,17.53,11277.6,257.37,132.81,False,2026-03-11 17:39:14
02007d,RAM765B,Morocco,44.2054,-0.5925,11277.6,234.2,209.04,False,2026-03-11 17:39:14
4ca88c,RYR74SP,Ireland,47.4837,7.7277,11277.6,231.29,154.86,False,2026-03-11 17:39:14
3d2c0d,DEOXX,Germany,48.6237,14.1761,6736.08,95.93,321.53,False,2026-03-11 17:39:14
4ca893,RYR67UQ,Ireland,49.3166,9.5056,10668.0,238.85,123.31,False,2026-03-11 17:39:14
4005be,BAW293,United Kingdom,51.4774,-0.4908,213.36,89.54,268.68,False,2026-03-11 17:39:14
4005bd,BAW7CP,United Kingdom,53.8066,-2.082,10972.8,236.12,328.18,False,2026-03-11 17:39:14
4d02e8,JFA35Q,Luxembourg,46.4489,7.717,5539.74,168.23,89.65,False,2026-03-11 17:39:14
4005bb,BAW7TG,United Kingdom,54.4454,-5.6572,10972.8,217.27,299.66,False,2026-03-11 17:39:14
4018ec,GAYRM,United Kingdom,52.5815,-3.0987,792.48,45.1,348.82,False,2026-03-11 17:39:14
8963a1,UAE9918,United Arab Emirates,43.8359,17.0964,10058.4,248.47,138.19,False,2026-03-11 17:39:14
484f18,KLM1225,Kingdom of the Netherlands,54.9279,8.0558,11277.6,254.03,41.47,False,2026-03-11 17:39:14
738443,AIZ336,Israel,41.6486,12.9742,7284.72,209.57,109.5,False,2026-03-11 17:39:14
3c0c99,TUI347,Germany,49.2328,4.7076,10599.42,249.91,67.87,False,2026-03-11 17:39:14
490d86,NJE664B,Portugal,45.0221,3.0359,11285.22,217.13,239.06,False,2026-03-11 17:39:14
490d87,NJE636G,Portugal,50.8361,6.4169,6842.76,250.96,42.09,False,2026-03-11 17:39:14
491463,RVP225,Portugal,39.5088,-7.6342,1280.16,41.87,63.75,False,2026-03-11 17:39:14
4bbd13,TKJ9GA,Turkey,50.5877,4.9273,11209.02,238.86,110.82,False,2026-03-11 17:39:14
4ca7b3,RYR9MH,Ireland,40.2627,0.3396,10972.8,224.57,15.82,False,2026-03-11 17:39:14
4040f3,GEDGI,United Kingdom,51.5062,-2.1043,601.98,50.61,162.85,False,2026-03-11 17:39:14
43c93d,BAL89,United Kingdom,51.0128,-1.7815,853.44,50.43,268.83,False,2026-03-11 17:39:14
ac1e56,FDX2,United States,51.7894,-7.8678,10668.0,272.85,81.11,False,2026-03-11 17:39:14
484bd1,KLM56D,Kingdom of the Netherlands,48.1058,-1.075,7886.7,181.65,55.5,False,2026-03-11 17:39:14
49d5b4,OKELD,Czech Republic,50.2098,12.8808,1051.56,57.03,291.71,False,2026-03-11 17:39:14
683291,UPCL602,Kazakhstan,48.8202,8.1187,342.9,56.82,211.68,False,2026-03-11 17:39:14
4bb025,TKJ3VK,Turkey,49.9706,9.1803,11277.6,239.5,109.45,False,2026-03-11 17:39:14
4ca6f1,ITY1733,Ireland,40.7452,12.4929,8229.6,215.39,161.91,False,2026-03-11 17:39:14
3965b4,AFR718,France,39.8139,-2.8232,10668.0,248.5,200.99,False,2026-03-11 17:39:14
c023c7,ACA843,Canada,50.0348,8.5292,,7.46,244.69,True,2026-03-11 17:39:14
4ca6c4,EIN3LK,Ireland,53.4232,-4.7194,7886.7,239.59,93.2,False,2026-03-11 17:39:14
49d5c0,ABP962,Czech Republic,50.786,15.2863,6172.2,180.48,217.59,False,2026-03-11 17:39:14
45b86a,SUS1332,Denmark,43.5337,5.0767,1996.44,124.8,313.83,False,2026-03-11 17:39:14
49d5d7,AAN251,Czech Republic,50.1815,14.502,1196.34,90.47,252.8,False,2026-03-11 17:39:14
3475d5,IBE06LL,Spain,41.0373,5.1094,10668.0,227.29,273.5,False,2026-03-11 17:39:14
3c49c8,EWG3GE,Germany,49.1391,6.3974,9144.0,206.26,346.59,False,2026-03-11 17:39:14
8964fa,ETD72E,United Arab Emirates,44.1733,18.6344,12184.38,249.32,316.92,False,2026-03-11 17:39:14
4bb065,THY537,Turkey,37.716,17.4227,10355.58,219.28,230.52,False,2026-03-11 17:39:14
3c49d4,EWG89Y,Germany,49.9177,9.8031,6096.0,180.86,188.18,False,2026-03-11 17:39:14
4bb061,THY4SC,Turkey,40.4637,-3.5685,,0.0,295.31,True,2026-03-11 17:39:14
4077e0,BAW33CE,United Kingdom,44.5566,6.221,10058.4,223.66,329.6,False,2026-03-11 17:39:14
02a197,TAR606,Tunisia,40.4642,-3.5682,,1.29,281.25,True,2026-03-11 17:39:14
4064a4,TOM89A,United Kingdom,48.915,8.6569,12192.0,219.38,307.57,False,2026-03-11 17:39:14
02a196,TAR498,Tunisia,48.2091,11.8993,2621.28,154.58,70.36,False,2026-03-11 17:39:14
02a194,TAR440,Tunisia,49.0277,2.5803,175.26,58.87,264.99,False,2026-03-11 17:39:14
40172f,GAVSI,United Kingdom,51.4859,-1.1836,1226.82,41.69,254.25,False,2026-03-11 17:39:14
43c5ed,NAPER73,United Kingdom,52.8324,1.2331,3040.38,114.23,17.29,False,2026-03-11 17:39:14
43c5ee,RRR4182,United Kingdom,37.241,18.6256,9441.18,218.63,120.55,False,2026-03-11 17:39:14
4ca6fc,RYR43TY,Ireland,51.0937,4.113,11582.4,217.86,286.04,False,2026-03-11 17:39:14
3ddc79,CHX80,Germany,49.6876,12.154,533.4,51.94,286.1,False,2026-03-11 17:39:14
3ddc77,CHX62,Germany,51.2082,14.5388,182.88,16.41,221.19,False,2026-03-11 17:39:14
3ddc6b,CHX86,Germany,51.47,7.2112,220.98,2.91,45.0,False,2026-03-11 17:39:14
3ddc76,CHX51,Germany,48.8901,9.391,563.88,28.67,170.71,False,2026-03-11 17:39:14
4ca806,RYR57HG,Ireland,46.2438,-9.0001,10972.8,239.73,179.88,False,2026-03-11 17:39:14
40788c,AUR607Y,United Kingdom,51.1321,-0.3063,838.2,80.63,257.47,False,2026-03-11 17:39:14
4ca802,RYR33SX,Ireland,42.2489,-8.6836,10972.8,213.53,25.7,False,2026-03-11 17:39:14
4ca804,RYR539E,Ireland,44.6781,18.7585,11277.6,238.34,97.82,False,2026-03-11 17:39:14
4ca805,RYR9296,Ireland,53.2401,0.7977,10210.8,208.23,278.81,False,2026-03-11 17:39:14
4ca801,RYR586N,Ireland,52.3398,4.7127,,8.75,182.81,True,2026-03-11 17:39:14
496c88,FM074,Portugal,37.0183,-7.9653,,1.03,278.44,True,2026-03-11 17:39:14
484c9b,TRA37G,Kingdom of the Netherlands,45.8969,0.5465,11277.6,224.39,208.03,False,2026-03-11 17:39:14
a16632,N19DW,United States,39.6929,-5.1372,3261.36,95.61,254.39,False,2026-03-11 17:39:14
4bb06d,THY1NS,Turkey,41.7949,-5.544,10363.2,223.9,70.4,False,2026-03-11 17:39:14
40653a,EZY18NM,United Kingdom,53.3356,-2.843,,7.2,84.38,True,2026-03-11 17:39:14
40653e,EZY95LA,United Kingdom,54.2044,-3.1211,11277.6,231.29,164.39,False,2026-03-11 17:39:14
3e0f78,STLON47,Germany,52.0418,12.0214,1249.68,73.4,110.09,False,2026-03-11 17:39:14
4ca82f,EJU36UQ,Ireland,44.6915,8.5295,7924.8,236.33,230.21,False,2026-03-11 17:39:14
346390,,Spain,41.2992,2.0704,,0.9,64.69,True,2026-03-11 17:39:14
4ca836,EIN756,Ireland,37.725,-6.518,2971.8,142.97,134.27,False,2026-03-11 17:39:14
4ca847,RYR41PP,Ireland,37.4613,-5.7414,1485.9,113.44,25.52,False,2026-03-11 17:39:14
4ca80f,RYR9461,Ireland,51.3805,7.263,10363.2,204.18,235.99,False,2026-03-11 17:39:14
345042,VLG51LL,Spain,38.2859,-0.5495,,10.29,8.44,True,2026-03-11 17:39:14
485344,KLM617,Kingdom of the Netherlands,53.0996,1.6905,9951.72,237.04,282.41,False,2026-03-11 17:39:14
484c5a,TRA5N,Kingdom of the Netherlands,40.9285,-2.991,11887.2,244.85,211.69,False,2026-03-11 17:39:14
4ac8e8,SERGH,Sweden,52.7606,-8.7998,525.78,55.77,232.5,False,2026-03-11 17:39:14
4ca816,RYR28FF,Ireland,44.0359,2.8464,10972.8,247.98,56.51,False,2026-03-11 17:39:14
4ca810,RYR51DF,Ireland,46.5066,1.0158,11582.4,224.54,7.24,False,2026-03-11 17:39:14
347699,ECOGH,Spain,40.3695,-3.7629,640.08,39.67,272.97,False,2026-03-11 17:39:14
3e1681,CHX35,Germany,52.3923,12.3978,190.5,56.62,252.55,False,2026-03-11 17:39:14
484c50,KLM81M,Kingdom of the Netherlands,52.9368,2.5317,10363.2,205.26,284.66,False,2026-03-11 17:39:14
347693,ANGEL06,Spain,40.3698,-3.7677,647.7,50.0,273.54,False,2026-03-11 17:39:14
347690,VLG6UT,Spain,39.5723,-3.0689,11277.6,230.64,191.71,False,2026-03-11 17:39:14
406590,BAW60,United Kingdom,48.9893,11.3437,10972.8,233.28,303.76,False,2026-03-11 17:39:14
3e1679,CHX29,Germany,53.5969,10.078,60.96,2.77,248.2,False,2026-03-11 17:39:14
44c069,PGC43P,Belgium,49.8728,6.3943,9144.0,136.26,321.75,False,2026-03-11 17:39:14
484c54,KLM1791,Kingdom of the Netherlands,52.4672,9.6907,76.2,28.34,273.12,False,2026-03-11 17:39:14
ac3857,FDX8A,United States,49.7493,-4.9346,11277.6,272.77,98.79,False,2026-03-11 17:39:14
484c52,KLM15Z,Kingdom of the Netherlands,51.6265,6.9093,2156.46,142.13,120.93,False,2026-03-11 17:39:14
486660,PHZVE,Kingdom of the Netherlands,51.6622,4.7221,746.76,33.44,179.12,False,2026-03-11 17:39:14
4ca757,ITY1467,Ireland,42.2525,12.0239,5173.98,202.39,350.49,False,2026-03-11 17:39:14
486649,CND4YL,Kingdom of the Netherlands,52.5047,5.6846,3467.1,135.35,275.23,False,2026-03-11 17:39:14
40780e,BAW42DB,United Kingdom,51.4926,-0.1064,1249.68,92.88,230.84,False,2026-03-11 17:39:14
4ca75f,RYR46CJ,Ireland,51.9671,1.5825,5021.58,159.52,274.81,False,2026-03-11 17:39:14
34644e,IBS15UK,Spain,40.4719,-3.5629,495.3,67.91,322.7,False,2026-03-11 17:39:14
461f9c,FIN1676,Finland,39.1623,-3.5112,10363.2,215.94,3.41,False,2026-03-11 17:39:14
34644d,IBS1610,Spain,38.6687,-5.527,10972.8,209.89,41.62,False,2026-03-11 17:39:14
394c10,AFR79TT,France,48.0298,2.5311,8709.66,228.45,162.71,False,2026-03-11 17:39:14
48663e,TRA70Y,Kingdom of the Netherlands,45.0898,-3.6019,11269.98,235.1,221.36,False,2026-03-11 17:39:14
4ca762,RYR4UD,Ireland,40.4665,11.9006,9776.46,216.26,355.36,False,2026-03-11 17:39:14
394c19,AFR34FQ,France,54.467,6.7205,11582.4,214.61,197.44,False,2026-03-11 17:39:14
394c18,AFR41CM,France,43.6202,1.3786,,10.29,143.44,True,2026-03-11 17:39:14
461f6c,FIN4AZ,Finland,52.4957,5.4451,2225.04,129.95,285.85,False,2026-03-11 17:39:14
461f6e,FIN7RA,Finland,51.5243,11.0978,9883.14,206.75,222.98,False,2026-03-11 17:39:14
4ca738,RYR545W,Ireland,50.0238,12.5863,11887.2,235.94,109.62,False,2026-03-11 17:39:14
740825,RJA112,Jordan,50.7768,4.4541,12496.8,274.55,111.66,False,2026-03-11 17:39:14
4ca73b,RYR850H,Ireland,51.9235,7.3734,11277.6,250.43,93.3,False,2026-03-11 17:39:14
4ca73e,RYR5361,Ireland,40.0453,5.3288,11582.4,218.0,73.83,False,2026-03-11 17:39:14
3009b2,DLA1PN,Italy,50.048,8.5909,,0.06,340.31,True,2026-03-11 17:39:14
3009b3,DLA2HT,Italy,51.5855,0.8519,9144.0,211.15,286.27,False,2026-03-11 17:39:14
48af11,LOT5KT,Poland,46.3861,15.2993,11277.6,229.57,213.76,False,2026-03-11 17:39:14
3009b5,DLA3RX,Italy,50.1022,7.3057,9494.52,196.07,297.84,False,2026-03-11 17:39:14
780092,CAO1047,China,50.1812,9.1454,1249.68,123.33,218.73,False,2026-03-11 17:39:14
49c43c,OKEUI10,Czech Republic,50.3334,14.2659,533.4,40.85,216.29,False,2026-03-11 17:39:14
48af07,LOT5JL,Poland,48.7431,2.6804,10972.8,251.73,59.82,False,2026-03-11 17:39:14
48af08,LOT4YJ,Poland,49.9808,7.1692,11277.6,248.01,63.38,False,2026-03-11 17:39:14
48af06,LOT164,Poland,43.1174,6.671,11582.4,221.48,48.01,False,2026-03-11 17:39:14
48af01,LOT1MJ,Poland,50.135,14.0292,12192.0,221.56,266.81,False,2026-03-11 17:39:14
447c50,,Austria,48.1174,16.569,,0.26,45.0,True,2026-03-11 17:39:14
461f69,FIN2PG,Finland,51.5803,7.4632,8420.1,178.94,216.11,False,2026-03-11 17:39:14
44cc43,BEL6HB,Belgium,40.2551,-7.0976,11582.4,215.19,39.67,False,2026-03-11 17:39:14
461f64,FIN1RY,Finland,39.1407,-8.7261,4777.74,177.97,46.76,False,2026-03-11 17:39:14
49c450,OKDUN77,Czech Republic,48.8023,16.6989,464.82,53.15,274.44,False,2026-03-11 17:39:14
461f62,FIN6BC,Finland,48.353,11.7779,,8.75,174.38,True,2026-03-11 17:39:14
406531,BAW73V,United Kingdom,51.1748,0.2753,3459.48,141.9,316.18,False,2026-03-11 17:39:14
406532,BAW928,United Kingdom,51.7878,-0.1865,3497.58,181.3,64.09,False,2026-03-11 17:39:14
3916ea,,France,48.474,-2.0505,327.66,56.65,13.66,False,2026-03-11 17:39:14
400ed8,UAH81,United Kingdom,53.109,-0.7191,1013.46,40.46,187.31,False,2026-03-11 17:39:14
400ebb,UAU44,United Kingdom,51.047,-1.6103,1760.22,45.56,295.41,False,2026-03-11 17:39:14
781eb7,CES787,China,45.3504,12.1991,11582.4,257.23,180.57,False,2026-03-11 17:39:14
384684,FBRUE,France,48.4683,3.4266,1188.72,81.28,90.36,False,2026-03-11 17:39:14
346408,EAX5GS,Spain,41.5037,2.0519,838.2,42.58,258.15,False,2026-03-11 17:39:14
89653c,ETD7MA,United Arab Emirates,43.0436,19.9888,10965.18,242.75,311.39,False,2026-03-11 17:39:14
449683,JAF3WE,Belgium,50.103,2.8249,8115.3,230.67,43.92,False,2026-03-11 17:39:14
400eb6,CWL15,United Kingdom,52.8876,-0.3552,1028.7,42.14,17.77,False,2026-03-11 17:39:14
461f56,FIN2WA,Finland,40.4521,-6.4167,13106.4,243.84,33.56,False,2026-03-11 17:39:14
40782b,AUR8LG,United Kingdom,49.4325,-2.5962,,0.0,180.0,True,2026-03-11 17:39:14
400eb9,NCKL64,United Kingdom,51.6964,-1.3046,320.04,40.84,199.12,False,2026-03-11 17:39:14
49c495,OKMUA88,Czech Republic,50.3586,15.9741,670.56,60.78,33.96,False,2026-03-11 17:39:14
461f39,FIN5DL,Finland,48.7337,9.6381,8427.72,205.58,223.68,False,2026-03-11 17:39:14
383f9a,4Y13179,France,43.6528,1.3563,,0.0,264.38,True,2026-03-11 17:39:14
461f35,FIN3EF,Finland,49.1306,3.1438,2133.6,134.1,231.86,False,2026-03-11 17:39:14
461f31,FIN4VP,Finland,47.769,8.043,11010.9,218.75,217.35,False,2026-03-11 17:39:14
781f74,CSN345,China,52.5711,5.2554,1729.74,123.48,270.72,False,2026-03-11 17:39:14
48b4f3,SPSMO,Poland,52.5265,16.7723,411.48,50.64,110.83,False,2026-03-11 17:39:14
491d83,NJE451T,Portugal,47.6486,7.4884,1531.62,99.67,335.29,False,2026-03-11 17:39:14
491d81,NJE101R,Portugal,42.548,-8.203,1562.1,122.04,260.54,False,2026-03-11 17:39:14
491d88,NJE101F,Portugal,43.7916,10.9498,12184.38,242.49,330.93,False,2026-03-11 17:39:14
4076e2,BAW988G,United Kingdom,51.6837,-0.435,3528.06,177.59,43.36,False,2026-03-11 17:39:14
4076e3,BAW744,United Kingdom,51.0425,-0.3334,4732.02,233.09,152.53,False,2026-03-11 17:39:14
8964a4,UAE181,United Arab Emirates,42.1553,19.8974,10972.8,237.19,315.53,False,2026-03-11 17:39:14
4ca6a9,RYR6852,Ireland,37.8015,-1.8417,11277.6,233.81,244.73,False,2026-03-11 17:39:14
4864ee,KLM1780,Kingdom of the Netherlands,52.469,4.7224,624.84,100.54,183.81,False,2026-03-11 17:39:14
a21246,TWY23,United States,47.5808,-1.9838,12344.4,237.21,237.76,False,2026-03-11 17:39:14
780019,CAO3155,China,52.7356,8.935,11582.4,209.86,218.33,False,2026-03-11 17:39:14
3c1253,,Germany,53.544,9.8222,,0.0,14.06,True,2026-03-11 17:39:14
780c5c,CAO1040,China,52.2996,4.77,,6.43,56.25,True,2026-03-11 17:39:14
780c5d,CAO1041,China,50.1179,8.9149,1219.2,98.45,250.14,False,2026-03-11 17:39:14
4851ad,KLM896,Kingdom of the Netherlands,51.7762,8.5868,11277.6,232.97,294.53,False,2026-03-11 17:39:14
4864eb,KLM77C,Kingdom of the Netherlands,51.465,-0.4321,45.72,67.39,269.56,False,2026-03-11 17:39:14
491117,RVP206,Portugal,39.2005,-8.36,914.4,40.8,283.86,False,2026-03-11 17:39:14
491115,RVP283,Portugal,39.4854,-8.0873,1066.8,50.45,78.23,False,2026-03-11 17:39:14
46aa42,RJB301,Greece,41.8027,19.2525,12496.8,215.42,119.63,False,2026-03-11 17:39:14
48adac,LOT5CN,Poland,50.7674,14.8593,10972.8,224.0,246.73,False,2026-03-11 17:39:14
4050c0,GCIFY,United Kingdom,50.4976,-5.0594,701.04,64.9,41.14,False,2026-03-11 17:39:14
4ca5c8,EIN5KM,Ireland,51.4564,-0.9305,10972.8,208.45,296.06,False,2026-03-11 17:39:14
4ca5c6,EIN953,Ireland,53.754,-6.2739,3817.62,150.33,10.85,False,2026-03-11 17:39:14
3c48f1,EWG65J,Germany,49.2539,9.5958,3771.9,200.98,183.38,False,2026-03-11 17:39:14
4a524b,TOY523,Romania,47.0935,14.1865,10660.38,235.58,112.2,False,2026-03-11 17:39:14
4853d2,TRA2H,Kingdom of the Netherlands,38.0827,-7.5697,6743.7,233.27,184.55,False,2026-03-11 17:39:14
501c13,SDR38NM,Croatia,53.0473,8.8084,68.58,63.84,267.69,False,2026-03-11 17:39:14
3c48ea,EWG4TW,Germany,48.5335,7.5478,9083.04,219.01,263.53,False,2026-03-11 17:39:14
3c48ee,EWG2LV,Germany,52.362,13.5048,,3.6,2.81,True,2026-03-11 17:39:14
49130d,NJE376T,Portugal,47.7871,6.5827,10668.0,200.81,172.49,False,2026-03-11 17:39:14
496cb1,FM075,Portugal,37.0183,-7.9653,,1.8,98.44,True,2026-03-11 17:39:14
4078ae,EXS8GL,United Kingdom,51.4001,-0.6367,11582.4,233.49,15.2,False,2026-03-11 17:39:14
496cb2,FM077,Portugal,37.0196,-7.9698,,5.14,8.44,True,2026-03-11 17:39:14
501c16,CFG8KW,Croatia,45.1962,4.6609,10355.58,252.5,61.66,False,2026-03-11 17:39:14
484cc3,KLM57Y,Kingdom of the Netherlands,53.6599,-1.5351,1424.94,96.21,283.29,False,2026-03-11 17:39:14
484cba,KLM843,Kingdom of the Netherlands,52.3113,4.775,,8.75,182.81,True,2026-03-11 17:39:14
424509,PEX28F,United Kingdom,51.505,0.0427,,3.86,272.81,True,2026-03-11 17:39:14
484cb7,KLM72C,Kingdom of the Netherlands,43.9644,4.7587,7780.02,194.75,344.05,False,2026-03-11 17:39:14
484cb4,KLM14M,Kingdom of the Netherlands,43.6157,17.9214,11582.4,225.18,329.98,False,2026-03-11 17:39:14
3d68dd,DFLYR,Germany,47.4464,6.5657,8534.4,139.69,297.89,False,2026-03-11 17:39:14
399c01,FHHAB,France,47.8533,2.7373,5486.4,113.39,228.86,False,2026-03-11 17:39:14
4b1bf6,HBKPI,Switzerland,47.5416,7.6999,838.2,59.38,125.48,False,2026-03-11 17:39:14
4078fe,EXS49A,United Kingdom,51.9948,0.1529,10972.8,211.85,328.2,False,2026-03-11 17:39:14
ae03de,CNV6551,United States,43.0825,10.1283,7322.82,149.0,330.87,False,2026-03-11 17:39:14
405ee0,BAW16MT,United Kingdom,46.8835,4.0579,11582.4,224.04,340.69,False,2026-03-11 17:39:14
ae03cc,CNV3591,United States,39.3329,0.4518,6995.16,154.61,86.57,False,2026-03-11 17:39:14
49d4ef,OKSTG,Czech Republic,49.7306,16.5082,2735.58,90.24,80.48,False,2026-03-11 17:39:14
48418a,KLM80Z,Kingdom of the Netherlands,43.6417,-4.4083,11582.4,227.58,23.73,False,2026-03-11 17:39:14
3e288d,DIGOB,Germany,49.348,7.4944,1173.48,132.01,140.85,False,2026-03-11 17:39:14
38e69c,FJDTO,France,50.725,3.466,342.9,56.16,93.15,False,2026-03-11 17:39:14
40667a,GCGZY,United Kingdom,52.041,-1.0866,152.4,26.76,268.9,False,2026-03-11 17:39:14
461fa7,FIN91Y,Finland,54.1643,10.6811,5318.76,164.54,238.94,False,2026-03-11 17:39:14
4911f3,VVV341,Portugal,44.3407,-6.1663,13106.4,206.4,36.38,False,2026-03-11 17:39:14
461fa4,FIN7WG,Finland,51.6454,0.0847,2278.38,105.27,265.52,False,2026-03-11 17:39:14
461fa5,FIN45M,Finland,45.8563,9.6266,5814.06,204.84,226.12,False,2026-03-11 17:39:14
40799c,CFE11L,United Kingdom,50.4489,4.0037,11887.2,242.21,114.33,False,2026-03-11 17:39:14
484186,TRA17H,Kingdom of the Netherlands,46.2137,0.7913,11277.6,225.54,208.03,False,2026-03-11 17:39:14
40799b,CFE80NJ,United Kingdom,48.7612,3.9823,10972.8,224.52,322.45,False,2026-03-11 17:39:14
40666a,EZY81BJ,United Kingdom,51.2194,3.3735,10142.22,220.62,289.2,False,2026-03-11 17:39:14
48548d,KLM1329,Kingdom of the Netherlands,51.4785,10.5247,10668.0,230.11,105.03,False,2026-03-11 17:39:14
43bff8,ROVER 1,United Kingdom,51.1586,-0.168,,3.34,33.75,True,2026-03-11 17:39:14
40665f,TOM93T,United Kingdom,51.1263,-8.1222,10972.8,239.34,32.36,False,2026-03-11 17:39:14
48415e,KLM60H,Kingdom of the Netherlands,42.6528,-8.3301,10629.9,215.89,40.94,False,2026-03-11 17:39:14
4d0280,JFA17W,Luxembourg,46.3734,6.3087,1424.94,73.85,225.85,False,2026-03-11 17:39:14
43bfdd,LEADER 8,United Kingdom,51.1561,-0.1722,,8.75,253.12,True,2026-03-11 17:39:14
c2b553,CFC2912,Canada,45.0481,7.6552,7924.8,173.23,69.3,False,2026-03-11 17:39:14
43bfdf,LEADER 6,United Kingdom,51.1471,-0.189,,5.92,255.94,True,2026-03-11 17:39:14
4ca718,ITY578,Ireland,45.8629,6.9652,6096.0,161.09,304.2,False,2026-03-11 17:39:14
484160,KLM26Y,Kingdom of the Netherlands,50.0863,12.867,12192.0,217.1,307.01,False,2026-03-11 17:39:14
484162,KLM67B,Kingdom of the Netherlands,52.3535,13.4884,,11.32,70.31,True,2026-03-11 17:39:14
484161,KLM31G,Kingdom of the Netherlands,51.3835,-2.6989,205.74,64.95,266.37,False,2026-03-11 17:39:14
48414d,TRA15T,Kingdom of the Netherlands,39.7735,-0.3719,9425.94,222.48,196.8,False,2026-03-11 17:39:14
48414c,TRA11U,Kingdom of the Netherlands,50.4776,3.858,10660.38,218.1,206.32,False,2026-03-11 17:39:14
39908b,FHEEL,France,48.6786,2.0585,411.48,56.0,66.73,False,2026-03-11 17:39:14
a762cc,UPS213,United States,51.0095,3.4908,11277.6,259.59,101.2,False,2026-03-11 17:39:14
4bcdae,SXS6HR,Turkey,48.4086,9.2818,11277.6,236.38,141.98,False,2026-03-11 17:39:14
49d600,OKDPH,Czech Republic,49.6789,13.2839,350.52,32.83,237.8,False,2026-03-11 17:39:14
399074,FHEDU,France,48.6038,-0.2047,2743.2,80.1,118.38,False,2026-03-11 17:39:14
896719,ABY243,United Arab Emirates,44.1639,16.8568,11879.58,240.72,139.16,False,2026-03-11 17:39:14
3cce71,FCK2FT,Germany,51.3261,6.8498,373.38,58.03,232.93,False,2026-03-11 17:39:14
484127,P4BTR,Kingdom of the Netherlands,43.4305,12.6348,12496.8,252.88,149.84,False,2026-03-11 17:39:14
4ca704,RYR84FT,Ireland,39.8176,-6.5109,10972.8,225.57,65.19,False,2026-03-11 17:39:14
484131,KLM42Y,Kingdom of the Netherlands,40.7321,-3.3835,3733.8,144.19,40.22,False,2026-03-11 17:39:14
4ca700,RYR36KX,Ireland,41.5992,-3.1242,11582.4,206.18,347.32,False,2026-03-11 17:39:14
4ca701,RYR47HU,Ireland,38.3327,12.2905,7482.84,206.66,275.28,False,2026-03-11 17:39:14
3cc21e,DCAUW,Germany,49.7367,11.2631,7239.0,202.5,229.43,False,2026-03-11 17:39:14
48676a,PHKFT,Kingdom of the Netherlands,53.3624,6.5562,518.16,54.5,250.71,False,2026-03-11 17:39:14
48676b,PHKFS,Kingdom of the Netherlands,51.9747,4.433,312.42,54.66,35.04,False,2026-03-11 17:39:14
48676f,PHKFO,Kingdom of the Netherlands,53.1137,6.5664,152.4,36.64,231.84,False,2026-03-11 17:39:14
486769,PHKFU,Kingdom of the Netherlands,53.1024,6.6194,320.04,58.2,45.0,False,2026-03-11 17:39:14
4ca63a,EIN54M,Ireland,45.5308,3.9014,10668.0,226.62,153.43,False,2026-03-11 17:39:14
4ca63b,EIN636,Ireland,51.4627,0.1264,10713.72,246.48,118.01,False,2026-03-11 17:39:14
4794f2,NSZ24J,Norway,40.142,-3.3626,10972.8,219.66,8.76,False,2026-03-11 17:39:14
4ca646,RYR28QZ,Ireland,44.47,6.5641,10972.8,229.62,26.05,False,2026-03-11 17:39:14
4ca647,RYR83VG,Ireland,42.5064,11.2437,11277.6,239.09,187.29,False,2026-03-11 17:39:14
4ca643,RYR868E,Ireland,39.4426,-7.9656,10363.2,195.64,351.38,False,2026-03-11 17:39:14
407930,BAW816,United Kingdom,52.0877,1.2801,9311.64,241.48,74.81,False,2026-03-11 17:39:14
49d62c,AAN171,Czech Republic,38.9345,-7.8079,6972.3,184.32,231.91,False,2026-03-11 17:39:14
0201c4,RAM851W,Morocco,51.0797,4.1613,9890.76,213.59,203.42,False,2026-03-11 17:39:14
0201c3,RAM970H,Morocco,39.3472,-4.5476,7330.44,213.9,45.39,False,2026-03-11 17:39:14
0201c2,RAM982,Morocco,37.7296,-8.9166,6499.86,185.13,341.87,False,2026-03-11 17:39:14
0201c1,RAM806,Morocco,50.9351,-0.9672,4114.8,194.22,41.67,False,2026-03-11 17:39:14
0201c0,RAM796L,Morocco,42.7553,-0.2453,8534.4,214.86,42.28,False,2026-03-11 17:39:14
407924,WDK45,United Kingdom,51.6057,-0.4817,358.14,72.49,96.52,False,2026-03-11 17:39:14
4ca61f,RYR4EK,Ireland,43.0319,6.518,10972.8,228.14,48.47,False,2026-03-11 17:39:14
486741,KLM43Y,Kingdom of the Netherlands,53.4635,-1.5425,11590.02,211.62,280.08,False,2026-03-11 17:39:14
0201b5,RAM664Y,Morocco,36.9965,-5.8402,11574.78,204.22,8.11,False,2026-03-11 17:39:14
4ca61d,RYR61KP,Ireland,42.349,10.989,11582.4,221.93,9.07,False,2026-03-11 17:39:14
4ca622,RYR78FP,Ireland,44.2023,7.4181,11277.6,222.98,238.11,False,2026-03-11 17:39:14
406666,EZY57YV,United Kingdom,51.3855,-2.7142,,0.0,357.19,True,2026-03-11 17:39:14
407997,LDG26,United Kingdom,52.1911,-0.049,1211.58,82.63,85.0,False,2026-03-11 17:39:14
486730,PHKFW,Kingdom of the Netherlands,53.1227,6.5575,350.52,56.7,53.86,False,2026-03-11 17:39:14
49d64c,PRG039,Czech Republic,50.2701,14.704,1912.62,107.58,209.51,False,2026-03-11 17:39:14
45da05,BIO05,Denmark,51.1184,-1.2029,601.98,59.73,120.54,False,2026-03-11 17:39:14
4b1c99,HBKVP,Switzerland,47.2042,8.8652,,0.0,340.31,True,2026-03-11 17:39:14
345218,AEA5049,Spain,40.2186,-3.6724,6614.16,199.86,185.02,False,2026-03-11 17:39:14
345215,AEA6072,Spain,41.3395,2.4147,1676.4,113.38,3.38,False,2026-03-11 17:39:14
345212,VLG33XN,Spain,41.3062,2.105,-60.96,66.55,245.81,False,2026-03-11 17:39:14
407983,LDG20,United Kingdom,52.3359,-0.7044,640.08,78.83,23.05,False,2026-03-11 17:39:14
40796a,TOM891P,United Kingdom,53.3651,-2.2884,,0.06,225.0,True,2026-03-11 17:39:14
345207,VLG30AH,Spain,39.5302,-0.5769,10363.2,225.69,38.15,False,2026-03-11 17:39:14
407979,BAW171,United Kingdom,52.2349,-0.6941,5455.92,187.08,325.3,False,2026-03-11 17:39:14
49d66d,OKHTO,Czech Republic,49.9358,14.1921,632.46,52.58,59.42,False,2026-03-11 17:39:14
400fe0,EZY954C,United Kingdom,52.2213,-0.9001,10187.94,195.13,330.46,False,2026-03-11 17:39:14
407959,EZY68FL,United Kingdom,44.55,5.4514,11902.44,234.77,141.67,False,2026-03-11 17:39:14
4c3c84,FUU121E,Serbia,42.6747,15.6215,12504.42,239.19,72.73,False,2026-03-11 17:39:14
49c35f,OKBUD33,Czech Republic,50.0165,14.7716,396.24,46.37,326.31,False,2026-03-11 17:39:14
4d00f6,LGL767P,Luxembourg,49.116,2.7095,10668.0,209.86,231.67,False,2026-03-11 17:39:14
a99d89,AAL107,United States,49.4449,-9.5306,9753.6,221.13,250.43,False,2026-03-11 17:39:14
4d00d6,LGL8854,Luxembourg,49.015,12.2889,7315.2,153.95,293.22,False,2026-03-11 17:39:14
a549ed,N44T,United States,52.9441,-2.6306,716.28,83.3,160.89,False,2026-03-11 17:39:14
4d00d5,LGL38K,Luxembourg,49.6953,6.3964,1021.08,83.55,241.7,False,2026-03-11 17:39:14
4d00d4,LGL4GV,Luxembourg,46.8129,6.0287,7193.28,163.99,7.57,False,2026-03-11 17:39:14
4077fb,UKP153,United Kingdom,53.0495,-1.3968,670.56,46.92,15.26,False,2026-03-11 17:39:14
4d00f1,LGL1E,Luxembourg,43.9059,-0.8416,11887.2,239.61,208.33,False,2026-03-11 17:39:14
4852ed,PHCCL,Kingdom of the Netherlands,51.5087,4.6006,220.98,39.39,319.24,False,2026-03-11 17:39:14
4d00f2,LGL37LM,Luxembourg,49.1561,4.1246,10668.0,206.3,229.96,False,2026-03-11 17:39:14
4852f6,KLM85F,Kingdom of the Netherlands,51.9804,-8.5729,998.22,104.65,159.87,False,2026-03-11 17:39:14
3d3d54,DEVMA,Germany,48.611,13.4131,891.54,90.08,88.04,False,2026-03-11 17:39:14
780d8f,CAO8439,China,40.4793,-2.9194,3649.98,160.01,201.7,False,2026-03-11 17:39:14
4b1bb6,HBKMW,Switzerland,45.9607,8.8955,739.14,45.39,107.82,False,2026-03-11 17:39:14
3450d8,AEA1684,Spain,44.2583,8.9791,12496.8,246.79,263.9,False,2026-03-11 17:39:14
4b8533,PGT41HD,Turkey,49.2379,14.4448,11582.4,220.13,305.58,False,2026-03-11 17:39:14
3473c4,QFY81D,Spain,39.7847,-4.0445,1554.48,54.53,180.0,False,2026-03-11 17:39:14
3b775d,,France,36.6797,19.6448,9448.8,220.61,122.91,False,2026-03-11 17:39:14
3b776c,CVEX27,France,43.336,7.2329,8374.38,218.9,122.72,False,2026-03-11 17:39:14
3b776e,CTM0369,France,43.3422,8.2665,9136.38,197.45,293.49,False,2026-03-11 17:39:14
4bcd83,SXS5VL,Turkey,47.1513,8.7206,11277.6,238.74,125.88,False,2026-03-11 17:39:14
4bcd81,SXS7HQ,Turkey,48.1009,12.3081,8778.24,209.35,290.57,False,2026-03-11 17:39:14
4d0131,CLX2,Luxembourg,54.5028,3.1378,10363.2,251.52,348.44,False,2026-03-11 17:39:14
a2530c,N249SP,United States,53.2772,-0.7427,1729.74,80.74,167.11,False,2026-03-11 17:39:14
4ca4f5,RYR5XY,Ireland,37.2072,14.9433,4297.68,185.63,215.98,False,2026-03-11 17:39:14
4075a2,CFE1ZF,United Kingdom,53.2387,-1.4504,11277.6,252.49,138.22,False,2026-03-11 17:39:14
a00048,MVJ1,United States,45.1707,8.8639,12192.0,244.59,311.33,False,2026-03-11 17:39:14
49d3ac,BOH712,Czech Republic,41.3657,-5.8065,13106.4,200.69,241.86,False,2026-03-11 17:39:14
040156,ETH3500,Ethiopia,41.4714,1.442,9448.8,237.41,287.14,False,2026-03-11 17:39:14
4d0118,CLX1G,Luxembourg,49.3777,9.8185,10363.2,235.18,281.48,False,2026-03-11 17:39:14
48649f,PHYLW,Kingdom of the Netherlands,51.4653,5.3917,106.68,35.19,217.87,False,2026-03-11 17:39:14
4d010b,ICV4093,Luxembourg,45.0229,13.9284,8839.2,261.28,109.08,False,2026-03-11 17:39:14
899039,EVA067,Taiwan,47.6063,18.0442,10972.8,238.75,290.04,False,2026-03-11 17:39:14
3989f8,FHCPY,France,45.5225,4.261,792.48,37.78,299.36,False,2026-03-11 17:39:14
407677,GCKZD,United Kingdom,53.7278,-1.2162,624.84,40.51,130.36,False,2026-03-11 17:39:14
346191,IPL63EG,Spain,39.9326,-1.0823,1943.1,50.61,342.85,False,2026-03-11 17:39:14
48ad87,LOT3LF,Poland,50.0423,18.7688,10972.8,216.74,213.09,False,2026-03-11 17:39:14
48ad82,LOT7VA,Poland,51.646,18.1274,9814.56,211.59,249.8,False,2026-03-11 17:39:14
407666,EZY63WU,United Kingdom,46.7531,-4.9646,10363.2,222.97,36.37,False,2026-03-11 17:39:14
407667,EZY91NF,United Kingdom,51.1586,-0.1752,,0.77,348.75,True,2026-03-11 17:39:14
346186,IBE07RR,Spain,46.405,0.9827,11277.6,223.76,208.57,False,2026-03-11 17:39:14
3e010c,SRP3,Germany,49.445,7.6252,327.66,9.44,240.64,False,2026-03-11 17:39:14
346182,ANE41PM,Spain,39.4949,3.4961,3048.0,146.35,73.67,False,2026-03-11 17:39:14
406f74,BAW135,United Kingdom,51.3124,0.4496,4358.64,207.25,100.58,False,2026-03-11 17:39:14
400cd8,EZY93FE,United Kingdom,48.7844,-2.2593,10576.56,226.29,18.15,False,2026-03-11 17:39:14
486495,KLM89Y,Kingdom of the Netherlands,51.3305,5.431,9273.54,180.64,160.02,False,2026-03-11 17:39:14
486494,KLM1010,Kingdom of the Netherlands,52.5076,3.8772,3299.46,160.73,71.91,False,2026-03-11 17:39:14
5140d7,GEL1903,Georgia,49.1073,16.1468,12192.0,242.31,117.71,False,2026-03-11 17:39:14
4ca4ec,RYR84ZH,Ireland,52.6918,-0.7085,10812.78,217.25,340.06,False,2026-03-11 17:39:14
3a4494,REU9971,France,39.8045,18.1887,10363.2,240.79,308.76,False,2026-03-11 17:39:14
485122,TRA52A,Kingdom of the Netherlands,52.4576,5.8761,4229.1,140.2,285.97,False,2026-03-11 17:39:14
347481,AEA7317,Spain,40.3728,-4.1875,4556.76,175.53,127.14,False,2026-03-11 17:39:14
346147,IBE07VP,Spain,40.5371,-3.5753,1021.08,77.7,358.86,False,2026-03-11 17:39:14
45a1e6,UFX63,Denmark,53.5643,-2.9574,487.68,58.3,164.12,False,2026-03-11 17:39:14
34745a,AEA6066,Spain,39.4643,2.5178,2011.68,137.0,255.65,False,2026-03-11 17:39:14
5140e4,GEL1713,Georgia,40.5631,19.6356,11887.2,240.41,94.3,False,2026-03-11 17:39:14
40768d,EZY32EK,United Kingdom,38.2403,-7.575,10675.62,260.0,191.64,False,2026-03-11 17:39:14
40768a,EZY9108,United Kingdom,51.1302,-1.3523,11582.4,222.78,354.43,False,2026-03-11 17:39:14
45a1ac,BBX52E,Denmark,53.1394,4.1663,678.18,57.11,315.36,False,2026-03-11 17:39:14
34744c,VLG3YG,Spain,49.7271,3.1944,9448.8,199.79,209.8,False,2026-03-11 17:39:14
3cd43c,HHN909,Germany,43.139,-4.71,12192.0,211.03,23.57,False,2026-03-11 17:39:14
407687,EZY37MT,United Kingdom,36.0416,-7.8764,11887.2,241.64,187.22,False,2026-03-11 17:39:14
347454,IBE07WW,Spain,44.656,-2.9986,10355.58,197.14,9.46,False,2026-03-11 17:39:14
3950ce,AFR89SX,France,43.0229,11.4081,11597.64,214.59,318.21,False,2026-03-11 17:39:14
347453,IBE08FR,Spain,41.2409,2.9283,10660.38,214.97,273.7,False,2026-03-11 17:39:14
3950cd,AFR89MM,France,45.7375,1.9008,11277.6,220.25,184.15,False,2026-03-11 17:39:14
407685,HLE88,United Kingdom,52.201,0.1671,175.26,27.48,231.84,False,2026-03-11 17:39:14
3950cc,AFR81RM,France,48.8683,2.2401,3459.48,168.2,203.43,False,2026-03-11 17:39:14
48ad0c,LOT3JK,Poland,52.3237,19.3017,7345.68,185.7,282.8,False,2026-03-11 17:39:14
407689,EZY68DM,United Kingdom,51.3852,-2.7083,,0.0,177.19,True,2026-03-11 17:39:14
3950cf,AFR87GP,France,46.4401,3.283,11894.82,237.85,146.38,False,2026-03-11 17:39:14
3c1aeb,KLM1713,Germany,49.6424,6.2544,457.2,61.07,240.2,False,2026-03-11 17:39:14
4409a8,OE9487,Austria,48.0784,14.1152,853.44,53.19,41.86,False,2026-03-11 17:39:14
48ad19,LOT3947,Poland,52.3807,17.0342,822.96,98.43,287.96,False,2026-03-11 17:39:14
48ad10,LOT2WP,Poland,50.1192,12.1065,10972.8,209.04,254.73,False,2026-03-11 17:39:14
400ceb,EFW7YT,United Kingdom,41.3252,-4.1885,10050.78,245.09,186.87,False,2026-03-11 17:39:14
502daa,BTI2MZ,Latvia,38.1395,-3.6304,9677.4,207.0,13.66,False,2026-03-11 17:39:14
48ad09,LOT4MB,Poland,47.9472,8.0881,10668.0,205.67,215.12,False,2026-03-11 17:39:14
48ad03,LOT389,Poland,52.4068,13.9867,1737.36,126.59,342.74,False,2026-03-11 17:39:14
49d504,OKBIN,Czech Republic,50.3138,14.2952,472.44,37.74,207.61,False,2026-03-11 17:39:14
502da9,SWR3AG,Latvia,47.4562,8.5624,,4.37,78.75,True,2026-03-11 17:39:14
3c496d,TUI5TA,Germany,40.8172,-6.1407,11582.4,212.41,27.87,False,2026-03-11 17:39:14
346204,IBE09AG,Spain,46.061,0.6387,11277.6,225.27,207.62,False,2026-03-11 17:39:14
407630,EXS82EN,United Kingdom,41.2803,-8.6775,10972.8,199.69,6.06,False,2026-03-11 17:39:14
3e0173,CHX36,Germany,52.1595,11.5855,121.92,6.55,225.0,False,2026-03-11 17:39:14
34750f,AEA42QK,Spain,45.5043,12.3423,,2.06,267.19,True,2026-03-11 17:39:14
49d52c,OKFIN,Czech Republic,49.8056,16.8882,1036.32,58.19,92.53,False,2026-03-11 17:39:14
34750b,AEA85HA,Spain,43.1365,-8.001,3870.96,162.86,131.8,False,2026-03-11 17:39:14
34750a,AEA54HL,Spain,38.58,0.6108,7307.58,226.04,77.51,False,2026-03-11 17:39:14
394a04,AFR6J,France,49.0166,1.4926,6210.3,188.05,273.14,False,2026-03-11 17:39:14
3e0178,CHX38,Germany,50.8656,13.6818,601.98,56.32,196.45,False,2026-03-11 17:39:14
3cc187,AWH71W,Germany,52.6073,10.1108,1249.68,73.92,235.2,False,2026-03-11 17:39:14
3e0175,CHX31,Germany,52.4723,13.4498,251.46,57.62,246.87,False,2026-03-11 17:39:14
394a15,AFR706,France,48.0422,-0.297,10668.0,243.97,219.87,False,2026-03-11 17:39:14
394a12,AFR648,France,48.4341,2.4305,3512.82,174.56,138.46,False,2026-03-11 17:39:14
4ca566,RYR13GG,Ireland,43.2265,6.7742,11582.4,225.66,49.99,False,2026-03-11 17:39:14
4ca565,RYR74QD,Ireland,46.7552,-4.0596,11277.6,249.92,166.31,False,2026-03-11 17:39:14
347507,RTV4X,Spain,41.2476,-8.5031,312.42,44.42,61.65,False,2026-03-11 17:39:14
4ca568,RYR37UR,Ireland,44.5444,11.2639,45.72,75.0,116.92,False,2026-03-11 17:39:14
395d6d,BGA331N,France,50.7029,5.7099,9753.6,162.61,225.64,False,2026-03-11 17:39:14
395d6e,BGA231R,France,53.5363,9.8293,,0.0,50.62,True,2026-03-11 17:39:14
4074c9,ETP21,United Kingdom,51.146,-1.7649,236.22,82.6,230.56,False,2026-03-11 17:39:14
394a0c,AFR008,France,49.6146,-5.7907,9144.0,219.35,272.42,False,2026-03-11 17:39:14
4074b8,EZY78NA,United Kingdom,46.9577,-5.6008,11582.4,224.2,23.39,False,2026-03-11 17:39:14
400d2d,GRATV,United Kingdom,50.7213,-1.1266,1485.9,76.05,33.69,False,2026-03-11 17:39:14
4074b6,EZY89KW,United Kingdom,50.3434,-0.2035,11292.84,239.33,167.97,False,2026-03-11 17:39:14
402752,GBMUZ,United Kingdom,51.1094,-0.1518,365.76,37.45,249.08,False,2026-03-11 17:39:14
395d68,BGA151Y,France,53.0489,8.8028,,1.03,87.19,True,2026-03-11 17:39:14
395d69,BGA141J,France,53.1774,-2.9743,,0.13,42.19,True,2026-03-11 17:39:14
06a3b6,QTR8836,Qatar,43.0879,18.6403,10972.8,235.36,314.73,False,2026-03-11 17:39:14
3c70b8,KAY53,Germany,49.63,13.2395,9136.38,221.92,309.26,False,2026-03-11 17:39:14
3d3c2b,DEVAP,Germany,52.4418,7.2191,274.32,41.01,70.2,False,2026-03-11 17:39:14
3cd3a9,UNI134,Germany,49.158,-1.8511,13091.16,227.84,9.36,False,2026-03-11 17:39:14
400143,VPBWR,United Kingdom,44.4773,-0.4921,12496.8,230.08,207.14,False,2026-03-11 17:39:14
3473cd,AYR4BS,Spain,36.5868,-5.7004,1196.34,68.85,218.33,False,2026-03-11 17:39:14
4074e4,BAW22B,United Kingdom,54.2953,-5.2124,11574.78,227.96,290.89,False,2026-03-11 17:39:14
48adb9,LOT34P,Poland,49.2914,17.336,10972.8,222.75,235.54,False,2026-03-11 17:39:14
502d10,BTI84D,Latvia,54.7717,11.4033,10668.0,239.67,66.74,False,2026-03-11 17:39:14
3474da,IBS16RM,Spain,40.4668,-3.5293,541.02,75.94,322.43,False,2026-03-11 17:39:14
4ba9ef,THY6415,Turkey,40.522,9.7573,11887.2,235.54,266.49,False,2026-03-11 17:39:14
4cafc4,RYR80QN,Ireland,40.9182,5.8459,11582.4,216.8,52.42,False,2026-03-11 17:39:14
48ada6,LOT440,Poland,44.0235,9.5292,11582.4,211.04,22.5,False,2026-03-11 17:39:14
4cafce,SAS2838,Ireland,43.2253,-4.6806,11582.4,226.85,26.39,False,2026-03-11 17:39:14
4cafcf,RYR98EG,Ireland,45.5046,-4.3446,11277.6,220.64,232.01,False,2026-03-11 17:39:14
3474d3,GALG006,Spain,37.0552,-5.6467,1303.02,40.64,89.27,False,2026-03-11 17:39:14
4cafd6,SAS48D,Ireland,52.4734,5.164,5052.06,203.57,35.54,False,2026-03-11 17:39:14
44d1a6,JAF096P,Belgium,51.0157,4.0914,3657.6,136.26,308.25,False,2026-03-11 17:39:14
44d1b3,JAF7LE,Belgium,45.5801,-0.4969,11582.4,225.86,20.95,False,2026-03-11 17:39:14
44d1b4,JAF3VB,Belgium,47.1019,-0.1847,8534.4,208.16,43.4,False,2026-03-11 17:39:14
4ba9e5,THY571,Turkey,36.0257,13.2058,11887.2,252.29,55.47,False,2026-03-11 17:39:14
502d0c,BTI78F,Latvia,51.9312,14.4177,11574.78,222.6,202.42,False,2026-03-11 17:39:14
502d0f,SWR96V,Latvia,47.8646,9.084,6713.22,199.05,39.86,False,2026-03-11 17:39:14
502d0e,BTI6D9,Latvia,53.2891,7.6587,9563.1,185.72,239.17,False,2026-03-11 17:39:14
71c006,KAL901,Republic of Korea,49.1335,3.5228,2133.6,124.46,226.67,False,2026-03-11 17:39:14
4ba9f5,THY6672,Turkey,52.3264,6.3412,4930.14,188.67,291.6,False,2026-03-11 17:39:14
4cafb5,RYR85GU,Ireland,53.7516,-5.1404,4511.04,138.16,262.08,False,2026-03-11 17:39:14
4076cc,BAW6JP,United Kingdom,41.4805,19.859,11285.22,237.32,139.92,False,2026-03-11 17:39:14
406ff0,PIPE68,United Kingdom,53.2273,-2.8338,320.04,63.31,128.73,False,2026-03-11 17:39:14
402975,GGFRA,United Kingdom,53.0346,-2.7601,678.18,66.55,19.42,False,2026-03-11 17:39:14
502d43,SWR2VC,Latvia,47.4567,8.5541,,4.37,84.38,True,2026-03-11 17:39:14
502d47,ASL30K,Latvia,45.3194,18.5548,8923.02,206.85,297.39,False,2026-03-11 17:39:14
4076b1,TOM70B,United Kingdom,44.1547,-8.3014,11582.4,216.25,19.6,False,2026-03-11 17:39:14
502d5e,BTI8BX,Latvia,50.5627,15.1389,10363.2,227.45,229.86,False,2026-03-11 17:39:14
502d5d,BTI9AG,Latvia,51.0745,12.0855,10972.8,212.95,212.27,False,2026-03-11 17:39:14
502d5f,BTI6C3,Latvia,52.6081,9.5596,10363.2,195.24,230.77,False,2026-03-11 17:39:14
4caff7,RYR54YC,Ireland,53.4552,6.8484,11277.6,251.39,31.87,False,2026-03-11 17:39:14
4caff8,RYR25VH,Ireland,51.6909,9.2052,11026.14,254.75,53.29,False,2026-03-11 17:39:14
407797,EZY43EH,United Kingdom,51.3843,-2.718,,2.57,87.19,True,2026-03-11 17:39:14
8990a6,CAL5686,Taiwan,49.0643,14.0048,10058.4,255.44,117.86,False,2026-03-11 17:39:14
3007ee,AUA51K,Italy,48.1186,16.5707,,1.54,168.75,True,2026-03-11 17:39:14
484b8f,KLM69C,Kingdom of the Netherlands,49.183,2.9123,12496.8,234.48,193.06,False,2026-03-11 17:39:14
407793,EZY51CT,United Kingdom,48.7924,0.4475,11269.98,231.49,169.89,False,2026-03-11 17:39:14
34629a,IBB82TT,Spain,38.9156,-7.7102,11582.4,209.63,32.68,False,2026-03-11 17:39:14
40643d,EZY12YH,United Kingdom,52.8688,3.0052,8961.12,209.11,299.15,False,2026-03-11 17:39:14
3951e4,TJT1517,France,43.4079,3.8281,5791.2,136.68,274.1,False,2026-03-11 17:39:14
406445,EZY9,United Kingdom,54.5726,-1.3607,502.92,91.81,101.31,False,2026-03-11 17:39:14
406444,EZY61ZW,United Kingdom,51.218,-0.0182,2255.52,152.52,110.33,False,2026-03-11 17:39:14
406446,EZY2450,United Kingdom,50.2486,1.1914,11582.4,212.46,318.44,False,2026-03-11 17:39:14
407777,CFE6LJ,United Kingdom,53.275,-3.3609,11148.06,236.88,127.77,False,2026-03-11 17:39:14
40775c,RUK5LY,United Kingdom,49.4266,9.2487,11887.2,227.16,123.08,False,2026-03-11 17:39:14
3ccc7f,XRO1140,Germany,45.009,6.8372,11620.5,214.59,11.34,False,2026-03-11 17:39:14
010263,MSC2974,Egypt,51.3232,12.7548,2590.8,141.17,319.29,False,2026-03-11 17:39:14
3951c2,AFR6727,France,49.3673,10.999,10363.2,232.69,280.32,False,2026-03-11 17:39:14
010265,MSC3556,Egypt,44.5878,18.4195,10675.62,236.35,150.53,False,2026-03-11 17:39:14
3964f9,TVF23FB,France,45.8875,-2.7502,11277.6,230.8,219.94,False,2026-03-11 17:39:14
3ce629,DCOLT,Germany,51.5382,7.6685,335.28,59.92,240.13,False,2026-03-11 17:39:14
39a1ef,FHIPP,France,46.8059,4.8244,297.18,71.55,9.94,False,2026-03-11 17:39:14
3007a7,HEMS,Italy,41.4241,15.5338,7.62,3.13,170.54,False,2026-03-11 17:39:14
3007a9,TJD650,Italy,45.4516,9.2691,,11.83,281.25,True,2026-03-11 17:39:14
48520b,TRA71J,Kingdom of the Netherlands,36.7738,-4.6378,777.24,103.47,131.78,False,2026-03-11 17:39:14
484b31,KLM87E,Kingdom of the Netherlands,48.7005,9.2782,487.68,63.81,253.61,False,2026-03-11 17:39:14
48520a,TRA80L,Kingdom of the Netherlands,42.5654,0.4771,11887.2,236.1,203.77,False,2026-03-11 17:39:14
48520d,TRA83R,Kingdom of the Netherlands,45.1643,1.3165,11277.6,229.39,192.7,False,2026-03-11 17:39:14
48520c,TRA49T,Kingdom of the Netherlands,46.2178,1.7249,11887.2,230.95,193.79,False,2026-03-11 17:39:14
485207,KLM34B,Kingdom of the Netherlands,42.3965,1.3784,10972.8,232.86,11.21,False,2026-03-11 17:39:14
485209,TRA5085,Kingdom of the Netherlands,42.7442,-1.7919,11277.6,229.2,209.44,False,2026-03-11 17:39:14
39c801,FHSAB,France,48.6715,1.921,571.5,42.82,231.34,False,2026-03-11 17:39:14
4b1a23,EZS65PV,Switzerland,45.1638,8.4275,11262.36,228.99,91.29,False,2026-03-11 17:39:14
485206,KLM35U,Kingdom of the Netherlands,49.6508,10.546,2644.14,148.83,136.54,False,2026-03-11 17:39:14
48ae20,LOT2E,Poland,53.2788,15.3469,10965.18,229.35,307.44,False,2026-03-11 17:39:14
479ee7,NOZ1308,Norway,52.0008,2.1846,7924.8,230.1,209.32,False,2026-03-11 17:39:14
485e2f,KLM643,Kingdom of the Netherlands,53.3331,1.3668,10363.2,232.33,283.57,False,2026-03-11 17:39:14
485e2d,KLM897,Kingdom of the Netherlands,47.55,19.9879,10668.0,250.04,118.78,False,2026-03-11 17:39:14
3d4e36,DFBWG,Germany,52.3745,13.5139,,0.0,247.5,True,2026-03-11 17:39:14
4b1a2d,EZS18WC,Switzerland,45.6675,4.8811,8214.36,198.58,240.51,False,2026-03-11 17:39:14
48ae06,LOT3,Poland,52.3892,17.2295,10195.56,235.65,308.8,False,2026-03-11 17:39:14
347659,IBE0311,Spain,40.552,-7.2808,10386.06,237.45,267.14,False,2026-03-11 17:39:14
4b1a37,EZS35MD,Switzerland,43.3323,15.3192,11277.6,233.69,111.03,False,2026-03-11 17:39:14
601839,TUA424,Turkmenistan,51.1511,-0.1691,,3.86,255.94,True,2026-03-11 17:39:14
4b1a34,EZS404N,Switzerland,43.6096,7.0766,3848.1,143.26,345.02,False,2026-03-11 17:39:14
34630d,ECNEQ,Spain,40.3043,-3.8535,792.48,64.51,60.37,False,2026-03-11 17:39:14
4b1a27,EJU1046,Switzerland,43.2815,-1.8663,11590.02,229.18,44.45,False,2026-03-11 17:39:14
347645,IBB6075,Spain,38.4901,-7.5914,10058.4,251.24,218.35,False,2026-03-11 17:39:14
4b1a28,EZS14CU,Switzerland,50.1559,6.0894,10660.38,216.56,160.58,False,2026-03-11 17:39:14
4b1a29,EJU84BQ,Switzerland,44.0782,1.5818,11277.6,219.74,229.75,False,2026-03-11 17:39:14
346316,IBE04GT,Spain,40.685,-1.0087,8549.64,229.63,258.24,False,2026-03-11 17:39:14
502ccf,BTI1037,Latvia,53.5584,-2.4176,10668.0,221.37,203.71,False,2026-03-11 17:39:14
4b1a65,EJU78NZ,Switzerland,41.9761,4.8613,11582.4,221.98,30.96,False,2026-03-11 17:39:14
4b1a66,EZS68AR,Switzerland,45.5352,4.112,11262.36,212.47,235.66,False,2026-03-11 17:39:14
4b1a67,EZS16FY,Switzerland,45.5302,4.5032,9799.32,202.46,243.11,False,2026-03-11 17:39:14
502ce5,BTI6BL,Latvia,50.9602,0.2872,2141.22,119.42,354.31,False,2026-03-11 17:39:14
502ce8,SWR32W,Latvia,47.712,9.4123,4411.98,172.09,240.45,False,2026-03-11 17:39:14
502ce7,SWR74M,Latvia,47.456,8.5634,,0.0,275.62,True,2026-03-11 17:39:14
40773e,HKS78,United Kingdom,53.1687,1.4585,990.6,75.24,13.85,False,2026-03-11 17:39:14
49d423,TVS52A,Czech Republic,44.9237,8.6524,11277.6,231.06,223.65,False,2026-03-11 17:39:14
346303,IBE06SC,Spain,40.9005,8.9359,10355.58,216.52,69.41,False,2026-03-11 17:39:14
502cc7,BTI762,Latvia,42.7412,-4.9456,10972.8,206.03,23.24,False,2026-03-11 17:39:14
502cd7,DLH9891,Latvia,51.2359,10.6745,7155.18,196.6,222.67,False,2026-03-11 17:39:14
76cee9,SIA318,Singapore,47.8803,16.9419,10972.8,241.36,292.96,False,2026-03-11 17:39:14
400db2,EZY65UL,United Kingdom,46.4141,5.5371,6057.9,186.41,339.31,False,2026-03-11 17:39:14
39ae37,FHLRX,France,44.2112,1.2637,12496.8,224.04,221.93,False,2026-03-11 17:39:14
400db1,EZY76VR,United Kingdom,47.9312,6.8828,11894.82,227.04,113.08,False,2026-03-11 17:39:14
347615,ECGRT,Spain,36.5946,-5.913,800.1,50.44,178.25,False,2026-03-11 17:39:14
461e1c,FIN8DM,Finland,51.2958,6.786,68.58,127.06,251.34,False,2026-03-11 17:39:14
461e1d,FIN5SK,Finland,54.9692,-1.6601,7620.0,196.75,211.53,False,2026-03-11 17:39:14
461e1e,FIN1EG,Finland,50.0763,19.7809,,9.26,185.62,True,2026-03-11 17:39:14
4b1a5f,EZS1561,Switzerland,47.1622,6.029,8465.82,218.66,0.81,False,2026-03-11 17:39:14
49d452,OKHFH,Czech Republic,46.7467,7.445,2407.92,84.87,192.6,False,2026-03-11 17:39:14
400235,VPCFP,United Kingdom,43.4749,1.3054,1127.76,118.05,173.49,False,2026-03-11 17:39:14
4075f3,TOM6NK,United Kingdom,46.4459,-9.4824,10668.0,211.44,359.58,False,2026-03-11 17:39:14
39ae6c,FHLTM,France,44.2676,-1.1152,1021.08,47.65,142.02,False,2026-03-11 17:39:14
c078ba,TSC215,Canada,52.9837,7.4319,11582.4,234.67,305.36,False,2026-03-11 17:39:14
49c12f,OKQAR24,Czech Republic,49.2733,17.4427,388.62,37.85,58.9,False,2026-03-11 17:39:14
0101be,MSR768,Egypt,36.0719,17.7709,11277.6,254.09,100.26,False,2026-03-11 17:39:14
461e15,FIN5H,Finland,51.1402,19.1402,11582.4,227.43,215.7,False,2026-03-11 17:39:14
502d7d,BTI3TG,Latvia,54.557,13.5504,10363.2,206.9,230.65,False,2026-03-11 17:39:14
400e5a,EZY12KL,United Kingdom,51.1482,-0.1988,,6.43,284.06,True,2026-03-11 17:39:14
44a8a6,JAF094P,Belgium,51.2318,3.0902,754.38,76.28,257.93,False,2026-03-11 17:39:14
49d47e,WEY24D,Czech Republic,39.3868,-7.9368,1676.4,50.95,91.74,False,2026-03-11 17:39:14
502d9f,BTI7HQ,Latvia,54.7206,13.3555,11582.4,209.74,227.58,False,2026-03-11 17:39:14
49d48f,OKBLT,Czech Republic,50.0594,14.9617,259.08,24.7,271.19,False,2026-03-11 17:39:14
4ba9d3,THY42K,Turkey,51.3362,-0.398,1714.5,147.43,137.12,False,2026-03-11 17:39:14
48acab,SPLFL,Poland,51.853,19.5105,1196.34,65.86,61.03,False,2026-03-11 17:39:14
405bfc,BAW198,United Kingdom,49.2431,12.0665,11582.4,229.74,293.35,False,2026-03-11 17:39:14
48aca5,SPLFF,Poland,51.3972,19.7408,487.68,44.33,338.2,False,2026-03-11 17:39:14
a075a3,FDX5233,United States,48.4699,3.8106,3680.46,174.28,316.08,False,2026-03-11 17:39:14
49d28e,OKALT,Czech Republic,48.7677,16.8683,3139.44,114.3,55.45,False,2026-03-11 17:39:14
4caea0,RYR98ZQ,Ireland,44.6946,-8.959,10972.8,253.75,174.53,False,2026-03-11 17:39:14
4caead,EAI33CB,Ireland,53.51,-2.0742,1432.56,124.77,121.86,False,2026-03-11 17:39:14
4caeb0,NOS3902,Ireland,49.8724,-8.5621,10972.8,211.49,341.57,False,2026-03-11 17:39:14
400afd,EFW8ZT,United Kingdom,46.7853,-4.8422,11590.02,225.82,35.36,False,2026-03-11 17:39:14
400afc,EFW53C,United Kingdom,39.7658,-9.879,10363.2,214.58,18.74,False,2026-03-11 17:39:14
400afb,EFW22D,United Kingdom,45.2521,-3.703,10675.62,237.15,192.53,False,2026-03-11 17:39:14
ab805a,FDX39,United States,49.7782,-5.2252,10668.0,260.69,98.63,False,2026-03-11 17:39:14
3b7545,FAF9213,France,42.6527,5.4787,7924.8,138.27,310.62,False,2026-03-11 17:39:14
406d92,EZY89QV,United Kingdom,44.9911,-3.779,11285.22,238.38,192.72,False,2026-03-11 17:39:14
407fc2,WUK15HT,United Kingdom,38.7708,-4.5909,11277.6,247.55,189.21,False,2026-03-11 17:39:14
3ff657,DMDGD,Germany,48.3798,12.6897,655.32,39.94,277.4,False,2026-03-11 17:39:14
4caee6,RYR86CW,Ireland,53.3598,-2.2684,,1.03,225.0,True,2026-03-11 17:39:14
4caee5,RYR18CB,Ireland,41.5306,4.5644,10972.8,225.97,20.66,False,2026-03-11 17:39:14
4caef8,CGI117,Ireland,51.7567,-8.1089,914.4,51.09,205.02,False,2026-03-11 17:39:14
4caed0,CGI116,Ireland,53.4001,-5.97,784.86,75.47,27.61,False,2026-03-11 17:39:14
4caecb,RYR57UW,Ireland,46.5722,-1.6289,11582.4,235.22,37.45,False,2026-03-11 17:39:14
4caed8,EIN172,Ireland,51.4652,-0.3461,350.52,60.7,270.0,False,2026-03-11 17:39:14
347288,IBE06FZ,Spain,44.9658,4.8194,10370.82,231.5,60.59,False,2026-03-11 17:39:14
347287,IBE07DK,Spain,43.0993,-1.4455,11285.22,227.54,206.74,False,2026-03-11 17:39:14
39bdab,AFR73DW,France,41.8566,12.257,0.0,70.12,162.5,False,2026-03-11 17:39:14
39bdac,AFR29JM,France,48.1195,16.5559,,0.0,64.69,True,2026-03-11 17:39:14
39bdaf,AFR7464,France,44.438,3.2097,4373.88,188.77,168.84,False,2026-03-11 17:39:14
3e1213,CHX26,Germany,53.629,8.0066,205.74,61.02,185.81,False,2026-03-11 17:39:14
3e1212,CHX76,Germany,51.6149,9.6456,495.3,55.31,288.43,False,2026-03-11 17:39:14
3e1214,CHX1,Germany,48.0761,11.09,662.94,50.81,254.13,False,2026-03-11 17:39:14
3e1211,CHX71,Germany,52.0796,13.6836,304.8,62.55,148.79,False,2026-03-11 17:39:14
39bda1,AFR97CH,France,41.7879,-6.5613,11887.2,238.39,217.02,False,2026-03-11 17:39:14
4caefe,ITY1359,Ireland,42.5896,11.9484,6743.7,206.4,351.69,False,2026-03-11 17:39:14
4caefa,ITY2061,Ireland,42.1343,11.9872,1722.12,144.81,136.15,False,2026-03-11 17:39:14
4932a1,NJE130G,Portugal,44.0793,2.8434,9044.94,241.48,121.32,False,2026-03-11 17:39:14
39bdb5,AFR78GA,France,37.0434,-5.7684,10972.8,203.28,20.13,False,2026-03-11 17:39:14
4ca2cb,EIN58G,Ireland,44.1163,-4.266,10668.0,246.16,182.64,False,2026-03-11 17:39:14
39bdb9,AFR53EM,France,40.012,-7.6122,9768.84,208.45,45.5,False,2026-03-11 17:39:14
347253,HTY238,Spain,36.3207,-4.8299,967.74,80.84,222.42,False,2026-03-11 17:39:14
4ca2d5,RYR50JA,Ireland,39.7354,-0.2367,11582.4,222.0,30.19,False,2026-03-11 17:39:14
39bdb1,AFR66LR,France,44.0788,-1.1382,10972.8,231.43,33.76,False,2026-03-11 17:39:14
4407b4,JAR11,Austria,47.7946,13.0032,,6.94,168.75,True,2026-03-11 17:39:14
347247,IBS1546,Spain,36.1633,-8.2884,10363.2,215.59,39.58,False,2026-03-11 17:39:14
405a4a,BAW742,United Kingdom,46.2335,6.108,,3.6,123.75,True,2026-03-11 17:39:14
3b7567,FAF4091,France,44.5865,9.0854,11277.6,232.76,245.59,False,2026-03-11 17:39:14
486201,XRO1114,Kingdom of the Netherlands,48.3,8.4705,5280.66,192.52,172.48,False,2026-03-11 17:39:14
405a49,BAW41HA,United Kingdom,52.138,4.1474,4587.24,175.39,250.82,False,2026-03-11 17:39:14
3d184e,DEHLM,Germany,48.149,14.0815,579.12,54.48,349.11,False,2026-03-11 17:39:14
406d70,TOM087,United Kingdom,51.1012,0.222,1264.92,101.31,345.89,False,2026-03-11 17:39:14
3e1209,CHX77,Germany,51.3865,7.2046,365.76,57.68,182.56,False,2026-03-11 17:39:14
347219,IBE07BB,Spain,47.5438,-2.9711,11277.6,240.61,192.85,False,2026-03-11 17:39:14
3ce52c,PWF78,Germany,51.7557,12.037,5463.54,142.29,308.98,False,2026-03-11 17:39:14
39c4c3,VLJ701Y,France,43.96,17.9753,2415.54,119.44,124.65,False,2026-03-11 17:39:14
407446,EDC885L,United Kingdom,46.0247,-0.3977,12192.0,208.53,352.63,False,2026-03-11 17:39:14
348541,AEA1509,Spain,50.0391,8.5721,,13.38,70.31,True,2026-03-11 17:39:14
401df4,GBGVV,United Kingdom,52.8761,-2.3861,929.64,66.08,78.78,False,2026-03-11 17:39:14
4caf27,RYR26,Ireland,43.8284,9.1004,11277.6,241.86,137.93,False,2026-03-11 17:39:14
4caf28,RYR62HE,Ireland,49.63,18.1614,7559.04,209.79,230.57,False,2026-03-11 17:39:14
4caf0a,EAI18K,Ireland,51.3844,-2.7158,,2.83,87.19,True,2026-03-11 17:39:14
4caf0b,EAI2A,Ireland,51.0518,-1.3528,2164.08,109.31,25.36,False,2026-03-11 17:39:14
4b3304,RGA02,Switzerland,47.7643,7.6323,640.08,56.0,203.27,False,2026-03-11 17:39:14
4caf1e,ITY1391,Ireland,41.7939,12.2068,403.86,83.16,261.82,False,2026-03-11 17:39:14
4caf1f,ITY1176,Ireland,40.9615,12.8909,10363.2,215.73,314.32,False,2026-03-11 17:39:14
4caf1c,ITY2097,Ireland,45.4538,9.2806,,0.06,270.0,True,2026-03-11 17:39:14
4caf1d,ITY3LO,Ireland,45.9414,8.5592,6004.56,193.4,290.56,False,2026-03-11 17:39:14
347309,AEA64EB,Spain,47.8305,1.8248,8503.92,201.82,195.52,False,2026-03-11 17:39:14
347303,SWT5777,Spain,42.8208,7.0887,8229.6,226.47,127.34,False,2026-03-11 17:39:14
347306,AEA64LR,Spain,45.7312,-0.1806,11582.4,233.98,26.51,False,2026-03-11 17:39:14
400b82,BAW3AK,United Kingdom,48.6148,-1.3253,11582.4,218.12,345.24,False,2026-03-11 17:39:14
4caf16,SAS1793,Ireland,54.1129,11.1539,9669.78,210.62,204.69,False,2026-03-11 17:39:14
4ba945,THY77J,Turkey,46.0056,-7.8384,9753.6,222.5,267.22,False,2026-03-11 17:39:14
86eec2,ANA223,Japan,50.0539,8.5673,251.46,70.81,249.59,False,2026-03-11 17:39:14
4d23ba,TEU01,Malta,48.498,3.1986,13106.4,241.62,340.6,False,2026-03-11 17:39:14
44083c,EJU31AM,Austria,44.1789,-4.8773,11285.22,219.86,221.11,False,2026-03-11 17:39:14
407ee4,GTJPK,United Kingdom,53.366,-1.9214,632.46,70.03,319.17,False,2026-03-11 17:39:14
4d23f6,SCO642R,Malta,44.4428,4.8586,7513.32,225.01,162.43,False,2026-03-11 17:39:14
44080b,OEDTA,Austria,48.4781,16.145,579.12,44.5,169.34,False,2026-03-11 17:39:14
440807,FTY7,Austria,48.2485,14.5179,9448.8,211.39,65.87,False,2026-03-11 17:39:14
3d3a34,DEUHG,Germany,48.7088,12.8983,1463.04,54.01,72.26,False,2026-03-11 17:39:14
3d5453,DFEEL,Germany,48.6712,9.1248,1607.82,56.32,253.55,False,2026-03-11 17:39:14
4d23fa,RYR58HG,Malta,36.8334,-4.3451,11277.6,243.08,223.46,False,2026-03-11 17:39:14
4d23fd,RYR66SP,Malta,36.7432,-4.5946,495.3,88.22,131.22,False,2026-03-11 17:39:14
44082b,AUA16N,Austria,48.0941,16.5889,243.84,80.13,164.36,False,2026-03-11 17:39:14
44082a,AUA297W,Austria,48.2279,15.5468,6995.16,179.9,292.53,False,2026-03-11 17:39:14
400b00,EFW1LJ,United Kingdom,50.5619,0.9566,5943.6,170.09,317.82,False,2026-03-11 17:39:14
4ca336,AC112,Ireland,53.3059,-6.4511,160.02,5.87,195.26,False,2026-03-11 17:39:14
407eb2,BAW466,United Kingdom,50.2937,-1.8245,8176.26,259.4,210.38,False,2026-03-11 17:39:14
440826,AUA10A,Austria,47.6154,13.4751,9029.7,219.06,254.33,False,2026-03-11 17:39:14
440824,AUA29R,Austria,49.5971,14.9924,11582.4,214.85,329.81,False,2026-03-11 17:39:14
440823,AUA526,Austria,46.243,11.7172,9913.62,219.0,67.05,False,2026-03-11 17:39:14
440822,AUA212,Austria,48.1237,16.5306,160.02,73.39,116.21,False,2026-03-11 17:39:14
440821,AUA155,Austria,48.1195,16.5782,,2.57,112.5,True,2026-03-11 17:39:14
44081f,AUA269,Austria,48.1185,16.5763,,0.45,73.12,True,2026-03-11 17:39:14
44081e,AUA11Z,Austria,46.9005,15.6408,1219.2,134.43,212.66,False,2026-03-11 17:39:14
48e9f3,RYR17BR,Poland,46.5545,-0.6316,10972.8,212.79,350.54,False,2026-03-11 17:39:14
4d23db,VJT735,Malta,36.5632,11.2835,14325.6,252.53,278.08,False,2026-03-11 17:39:14
40123f,BAW495,United Kingdom,39.3846,-3.5831,9745.98,230.12,12.92,False,2026-03-11 17:39:14
401240,EFW69H,United Kingdom,45.0514,-5.5954,10668.0,243.26,203.69,False,2026-03-11 17:39:14
ac6428,EJM70,United States,50.8996,4.4764,,3.6,146.25,True,2026-03-11 17:39:14
4072c8,EZY89XM,United Kingdom,51.5763,0.7065,45.72,62.97,233.97,False,2026-03-11 17:39:14
3e1dd2,DICMK,Germany,50.549,11.3254,1828.8,105.61,210.44,False,2026-03-11 17:39:14
3e37d4,DIMIM,Germany,47.0431,14.6814,11887.2,208.01,175.32,False,2026-03-11 17:39:14
45ac50,SAS687,Denmark,53.2701,10.702,11277.6,208.28,200.99,False,2026-03-11 17:39:14
a8cffd,UAL941,United States,50.5979,-4.3374,7932.42,223.88,261.14,False,2026-03-11 17:39:14
39a04c,OYO10,France,45.7315,4.938,137.16,0.0,0.0,False,2026-03-11 17:39:14
34251a,ECJYT,Spain,40.8636,-1.9759,8107.68,201.91,221.49,False,2026-03-11 17:39:14
71c252,KAL9575,Republic of Korea,45.9248,9.7528,7406.64,198.8,242.57,False,2026-03-11 17:39:14
71c251,KAL539,Republic of Korea,51.049,6.2141,9753.6,224.08,293.98,False,2026-03-11 17:39:14
34250a,IBE06GH,Spain,40.9321,-2.9186,5173.98,188.63,60.78,False,2026-03-11 17:39:14
4cadbd,RYR12CT,Ireland,41.424,-8.349,3566.16,179.24,87.2,False,2026-03-11 17:39:14
4cadbc,RYR230B,Ireland,46.3184,10.4362,7452.36,221.67,218.97,False,2026-03-11 17:39:14
4cadc1,RYR46UX,Ireland,44.2855,0.188,11582.4,216.53,344.71,False,2026-03-11 17:39:14
4cadc2,RYR80RJ,Ireland,50.3208,5.8834,11277.6,249.09,110.68,False,2026-03-11 17:39:14
4cadc4,RYR69LE,Ireland,51.1588,-0.113,289.56,67.52,257.23,False,2026-03-11 17:39:14
4cade0,,Ireland,50.0755,19.7992,,6.94,348.75,True,2026-03-11 17:39:14
4cade2,RYR3SZ,Ireland,48.9465,1.4746,10972.8,241.2,24.98,False,2026-03-11 17:39:14
4408df,AUA31S,Austria,52.15,5.0213,3261.36,173.27,109.24,False,2026-03-11 17:39:14
4cadcb,ITY154,Ireland,45.4525,9.2796,,0.0,270.0,True,2026-03-11 17:39:14
34608e,IBE05YW,Spain,48.6472,2.1676,1958.34,139.78,204.11,False,2026-03-11 17:39:14
4408f3,OEALJ,Austria,48.4197,16.1442,457.2,54.76,205.6,False,2026-03-11 17:39:14
4cada3,RYR90VW,Ireland,43.5242,-1.6968,11582.4,224.67,24.63,False,2026-03-11 17:39:14
4cada4,RYR981M,Ireland,43.0552,18.6561,11277.6,236.01,81.73,False,2026-03-11 17:39:14
4cada6,ITY1633,Ireland,41.5576,16.3404,4030.98,198.15,132.05,False,2026-03-11 17:39:14
48ac80,LOT335,Poland,50.0766,10.2342,11582.4,206.88,259.98,False,2026-03-11 17:39:14
48ac81,LOT407,Poland,52.1611,18.7176,9951.72,210.94,269.16,False,2026-03-11 17:39:14
346088,VLG6264,Spain,47.4039,3.5956,9418.32,236.35,132.27,False,2026-03-11 17:39:14
780561,CES771,China,52.5289,5.0916,1569.72,122.45,270.72,False,2026-03-11 17:39:14
744829,RJA101,Jordan,40.7459,14.0198,10492.74,245.02,109.12,False,2026-03-11 17:39:14
744828,RJA110,Jordan,36.3649,14.4569,11277.6,244.07,96.9,False,2026-03-11 17:39:14
346082,AEA82SG,Spain,39.1683,-8.2829,7437.12,201.05,65.99,False,2026-03-11 17:39:14
744827,RJA118,Jordan,42.2904,19.6102,10668.0,231.73,124.33,False,2026-03-11 17:39:14
4cadaf,EIWST,Ireland,53.6157,-7.1254,914.4,33.25,262.0,False,2026-03-11 17:39:14
346083,AEA34BP,Spain,41.8011,-4.0018,8229.6,248.12,202.68,False,2026-03-11 17:39:14
744823,RJA116,Jordan,47.13,16.6562,11262.36,233.15,126.57,False,2026-03-11 17:39:14
485064,KLM991,Kingdom of the Netherlands,51.9466,3.0575,7315.2,175.16,257.96,False,2026-03-11 17:39:14
4cadb7,RYR57YJ,Ireland,47.5164,1.085,10972.8,241.5,28.64,False,2026-03-11 17:39:14
406222,CFE62N,United Kingdom,54.7005,-5.5926,1165.86,94.88,303.95,False,2026-03-11 17:39:14
3c7a44,CFG314,Germany,42.6113,18.4359,10668.0,245.56,146.71,False,2026-03-11 17:39:14
4cadfa,ITY758,Ireland,42.5218,15.5662,9067.8,237.97,75.09,False,2026-03-11 17:39:14
4408c9,EZS18UE,Austria,44.6731,-0.4859,3512.82,193.22,93.21,False,2026-03-11 17:39:14
39c5c8,OYO6,France,45.8782,1.0946,9144.0,182.73,1.94,False,2026-03-11 17:39:14
3cf775,BTX7P,Germany,47.7965,11.3761,4930.14,177.27,354.5,False,2026-03-11 17:39:14
3c7a50,CFG282,Germany,49.4226,10.3374,7147.56,209.63,304.7,False,2026-03-11 17:39:14
4cadf2,RYR99ZZ,Ireland,52.4907,-1.9926,8221.98,266.69,147.05,False,2026-03-11 17:39:14
407537,SHT5U,United Kingdom,51.4666,-0.4689,,13.38,270.0,True,2026-03-11 17:39:14
347385,ECNXJ,Spain,41.8695,3.0211,1402.08,63.04,243.85,False,2026-03-11 17:39:14
486363,PHHLC,Kingdom of the Netherlands,52.5894,5.5662,487.68,52.97,240.95,False,2026-03-11 17:39:14
4cade7,RYR45SJ,Ireland,51.1377,4.653,5494.02,189.65,222.91,False,2026-03-11 17:39:14
4cade3,RYR28TD,Ireland,41.6731,2.7319,11277.6,222.58,232.23,False,2026-03-11 17:39:14
4cade4,RYR97UM,Ireland,45.9156,5.9634,10972.8,251.37,52.57,False,2026-03-11 17:39:14
3c7a4e,CFG6KW,Germany,46.2003,15.92,11582.4,235.73,315.35,False,2026-03-11 17:39:14
44d071,BEL1EX,Belgium,51.5786,8.209,10668.0,253.0,60.26,False,2026-03-11 17:39:14
503cec,LYFTC,Lithuania,40.3603,-3.8063,762.0,50.28,109.73,False,2026-03-11 17:39:14
4cadec,ITY160,Ireland,50.7077,5.3935,3710.94,170.98,314.27,False,2026-03-11 17:39:14
4caded,ITY574,Ireland,45.536,9.4484,10363.2,204.41,335.31,False,2026-03-11 17:39:14
4cadea,ITY1704,Ireland,44.0705,9.973,8808.72,192.93,312.84,False,2026-03-11 17:39:14
4cadf8,RYR494A,Ireland,48.1984,4.1366,10972.8,222.71,311.35,False,2026-03-11 17:39:14
4cadf9,RYR578H,Ireland,51.5993,6.283,510.54,78.77,272.25,False,2026-03-11 17:39:14
4cadf4,RYR50UL,Ireland,53.7384,-4.6854,6477.0,146.33,273.22,False,2026-03-11 17:39:14
4cadf5,RYR69PC,Ireland,44.7134,-0.92,10972.8,233.84,24.99,False,2026-03-11 17:39:14
4cadf6,RYR79BB,Ireland,41.1467,2.2667,2308.86,128.87,19.59,False,2026-03-11 17:39:14
4cadf7,RYR80TN,Ireland,48.5116,14.5051,11277.6,238.81,116.9,False,2026-03-11 17:39:14
407597,GMACR,United Kingdom,50.8988,0.2464,914.4,83.31,27.99,False,2026-03-11 17:39:14
4ba916,THY9YH,Turkey,41.8866,0.6217,11582.4,246.63,116.78,False,2026-03-11 17:39:14
4ba910,THY9SZ,Turkey,44.6064,16.8708,11582.4,226.74,279.27,False,2026-03-11 17:39:14
405b6a,EZY626Z,United Kingdom,54.3233,-4.9668,6263.64,185.52,327.46,False,2026-03-11 17:39:14
40624e,BAW486,United Kingdom,47.4594,0.9082,11277.6,236.56,170.87,False,2026-03-11 17:39:14
40624f,BAW720T,United Kingdom,48.2696,4.6982,8854.44,216.31,117.78,False,2026-03-11 17:39:14
abca08,DAL37,United States,52.459,-5.2619,10180.32,200.47,303.49,False,2026-03-11 17:39:14
40756f,EZY18PK,United Kingdom,51.1561,-0.1757,,0.0,329.06,True,2026-03-11 17:39:14
40756d,EZY936,United Kingdom,54.5937,-6.209,1158.24,140.46,127.71,False,2026-03-11 17:39:14
40756b,EZY43PR,United Kingdom,53.5685,-2.2692,1844.04,146.03,94.45,False,2026-03-11 17:39:14
40756c,EZY56FD,United Kingdom,50.7926,-0.76,5928.36,160.22,10.73,False,2026-03-11 17:39:14
405b64,EZY49LM,United Kingdom,50.8456,0.437,3139.44,135.27,303.21,False,2026-03-11 17:39:14
406e92,GCIPY,United Kingdom,51.6324,-0.2933,434.34,54.11,61.0,False,2026-03-11 17:39:14
43c39d,RRR7211,United Kingdom,52.6464,-0.2943,716.28,77.81,253.48,False,2026-03-11 17:39:14
407575,EZY71DE,United Kingdom,38.1048,-6.7815,11285.22,250.01,138.5,False,2026-03-11 17:39:14
400bdf,GBXYO,United Kingdom,51.8283,1.1087,449.58,46.14,239.15,False,2026-03-11 17:39:14
40622d,EZY52PX,United Kingdom,48.916,-3.4188,10660.38,237.34,177.76,False,2026-03-11 17:39:14
40622f,EZY16MK,United Kingdom,53.1779,-1.9031,3131.82,131.43,312.62,False,2026-03-11 17:39:14
49d0df,OKTOY,Czech Republic,49.1549,16.684,182.88,1.85,326.31,False,2026-03-11 17:39:14
407568,EZY78FM,United Kingdom,49.8141,2.164,10675.62,216.78,309.32,False,2026-03-11 17:39:14
407569,EZY84LC,United Kingdom,41.8806,-7.1771,11285.22,237.88,210.11,False,2026-03-11 17:39:14
3423c3,IBE05KR,Spain,47.0685,0.8523,8534.4,216.11,21.07,False,2026-03-11 17:39:14
3c810a,FW24,Germany,51.4264,12.2111,,13.38,284.06,True,2026-03-11 17:39:14
406231,CFE99B,United Kingdom,53.0558,-1.2076,11887.2,248.36,137.69,False,2026-03-11 17:39:14
346114,EVE815,Spain,40.8018,-3.7085,3299.46,148.16,296.39,False,2026-03-11 17:39:14
3424d1,VLG1QJ,Spain,38.6109,-9.2246,1005.84,92.44,16.82,False,2026-03-11 17:39:14
0641ee,APPK7574,Nigeria,51.1759,0.0768,967.74,86.74,297.17,False,2026-03-11 17:39:14
424c9d,MASBA,United Kingdom,44.885,14.2547,13106.4,224.51,311.47,False,2026-03-11 17:39:14
4cae11,ITY112,Ireland,46.0011,8.3077,7909.56,195.36,291.63,False,2026-03-11 17:39:14
3c09f2,LHX6CN,Germany,51.0254,8.253,8976.36,231.81,147.97,False,2026-03-11 17:39:14
4cae49,RYR7883,Ireland,47.1134,7.3646,10949.94,212.99,246.96,False,2026-03-11 17:39:14
4cae48,RYR35EC,Ireland,38.3212,-7.9237,9052.56,208.55,11.67,False,2026-03-11 17:39:14
4038d8,GICRM,United Kingdom,51.467,-1.1971,1242.06,23.01,280.3,False,2026-03-11 17:39:14
4cae54,RYR69AV,Ireland,46.4262,-3.2288,10972.8,234.75,46.86,False,2026-03-11 17:39:14
424c60,VSB97,United Kingdom,51.3794,-2.7098,,0.0,286.88,True,2026-03-11 17:39:14
4cae51,RYR34RZ,Ireland,46.5907,14.2245,11277.6,243.29,130.8,False,2026-03-11 17:39:14
424c62,MBIZZ,United Kingdom,39.095,-7.3297,13418.82,249.9,27.73,False,2026-03-11 17:39:14
424c78,JCB3,United Kingdom,51.9214,-1.6893,647.7,73.76,100.45,False,2026-03-11 17:39:14
300782,AUA187,Italy,48.0001,16.0013,5105.4,168.27,276.49,False,2026-03-11 17:39:14
300781,DLA3MK,Italy,47.5242,8.5184,10058.4,224.35,175.92,False,2026-03-11 17:39:14
4ca242,RYR74GZ,Ireland,48.5143,14.5408,11887.2,238.98,114.41,False,2026-03-11 17:39:14
406cd2,EZY62HF,United Kingdom,52.4772,7.7452,11879.58,237.71,100.73,False,2026-03-11 17:39:14
39ac25,FHLBF,France,43.3729,-0.4052,129.54,54.24,305.35,False,2026-03-11 17:39:14
4cae6c,RYR61RX,Ireland,49.2221,3.1314,11887.2,221.54,217.64,False,2026-03-11 17:39:14
407fea,WUK78,United Kingdom,50.6546,9.7334,10668.0,241.32,112.3,False,2026-03-11 17:39:14
4cae6d,RYR75KL,Ireland,52.2641,-5.0345,8747.76,192.83,316.08,False,2026-03-11 17:39:14
40263c,GDENS,United Kingdom,51.4635,-2.279,251.46,23.98,247.29,False,2026-03-11 17:39:14
4ca251,RYR300A,Ireland,51.5996,1.8524,10995.66,220.29,307.22,False,2026-03-11 17:39:14
4cae96,RYR922N,Ireland,37.5771,12.8497,11582.4,218.1,324.7,False,2026-03-11 17:39:14
39b325,FHMZF,France,47.4746,0.5755,868.68,32.23,298.61,False,2026-03-11 17:39:14
4cae98,RYR7117,Ireland,49.4644,11.0629,11582.4,222.37,293.3,False,2026-03-11 17:39:14
43e914,VSB08,United Kingdom,53.6523,-3.0628,5791.2,145.7,143.62,False,2026-03-11 17:39:14
4cae92,RYR7GM,Ireland,39.4744,-8.605,11277.6,251.88,190.12,False,2026-03-11 17:39:14
4cae93,RYR43EU,Ireland,48.1209,16.5556,,5.92,25.31,True,2026-03-11 17:39:14
4ca246,RYR66UX,Ireland,45.1953,7.646,,0.06,92.81,True,2026-03-11 17:39:14
48c4d4,SPSGW,Poland,51.7263,19.4038,,3.86,343.12,True,2026-03-11 17:39:14
4d22af,RYR51NQ,Malta,49.2302,13.9036,9753.6,211.93,300.49,False,2026-03-11 17:39:14
4d22ab,KMM308,Malta,44.7927,11.6211,11590.02,214.7,351.73,False,2026-03-11 17:39:14
4d22ad,RYR35DK,Malta,40.3435,-2.9731,2933.7,151.02,250.08,False,2026-03-11 17:39:14
4cae67,RYR31DC,Ireland,42.463,12.3933,3246.12,161.51,173.6,False,2026-03-11 17:39:14
4cae69,RYR72KH,Ireland,51.9491,-0.7434,5882.64,161.35,305.92,False,2026-03-11 17:39:14
4cae66,RYR31SF,Ireland,41.2963,2.0692,,13.38,244.69,True,2026-03-11 17:39:14
4cae60,RYR13JX,Ireland,43.9283,9.0157,10302.24,221.81,150.7,False,2026-03-11 17:39:14
4d22b2,RYR29GP,Malta,53.4323,-1.2036,10972.8,212.12,280.06,False,2026-03-11 17:39:14
4d22b4,RYR9EM,Malta,43.6307,7.4119,10972.8,231.61,52.67,False,2026-03-11 17:39:14
4d22b5,RYR265A,Malta,41.8511,-5.0463,10972.8,229.18,68.68,False,2026-03-11 17:39:14
4ca214,EIN60Y,Ireland,53.0807,0.9048,10980.42,213.38,279.58,False,2026-03-11 17:39:14
39ac06,FHLAG,France,43.2642,5.7642,426.72,43.24,124.82,False,2026-03-11 17:39:14
43e92d,MGETS,United Kingdom,50.9955,-1.3804,899.16,102.3,11.31,False,2026-03-11 17:39:14
4cae4c,RYR59FG,Ireland,41.3637,2.2031,10668.0,226.41,231.83,False,2026-03-11 17:39:14
4d22bf,RYR67LL,Malta,47.4448,15.0507,6560.82,195.76,43.72,False,2026-03-11 17:39:14
503e99,NIA222,Lithuania,45.6542,9.6399,899.16,90.56,217.85,False,2026-03-11 17:39:14
4cae6a,RYR14HK,Ireland,50.3322,4.465,3322.32,180.45,97.21,False,2026-03-11 17:39:14
4cae6b,RYR39LC,Ireland,44.6638,0.5868,11277.6,238.01,187.2,False,2026-03-11 17:39:14
407fd7,SRD363,United Kingdom,50.7434,-0.9971,144.78,56.92,282.53,False,2026-03-11 17:39:14
34258f,VLG9KD,Spain,40.3235,-0.1646,9822.18,235.49,191.85,False,2026-03-11 17:39:14
45a14c,BBX57A,Denmark,53.0729,3.9147,982.98,85.84,84.15,False,2026-03-11 17:39:14
4d22c3,RYR31SG,Malta,46.5181,11.4505,10355.58,225.24,243.26,False,2026-03-11 17:39:14
4d22c6,RYR44KK,Malta,42.298,7.073,11277.6,233.94,224.02,False,2026-03-11 17:39:14
342591,VLG6LA,Spain,50.6876,5.8189,10980.42,245.99,34.09,False,2026-03-11 17:39:14
39a00b,FHIAL,France,44.3361,0.3676,7200.9,88.35,333.73,False,2026-03-11 17:39:14
33fe0b,IEI2856,Italy,40.8551,14.9089,3665.22,124.03,268.34,False,2026-03-11 17:39:14
3cefbc,SCR378,Germany,42.1333,-3.6047,12199.62,198.01,19.42,False,2026-03-11 17:39:14
4ca293,EIN33T,Ireland,53.208,-0.8074,11269.98,252.48,100.21,False,2026-03-11 17:39:14
4ca292,EIN34G,Ireland,53.4289,-6.2531,,4.89,337.5,True,2026-03-11 17:39:14
4ca295,EIN40R,Ireland,50.2224,0.4691,10675.62,242.61,143.28,False,2026-03-11 17:39:14
4073ce,VIR155M,United Kingdom,54.2144,-2.4104,10363.2,232.01,326.94,False,2026-03-11 17:39:14
4073cd,GPCIZ,United Kingdom,53.2021,-2.1349,3048.0,126.12,190.58,False,2026-03-11 17:39:14
3c4668,ATV305,Germany,50.3146,11.4985,7018.02,173.78,36.94,False,2026-03-11 17:39:14
3472c4,VLG91WF,Spain,43.6165,6.1599,11292.84,219.22,237.65,False,2026-03-11 17:39:14
4ca24c,RYR91QQ,Ireland,38.2241,15.1756,7741.92,208.33,343.35,False,2026-03-11 17:39:14
3ceff1,DCSEB,Germany,50.6672,11.0806,1950.72,156.01,32.07,False,2026-03-11 17:39:14
406cdb,GETPM,United Kingdom,51.1659,-1.6978,472.44,35.03,299.95,False,2026-03-11 17:39:14
4d22ff,RYR10ZB,Malta,42.9357,15.8386,11582.4,213.53,336.28,False,2026-03-11 17:39:14
3cf6c2,DCUTE,Germany,53.7746,7.6325,9700.26,131.77,261.02,False,2026-03-11 17:39:14
407ffe,GSRXX,United Kingdom,51.34,0.0394,175.26,38.88,205.89,False,2026-03-11 17:39:14
407ffd,GTUGD,United Kingdom,53.2127,-3.3751,0.0,29.52,228.53,False,2026-03-11 17:39:14
4ca25b,RYR83KB,Ireland,53.3608,-2.2669,,1.54,286.88,True,2026-03-11 17:39:14
abf5e9,N87VS,United States,54.3381,-3.4718,8839.2,184.36,164.3,False,2026-03-11 17:39:14
39b32c,FHMZM,France,43.769,4.4155,30.48,29.34,177.99,False,2026-03-11 17:39:14
406b90,EZY875W,United Kingdom,51.3847,-2.7113,,0.0,357.19,True,2026-03-11 17:39:14
407267,EXS21U,United Kingdom,48.2146,13.8341,11582.4,216.49,316.25,False,2026-03-11 17:39:14
39b014,FHMAU,France,45.787,3.5254,3345.18,135.36,91.74,False,2026-03-11 17:39:14
4405ea,EJU36FN,Austria,52.9555,1.496,8724.9,201.13,104.21,False,2026-03-11 17:39:14
a8b5fc,UAL925,United States,51.4434,-0.7156,1905.0,136.01,237.51,False,2026-03-11 17:39:14
3cef03,PVD443A,Germany,51.0657,7.0457,6637.02,235.33,53.98,False,2026-03-11 17:39:14
48605c,LIFELN2,Kingdom of the Netherlands,51.698,4.5601,327.66,67.21,163.09,False,2026-03-11 17:39:14
a972ee,GTI332,United States,51.6628,-2.4118,10668.0,276.44,101.27,False,2026-03-11 17:39:14
3c56a3,GEC8307,Germany,41.7187,-1.6293,9616.44,227.78,39.23,False,2026-03-11 17:39:14
3c56a1,GEC8343,Germany,45.4628,15.8919,10363.2,227.59,325.59,False,2026-03-11 17:39:14
486072,KLM133,Kingdom of the Netherlands,51.7099,0.6198,9753.6,243.97,258.07,False,2026-03-11 17:39:14
3002a2,SLJ504,Italy,41.3638,14.1648,4076.7,195.56,162.23,False,2026-03-11 17:39:14
34838b,VOE3ZB,Spain,40.9658,-3.0908,10355.58,211.46,359.16,False,2026-03-11 17:39:14
4cacb6,SAS72G,Ireland,53.822,3.7715,11574.78,218.65,215.04,False,2026-03-11 17:39:14
4cacb1,FPO756,Ireland,38.4908,3.952,6096.0,138.93,11.1,False,2026-03-11 17:39:14
4b934d,QRJ02,Turkey,43.303,13.4305,12496.8,235.08,108.63,False,2026-03-11 17:39:14
4d2303,RYR37FX,Malta,43.4442,12.192,11582.4,224.44,351.96,False,2026-03-11 17:39:14
4d2302,RYR62SU,Malta,40.461,-3.5728,,4.89,275.62,True,2026-03-11 17:39:14
4405b6,EJU31ZY,Austria,41.3043,2.0995,-91.44,64.46,245.48,False,2026-03-11 17:39:14
406b91,EZY75AH,United Kingdom,40.4451,-3.843,3208.02,164.53,132.97,False,2026-03-11 17:39:14
3c56ef,EWG9D,Germany,43.8775,5.2278,11887.2,220.61,212.91,False,2026-03-11 17:39:14
3420cc,IBE04AY,Spain,41.3429,-0.2582,9151.62,247.71,83.08,False,2026-03-11 17:39:14
39ceb9,TVF11JT,France,42.2039,-6.2286,11894.82,231.96,210.38,False,2026-03-11 17:39:14
4d234a,RYR40VD,Malta,51.2817,8.0822,11277.6,233.09,112.04,False,2026-03-11 17:39:14
3d2984,DENYY,Germany,52.3183,10.5891,274.32,45.18,352.15,False,2026-03-11 17:39:14
3c56f6,EWG1FH,Germany,51.4459,9.1891,11887.2,209.18,190.34,False,2026-03-11 17:39:14
3c56ec,EWG2AW,Germany,43.4083,-0.368,11262.36,218.88,235.82,False,2026-03-11 17:39:14
4d2369,RYR894L,Malta,41.8508,-4.2004,11277.6,248.02,185.36,False,2026-03-11 17:39:14
3cf62a,UNI137,Germany,51.8302,-0.4826,12496.8,264.53,113.37,False,2026-03-11 17:39:14
4d2368,RYR85FM,Malta,41.2957,2.0829,,10.29,81.56,True,2026-03-11 17:39:14
39cead,TVF8285,France,38.4115,9.7574,10820.4,212.36,346.27,False,2026-03-11 17:39:14
39ceaf,TVF38TY,France,42.5632,-2.4012,10363.2,214.22,31.25,False,2026-03-11 17:39:14
4d234f,RYR76YR,Malta,43.2983,5.7471,10668.0,240.94,96.87,False,2026-03-11 17:39:14
48e95d,LOT5PX,Poland,52.3054,15.6787,11582.4,222.45,272.52,False,2026-03-11 17:39:14
48e95a,LOT3ML,Poland,51.955,13.8797,11582.4,225.62,265.16,False,2026-03-11 17:39:14
348351,IBE03DZ,Spain,40.6341,-4.148,4899.66,192.94,269.08,False,2026-03-11 17:39:14
3985a0,DAH1012,France,41.3074,1.7182,10980.42,224.3,352.22,False,2026-03-11 17:39:14
3985a1,AFR6225,France,48.7269,2.399,76.2,71.16,254.05,False,2026-03-11 17:39:14
48e94b,SPNWD,Poland,51.8463,16.5043,396.24,46.77,50.36,False,2026-03-11 17:39:14
4d2348,RYR17GM,Malta,43.7283,0.3714,11582.4,221.86,345.22,False,2026-03-11 17:39:14
4d2349,RYR94BU,Malta,39.8476,-5.013,11277.6,223.58,254.11,False,2026-03-11 17:39:14
48e959,LOT279,Poland,51.7517,1.6813,7901.94,188.12,264.51,False,2026-03-11 17:39:14
48e93f,SPHAA,Poland,51.6177,18.9346,586.74,81.49,277.62,False,2026-03-11 17:39:14
48e93d,BNI1A,Poland,51.6825,19.3795,579.12,45.81,55.06,False,2026-03-11 17:39:14
407238,GPCTW,United Kingdom,49.3561,0.844,7924.8,118.54,323.83,False,2026-03-11 17:39:14
407e71,EXS56PL,United Kingdom,47.4517,-9.4914,10668.0,202.7,359.56,False,2026-03-11 17:39:14
71c393,KAL921,Republic of Korea,41.6436,11.2526,11582.4,242.99,244.41,False,2026-03-11 17:39:14
407e5f,EZY6312,United Kingdom,41.8261,-3.2209,11574.78,207.37,1.28,False,2026-03-11 17:39:14
407e68,EXS632,United Kingdom,39.5426,-8.5624,10972.8,212.44,28.18,False,2026-03-11 17:39:14
407e63,EZY6579,United Kingdom,41.8171,10.7341,11277.6,239.96,153.38,False,2026-03-11 17:39:14
4d236a,RYR46SM,Malta,46.6707,6.9641,11277.6,217.75,210.69,False,2026-03-11 17:39:14
407e53,EXS89YD,United Kingdom,52.8297,-1.469,5402.58,143.27,320.54,False,2026-03-11 17:39:14
3985e4,EUP421,France,42.679,-7.4184,6149.34,210.09,257.7,False,2026-03-11 17:39:14
406b20,BAW5E,United Kingdom,49.2968,-9.574,11582.4,223.75,254.94,False,2026-03-11 17:39:14
4d2387,RYR75ZC,Malta,47.361,11.7359,11262.36,244.85,185.18,False,2026-03-11 17:39:14
402ee4,GBRDF,United Kingdom,51.505,-2.4482,533.4,49.41,328.63,False,2026-03-11 17:39:14
4703a9,DNC02RB,Hungary,36.7085,-3.7193,1379.22,69.88,276.34,False,2026-03-11 17:39:14
3c56f0,EWG1K,Germany,47.2985,2.4171,11894.82,230.03,175.9,False,2026-03-11 17:39:14
3c56f3,EWG2H,Germany,53.6478,9.981,45.72,64.43,152.41,False,2026-03-11 17:39:14
407e45,EXS1402,United Kingdom,46.3736,-4.2194,11590.02,226.69,31.92,False,2026-03-11 17:39:14
4d2383,RYR59SC,Malta,47.4734,5.3943,10972.8,227.81,323.73,False,2026-03-11 17:39:14
300394,DLA4NK,Italy,49.9036,10.9459,8839.2,228.67,87.29,False,2026-03-11 17:39:14
348412,AEA19MG,Spain,52.3222,4.7317,,13.38,137.81,True,2026-03-11 17:39:14
3cd05d,GFD41,Germany,53.8951,11.0533,1242.06,89.51,180.33,False,2026-03-11 17:39:14
3cd05e,GFD40,Germany,54.0724,10.3847,1432.56,129.54,106.85,False,2026-03-11 17:39:14
440658,MOZ10,Austria,41.0388,5.5143,10203.18,232.84,224.1,False,2026-03-11 17:39:14
348402,ANE1343,Spain,46.9888,0.3765,9144.0,205.96,18.8,False,2026-03-11 17:39:14
ab6c08,DAL4,United States,51.8897,-3.0816,9631.68,208.38,283.42,False,2026-03-11 17:39:14
440669,AUA235D,Austria,48.1197,16.5679,,0.0,118.12,True,2026-03-11 17:39:14
440668,AUA22S,Austria,49.9087,15.4712,8831.58,201.05,145.74,False,2026-03-11 17:39:14
440666,AUA141,Austria,47.7346,9.8803,6141.72,206.95,267.86,False,2026-03-11 17:39:14
407cda,GCMRC,United Kingdom,52.1999,-0.1003,601.98,47.29,157.62,False,2026-03-11 17:39:14
4cad28,RYR37VN,Ireland,44.5461,10.937,11582.4,226.83,74.07,False,2026-03-11 17:39:14
4cad29,RYR60NY,Ireland,52.0436,4.1242,11277.6,246.24,97.08,False,2026-03-11 17:39:14
440612,EJU86PN,Austria,45.6527,9.8351,6408.42,176.97,270.17,False,2026-03-11 17:39:14
4cad26,AFZ22P,Ireland,52.2104,-6.8699,952.5,40.13,216.14,False,2026-03-11 17:39:14
48c1bb,RYR59AU,Poland,51.652,10.1315,11582.4,213.51,276.92,False,2026-03-11 17:39:14
4cad0f,RYR72RR,Ireland,52.151,-0.0832,2278.38,142.15,174.39,False,2026-03-11 17:39:14
398600,AFR31YW,France,48.996,2.6246,167.64,56.78,265.32,False,2026-03-11 17:39:14
398601,AFR1095,France,50.8959,-0.9158,10668.0,251.22,101.22,False,2026-03-11 17:39:14
398602,AFR1202,France,45.2022,7.6471,,14.4,182.81,True,2026-03-11 17:39:14
3e232e,PAV621,Germany,47.277,-2.3485,10972.8,195.79,9.83,False,2026-03-11 17:39:14
4cad1e,KZR922,Ireland,49.9037,9.3437,4503.42,196.07,91.5,False,2026-03-11 17:39:14
4070ef,EXS43VQ,United Kingdom,46.4652,17.9922,10972.8,225.33,309.91,False,2026-03-11 17:39:14
4070ed,EXS44S,United Kingdom,52.2478,-7.3022,11887.2,236.54,22.1,False,2026-03-11 17:39:14
4070ee,EXS31ED,United Kingdom,46.0919,16.706,10972.8,219.08,319.95,False,2026-03-11 17:39:14
3cd051,ECA3ER,Germany,46.1991,1.7198,10363.2,195.29,351.06,False,2026-03-11 17:39:14
48c1a4,RYR881D,Poland,41.3422,2.2104,449.58,89.11,245.8,False,2026-03-11 17:39:14
48c1a1,RYR61GE,Poland,46.5841,11.6305,11582.4,229.15,243.32,False,2026-03-11 17:39:14
440625,EJU68NP,Austria,42.8457,4.3093,10668.0,209.63,211.35,False,2026-03-11 17:39:14
4cad13,EAI74G,Ireland,52.4436,-1.7366,137.16,58.79,325.34,False,2026-03-11 17:39:14
4070de,GOTPL,United Kingdom,53.2074,-0.473,8229.6,169.55,113.61,False,2026-03-11 17:39:14
4cad10,RYR1146,Ireland,44.2446,-9.252,11277.6,204.61,348.69,False,2026-03-11 17:39:14
503cb7,KLJ6184,Lithuania,44.6677,10.4028,8854.44,231.73,145.67,False,2026-03-11 17:39:14
4cad12,RYR1XE,Ireland,37.4695,-2.7151,10668.0,240.67,244.15,False,2026-03-11 17:39:14
44061c,EJU87XQ,Austria,49.3227,3.3037,2971.8,143.23,216.09,False,2026-03-11 17:39:14
44061b,EJU65DW,Austria,43.1367,9.8398,11277.6,232.55,142.37,False,2026-03-11 17:39:14
4070e7,EXS31F,United Kingdom,45.5435,15.361,10980.42,217.52,306.25,False,2026-03-11 17:39:14
4b447f,HBZYL,Switzerland,46.3183,6.9068,,0.06,329.06,True,2026-03-11 17:39:14
4cad64,RYR3ZN,Ireland,36.1085,13.3518,7597.14,205.49,289.3,False,2026-03-11 17:39:14
4cad4f,RYR84YG,Ireland,43.9657,2.3979,11582.4,238.3,59.23,False,2026-03-11 17:39:14
4c01e2,ASL58E,Serbia,43.7282,17.5026,10980.42,224.15,242.08,False,2026-03-11 17:39:14
402f2f,GXAVI,United Kingdom,51.6705,-2.0229,335.28,38.09,343.52,False,2026-03-11 17:39:14
4d21d4,CXI25WD,Malta,46.4626,-1.2418,10972.8,236.19,43.32,False,2026-03-11 17:39:14
4cad5f,ITY079,Ireland,40.6938,8.0031,10972.8,211.97,71.61,False,2026-03-11 17:39:14
39cf07,AFR473,France,43.5456,16.4283,12192.0,241.96,293.29,False,2026-03-11 17:39:14
4cad42,SAS65D,Ireland,43.2923,4.6735,11277.6,224.19,211.39,False,2026-03-11 17:39:14
39cf00,AFR253,France,49.4673,3.8296,4701.54,169.67,262.51,False,2026-03-11 17:39:14
3c4581,BOX587,Germany,50.7462,14.2007,6865.62,217.89,308.39,False,2026-03-11 17:39:14
3949e3,AFR804,France,42.443,-6.0225,11277.6,252.51,211.16,False,2026-03-11 17:39:14
4cad2a,RYR96KY,Ireland,41.3048,-3.0772,11582.4,206.74,347.94,False,2026-03-11 17:39:14
39cf0c,AFR096,France,47.2898,-3.3518,11582.4,237.48,249.72,False,2026-03-11 17:39:14
39cf0f,AFR871,France,42.0943,-3.0718,12192.0,240.46,37.26,False,2026-03-11 17:39:14
4cad57,ITY452,Ireland,45.4353,9.2808,,0.06,177.19,True,2026-03-11 17:39:14
4cad52,ITY1435,Ireland,41.7893,11.7266,4259.58,150.22,269.61,False,2026-03-11 17:39:14
4cad3f,RYR90ZG,Ireland,44.9969,-0.7207,11582.4,228.3,25.06,False,2026-03-11 17:39:14
4cad3d,RYR993X,Ireland,44.6717,10.4906,11582.4,225.44,65.89,False,2026-03-11 17:39:14
3949f8,AFR358P,France,49.028,1.1802,6751.32,198.33,272.97,False,2026-03-11 17:39:14
ae6a32,DUSTY20,United States,49.704,11.8873,426.72,23.7,242.88,False,2026-03-11 17:39:14
4cad9f,EAI57K,Ireland,54.833,-5.2063,4876.8,125.17,207.41,False,2026-03-11 17:39:14
49d12f,OKMIL,Czech Republic,50.1348,14.531,243.84,33.54,228.73,False,2026-03-11 17:39:14
4d21f7,RYR4UM,Malta,36.7414,-4.3235,11582.4,216.05,50.7,False,2026-03-11 17:39:14
4d21ed,RYR354T,Malta,52.9302,-5.6948,3200.4,137.0,342.52,False,2026-03-11 17:39:14
ae34bf,SALTY07,United States,49.4735,10.4194,,42.33,339.36,False,2026-03-11 17:39:14
407cd1,BAW2MW,United Kingdom,53.1238,-1.7915,10294.62,215.0,308.3,False,2026-03-11 17:39:14
4d21fd,RYR94AM,Malta,46.6827,6.2547,10972.8,214.56,318.01,False,2026-03-11 17:39:14
4d21fe,RYR998U,Malta,50.1347,15.8307,11277.6,230.26,96.16,False,2026-03-11 17:39:14
342210,PVG0908,Spain,41.1179,0.5392,11277.6,215.58,260.25,False,2026-03-11 17:39:14
adb41e,N982RW,United States,47.1777,16.923,12192.0,261.34,264.92,False,2026-03-11 17:39:14
4cad7d,EIN718,Ireland,51.4436,-3.026,9441.18,213.51,95.67,False,2026-03-11 17:39:14
4cad86,SAS527,Ireland,51.4655,-0.2132,853.44,87.46,269.66,False,2026-03-11 17:39:14
4083a4,GRESS,United Kingdom,51.6849,0.8859,601.98,61.72,140.07,False,2026-03-11 17:39:14
407cb4,RUK42WM,United Kingdom,44.9711,-5.4232,11887.2,243.18,194.33,False,2026-03-11 17:39:14
407cb2,RUK1AK,United Kingdom,51.9272,0.2985,381.0,69.53,222.9,False,2026-03-11 17:39:14
3d15bb,DEGMD,Germany,52.1363,7.6929,601.98,29.46,204.78,False,2026-03-11 17:39:14
4d21f6,AEZ833J,Malta,45.4465,9.2796,,11.32,174.38,True,2026-03-11 17:39:14
407cb0,RUK18HG,United Kingdom,50.7437,5.0968,11582.4,225.45,304.31,False,2026-03-11 17:39:14
4cad98,SAS64U,Ireland,54.8207,9.2576,11582.4,207.38,223.99,False,2026-03-11 17:39:14
4d21f1,RYR78WH,Malta,43.7338,10.5469,11277.6,241.31,144.11,False,2026-03-11 17:39:14
4d21db,KMM420,Malta,41.7091,10.7622,11582.4,217.35,335.68,False,2026-03-11 17:39:14
4d21dc,KMM3493,Malta,41.6791,12.1312,11292.84,241.84,164.96,False,2026-03-11 17:39:14
45d965,VKG1839,Denmark,44.3422,-3.9729,10965.18,223.57,30.87,False,2026-03-11 17:39:14
4010ea,EZY73VX,United Kingdom,51.1522,-0.1691,,0.0,78.75,True,2026-03-11 17:39:14
45d961,VKG1173,Denmark,46.6923,0.5255,10965.18,234.44,26.73,False,2026-03-11 17:39:14
4010ed,EZY65AK,United Kingdom,44.3321,-3.7044,11277.6,234.61,196.17,False,2026-03-11 17:39:14
4010ec,,United Kingdom,51.1593,-0.1801,,1.54,78.75,True,2026-03-11 17:39:14
4010eb,EZY39RL,United Kingdom,46.9233,1.2649,11894.82,239.09,165.04,False,2026-03-11 17:39:14
4010db,EFW3TW,United Kingdom,46.8422,-4.2436,10668.0,239.26,203.04,False,2026-03-11 17:39:14
48b180,SPMMA,Poland,52.4014,17.1082,83.82,0.51,180.0,False,2026-03-11 17:39:14
4406f0,EJU509L,Austria,44.6209,0.392,8526.78,164.56,329.99,False,2026-03-11 17:39:14
406c80,EXS38Q,United Kingdom,54.6161,-1.7169,3017.52,142.37,10.62,False,2026-03-11 17:39:14
3003ad,DLA3EJ,Italy,48.3553,11.9434,975.36,78.74,263.25,False,2026-03-11 17:39:14
78076d,CCA933,China,49.0273,2.5729,144.78,71.26,265.03,False,2026-03-11 17:39:14
3999e4,PEA302,France,45.737,5.8718,1005.84,67.08,175.6,False,2026-03-11 17:39:14
347187,ORO1041,Spain,41.09,2.4593,5128.26,183.82,116.42,False,2026-03-11 17:39:14
40738a,ETP08,United Kingdom,51.1597,-1.8031,998.22,92.73,59.31,False,2026-03-11 17:39:14
4d2238,RYR76PT,Malta,36.3668,-7.4177,11277.6,247.09,206.46,False,2026-03-11 17:39:14
4cabd1,EIN119,Ireland,53.5284,-6.4247,1798.32,132.04,324.51,False,2026-03-11 17:39:14
4d2235,RYR227P,Malta,53.5001,-2.5583,11574.78,207.64,281.87,False,2026-03-11 17:39:14
3986e5,AFR26BB,France,47.4532,1.815,10180.32,225.7,190.77,False,2026-03-11 17:39:14
3986e7,AFR16JQ,France,47.4207,-0.7726,4351.02,157.24,322.04,False,2026-03-11 17:39:14
4d2232,RYR74SW,Malta,40.8817,-3.9253,10363.2,217.19,26.14,False,2026-03-11 17:39:14
3986e9,AFR35SA,France,52.4464,9.9985,944.88,103.86,311.59,False,2026-03-11 17:39:14
406c20,EGSL,United Kingdom,51.8901,0.7302,670.56,37.86,317.2,False,2026-03-11 17:39:14
4cabe2,EIJAM,Ireland,52.6878,-6.5229,914.4,53.52,305.22,False,2026-03-11 17:39:14
4d2244,RYR8NN,Malta,42.948,-1.0593,10698.48,210.27,248.77,False,2026-03-11 17:39:14
4d2246,RYR9339,Malta,42.5659,-2.7453,10972.8,232.49,41.59,False,2026-03-11 17:39:14
4d223b,RYR881A,Malta,41.4496,-7.8045,6865.62,216.22,87.82,False,2026-03-11 17:39:14
4d222d,RYR34MJ,Malta,52.0035,18.0056,6728.46,196.03,101.04,False,2026-03-11 17:39:14
4d2217,RYR67XR,Malta,47.7683,14.2332,11582.4,223.98,310.72,False,2026-03-11 17:39:14
4d2211,RYR76SP,Malta,39.3203,-4.5636,11277.6,246.53,185.51,False,2026-03-11 17:39:14
485a32,KLM83A,Kingdom of the Netherlands,53.7612,9.8825,800.1,81.9,153.11,False,2026-03-11 17:39:14
4d2219,RYR86FT,Malta,53.7406,-8.0222,7543.8,236.23,96.75,False,2026-03-11 17:39:14
3c088d,CFG7HP,Germany,50.1044,8.8578,1219.2,77.31,249.76,False,2026-03-11 17:39:14
485a33,KLM93B,Kingdom of the Netherlands,52.4555,-1.7465,,8.23,149.06,True,2026-03-11 17:39:14
4d2229,RYR685H,Malta,49.4804,1.9709,10363.2,235.28,39.68,False,2026-03-11 17:39:14
4d2224,RYR26DU,Malta,41.7291,-6.9828,11582.4,212.55,20.1,False,2026-03-11 17:39:14
4d220b,RYR907C,Malta,49.94,0.8797,11277.6,244.06,144.87,False,2026-03-11 17:39:14
4d220c,RYR1JJ,Malta,52.4543,-1.7363,,0.06,239.06,True,2026-03-11 17:39:14
4d2278,CXI49DD,Malta,43.3775,-4.5207,10972.8,214.9,25.83,False,2026-03-11 17:39:14
4d226d,RYR2523,Malta,49.0597,2.7104,11277.6,228.64,199.86,False,2026-03-11 17:39:14
4d226e,RYR30CX,Malta,43.7035,12.8525,10226.04,240.77,125.08,False,2026-03-11 17:39:14
40600d,EZY73RG,United Kingdom,51.3256,-0.228,5425.44,154.42,325.04,False,2026-03-11 17:39:14
4d2274,RYR321U,Malta,36.9833,2.2016,11582.4,219.79,64.93,False,2026-03-11 17:39:14
348447,ECDKC,Spain,41.7136,-0.7722,739.14,47.49,202.95,False,2026-03-11 17:39:14
4d2272,RYR83QP,Malta,44.7279,1.1579,11277.6,217.95,192.26,False,2026-03-11 17:39:14
406016,EZY64KC,United Kingdom,49.7252,2.3218,10972.8,216.25,324.68,False,2026-03-11 17:39:14
406015,EZY48QE,United Kingdom,50.4556,0.1461,11285.22,240.75,140.29,False,2026-03-11 17:39:14
406018,EZY3404,United Kingdom,53.3396,-2.7174,464.82,64.0,265.39,False,2026-03-11 17:39:14
4d2288,RYR822G,Malta,39.0778,12.4998,11887.2,241.17,154.75,False,2026-03-11 17:39:14
4d2289,RYR19EZ,Malta,40.1494,15.2641,10972.8,223.86,7.93,False,2026-03-11 17:39:14
4d227c,RYR5188,Malta,49.9069,-0.0246,11277.6,244.11,163.09,False,2026-03-11 17:39:14
4d227f,RYR32JX,Malta,38.9097,-9.5075,3855.72,158.5,228.29,False,2026-03-11 17:39:14
407f7b,EXS8LB,United Kingdom,46.6318,-9.4841,10058.4,206.81,359.57,False,2026-03-11 17:39:14
406011,EZY35ZV,United Kingdom,42.3369,-7.889,11277.6,249.11,195.33,False,2026-03-11 17:39:14
407f7a,EZY97XU,United Kingdom,51.3231,-1.3229,10157.46,227.06,200.28,False,2026-03-11 17:39:14
4d226f,RYR2KR,Malta,41.1569,6.2419,10972.8,215.87,52.75,False,2026-03-11 17:39:14
4d2280,RYR8YK,Malta,39.5053,2.7299,6614.16,181.93,238.65,False,2026-03-11 17:39:14
3434c9,HRN127,Spain,39.4833,-0.4816,,9.26,180.0,True,2026-03-11 17:39:14
4d2257,RYR96RA,Malta,36.8582,-5.8438,6614.16,196.81,189.78,False,2026-03-11 17:39:14
3c55c2,EWG5T,Germany,50.2761,8.3716,6080.76,172.86,330.0,False,2026-03-11 17:39:14
3c55c1,EWG3EF,Germany,51.8439,7.5208,4831.08,131.58,235.19,False,2026-03-11 17:39:14
4d223f,RYR8843,Malta,54.8724,6.6742,11582.4,219.72,292.0,False,2026-03-11 17:39:14
4d2250,RYR1QP,Malta,53.2325,0.1414,10972.8,218.06,282.4,False,2026-03-11 17:39:14
407f71,BRO62,United Kingdom,51.8177,-1.3246,266.7,48.12,186.14,False,2026-03-11 17:39:14
4d2268,RYR76VW,Malta,53.1619,10.9784,11582.4,215.72,259.28,False,2026-03-11 17:39:14
34840a,AEA26SA,Spain,50.9025,4.4846,,0.06,334.69,True,2026-03-11 17:39:14
3c55c6,EWG7Z,Germany,48.2069,8.5265,7018.02,196.42,217.23,False,2026-03-11 17:39:14
407f66,EZY6583,United Kingdom,40.3212,11.7108,11269.98,233.75,153.89,False,2026-03-11 17:39:14
407f63,EZY64XA,United Kingdom,43.8115,-3.9102,11277.6,240.65,190.47,False,2026-03-11 17:39:14
3c55c9,EWG1ER,Germany,50.878,7.1265,,126.68,247.81,True,2026-03-11 17:39:14
3c55c8,EWG17X,Germany,48.6885,9.1958,,0.0,73.12,True,2026-03-11 17:39:14
4d2262,RYR19CJ,Malta,37.0604,-2.266,10972.8,204.61,33.41,False,2026-03-11 17:39:14
407f60,EZY85CR,United Kingdom,42.6177,19.3643,11582.4,228.83,315.82,False,2026-03-11 17:39:14
493299,NJE996A,Portugal,41.5801,2.5715,13716.0,220.64,232.01,False,2026-03-11 17:39:14
493298,NJE704N,Portugal,50.9006,5.7715,2255.52,154.42,51.22,False,2026-03-11 17:39:14
49328c,NJE245G,Portugal,50.7623,18.3499,13106.4,225.09,40.64,False,2026-03-11 17:39:14
300575,IXPRA,Italy,45.1621,9.1655,1920.24,126.93,175.58,False,2026-03-11 17:39:14
401d8f,GBGGO,United Kingdom,53.0859,-1.1165,701.04,33.44,284.25,False,2026-03-11 17:39:14
4d216e,EWG37HB,Malta,49.6382,6.3718,10988.04,240.34,358.41,False,2026-03-11 17:39:14
4071d9,EZY36XL,United Kingdom,45.1041,0.4948,10370.82,203.62,334.08,False,2026-03-11 17:39:14
348509,VLG97WN,Spain,38.7548,-3.5656,10965.18,212.04,4.31,False,2026-03-11 17:39:14
493282,NJE133Q,Portugal,40.3419,7.352,12496.8,218.62,260.38,False,2026-03-11 17:39:14
493281,NJE892R,Portugal,45.498,12.3371,,0.0,219.38,True,2026-03-11 17:39:14
4b19e6,SWR303C,Switzerland,47.4558,8.5575,396.24,0.0,5.62,True,2026-03-11 17:39:14
407f0d,RUK4ZV,United Kingdom,54.9242,-3.5366,9174.48,255.88,154.52,False,2026-03-11 17:39:14
300557,DLA7AW,Italy,47.5895,9.2358,10576.56,238.58,153.21,False,2026-03-11 17:39:14
300564,DLA3PW,Italy,46.2343,6.1066,,6.43,199.69,True,2026-03-11 17:39:14
4b19fc,SWR5CY,Switzerland,44.7253,5.6335,11277.6,219.57,196.61,False,2026-03-11 17:39:14
4b19ff,SWR9TB,Switzerland,46.9747,13.838,5661.66,200.62,100.04,False,2026-03-11 17:39:14
3f551d,GAF728,Germany,48.3639,11.6714,1630.68,117.29,304.46,False,2026-03-11 17:39:14
48c2ad,RYR9SK,Poland,47.1307,0.779,10972.8,234.53,28.14,False,2026-03-11 17:39:14
48c2ab,RYR452H,Poland,51.4932,0.1281,12192.0,217.9,272.98,False,2026-03-11 17:39:14
48c2b9,RYR9UA,Poland,41.9087,-0.8798,11277.6,223.1,204.38,False,2026-03-11 17:39:14
48c2b7,RYR11TZ,Poland,37.4323,14.6028,9022.08,212.44,185.56,False,2026-03-11 17:39:14
48c2b3,RYR8575,Poland,50.2003,-1.0157,8420.1,189.32,15.28,False,2026-03-11 17:39:14
342398,VLG6RV,Spain,40.863,-0.2237,10401.3,214.24,256.53,False,2026-03-11 17:39:14
400a99,BRO148A,United Kingdom,51.4526,-0.014,7010.4,235.92,114.89,False,2026-03-11 17:39:14
48c2b1,RYR32PQ,Poland,45.1159,12.8347,10972.8,212.83,321.77,False,2026-03-11 17:39:14
3f4e62,GAF110,Germany,53.4203,13.7655,9136.38,197.24,241.83,False,2026-03-11 17:39:14
3c07fc,VJH727,Germany,43.4073,1.7756,10668.0,227.51,170.37,False,2026-03-11 17:39:14
407dc1,HLE98,United Kingdom,53.6557,-1.3971,,0.06,213.75,True,2026-03-11 17:39:14
48c2a6,RYR13KE,Poland,47.324,16.1958,11277.6,239.39,125.47,False,2026-03-11 17:39:14
48c2a7,RYR4QG,Poland,38.2847,-0.5632,,14.4,281.25,True,2026-03-11 17:39:14
48c2a4,RYR7195,Poland,41.4769,-6.875,11277.6,238.19,216.75,False,2026-03-11 17:39:14
48c2a2,RYR34NM,Poland,43.4816,5.9058,11277.6,224.19,239.37,False,2026-03-11 17:39:14
48c2a3,RYR193H,Poland,49.8103,19.5519,3124.2,165.96,194.73,False,2026-03-11 17:39:14
48c2a0,RYR40XB,Poland,36.3056,13.958,6515.1,191.35,325.63,False,2026-03-11 17:39:14
4cac55,RYR303,Ireland,50.5973,6.5948,3337.56,176.0,20.71,False,2026-03-11 17:39:14
4cac56,RYR35XX,Ireland,42.7938,1.9241,8808.72,225.25,171.46,False,2026-03-11 17:39:14
4cac53,RYR33BB,Ireland,50.8564,3.1168,10767.06,253.1,115.78,False,2026-03-11 17:39:14
71be16,AIH796,Republic of Korea,49.9441,8.5878,982.98,107.25,114.97,False,2026-03-11 17:39:14
3e47ba,ECA2SJ,Germany,45.2115,18.9965,11513.82,181.97,302.3,False,2026-03-11 17:39:14
48e8f3,SPHMA,Poland,47.0661,16.2762,548.64,59.17,269.0,False,2026-03-11 17:39:14
4cac20,RYR97QV,Ireland,38.9377,1.1307,10972.8,231.58,111.09,False,2026-03-11 17:39:14
45ab54,FIN95C,Denmark,54.3337,15.5734,12138.66,228.01,213.4,False,2026-03-11 17:39:14
403723,GVCRM,United Kingdom,52.2036,-0.8074,0.0,53.29,192.83,False,2026-03-11 17:39:14
3d5d4b,DFHOT,Germany,50.8714,7.1265,,0.0,104.06,True,2026-03-11 17:39:14
4cac1f,RYR890P,Ireland,39.787,3.8634,11582.4,220.8,65.64,False,2026-03-11 17:39:14
49d020,OKDSH,Czech Republic,48.0277,13.0319,3528.06,79.09,354.4,False,2026-03-11 17:39:14
4b439f,HBZPV,Switzerland,47.5885,9.1356,609.6,1.54,270.0,False,2026-03-11 17:39:14
4cac87,RYR1HW,Ireland,51.2394,-1.0673,7780.02,230.62,201.18,False,2026-03-11 17:39:14
4cac85,RYR271X,Ireland,38.4776,-4.7379,10104.12,248.15,197.12,False,2026-03-11 17:39:14
4cac86,RYR170Y,Ireland,41.1761,1.0038,11277.6,215.16,260.92,False,2026-03-11 17:39:14
401127,AUR209,United Kingdom,49.5634,-2.3785,579.12,66.38,215.54,False,2026-03-11 17:39:14
4cac8e,SAS605,Ireland,48.574,8.6943,7117.08,201.18,190.91,False,2026-03-11 17:39:14
4d20f4,WMT723,Malta,41.0428,14.6028,5539.74,167.91,36.91,False,2026-03-11 17:39:14
3483c1,ECOLT,Spain,37.0594,-7.7406,2697.48,39.1,90.0,False,2026-03-11 17:39:14
4d20e9,VJT480,Malta,43.6077,10.7968,1409.7,108.07,223.65,False,2026-03-11 17:39:14
4cac7f,RYR20JF,Ireland,47.0343,1.9858,11277.6,234.95,193.55,False,2026-03-11 17:39:14
39c428,AFR291,France,47.611,17.835,11582.4,244.47,294.62,False,2026-03-11 17:39:14
4cac66,ABR468,Ireland,50.8457,9.0903,11132.82,208.16,190.39,False,2026-03-11 17:39:14
4cac64,ABR294,Ireland,41.2511,2.528,2057.4,126.92,263.25,False,2026-03-11 17:39:14
4d20b5,AJD18FJ,Malta,41.2313,-2.5235,13716.0,220.02,192.83,False,2026-03-11 17:39:14
39c40f,AIA6413,France,43.9693,-0.25,5783.58,159.21,14.22,False,2026-03-11 17:39:14
407dca,SRD203B,United Kingdom,50.4462,-5.0024,,0.0,194.06,True,2026-03-11 17:39:14
04c11b,KQA164,Kenya,49.1879,2.4526,3208.02,148.91,16.87,False,2026-03-11 17:39:14
45ab21,JTD804,Denmark,51.1833,4.7453,10363.2,207.82,212.16,False,2026-03-11 17:39:14
3d27d2,DENIG,Germany,47.846,9.2792,1203.96,39.18,176.24,False,2026-03-11 17:39:14
40834f,GFLXZ,United Kingdom,51.0395,0.9933,609.6,45.88,197.62,False,2026-03-11 17:39:14
40834d,PIPE65,United Kingdom,50.9795,-2.1728,640.08,56.81,51.99,False,2026-03-11 17:39:14
408354,NEVIS03,United Kingdom,53.8049,-1.5036,1249.68,79.39,161.1,False,2026-03-11 17:39:14
a0abb2,N142SD,United States,46.1868,4.819,822.96,78.36,150.07,False,2026-03-11 17:39:14
398495,CCM30VN,France,48.1111,2.5349,5928.36,200.57,151.0,False,2026-03-11 17:39:14
385182,FBUMC,France,47.7386,-2.0156,579.12,48.45,41.99,False,2026-03-11 17:39:14
4cab80,NOS231,Ireland,42.2599,11.682,3543.3,181.33,117.73,False,2026-03-11 17:39:14
48c12d,RYR626W,Poland,40.2952,6.4255,11582.4,216.89,74.88,False,2026-03-11 17:39:14
48cd80,SJI1,Poland,50.4634,0.6058,4267.2,177.83,57.64,False,2026-03-11 17:39:14
398465,FHBDF,France,44.0422,4.6674,518.16,44.88,241.97,False,2026-03-11 17:39:14
ab96a4,FDX4,United States,51.0954,1.9916,11887.2,269.53,97.02,False,2026-03-11 17:39:14
48c126,RYR49PP,Poland,41.7882,11.102,10972.8,219.28,37.76,False,2026-03-11 17:39:14
48c125,RYR4KX,Poland,45.6152,8.7214,,13.38,168.75,True,2026-03-11 17:39:14
3aabfe,FMY8O51,France,48.735,1.9442,1760.22,79.55,264.81,False,2026-03-11 17:39:14
407c9c,MOG76,United Kingdom,51.2469,5.8118,11277.6,241.57,123.18,False,2026-03-11 17:39:14
60003c,FIE4001,Armenia,46.7144,9.7823,10668.0,241.39,142.45,False,2026-03-11 17:39:14
40836a,GMLLR,United Kingdom,51.6075,0.6226,762.0,50.26,157.11,False,2026-03-11 17:39:14
4691c7,AEE4084,Greece,45.4995,15.5055,4937.76,177.72,320.87,False,2026-03-11 17:39:14
451d8c,ASL51L,Bulgaria,45.065,19.2525,8214.36,203.38,296.44,False,2026-03-11 17:39:14
3c4dd5,DLH8CT,Germany,50.0344,8.5305,,6.43,236.25,True,2026-03-11 17:39:14
3c4dd4,DLH3TT,Germany,50.0358,8.5333,,4.89,250.31,True,2026-03-11 17:39:14
710105,SVA122,Saudi Arabia,51.4448,-0.5518,1059.18,111.37,163.91,False,2026-03-11 17:39:14
4691c4,AEE808,Greece,48.6878,9.1922,,6.17,73.12,True,2026-03-11 17:39:14
4cc4c5,ABD3162,Iceland,48.1395,14.3001,10363.2,237.0,299.24,False,2026-03-11 17:39:14
4caaa7,ITY414,Ireland,45.5131,9.2494,990.6,125.31,340.08,False,2026-03-11 17:39:14
4d2124,HAT5151,Malta,40.8419,-2.9407,6217.92,200.82,77.42,False,2026-03-11 17:39:14
440484,EJU95GD,Austria,45.0011,9.3296,11582.4,215.35,45.19,False,2026-03-11 17:39:14
4d210f,VJT630,Malta,36.274,-5.9003,10172.7,209.79,57.52,False,2026-03-11 17:39:14
3c4dce,DLH06M,Germany,50.0354,8.5383,,6.43,247.5,True,2026-03-11 17:39:14
4d210d,VJT617,Malta,38.4405,-2.4058,11582.4,220.3,70.63,False,2026-03-11 17:39:14
44047d,EJU16LZ,Austria,48.7414,2.4779,403.86,71.65,254.17,False,2026-03-11 17:39:14
3ca4ae,DCS402,Germany,43.076,0.2959,12192.0,232.64,52.55,False,2026-03-11 17:39:14
490732,RVP254,Portugal,39.0217,-7.8368,708.66,40.65,178.55,False,2026-03-11 17:39:14
710119,SVA9614,Saudi Arabia,47.5826,12.3501,7048.5,229.93,151.83,False,2026-03-11 17:39:14
3444c8,VOE50NN,Spain,44.8285,-0.7051,,6.17,106.88,True,2026-03-11 17:39:14
3444c9,VLG8TZ,Spain,42.6144,-5.0465,10058.4,204.17,278.99,False,2026-03-11 17:39:14
710121,SVA113,Saudi Arabia,50.7895,0.9242,6781.8,193.97,311.13,False,2026-03-11 17:39:14
600bc4,AHY600,Azerbaijan,51.915,1.9552,5516.88,162.22,291.19,False,2026-03-11 17:39:14
440461,OEANZ,Austria,47.9311,14.009,1127.76,45.84,225.91,False,2026-03-11 17:39:14
30015b,IRVRP,Italy,42.9807,10.3094,9144.0,170.85,327.79,False,2026-03-11 17:39:14
408303,GCNAX,United Kingdom,51.8944,-2.1628,15.24,26.93,263.42,False,2026-03-11 17:39:14
4d211f,9HGMF,Malta,38.9081,-8.3494,510.54,62.96,136.66,False,2026-03-11 17:39:14
4847a9,PHAEE,Kingdom of the Netherlands,40.3783,-3.9425,845.82,58.12,10.71,False,2026-03-11 17:39:14
44046d,EJU57CZ,Austria,43.1547,11.6129,11277.6,228.01,127.21,False,2026-03-11 17:39:14
3c4dc6,DLH1JA,Germany,51.0075,8.2619,7315.2,224.9,327.33,False,2026-03-11 17:39:14
3c4dc3,DLH3HR,Germany,48.3608,11.7932,,9.26,174.38,True,2026-03-11 17:39:14
3c4dc7,DLH9CL,Germany,50.0299,9.584,6850.38,206.93,55.12,False,2026-03-11 17:39:14
440469,EJU81QB,Austria,49.6239,4.5416,7574.28,169.7,237.76,False,2026-03-11 17:39:14
4046b6,GUANT,United Kingdom,53.8335,-3.0553,762.0,39.0,278.34,False,2026-03-11 17:39:14
3c54a5,EWG77F,Germany,51.2357,6.9232,2179.32,151.01,54.85,False,2026-03-11 17:39:14
3c4dc2,DLH4ER,Germany,48.4937,11.3914,3352.8,170.08,127.01,False,2026-03-11 17:39:14
440418,JVW739,Austria,46.3154,-2.4577,13106.4,210.37,41.13,False,2026-03-11 17:39:14
a134bf,N177SA,United States,51.8258,0.5853,670.56,62.87,216.68,False,2026-03-11 17:39:14
4081bc,BAW834,United Kingdom,53.4322,-6.1906,304.8,64.55,275.03,False,2026-03-11 17:39:14
4081bd,BAW560F,United Kingdom,50.6771,3.3384,11811.0,244.34,115.97,False,2026-03-11 17:39:14
4081bb,BAW33A,United Kingdom,51.0463,0.473,4389.12,158.98,314.34,False,2026-03-11 17:39:14
4b18b9,EDW289K,Switzerland,45.1137,4.4419,10972.8,244.68,58.15,False,2026-03-11 17:39:14
4081c0,BAW899,United Kingdom,51.6495,0.5348,3741.42,141.49,269.17,False,2026-03-11 17:39:14
39d2b1,AFR52X,France,49.0268,-1.69,11582.4,236.29,272.12,False,2026-03-11 17:39:14
39d2b3,AFR267,France,49.694,6.4262,12192.0,236.35,263.0,False,2026-03-11 17:39:14
4d207e,VJT720,Malta,47.195,7.6799,13716.0,251.77,147.77,False,2026-03-11 17:39:14
407ad4,GRAZE,United Kingdom,51.6301,-1.9403,571.5,63.88,149.51,False,2026-03-11 17:39:14
4d2081,EWG79P,Malta,44.7795,5.8246,11887.2,222.07,197.81,False,2026-03-11 17:39:14
3875ff,LA1,France,45.7232,5.0834,,3.6,120.94,True,2026-03-11 17:39:14
4d2085,EWG24G,Malta,50.0596,12.0893,9570.72,237.16,180.37,False,2026-03-11 17:39:14
342091,IBE0681,Spain,42.0885,4.8045,10980.42,231.86,49.95,False,2026-03-11 17:39:14
342090,IBS1759,Spain,38.1567,-5.4841,5341.62,225.82,220.66,False,2026-03-11 17:39:14
401a35,GBASJ,United Kingdom,52.5322,-2.6454,1097.28,49.85,136.25,False,2026-03-11 17:39:14
4081a9,EXS7D,United Kingdom,45.234,15.9707,10972.8,225.76,306.01,False,2026-03-11 17:39:14
3dfa5c,EDL7,Germany,48.2585,11.6954,762.0,63.13,17.55,False,2026-03-11 17:39:14
4b18bb,EDW232,Switzerland,37.6213,-6.5051,10980.42,220.0,50.5,False,2026-03-11 17:39:14
39d2a5,AFR198,France,46.0361,16.5985,11277.6,254.7,106.79,False,2026-03-11 17:39:14
39d2a6,AFR92U,France,45.7533,-9.9569,11887.2,225.33,252.19,False,2026-03-11 17:39:14
4d2067,WZZ86CK,Malta,52.1407,7.8736,10965.18,213.58,268.34,False,2026-03-11 17:39:14
39d2a4,AFR199,France,49.6772,6.7434,12192.0,235.83,265.5,False,2026-03-11 17:39:14
4081fd,UFX31,United Kingdom,53.7637,0.0844,853.44,60.8,222.6,False,2026-03-11 17:39:14
4b18f2,EDW371,Switzerland,47.3216,12.6113,11582.4,214.74,298.16,False,2026-03-11 17:39:14
4b18f3,EDW301P,Switzerland,51.4923,-0.7726,11277.6,237.69,152.55,False,2026-03-11 17:39:14
342059,FIN08PL,Spain,54.5821,9.6995,10363.2,205.24,221.24,False,2026-03-11 17:39:14
4d208a,VJT754,Malta,40.4556,-3.5748,,3.6,312.19,True,2026-03-11 17:39:14
01018d,LMU9991,Egypt,49.4741,9.1143,11277.6,241.37,113.89,False,2026-03-11 17:39:14
4b18fe,EDW65V,Switzerland,47.3678,13.6337,11582.4,234.17,280.89,False,2026-03-11 17:39:14
344696,VLG8JE,Spain,45.4341,-2.9527,10668.0,233.78,185.94,False,2026-03-11 17:39:14
344699,VLG1XK,Spain,41.3842,2.3384,868.68,111.8,253.15,False,2026-03-11 17:39:14
344695,VLG28U,Spain,39.0067,1.2023,3688.08,190.03,2.64,False,2026-03-11 17:39:14
392da3,TJT77JD,France,44.1447,1.3231,7010.4,131.43,222.62,False,2026-03-11 17:39:14
4402f1,EJU62JK,Austria,44.2417,7.1447,6858.0,209.74,170.4,False,2026-03-11 17:39:14
4402f0,EJU39AY,Austria,36.6579,-7.714,11277.6,249.08,181.54,False,2026-03-11 17:39:14
392daa,TJT37DR,France,44.6368,0.704,6096.0,106.79,331.83,False,2026-03-11 17:39:14
a2915f,N2648X,United States,49.2029,3.6278,3360.42,133.55,236.31,False,2026-03-11 17:39:14
71bf71,AAR521,Republic of Korea,49.0837,12.4276,11582.4,236.26,294.17,False,2026-03-11 17:39:14
40829a,VIP01,United Kingdom,53.8062,-1.2026,2743.2,101.65,301.76,False,2026-03-11 17:39:14
a84ab1,UPS3,United States,51.1763,8.1357,4587.24,193.31,258.33,False,2026-03-11 17:39:14
a16a98,N1900W,United States,54.8043,2.6357,11910.06,250.87,302.78,False,2026-03-11 17:39:14
504e61,HYS244,Republic of Moldova,53.2522,-1.9703,11887.2,256.02,100.07,False,2026-03-11 17:39:14
3d13c5,DEFSV,Germany,48.6037,12.6495,1333.5,59.09,49.24,False,2026-03-11 17:39:14
344648,IBE06MT,Spain,41.1911,-1.6991,8991.6,241.28,83.51,False,2026-03-11 17:39:14
344644,VLG1LH,Spain,40.0824,0.323,9761.22,239.8,226.48,False,2026-03-11 17:39:14
401a01,GBAKW,United Kingdom,51.2335,-0.0405,297.18,51.3,201.16,False,2026-03-11 17:39:14
4402b9,EJU62MZ,Austria,47.3551,15.2853,10988.04,229.11,189.69,False,2026-03-11 17:39:14
46b8ad,AEE604,Greece,47.641,6.6582,11567.16,219.28,285.37,False,2026-03-11 17:39:14
4402e8,EJU9,Austria,51.1324,13.7653,,27.27,222.19,True,2026-03-11 17:39:14
4402d4,OEKAA,Austria,47.7828,13.0105,457.2,44.8,338.44,False,2026-03-11 17:39:14
4b1939,CSW630,Switzerland,47.4888,8.4915,2552.7,126.27,104.15,False,2026-03-11 17:39:14
4b191f,SWR41G,Switzerland,50.4574,-8.7767,10668.0,277.27,102.1,False,2026-03-11 17:39:14
407d90,RRR1307,United Kingdom,53.1813,-0.9602,5204.46,145.1,353.08,False,2026-03-11 17:39:14
407d97,UFX61,United Kingdom,53.7723,0.8381,853.44,50.28,262.95,False,2026-03-11 17:39:14
401add,GBBKB,United Kingdom,53.4949,-0.96,914.4,19.33,295.2,False,2026-03-11 17:39:14
398579,AFR62VD,France,40.5711,-0.0643,7254.24,189.58,206.08,False,2026-03-11 17:39:14
4caa5c,RYR944E,Ireland,44.1494,-7.3991,11582.4,221.09,26.39,False,2026-03-11 17:39:14
406a3e,BAW77B,United Kingdom,51.6351,0.1567,3284.22,122.24,232.7,False,2026-03-11 17:39:14
4caa5a,RYR65ZU,Ireland,37.8864,-4.7389,10972.8,224.55,72.81,False,2026-03-11 17:39:14
06a139,QTR18N,Qatar,49.3563,15.8689,10363.2,236.98,329.04,False,2026-03-11 17:39:14
4caa60,RYR62DM,Ireland,44.1487,-4.0992,10972.8,219.49,23.92,False,2026-03-11 17:39:14
39856d,KLM44T,France,48.3638,0.0954,10233.66,226.16,38.72,False,2026-03-11 17:39:14
4caa61,RYR4819,Ireland,43.126,1.8611,10805.16,215.64,171.91,False,2026-03-11 17:39:14
4b193a,ENT2621,Switzerland,48.627,9.7209,5295.9,190.55,107.11,False,2026-03-11 17:39:14
3e31d8,,Germany,46.2305,6.0978,426.72,68.07,227.14,False,2026-03-11 17:39:14
407d5b,WUK91BL,United Kingdom,48.3333,14.1137,10980.42,222.54,297.99,False,2026-03-11 17:39:14
4b1942,CSW2KP,Switzerland,47.4566,8.5554,,5.14,95.62,True,2026-03-11 17:39:14
3dd799,PBW16,Germany,48.4536,9.0312,777.24,50.93,203.2,False,2026-03-11 17:39:14
06a149,QTR65C,Qatar,45.0816,16.6052,12192.0,247.41,328.26,False,2026-03-11 17:39:14
06a140,,Qatar,50.9021,4.4588,,1.54,244.69,True,2026-03-11 17:39:14
48e89e,BNI3MJ,Poland,51.5222,19.5919,571.5,53.41,352.81,False,2026-03-11 17:39:14
48c241,SPRTB,Poland,49.9628,19.6461,563.88,39.1,270.0,False,2026-03-11 17:39:14
40717c,EXS71AS,United Kingdom,46.5598,13.3122,11582.4,215.04,304.37,False,2026-03-11 17:39:14
40717d,EXS29Y,United Kingdom,48.7337,-2.0044,10972.8,231.58,34.04,False,2026-03-11 17:39:14
40717a,EXS34NR,United Kingdom,48.3702,-1.7425,10972.8,214.77,8.4,False,2026-03-11 17:39:14
a0a0c1,N14EF,United States,52.8209,-2.7341,426.72,59.15,49.94,False,2026-03-11 17:39:14
71bf82,KAL927,Republic of Korea,45.5904,8.7339,312.42,78.6,349.06,False,2026-03-11 17:39:14
48c232,RYR5DV,Poland,44.0129,5.1041,5836.92,218.18,167.47,False,2026-03-11 17:39:14
48c233,RYR31ZM,Poland,46.8345,15.1203,10660.38,233.36,191.19,False,2026-03-11 17:39:14
3dd732,RDF9,Germany,48.69,11.548,434.34,12.9,66.5,False,2026-03-11 17:39:14
406a92,EZY57RY,United Kingdom,41.4337,-3.638,7406.64,198.73,357.77,False,2026-03-11 17:39:14
4b194a,SWR262C,Switzerland,42.0558,-1.0269,10972.8,228.76,39.53,False,2026-03-11 17:39:14
4b194d,SWR2BV,Switzerland,52.2986,4.7538,,9.77,59.06,True,2026-03-11 17:39:14
407179,EXS4TP,United Kingdom,39.5636,-9.558,10972.8,208.1,17.4,False,2026-03-11 17:39:14
48c225,RYR7AE,Poland,43.8996,15.1333,11277.6,237.51,202.68,False,2026-03-11 17:39:14
48c226,RYR77LT,Poland,45.9791,10.7062,11277.6,238.06,231.67,False,2026-03-11 17:39:14
47a22c,NOZ1CE,Norway,48.4785,1.4639,11582.4,238.81,26.62,False,2026-03-11 17:39:14
34824f,DNC61LK,Spain,36.7508,-4.1077,541.02,35.56,194.24,False,2026-03-11 17:39:14
34824d,FBY83E,Spain,42.2215,-3.6184,1447.8,49.16,76.69,False,2026-03-11 17:39:14
3c66c3,DLH4J,Germany,54.9085,3.0363,11582.4,239.85,311.35,False,2026-03-11 17:39:14
3c66ba,OCN12D,Germany,49.6583,9.7622,5181.6,179.86,307.33,False,2026-03-11 17:39:14
3c66e4,OCN313,Germany,43.919,1.837,10957.56,240.25,53.62,False,2026-03-11 17:39:14
3c66e1,DLH6JH,Germany,52.2501,13.8534,2103.12,136.33,36.87,False,2026-03-11 17:39:14
48e83d,SPGIT,Poland,52.92,17.1834,617.22,53.38,79.45,False,2026-03-11 17:39:14
451e8c,GPX6NY,Bulgaria,43.2548,18.8227,10363.2,229.23,313.73,False,2026-03-11 17:39:14
3c66e6,OCN7R,Germany,44.0005,1.9907,10355.58,253.22,53.76,False,2026-03-11 17:39:14
3c66e9,OCN3EV,Germany,51.1092,9.7517,6842.76,197.72,204.76,False,2026-03-11 17:39:14
4692d7,,Greece,50.0448,8.5648,,0.9,160.31,True,2026-03-11 17:39:14
780926,B8255,China,52.6757,6.9131,12496.8,253.01,48.79,False,2026-03-11 17:39:14
392403,FGJAD,France,48.1235,7.1235,4998.72,94.3,202.79,False,2026-03-11 17:39:14
348213,IBB3RE,Spain,36.7413,-7.0952,11277.6,240.75,219.71,False,2026-03-11 17:39:14
39244d,FGJCN,France,48.4575,1.4975,243.84,28.85,273.07,False,2026-03-11 17:39:14
44056b,EJU13XV,Austria,53.7381,-0.3993,8237.22,214.2,116.07,False,2026-03-11 17:39:14
348203,VLG8PP,Spain,37.4218,-5.8998,,2.06,315.0,True,2026-03-11 17:39:14
348204,VLG29AZ,Spain,38.2845,-0.5617,,0.0,281.25,True,2026-03-11 17:39:14
4d203c,FJO68N,Malta,41.8417,3.6835,9144.0,244.61,66.18,False,2026-03-11 17:39:14
440570,PEV106,Austria,47.4842,9.5686,,9.26,98.44,True,2026-03-11 17:39:14
407d44,WUK5G,United Kingdom,46.3719,18.1334,10972.8,226.26,309.37,False,2026-03-11 17:39:14
4d202d,SWU1919,Malta,41.6597,12.1725,2659.38,108.16,177.27,False,2026-03-11 17:39:14
3c66b1,OCN2B,Germany,45.533,-0.3474,10972.8,229.38,26.51,False,2026-03-11 17:39:14
3c66a2,DLH8EL,Germany,50.0807,19.5434,2301.24,138.47,277.26,False,2026-03-11 17:39:14
406a02,BAW983,United Kingdom,51.8964,3.6157,11590.02,216.68,264.14,False,2026-03-11 17:39:14
3c66a9,DLH6LL,Germany,42.9645,12.0572,5295.9,213.57,172.94,False,2026-03-11 17:39:14
3c66ad,DLH1687,Germany,48.1495,12.8613,3962.4,152.76,296.39,False,2026-03-11 17:39:14
3c66ac,DLH16E,Germany,43.9802,1.8597,4038.6,149.09,200.19,False,2026-03-11 17:39:14
3c66ab,DLH4TV,Germany,50.2186,11.402,9448.8,214.31,160.22,False,2026-03-11 17:39:14
3c66ae,DLH1HN,Germany,42.3138,12.1994,2773.68,153.89,181.72,False,2026-03-11 17:39:14
4d200c,WZZ6TP,Malta,49.6912,9.6607,11292.84,235.42,133.67,False,2026-03-11 17:39:14
3c66b6,OCN4L,Germany,36.5977,-7.8682,10972.8,215.75,41.52,False,2026-03-11 17:39:14
4d2020,WZZ13YU,Malta,40.7318,-2.1327,6019.8,177.57,249.83,False,2026-03-11 17:39:14
407bee,ETP115,United Kingdom,51.1696,-1.9556,274.32,35.7,306.21,False,2026-03-11 17:39:14
4082cb,TOM8034,United Kingdom,52.6517,-1.2311,6377.94,170.67,316.59,False,2026-03-11 17:39:14
407bde,EAG44H,United Kingdom,52.6519,-2.1057,2903.22,148.08,144.05,False,2026-03-11 17:39:14
300371,LSA203,Italy,49.554,6.3371,9631.68,217.25,156.41,False,2026-03-11 17:39:14
407bdd,EAG76L,United Kingdom,53.7304,-4.1124,5181.6,164.2,103.78,False,2026-03-11 17:39:14
4082ad,AOS51,United Kingdom,51.9026,-2.2022,342.9,46.35,357.46,False,2026-03-11 17:39:14
402236,GLFIX,United Kingdom,52.3046,-0.7931,289.56,102.01,204.11,False,2026-03-11 17:39:14
4082b5,,United Kingdom,53.9494,0.6035,129.54,17.05,264.81,False,2026-03-11 17:39:14
342188,IBS15NM,Spain,40.4618,-3.5526,518.16,72.96,322.16,False,2026-03-11 17:39:14
401b9a,GBCRL,United Kingdom,53.2403,-0.8306,883.92,54.1,356.73,False,2026-03-11 17:39:14
4b17de,SWR7EB,Switzerland,47.454,8.5612,,0.0,185.62,True,2026-03-11 17:39:14
4b17df,SWR850,Switzerland,47.456,8.5554,388.62,0.0,5.62,True,2026-03-11 17:39:14
48e6d7,BNI8TP,Poland,51.7139,19.4481,464.82,40.77,349.82,False,2026-03-11 17:39:14
4b17e2,SWR448G,Switzerland,47.0259,4.6588,9486.9,218.99,134.81,False,2026-03-11 17:39:14
4b17e6,SWR2GX,Switzerland,42.3746,-2.5914,11582.4,234.95,66.24,False,2026-03-11 17:39:14
7da3de,ANE2392,Australia,39.3277,-0.3434,2987.04,135.91,246.35,False,2026-03-11 17:39:14
4b17fb,SWR9AM,Switzerland,52.2988,9.9806,10447.02,239.69,9.89,False,2026-03-11 17:39:14
4b17fd,SWR465K,Switzerland,44.4302,2.1786,11277.6,218.05,234.02,False,2026-03-11 17:39:14
4403ff,LOD51V,Austria,48.1168,16.5583,,15.43,292.5,True,2026-03-11 17:39:14
88516d,THA922,Thailand,47.7761,15.9783,10972.8,238.64,291.37,False,2026-03-11 17:39:14
4a81f4,SVF675,Sweden,52.9415,2.1919,7620.0,134.64,49.49,False,2026-03-11 17:39:14
484966,KLM91X,Kingdom of the Netherlands,51.9432,5.4717,7444.74,183.0,136.03,False,2026-03-11 17:39:14
4acaaf,SAS827,Sweden,53.3539,6.6047,7795.26,162.05,216.87,False,2026-03-11 17:39:14
39982e,FHGBO,France,47.4797,0.0439,1158.24,50.35,7.63,False,2026-03-11 17:39:14
458667,CAT513,Denmark,48.1322,8.9215,11582.4,226.51,11.79,False,2026-03-11 17:39:14
44b661,OOMSA,Belgium,50.6538,1.514,899.16,54.02,180.55,False,2026-03-11 17:39:14
398560,KLM24F,France,44.9717,1.0589,9372.6,209.87,353.1,False,2026-03-11 17:39:14
342107,FIN01AD,Spain,51.9457,13.1641,10363.2,230.62,214.82,False,2026-03-11 17:39:14
342105,IBS16WB,Spain,40.1595,-2.4048,4693.92,173.56,280.24,False,2026-03-11 17:39:14
342104,IBS1532,Spain,40.4707,-3.5616,487.68,56.49,322.4,False,2026-03-11 17:39:14
398564,AFR12TZ,France,48.831,3.3524,1844.04,128.81,316.29,False,2026-03-11 17:39:14
4403bf,OEKKB,Austria,48.1809,13.702,1798.32,79.55,251.92,False,2026-03-11 17:39:14
4caa58,RYR31RM,Ireland,44.2152,1.7062,11887.2,234.85,171.94,False,2026-03-11 17:39:14
4caa53,EAI26K,Ireland,54.2665,-5.8714,4572.0,140.36,25.63,False,2026-03-11 17:39:14
3ce078,LUA470T,Germany,53.6987,9.9365,373.38,66.04,152.64,False,2026-03-11 17:39:14
398570,AFR1100,France,46.4701,1.0692,10668.0,219.21,208.91,False,2026-03-11 17:39:14
39bb20,AFR48LF,France,40.5069,-4.0079,10972.8,209.88,25.25,False,2026-03-11 17:39:14
39bb22,AFR31CR,France,50.9558,3.4905,7802.88,232.29,20.48,False,2026-03-11 17:39:14
