icao24,callsign,origin_country,latitude,longitude,altitude,velocity,heading,on_ground,timestamp
a21b74,TWY235,United States,40.7774,-73.8805,,0.0,120.94,True,2026-03-11 17:43:53
aa8c39,UAL1119,United States,25.3002,-96.3685,11887.2,261.85,124.6,False,2026-03-11 17:43:53
aa3cbe,N759PA,United States,40.7878,-112.9212,2438.4,60.2,270.98,False,2026-03-11 17:43:53
a7b08d,LXJ595,United States,40.3573,-89.9602,13098.78,186.75,258.72,False,2026-03-11 17:43:53
a2e5ec,SKW3884,United States,40.1989,-91.3512,7620.0,198.54,157.29,False,2026-03-11 17:43:53
ade191,DAL2007,United States,44.1759,-84.2447,7620.0,253.2,86.04,False,2026-03-11 17:43:53
a665b9,LXJ511,United States,39.0611,-75.3903,13106.4,211.37,220.16,False,2026-03-11 17:43:53
a305fd,SKW3675,United States,42.8654,-112.6328,10668.0,277.92,116.85,False,2026-03-11 17:43:53
a65ebc,N5097R,United States,35.9356,-76.4852,1005.84,71.52,91.24,False,2026-03-11 17:43:53
aa56d4,UAL2227,United States,29.6262,-94.4635,3467.1,151.38,303.64,False,2026-03-11 17:43:53
aa56d5,UAL217,United States,38.4675,-109.5604,9753.6,189.32,269.69,False,2026-03-11 17:43:53
a0e279,N156WM,United States,26.3299,-80.778,1203.96,58.12,79.29,False,2026-03-11 17:43:53
a5820e,N454MC,United States,31.9014,-82.2465,2377.44,72.68,176.35,False,2026-03-11 17:43:53
a4b20f,N401TP,United States,33.4762,-112.7953,1112.52,89.51,67.71,False,2026-03-11 17:43:53
aa3cc2,N759PE,United States,33.6958,-112.0381,716.28,48.91,75.38,False,2026-03-11 17:43:53
acdfa6,AAL2273,United States,25.5681,-79.6341,4907.28,199.48,115.84,False,2026-03-11 17:43:53
a33b52,N307WL,United States,28.5739,-82.6382,1158.24,92.05,55.24,False,2026-03-11 17:43:53
ac4963,DAL1357,United States,28.9173,-81.1759,10668.0,222.62,340.14,False,2026-03-11 17:43:53
aae316,AAL1013,United States,27.8191,-97.5264,10972.8,208.35,179.86,False,2026-03-11 17:43:53
ac1c0e,N88FW,United States,28.7631,-87.7006,10972.8,170.1,298.35,False,2026-03-11 17:43:53
a282e5,MXY516,United States,35.7433,-103.3488,10972.8,207.58,267.16,False,2026-03-11 17:43:53
a36898,DAL2852,United States,39.9706,-84.7116,8496.3,240.22,23.88,False,2026-03-11 17:43:53
acdfa3,ASA772,United States,44.961,-101.6574,10363.2,195.71,288.86,False,2026-03-11 17:43:53
a1c5f3,N213PG,United States,38.5186,-78.8802,2446.02,66.26,238.65,False,2026-03-11 17:43:53
abc6bd,N858TD,United States,36.3344,-114.9594,1661.16,77.93,227.68,False,2026-03-11 17:43:53
abacb6,SCX745,United States,33.3253,-84.1678,10668.0,246.57,144.25,False,2026-03-11 17:43:53
aae327,N800PE,United States,36.4982,-99.3698,11887.2,239.81,91.48,False,2026-03-11 17:43:53
a57b3f,WUP452,United States,27.5412,-82.4398,1463.04,110.76,215.17,False,2026-03-11 17:43:53
ab63bc,N833CL,United States,41.2649,-103.4955,12192.0,183.22,276.29,False,2026-03-11 17:43:53
a21b44,MXY784,United States,37.9223,-81.7604,7924.8,236.99,11.14,False,2026-03-11 17:43:53
a41ecb,N3649R,United States,37.8999,-121.9634,2156.46,66.79,139.69,False,2026-03-11 17:43:53
aa8c10,SKW445W,United States,40.6634,-86.0786,6164.58,240.57,4.78,False,2026-03-11 17:43:53
aa56b5,UAL2153,United States,37.618,-122.3832,,1.54,163.12,True,2026-03-11 17:43:53
a09273,N136KY,United States,42.7175,-71.804,670.56,66.6,336.8,False,2026-03-11 17:43:53
a46e40,DAL2564,United States,34.2742,-78.9826,9753.6,216.92,214.86,False,2026-03-11 17:43:53
aa56b8,UAL2318,United States,39.5758,-119.9424,11582.4,211.48,349.35,False,2026-03-11 17:43:53
a1d8fd,UAL1149,United States,44.8529,-95.0961,10668.0,293.34,75.89,False,2026-03-11 17:43:53
ad5623,AAL3219,United States,34.7296,-108.8654,11277.6,240.09,65.3,False,2026-03-11 17:43:53
aa56b4,UAL2190,United States,36.4112,-89.7724,10972.8,183.55,252.89,False,2026-03-11 17:43:53
aa56b3,UAL3935,United States,34.628,-97.2953,9890.76,208.44,191.53,False,2026-03-11 17:43:53
a6c8cd,VJA536,United States,28.5069,-81.2267,13159.74,230.34,351.65,False,2026-03-11 17:43:53
ad5628,DAL2620,United States,33.7283,-84.5862,1790.7,149.42,356.84,False,2026-03-11 17:43:53
a22248,N2368P,United States,29.0353,-80.8885,213.36,18.92,157.62,False,2026-03-11 17:43:53
acf9d2,N935SF,United States,38.2399,-108.2225,3825.24,121.5,187.79,False,2026-03-11 17:43:53
c02dab,HYD331,Canada,46.532,-71.6573,4229.1,99.99,229.59,False,2026-03-11 17:43:53
acdfab,DAL2463,United States,38.5278,-88.3198,9448.8,232.54,143.64,False,2026-03-11 17:43:53
ac83aa,N905VR,United States,36.3982,-87.8921,13106.4,216.59,245.14,False,2026-03-11 17:43:53
a0e250,AAL1955,United States,33.0963,-80.5847,10020.3,241.99,28.85,False,2026-03-11 17:43:53
acf9cf,SCA35,United States,33.0315,-111.736,1303.02,45.94,304.05,False,2026-03-11 17:43:53
a2ded8,SWA256,United States,33.6319,-84.4191,259.08,68.42,270.43,False,2026-03-11 17:43:53
ac2f5a,SWA3372,United States,42.3835,-92.5473,10972.8,191.01,287.56,False,2026-03-11 17:43:53
ae26a1,C6575,United States,39.105,-74.7938,906.78,58.7,92.51,False,2026-03-11 17:43:53
a46e39,N385DS,United States,27.5963,-82.4299,457.2,37.04,142.33,False,2026-03-11 17:43:53
ab63d7,DAL2074,United States,44.3671,-94.2537,7635.24,189.84,233.6,False,2026-03-11 17:43:53
ab166d,N813VS,United States,27.7823,-82.2247,701.04,64.39,194.81,False,2026-03-11 17:43:53
aa69e0,JRE770,United States,34.1102,-79.2125,9144.0,179.18,265.06,False,2026-03-11 17:43:53
a34215,EDV5098,United States,43.086,-77.9632,8023.86,245.95,113.03,False,2026-03-11 17:43:53
ab5cf4,N831KB,United States,38.7604,-93.1153,10553.7,232.05,93.94,False,2026-03-11 17:43:53
a2355d,SKW3814,United States,37.6155,-122.3821,,0.0,222.19,True,2026-03-11 17:43:53
ac83b4,N905WA,United States,25.9982,-80.268,121.92,28.92,84.9,False,2026-03-11 17:43:53
ac2f83,SWA472,United States,28.4319,-81.298,,13.38,0.0,True,2026-03-11 17:43:53
ac498d,PCM8704,United States,34.0608,-117.5385,419.1,64.1,198.73,False,2026-03-11 17:43:53
adeca5,AAL3065,United States,28.8146,-96.5511,10378.44,205.4,283.03,False,2026-03-11 17:43:53
a34280,CXK685,United States,29.207,-98.4197,1074.42,53.2,341.39,False,2026-03-11 17:43:53
ac232e,N881ST,United States,30.1792,-97.6578,,3.6,90.0,True,2026-03-11 17:43:53
a76086,N5746Y,United States,29.1067,-80.8175,624.84,63.95,278.33,False,2026-03-11 17:43:53
a2d2fc,BPX281,United States,25.9986,-80.2536,45.72,34.05,94.33,False,2026-03-11 17:43:53
aaef89,AAL3193,United States,39.9243,-104.218,8534.4,169.88,289.64,False,2026-03-11 17:43:53
a47597,DAL1398,United States,40.2338,-75.5422,10363.2,214.86,230.44,False,2026-03-11 17:43:53
a6f0fd,N5463F,United States,38.5574,-78.4299,2156.46,81.64,138.58,False,2026-03-11 17:43:53
ad564c,N959CD,United States,26.9848,-79.448,2377.44,92.02,310.01,False,2026-03-11 17:43:53
ab034d,AAL1787,United States,35.8407,-101.8057,12496.8,228.15,263.92,False,2026-03-11 17:43:53
ad3c1f,ASA1495,United States,34.754,-112.3262,10668.0,250.19,68.02,False,2026-03-11 17:43:53
a8e36a,N672CT,United States,31.184,-98.1416,1089.66,52.89,37.09,False,2026-03-11 17:43:53
a7b057,DAL514,United States,37.0304,-100.5268,9745.98,203.38,256.24,False,2026-03-11 17:43:53
a17711,N194AK,United States,38.6422,-104.304,4015.74,90.75,145.86,False,2026-03-11 17:43:53
ad5647,N959BZ,United States,35.215,-112.3975,8839.2,227.17,170.88,False,2026-03-11 17:43:53
a2d2eb,ENY3587,United States,25.8346,-80.3714,350.52,73.0,119.09,False,2026-03-11 17:43:53
abf008,SWA3975,United States,43.9792,-89.9273,9753.6,209.67,305.21,False,2026-03-11 17:43:53
abb3be,DAL934,United States,42.3932,-83.0205,11887.2,282.91,93.34,False,2026-03-11 17:43:53
acdfcf,N929CD,United States,39.9088,-105.1135,,10.8,123.75,True,2026-03-11 17:43:53
ae1fcf,72192,United States,35.2175,-78.9319,358.14,60.05,350.13,False,2026-03-11 17:43:53
a46e8d,ASA819,United States,36.9322,-125.5032,12192.0,216.57,248.25,False,2026-03-11 17:43:53
aa0938,N746E,United States,41.5972,-81.4361,670.56,51.78,229.03,False,2026-03-11 17:43:53
ac83d5,EDV5442,United States,33.512,-83.6218,4518.66,224.71,80.65,False,2026-03-11 17:43:53
a58e1e,SWA2734,United States,29.695,-81.7106,12496.8,233.7,8.74,False,2026-03-11 17:43:53
a2d2f2,AAY910,United States,43.1268,-77.6669,,0.0,129.38,True,2026-03-11 17:43:53
ac1c76,TWY188,United States,38.0866,-113.0265,13716.0,285.56,107.29,False,2026-03-11 17:43:53
a1b2ee,JBU623,United States,35.2503,-104.6931,10363.2,220.43,263.84,False,2026-03-11 17:43:53
ac234f,UAL2612,United States,31.8658,-82.087,10668.0,236.56,27.74,False,2026-03-11 17:43:53
ad5679,DAL3166,United States,33.6404,-84.4371,,2.57,33.75,True,2026-03-11 17:43:53
a35592,JBU2424,United States,28.4123,-81.3156,,0.0,157.5,True,2026-03-11 17:43:53
acdffc,DAL2755,United States,36.8976,-76.2004,,6.94,289.69,True,2026-03-11 17:43:53
ae6326,R72431,United States,31.0942,-85.6649,525.78,41.68,178.59,False,2026-03-11 17:43:53
ad90a3,AAL2573,United States,35.7914,-83.0067,8275.32,243.74,105.3,False,2026-03-11 17:43:53
ac70ab,N900RH,United States,38.0566,-85.981,13106.4,249.88,343.62,False,2026-03-11 17:43:53
a21b7c,N235EE,United States,32.8208,-96.8145,335.28,62.96,316.66,False,2026-03-11 17:43:53
ad3006,EJA949,United States,32.9659,-96.8342,,11.32,160.31,True,2026-03-11 17:43:53
a52ba0,N432MA,United States,33.8064,-84.4612,487.68,65.63,189.02,False,2026-03-11 17:43:53
a59529,N459SP,United States,33.0231,-96.8355,731.52,54.74,158.5,False,2026-03-11 17:43:53
ae631c,HAWK221,United States,26.8735,-97.0929,0.0,148.29,267.61,False,2026-03-11 17:43:53
a798ad,WMN589,United States,39.6422,-75.2105,2849.88,161.64,31.46,False,2026-03-11 17:43:53
a34268,SKW3695,United States,33.9493,-118.4001,,0.0,84.38,True,2026-03-11 17:43:53
adecb6,DAL2192,United States,43.1451,-85.8937,6705.6,178.18,281.83,False,2026-03-11 17:43:53
a1fb77,N227ES,United States,34.3046,-84.5643,2392.68,96.2,359.69,False,2026-03-11 17:43:53
aae377,SKW4035,United States,44.8297,-93.1025,723.9,65.34,307.32,False,2026-03-11 17:43:53
ae6319,BLZR258,United States,27.3218,-97.9945,3063.24,139.05,245.52,False,2026-03-11 17:43:53
ae6316,BLZR250,United States,27.3219,-97.9943,0.0,140.51,246.25,False,2026-03-11 17:43:53
a34e97,DAL334,United States,38.7636,-110.3112,10850.88,209.89,221.62,False,2026-03-11 17:43:53
ac1042,SWA4315,United States,28.1074,-82.524,624.84,98.79,180.9,False,2026-03-11 17:43:53
a5951e,SCU52,United States,36.1461,-96.0476,952.5,52.79,74.74,False,2026-03-11 17:43:53
a3556f,JBU1006,United States,37.105,-82.9751,10561.32,260.28,64.85,False,2026-03-11 17:43:53
abf025,SWA2667,United States,37.4435,-111.2114,9745.98,210.45,239.93,False,2026-03-11 17:43:53
a3b86c,DAL2320,United States,36.3797,-76.8931,10660.38,241.29,34.4,False,2026-03-11 17:43:53
a88075,JIA5406,United States,29.9585,-98.4073,7010.4,223.79,359.47,False,2026-03-11 17:43:53
a4c527,RPA4488,United States,38.8741,-77.621,2994.66,175.94,49.74,False,2026-03-11 17:43:53
a53ee2,UAL374,United States,39.4523,-81.6943,9136.38,212.93,276.8,False,2026-03-11 17:43:53
ae630b,HAWK210,United States,27.4423,-98.7446,2758.44,154.86,346.75,False,2026-03-11 17:43:53
a94b51,UAL1247,United States,45.3403,-120.9714,8770.62,161.11,298.2,False,2026-03-11 17:43:53
aa8075,,United States,41.9656,-87.8878,,12.86,39.38,True,2026-03-11 17:43:53
a1c722,N2131,United States,26.6397,-81.9307,411.48,85.43,130.11,False,2026-03-11 17:43:53
a94b50,UAL447,United States,35.8889,-77.2967,10972.8,225.93,218.44,False,2026-03-11 17:43:53
a9522d,N7ZT,United States,36.3074,-119.959,5212.08,119.97,41.0,False,2026-03-11 17:43:53
abad94,SWA2935,United States,32.5391,-102.336,11277.6,237.95,119.39,False,2026-03-11 17:43:53
0d11c8,XBPGZ,Mexico,28.9275,-98.7993,7025.64,175.54,209.49,False,2026-03-11 17:43:53
ad9d88,N9769F,United States,32.4961,-107.0353,2804.16,58.68,148.26,False,2026-03-11 17:43:53
ae5ad2,G20752,United States,35.401,-97.4797,502.92,50.51,3.5,False,2026-03-11 17:43:53
a7bbe9,JBU372,United States,28.634,-78.6154,11277.6,215.36,7.55,False,2026-03-11 17:43:53
a0a734,VJA141,United States,38.8427,-104.2443,12496.8,284.67,124.32,False,2026-03-11 17:43:53
0d0ae0,XBPCU,Mexico,31.894,-110.949,1958.34,65.46,176.4,False,2026-03-11 17:43:53
a7c2be,N6BZ,United States,31.0903,-85.7761,853.44,75.02,222.22,False,2026-03-11 17:43:53
a71277,N555EW,United States,34.4713,-117.3289,7315.2,115.06,285.03,False,2026-03-11 17:43:53
a94b4d,UAL204,United States,37.1159,-100.8757,10363.2,188.62,305.9,False,2026-03-11 17:43:53
adda24,AAL195R,United States,40.6718,-111.3308,7467.6,239.64,110.61,False,2026-03-11 17:43:53
a94b4b,UAL1630,United States,26.808,-80.0169,2270.76,152.56,286.05,False,2026-03-11 17:43:53
a6a2f7,N527AH,United States,37.4124,-78.588,10363.2,226.99,219.39,False,2026-03-11 17:43:53
accd69,DAL734,United States,47.6932,-119.0402,10972.8,170.63,277.28,False,2026-03-11 17:43:53
ad3af3,N95111,United States,27.9601,-80.7753,662.94,31.42,182.82,False,2026-03-11 17:43:53
ae0116,TEAL29,United States,30.5738,-89.1296,876.3,98.34,320.73,False,2026-03-11 17:43:53
ac7160,N900YP,United States,27.7807,-80.7565,3581.4,188.78,294.47,False,2026-03-11 17:43:53
a9656c,N704WP,United States,34.2921,-118.4613,441.96,53.51,236.77,False,2026-03-11 17:43:53
ae1443,HOBBY18,United States,32.0784,-95.7605,7315.2,135.84,271.09,False,2026-03-11 17:43:53
a0f4a9,N1604Y,United States,35.4167,-78.3903,601.98,58.87,5.01,False,2026-03-11 17:43:53
a02a1a,N11CP,United States,47.3153,-123.1455,9448.8,172.17,227.06,False,2026-03-11 17:43:53
ab649c,N833MK,United States,40.28,-74.8116,137.16,41.17,271.43,False,2026-03-11 17:43:53
ae1440,OCEAN11,United States,35.1355,-120.7328,152.4,120.4,287.66,False,2026-03-11 17:43:53
a5cb96,N4725G,United States,28.0727,-82.228,731.52,56.36,56.16,False,2026-03-11 17:43:53
0d11cc,VIV7826,Mexico,25.7788,-100.1154,,0.0,154.69,True,2026-03-11 17:43:53
accd5d,N924DM,United States,40.1522,-76.1078,906.78,53.03,59.7,False,2026-03-11 17:43:53
a69b8f,N915AB,United States,32.6282,-101.0787,12496.8,208.58,335.52,False,2026-03-11 17:43:53
4b1881,SWR16F,Switzerland,47.1443,-68.0526,11582.4,205.22,206.18,False,2026-03-11 17:43:53
a6f23d,DAL506,United States,42.1891,-106.9686,10043.16,293.88,115.17,False,2026-03-11 17:43:53
ac1afa,SWA1363,United States,33.5826,-87.69,11277.6,266.93,82.14,False,2026-03-11 17:43:53
a8f5be,PDT6006,United States,35.5424,-81.8792,4594.86,190.5,102.16,False,2026-03-11 17:43:53
a9520b,N7YJ,United States,28.3966,-81.3789,91.44,53.39,334.92,False,2026-03-11 17:43:53
ae1479,VM767,United States,34.6245,-78.0406,4762.5,152.65,348.73,False,2026-03-11 17:43:53
ad914b,N9731F,United States,27.2023,-80.5298,2042.16,56.59,323.13,False,2026-03-11 17:43:53
aba15a,CXK1060,United States,41.2867,-103.727,3086.1,63.91,22.23,False,2026-03-11 17:43:53
a9653d,AAL3066,United States,32.3152,-81.5022,11582.4,229.82,196.65,False,2026-03-11 17:43:53
acd481,AAL1515,United States,33.8661,-111.4168,3810.0,163.99,215.04,False,2026-03-11 17:43:53
ae61cc,BANDT25,United States,25.3934,-82.5693,7078.98,243.37,82.47,False,2026-03-11 17:43:53
a6f280,LXJ547,United States,38.4985,-102.5453,13708.38,263.31,110.95,False,2026-03-11 17:43:53
ad41cd,SWA3876,United States,33.454,-100.7312,7330.44,196.02,284.44,False,2026-03-11 17:43:53
ae013b,SALTY51,United States,40.8421,-113.6715,6705.6,168.22,269.82,False,2026-03-11 17:43:53
ad41ed,AAL1649,United States,39.8671,-93.6741,7924.8,186.53,235.0,False,2026-03-11 17:43:53
a45b96,DAL2769,United States,47.4523,-122.3063,,7.2,0.0,True,2026-03-11 17:43:53
a127bb,UAL1144,United States,40.3214,-74.8122,2446.02,167.08,47.12,False,2026-03-11 17:43:53
a94b48,UAL1071,United States,37.1361,-112.2156,10058.4,253.45,47.63,False,2026-03-11 17:43:53
a9787f,N7091G,United States,41.7527,-72.1543,335.28,42.56,45.49,False,2026-03-11 17:43:53
ad8a69,N9715F,United States,41.5345,-73.1846,1036.32,35.82,234.94,False,2026-03-11 17:43:53
a5d28e,UAL1486,United States,30.6959,-84.4796,10058.4,254.11,132.7,False,2026-03-11 17:43:53
c0226c,WJA2562,Canada,30.1544,-82.6748,10363.2,231.03,200.74,False,2026-03-11 17:43:53
a04424,SKW5615,United States,39.6994,-104.6887,2529.84,103.92,0.28,False,2026-03-11 17:43:53
ae012e,PAT104,United States,33.6547,-81.6225,3535.68,166.17,53.31,False,2026-03-11 17:43:53
a95234,FLC70,United States,40.7991,-73.5966,472.44,107.7,27.91,False,2026-03-11 17:43:53
ae278c,LS10,United States,32.6243,-117.2811,15.24,69.99,294.3,False,2026-03-11 17:43:53
a57b5a,UPS5833,United States,33.3194,-97.5648,4823.46,186.99,135.67,False,2026-03-11 17:43:53
a0dac5,N154TS,United States,31.0526,-103.3413,10645.14,236.4,107.61,False,2026-03-11 17:43:53
a39d41,N332AD,United States,38.6164,-77.1112,746.76,61.43,242.58,False,2026-03-11 17:43:53
a5823e,GTI8998,United States,27.5963,-94.0209,11285.22,278.32,96.05,False,2026-03-11 17:43:53
a84544,N632BA,United States,32.8621,-89.0449,12192.0,203.29,202.15,False,2026-03-11 17:43:53
a928f4,N69GA,United States,32.8338,-96.8296,228.6,70.22,315.89,False,2026-03-11 17:43:53
a41412,DAL1621,United States,29.998,-90.2875,0.0,70.03,105.77,False,2026-03-11 17:43:53
a7254e,N56HP,United States,30.1792,-97.6588,,3.6,87.19,True,2026-03-11 17:43:53
aab9ae,JAS9,United States,38.1678,-81.9059,12496.8,193.96,250.32,False,2026-03-11 17:43:53
a94b0a,UAL1228,United States,38.2781,-100.8255,10668.0,269.2,88.14,False,2026-03-11 17:43:53
a1a110,MXY135,United States,36.8335,-77.1578,6294.12,188.33,230.88,False,2026-03-11 17:43:53
a6188e,N492LP,United States,33.2944,-112.9764,1897.38,43.41,264.56,False,2026-03-11 17:43:53
aab9c7,OUA24,United States,35.1415,-97.4716,883.92,26.87,354.51,False,2026-03-11 17:43:53
aa3cef,N759R,United States,43.9672,-95.0011,12176.76,165.89,234.34,False,2026-03-11 17:43:53
a58267,EJA454,United States,34.2378,-97.0088,9464.04,247.3,6.09,False,2026-03-11 17:43:53
acd47e,ASA121,United States,34.1988,-118.3543,,4.63,270.0,True,2026-03-11 17:43:53
a21ac8,N23476,United States,36.7191,-76.3611,457.2,38.67,310.68,False,2026-03-11 17:43:53
a52bfb,EJA432,United States,45.1148,-66.9699,9479.28,172.47,252.65,False,2026-03-11 17:43:53
ac491d,DAL2826,United States,42.0167,-85.2807,6606.54,266.45,93.43,False,2026-03-11 17:43:53
a4c592,JBU424,United States,35.9155,-114.8743,10668.0,254.54,66.28,False,2026-03-11 17:43:53
a94b29,UAL770,United States,36.0736,-96.5106,10363.2,210.27,258.14,False,2026-03-11 17:43:53
a5958c,SWA2902,United States,34.3687,-115.0027,12496.8,240.3,47.43,False,2026-03-11 17:43:53
ae61dd,CIRRUS5,United States,25.3874,-82.5637,11689.08,255.88,83.3,False,2026-03-11 17:43:53
a8f5c5,N677AM,United States,36.2102,-115.2021,,0.06,239.06,True,2026-03-11 17:43:53
a5f87d,N484LP,United States,32.8107,-112.2398,2202.18,51.18,149.83,False,2026-03-11 17:43:53
a785cd,N584LQ,United States,33.8468,-117.9734,1249.68,39.93,68.06,False,2026-03-11 17:43:53
a71e5c,JIA5130,United States,33.9388,-99.6256,7620.0,206.29,74.82,False,2026-03-11 17:43:53
a15d6e,N1873,United States,40.6334,-73.779,,7.72,67.5,True,2026-03-11 17:43:53
a114ed,UPS2627,United States,40.4627,-96.1556,10668.0,275.13,72.48,False,2026-03-11 17:43:53
a15d6c,N18728,United States,27.9137,-82.4267,160.02,42.9,22.57,False,2026-03-11 17:43:53
ae017a,TRICK13,United States,38.913,-90.7106,7726.68,154.21,294.86,False,2026-03-11 17:43:53
a114c7,N169TA,United States,32.1506,-93.7846,12832.08,276.77,120.62,False,2026-03-11 17:43:53
a09df6,,United States,40.6268,-111.9952,,0.64,56.25,True,2026-03-11 17:43:53
a2e723,N28634,United States,26.7962,-81.4873,396.24,47.38,131.48,False,2026-03-11 17:43:53
abd9b6,SWA3401,United States,33.6126,-110.1559,9753.6,206.38,256.45,False,2026-03-11 17:43:53
c02e91,JZA021,Canada,45.8689,-68.7579,7924.8,175.61,263.27,False,2026-03-11 17:43:53
a40d07,N360HM,United States,26.9475,-81.2632,8839.2,189.63,325.84,False,2026-03-11 17:43:53
a785fd,JIA5419,United States,38.4531,-77.5053,5402.58,168.51,220.79,False,2026-03-11 17:43:53
c02e94,JZA49,Canada,45.6197,-69.9037,9753.6,195.44,275.74,False,2026-03-11 17:43:53
a7d5cc,N60372,United States,30.4756,-98.053,845.82,53.65,104.44,False,2026-03-11 17:43:53
a091aa,FFL1537,United States,40.4805,-80.0353,1158.24,87.53,272.36,False,2026-03-11 17:43:53
a57b8b,SWA1167,United States,30.1942,-97.6589,,6.69,177.19,True,2026-03-11 17:43:53
0c4155,HI1055,Dominican Republic,25.9968,-80.3597,845.82,101.37,271.16,False,2026-03-11 17:43:53
a0dab2,SKW5594,United States,43.4086,-80.7344,9144.0,190.31,259.72,False,2026-03-11 17:43:53
aa9f6f,AAL2544,United States,36.0459,-86.2212,12192.0,216.23,283.9,False,2026-03-11 17:43:53
aa43c4,RPA3686,United States,39.6588,-85.8162,8839.2,257.85,111.29,False,2026-03-11 17:43:53
a69b86,JIA5186,United States,38.308,-77.2175,3581.4,167.29,16.99,False,2026-03-11 17:43:53
a69b87,CNS719,United States,32.1638,-104.2559,12192.0,192.14,263.39,False,2026-03-11 17:43:53
0d0abf,VOI1890,Mexico,39.2563,-119.3066,4564.38,146.97,315.57,False,2026-03-11 17:43:53
47880d,SAS903,Norway,47.7817,-68.9694,10972.8,199.49,212.79,False,2026-03-11 17:43:53
ae0178,COUGR56,United States,31.5398,-81.0483,3147.06,179.57,212.01,False,2026-03-11 17:43:53
a7cee7,N602CH,United States,39.8151,-77.2028,13106.4,272.78,151.5,False,2026-03-11 17:43:53
a29748,SWA174,United States,32.8198,-81.3313,11887.2,241.74,30.71,False,2026-03-11 17:43:53
a5827b,N454RM,United States,40.8666,-114.9769,8534.4,124.5,275.22,False,2026-03-11 17:43:53
a88bad,N65PG,United States,25.4852,-78.2646,6705.6,211.73,286.81,False,2026-03-11 17:43:53
a1775f,DAL773,United States,43.0392,-90.2057,9761.22,197.7,267.76,False,2026-03-11 17:43:53
aadc11,N79919,United States,33.3669,-97.0962,883.92,52.55,66.95,False,2026-03-11 17:43:53
a8586d,N637HA,United States,39.8467,-77.2676,411.48,31.7,228.29,False,2026-03-11 17:43:53
a2ba48,ENY4199,United States,44.2461,-97.8044,9144.0,199.62,288.01,False,2026-03-11 17:43:53
a6a407,N527ME,United States,40.0476,-75.5019,274.32,25.85,132.58,False,2026-03-11 17:43:53
aa07f9,UAL530,United States,37.4686,-107.5983,9753.6,205.21,248.84,False,2026-03-11 17:43:53
a88d01,N650CW,United States,29.7272,-95.376,617.22,88.76,134.53,False,2026-03-11 17:43:53
a2c129,,United States,26.8374,-90.6362,10972.8,225.39,340.12,False,2026-03-11 17:43:53
a4c4aa,MAD406,United States,39.4054,-98.883,13716.0,223.39,105.22,False,2026-03-11 17:43:53
a2d44b,OXF9832,United States,33.2038,-111.4708,975.36,73.67,349.95,False,2026-03-11 17:43:53
a71dc2,SKW4715,United States,41.6513,-88.2774,3375.66,204.0,41.93,False,2026-03-11 17:43:53
a00915,N101GV,United States,43.5314,-116.5266,2438.4,41.98,287.1,False,2026-03-11 17:43:53
a617e2,N492DS,United States,40.1228,-111.6382,1447.8,40.07,330.8,False,2026-03-11 17:43:53
a88d06,EJM657,United States,36.3446,-90.7772,13716.0,285.16,31.42,False,2026-03-11 17:43:53
ad071d,PDT5792,United States,34.3777,-82.2299,8214.36,240.05,57.6,False,2026-03-11 17:43:53
c0481b,ROU2003,Canada,43.5734,-79.5774,1882.14,93.88,226.33,False,2026-03-11 17:43:53
a487ef,EJA391,United States,38.32,-109.2495,13106.4,180.06,269.84,False,2026-03-11 17:43:53
a39d79,KII332,United States,37.7899,-89.2892,6705.6,163.92,278.66,False,2026-03-11 17:43:53
c0481c,ROU1897,Canada,40.0476,-82.9066,10363.2,201.36,230.49,False,2026-03-11 17:43:53
a0e1f3,ETA156,United States,36.6124,-104.1744,10363.2,226.58,255.81,False,2026-03-11 17:43:53
a71db6,LXJ558,United States,38.8202,-89.4358,13098.78,198.72,208.95,False,2026-03-11 17:43:53
a00929,RPA4373,United States,39.271,-89.1139,10972.8,163.74,209.14,False,2026-03-11 17:43:53
a4c4e1,,United States,41.3108,-71.6121,975.36,59.41,150.99,False,2026-03-11 17:43:53
a091db,N136DW,United States,28.4547,-82.4406,304.8,52.79,37.87,False,2026-03-11 17:43:53
aaa74f,N786FB,United States,26.7522,-82.1192,548.64,51.8,34.48,False,2026-03-11 17:43:53
a39113,EDV5439,United States,41.6172,-76.9249,9448.8,260.2,109.76,False,2026-03-11 17:43:53
a3a4ed,ENY3805,United States,29.9373,-98.1593,10363.2,191.76,204.57,False,2026-03-11 17:43:53
accd10,ASA300,United States,41.5069,-98.0615,10668.0,269.56,98.67,False,2026-03-11 17:43:53
ad072c,TAI440,United States,32.9108,-97.0327,,9.77,180.0,True,2026-03-11 17:43:53
ab5d52,DAL73,United States,48.8811,-65.5164,,207.69,219.17,True,2026-03-11 17:43:53
accd18,DAL1248,United States,40.1857,-77.2224,2164.08,169.15,45.12,False,2026-03-11 17:43:53
a091f3,EDV5126,United States,33.6484,-84.4116,,1.8,78.75,True,2026-03-11 17:43:53
a0e1c6,N156PH,United States,38.0021,-79.6523,8229.6,241.22,158.74,False,2026-03-11 17:43:53
ab5d4a,AAL2444,United States,36.3613,-99.2382,9144.0,206.09,323.02,False,2026-03-11 17:43:53
a1a116,N204CE,United States,32.9354,-116.7114,876.3,41.16,341.79,False,2026-03-11 17:43:53
a34de0,CXK1032,United States,38.4397,-121.4872,182.88,49.8,33.2,False,2026-03-11 17:43:53
c04852,,Canada,36.0972,-115.1594,,8.23,25.31,True,2026-03-11 17:43:53
a39100,DAL2976,United States,28.5176,-97.7038,10050.78,268.56,93.62,False,2026-03-11 17:43:53
ad67ae,DAL2071,United States,33.6219,-84.4425,,7.46,25.31,True,2026-03-11 17:43:53
a724b6,N56BM,United States,44.6139,-92.4088,762.0,79.7,150.62,False,2026-03-11 17:43:53
a42750,HPJ367,United States,26.7038,-81.0845,8016.24,218.84,312.43,False,2026-03-11 17:43:53
a3ed91,AAL1099,United States,36.9295,-102.4332,8839.2,265.02,137.2,False,2026-03-11 17:43:53
aaf4c8,DAL937,United States,34.3391,-98.8552,9753.6,243.05,251.1,False,2026-03-11 17:43:53
aaeddb,JRE803,United States,35.1082,-101.1401,13693.14,212.13,136.28,False,2026-03-11 17:43:53
a0dadb,UPS5775,United States,38.3332,-85.7967,960.12,84.6,165.2,False,2026-03-11 17:43:53
ae270a,C2312,United States,30.7385,-88.1718,2994.66,78.95,265.52,False,2026-03-11 17:43:53
ac47de,SWA869,United States,26.0775,-80.2275,266.7,78.71,90.37,False,2026-03-11 17:43:53
ab14e6,N813EA,United States,38.4193,-93.6346,4831.08,121.08,298.42,False,2026-03-11 17:43:53
a857c2,PDT9653,United States,35.2403,-81.0783,2865.12,160.41,15.82,False,2026-03-11 17:43:53
a52147,N43FE,United States,38.0733,-82.2407,12184.38,194.62,250.22,False,2026-03-11 17:43:53
a38a0f,N327TW,United States,29.1392,-78.9744,9486.9,241.95,49.57,False,2026-03-11 17:43:53
a0093b,N101JH,United States,37.3982,-122.1522,693.42,74.19,326.31,False,2026-03-11 17:43:53
a40164,N35712,United States,35.1187,-78.7879,822.96,34.69,215.34,False,2026-03-11 17:43:53
aa3d09,N759SA,United States,48.9161,-122.542,548.64,65.73,173.71,False,2026-03-11 17:43:53
0d0b8b,AMX695,Mexico,40.4552,-115.6737,11277.6,262.57,145.38,False,2026-03-11 17:43:53
ad0750,JTL939,United States,33.7459,-84.0551,13060.68,168.6,250.02,False,2026-03-11 17:43:53
ace72e,CITT45,United States,36.9559,-100.2425,12496.8,249.91,100.92,False,2026-03-11 17:43:53
a40d8d,DAL1676,United States,28.498,-95.1071,10058.4,278.85,63.01,False,2026-03-11 17:43:53
aa929c,TCN780,United States,39.2582,-105.0289,11887.2,292.9,111.43,False,2026-03-11 17:43:53
a39d9b,DAL447,United States,43.5075,-76.4512,9448.8,249.09,139.1,False,2026-03-11 17:43:53
a3915a,AAL2232,United States,28.9065,-95.4239,10668.0,268.38,85.38,False,2026-03-11 17:43:53
a00966,N101LA,United States,33.4844,-111.6983,640.08,45.54,48.21,False,2026-03-11 17:43:53
ae1439,VM714,United States,33.4344,-81.9837,320.04,67.52,167.23,False,2026-03-11 17:43:53
a94b72,UAL420,United States,29.349,-91.2087,10058.4,265.35,107.84,False,2026-03-11 17:43:53
a3ed2a,N352KP,United States,27.8307,-80.8795,1607.82,76.23,158.63,False,2026-03-11 17:43:53
ae2767,,United States,32.9972,-118.6826,114.3,43.22,89.32,False,2026-03-11 17:43:53
ae2762,LS30,United States,32.7135,-117.2047,,4.89,253.12,True,2026-03-11 17:43:53
a65408,AAL1977,United States,33.5727,-89.8228,10675.62,268.7,88.03,False,2026-03-11 17:43:53
ae0100,ROTTEN3,United States,34.6919,-98.7387,1882.14,188.34,91.41,False,2026-03-11 17:43:53
a64d16,LXJ505,United States,35.6853,-115.6142,4770.12,160.26,47.86,False,2026-03-11 17:43:53
a2c145,N277J,United States,34.2986,-117.5063,1097.28,55.37,318.01,False,2026-03-11 17:43:53
ae275d,RDHK705,United States,37.1134,-76.6124,129.54,52.95,327.7,False,2026-03-11 17:43:53
abc780,SWA310,United States,35.9355,-108.3717,11574.78,221.17,221.7,False,2026-03-11 17:43:53
acba1b,SWA240,United States,34.8482,-118.7054,11887.2,235.56,161.8,False,2026-03-11 17:43:53
a2716a,N2569Q,United States,40.7976,-112.3551,1836.42,50.93,179.42,False,2026-03-11 17:43:53
a3b7f4,ENY3862,United States,25.8461,-99.6765,3406.14,138.94,192.18,False,2026-03-11 17:43:53
c04826,ROU1933,Canada,45.4356,-82.5759,10980.42,205.05,309.4,False,2026-03-11 17:43:53
acba30,EDV5254,United States,44.2165,-70.1949,7315.2,199.76,242.05,False,2026-03-11 17:43:53
a9a234,N72LG,United States,38.529,-99.7471,7010.4,169.08,113.68,False,2026-03-11 17:43:53
ad3ad2,N95103,United States,37.1987,-80.4159,853.44,46.14,112.28,False,2026-03-11 17:43:53
a069c4,N1258Q,United States,29.3581,-81.1431,5486.4,105.37,153.94,False,2026-03-11 17:43:53
a4d7e0,XLJ411,United States,34.9369,-116.712,12016.74,234.79,54.81,False,2026-03-11 17:43:53
ad077b,DAL3035,United States,33.6367,-84.4409,,6.17,81.56,True,2026-03-11 17:43:53
a53436,RPA4435,United States,41.5026,-81.5049,1935.48,101.92,272.02,False,2026-03-11 17:43:53
a3ed58,MVK55,United States,44.2524,-93.796,967.74,55.29,95.34,False,2026-03-11 17:43:53
a3913b,N329RE,United States,30.2227,-85.7199,5036.82,119.56,101.16,False,2026-03-11 17:43:53
ac712d,SWA527,United States,41.7834,-80.6516,9144.0,195.45,249.99,False,2026-03-11 17:43:53
a64d22,N505GJ,United States,44.868,-93.1887,7597.14,63.97,301.52,False,2026-03-11 17:43:53
a2f9c0,N291FT,United States,39.0235,-101.5693,7620.0,177.56,104.6,False,2026-03-11 17:43:53
a7d78a,EJA604,United States,34.9265,-112.9293,11064.24,212.56,240.89,False,2026-03-11 17:43:53
a63a94,N500GP,United States,40.3207,-75.0884,518.16,50.2,65.8,False,2026-03-11 17:43:53
a0dc17,N1545E,United States,33.244,-84.5943,982.98,63.07,95.62,False,2026-03-11 17:43:53
ada558,FRLD64,United States,35.9642,-107.5227,8534.4,123.37,290.25,False,2026-03-11 17:43:53
a88d89,N650JG,United States,41.1037,-74.105,914.4,117.31,219.48,False,2026-03-11 17:43:53
acd2be,SWA2761,United States,40.0634,-102.0799,11277.6,269.28,82.54,False,2026-03-11 17:43:53
0d0b4b,AMX693,Mexico,37.7008,-84.8113,11582.4,202.77,212.88,False,2026-03-11 17:43:53
a09329,N136TE,United States,33.6265,-111.7078,4069.08,112.79,103.72,False,2026-03-11 17:43:53
a94ae5,UAL1852,United States,28.7804,-98.8493,8229.6,246.76,124.98,False,2026-03-11 17:43:53
acd2d3,EDV5223,United States,40.5942,-73.4039,1219.2,137.66,28.58,False,2026-03-11 17:43:53
abb2d5,DAL1178,United States,33.6437,-84.4322,,0.0,261.56,True,2026-03-11 17:43:53
ae5b47,SHINR38,United States,30.2691,-97.8383,594.36,65.96,125.8,False,2026-03-11 17:43:53
a64172,VAR502,United States,33.289,-112.4056,662.94,64.06,43.05,False,2026-03-11 17:43:53
a7b133,JIA5629,United States,32.9069,-96.9075,3550.92,126.79,183.49,False,2026-03-11 17:43:53
a2f9b3,FDX3647,United States,39.7091,-86.2912,,14.4,45.0,True,2026-03-11 17:43:53
0d123a,VIV3177,Mexico,29.0839,-111.0701,342.9,82.62,237.2,False,2026-03-11 17:43:53
a88d6f,N650HF,United States,31.3531,-112.9322,12496.8,268.95,123.69,False,2026-03-11 17:43:53
a03ce1,FFL1733,United States,34.2675,-118.4272,3086.1,149.02,11.35,False,2026-03-11 17:43:53
a9a1b6,N72FF,United States,35.5502,-119.5094,205.74,47.89,87.54,False,2026-03-11 17:43:53
aa2a7f,SKW4911,United States,38.561,-108.8438,10172.7,230.29,33.8,False,2026-03-11 17:43:53
a9ea32,EJA738,United States,40.5693,-74.9129,1851.66,124.7,263.84,False,2026-03-11 17:43:53
ada546,ASI717,United States,33.7783,-112.491,1310.64,48.64,66.96,False,2026-03-11 17:43:53
a1bfac,UAL4214,United States,35.6279,-79.2111,10050.78,264.9,10.07,False,2026-03-11 17:43:53
a03ce6,AAL2640,United States,28.3443,-79.2591,10058.4,249.12,190.59,False,2026-03-11 17:43:53
adfecc,PAT839,United States,38.6432,-105.5773,5814.06,133.3,7.32,False,2026-03-11 17:43:53
ac82f8,AAL3266,United States,27.5714,-82.2904,2865.12,155.7,315.54,False,2026-03-11 17:43:53
a951e0,N7WR,United States,25.4532,-81.2533,2987.04,98.02,337.47,False,2026-03-11 17:43:53
aa2a83,N754SP,United States,38.8748,-76.228,1005.84,42.1,153.12,False,2026-03-11 17:43:53
a9ea08,,United States,29.3754,-90.3695,495.3,78.1,307.78,False,2026-03-11 17:43:53
a34f07,N312J,United States,25.9889,-80.3426,441.96,56.13,272.63,False,2026-03-11 17:43:53
a559c1,ERY44,United States,35.4224,-91.2076,12496.8,264.48,57.79,False,2026-03-11 17:43:53
a7b159,N595QA,United States,35.804,-78.0,982.98,67.45,248.52,False,2026-03-11 17:43:53
a8947e,DAL8927,United States,40.6638,-115.0618,11277.6,269.02,85.06,False,2026-03-11 17:43:53
a3918f,UPS2905,United States,32.8767,-97.0548,205.74,75.12,0.78,False,2026-03-11 17:43:53
a5f90a,N484SE,United States,33.46,-96.7403,12192.0,204.55,321.23,False,2026-03-11 17:43:53
a3b93e,N339WM,United States,26.1742,-81.7522,83.82,44.92,230.11,False,2026-03-11 17:43:53
a99a31,N718EH,United States,33.0558,-97.5205,1074.42,41.09,124.29,False,2026-03-11 17:43:53
ae623d,WAKE71,United States,34.9333,-106.5774,0.0,59.85,184.44,False,2026-03-11 17:43:53
a5df05,N478CA,United States,35.5753,-119.4383,1866.9,55.31,288.43,False,2026-03-11 17:43:53
c07c7b,ACA162,Canada,43.7466,-79.7357,2164.08,99.99,190.67,False,2026-03-11 17:43:53
aa8af8,CFS8690,United States,45.4788,-122.6504,1318.26,41.75,202.46,False,2026-03-11 17:43:53
a9ea11,N738PJ,United States,45.8269,-108.5633,1310.64,61.32,37.16,False,2026-03-11 17:43:53
c07c7a,ACA584,Canada,40.9551,-74.1336,1348.74,110.64,136.88,False,2026-03-11 17:43:53
a8dd4b,SCU28,United States,36.1527,-95.9861,1043.94,85.88,167.55,False,2026-03-11 17:43:53
a559cc,N444DH,United States,40.4678,-86.7629,9448.8,291.74,32.18,False,2026-03-11 17:43:53
a10308,CXK243,United States,32.8738,-111.9327,1074.42,46.52,60.88,False,2026-03-11 17:43:53
a831e4,N627SX,United States,40.0608,-111.7301,1836.42,40.77,222.95,False,2026-03-11 17:43:53
a88d8d,N650JL,United States,29.4814,-98.5911,3634.74,151.4,148.9,False,2026-03-11 17:43:53
a5d1b9,UAL1478,United States,37.3896,-99.5676,10012.68,256.11,152.35,False,2026-03-11 17:43:53
ae6269,BLZR213,United States,27.5437,-98.3944,0.0,160.65,339.77,False,2026-03-11 17:43:53
a34f72,N312NG,United States,39.2505,-74.7663,1676.4,103.34,35.27,False,2026-03-11 17:43:53
a7d754,JIA5499,United States,32.9061,-97.0319,,6.17,180.0,True,2026-03-11 17:43:53
a1fc3b,ENY3441,United States,37.0024,-112.9747,10599.42,243.79,164.2,False,2026-03-11 17:43:53
a76d5a,JIA5644,United States,37.8481,-87.5322,8465.82,256.79,91.49,False,2026-03-11 17:43:53
0d1202,VOI3181,Mexico,32.3866,-116.4499,2545.08,122.71,290.11,False,2026-03-11 17:43:53
a57af9,EJA452,United States,39.5177,-77.3631,2240.28,129.57,205.14,False,2026-03-11 17:43:53
a90419,N680KA,United States,34.8866,-78.6332,3322.32,190.98,135.33,False,2026-03-11 17:43:53
a6f1a4,N54678,United States,33.4074,-118.4117,381.0,29.25,235.75,False,2026-03-11 17:43:53
a0802e,N131PA,United States,33.6418,-96.8143,1295.4,50.72,229.52,False,2026-03-11 17:43:53
a40ca3,N360DM,United States,33.1124,-103.3971,12192.0,223.15,303.91,False,2026-03-11 17:43:53
ada588,ERU979,United States,28.5234,-80.9803,342.9,49.41,31.37,False,2026-03-11 17:43:53
a1fc32,N227ND,United States,28.0751,-82.3447,38.1,21.64,108.0,False,2026-03-11 17:43:53
a8e428,LFA531,United States,28.9999,-81.3662,228.6,52.07,150.4,False,2026-03-11 17:43:53
a75a21,LXJ573,United States,28.1825,-86.8467,13106.4,229.52,302.09,False,2026-03-11 17:43:53
a83dd0,VAR630,United States,33.1138,-112.687,556.26,64.26,194.37,False,2026-03-11 17:43:53
a9b4a4,RPA3578,United States,46.0282,-93.3549,7894.32,184.47,223.76,False,2026-03-11 17:43:53
a23675,UCA4887,United States,32.6743,-91.4395,10058.4,273.29,50.35,False,2026-03-11 17:43:53
a82aa8,SKW5485,United States,37.666,-120.6886,7315.2,193.02,261.42,False,2026-03-11 17:43:53
0d0b1b,XBOUZ,Mexico,27.5762,-99.1733,13091.16,168.61,248.52,False,2026-03-11 17:43:53
0d0b1d,XAOOI,Mexico,29.738,-93.768,11887.2,274.11,61.9,False,2026-03-11 17:43:53
a21c53,AAY9235,United States,35.7315,-113.987,4884.42,160.52,281.27,False,2026-03-11 17:43:53
a030a8,RPA4377,United States,31.9528,-82.8867,8808.72,205.79,322.41,False,2026-03-11 17:43:53
abc704,N858W,United States,41.7958,-70.7905,1341.12,108.61,344.05,False,2026-03-11 17:43:53
440cdc,BQB1,Austria,33.2821,-82.9264,11582.4,196.69,252.18,False,2026-03-11 17:43:53
a65484,LXJ507,United States,36.6498,-108.2629,13708.38,250.23,53.11,False,2026-03-11 17:43:53
a22315,N237FY,United States,28.3433,-80.6909,-30.48,29.12,107.47,False,2026-03-11 17:43:53
a163c2,SKW3330,United States,34.8906,-118.6806,10363.2,229.93,356.28,False,2026-03-11 17:43:53
a426a5,DAL947,United States,42.0189,-83.9349,4427.22,209.27,72.99,False,2026-03-11 17:43:53
a844e0,N63177,United States,34.2136,-119.0773,-22.86,31.9,270.92,False,2026-03-11 17:43:53
a1bfde,N2112G,United States,33.135,-97.5615,1005.84,50.43,1.17,False,2026-03-11 17:43:53
a8943d,AAL2875,United States,35.2624,-80.9706,419.1,72.68,176.35,False,2026-03-11 17:43:53
a831b2,QXE2499,United States,44.8065,-116.6348,7277.1,229.05,169.65,False,2026-03-11 17:43:53
a63a63,N500EQ,United States,35.2379,-106.6042,3314.7,131.74,202.26,False,2026-03-11 17:43:53
a6eacf,DAL450,United States,32.9545,-111.2741,9144.0,220.39,291.35,False,2026-03-11 17:43:53
ac9709,,United States,33.6505,-84.4236,,7.72,320.62,True,2026-03-11 17:43:53
a977bb,DAL363,United States,46.4434,-78.1828,9753.6,192.48,287.42,False,2026-03-11 17:43:53
a76d90,EJA578,United States,45.7368,-122.8129,12192.0,182.82,329.76,False,2026-03-11 17:43:53
a89442,EJM652,United States,43.2462,-88.7476,8900.16,188.84,313.79,False,2026-03-11 17:43:53
a977d4,AAL1998,United States,33.4382,-111.9997,,0.0,126.56,True,2026-03-11 17:43:53
a857ff,ASI94,United States,33.235,-111.938,1264.92,52.06,251.57,False,2026-03-11 17:43:53
a0934b,UPS5195,United States,36.4105,-88.9662,10050.78,277.38,75.5,False,2026-03-11 17:43:53
ae6284,BLZR247,United States,27.2056,-97.971,3390.9,147.41,67.64,False,2026-03-11 17:43:53
ab772d,DAL898,United States,34.592,-113.4341,10972.8,199.13,261.68,False,2026-03-11 17:43:53
a65490,GJS4508,United States,40.6889,-74.1736,,9.77,25.31,True,2026-03-11 17:43:53
c07e2c,ACA1361,Canada,40.2315,-90.3292,11277.6,291.72,42.21,False,2026-03-11 17:43:53
ab5dd4,UAL1479,United States,39.3864,-98.041,9456.42,248.14,94.28,False,2026-03-11 17:43:53
a4d97e,SKW3019,United States,39.0436,-113.0714,10302.24,215.14,196.96,False,2026-03-11 17:43:53
aa7a1f,RPA3405,United States,40.8287,-74.0739,922.02,80.43,189.94,False,2026-03-11 17:43:53
a83f2b,EJA630,United States,27.8825,-81.0799,4411.98,156.21,340.37,False,2026-03-11 17:43:53
a46345,FFT1099,United States,36.2383,-93.7248,10972.8,196.56,268.8,False,2026-03-11 17:43:53
a60652,N488AA,United States,33.6384,-97.2168,556.26,56.33,189.46,False,2026-03-11 17:43:53
abc7c6,SWA3470,United States,33.436,-112.0038,,8.75,180.0,True,2026-03-11 17:43:53
ace7aa,SWA3312,United States,33.4662,-86.8816,11887.2,232.16,152.7,False,2026-03-11 17:43:53
ab9a0e,N847CB,United States,33.9425,-112.2667,5349.24,98.02,326.56,False,2026-03-11 17:43:53
c02ed9,ACA133,Canada,51.2721,-102.3088,12184.38,232.76,275.96,False,2026-03-11 17:43:53
a4bf83,N405DD,United States,38.2266,-122.2763,-76.2,49.8,199.93,False,2026-03-11 17:43:53
abadc0,SWA1590,United States,41.7894,-87.7448,,5.92,225.0,True,2026-03-11 17:43:53
a4c662,N4068G,United States,29.942,-95.2981,152.4,42.48,101.17,False,2026-03-11 17:43:53
c07e32,ACA1039,Canada,41.0713,-101.9206,10363.2,198.19,246.76,False,2026-03-11 17:43:53
c07e33,ACA1077,Canada,44.5694,-89.3119,10363.2,183.15,270.64,False,2026-03-11 17:43:53
a2cce4,GPD28,United States,40.9088,-74.2746,1074.42,141.5,69.13,False,2026-03-11 17:43:53
a8592c,EJA637,United States,33.6238,-111.9114,,0.0,315.0,True,2026-03-11 17:43:53
c048cb,,Canada,53.547,-113.3439,3337.56,105.64,25.07,False,2026-03-11 17:43:53
a41ffe,N365MM,United States,30.6499,-83.1332,1645.92,65.06,157.69,False,2026-03-11 17:43:53
ac97e3,N910NM,United States,39.3973,-96.6184,11887.2,275.3,93.75,False,2026-03-11 17:43:53
a40cca,N360FA,United States,40.2163,-76.8223,373.38,43.95,115.67,False,2026-03-11 17:43:53
ac0a22,AAL1275,United States,33.1015,-80.3947,11887.2,235.59,26.73,False,2026-03-11 17:43:53
a5cc49,N473AK,United States,38.9637,-104.879,2613.66,33.83,351.25,False,2026-03-11 17:43:53
ae0db4,BOSOX37,United States,41.537,-70.6399,182.88,46.61,227.68,False,2026-03-11 17:43:53
a2dffe,UAL792,United States,39.8644,-104.6634,9060.18,7.2,182.81,True,2026-03-11 17:43:53
a1f00e,MXY502,United States,34.506,-102.6079,10972.8,213.82,282.36,False,2026-03-11 17:43:53
a6aff0,N53VA,United States,37.5261,-77.5445,312.42,51.78,110.96,False,2026-03-11 17:43:53
ae6401,SY01,United States,37.0988,-80.3779,3962.4,185.49,266.82,False,2026-03-11 17:43:53
ab9a32,DAL2167,United States,46.2441,-97.6062,10363.2,217.09,275.58,False,2026-03-11 17:43:53
abadd6,SWA3230,United States,39.1082,-84.9742,2202.18,121.38,287.51,False,2026-03-11 17:43:53
c0853f,ACA1031,Canada,43.6764,-79.6167,,5.92,225.0,True,2026-03-11 17:43:53
ae14a2,MNTNA54,United States,27.5178,-96.9589,1524.0,78.33,56.52,False,2026-03-11 17:43:53
a7d6ae,LXJ604,United States,38.67,-90.5855,396.24,61.55,257.94,False,2026-03-11 17:43:53
a71337,JIA5126,United States,30.6383,-86.4768,746.76,80.52,192.17,False,2026-03-11 17:43:53
a426e0,LXJ367,United States,43.3649,-120.8883,13716.0,229.85,167.99,False,2026-03-11 17:43:53
c07e62,WJA2560,Canada,34.7166,-77.3235,11582.4,230.72,197.38,False,2026-03-11 17:43:53
ac2439,SWA3626,United States,30.365,-91.199,11582.4,199.66,262.75,False,2026-03-11 17:43:53
abfd39,SWA324,United States,33.2178,-117.9357,5882.64,199.09,291.53,False,2026-03-11 17:43:53
a2d3b3,SWA3321,United States,39.4077,-81.3071,12192.0,192.13,299.52,False,2026-03-11 17:43:53
a1fc56,CXK207,United States,40.8176,-73.0745,190.5,32.09,228.9,False,2026-03-11 17:43:53
ad9db8,DAL2754,United States,36.1935,-88.0991,10066.02,262.63,92.58,False,2026-03-11 17:43:53
a7e9e7,JIA5316,United States,35.8984,-78.7724,152.4,65.84,225.32,False,2026-03-11 17:43:53
a7d6b6,N604GE,United States,25.7194,-79.2719,3779.52,163.36,292.2,False,2026-03-11 17:43:53
a9ea96,AAL2032,United States,39.5472,-86.6417,11879.58,228.87,148.42,False,2026-03-11 17:43:53
a1a0a1,JBU1770,United States,29.4216,-78.1743,11277.6,217.3,6.12,False,2026-03-11 17:43:53
abf105,N869HR,United States,33.801,-112.0223,822.96,35.63,85.03,False,2026-03-11 17:43:53
ab5dfa,N831VP,United States,28.9845,-82.7332,9471.66,205.92,4.59,False,2026-03-11 17:43:53
a73981,BPX277,United States,28.7529,-80.8901,2628.9,60.54,347.74,False,2026-03-11 17:43:53
a2ccc9,N28MV,United States,33.4742,-111.4161,1318.26,69.14,289.11,False,2026-03-11 17:43:53
a46310,DAL993,United States,34.5325,-83.3498,6911.34,201.95,223.66,False,2026-03-11 17:43:53
c07e53,CGVVU,Canada,53.1722,-112.8845,1249.68,47.65,45.44,False,2026-03-11 17:43:53
a76cc0,GJS4594,United States,41.9823,-87.9086,,5.4,0.0,True,2026-03-11 17:43:53
a2101f,MXY529,United States,29.6976,-78.8176,10058.4,230.99,26.45,False,2026-03-11 17:43:53
ab64ee,EJA833,United States,39.7151,-104.439,9753.6,199.74,305.78,False,2026-03-11 17:43:53
c02ee7,ACA342,Canada,49.4907,-106.9262,10668.0,267.12,91.77,False,2026-03-11 17:43:53
a34f6e,N312NC,United States,27.3293,-81.8495,6621.78,164.19,342.87,False,2026-03-11 17:43:53
c035bf,JZA691,Canada,43.0307,-77.5224,8534.4,184.08,264.23,False,2026-03-11 17:43:53
ace7bf,EDV5330,United States,40.8576,-73.4412,914.4,117.94,353.99,False,2026-03-11 17:43:53
ac377b,SWA4340,United States,40.8694,-85.2556,7322.82,251.03,45.83,False,2026-03-11 17:43:53
a65fb5,N51GJ,United States,38.0173,-101.5454,12199.62,192.42,264.02,False,2026-03-11 17:43:53
0d10e4,VOI181,Mexico,32.3901,-116.9241,2827.02,150.7,116.13,False,2026-03-11 17:43:53
aae465,AAL2897,United States,37.9706,-95.6429,9151.62,208.73,262.21,False,2026-03-11 17:43:53
abfd66,SWA1465,United States,36.0167,-115.2831,1889.76,147.92,196.99,False,2026-03-11 17:43:53
ad8aac,N9717C,United States,32.5682,-97.5955,1005.84,57.89,67.54,False,2026-03-11 17:43:53
c048a3,KEW503,Canada,53.2122,-96.3355,11879.58,204.1,11.34,False,2026-03-11 17:43:53
abadf9,SWA1202,United States,42.9695,-113.6154,11582.4,168.08,289.49,False,2026-03-11 17:43:53
a45051,DAL2775,United States,35.8385,-76.7223,10363.2,236.45,165.51,False,2026-03-11 17:43:53
ace7ee,N930ZF,United States,26.1898,-80.2595,365.76,47.61,83.8,False,2026-03-11 17:43:53
a09eb8,N139XL,United States,30.1804,-97.6586,,0.0,177.19,True,2026-03-11 17:43:53
ae14c7,MNTNA46,United States,27.306,-96.9491,2499.36,49.46,341.19,False,2026-03-11 17:43:53
ae14c0,MNTNA61,United States,27.5752,-97.4451,1226.82,72.81,312.71,False,2026-03-11 17:43:53
ae4a16,RN141,United States,30.9774,-87.0172,495.3,130.71,22.93,False,2026-03-11 17:43:53
acd4d0,N926DS,United States,38.5293,-119.4545,3390.9,92.61,159.85,False,2026-03-11 17:43:53
ab4af1,AAL3233,United States,42.5838,-76.3863,3421.38,192.43,0.92,False,2026-03-11 17:43:53
ae4a13,TEXN715,United States,27.6565,-97.241,3017.52,81.48,309.62,False,2026-03-11 17:43:53
ab0485,AAL2671,United States,32.1942,-94.9448,9311.64,212.59,274.44,False,2026-03-11 17:43:53
a4bf41,AAL1135,United States,32.7631,-85.9926,9753.6,211.81,245.61,False,2026-03-11 17:43:53
a4503d,DAL2776,United States,30.1399,-81.5923,11277.6,217.06,342.77,False,2026-03-11 17:43:53
a546c9,RPA4413,United States,43.6947,-78.9018,8945.88,190.73,263.03,False,2026-03-11 17:43:53
ac0a58,EJA875,United States,27.6149,-80.4921,9144.0,264.77,160.12,False,2026-03-11 17:43:53
a9f14b,N74MG,United States,38.423,-121.2897,1234.44,73.91,236.64,False,2026-03-11 17:43:53
a4bf48,VAR405,United States,33.2078,-113.0235,1676.4,63.28,179.53,False,2026-03-11 17:43:53
a5a9bc,N464P,United States,27.0537,-81.6981,830.58,41.41,26.57,False,2026-03-11 17:43:53
ac3794,N8868E,United States,33.1018,-112.1002,1188.72,29.14,69.33,False,2026-03-11 17:43:53
ab9a5c,N847FE,United States,30.3711,-98.001,1524.0,85.43,130.11,False,2026-03-11 17:43:53
a65fae,KOW51,United States,42.031,-80.2402,14325.6,290.56,94.57,False,2026-03-11 17:43:53
a7b169,EJA595,United States,36.8871,-76.2006,,0.0,129.38,True,2026-03-11 17:43:53
a6193b,WUP492,United States,30.0863,-93.2454,10355.58,243.56,76.32,False,2026-03-11 17:43:53
a9ea5d,SKW4305,United States,44.8111,-93.0304,1097.28,98.99,300.96,False,2026-03-11 17:43:53
a89fa3,DAL8932,United States,42.958,-87.8973,,0.0,272.81,True,2026-03-11 17:43:53
a8e479,BOG72,United States,37.9468,-89.2163,12504.42,264.74,112.63,False,2026-03-11 17:43:53
a5f953,N484VC,United States,33.8876,-118.2591,144.78,35.11,219.05,False,2026-03-11 17:43:53
a6ff0a,N55WD,United States,38.2435,-92.4355,11277.6,289.57,39.23,False,2026-03-11 17:43:53
a85931,QXE2134,United States,34.0611,-117.3614,1181.1,93.91,237.53,False,2026-03-11 17:43:53
a008b7,N101DA,United States,36.2199,-85.9825,1120.14,94.1,63.72,False,2026-03-11 17:43:53
ae4a1c,BRCAT11,United States,33.26,-103.8959,4107.18,102.61,291.16,False,2026-03-11 17:43:53
ad9dfd,N977DM,United States,36.6755,-80.0076,12923.52,182.57,197.21,False,2026-03-11 17:43:53
ae4a1a,BOMR774,United States,27.7526,-97.2016,1996.44,110.44,207.16,False,2026-03-11 17:43:53
a52cc8,RPA4446,United States,38.8004,-80.7939,9144.0,202.34,267.67,False,2026-03-11 17:43:53
a70c08,N553RA,United States,33.0744,-97.5634,792.48,47.51,326.48,False,2026-03-11 17:43:53
abea47,EJA867,United States,26.9983,-81.4768,2895.6,142.13,156.31,False,2026-03-11 17:43:53
a9b4de,UAL1493,United States,28.6257,-87.7825,10363.2,217.68,287.75,False,2026-03-11 17:43:53
ac379a,SWA3521,United States,38.3428,-103.5537,11277.6,263.02,78.49,False,2026-03-11 17:43:53
acd4d7,DAL1406,United States,30.2029,-97.6629,,0.0,225.0,True,2026-03-11 17:43:53
a5cc19,UAL1742,United States,41.4301,-81.8257,480.06,68.3,230.19,False,2026-03-11 17:43:53
ae14bc,MNTNA44,United States,27.5932,-96.8518,2476.5,72.82,203.3,False,2026-03-11 17:43:53
a5cc15,UAL1061,United States,41.5961,-89.5818,8260.08,202.69,243.63,False,2026-03-11 17:43:53
a5cc11,UAL2128,United States,34.2519,-117.3174,10668.0,254.12,106.34,False,2026-03-11 17:43:53
a008c9,DAL1433,United States,43.286,-86.4255,7010.4,250.81,87.3,False,2026-03-11 17:43:53
ac1d9a,N88XS,United States,32.8502,-84.5899,4160.52,108.03,180.27,False,2026-03-11 17:43:53
ad3d84,EJA952,United States,40.2264,-112.2532,3474.72,188.48,123.65,False,2026-03-11 17:43:53
a4d971,N411SK,United States,28.0714,-82.789,845.82,73.87,174.81,False,2026-03-11 17:43:53
ae4a23,BB154,United States,31.1359,-87.2034,3695.7,129.25,222.58,False,2026-03-11 17:43:53
ac247a,SWA426,United States,33.4408,-111.9995,243.84,78.71,269.63,False,2026-03-11 17:43:53
acc23f,DAL1325,United States,30.1442,-78.5469,10058.4,221.04,7.49,False,2026-03-11 17:43:53
0d10a0,XBBDT,Mexico,26.033,-100.1206,1325.88,99.47,212.54,False,2026-03-11 17:43:53
ada5ee,JBU35,United States,40.008,-75.8438,8686.8,217.62,248.65,False,2026-03-11 17:43:53
aae2fa,N800MK,United States,39.4667,-75.9911,4579.62,192.58,42.73,False,2026-03-11 17:43:53
abb595,SWA4400,United States,42.7138,-85.6414,3467.1,179.7,172.1,False,2026-03-11 17:43:53
a7b0c4,JBU597,United States,37.2592,-75.8688,10972.8,225.47,206.86,False,2026-03-11 17:43:53
a880c8,RPA3543,United States,38.9531,-77.4385,,2.57,0.0,True,2026-03-11 17:43:53
a02b2c,N11PN,United States,36.1815,-113.2624,3070.86,75.0,13.08,False,2026-03-11 17:43:53
a248d7,N2461U,United States,31.88,-81.5269,388.62,33.34,321.89,False,2026-03-11 17:43:53
a248d2,N2461P,United States,30.0854,-89.894,304.8,48.0,120.96,False,2026-03-11 17:43:53
a45091,DAL801,United States,36.5791,-80.8745,11582.4,208.81,225.4,False,2026-03-11 17:43:53
a0454a,N1163M,United States,30.1941,-98.0591,2286.0,148.56,96.36,False,2026-03-11 17:43:53
a27e43,N26SQ,United States,38.9867,-113.0322,12192.0,166.28,199.33,False,2026-03-11 17:43:53
a903cd,N680G,United States,32.8905,-111.9477,12496.8,237.5,101.12,False,2026-03-11 17:43:53
addb2b,KOW992,United States,33.4328,-112.0857,1524.0,111.12,269.73,False,2026-03-11 17:43:53
a368b4,ERU319,United States,29.4325,-81.3525,693.42,85.17,79.91,False,2026-03-11 17:43:53
a82039,N6221U,United States,37.2028,-76.4424,647.7,44.82,131.74,False,2026-03-11 17:43:53
a84699,EJA632,United States,34.7195,-79.3974,12496.8,235.85,29.25,False,2026-03-11 17:43:53
ad8b61,LYM3912,United States,45.9437,-89.7063,4015.74,173.04,12.01,False,2026-03-11 17:43:53
a6f367,GPD547,United States,43.6557,-70.5751,1211.58,120.7,81.42,False,2026-03-11 17:43:53
a9f0a5,N74ER,United States,33.3064,-111.4351,1295.4,39.31,132.88,False,2026-03-11 17:43:53
a9b671,N725DG,United States,27.376,-80.8243,2042.16,67.45,21.48,False,2026-03-11 17:43:53
a8467b,N632PM,United States,39.3494,-121.9267,975.36,83.11,335.5,False,2026-03-11 17:43:53
a248e3,AVL312,United States,37.8744,-77.4464,914.4,57.49,173.32,False,2026-03-11 17:43:53
a14b1a,UAL2269,United States,39.5035,-98.2443,10668.0,271.27,94.02,False,2026-03-11 17:43:53
ad42fa,N9536D,United States,34.1971,-118.4909,,0.06,357.19,True,2026-03-11 17:43:53
ad8b92,N972FB,United States,26.1745,-80.074,2065.02,124.65,250.22,False,2026-03-11 17:43:53
a2981e,N2663X,United States,35.6085,-81.2026,708.66,52.46,318.18,False,2026-03-11 17:43:53
ade252,JBU2829,United States,39.674,-71.205,9456.42,238.68,189.93,False,2026-03-11 17:43:53
a008ef,N101FG,United States,32.3876,-88.9986,6050.28,170.05,273.3,False,2026-03-11 17:43:53
aba281,AAL1932,United States,41.9739,-87.8999,,0.9,247.5,True,2026-03-11 17:43:53
a7b0ce,N595JM,United States,41.4036,-70.6283,60.96,47.43,126.62,False,2026-03-11 17:43:53
ae62f9,HAWK222,United States,27.4416,-98.7443,0.0,153.85,346.66,False,2026-03-11 17:43:53
a2e806,ASA298,United States,47.0515,-116.6946,10058.4,292.86,96.15,False,2026-03-11 17:43:53
a5c077,CXK305,United States,36.2641,-115.2429,807.72,50.06,230.42,False,2026-03-11 17:43:53
aa8164,AAL1422,United States,32.7357,-90.0554,10972.8,212.04,187.11,False,2026-03-11 17:43:53
a8f6ef,NKS1605,United States,40.6873,-87.6457,8321.04,213.26,157.15,False,2026-03-11 17:43:53
aa31ed,SKW4966,United States,33.0874,-98.3465,7947.66,212.63,288.04,False,2026-03-11 17:43:53
ae0250,HOBBY55,United States,31.2896,-92.8077,7315.2,149.84,289.24,False,2026-03-11 17:43:53
a3f518,EJA354,United States,34.8751,-85.4119,9753.6,182.28,226.03,False,2026-03-11 17:43:53
a8469e,QXE2071,United States,32.6694,-116.6274,6065.52,195.02,91.21,False,2026-03-11 17:43:53
a57041,,United States,25.8221,-80.7316,548.64,39.62,127.61,False,2026-03-11 17:43:53
a7000a,,United States,40.698,-74.1715,,5.14,137.81,True,2026-03-11 17:43:53
a84663,JIA5127,United States,33.4877,-88.3052,7749.54,189.32,269.53,False,2026-03-11 17:43:53
ad928b,ASA473,United States,47.4479,-122.3062,,6.43,14.06,True,2026-03-11 17:43:53
ad928e,AAL3151,United States,28.7503,-98.9152,10972.8,196.45,203.95,False,2026-03-11 17:43:53
acbb9f,OST8,United States,36.3058,-97.2112,853.44,40.55,324.29,False,2026-03-11 17:43:53
ab77b0,N838SP,United States,39.5827,-104.8522,1828.8,45.97,354.86,False,2026-03-11 17:43:53
a04597,N1165U,United States,29.8831,-98.2933,1409.7,57.11,0.52,False,2026-03-11 17:43:53
a88cbf,PDT5907,United States,42.6372,-76.0023,4107.18,176.25,170.59,False,2026-03-11 17:43:53
aa7a61,SWA837,United States,27.8623,-93.3861,11887.2,235.25,137.66,False,2026-03-11 17:43:53
a6ec56,AAL3068,United States,35.9448,-85.173,11140.44,257.34,91.72,False,2026-03-11 17:43:53
a5cc4c,AAL2038,United States,34.3932,-106.9755,10050.78,246.42,89.76,False,2026-03-11 17:43:53
a9c950,N73GH,United States,36.0785,-81.224,12496.8,232.3,6.1,False,2026-03-11 17:43:53
c02f6a,WJA2261,Canada,31.8799,-95.0657,10538.46,246.34,343.87,False,2026-03-11 17:43:53
a2bb10,SWA1841,United States,37.5439,-121.8793,1653.54,110.3,278.58,False,2026-03-11 17:43:53
c083aa,WJA538,Canada,49.1541,-118.3068,10058.4,294.33,86.39,False,2026-03-11 17:43:53
a9797b,N7098P,United States,33.2635,-111.8154,304.8,21.93,50.71,False,2026-03-11 17:43:53
ab77ac,SKW3910,United States,38.9475,-77.4549,,0.06,258.75,True,2026-03-11 17:43:53
a6f326,JIA5071,United States,40.3425,-75.0809,8503.92,205.32,227.23,False,2026-03-11 17:43:53
ac370b,SWA683,United States,31.8474,-103.6778,8839.2,243.01,85.63,False,2026-03-11 17:43:53
a9b62c,AAL103,United States,45.5781,-69.1421,9753.6,228.28,205.35,False,2026-03-11 17:43:53
aaf70f,N8052A,United States,32.8896,-96.2024,1729.74,43.33,312.59,False,2026-03-11 17:43:53
a83323,N6274A,United States,35.7407,-118.7792,2537.46,76.62,334.12,False,2026-03-11 17:43:53
a1a218,ENY3541,United States,41.2053,-99.0435,9144.0,203.35,251.57,False,2026-03-11 17:43:53
a5e67d,N48CL,United States,35.9368,-78.7078,609.6,55.3,224.25,False,2026-03-11 17:43:53
a355c1,AVL314,United States,38.3474,-77.5821,1348.74,37.59,267.65,False,2026-03-11 17:43:53
ae62fd,HAWK285,United States,26.6978,-98.221,2766.06,166.83,117.75,False,2026-03-11 17:43:53
a5cc72,N473CA,United States,32.9237,-117.2768,1303.02,52.27,349.8,False,2026-03-11 17:43:53
ae62fe,BLZR286,United States,27.5464,-98.3938,3665.22,156.16,329.3,False,2026-03-11 17:43:53
a653f7,N507AF,United States,33.6008,-96.5809,426.72,41.68,65.97,False,2026-03-11 17:43:53
a1c86c,N214AP,United States,30.6532,-98.3064,1386.84,42.95,214.26,False,2026-03-11 17:43:53
c01c52,ACA104,Canada,49.0348,-113.1183,11887.2,290.7,93.55,False,2026-03-11 17:43:53
a235f5,CXK230,United States,35.3992,-80.7065,228.6,37.13,190.38,False,2026-03-11 17:43:53
a8efec,N675SS,United States,31.6931,-85.9631,8839.2,219.73,103.68,False,2026-03-11 17:43:53
a475a3,DAL973,United States,37.2561,-79.9939,10355.58,214.07,227.34,False,2026-03-11 17:43:53
a8e3b3,FFT4928,United States,36.3311,-111.2143,11277.6,250.08,63.49,False,2026-03-11 17:43:53
a1c868,ASA420,United States,46.0969,-114.3809,9441.18,286.57,109.83,False,2026-03-11 17:43:53
a2e83c,N287CP,United States,40.5564,-112.3689,2141.22,75.36,175.3,False,2026-03-11 17:43:53
a57061,N45GH,United States,33.4303,-112.0032,,4.63,174.38,True,2026-03-11 17:43:53
ad07a6,NFX102,United States,34.2026,-118.3601,,0.0,255.94,True,2026-03-11 17:43:53
a9c937,N73FH,United States,35.0121,-98.8681,10058.4,193.17,114.38,False,2026-03-11 17:43:53
ab0416,,United States,28.4162,-81.3141,,0.0,109.69,True,2026-03-11 17:43:53
ac1d18,N88SM,United States,39.9199,-74.2765,342.9,57.87,46.8,False,2026-03-11 17:43:53
a520f9,N43CB,United States,28.5455,-81.3362,,7.46,67.5,True,2026-03-11 17:43:53
a41510,N362PS,United States,28.5499,-81.8464,533.4,48.53,111.12,False,2026-03-11 17:43:53
a28545,KAP78,United States,42.875,-71.3639,1805.94,87.76,317.61,False,2026-03-11 17:43:53
aaa7bd,N786KM,United States,28.6529,-81.8169,822.96,61.14,345.38,False,2026-03-11 17:43:53
a1fbb2,ASA967,United States,37.7109,-122.2156,,0.0,306.56,True,2026-03-11 17:43:53
ab77d5,UAL8105,United States,36.3745,-86.723,10530.84,229.45,154.93,False,2026-03-11 17:43:53
c083f2,ACA1023,Canada,34.2709,-80.8168,11887.2,233.62,8.61,False,2026-03-11 17:43:53
a0589c,N121NG,United States,36.1063,-86.1596,1508.76,57.4,284.53,False,2026-03-11 17:43:53
a5cc8c,N473DB,United States,37.2343,-84.7007,10058.4,212.12,100.06,False,2026-03-11 17:43:53
a7134a,N555PG,United States,32.521,-97.6394,1752.6,113.28,53.49,False,2026-03-11 17:43:53
aa2abc,AAL1714,United States,38.8557,-77.0417,,1.54,334.69,True,2026-03-11 17:43:53
ad929d,N974BC,United States,25.6775,-80.5272,281.94,52.72,252.98,False,2026-03-11 17:43:53
ab0425,JRE809,United States,36.4302,-99.5473,13114.02,195.42,316.6,False,2026-03-11 17:43:53
ade27a,N994LA,United States,33.1954,-112.1289,1737.36,55.66,278.5,False,2026-03-11 17:43:53
ab64b8,AAL1534,United States,37.8997,-88.2183,8534.4,200.23,262.62,False,2026-03-11 17:43:53
a7bcd6,N598TP,United States,34.0164,-118.4521,,0.0,123.75,True,2026-03-11 17:43:53
a773dc,N58DB,United States,39.2877,-104.5012,2941.32,94.79,117.12,False,2026-03-11 17:43:53
c02358,JZA64,Canada,49.1819,-121.9959,5600.7,230.04,84.35,False,2026-03-11 17:43:53
a27e53,N26TF,United States,33.8337,-117.4975,967.74,46.53,275.71,False,2026-03-11 17:43:53
ad68ba,EJA963,United States,36.4315,-106.1027,11887.2,254.37,131.56,False,2026-03-11 17:43:53
a6fec4,N55TJ,United States,27.3488,-80.866,5791.2,154.58,340.36,False,2026-03-11 17:43:53
abc843,SFY118,United States,27.8042,-80.726,685.8,32.08,74.18,False,2026-03-11 17:43:53
a5ded5,N478AC,United States,32.223,-97.3716,1051.56,69.11,29.43,False,2026-03-11 17:43:53
a51b58,SWA295,United States,41.4283,-83.4499,11971.02,177.81,273.48,False,2026-03-11 17:43:53
ac48f2,,United States,38.1706,-113.3703,10668.0,269.0,107.01,False,2026-03-11 17:43:53
a39243,JBU2784,United States,40.4589,-73.4797,1386.84,138.16,28.95,False,2026-03-11 17:43:53
ab5219,N8288X,United States,26.6011,-80.0871,-30.48,33.63,150.69,False,2026-03-11 17:43:53
a53570,N4348F,United States,42.793,-71.7527,1112.52,31.08,192.43,False,2026-03-11 17:43:53
c0360e,WJA2608,Canada,41.4777,-110.2411,10066.02,258.25,151.7,False,2026-03-11 17:43:53
a2d573,ASA9421,United States,42.4165,-111.5793,12496.8,274.58,120.26,False,2026-03-11 17:43:53
a6b840,JIA5637,United States,42.9462,-87.9001,,0.0,340.31,True,2026-03-11 17:43:53
abae2c,SWA1599,United States,32.8155,-111.7641,11277.6,244.47,100.67,False,2026-03-11 17:43:53
a5e5d1,N47965,United States,43.462,-116.107,1524.0,48.33,117.93,False,2026-03-11 17:43:53
a45bd7,FFT3219,United States,40.5231,-111.9341,2606.04,111.04,354.95,False,2026-03-11 17:43:53
aa4535,N76091,United States,33.9499,-117.4353,,0.0,90.0,True,2026-03-11 17:43:53
a38b61,JBU322,United States,35.0666,-77.3718,11277.6,229.15,26.39,False,2026-03-11 17:43:53
aa2b21,RPA3426,United States,39.7933,-86.1859,845.82,90.58,225.23,False,2026-03-11 17:43:53
a39e7d,AAY1309,United States,28.7818,-81.2541,-30.48,69.45,90.42,False,2026-03-11 17:43:53
a5dee4,N478AT,United States,26.591,-80.0843,-91.44,4.12,180.0,False,2026-03-11 17:43:53
a5dee3,ASA417,United States,37.5817,-113.4544,10668.0,255.11,150.13,False,2026-03-11 17:43:53
a1a260,N204RK,United States,27.2653,-82.6129,1318.26,70.94,320.89,False,2026-03-11 17:43:53
a64e67,VJA505,United States,37.3571,-121.9284,,0.0,84.38,True,2026-03-11 17:43:53
a21bea,RPA5741,United States,37.4058,-77.2594,9448.8,224.3,7.78,False,2026-03-11 17:43:53
a605eb,N4877D,United States,32.4987,-96.8337,777.24,57.14,136.82,False,2026-03-11 17:43:53
a4abde,N40SF,United States,31.5141,-84.2156,342.9,37.13,222.75,False,2026-03-11 17:43:53
a2e87e,FDX3824,United States,37.715,-122.2312,,6.69,42.19,True,2026-03-11 17:43:53
a39e83,ASI844,United States,33.688,-112.0498,640.08,40.65,128.32,False,2026-03-11 17:43:53
aae2a5,N800J,United States,38.8566,-77.0404,,7.72,323.44,True,2026-03-11 17:43:53
a355f4,N314CW,United States,37.9502,-106.0664,12192.0,182.69,262.39,False,2026-03-11 17:43:53
ad68f0,SKW5087,United States,30.9589,-93.1576,7620.0,195.42,250.47,False,2026-03-11 17:43:53
a605f0,N4877J,United States,44.5565,-94.0331,883.92,25.63,280.41,False,2026-03-11 17:43:53
a1ae99,CXK408,United States,40.2029,-111.7083,1402.08,42.1,128.55,False,2026-03-11 17:43:53
a2c224,SKW3787,United States,33.632,-84.2889,883.92,85.4,269.65,False,2026-03-11 17:43:53
a63b41,N500PM,United States,28.5511,-81.3358,,0.0,188.44,True,2026-03-11 17:43:53
ab5e6c,SWA3552,United States,36.0099,-109.3073,11887.2,234.18,52.68,False,2026-03-11 17:43:53
8015a5,AIC191,India,42.5905,-68.328,8534.4,222.31,264.29,False,2026-03-11 17:43:53
a9a399,AAL51,United States,44.8381,-95.7135,10972.8,235.2,194.31,False,2026-03-11 17:43:53
a858f6,JIA5141,United States,35.6188,-91.5403,9448.8,220.61,159.24,False,2026-03-11 17:43:53
a9a397,ASA21,United States,47.6153,-118.1589,10972.8,163.62,277.95,False,2026-03-11 17:43:53
a4abef,N40SY,United States,34.6121,-82.2715,1082.04,71.02,329.53,False,2026-03-11 17:43:53
a26b4a,ENY3775,United States,35.7411,-92.2191,9715.5,257.07,78.69,False,2026-03-11 17:43:53
c01c28,WJA1110,Canada,36.6962,-76.9035,11582.4,221.85,193.68,False,2026-03-11 17:43:53
a2d549,N2819D,United States,27.4242,-82.5876,205.74,35.38,139.13,False,2026-03-11 17:43:53
acce1a,JUMP4,United States,32.8368,-111.5449,883.92,73.23,265.97,False,2026-03-11 17:43:53
a2c211,N277SD,United States,38.3476,-120.9721,457.2,56.94,108.43,False,2026-03-11 17:43:53
a5cbd9,N4727D,United States,33.5441,-117.1256,502.92,39.22,286.77,False,2026-03-11 17:43:53
a1b573,SWA1853,United States,34.055,-117.5759,228.6,73.57,270.0,False,2026-03-11 17:43:53
a70bc9,JIA5489,United States,29.1525,-81.2425,1150.62,135.21,263.23,False,2026-03-11 17:43:53
abb52c,SWA4014,United States,38.5959,-91.765,12192.0,180.21,236.17,False,2026-03-11 17:43:53
aadbe1,N7990W,United States,34.1434,-117.531,1127.76,52.0,117.07,False,2026-03-11 17:43:53
a3ee2f,N352W,United States,32.3265,-78.393,13708.38,261.76,139.86,False,2026-03-11 17:43:53
a0a7a0,AAL1669,United States,34.384,-106.2716,9448.8,249.64,91.89,False,2026-03-11 17:43:53
ae1534,RHODY11,United States,41.0502,-71.5036,2880.36,126.92,258.78,False,2026-03-11 17:43:53
a6b810,N532CC,United States,31.8089,-82.4451,10668.0,232.42,339.8,False,2026-03-11 17:43:53
a057c7,DAL3123,United States,38.6793,-107.3828,10058.4,283.36,129.99,False,2026-03-11 17:43:53
a7008f,N550MS,United States,38.2529,-91.4054,12192.0,159.75,266.68,False,2026-03-11 17:43:53
c07193,WJA2408,Canada,49.0426,-112.9164,10058.4,256.96,164.8,False,2026-03-11 17:43:53
adf50d,N999LA,United States,34.2082,-119.3334,1280.16,55.26,65.82,False,2026-03-11 17:43:53
adf50e,N999LB,United States,32.2714,-82.0752,13716.0,242.29,162.83,False,2026-03-11 17:43:53
a3b8f5,AAL2398,United States,45.4332,-98.4784,10363.2,206.03,281.81,False,2026-03-11 17:43:53
abae62,SWA1200,United States,31.8308,-78.2892,11887.2,218.19,8.0,False,2026-03-11 17:43:53
ad8b20,AAL1674,United States,35.5648,-78.5345,10713.72,233.76,27.24,False,2026-03-11 17:43:53
a70092,N550MV,United States,38.9682,-95.0516,13106.4,212.38,217.62,False,2026-03-11 17:43:53
a057cc,DAL2134,United States,44.8468,-93.4158,2750.82,152.93,109.04,False,2026-03-11 17:43:53
ac1be9,N88EJ,United States,36.8337,-110.1113,13106.4,206.61,251.11,False,2026-03-11 17:43:53
ad0887,EJA939,United States,39.0984,-100.4389,13106.4,183.82,285.09,False,2026-03-11 17:43:53
ac7e80,SKW5321,United States,30.0695,-93.0468,8321.04,225.93,79.64,False,2026-03-11 17:43:53
ab5e9b,SWA819,United States,37.131,-101.3581,10363.2,197.26,318.91,False,2026-03-11 17:43:53
0d116a,VOI1760,Mexico,39.8567,-104.6785,,9.26,90.0,True,2026-03-11 17:43:53
0d116b,VOI7770,Mexico,37.5818,-90.7276,11277.6,268.63,21.46,False,2026-03-11 17:43:53
a9536a,NJM70,United States,34.3788,-97.4579,11262.36,215.5,311.03,False,2026-03-11 17:43:53
acd54d,XSR926,United States,39.3368,-83.9146,11399.52,190.08,297.74,False,2026-03-11 17:43:53
adee4d,N997T,United States,40.4078,-80.1429,11277.6,204.39,61.76,False,2026-03-11 17:43:53
acce75,EJA924,United States,41.2157,-90.0657,10972.8,168.05,241.47,False,2026-03-11 17:43:53
a2bb89,UAL1917,United States,37.0813,-103.0082,8839.2,248.99,149.73,False,2026-03-11 17:43:53
a52e50,AAL1364,United States,26.0777,-80.3124,716.28,83.34,90.0,False,2026-03-11 17:43:53
a27299,NIT257,United States,32.3107,-83.1865,800.1,60.71,53.62,False,2026-03-11 17:43:53
a64e2a,SKW4987,United States,33.702,-111.9485,4610.1,180.09,43.96,False,2026-03-11 17:43:53
abb579,SWA3502,United States,35.3844,-110.7959,11277.6,254.85,106.9,False,2026-03-11 17:43:53
a52e54,ASA708,United States,32.4772,-110.2433,9144.0,222.97,283.75,False,2026-03-11 17:43:53
a63b03,N500M,United States,36.2386,-95.6746,12496.8,272.03,64.94,False,2026-03-11 17:43:53
ac8579,N906AC,United States,26.1396,-80.8107,6781.8,180.49,326.63,False,2026-03-11 17:43:53
a2d58d,N282BL,United States,28.0811,-81.7556,251.46,39.95,235.49,False,2026-03-11 17:43:53
ae62b3,HAWK211,United States,26.6978,-98.2215,0.0,167.96,117.35,False,2026-03-11 17:43:53
ad9e73,JBU323,United States,37.5813,-95.1102,10363.2,199.8,263.64,False,2026-03-11 17:43:53
a8e3fa,N672JM,United States,28.5514,-80.8128,137.16,66.21,108.58,False,2026-03-11 17:43:53
abae8f,SWA2416,United States,34.6096,-113.6714,10363.2,211.79,253.63,False,2026-03-11 17:43:53
ac22ea,TWY201,United States,35.7557,-102.6278,13723.62,258.2,86.57,False,2026-03-11 17:43:53
ac857b,PDT5802,United States,37.4809,-86.3905,6781.8,193.28,119.5,False,2026-03-11 17:43:53
a1a286,SKW4663,United States,40.946,-104.2535,8191.5,200.16,26.57,False,2026-03-11 17:43:53
a52e5b,ATN3332,United States,33.2786,-97.6739,10378.44,242.43,312.94,False,2026-03-11 17:43:53
a63b16,N500MU,United States,38.8428,-76.5949,175.26,21.21,219.09,False,2026-03-11 17:43:53
aad058,N796WW,United States,33.8139,-118.1492,-91.44,31.38,270.0,False,2026-03-11 17:43:53
ae13ca,CREEP31,United States,36.1001,-97.771,5516.88,100.5,338.69,False,2026-03-11 17:43:53
a0f73c,AAL1877,United States,32.552,-99.7304,8534.4,235.28,265.61,False,2026-03-11 17:43:53
ac2375,CTP881,United States,34.6034,-118.799,6667.5,166.16,330.1,False,2026-03-11 17:43:53
a1adab,SKW5292,United States,32.6297,-99.0954,10972.8,223.42,197.14,False,2026-03-11 17:43:53
4b0ef1,N626UT,Switzerland,44.5233,-73.2349,548.64,56.86,131.33,False,2026-03-11 17:43:53
c06a75,TSC484,Canada,40.8204,-74.3207,10363.2,231.47,202.06,False,2026-03-11 17:43:53
aa328f,RPA3592,United States,44.4591,-74.056,7101.84,215.89,347.06,False,2026-03-11 17:43:53
ae5c69,0   P,United States,36.2678,-77.2948,10370.82,219.02,218.32,False,2026-03-11 17:43:53
a94bfc,UAL1732,United States,43.3196,-73.7222,9753.6,202.24,285.95,False,2026-03-11 17:43:53
c08478,CGYEH,Canada,51.4812,-113.1748,1973.58,38.18,255.96,False,2026-03-11 17:43:53
a0e431,AAL2059,United States,36.1561,-90.7148,9738.36,204.98,267.27,False,2026-03-11 17:43:53
abfc97,SWA332,United States,29.9896,-98.4165,4754.88,204.55,19.85,False,2026-03-11 17:43:53
ae13ba,DREAD81,United States,30.6153,-87.5599,3870.96,82.28,293.2,False,2026-03-11 17:43:53
ae13bb,BALL61,United States,37.5752,-97.1334,1173.48,124.82,220.32,False,2026-03-11 17:43:53
abf049,N869AC,United States,37.9157,-81.6719,9456.42,207.6,326.11,False,2026-03-11 17:43:53
a9fe88,JRE743,United States,28.4729,-88.3314,13716.0,182.7,288.89,False,2026-03-11 17:43:53
a08d5d,N1347C,United States,39.3141,-78.1919,1219.2,66.86,309.69,False,2026-03-11 17:43:53
0d1130,VIV100,Mexico,36.8196,-76.6805,11285.22,243.24,42.43,False,2026-03-11 17:43:53
a76277,WSN3,United States,36.2774,-119.5004,6400.8,170.44,157.46,False,2026-03-11 17:43:53
a99b83,DAL479,United States,35.1124,-109.5981,10972.8,212.54,260.95,False,2026-03-11 17:43:53
ae5c58,,United States,30.4921,-88.5168,3307.08,186.13,74.12,False,2026-03-11 17:43:53
ada64d,AAL2645,United States,34.7964,-106.4085,4991.1,209.33,98.91,False,2026-03-11 17:43:53
a15db5,N1875A,United States,39.5542,-102.3578,13106.4,213.21,253.31,False,2026-03-11 17:43:53
a547b4,N43957,United States,34.2577,-118.5314,533.4,52.08,23.27,False,2026-03-11 17:43:53
aa92fc,UAL3904,United States,53.9344,-113.6781,12192.0,236.52,207.18,False,2026-03-11 17:43:53
a965f4,N7041Q,United States,36.1362,-76.1443,205.74,58.7,357.49,False,2026-03-11 17:43:53
c06a7d,TSC300,Canada,32.9643,-81.0906,9753.6,227.83,192.12,False,2026-03-11 17:43:53
c06a7b,TSC600,Canada,45.4642,-73.7369,,3.86,208.12,True,2026-03-11 17:43:53
a8d224,EDV5312,United States,31.9294,-83.7886,5189.22,191.66,159.08,False,2026-03-11 17:43:53
aa92ff,UAL876,United States,37.8264,-122.5963,3558.54,191.62,139.68,False,2026-03-11 17:43:53
a52da3,N4325R,United States,26.1865,-81.3047,701.04,48.31,153.43,False,2026-03-11 17:43:53
adf3e9,OZN969,United States,25.643,-80.4395,-91.44,28.88,85.91,False,2026-03-11 17:43:53
a0a7af,N141PC,United States,35.9192,-78.7467,274.32,53.11,224.22,False,2026-03-11 17:43:53
a87b8a,PDT6114,United States,31.566,-87.2731,8534.4,205.16,233.36,False,2026-03-11 17:43:53
ad4395,DAL2864,United States,42.6643,-81.198,9761.22,198.19,272.08,False,2026-03-11 17:43:53
0d113a,AMX681,Mexico,41.1526,-79.5344,11582.4,207.22,219.46,False,2026-03-11 17:43:53
ad4390,AAL849,United States,35.5106,-92.9681,10668.0,270.19,48.94,False,2026-03-11 17:43:53
a99b56,N718SA,United States,45.9768,-121.6362,7620.0,111.05,166.61,False,2026-03-11 17:43:53
a1173c,N17ED,United States,26.971,-81.2694,7315.2,205.78,320.58,False,2026-03-11 17:43:53
c08497,ACA138,Canada,51.1279,-114.0104,,0.0,300.94,True,2026-03-11 17:43:53
a8d231,TYSON57,United States,34.6464,-90.2512,12192.0,189.86,210.8,False,2026-03-11 17:43:53
a965fb,N7041X,United States,33.2616,-111.8026,487.68,38.89,232.52,False,2026-03-11 17:43:53
aa8bfa,ENY3812,United States,42.9279,-74.6439,9555.48,195.77,283.53,False,2026-03-11 17:43:53
ae00c8,COBRA35,United States,29.5253,-98.2662,,11.83,149.06,True,2026-03-11 17:43:53
a76298,N575SM,United States,33.5659,-117.1307,327.66,39.45,12.04,False,2026-03-11 17:43:53
a35701,EDV5190,United States,40.7729,-73.8655,,0.0,137.81,True,2026-03-11 17:43:53
a07a21,N13PD,United States,29.7069,-82.378,2461.26,78.82,9.77,False,2026-03-11 17:43:53
c06a80,TSC207,Canada,44.7996,-78.5006,9555.48,179.36,216.02,False,2026-03-11 17:43:53
ad4386,N954AC,United States,25.6234,-80.4417,518.16,43.66,248.57,False,2026-03-11 17:43:53
a7888c,ASA4,United States,45.2645,-107.3561,10668.0,276.31,105.33,False,2026-03-11 17:43:53
aa2b79,UAL683,United States,28.7751,-89.3528,7315.2,215.0,284.83,False,2026-03-11 17:43:53
a1f10d,N224ND,United States,37.9188,-120.5475,1112.52,48.37,60.71,False,2026-03-11 17:43:53
a5225b,N43SF,United States,38.9225,-97.6216,13106.4,301.76,84.62,False,2026-03-11 17:43:53
a582f9,SWA1379,United States,36.1186,-86.6664,,7.46,312.19,True,2026-03-11 17:43:53
a9aebc,ASA414,United States,43.5846,-114.8151,10058.4,287.89,121.33,False,2026-03-11 17:43:53
a9aeba,N723AJ,United States,40.6982,-112.0916,1676.4,53.84,315.77,False,2026-03-11 17:43:53
a5d2d4,UAL1232,United States,42.0983,-98.6995,10668.0,270.23,81.13,False,2026-03-11 17:43:53
c06a39,ACA845,Canada,45.9348,-72.4453,6065.52,173.01,243.13,False,2026-03-11 17:43:53
ad438e,ALFT6,United States,47.5261,-122.3016,,0.0,163.12,True,2026-03-11 17:43:53
a23782,N242AW,United States,39.6585,-91.5781,13716.0,192.58,262.32,False,2026-03-11 17:43:53
a1a1b6,RPA5761,United States,41.7744,-71.3137,3200.4,157.42,60.0,False,2026-03-11 17:43:53
c06a38,ACA301,Canada,49.7779,-121.3895,10088.88,188.72,239.17,False,2026-03-11 17:43:53
aa4587,ATN3203,United States,38.7931,-86.2809,7315.2,266.03,75.21,False,2026-03-11 17:43:53
a2110d,N232MM,United States,36.2256,-78.7124,1219.2,64.65,235.05,False,2026-03-11 17:43:53
a14ae0,CXK142,United States,40.1674,-103.69,1859.28,34.98,331.93,False,2026-03-11 17:43:53
ae00f3,ROTTEN1,United States,34.6778,-98.7042,1348.74,205.18,160.52,False,2026-03-11 17:43:53
a82bbd,N6254J,United States,32.6653,-117.2184,1127.76,57.42,202.66,False,2026-03-11 17:43:53
a90539,N680WP,United States,38.3773,-83.7672,13068.3,227.62,348.13,False,2026-03-11 17:43:53
ad4397,AVA028,United States,27.9931,-81.1281,3589.02,172.24,338.26,False,2026-03-11 17:43:53
a89545,QXE2344,United States,41.867,-123.2278,10668.0,231.58,178.47,False,2026-03-11 17:43:53
a65598,SKW5004,United States,42.1867,-120.3698,10363.2,181.06,341.62,False,2026-03-11 17:43:53
a83ef2,NKS2059,United States,30.5088,-78.9659,9753.6,231.99,196.22,False,2026-03-11 17:43:53
a83ef5,JIA5388,United States,38.9765,-78.4584,8046.72,193.62,274.88,False,2026-03-11 17:43:53
a6ebc6,,United States,38.8571,-77.0426,,4.63,81.56,True,2026-03-11 17:43:53
ae00e9,SCANT1,United States,28.2218,-98.6691,2331.72,185.26,6.22,False,2026-03-11 17:43:53
c021a4,CFMTF,Canada,51.5689,-114.2091,1996.44,50.67,12.91,False,2026-03-11 17:43:53
a88e51,N650SG,United States,28.8386,-96.4816,2956.56,160.36,80.02,False,2026-03-11 17:43:53
aa589c,JBU1039,United States,42.3681,-71.0178,,0.0,241.88,True,2026-03-11 17:43:53
a6b87a,SKW4783,United States,31.8092,-102.3463,1927.86,126.03,174.85,False,2026-03-11 17:43:53
a271b0,MXY203,United States,31.6375,-81.0853,10668.0,246.99,38.06,False,2026-03-11 17:43:53
a70be8,SFY208,United States,27.5046,-80.3613,152.4,38.35,83.07,False,2026-03-11 17:43:53
ad3098,SWA3578,United States,32.2728,-108.3877,11887.2,243.56,103.68,False,2026-03-11 17:43:53
ac981a,EJA910,United States,39.3231,-92.7244,6705.6,182.23,289.46,False,2026-03-11 17:43:53
a1b4ab,ENY3728,United States,26.9778,-99.6618,10972.8,188.47,203.49,False,2026-03-11 17:43:53
aa4572,N761CA,United States,28.7617,-81.054,662.94,42.68,105.38,False,2026-03-11 17:43:53
a02ae0,N11LM,United States,35.8073,-94.7903,9448.8,201.91,38.07,False,2026-03-11 17:43:53
a031bd,AAL513,United States,33.5616,-80.8348,10668.0,244.31,31.48,False,2026-03-11 17:43:53
a33d33,WOLF21,United States,35.2127,-113.1852,6705.6,175.28,324.68,False,2026-03-11 17:43:53
ae00ff,ROTTEN2,United States,34.6934,-98.7178,1866.9,190.03,104.26,False,2026-03-11 17:43:53
a3573a,REH7,United States,39.0861,-121.704,251.46,69.26,58.67,False,2026-03-11 17:43:53
a8de33,DAL406,United States,38.7618,-91.0258,10972.8,201.6,298.0,False,2026-03-11 17:43:53
a4771b,UPS2945,United States,37.7375,-86.4776,4465.32,205.87,79.93,False,2026-03-11 17:43:53
a07a58,N13RJ,United States,30.254,-82.4918,2682.24,83.14,167.86,False,2026-03-11 17:43:53
c0845b,CGYDE,Canada,51.3045,-114.3003,2042.16,52.02,8.53,False,2026-03-11 17:43:53
ac48ac,SWA3107,United States,25.5833,-78.4989,11582.4,233.13,285.35,False,2026-03-11 17:43:53
a6ebee,EJA545,United States,30.9238,-87.3654,9768.84,185.59,257.35,False,2026-03-11 17:43:53
a5d2dd,N4744C,United States,33.7888,-112.1298,1097.28,89.72,172.75,False,2026-03-11 17:43:53
a284b5,SWA1417,United States,39.8616,-95.2158,11582.4,180.57,247.38,False,2026-03-11 17:43:53
a09472,N1364U,United States,29.7851,-97.9526,1013.46,45.38,212.97,False,2026-03-11 17:43:53
a75b65,AAL3082,United States,30.534,-95.0403,9448.8,263.66,102.17,False,2026-03-11 17:43:53
ac2eaa,N884WE,United States,41.6845,-70.9535,2118.36,126.14,249.72,False,2026-03-11 17:43:53
ac48d3,SWA2782,United States,39.8691,-104.6622,,7.46,0.0,True,2026-03-11 17:43:53
a3572f,N314RL,United States,41.3066,-111.9394,3070.86,69.31,275.96,False,2026-03-11 17:43:53
0d0a21,VOI1883,Mexico,33.4342,-111.9923,,0.0,180.0,True,2026-03-11 17:43:53
a0ca2d,N15ZZ,United States,38.2146,-102.5819,13098.78,168.7,258.21,False,2026-03-11 17:43:53
a3572c,AAL1327,United States,31.4499,-78.6512,10972.8,240.97,196.11,False,2026-03-11 17:43:53
c08452,PAG639,Canada,51.4058,-96.5294,7315.2,116.83,201.71,False,2026-03-11 17:43:53
a3572d,N314RJ,United States,29.0831,-82.0547,251.46,78.15,20.82,False,2026-03-11 17:43:53
a7c54b,N60EA,United States,27.7966,-80.4797,2712.72,53.53,132.27,False,2026-03-11 17:43:53
abf09e,DAL2325,United States,34.027,-83.9496,2834.64,132.34,234.33,False,2026-03-11 17:43:53
a19a48,RPA5793,United States,37.3069,-78.8221,9753.6,223.47,216.76,False,2026-03-11 17:43:53
a0a7ff,SGX141,United States,28.7104,-79.1937,9646.92,244.42,189.2,False,2026-03-11 17:43:53
a77588,N58WE,United States,39.4491,-74.9176,10012.68,179.71,225.46,False,2026-03-11 17:43:53
a8de45,N6701T,United States,33.3968,-83.1379,1554.48,43.14,149.15,False,2026-03-11 17:43:53
aa9eef,SKW5657,United States,44.9123,-121.7832,10668.0,224.63,170.77,False,2026-03-11 17:43:53
a845f4,JBU2929,United States,34.0881,-78.0872,9189.72,253.66,157.34,False,2026-03-11 17:43:53
a19a2e,CHP21,United States,38.7213,-121.0765,1859.28,86.43,89.32,False,2026-03-11 17:43:53
a11f9d,UAL2381,United States,41.581,-102.6012,10668.0,272.82,71.87,False,2026-03-11 17:43:53
a4996b,DAL1511,United States,30.6047,-78.4905,10660.38,218.7,7.98,False,2026-03-11 17:43:53
a36661,AAL688,United States,35.4081,-76.9097,10972.8,231.4,204.29,False,2026-03-11 17:43:53
a3c975,SKQ65,United States,35.4888,-81.35,6400.8,167.78,78.86,False,2026-03-11 17:43:53
a0f355,SKW4809,United States,39.693,-93.9612,10363.2,179.78,236.08,False,2026-03-11 17:43:53
ab2731,N818BD,United States,36.2006,-120.7308,12496.8,250.93,130.84,False,2026-03-11 17:43:53
ab2738,N818BL,United States,32.6877,-96.8768,213.36,55.66,135.37,False,2026-03-11 17:43:53
ac2d09,DAL1901,United States,25.575,-102.3552,11582.4,209.74,210.02,False,2026-03-11 17:43:53
ac2d08,N884DM,United States,41.4776,-93.6473,1706.88,90.23,135.92,False,2026-03-11 17:43:53
a72f22,JBU1741,United States,36.4474,-76.4947,10363.2,230.7,208.79,False,2026-03-11 17:43:53
a59f53,SWA1063,United States,39.8644,-104.676,,5.4,241.88,True,2026-03-11 17:43:53
a6d9c3,AAL2763,United States,39.6469,-75.5283,10668.0,242.2,50.26,False,2026-03-11 17:43:53
a4995f,DAL372,United States,47.7735,-121.8823,2362.2,127.59,269.31,False,2026-03-11 17:43:53
c058ae,ROU1674,Canada,43.6125,-79.4052,3383.28,135.73,212.3,False,2026-03-11 17:43:53
ac4717,UAL2465,United States,37.1333,-83.2796,11894.82,239.79,152.12,False,2026-03-11 17:43:53
ac4716,OUA27,United States,35.0033,-97.2922,1333.5,81.63,190.53,False,2026-03-11 17:43:53
a88a9c,N65CJ,United States,25.2694,-98.8703,3200.4,64.14,210.88,False,2026-03-11 17:43:53
a35336,AAY2821,United States,29.5181,-81.5536,5524.5,216.39,337.64,False,2026-03-11 17:43:53
ab87bb,ERU842,United States,29.3501,-81.1187,693.42,55.96,96.86,False,2026-03-11 17:43:53
acd296,AAL3292,United States,32.1225,-104.7368,8534.4,217.72,262.94,False,2026-03-11 17:43:53
a58c24,ASI153,United States,33.6727,-112.0504,1021.08,39.31,263.99,False,2026-03-11 17:43:53
a58c29,AAL2930,United States,38.148,-100.1721,8831.58,260.44,91.81,False,2026-03-11 17:43:53
a47303,EJA386,United States,33.2082,-103.7829,13106.4,192.44,307.94,False,2026-03-11 17:43:53
a58c32,AWI7767,United States,34.7323,-85.3593,10363.2,196.78,235.44,False,2026-03-11 17:43:53
a1cffd,MXY828,United States,37.0953,-86.0163,11887.2,275.7,68.32,False,2026-03-11 17:43:53
a36659,UPS2987,United States,42.3229,-90.6697,6278.88,241.87,94.02,False,2026-03-11 17:43:53
a8b914,N661MS,United States,29.5854,-93.275,11605.26,217.85,282.13,False,2026-03-11 17:43:53
ab0d37,N811BL,United States,28.3401,-81.8185,1028.7,57.14,20.56,False,2026-03-11 17:43:53
a73600,N564CH,United States,38.374,-82.0531,7315.2,200.95,323.75,False,2026-03-11 17:43:53
a0b6f9,N145TN,United States,34.051,-117.6784,518.16,65.92,209.97,False,2026-03-11 17:43:53
a3fcd6,AAL2445,United States,33.4826,-85.2197,11277.6,270.03,83.99,False,2026-03-11 17:43:53
a2f6c4,BPX290,United States,29.6161,-81.4483,853.44,57.77,351.29,False,2026-03-11 17:43:53
a0b6ea,SKW5823,United States,41.9716,-87.9199,,0.0,270.0,True,2026-03-11 17:43:53
ab0d2e,QHD811,United States,37.7752,-86.9799,9448.8,224.71,77.84,False,2026-03-11 17:43:53
0d0e58,XAGVT,Mexico,31.9843,-107.5669,8534.4,138.12,281.6,False,2026-03-11 17:43:53
a3795a,JBU1499,United States,40.234,-73.1425,10363.2,229.42,219.72,False,2026-03-11 17:43:53
a449e5,DAL2507,United States,26.0627,-81.3793,5036.82,191.9,115.74,False,2026-03-11 17:43:53
c07b05,ACA1113,Canada,52.1738,-106.6973,,8.75,160.31,True,2026-03-11 17:43:53
ad4d12,AAL757,United States,35.1515,-102.5373,9144.0,213.68,301.01,False,2026-03-11 17:43:53
a2f6aa,N290ND,United States,29.0847,-82.1043,1310.64,68.24,310.41,False,2026-03-11 17:43:53
a2463c,N2459Y,United States,41.9946,-71.2626,1066.8,32.03,209.86,False,2026-03-11 17:43:53
a2463a,N2459W,United States,33.4565,-111.7033,800.1,54.01,287.74,False,2026-03-11 17:43:53
ac2d32,FDX6014,United States,39.7238,-86.2744,342.9,73.13,224.14,False,2026-03-11 17:43:53
a8da83,N67MS,United States,28.1542,-82.2521,998.22,60.71,359.03,False,2026-03-11 17:43:53
ac340a,SWA892,United States,39.0752,-77.2589,5364.48,172.4,208.32,False,2026-03-11 17:43:53
ab0104,EJA808,United States,37.3608,-93.6418,13106.4,215.36,283.54,False,2026-03-11 17:43:53
a3661f,AAL1686,United States,33.4964,-116.7484,7597.14,230.99,90.26,False,2026-03-11 17:43:53
a22003,ENY4125,United States,32.8638,-80.1046,1181.1,103.06,276.59,False,2026-03-11 17:43:53
aaa4b3,SKW5530,United States,38.1197,-85.3843,10972.8,182.49,264.34,False,2026-03-11 17:43:53
a23333,N2406K,United States,38.4844,-122.8082,152.4,42.1,234.95,False,2026-03-11 17:43:53
0d0e5e,VIV2263,Mexico,29.3647,-107.809,10668.0,241.22,111.26,False,2026-03-11 17:43:53
a186fb,N198ME,United States,38.496,-121.7866,152.4,37.59,357.65,False,2026-03-11 17:43:53
a5dc0c,CBC477,United States,47.2285,-121.8518,2971.8,107.58,303.69,False,2026-03-11 17:43:53
a36636,AAL2677,United States,33.9751,-100.8985,9144.0,220.86,299.13,False,2026-03-11 17:43:53
c02067,MAL7090,Canada,45.8182,-83.1907,11582.4,199.52,307.67,False,2026-03-11 17:43:53
ad5418,N958TR,United States,38.6776,-120.7092,731.52,17.1,6.91,False,2026-03-11 17:43:53
adb723,JBU1216,United States,38.8117,-105.6091,10066.02,278.34,89.15,False,2026-03-11 17:43:53
a3536d,N313R,United States,33.9537,-117.6563,1371.6,75.7,211.1,False,2026-03-11 17:43:53
a6b48f,JIA5433,United States,41.0416,-73.9839,8542.02,208.82,231.8,False,2026-03-11 17:43:53
a410b3,ASA807,United States,35.4355,-115.6218,6324.6,197.04,227.86,False,2026-03-11 17:43:53
abaaa8,SWA173,United States,44.9036,-117.6628,11582.4,187.64,311.78,False,2026-03-11 17:43:53
a2d0b9,OXF5345,United States,33.0363,-111.3652,1348.74,54.43,53.46,False,2026-03-11 17:43:53
a35365,EJA313,United States,42.9043,-88.0311,1691.64,126.17,192.96,False,2026-03-11 17:43:53
a04e00,DAL2610,United States,44.7369,-93.0454,1165.86,76.48,33.48,False,2026-03-11 17:43:53
a3c940,VJA343,United States,44.9259,-89.7435,13098.78,214.39,283.04,False,2026-03-11 17:43:53
0d0e01,VOI3001,Mexico,28.8673,-111.4946,10980.42,229.72,317.27,False,2026-03-11 17:43:53
c0204b,CFC0536,Canada,45.0064,-100.3038,4198.62,108.51,350.45,False,2026-03-11 17:43:53
ab0d76,DAL809,United States,36.5123,-104.2999,9753.6,218.35,257.9,False,2026-03-11 17:43:53
c0337d,MAL8067,Canada,52.1467,-107.2787,2026.92,137.97,70.62,False,2026-03-11 17:43:53
a2d0b2,OXF5246,United States,33.0883,-111.4241,891.54,41.63,219.99,False,2026-03-11 17:43:53
aaf446,N80484,United States,39.4864,-77.0487,746.76,56.2,11.62,False,2026-03-11 17:43:53
a4732c,SLH386,United States,34.1925,-111.4543,6705.6,188.09,32.6,False,2026-03-11 17:43:53
a423d7,DAL1308,United States,38.1935,-89.5848,10675.62,232.74,130.7,False,2026-03-11 17:43:53
a961b5,N703WP,United States,33.9824,-118.1676,38.1,38.15,349.9,False,2026-03-11 17:43:53
a66fa9,BPX204,United States,29.4413,-81.208,213.36,50.04,14.89,False,2026-03-11 17:43:53
a96def,N7065R,United States,32.9893,-111.8706,1272.54,48.49,197.28,False,2026-03-11 17:43:53
ac210e,SWA9002,United States,27.7981,-97.5365,175.26,78.23,136.33,False,2026-03-11 17:43:53
a1b0c2,N208LN,United States,31.3596,-86.5046,2529.84,48.42,222.85,False,2026-03-11 17:43:53
a1bcfd,N2108L,United States,33.7021,-83.6491,1333.5,44.67,305.15,False,2026-03-11 17:43:53
a88a96,N65CC,United States,38.9057,-77.4531,891.54,95.7,217.79,False,2026-03-11 17:43:53
abc4be,SWA2111,United States,32.5806,-96.5439,1623.06,133.92,313.44,False,2026-03-11 17:43:53
a34c68,ENY3544,United States,42.5061,-92.2241,10058.4,272.46,81.64,False,2026-03-11 17:43:53
a3534a,EDV5273,United States,39.6078,-75.1891,5463.54,196.53,41.07,False,2026-03-11 17:43:53
a689b7,N520JA,United States,32.9907,-79.9316,2156.46,95.96,4.3,False,2026-03-11 17:43:53
ad675d,DAL3116,United States,34.2139,-84.3113,4701.54,216.06,29.37,False,2026-03-11 17:43:53
ab0d87,ERU811,United States,29.4741,-81.1216,571.5,51.56,155.22,False,2026-03-11 17:43:53
ac7aaa,KEN1710,United States,47.521,-122.2949,106.68,41.48,150.26,False,2026-03-11 17:43:53
a423c4,DAL2800,United States,39.1753,-108.0792,10652.76,285.55,122.72,False,2026-03-11 17:43:53
a689bd,N520JG,United States,40.3543,-79.915,457.2,67.39,270.0,False,2026-03-11 17:43:53
ac1a44,SWA1305,United States,41.597,-79.5226,7802.88,255.26,11.63,False,2026-03-11 17:43:53
a303d8,N2936Q,United States,33.4844,-97.0242,1447.8,46.52,10.19,False,2026-03-11 17:43:53
a2dce1,ASA502,United States,43.5931,-115.5666,10058.4,284.09,128.53,False,2026-03-11 17:43:53
a90d85,N68236,United States,46.2177,-123.0841,2987.04,98.18,354.59,False,2026-03-11 17:43:53
a34c57,AAL2590,United States,38.2157,-101.7267,11277.6,262.15,76.26,False,2026-03-11 17:43:53
ad04d0,EJA938,United States,35.6601,-118.6795,11209.02,195.53,358.79,False,2026-03-11 17:43:53
c02070,CFMHJ,Canada,44.1864,-84.3945,6705.6,107.53,277.98,False,2026-03-11 17:43:53
a9bddb,N727DC,United States,29.0259,-82.2651,556.26,57.11,7.77,False,2026-03-11 17:43:53
ab013c,SCX573,United States,27.5115,-89.4035,11277.6,231.94,159.76,False,2026-03-11 17:43:53
ac7aba,ASI414,United States,33.6899,-112.0765,396.24,40.25,85.6,False,2026-03-11 17:43:53
a34017,N3085F,United States,33.431,-90.7081,2415.54,68.61,259.2,False,2026-03-11 17:43:53
800582,AIC187,India,44.2533,-79.0506,6080.76,166.73,215.46,False,2026-03-11 17:43:53
abc4d8,SWA2294,United States,28.2425,-82.7426,5638.8,191.22,347.57,False,2026-03-11 17:43:53
a6acf7,N52916,United States,42.381,-71.8144,960.12,44.22,209.25,False,2026-03-11 17:43:53
a005b3,N100LE,United States,41.7797,-111.8509,,3.09,115.31,True,2026-03-11 17:43:53
a11eb7,AAL1214,United States,32.9148,-97.0319,,0.0,0.0,True,2026-03-11 17:43:53
a05521,EJA120,United States,34.8428,-77.346,13716.0,255.6,26.41,False,2026-03-11 17:43:53
a7101e,AAL3216,United States,34.3982,-102.5247,10355.58,213.75,290.57,False,2026-03-11 17:43:53
adc8ee,DAL1637,United States,37.8978,-96.724,4206.24,211.74,76.37,False,2026-03-11 17:43:53
adaee8,AAL2242,United States,35.1453,-81.092,2506.98,143.89,324.61,False,2026-03-11 17:43:53
ad52c2,DAL1151,United States,39.6746,-86.5197,10972.8,219.3,334.58,False,2026-03-11 17:43:53
a0b823,UAL405,United States,37.2148,-109.8034,10972.8,207.06,235.32,False,2026-03-11 17:43:53
adfe47,PAT260,United States,37.3367,-77.5072,7223.76,151.34,44.17,False,2026-03-11 17:43:53
a0b821,UAL543,United States,42.122,-90.2149,9403.08,195.73,267.14,False,2026-03-11 17:43:53
a0b820,UAL1941,United States,41.9507,-96.5425,10073.64,269.69,67.69,False,2026-03-11 17:43:53
a73690,JBU564,United States,26.8697,-81.5397,8321.04,192.18,308.59,False,2026-03-11 17:43:53
a89ccc,NKS1641,United States,35.1199,-116.3809,7284.72,189.65,47.09,False,2026-03-11 17:43:53
a6f00d,AAL1094,United States,26.5217,-81.7774,0.0,79.66,54.46,False,2026-03-11 17:43:53
c04671,ROU1864,Canada,29.8565,-77.5729,10980.42,258.67,161.2,False,2026-03-11 17:43:53
a59398,AAL2214,United States,36.8309,-97.2238,9753.6,210.47,259.29,False,2026-03-11 17:43:53
a77cdc,N5816U,United States,36.3814,-115.3382,1310.64,39.45,309.71,False,2026-03-11 17:43:53
accb22,AAL1633,United States,32.7291,-117.1795,,7.46,143.44,True,2026-03-11 17:43:53
aaa593,UAL640,United States,43.2315,-113.1046,11277.6,275.95,137.27,False,2026-03-11 17:43:53
a005c8,TCN100,United States,39.3824,-100.8032,12496.8,304.57,90.68,False,2026-03-11 17:43:53
abb245,SWA3676,United States,27.9466,-84.3227,11582.4,207.34,265.87,False,2026-03-11 17:43:53
c080a6,WJA2604,Canada,28.3152,-98.7046,9098.28,224.14,157.32,False,2026-03-11 17:43:53
a8431a,SKW5814,United States,36.1607,-102.6512,9753.6,196.2,308.61,False,2026-03-11 17:43:53
ae1e55,KNIFE91,United States,34.188,-97.9788,3482.34,117.15,274.53,False,2026-03-11 17:43:53
a3539d,SKW3778,United States,44.5894,-93.0314,2141.22,121.76,35.37,False,2026-03-11 17:43:53
a258b7,ENY4225,United States,33.0086,-93.8934,10355.58,218.5,294.33,False,2026-03-11 17:43:53
c080a4,WJA1160,Canada,33.5175,-111.7796,1409.7,110.32,142.01,False,2026-03-11 17:43:53
aaa58b,UAL2257,United States,34.3933,-106.9963,10972.8,242.73,192.86,False,2026-03-11 17:43:53
c080a5,WJA1590,Canada,42.3584,-97.7085,10668.0,259.97,123.38,False,2026-03-11 17:43:53
a783e3,,United States,35.0938,-80.5273,579.12,49.46,296.57,False,2026-03-11 17:43:53
ad0562,SWA2510,United States,43.5703,-118.9033,12192.0,178.6,293.24,False,2026-03-11 17:43:53
a7f9fb,ATN3490,United States,33.3802,-118.0262,3154.68,170.65,46.34,False,2026-03-11 17:43:53
a0fea6,AAL2309,United States,40.5085,-80.3163,1120.14,83.84,280.97,False,2026-03-11 17:43:53
a6acdd,N5291E,United States,32.8867,-116.7737,1036.32,50.86,38.84,False,2026-03-11 17:43:53
adc8e6,N988AK,United States,33.7966,-99.4987,7315.2,221.51,308.49,False,2026-03-11 17:43:53
a9bf4b,DAL721,United States,37.2884,-93.5351,11277.6,255.73,102.67,False,2026-03-11 17:43:53
a8697f,FFT4315,United States,36.2801,-93.7476,9753.6,202.32,267.81,False,2026-03-11 17:43:53
a9b310,N724GT,United States,31.7869,-91.8046,13106.4,236.19,104.25,False,2026-03-11 17:43:53
a18840,RVJ19,United States,28.8496,-81.8658,9372.6,228.28,170.01,False,2026-03-11 17:43:53
ae1e50,BALL42,United States,37.5042,-97.5045,868.68,78.94,20.21,False,2026-03-11 17:43:53
a0e086,AAL3164,United States,25.2528,-78.9118,7277.1,231.29,115.14,False,2026-03-11 17:43:53
c03372,MAL8059,Canada,50.84,-107.8293,7620.0,158.02,98.24,False,2026-03-11 17:43:53
acd22c,N925QS,United States,27.8111,-84.8237,13106.4,195.93,280.9,False,2026-03-11 17:43:53
a95c20,JJ02,United States,30.6022,-88.1164,1181.1,70.37,48.85,False,2026-03-11 17:43:53
ae1e6a,RNGR824,United States,27.1901,-98.1365,228.6,58.57,134.64,False,2026-03-11 17:43:53
ac8266,N905GS,United States,41.2379,-95.8286,670.56,54.37,325.41,False,2026-03-11 17:43:53
a4b065,AAL621,United States,28.1821,-87.3448,10660.38,257.36,108.29,False,2026-03-11 17:43:53
adaeed,DAL1686,United States,40.666,-85.9887,9753.6,228.31,325.56,False,2026-03-11 17:43:53
a5939c,ASA537,United States,47.9594,-97.3163,10363.2,212.71,272.77,False,2026-03-11 17:43:53
ae1e88,SPADE62,United States,29.0658,-100.6322,4259.58,126.28,299.8,False,2026-03-11 17:43:53
c0203f,MCB702,Canada,52.8259,-97.268,9448.8,187.94,175.13,False,2026-03-11 17:43:53
a9bf27,SKW6433,United States,35.0885,-102.6876,10668.0,257.37,105.54,False,2026-03-11 17:43:53
abc56d,N858DT,United States,41.9652,-111.8372,2164.08,43.75,182.02,False,2026-03-11 17:43:53
ac32f2,SWA384,United States,35.8822,-115.3212,3307.08,164.05,191.03,False,2026-03-11 17:43:53
ab5b8c,SWA1171,United States,37.4858,-89.4178,9448.8,258.57,97.78,False,2026-03-11 17:43:53
adfe4c,PAT866,United States,37.0763,-91.6042,8229.6,169.41,77.91,False,2026-03-11 17:43:53
a2d0d9,OXF5643,United States,32.9752,-111.3495,807.72,45.33,242.27,False,2026-03-11 17:43:53
c080ae,WJA502,Canada,53.1627,-113.5555,1935.48,115.31,124.82,False,2026-03-11 17:43:53
adfe4b,PAT597,United States,47.7548,-117.5827,1455.42,114.5,66.43,False,2026-03-11 17:43:53
aa3ae4,UAL1849,United States,39.5253,-111.8554,10058.4,274.51,76.56,False,2026-03-11 17:43:53
c080ac,WJA482,Canada,49.9087,-97.2319,,7.72,84.38,True,2026-03-11 17:43:53
aa3ae5,UAL212,United States,39.4142,-94.6113,2049.78,136.81,46.22,False,2026-03-11 17:43:53
adaef7,N981BC,United States,43.6282,-116.7766,1501.14,49.34,281.43,False,2026-03-11 17:43:53
ab627c,SWA3049,United States,37.0848,-99.855,9753.6,207.53,246.17,False,2026-03-11 17:43:53
a6fc5f,N54947,United States,38.7581,-76.9423,129.54,30.39,236.04,False,2026-03-11 17:43:53
aa3ae2,UAL1721,United States,37.1439,-124.5299,9342.12,223.69,251.36,False,2026-03-11 17:43:53
a7d3d3,EJA603,United States,36.1212,-86.6737,,0.0,227.81,True,2026-03-11 17:43:53
ad52d3,ERU958,United States,29.1858,-81.0324,38.1,33.97,234.87,False,2026-03-11 17:43:53
c0468e,ASP510,Canada,45.3477,-81.7095,13060.68,200.53,136.77,False,2026-03-11 17:43:53
a89cdf,N654PD,United States,42.7927,-91.9234,12618.72,254.85,57.11,False,2026-03-11 17:43:53
a9ac07,N722LU,United States,36.4498,-79.3563,1661.16,74.59,24.44,False,2026-03-11 17:43:53
a2d0d5,OXF5542,United States,33.2921,-111.7968,960.12,56.88,204.02,False,2026-03-11 17:43:53
a138b8,AAL1071,United States,37.2866,-90.5562,7002.78,227.9,105.45,False,2026-03-11 17:43:53
ae1e75,SH023,United States,31.1285,-86.9284,4381.5,72.94,152.71,False,2026-03-11 17:43:53
a5e389,N479LF,United States,41.2131,-76.9412,792.48,37.26,144.55,False,2026-03-11 17:43:53
a6f01c,VOS4326,United States,38.9811,-77.4592,175.26,71.52,180.82,False,2026-03-11 17:43:53
ae1e71,TEXN019,United States,30.6153,-89.8537,533.4,89.04,332.84,False,2026-03-11 17:43:53
a6bfe8,GJS4545,United States,39.4221,-85.1619,8641.08,239.23,340.01,False,2026-03-11 17:43:53
a5ef5a,N4815C,United States,27.7455,-82.6361,121.92,40.81,236.31,False,2026-03-11 17:43:53
a819f7,WCP323,United States,28.9653,-82.19,2057.4,44.17,165.15,False,2026-03-11 17:43:53
ac7b8a,AAL1346,United States,32.9842,-79.9427,10668.0,259.09,127.42,False,2026-03-11 17:43:53
a365a8,PFT318,United States,35.1902,-116.194,12496.8,211.27,47.96,False,2026-03-11 17:43:53
acd262,VTE3011,United States,41.0982,-90.5041,4922.52,159.69,205.57,False,2026-03-11 17:43:53
a7f9e3,CXK638,United States,33.1356,-116.9196,1676.4,56.61,271.56,False,2026-03-11 17:43:53
ab628c,SWA879,United States,36.3772,-121.3135,6583.68,173.08,322.24,False,2026-03-11 17:43:53
adfe91,PAT685,United States,34.3853,-118.1503,6096.0,127.67,354.45,False,2026-03-11 17:43:53
a0b867,UAL2476,United States,35.0136,-113.9114,10652.76,242.55,62.18,False,2026-03-11 17:43:53
a0b866,UAL664,United States,41.6972,-88.3799,3665.22,208.67,47.7,False,2026-03-11 17:43:53
a245b7,UAL321,United States,37.8546,-103.2133,10363.2,209.37,244.06,False,2026-03-11 17:43:53
a96f2b,OME77,United States,34.1948,-76.3991,6057.9,178.86,238.05,False,2026-03-11 17:43:53
a819f5,N621AA,United States,33.6362,-97.0962,861.06,58.0,6.62,False,2026-03-11 17:43:53
a35ec2,SKW3953,United States,46.7121,-122.5553,5486.4,178.55,358.84,False,2026-03-11 17:43:53
a819f4,N621A,United States,33.1226,-111.7962,822.96,73.06,179.19,False,2026-03-11 17:43:53
a819e6,N6209X,United States,43.0368,-89.2269,1920.24,97.5,172.72,False,2026-03-11 17:43:53
a96f42,N707HD,United States,37.7301,-122.2122,,0.0,306.56,True,2026-03-11 17:43:53
0d0cda,XBRJF,Mexico,34.6186,-118.1272,3787.14,184.81,255.0,False,2026-03-11 17:43:53
a7dfac,N606XX,United States,40.1575,-111.6476,1356.36,41.68,24.03,False,2026-03-11 17:43:53
ae1e7f,SH033,United States,31.0472,-87.1046,1600.2,110.22,314.81,False,2026-03-11 17:43:53
ae1e7a,SH028,United States,30.8515,-86.5039,2438.4,107.47,64.78,False,2026-03-11 17:43:53
a125e3,N173SA,United States,30.8717,-88.0551,106.68,42.29,233.41,False,2026-03-11 17:43:53
a3b68b,N33847,United States,42.771,-71.6086,762.0,49.9,52.54,False,2026-03-11 17:43:53
a4380f,FFT1556,United States,35.2711,-80.9401,472.44,67.55,176.07,False,2026-03-11 17:43:53
a97630,ASI973,United States,30.7857,-97.2209,1592.58,48.34,343.3,False,2026-03-11 17:43:53
a84f38,N6342B,United States,44.3035,-96.8073,,2.31,300.94,True,2026-03-11 17:43:53
a35eb0,AAL3245,United States,33.9349,-118.4182,,5.92,278.44,True,2026-03-11 17:43:53
a03b25,AIP320,United States,34.8463,-86.5637,6096.0,113.83,192.53,False,2026-03-11 17:43:53
c03330,JZA764,Canada,47.8629,-122.5048,8229.6,231.89,162.97,False,2026-03-11 17:43:53
a258be,AAY659,United States,46.4644,-97.5311,3543.3,203.23,60.26,False,2026-03-11 17:43:53
a6b3aa,N5306U,United States,37.1595,-121.5818,1280.16,44.82,328.13,False,2026-03-11 17:43:53
a530c8,N4331K,United States,38.2504,-76.6634,975.36,38.24,336.19,False,2026-03-11 17:43:53
a72f88,N562ND,United States,40.3931,-104.5298,2026.92,63.23,129.39,False,2026-03-11 17:43:53
a0b845,UAL2018,United States,36.1245,-109.1213,10066.02,241.59,52.79,False,2026-03-11 17:43:53
c03f85,WJA2304,Canada,41.9721,-106.0315,10058.4,261.51,170.95,False,2026-03-11 17:43:53
a0a514,N1400M,United States,30.3186,-82.1181,6865.62,183.63,27.71,False,2026-03-11 17:43:53
a0b844,UAL1933,United States,39.524,-104.4028,10355.58,197.28,241.5,False,2026-03-11 17:43:53
aa67f1,N77NY,United States,40.706,-73.8859,396.24,44.97,35.69,False,2026-03-11 17:43:53
a0feb4,FFL696,United States,25.2092,-81.2169,3840.48,90.98,339.82,False,2026-03-11 17:43:53
a97608,ASA725,United States,39.3004,-122.9609,10668.0,241.03,172.03,False,2026-03-11 17:43:53
acd27a,N925TV,United States,34.0505,-118.2136,281.94,12.37,196.93,False,2026-03-11 17:43:53
a0b849,UAL1834,United States,41.9674,-87.8932,,7.72,90.0,True,2026-03-11 17:43:53
a0b848,UAL2488,United States,42.1076,-90.5967,7917.18,205.03,266.98,False,2026-03-11 17:43:53
a5d000,N474AK,United States,38.9862,-104.8253,1965.96,27.08,345.7,False,2026-03-11 17:43:53
a7e6c7,UPS2915,United States,38.3067,-92.8859,11887.2,288.66,88.88,False,2026-03-11 17:43:53
a0420e,VTE3934,United States,40.5196,-78.3688,1508.76,151.3,29.09,False,2026-03-11 17:43:53
a86971,N641FB,United States,26.9675,-81.7836,1379.22,26.03,150.4,False,2026-03-11 17:43:53
aa8a09,UAL1946,United States,37.2893,-112.8776,10058.4,259.2,53.88,False,2026-03-11 17:43:53
ad9b94,SKW5831,United States,40.8469,-97.5349,3611.88,182.69,82.39,False,2026-03-11 17:43:53
a9fa9e,ENY3406,United States,28.5603,-99.0968,10058.4,229.09,16.03,False,2026-03-11 17:43:53
aa4dd2,N763MT,United States,33.9083,-99.2913,13106.4,230.1,299.32,False,2026-03-11 17:43:53
a31819,CXK1093,United States,35.5453,-78.0032,1645.92,70.57,7.54,False,2026-03-11 17:43:53
ae1e9b,CRAZE67,United States,36.4297,-97.0839,1607.82,141.9,102.78,False,2026-03-11 17:43:53
ae1e9d,TROIKA60,United States,28.9518,-100.3831,6995.16,124.77,139.35,False,2026-03-11 17:43:53
ae1e9c,HOOK21,United States,35.4181,-97.3285,1120.14,138.53,172.53,False,2026-03-11 17:43:53
ab2729,AAL3032,United States,37.4204,-106.3633,9151.62,197.09,320.83,False,2026-03-11 17:43:53
a05559,SKW5267,United States,38.1731,-98.6128,8839.2,260.23,117.43,False,2026-03-11 17:43:53
a74992,JIA5026,United States,38.6479,-77.0864,2758.44,136.05,16.93,False,2026-03-11 17:43:53
a0a522,UAL219,United States,40.5999,-101.6138,10965.18,209.86,251.57,False,2026-03-11 17:43:53
a1be10,RPA5647,United States,42.1916,-70.6302,3429.0,146.98,194.18,False,2026-03-11 17:43:53
a6acbd,NGF1233,United States,42.6513,-71.3773,1630.68,50.24,325.01,False,2026-03-11 17:43:53
ab271b,N818AG,United States,42.8512,-73.5454,937.26,121.3,277.06,False,2026-03-11 17:43:53
aa0759,RPA3446,United States,40.2608,-83.4029,9144.0,197.36,273.29,False,2026-03-11 17:43:53
ab0d15,AAL3169,United States,31.993,-108.0778,12192.0,232.42,285.67,False,2026-03-11 17:43:53
a73665,GJS4568,United States,41.2829,-81.0603,9829.8,243.75,98.99,False,2026-03-11 17:43:53
a3f0df,N353KM,United States,36.5465,-119.7666,5212.08,125.85,26.98,False,2026-03-11 17:43:53
a67846,FRG279,United States,34.0896,-92.769,9144.0,179.01,329.23,False,2026-03-11 17:43:53
a6c826,EJA536,United States,42.3743,-71.0217,,0.0,309.38,True,2026-03-11 17:43:53
ab38bd,ERU822,United States,28.9208,-80.8068,739.14,43.59,329.5,False,2026-03-11 17:43:53
a748c2,N569EE,United States,33.4226,-89.8169,13716.0,199.31,300.74,False,2026-03-11 17:43:53
a6ae15,N53AA,United States,41.1403,-73.3836,762.0,42.63,252.44,False,2026-03-11 17:43:53
a39b39,AAL2294,United States,33.9061,-110.652,8511.54,242.31,67.14,False,2026-03-11 17:43:53
a53207,AAL2481,United States,33.9379,-118.4088,,3.34,45.0,True,2026-03-11 17:43:53
a2d218,TWY281,United States,38.0273,-121.5613,8001.0,167.37,50.49,False,2026-03-11 17:43:53
aa6842,N77SD,United States,35.5936,-84.7719,6713.22,127.39,194.26,False,2026-03-11 17:43:53
a1d884,N218PE,United States,36.5973,-76.7904,7924.8,126.38,218.22,False,2026-03-11 17:43:53
a1be72,ENY4165,United States,34.0469,-110.1516,8229.6,233.8,69.25,False,2026-03-11 17:43:53
a1d87a,AAY1240,United States,32.5216,-80.7739,10668.0,245.99,33.22,False,2026-03-11 17:43:53
a28e6c,LXJ264,United States,40.9033,-78.6988,12801.6,193.55,276.26,False,2026-03-11 17:43:53
c03f02,WJA2240,Canada,51.1273,-114.0179,1097.28,10.8,0.0,True,2026-03-11 17:43:53
a34bac,DOJ184,United States,33.8168,-118.1573,,0.06,180.0,True,2026-03-11 17:43:53
a1be79,AAY424,United States,36.9511,-96.0247,8534.4,215.67,260.11,False,2026-03-11 17:43:53
ab38e3,GLF72,United States,37.9694,-85.6197,14325.6,265.64,14.01,False,2026-03-11 17:43:53
a890fe,FFT1596,United States,37.5204,-87.061,10675.62,215.44,167.59,False,2026-03-11 17:43:53
ab25b6,N8170A,United States,25.7536,-78.7815,2674.62,81.23,128.83,False,2026-03-11 17:43:53
a83082,N627CT,United States,29.8271,-97.6784,571.5,46.64,83.03,False,2026-03-11 17:43:53
a35ef7,N316VA,United States,42.5901,-85.4998,4236.72,192.81,154.05,False,2026-03-11 17:43:53
a60ee1,N49MQ,United States,40.9106,-74.2541,312.42,38.43,207.94,False,2026-03-11 17:43:53
a41e2c,UAL1909,United States,40.4473,-79.5438,10363.2,207.54,281.73,False,2026-03-11 17:43:53
a1d873,ENY3785,United States,43.2,-94.7416,7581.9,188.83,285.32,False,2026-03-11 17:43:53
a0a54a,UAL945,United States,42.3762,-87.2392,2453.64,133.94,187.73,False,2026-03-11 17:43:53
c03f37,WJA1102,Canada,40.6907,-120.1858,11887.2,240.25,172.49,False,2026-03-11 17:43:53
a29551,ASA227,United States,46.0167,-76.3021,9753.6,192.46,288.87,False,2026-03-11 17:43:53
abc504,SWA2809,United States,41.3904,-98.108,9144.0,184.26,265.36,False,2026-03-11 17:43:53
a0b889,UAL1856,United States,42.1154,-84.546,10050.78,261.72,94.74,False,2026-03-11 17:43:53
a79852,N589LA,United States,40.0244,-74.805,617.22,63.53,354.89,False,2026-03-11 17:43:53
a125f9,SKW3483,United States,44.7971,-123.0607,8923.02,188.64,212.87,False,2026-03-11 17:43:53
a9a037,N71924,United States,40.5935,-73.739,243.84,62.51,103.81,False,2026-03-11 17:43:53
a23edc,N244AA,United States,28.7516,-81.2943,236.22,51.02,266.53,False,2026-03-11 17:43:53
aa18b2,N75LH,United States,34.0681,-79.8093,12496.8,243.65,27.0,False,2026-03-11 17:43:53
a04263,BPX211,United States,29.8742,-81.2835,1584.96,46.04,166.43,False,2026-03-11 17:43:53
ab885c,N842MB,United States,32.8974,-96.7983,548.64,65.84,314.68,False,2026-03-11 17:43:53
a8e0de,EJA671,United States,43.3598,-88.7,10363.2,203.59,308.43,False,2026-03-11 17:43:53
ac8e2a,N908PA,United States,40.1336,-111.6513,1303.02,34.07,345.12,False,2026-03-11 17:43:53
a29548,N266AA,United States,28.6912,-81.1263,411.48,48.49,274.26,False,2026-03-11 17:43:53
a9b375,N724LU,United States,37.2735,-79.4852,853.44,52.27,53.81,False,2026-03-11 17:43:53
a615d0,SWA1184,United States,36.1558,-82.7322,11582.4,198.35,237.18,False,2026-03-11 17:43:53
ac8e1d,AAL2581,United States,41.7201,-88.3298,7322.82,241.87,20.29,False,2026-03-11 17:43:53
a0f2c6,N160ME,United States,43.6487,-116.6451,624.84,25.17,139.14,False,2026-03-11 17:43:53
ad78b6,N9671V,United States,30.7751,-87.5198,1920.24,34.33,240.36,False,2026-03-11 17:43:53
a6652b,JIA5538,United States,41.9609,-82.5696,5859.78,201.0,121.82,False,2026-03-11 17:43:53
a16e7d,UAL2096,United States,36.0899,-115.14,10668.0,242.61,53.28,False,2026-03-11 17:43:53
a15b4c,EDV5256,United States,43.7753,-79.5478,1325.88,144.27,41.82,False,2026-03-11 17:43:53
a78516,N584DG,United States,42.7972,-71.5449,160.02,48.1,122.33,False,2026-03-11 17:43:53
a95c84,N702FL,United States,39.1348,-87.2987,12275.82,243.49,170.64,False,2026-03-11 17:43:53
a67805,DAL356,United States,42.6916,-102.6885,10355.58,186.12,296.78,False,2026-03-11 17:43:53
ac7b19,N903J,United States,34.5185,-118.7313,4876.8,90.68,339.41,False,2026-03-11 17:43:53
ab12b0,VXP558,United States,28.1098,-82.1119,9753.6,231.51,353.36,False,2026-03-11 17:43:53
aab879,ERU90,United States,34.7539,-112.3484,2529.84,101.69,152.92,False,2026-03-11 17:43:53
ab5b2b,SWA4326,United States,32.8874,-112.2028,10668.0,245.39,100.51,False,2026-03-11 17:43:53
a6a0f2,N526TS,United States,32.8433,-81.1079,2095.5,94.31,86.56,False,2026-03-11 17:43:53
ab5b2c,N8303S,United States,38.4862,-78.034,1280.16,35.97,253.38,False,2026-03-11 17:43:53
a5d068,N474EP,United States,41.6214,-73.3365,1402.08,73.41,354.37,False,2026-03-11 17:43:53
a41e90,UAL2491,United States,32.151,-108.4365,10363.2,217.79,279.93,False,2026-03-11 17:43:53
a890be,N651DB,United States,38.281,-99.2864,4480.56,120.48,69.24,False,2026-03-11 17:43:53
aa9071,N78ZE,United States,38.0081,-107.0187,13716.0,227.73,301.61,False,2026-03-11 17:43:53
abb205,SWA1106,United States,28.1059,-96.6131,9814.56,191.17,255.03,False,2026-03-11 17:43:53
a12709,UAL2201,United States,41.9717,-87.8978,,6.69,241.88,True,2026-03-11 17:43:53
ad1857,ASA351,United States,47.7711,-121.9854,1859.28,132.21,269.78,False,2026-03-11 17:43:53
a2de7e,SKW3923,United States,33.5943,-84.568,2042.16,128.82,233.77,False,2026-03-11 17:43:53
ac2bb9,ASH6239,United States,38.6681,-77.5651,3322.32,147.89,202.28,False,2026-03-11 17:43:53
ac3ee9,SWA4153,United States,41.9674,-87.8933,,5.92,87.19,True,2026-03-11 17:43:53
a508ba,N423WB,United States,34.5152,-83.1663,2385.06,74.51,287.68,False,2026-03-11 17:43:53
aaa555,RPA3572,United States,41.684,-87.5232,2506.98,148.96,339.37,False,2026-03-11 17:43:53
a352ca,N313JM,United States,39.3495,-97.1199,7932.42,113.69,269.74,False,2026-03-11 17:43:53
a3c8cb,DAL1916,United States,32.6999,-83.6544,6522.72,237.07,144.9,False,2026-03-11 17:43:53
ad185f,DAL1642,United States,30.622,-86.4808,632.46,82.86,192.91,False,2026-03-11 17:43:53
ad185a,AAL1660,United States,33.9399,-118.4082,,1.03,174.38,True,2026-03-11 17:43:53
a9500f,N7CA,United States,39.2986,-88.3589,13723.62,278.07,73.78,False,2026-03-11 17:43:53
acf84e,DAL2417,United States,40.371,-86.0795,7010.4,238.06,338.31,False,2026-03-11 17:43:53
a2e571,N286N,United States,33.4919,-83.278,12192.0,200.64,180.59,False,2026-03-11 17:43:53
ac8217,DAL1815,United States,26.1125,-101.5094,10972.8,193.53,234.96,False,2026-03-11 17:43:53
a0428a,AAL238,United States,33.9417,-118.4066,,0.0,264.38,True,2026-03-11 17:43:53
a1c57e,RPA5654,United States,40.2568,-81.9112,6873.24,229.36,65.91,False,2026-03-11 17:43:53
a40b41,N36PJ,United States,33.3646,-107.3366,7315.2,126.5,355.1,False,2026-03-11 17:43:53
a0428e,N116AS,United States,32.9385,-80.5118,3451.86,149.21,269.01,False,2026-03-11 17:43:53
a41e74,UAL2107,United States,35.8485,-79.0958,10668.0,242.63,35.07,False,2026-03-11 17:43:53
a8e0a5,NKS992,United States,28.4341,-81.3157,,0.0,120.94,True,2026-03-11 17:43:53
ab6247,SWA1785,United States,36.7091,-98.4454,9753.6,213.02,253.01,False,2026-03-11 17:43:53
4246a3,AZG4872,United Kingdom,47.4264,-81.9723,10668.0,324.74,47.31,False,2026-03-11 17:43:53
c08177,ASP826,Canada,35.9582,-78.5455,12496.8,255.04,29.62,False,2026-03-11 17:43:53
a9501f,N7CS,United States,28.4123,-83.0598,13106.4,261.27,8.72,False,2026-03-11 17:43:53
c08176,CGXAR,Canada,51.5776,-114.1157,2758.44,76.62,13.2,False,2026-03-11 17:43:53
a39b56,UPS5933,United States,39.2164,-95.4558,10675.62,272.73,91.3,False,2026-03-11 17:43:53
a2e560,N286MH,United States,27.0991,-81.6898,9464.04,233.26,313.48,False,2026-03-11 17:43:53
ac2bd6,ASH6173,United States,29.6293,-91.7732,10363.2,205.99,254.05,False,2026-03-11 17:43:53
a40b30,N36NS,United States,33.026,-79.7865,2240.28,94.3,47.43,False,2026-03-11 17:43:53
adc8c7,N9879Q,United States,34.598,-82.635,723.9,46.09,236.84,False,2026-03-11 17:43:53
a7d3fe,SKW4778,United States,46.5849,-96.3336,2392.68,104.78,294.05,False,2026-03-11 17:43:53
0d0d92,VOI3044,Mexico,31.3267,-115.0271,11300.46,232.84,126.46,False,2026-03-11 17:43:53
aca97c,N915CM,United States,37.6586,-122.1175,,0.0,300.94,True,2026-03-11 17:43:53
a04dac,N119AK,United States,30.9466,-94.6099,6766.56,230.65,44.28,False,2026-03-11 17:43:53
a12733,UAL587,United States,42.3459,-93.6591,10668.0,274.45,81.05,False,2026-03-11 17:43:53
a12734,UAL1053,United States,35.8101,-113.5729,10972.8,206.65,280.47,False,2026-03-11 17:43:53
ab73f5,SKW3627,United States,39.0707,-83.9567,10668.0,245.29,149.78,False,2026-03-11 17:43:53
ad03c4,DAL2252,United States,33.8634,-82.0645,10058.4,260.1,65.21,False,2026-03-11 17:43:53
abd6ed,GTI8644,United States,43.6101,-93.4098,8214.36,283.57,107.74,False,2026-03-11 17:43:53
a24711,N246J,United States,25.7804,-81.4321,937.26,68.29,30.82,False,2026-03-11 17:43:53
a0b7b8,UAL2343,United States,39.8896,-94.8267,8854.44,273.05,81.55,False,2026-03-11 17:43:53
a0b7b7,UAL1593,United States,35.1667,-109.3045,9768.84,221.9,224.81,False,2026-03-11 17:43:53
a0b7b6,UAL2354,United States,37.0636,-95.5927,8663.94,248.53,113.81,False,2026-03-11 17:43:53
ac3f7e,N889CH,United States,39.4106,-112.4434,7574.28,225.91,24.06,False,2026-03-11 17:43:53
a8e20f,DAL570,United States,35.0701,-85.8398,9540.24,252.85,141.94,False,2026-03-11 17:43:53
a77e8f,JIA5125,United States,35.8418,-84.2611,9441.18,269.49,85.18,False,2026-03-11 17:43:53
a6657c,N511DL,United States,28.927,-81.6941,160.02,46.66,104.04,False,2026-03-11 17:43:53
c1ea00,ST14,Canada,51.109,-114.0258,,3.6,205.31,True,2026-03-11 17:43:53
abc3c6,SWA4031,United States,42.5552,-84.8419,11277.6,254.25,115.79,False,2026-03-11 17:43:53
a3eb9c,N3515S,United States,34.0956,-117.7928,510.54,37.53,326.75,False,2026-03-11 17:43:53
42479c,,United Kingdom,31.0542,-81.3726,11582.4,238.26,169.93,False,2026-03-11 17:43:53
ac3f92,LYM777,United States,39.8269,-104.6606,1554.48,56.08,0.53,False,2026-03-11 17:43:53
a16da0,N191TW,United States,37.5805,-121.5055,2766.06,65.56,141.69,False,2026-03-11 17:43:53
ad4010,N953CT,United States,40.1412,-111.9834,2438.4,62.42,23.82,False,2026-03-11 17:43:53
ada302,SKW6074,United States,38.181,-102.6079,7924.8,194.04,312.74,False,2026-03-11 17:43:53
acdcc0,JSX202,United States,33.1348,-98.5063,8351.52,193.34,285.59,False,2026-03-11 17:43:53
aae034,N80HA,United States,38.168,-88.6819,10370.82,126.33,257.77,False,2026-03-11 17:43:53
ad03d5,ERU938,United States,29.4239,-81.2186,480.06,55.8,22.78,False,2026-03-11 17:43:53
a722d7,N559WJ,United States,38.6473,-121.4006,25359.36,56.07,0.0,True,2026-03-11 17:43:53
a24720,RPA5848,United States,40.5944,-85.6078,6995.16,237.77,49.04,False,2026-03-11 17:43:53
ac80ae,N9042H,United States,27.7904,-82.7659,548.64,43.73,261.2,False,2026-03-11 17:43:53
ac3f9c,DAL2236,United States,41.855,-105.9265,10058.4,270.82,81.04,False,2026-03-11 17:43:53
a6658d,N511EC,United States,31.4799,-86.6836,12192.0,140.57,296.75,False,2026-03-11 17:43:53
a6c88e,AAL1257,United States,32.7996,-83.737,10789.92,247.05,144.92,False,2026-03-11 17:43:53
a187ba,AAL2197,United States,25.0563,-79.4365,10668.0,247.3,162.32,False,2026-03-11 17:43:53
a71bf7,N5571R,United States,43.5883,-116.5365,701.04,26.35,128.66,False,2026-03-11 17:43:53
ac8ceb,ASI998,United States,33.9439,-112.1238,1341.12,34.05,355.67,False,2026-03-11 17:43:53
ac468d,AAL1093,United States,33.9056,-95.8052,8534.4,199.84,219.67,False,2026-03-11 17:43:53
aca99c,DAL640,United States,38.4041,-106.1394,10507.98,270.31,94.26,False,2026-03-11 17:43:53
ada336,AAL2279,United States,36.6985,-87.823,9753.6,193.63,257.88,False,2026-03-11 17:43:53
ac2038,SWA3123,United States,39.7207,-95.6527,11582.4,175.23,247.2,False,2026-03-11 17:43:53
a64b96,N5043J,United States,37.4238,-122.4471,1143.0,44.74,289.48,False,2026-03-11 17:43:53
aa423a,N760HC,United States,41.4754,-99.1363,12192.0,203.74,270.87,False,2026-03-11 17:43:53
ac335b,SWA3771,United States,40.4278,-94.9551,9448.8,271.58,77.31,False,2026-03-11 17:43:53
a71bfb,N5571V,United States,30.9724,-84.469,548.64,49.09,264.59,False,2026-03-11 17:43:53
a8a5bf,N65624,United States,28.4937,-82.4356,152.4,32.1,201.63,False,2026-03-11 17:43:53
ad4c60,EJA956,United States,42.2064,-71.9166,2004.06,163.82,39.14,False,2026-03-11 17:43:53
a0b7a7,N1450M,United States,41.1861,-112.447,1295.4,61.49,133.98,False,2026-03-11 17:43:53
a1270b,UAL784,United States,36.4329,-102.2858,9144.0,206.18,340.16,False,2026-03-11 17:43:53
4a91b3,SAS907,Sweden,47.9832,-72.9156,10972.8,207.32,186.98,False,2026-03-11 17:43:53
a89e7a,,United States,28.1413,-81.7664,160.02,32.61,353.66,False,2026-03-11 17:43:53
a7ce6c,N6018F,United States,40.748,-74.5053,784.86,41.63,230.01,False,2026-03-11 17:43:53
a6c868,N536TH,United States,33.9336,-84.2751,586.74,46.91,201.22,False,2026-03-11 17:43:53
ac337e,SWA939,United States,28.8267,-98.093,6713.22,206.42,299.57,False,2026-03-11 17:43:53
a5eef4,N4812F,United States,32.9649,-111.9478,1615.44,59.7,178.52,False,2026-03-11 17:43:53
a988d3,N713SS,United States,29.9082,-83.5945,12192.0,228.45,324.16,False,2026-03-11 17:43:53
a12778,UAL1442,United States,43.6668,-79.4055,10668.0,253.57,103.13,False,2026-03-11 17:43:53
a988d1,N713SQ,United States,28.5313,-81.3778,388.62,41.37,248.86,False,2026-03-11 17:43:53
a5dbae,LXJ477,United States,44.0017,-122.929,13716.0,242.36,178.78,False,2026-03-11 17:43:53
ac2c9c,SWA4372,United States,32.7314,-117.1906,,0.0,196.88,True,2026-03-11 17:43:53
ad402f,DAL3107,United States,32.961,-80.7382,5219.7,198.9,276.68,False,2026-03-11 17:43:53
a735d7,ASA1461,United States,41.7903,-89.1372,12496.8,286.97,85.37,False,2026-03-11 17:43:53
a5e2a1,ATN3333,United States,36.2626,-81.2712,10363.2,214.63,225.39,False,2026-03-11 17:43:53
aa4230,GTI8273,United States,53.6601,-120.3114,9448.8,292.57,122.43,False,2026-03-11 17:43:53
ad4c96,SKW5822,United States,37.1387,-108.0107,4396.74,137.73,16.27,False,2026-03-11 17:43:53
a0b7de,UAL1548,United States,36.3057,-100.2564,10355.58,210.29,315.99,False,2026-03-11 17:43:53
a0b7dc,UAL1010,United States,39.4922,-103.4431,5996.94,253.25,110.2,False,2026-03-11 17:43:53
a4c2ad,JBU2220,United States,44.7451,-69.4684,10972.8,215.76,208.95,False,2026-03-11 17:43:53
a88b00,N65GJ,United States,29.0293,-81.1761,228.6,36.88,337.01,False,2026-03-11 17:43:53
a294c1,CXK226,United States,34.228,-119.1209,304.8,37.41,328.5,False,2026-03-11 17:43:53
a72ef7,GJS4577,United States,42.0923,-87.7244,1798.32,153.3,90.0,False,2026-03-11 17:43:53
ac205f,SWA1781,United States,34.4261,-84.6263,11277.6,223.81,167.66,False,2026-03-11 17:43:53
a7851c,DAL482,United States,31.1209,-103.5934,8839.2,250.73,107.43,False,2026-03-11 17:43:53
42476e,VPCVI,United Kingdom,37.9751,-111.7906,12496.8,293.86,98.46,False,2026-03-11 17:43:53
a5f5bf,SWA533,United States,33.2728,-91.2065,11582.4,189.54,224.23,False,2026-03-11 17:43:53
a0b7fa,UAL414,United States,44.0708,-83.5641,9144.0,193.68,279.79,False,2026-03-11 17:43:53
ae6c5c,R03318,United States,31.9231,-106.2996,1828.8,63.36,222.37,False,2026-03-11 17:43:53
adb65b,DAL2741,United States,42.4489,-85.0577,8503.92,197.61,271.49,False,2026-03-11 17:43:53
a041bf,LFA328,United States,28.9505,-81.8735,1257.3,47.87,268.15,False,2026-03-11 17:43:53
a868d2,N6409D,United States,32.8697,-116.7069,1516.38,36.83,151.65,False,2026-03-11 17:43:53
ab38a1,DAL2901,United States,34.3549,-84.7553,5090.16,205.0,340.66,False,2026-03-11 17:43:53
a5a888,ASA514,United States,34.653,-113.0589,9585.96,217.59,300.08,False,2026-03-11 17:43:53
adc98b,N988H,United States,42.671,-98.1185,13106.4,214.48,244.73,False,2026-03-11 17:43:53
a66561,COL511,United States,37.0967,-107.7878,12192.0,188.68,253.69,False,2026-03-11 17:43:53
acd0c2,PDT6000,United States,41.1902,-82.569,10058.4,247.54,105.8,False,2026-03-11 17:43:53
a91535,UAL2670,United States,26.9195,-82.3236,9471.66,240.68,121.01,False,2026-03-11 17:43:53
a91536,UAL2387,United States,40.6814,-74.58,1836.42,154.01,12.74,False,2026-03-11 17:43:53
ad5398,AAL1082,United States,41.937,-88.0254,3383.28,183.58,47.95,False,2026-03-11 17:43:53
a12750,UAL2396,United States,40.6969,-74.1674,,9.26,25.31,True,2026-03-11 17:43:53
c044bb,ASP567,Canada,51.6193,-114.3619,5006.34,131.59,113.26,False,2026-03-11 17:43:53
a6a226,N5264K,United States,38.9775,-76.3356,38.1,28.35,101.51,False,2026-03-11 17:43:53
ad4062,CXK643,United States,41.0017,-74.9286,1059.18,32.48,209.41,False,2026-03-11 17:43:53
aa9bb6,N783AL,United States,39.5692,-104.8332,,5.14,289.69,True,2026-03-11 17:43:53
0d0d75,VIV611,Mexico,25.7787,-100.1133,,0.0,210.94,True,2026-03-11 17:43:53
ac2082,SWA2833,United States,40.0745,-79.7436,3413.76,211.07,10.82,False,2026-03-11 17:43:53
acd0dc,N925BF,United States,39.5681,-77.3175,1844.04,52.6,266.07,False,2026-03-11 17:43:53
a79890,JIA5197,United States,31.0145,-88.2415,9235.44,208.1,274.96,False,2026-03-11 17:43:53
a067ec,SKW5497,United States,37.6157,-97.4548,457.2,63.64,20.34,False,2026-03-11 17:43:53
a602cd,SKW5072,United States,40.2408,-104.1367,5433.06,158.54,219.73,False,2026-03-11 17:43:53
a0b7d8,UAL1209,United States,41.9568,-87.3593,2179.32,125.53,270.47,False,2026-03-11 17:43:53
a0b7bd,UAL2124,United States,37.82,-91.5553,6400.8,270.82,27.49,False,2026-03-11 17:43:53
a79898,DAL1240,United States,41.2598,-84.6728,6271.26,247.39,45.84,False,2026-03-11 17:43:53
a0b7bb,UAL1520,United States,27.9691,-83.9595,9448.8,225.85,266.08,False,2026-03-11 17:43:53
a592f1,N4585X,United States,31.8739,-106.6841,1188.72,43.26,295.35,False,2026-03-11 17:43:53
a16dc3,N191VF,United States,27.5265,-81.7332,11582.4,179.28,329.09,False,2026-03-11 17:43:53
a4c2f8,AAL1024,United States,33.4466,-116.0348,10058.4,251.22,98.48,False,2026-03-11 17:43:53
ab38aa,DAL1227,United States,33.6248,-84.104,929.64,92.65,238.16,False,2026-03-11 17:43:53
acd0ca,AAL2314,United States,38.8442,-89.8926,11277.6,285.7,69.44,False,2026-03-11 17:43:53
aa4200,SKW6251,United States,33.9732,-110.2654,8221.98,251.02,71.23,False,2026-03-11 17:43:53
a08a1a,AAL2626,United States,40.9608,-111.589,4884.42,222.93,109.69,False,2026-03-11 17:43:53
acd0cf,DAL3108,United States,33.7186,-84.2881,1965.96,134.09,100.84,False,2026-03-11 17:43:53
a96eb3,N707BL,United States,30.6199,-87.8904,899.16,63.28,90.0,False,2026-03-11 17:43:53
a08a6b,DAL2502,United States,29.5297,-94.3041,4366.26,174.76,319.42,False,2026-03-11 17:43:53
a797b4,DAL400,United States,41.2331,-99.3625,10668.0,271.22,88.37,False,2026-03-11 17:43:53
a677bf,N516AF,United States,40.8468,-74.5589,792.48,49.31,113.36,False,2026-03-11 17:43:53
ac2e20,EJA884,United States,31.7218,-93.9268,12192.0,227.86,303.58,False,2026-03-11 17:43:53
ab2854,AAY1233,United States,34.7402,-84.7063,10668.0,235.38,168.27,False,2026-03-11 17:43:53
a4bd34,N404TP,United States,33.5405,-112.7969,2019.3,79.31,182.6,False,2026-03-11 17:43:53
aa8b0c,CXK590,United States,33.8367,-83.5474,1569.72,73.12,50.71,False,2026-03-11 17:43:53
ae0089,KEEN92,United States,33.8716,-99.475,4168.14,207.26,163.86,False,2026-03-11 17:43:53
a15aef,KOW187,United States,34.2804,-77.593,14325.6,252.06,190.35,False,2026-03-11 17:43:53
a08a85,EDV4998,United States,41.999,-94.0372,5265.42,193.07,357.71,False,2026-03-11 17:43:53
a0da51,N154PA,United States,26.9843,-81.9487,1226.82,47.06,344.14,False,2026-03-11 17:43:53
ab284d,AAL1838,United States,36.3178,-98.2693,9144.0,238.38,200.86,False,2026-03-11 17:43:53
a60409,EJA487,United States,37.628,-122.3842,,0.0,298.12,True,2026-03-11 17:43:53
a46d47,UAL2460,United States,27.9711,-97.1721,9448.8,273.29,74.94,False,2026-03-11 17:43:53
aa68f2,N77ZE,United States,36.157,-78.1149,8229.6,139.05,30.45,False,2026-03-11 17:43:53
ac4836,89038,United States,44.7883,-92.7614,518.16,38.73,39.61,False,2026-03-11 17:43:53
a281d5,N2603Y,United States,36.9713,-121.6548,899.16,58.0,173.38,False,2026-03-11 17:43:53
abbeb7,N856MB,United States,40.4148,-104.7108,,0.0,315.0,True,2026-03-11 17:43:53
a40aa8,N36HF,United States,39.1407,-77.6953,556.26,82.29,8.99,False,2026-03-11 17:43:53
ae139a,AXLE11,United States,36.3559,-97.5256,2346.96,108.16,230.4,False,2026-03-11 17:43:53
aaa5b8,SWA880,United States,27.9461,-97.7779,12192.0,195.78,239.53,False,2026-03-11 17:43:53
ab1534,N813HD,United States,31.6356,-82.481,11277.6,235.97,7.26,False,2026-03-11 17:43:53
ac95a7,N91PR,United States,33.619,-111.9162,,8.23,225.0,True,2026-03-11 17:43:53
a8e29c,DAL750,United States,38.3464,-92.146,11582.4,200.39,296.37,False,2026-03-11 17:43:53
0d0d27,VOI7912,Mexico,30.8756,-97.6781,11582.4,204.07,206.18,False,2026-03-11 17:43:53
a677cd,AVL516,United States,39.1431,-78.2562,1325.88,37.27,276.34,False,2026-03-11 17:43:53
a08a96,EJM134,United States,44.7622,-93.8458,3474.72,154.09,72.71,False,2026-03-11 17:43:53
a33a30,EJM37,United States,38.6308,-101.0518,12496.8,254.33,113.61,False,2026-03-11 17:43:53
a34d63,UCA4878,United States,29.5201,-94.0119,5935.98,175.57,272.35,False,2026-03-11 17:43:53
aaee43,DAL177,United States,40.869,-72.7856,12054.84,232.86,213.37,False,2026-03-11 17:43:53
ac4843,SWA2445,United States,35.7767,-76.939,9753.6,232.83,206.51,False,2026-03-11 17:43:53
ab5bb1,SWA131,United States,39.4487,-104.7525,5753.1,214.99,135.29,False,2026-03-11 17:43:53
a34119,DAL1341,United States,32.3456,-83.9061,8298.18,234.99,163.07,False,2026-03-11 17:43:53
a39ab4,DAL2020,United States,34.8457,-84.9639,8244.84,229.4,340.75,False,2026-03-11 17:43:53
a5a7c9,N4635B,United States,34.42,-82.7991,861.06,50.93,45.82,False,2026-03-11 17:43:53
a0079d,N1004E,United States,37.4626,-122.1166,,13.89,323.44,True,2026-03-11 17:43:53
a437cf,KOW371,United States,37.8307,-103.2784,12146.28,260.31,109.15,False,2026-03-11 17:43:53
a77dae,DAL977,United States,45.2737,-108.3098,9753.6,192.44,238.22,False,2026-03-11 17:43:53
a6c7bf,N536LP,United States,40.8845,-74.2739,137.16,23.94,208.22,False,2026-03-11 17:43:53
a12796,UAL2006,United States,27.8833,-90.0316,11277.6,218.93,177.04,False,2026-03-11 17:43:53
a12799,UAL2857,United States,40.6836,-74.182,,0.19,275.62,True,2026-03-11 17:43:53
ac1b15,,United States,35.9291,-84.6545,609.6,61.85,11.03,False,2026-03-11 17:43:53
aa9e28,SWA4406,United States,40.9203,-91.2017,12192.0,186.13,240.53,False,2026-03-11 17:43:53
0d0d36,VOI3353,Mexico,27.9162,-109.9754,10675.62,233.0,129.0,False,2026-03-11 17:43:53
a174f7,SKW3257,United States,34.8233,-118.9553,6918.96,179.9,329.4,False,2026-03-11 17:43:53
a71d34,ASA324,United States,43.9519,-98.4593,10668.0,265.65,103.55,False,2026-03-11 17:43:53
a1277b,UAL1567,United States,30.052,-90.0862,11277.6,267.33,59.34,False,2026-03-11 17:43:53
a34d52,JBU1201,United States,39.317,-74.163,7795.26,210.02,218.84,False,2026-03-11 17:43:53
a1c4d8,MXY109,United States,37.9959,-80.3509,10363.2,217.68,197.75,False,2026-03-11 17:43:53
a33a20,VJA307,United States,35.2316,-120.2663,9753.6,195.81,318.94,False,2026-03-11 17:43:53
a0b7fd,UAL2292,United States,33.7824,-87.7942,9448.8,247.95,132.56,False,2026-03-11 17:43:53
a0b7fb,UAL2329,United States,42.102,-96.0448,9441.18,269.78,67.93,False,2026-03-11 17:43:53
a46d26,UAL2053,United States,40.6961,-74.1744,,0.51,53.44,True,2026-03-11 17:43:53
a10137,XAA8794,United States,41.1964,-85.5347,7353.3,206.25,309.13,False,2026-03-11 17:43:53
a28deb,CXK1070,United States,33.7522,-118.2054,609.6,59.92,150.13,False,2026-03-11 17:43:53
a83d18,N63TM,United States,29.0324,-89.41,13716.0,250.06,103.32,False,2026-03-11 17:43:53
a2f7d7,N2900E,United States,33.9802,-117.7063,548.64,47.47,299.9,False,2026-03-11 17:43:53
a2477a,N246NE,United States,42.0016,-70.9288,487.68,70.86,333.25,False,2026-03-11 17:43:53
a47408,N38603,United States,34.2447,-82.0569,1584.96,72.99,40.43,False,2026-03-11 17:43:53
ae008b,KEEN91,United States,33.802,-99.0714,3672.84,187.64,73.11,False,2026-03-11 17:43:53
a2ddac,ENY4014,United States,28.9819,-97.5989,10363.2,199.03,176.15,False,2026-03-11 17:43:53
a304b2,N294DS,United States,36.2091,-115.1974,,7.2,315.0,True,2026-03-11 17:43:53
aaa5d4,UAL440,United States,28.7874,-82.6749,10972.8,220.55,324.49,False,2026-03-11 17:43:53
a28de6,N264AN,United States,34.8017,-77.649,2583.18,136.04,201.52,False,2026-03-11 17:43:53
a24782,ENY3777,United States,45.7446,-99.3043,10363.2,207.3,296.06,False,2026-03-11 17:43:53
a664c9,BPX203,United States,26.8579,-80.9551,2377.44,53.88,190.45,False,2026-03-11 17:43:53
aaf53a,JBU92,United States,42.3654,-71.0172,,0.0,303.75,True,2026-03-11 17:43:53
a4d773,OXF6514,United States,33.5868,-111.4404,1722.12,47.45,80.64,False,2026-03-11 17:43:53
a0f44c,DAL501,United States,35.2917,-101.3217,10363.2,220.7,270.4,False,2026-03-11 17:43:53
ab021b,,United States,34.9787,-80.6104,495.3,45.54,311.79,False,2026-03-11 17:43:53
ab5bd4,SWA1797,United States,29.5121,-98.4462,373.38,73.95,311.9,False,2026-03-11 17:43:53
a6fd12,N55A,United States,40.909,-111.9821,2727.96,75.28,356.08,False,2026-03-11 17:43:53
abfb08,N871LA,United States,41.7569,-73.8767,1729.74,69.72,84.92,False,2026-03-11 17:43:53
ac486a,SWA4405,United States,33.7767,-85.6485,11262.36,228.46,166.06,False,2026-03-11 17:43:53
ae1ec7,BOMR774,United States,27.7042,-97.105,1996.44,125.39,41.34,False,2026-03-11 17:43:53
ab62ad,SWA1277,United States,27.0251,-82.4747,11277.6,245.06,165.41,False,2026-03-11 17:43:53
aadb37,UAL22,United States,40.6839,-74.1702,,22.12,205.31,True,2026-03-11 17:43:53
abbee3,DAL15,United States,45.0397,-70.3826,11582.4,214.68,221.41,False,2026-03-11 17:43:53
ae1ebf,TEXN058,United States,30.8023,-87.0751,1905.0,102.39,270.86,False,2026-03-11 17:43:53
ad552f,N9583Q,United States,39.4855,-105.01,2369.82,72.3,151.06,False,2026-03-11 17:43:53
a139a5,N17829,United States,30.8053,-84.361,2682.24,73.16,153.25,False,2026-03-11 17:43:53
aadb2d,,United States,32.8152,-116.9901,342.9,44.58,108.85,False,2026-03-11 17:43:53
c01a7d,ACA833,Canada,45.4591,-73.7676,91.44,65.54,42.46,False,2026-03-11 17:43:53
adfea3,CASTL28,United States,39.5257,-74.6321,457.2,65.5,214.44,False,2026-03-11 17:43:53
a11fa3,UAL2640,United States,42.5313,-76.3366,8229.6,223.04,121.42,False,2026-03-11 17:43:53
a8e262,DAL655,United States,31.6254,-83.98,10363.2,235.69,349.18,False,2026-03-11 17:43:53
a7bb77,DAL492,United States,34.6923,-112.5207,10363.2,215.74,250.79,False,2026-03-11 17:43:53
a05614,DAL742,United States,34.0359,-116.9628,6903.72,194.61,260.41,False,2026-03-11 17:43:53
7c627c,,Australia,51.0978,-114.013,,0.0,177.19,True,2026-03-11 17:43:53
ae1eaa,JEDI14,United States,30.3575,-88.275,861.06,134.09,281.96,False,2026-03-11 17:43:53
ae1ead,JEDI43,United States,30.7193,-88.0444,2141.22,115.85,252.69,False,2026-03-11 17:43:53
ac3558,AAL1670,United States,32.8861,-97.0414,,10.29,270.0,True,2026-03-11 17:43:53
ac4888,SWA1193,United States,36.0989,-98.546,8839.2,243.83,83.58,False,2026-03-11 17:43:53
abbedb,AAL2548,United States,31.5985,-81.2478,11277.6,235.2,25.11,False,2026-03-11 17:43:53
a4d717,N4104U,United States,27.7603,-81.7245,975.36,37.14,143.45,False,2026-03-11 17:43:53
ab5bf1,N8309D,United States,34.5413,-83.6747,1402.08,88.84,76.61,False,2026-03-11 17:43:53
adfed9,VALOR77,United States,31.3578,-85.4924,335.28,58.66,138.2,False,2026-03-11 17:43:53
adfed7,VALOR64,United States,31.3542,-85.4888,297.18,54.23,133.08,False,2026-03-11 17:43:53
aae246,N800EE,United States,34.2781,-118.849,2796.54,91.35,103.02,False,2026-03-11 17:43:53
a39ada,EDV5316,United States,38.8533,-75.7606,5189.22,203.63,59.48,False,2026-03-11 17:43:53
a9b2b3,N724D,United States,33.6048,-96.5843,388.62,45.44,74.23,False,2026-03-11 17:43:53
a557c3,SWA3286,United States,39.8407,-104.6849,,3.34,270.0,True,2026-03-11 17:43:53
ac82bb,XSN90,United States,37.913,-122.0975,693.42,89.51,202.29,False,2026-03-11 17:43:53
a2d1ad,OXF6784,United States,33.1621,-111.8914,1455.42,45.39,324.69,False,2026-03-11 17:43:53
adfed1,VALOR82,United States,31.3666,-85.4976,365.76,60.08,155.19,False,2026-03-11 17:43:53
ace5e1,N930CF,United States,38.9506,-94.7563,1013.46,106.25,17.47,False,2026-03-11 17:43:53
aaa5ff,SWA2209,United States,40.0918,-82.6812,9753.6,203.61,280.63,False,2026-03-11 17:43:53
ac8efa,EDV5347,United States,39.7784,-82.188,10058.4,235.9,352.86,False,2026-03-11 17:43:53
ada51e,ASA1481,United States,41.5675,-122.5783,11582.4,214.77,357.25,False,2026-03-11 17:43:53
ae1ed3,BB078,United States,31.2746,-86.8883,3581.4,109.71,200.3,False,2026-03-11 17:43:53
ab62f8,SWA3297,United States,32.5337,-90.0127,11887.2,262.16,36.62,False,2026-03-11 17:43:53
a9b2c8,N724DW,United States,26.6245,-82.1746,830.58,44.14,68.82,False,2026-03-11 17:43:53
a45a1c,N38MZ,United States,37.9665,-100.1369,13716.0,275.5,84.43,False,2026-03-11 17:43:53
0d0d07,XBLDR,Mexico,27.8875,-96.9171,2011.68,55.38,215.17,False,2026-03-11 17:43:53
a46d4f,UAL714,United States,41.8843,-87.9366,2400.3,160.61,87.98,False,2026-03-11 17:43:53
ada526,DAL3197,United States,33.6336,-84.4452,,11.32,272.81,True,2026-03-11 17:43:53
a0da7a,,United States,38.5397,-115.6312,12496.8,273.6,69.76,False,2026-03-11 17:43:53
a46d4a,UAL1418,United States,39.4899,-101.2412,8839.2,284.0,99.17,False,2026-03-11 17:43:53
ace5bc,AAL3166,United States,37.1472,-92.0825,10363.2,201.29,279.41,False,2026-03-11 17:43:53
ac2247,JTL881,United States,41.5989,-82.6941,6682.74,214.89,332.94,False,2026-03-11 17:43:53
ace5bb,DAL940,United States,32.1576,-81.0321,609.6,89.34,221.03,False,2026-03-11 17:43:53
a27aee,SWA3698,United States,35.9363,-119.6245,11887.2,230.35,187.44,False,2026-03-11 17:43:53
a8ede9,N6747H,United States,34.0145,-118.4518,,6.17,42.19,True,2026-03-11 17:43:53
ac20c4,SWA1582,United States,41.7881,-87.7446,,0.64,132.19,True,2026-03-11 17:43:53
c02141,CFMPK,Canada,49.8614,-97.1816,441.96,61.61,318.72,False,2026-03-11 17:43:53
a03c24,N114MB,United States,41.518,-72.8335,106.68,33.51,162.12,False,2026-03-11 17:43:53
ad53ce,EJA958,United States,43.2735,-95.9101,8359.14,240.33,94.05,False,2026-03-11 17:43:53
a23fb2,RPA5601,United States,42.3181,-74.6603,10668.0,249.28,69.21,False,2026-03-11 17:43:53
a70a67,LFA332,United States,30.3398,-81.6471,396.24,64.31,90.46,False,2026-03-11 17:43:53
a7d4e5,N6031F,United States,33.6325,-111.8765,655.32,40.97,324.71,False,2026-03-11 17:43:53
a05646,UAL202,United States,41.0263,-105.6467,10980.42,203.73,254.17,False,2026-03-11 17:43:53
a05648,UAL65,United States,39.3675,-71.0007,9753.6,226.62,288.39,False,2026-03-11 17:43:53
a09cad,AAL2138,United States,36.0804,-115.1349,,0.0,272.81,True,2026-03-11 17:43:53
a3c9a1,DAL2158,United States,33.485,-96.4911,10370.82,195.93,204.34,False,2026-03-11 17:43:53
a83120,N627KA,United States,36.7538,-119.402,3390.9,92.65,150.02,False,2026-03-11 17:43:53
a28f12,ENY3693,United States,40.67,-79.22,7505.7,229.85,102.01,False,2026-03-11 17:43:53
a34199,ENY3666,United States,33.4379,-111.9923,,3.6,182.81,True,2026-03-11 17:43:53
a126bb,CXK561,United States,41.4799,-112.2752,2362.2,54.62,93.24,False,2026-03-11 17:43:53
a33a9d,N307PE,United States,27.8198,-83.3635,9204.96,205.81,179.0,False,2026-03-11 17:43:53
a18969,N1988X,United States,40.1892,-105.0399,2164.08,52.79,232.13,False,2026-03-11 17:43:53
0d0bff,AMX686,Mexico,36.1544,-92.4405,11277.6,272.14,24.34,False,2026-03-11 17:43:53
a11fe7,UCA4302,United States,33.3206,-87.4248,3840.48,150.48,231.52,False,2026-03-11 17:43:53
ac7044,N900ME,United States,30.2659,-81.3818,9448.8,155.58,356.97,False,2026-03-11 17:43:53
a891a7,NKS3006,United States,32.47,-80.7644,11277.6,233.56,25.44,False,2026-03-11 17:43:53
a95d6b,EJA702,United States,42.1844,-112.4984,12192.0,196.08,244.85,False,2026-03-11 17:43:53
a0a622,N1408B,United States,39.3428,-121.8862,1554.48,54.82,161.4,False,2026-03-11 17:43:53
a96466,N704LB,United States,32.8032,-85.68,13098.78,242.26,333.65,False,2026-03-11 17:43:53
a97797,SKW6503,United States,37.809,-105.3175,9159.24,215.64,308.51,False,2026-03-11 17:43:53
a126c4,UAL283,United States,33.0757,-113.0017,10668.0,254.4,99.31,False,2026-03-11 17:43:53
a8443a,N6313F,United States,29.4435,-81.467,1653.54,48.46,80.84,False,2026-03-11 17:43:53
a126c7,BPX256,United States,26.0025,-80.2646,76.2,29.88,92.96,False,2026-03-11 17:43:53
c02137,CFMPA,Canada,53.8634,-122.6607,731.52,69.27,351.03,False,2026-03-11 17:43:53
ad4cf1,N956WM,United States,34.4309,-111.666,5669.28,200.16,206.57,False,2026-03-11 17:43:53
ad4cf2,SWA3810,United States,34.9118,-119.6506,10058.4,237.54,135.26,False,2026-03-11 17:43:53
a03c41,XAA108T,United States,39.1202,-75.1965,7513.32,236.08,62.49,False,2026-03-11 17:43:53
a57a9e,N452MA,United States,40.9924,-88.2947,9144.0,106.01,271.39,False,2026-03-11 17:43:53
ad9039,EJA973,United States,34.9209,-78.9357,12496.8,233.75,26.96,False,2026-03-11 17:43:53
a4615d,N3810D,United States,48.0706,-117.3842,1280.16,30.98,215.54,False,2026-03-11 17:43:53
a70a87,LFA333,United States,28.7529,-81.1991,236.22,48.49,265.74,False,2026-03-11 17:43:53
acdf9a,AAL3100,United States,27.4054,-80.566,7993.38,233.31,340.69,False,2026-03-11 17:43:53
a006b6,N100WP,United States,26.9179,-82.2002,10043.16,202.24,111.8,False,2026-03-11 17:43:53
abac7e,EJA851,United States,31.4259,-92.6432,12192.0,207.38,283.48,False,2026-03-11 17:43:53
a95d48,N702PG,United States,26.7249,-81.4508,274.32,71.94,112.71,False,2026-03-11 17:43:53
a70a89,N55294,United States,41.1271,-73.6929,472.44,46.52,169.81,False,2026-03-11 17:43:53
a4b195,N401NS,United States,33.1626,-83.4507,3017.52,143.2,320.25,False,2026-03-11 17:43:53
ae0022,SPUR15,United States,29.4169,-98.5807,5478.78,215.16,262.86,False,2026-03-11 17:43:53
a82a63,N625SC,United States,33.6285,-111.7879,3436.62,176.49,152.39,False,2026-03-11 17:43:53
a6f164,N5466D,United States,33.0736,-117.0398,1303.02,44.26,289.7,False,2026-03-11 17:43:53
a5e48a,SWA404,United States,33.5556,-118.4768,7764.78,206.52,346.9,False,2026-03-11 17:43:53
a05628,UAL2692,United States,35.9678,-106.0159,10363.2,229.43,258.49,False,2026-03-11 17:43:53
a83d95,ELZ63,United States,42.7942,-78.2245,8054.34,205.74,290.34,False,2026-03-11 17:43:53
a3c9c5,AAL597Q,United States,42.1255,-94.9465,8374.38,248.83,44.5,False,2026-03-11 17:43:53
a9b402,SKW6226,United States,33.75,-111.0938,7056.12,216.9,66.96,False,2026-03-11 17:43:53
ae73e6,LY705,United States,30.801,-87.4809,243.84,41.99,277.04,False,2026-03-11 17:43:53
ad53fd,FDY335,United States,38.9518,-77.4493,,0.0,174.38,True,2026-03-11 17:43:53
c03487,WJA2902,Canada,38.7875,-71.4396,11277.6,239.45,188.77,False,2026-03-11 17:43:53
c03488,WJA2500,Canada,29.3739,-81.1315,10363.2,244.54,182.17,False,2026-03-11 17:43:53
c01a5a,JZA117,Canada,50.8611,-119.1469,11582.4,203.54,232.29,False,2026-03-11 17:43:53
a11fc1,UAL2115,United States,37.9644,-122.6917,4640.58,175.21,167.11,False,2026-03-11 17:43:53
a95d52,JIA5140,United States,37.0518,-81.7446,8244.84,227.5,167.06,False,2026-03-11 17:43:53
adff81,SCAR21,United States,34.5509,-87.773,4777.74,252.62,63.9,False,2026-03-11 17:43:53
acc020,N920WB,United States,29.0766,-81.2678,121.92,39.31,276.01,False,2026-03-11 17:43:53
a6a1e9,N5262U,United States,25.7648,-80.7167,495.3,56.1,348.9,False,2026-03-11 17:43:53
a3ff26,DAL1587,United States,28.8816,-82.618,7002.78,220.78,353.04,False,2026-03-11 17:43:53
a1892e,N19868,United States,37.363,-80.2351,1676.4,70.24,58.17,False,2026-03-11 17:43:53
a33a93,AAY7,United States,39.0046,-106.511,11887.2,256.79,64.36,False,2026-03-11 17:43:53
a126ec,UAL1344,United States,28.113,-79.586,7909.56,232.57,193.82,False,2026-03-11 17:43:53
aae0fc,N80RA,United States,38.0816,-122.457,2186.94,131.3,354.38,False,2026-03-11 17:43:53
a69a32,N5240R,United States,25.7501,-80.744,426.72,37.93,110.65,False,2026-03-11 17:43:53
a3a479,N3338W,United States,34.1553,-117.6978,1257.3,64.04,275.07,False,2026-03-11 17:43:53
ac7077,N900PF,United States,40.0907,-105.0308,2346.96,47.49,219.73,False,2026-03-11 17:43:53
a2e630,VJA286,United States,37.0741,-76.1669,13716.0,209.0,14.69,False,2026-03-11 17:43:53
a35fcc,N3162U,United States,34.2688,-117.3196,2499.36,60.51,307.75,False,2026-03-11 17:43:53
a7242c,N5597E,United States,33.0469,-85.2046,1036.32,45.44,195.77,False,2026-03-11 17:43:53
aa9244,N780TW,United States,38.8567,-77.0405,,8.75,323.44,True,2026-03-11 17:43:53
a15c54,SKW3415,United States,43.1289,-116.9418,6774.18,171.83,233.64,False,2026-03-11 17:43:53
a77de9,LXJ582,United States,30.4604,-81.3495,13708.38,234.62,10.1,False,2026-03-11 17:43:53
a1b30d,N2087E,United States,34.1384,-117.9551,822.96,50.17,95.89,False,2026-03-11 17:43:53
aa9e85,N78330,United States,29.8586,-98.2599,960.12,61.96,125.54,False,2026-03-11 17:43:53
ae73fc,LY712,United States,30.9463,-86.5523,807.72,36.89,171.98,False,2026-03-11 17:43:53
ada3f2,N97811,United States,33.4061,-112.6865,358.14,40.13,180.0,False,2026-03-11 17:43:53
a797ea,LXJ589,United States,35.7932,-78.8753,10744.2,246.87,26.08,False,2026-03-11 17:43:53
ae003b,WIZZO1,United States,29.5089,-98.1725,792.48,157.96,230.82,False,2026-03-11 17:43:53
ae003a,KABUKI1,United States,29.487,-98.1362,944.88,163.71,182.16,False,2026-03-11 17:43:53
a82a06,NKS1246,United States,30.3919,-79.008,11574.78,242.11,200.78,False,2026-03-11 17:43:53
aa9e6d,,United States,39.8775,-104.6591,,29.32,90.0,True,2026-03-11 17:43:53
a1bf3a,SWA3739,United States,38.311,-80.9629,10972.8,192.88,248.57,False,2026-03-11 17:43:53
c01a05,WEN3739,Canada,49.3469,-122.4747,4792.98,140.44,233.34,False,2026-03-11 17:43:53
aa8b3f,N779JA,United States,34.5991,-117.3349,2788.92,72.48,80.6,False,2026-03-11 17:43:53
ae2698,C6566,United States,27.8047,-97.8453,106.68,31.34,246.8,False,2026-03-11 17:43:53
ae73de,FH642,United States,30.9664,-87.511,579.12,40.09,171.14,False,2026-03-11 17:43:53
ae2694,C6562,United States,38.0276,-122.3715,784.86,51.08,18.8,False,2026-03-11 17:43:53
ab88b6,N842QS,United States,28.6883,-94.9341,11887.2,279.82,82.29,False,2026-03-11 17:43:53
ae73ec,BR020,United States,30.606,-87.1788,464.82,57.81,101.81,False,2026-03-11 17:43:53
aa8b40,JBU128,United States,28.7479,-81.2548,5410.2,191.01,342.44,False,2026-03-11 17:43:53
a03038,DAL897,United States,35.5187,-86.4439,10058.4,253.19,112.71,False,2026-03-11 17:43:53
a97754,N709PT,United States,25.6417,-80.474,121.92,24.95,81.7,False,2026-03-11 17:43:53
adff99,SCAR21,United States,34.5622,-87.7784,4861.56,247.96,60.14,False,2026-03-11 17:43:53
a4b136,XE1180,United States,35.2199,-115.5027,5478.78,137.35,243.05,False,2026-03-11 17:43:53
ac4801,SWA3265,United States,40.7301,-95.0272,5615.94,183.86,317.38,False,2026-03-11 17:43:53
a8a748,FFT3212,United States,32.6405,-97.1607,1706.88,111.63,180.0,False,2026-03-11 17:43:53
aa9220,SKW5490,United States,35.5587,-99.1097,8823.96,208.96,275.94,False,2026-03-11 17:43:53
a28f48,EJA264,United States,27.3646,-84.8724,11041.38,218.46,298.56,False,2026-03-11 17:43:53
a0ecb1,N159M,United States,39.8748,-101.0297,12489.18,197.86,243.1,False,2026-03-11 17:43:53
a5ca46,ASI89,United States,33.2599,-111.7947,624.84,48.49,228.87,False,2026-03-11 17:43:53
a95d08,N702LT,United States,37.7872,-107.5381,8077.2,204.94,272.45,False,2026-03-11 17:43:53
a379d3,DAL853,United States,50.6618,-125.9984,10668.0,237.72,138.86,False,2026-03-11 17:43:53
ab282b,RPA5785,United States,41.5887,-73.7379,3863.34,157.5,190.54,False,2026-03-11 17:43:53
a379cd,DAL665,United States,35.5158,-104.4151,10355.58,214.54,270.69,False,2026-03-11 17:43:53
a90da7,N68245,United States,38.4618,-76.3606,1836.42,72.77,213.47,False,2026-03-11 17:43:53
ab6eb9,AAL1203,United States,42.9341,-78.7334,,1.03,163.12,True,2026-03-11 17:43:53
ac481d,SWA2400,United States,37.4941,-100.864,10058.4,246.52,65.2,False,2026-03-11 17:43:53
a259ec,N2500X,United States,28.8537,-82.6663,1478.28,42.82,196.04,False,2026-03-11 17:43:53
a29625,JSX102,United States,36.0755,-115.1563,,0.0,300.94,True,2026-03-11 17:43:53
a1d93b,SWA3374,United States,41.2651,-86.7845,3086.1,170.85,311.95,False,2026-03-11 17:43:53
aa4ee9,RPA3507,United States,43.2303,-80.3731,8839.2,253.83,92.32,False,2026-03-11 17:43:53
a126e7,UAL1511,United States,41.4091,-74.3921,2141.22,123.0,197.53,False,2026-03-11 17:43:53
a499a9,CXK630,United States,35.896,-79.1096,1219.2,40.26,259.7,False,2026-03-11 17:43:53
a126e8,UAL700,United States,31.9172,-106.1523,10668.0,241.42,108.51,False,2026-03-11 17:43:53
aa55bd,ENY3374,United States,42.9604,-87.5167,7010.4,249.6,43.83,False,2026-03-11 17:43:53
a0566a,,United States,48.4279,-83.1127,11574.78,204.34,197.89,False,2026-03-11 17:43:53
a6adda,N5298N,United States,28.9833,-80.9979,609.6,57.61,10.81,False,2026-03-11 17:43:53
a18986,N1989R,United States,29.6626,-81.3898,1455.42,119.59,9.91,False,2026-03-11 17:43:53
a6a1a0,N5260R,United States,25.4251,-80.5869,274.32,51.0,351.3,False,2026-03-11 17:43:53
a39017,DAL1311,United States,33.63,-84.434,,0.19,357.19,True,2026-03-11 17:43:53
a67969,N516TG,United States,30.1622,-90.9567,335.28,34.87,291.64,False,2026-03-11 17:43:53
c02d07,WSG516,Canada,48.8241,-89.3381,2423.16,76.68,1.54,False,2026-03-11 17:43:53
aaffaa,AAL2136,United States,28.2012,-99.1981,11590.02,201.42,195.1,False,2026-03-11 17:43:53
a80943,IFG617,United States,27.4462,-80.2189,830.58,40.25,141.23,False,2026-03-11 17:43:53
a869bc,JBU592,United States,38.2013,-76.7793,10668.0,236.1,29.36,False,2026-03-11 17:43:53
a41f6c,FFT3312,United States,38.0675,-92.6649,11277.6,264.64,100.98,False,2026-03-11 17:43:53
a3900e,ENY3420,United States,25.3543,-79.0387,7650.48,222.68,112.12,False,2026-03-11 17:43:53
a9291f,N69HU,United States,40.4129,-105.118,2438.4,53.65,194.44,False,2026-03-11 17:43:53
a2f998,N291EC,United States,36.2512,-76.3457,388.62,45.81,147.38,False,2026-03-11 17:43:53
aa3c0b,CFS8204,United States,40.503,-122.2993,,1.03,0.0,True,2026-03-11 17:43:53
a41f72,LXJ365,United States,38.0485,-100.6421,13716.0,243.46,66.2,False,2026-03-11 17:43:53
a55985,N444AM,United States,33.6621,-79.3217,13716.0,225.9,34.7,False,2026-03-11 17:43:53
a233e7,MXY760,United States,37.1705,-79.4711,8839.2,239.06,15.86,False,2026-03-11 17:43:53
aaa621,SWA4196,United States,33.042,-111.2917,8839.2,241.67,105.81,False,2026-03-11 17:43:53
a6661a,N511KU,United States,39.188,-119.6929,2125.98,81.44,63.76,False,2026-03-11 17:43:53
aaffd1,KFS21,United States,35.6059,-82.4197,4853.94,167.37,279.38,False,2026-03-11 17:43:53
a96fa9,N707MG,United States,33.6471,-112.1325,1363.98,60.4,46.38,False,2026-03-11 17:43:53
a4c3b4,N406JA,United States,40.0042,-104.9977,2103.12,54.07,338.81,False,2026-03-11 17:43:53
a3ec3e,N352AC,United States,27.4575,-80.4224,457.2,55.07,1.61,False,2026-03-11 17:43:53
a29680,ENY3546,United States,28.0704,-97.5971,1965.96,136.65,198.43,False,2026-03-11 17:43:53
a353c8,AAL3218,United States,31.9792,-106.4195,11269.98,243.79,102.31,False,2026-03-11 17:43:53
a1d99b,JBU2824,United States,41.2272,-102.9187,10668.0,272.71,78.8,False,2026-03-11 17:43:53
a616ce,N49142,United States,28.0831,-82.3066,274.32,51.75,6.28,False,2026-03-11 17:43:53
a486cc,DAL1777,United States,28.1123,-79.3507,10972.8,257.13,130.86,False,2026-03-11 17:43:53
a28f8e,N264TM,United States,41.178,-73.1535,198.12,44.5,190.66,False,2026-03-11 17:43:53
a55999,N444BG,United States,32.8789,-86.5874,6431.28,99.31,134.37,False,2026-03-11 17:43:53
a8b9c0,WUP661,United States,32.1685,-85.334,13106.4,201.47,326.35,False,2026-03-11 17:43:53
a749d9,CXK448,United States,38.5106,-121.6183,640.08,52.08,253.35,False,2026-03-11 17:43:53
4247cd,CAY794,United Kingdom,40.644,-73.7929,,0.77,14.06,True,2026-03-11 17:43:53
ab5c26,AAL2087,United States,30.6042,-90.4815,5974.08,214.27,336.51,False,2026-03-11 17:43:53
a486d8,DAL515,United States,37.5614,-95.9956,10066.02,256.11,98.78,False,2026-03-11 17:43:53
c04716,SDE750,Canada,40.3478,-103.9376,12496.8,290.89,143.92,False,2026-03-11 17:43:53
a603a2,N487LP,United States,33.2322,-112.3989,1699.26,50.43,198.43,False,2026-03-11 17:43:53
ac7c00,N903TF,United States,31.9666,-108.7124,12793.98,268.02,93.52,False,2026-03-11 17:43:53
a9516e,N7SB,United States,34.6639,-86.7818,236.22,64.83,180.91,False,2026-03-11 17:43:53
a15027,EDV5205,United States,42.4634,-85.8664,8534.4,190.38,271.08,False,2026-03-11 17:43:53
a6a303,VAR527,United States,33.2836,-111.7936,434.34,49.47,45.0,False,2026-03-11 17:43:53
ac46c3,EJA890,United States,37.1547,-76.5377,12496.8,252.15,46.24,False,2026-03-11 17:43:53
a0a682,N141BB,United States,33.0732,-79.9616,670.56,42.73,272.07,False,2026-03-11 17:43:53
a2e646,SWA4435,United States,35.7435,-120.166,9448.8,246.43,148.4,False,2026-03-11 17:43:53
acf948,LFA688,United States,28.8442,-81.4456,685.8,63.82,271.85,False,2026-03-11 17:43:53
a0ecdb,N159NS,United States,27.2492,-83.0334,7284.72,234.85,123.66,False,2026-03-11 17:43:53
aa6943,CKS295,United States,46.4137,-82.8677,10058.4,243.03,142.74,False,2026-03-11 17:43:53
a7d615,N60395,United States,28.8692,-82.7937,853.44,45.27,90.0,False,2026-03-11 17:43:53
adc9b6,JBU1515,United States,48.1656,-93.4402,10370.82,212.77,266.95,False,2026-03-11 17:43:53
a593be,CAP2745,United States,36.3369,-115.2671,1371.6,36.82,262.78,False,2026-03-11 17:43:53
a7cf21,ERU2,United States,34.4631,-111.8929,2476.5,50.63,295.26,False,2026-03-11 17:43:53
ac33a3,SWA3193,United States,36.6351,-112.2985,11887.2,249.39,66.93,False,2026-03-11 17:43:53
a03c8d,N114RG,United States,38.6169,-104.7144,2324.1,71.55,338.05,False,2026-03-11 17:43:53
a29661,NIT266,United States,31.1927,-82.8048,2225.04,39.67,170.29,False,2026-03-11 17:43:53
a72fe1,TWY562,United States,28.8966,-81.1673,11887.2,215.45,340.18,False,2026-03-11 17:43:53
abbf49,SCX593,United States,44.358,-93.6758,6126.48,194.04,209.9,False,2026-03-11 17:43:53
a3a3f6,N33345,United States,31.0454,-97.5389,1371.6,82.16,208.01,False,2026-03-11 17:43:53
ab1ffe,DAL2876,United States,40.7979,-111.968,,8.23,258.75,True,2026-03-11 17:43:53
a54682,N439WA,United States,43.5269,-99.6312,4937.76,117.0,203.86,False,2026-03-11 17:43:53
c04738,CJT2386,Canada,43.1918,-80.0027,609.6,78.75,107.49,False,2026-03-11 17:43:53
a593ce,N459CS,United States,36.4512,-76.1589,1645.92,50.83,144.06,False,2026-03-11 17:43:53
aa19bc,N75WZ,United States,33.6171,-117.0529,3406.14,92.61,89.05,False,2026-03-11 17:43:53
ac7c21,WUP903,United States,39.9606,-89.4773,12504.42,310.47,52.07,False,2026-03-11 17:43:53
abc649,AAL2884,United States,35.1009,-77.7645,10355.58,219.76,221.49,False,2026-03-11 17:43:53
ac46e5,SGX890,United States,35.7755,-77.4077,9753.6,225.37,218.05,False,2026-03-11 17:43:53
a460d1,UPS2925,United States,41.3167,-92.5746,10675.62,284.49,74.15,False,2026-03-11 17:43:53
abd971,SWA1883,United States,39.2435,-95.5729,10972.8,191.44,253.61,False,2026-03-11 17:43:53
a39052,LXJ329,United States,39.2515,-76.6555,4579.62,178.52,106.92,False,2026-03-11 17:43:53
a8e1cc,DAL1889,United States,28.5136,-79.9234,11597.64,255.33,128.95,False,2026-03-11 17:43:53
a53f20,SWA743,United States,34.8126,-95.9676,10972.8,206.93,280.89,False,2026-03-11 17:43:53
c07b8c,WJA2052,Canada,49.1971,-123.1813,,0.77,298.12,True,2026-03-11 17:43:53
aaf3b7,CXK532,United States,41.5769,-72.0022,1371.6,69.71,26.75,False,2026-03-11 17:43:53
abac22,N851M,United States,37.2797,-87.2864,13106.4,231.01,322.24,False,2026-03-11 17:43:53
acdf3b,N9287M,United States,41.0934,-73.5079,670.56,25.51,131.73,False,2026-03-11 17:43:53
aaf3af,CXK137,United States,37.333,-77.492,861.06,49.4,324.32,False,2026-03-11 17:43:53
a068c9,N1251J,United States,32.997,-116.5823,2514.6,51.31,296.82,False,2026-03-11 17:43:53
a3afd3,N337AC,United States,36.2076,-115.1997,,0.0,47.81,True,2026-03-11 17:43:53
abb325,GTI8052,United States,42.7578,-114.0479,9448.8,297.79,142.3,False,2026-03-11 17:43:53
ab766a,DAL1933,United States,26.0824,-97.5794,10058.4,242.23,130.69,False,2026-03-11 17:43:53
a95179,N7SN,United States,30.453,-94.7027,8214.36,253.89,40.73,False,2026-03-11 17:43:53
ab00b5,N808MN,United States,37.4748,-86.5328,6027.42,180.66,115.11,False,2026-03-11 17:43:53
a82a75,TYSON45,United States,30.5844,-100.7417,10668.0,240.33,120.63,False,2026-03-11 17:43:53
a1280a,N174AA,United States,50.0705,-125.1537,11887.2,237.85,140.35,False,2026-03-11 17:43:53
a4267b,N367BW,United States,35.4201,-114.8219,3093.72,85.89,209.02,False,2026-03-11 17:43:53
abc63a,NEW858,United States,26.0454,-80.3007,3070.86,169.99,299.36,False,2026-03-11 17:43:53
ab5024,GPD828,United States,41.873,-72.5989,533.4,71.3,314.42,False,2026-03-11 17:43:53
ac20a1,SWA2126,United States,38.9519,-97.9258,11582.4,196.87,245.78,False,2026-03-11 17:43:53
a40027,AAL2173,United States,25.8019,-80.253,449.58,90.78,108.85,False,2026-03-11 17:43:53
a39034,N329ES,United States,28.3957,-81.8018,464.82,34.94,346.37,False,2026-03-11 17:43:53
a9778d,SPA709,United States,35.8121,-90.7353,10972.8,185.85,267.78,False,2026-03-11 17:43:53
7380c9,ELY1023,Israel,47.8923,-69.2504,11582.4,209.63,214.7,False,2026-03-11 17:43:53
a9b43f,AAL2802,United States,30.3516,-98.1055,10972.8,203.99,231.66,False,2026-03-11 17:43:53
a4000f,DAL2682,United States,42.4041,-83.2606,1051.56,107.46,149.51,False,2026-03-11 17:43:53
a2d359,SKW3818,United States,45.6494,-122.7618,624.84,83.07,117.68,False,2026-03-11 17:43:53
a220cb,SWA4531,United States,28.7281,-82.8869,11186.16,201.47,335.73,False,2026-03-11 17:43:53
a96477,N704LU,United States,37.3292,-79.0546,746.76,44.94,254.05,False,2026-03-11 17:43:53
a749c8,EJA569,United States,36.6633,-108.2261,12496.8,226.85,50.24,False,2026-03-11 17:43:53
ad1986,AAL820,United States,45.8452,-114.8473,9753.6,176.52,268.5,False,2026-03-11 17:43:53
ac7c52,SWA3315,United States,31.4458,-94.4051,11064.24,262.23,28.73,False,2026-03-11 17:43:53
a4cfc7,N409TP,United States,26.5515,-82.0574,251.46,53.41,20.88,False,2026-03-11 17:43:53
ad9003,AAL2822,United States,32.7151,-80.8291,10058.4,242.46,21.67,False,2026-03-11 17:43:53
abac48,AAL1660,United States,33.94,-118.4061,,0.64,264.38,True,2026-03-11 17:43:53
a6f17a,N54661,United States,38.5003,-121.4708,7.62,33.85,323.65,False,2026-03-11 17:43:53
a3ff61,LXJ357,United States,29.1173,-96.3014,5234.94,215.66,41.91,False,2026-03-11 17:43:53
ab635d,SWA2708,United States,35.2379,-109.7264,11277.6,251.3,103.5,False,2026-03-11 17:43:53
a9a120,N7199S,United States,33.9121,-118.0754,655.32,69.14,102.9,False,2026-03-11 17:43:53
ab00d6,DAL307,United States,42.4413,-100.0112,10972.8,211.21,262.44,False,2026-03-11 17:43:53
a3901d,DAL873,United States,40.778,-74.4683,5189.22,182.11,258.59,False,2026-03-11 17:43:53
ad5fef,DAL2157,United States,33.5059,-84.5839,2567.94,142.09,169.99,False,2026-03-11 17:43:53
ac7c67,EDV5340,United States,43.0485,-77.6368,1394.46,141.73,97.72,False,2026-03-11 17:43:53
ac33e2,SWA565,United States,32.2822,-100.5292,10165.08,248.09,257.06,False,2026-03-11 17:43:53
a0b8d6,ARCAT19,United States,33.2078,-116.6492,4632.96,102.89,90.29,False,2026-03-11 17:43:53
aaf477,N805AG,United States,52.1013,-105.377,13716.0,284.71,107.78,False,2026-03-11 17:43:53
ad9ac9,JBU816,United States,36.7063,-96.7921,10058.4,254.72,95.33,False,2026-03-11 17:43:53
ac212d,SWA4632,United States,30.7852,-86.3885,1082.04,102.69,216.24,False,2026-03-11 17:43:53
adfdd4,,United States,42.1786,-72.4987,213.36,70.94,314.71,False,2026-03-11 17:43:53
abbdfa,DAL444,United States,46.6208,-120.551,7924.8,144.56,304.71,False,2026-03-11 17:43:53
ae1de3,SHWK414,United States,32.6255,-117.3878,-45.72,61.96,234.46,False,2026-03-11 17:43:53
0d001e,AMX793,Mexico,40.8496,-112.081,2125.98,129.79,277.74,False,2026-03-11 17:43:53
ae7432,LY046,United States,30.8186,-87.1785,137.16,48.43,3.04,False,2026-03-11 17:43:53
accac7,RGY923,United States,33.4515,-117.8355,2484.12,148.53,132.75,False,2026-03-11 17:43:53
ae6d59,EB016,United States,30.8204,-87.1788,152.4,45.41,4.55,False,2026-03-11 17:43:53
a6669e,N511RA,United States,33.3988,-117.0413,1120.14,74.51,341.06,False,2026-03-11 17:43:53
ae742e,EB747,United States,30.9469,-86.555,1143.0,35.48,253.14,False,2026-03-11 17:43:53
acddf8,EDV5357,United States,40.7706,-73.7713,929.64,130.26,36.33,False,2026-03-11 17:43:53
a7d673,DAL1358,United States,40.9204,-74.231,5814.06,203.74,99.15,False,2026-03-11 17:43:53
a7bc58,JIA5282,United States,39.0246,-77.0856,1836.42,100.07,316.46,False,2026-03-11 17:43:53
ae1dd9,FFAB123,United States,32.8376,-118.3997,243.84,58.08,304.53,False,2026-03-11 17:43:53
a12861,DAL549,United States,34.9926,-85.0269,8092.44,227.95,340.62,False,2026-03-11 17:43:53
a6a358,NJM527,United States,42.2229,-88.5352,11338.56,146.37,249.21,False,2026-03-11 17:43:53
a76c79,DAL332,United States,46.6845,-79.2805,9136.38,189.61,286.71,False,2026-03-11 17:43:53
aaf488,N805AZ,United States,33.7191,-118.3872,822.96,39.79,40.28,False,2026-03-11 17:43:53
a88c4e,N65VT,United States,32.5739,-102.7748,3619.5,68.63,307.39,False,2026-03-11 17:43:53
a10e46,UAL1304,United States,39.4526,-103.3253,10972.8,191.53,241.44,False,2026-03-11 17:43:53
ac81cc,AAL1144,United States,41.9573,-87.8483,480.06,66.37,269.56,False,2026-03-11 17:43:53
ae7428,BR741,United States,30.6267,-87.1324,213.36,48.53,355.14,False,2026-03-11 17:43:53
a64c9e,N505BB,United States,34.7078,-105.2909,11277.6,194.98,151.47,False,2026-03-11 17:43:53
ae7424,BR737,United States,30.6222,-87.1303,137.16,41.87,10.62,False,2026-03-11 17:43:53
ab148b,ASA581,United States,33.9375,-118.4125,,11.83,84.38,True,2026-03-11 17:43:53
a9accd,AAL2303,United States,35.176,-106.4114,8854.44,247.14,68.51,False,2026-03-11 17:43:53
a6a354,JIA5446,United States,31.3939,-86.5299,5951.22,213.21,12.26,False,2026-03-11 17:43:53
ad04f2,N938SA,United States,40.8918,-74.2877,426.72,50.88,24.49,False,2026-03-11 17:43:53
a8dc4b,LXJ670,United States,33.6823,-112.1059,1729.74,135.3,309.14,False,2026-03-11 17:43:53
a830a0,N627DY,United States,33.3305,-117.5163,2369.82,84.03,314.75,False,2026-03-11 17:43:53
0d0c7c,AMX641,Mexico,35.4456,-81.2399,10972.8,207.84,217.15,False,2026-03-11 17:43:53
ac3477,DAL2070,United States,40.7762,-111.975,,5.66,174.38,True,2026-03-11 17:43:53
c07b59,CGUSM,Canada,43.7001,-79.6291,609.6,99.5,37.23,False,2026-03-11 17:43:53
ace4bd,HER93,United States,38.927,-84.8397,3291.84,163.76,5.23,False,2026-03-11 17:43:53
aaf47a,ASA1408,United States,37.3568,-120.6401,11887.2,232.79,175.31,False,2026-03-11 17:43:53
ace4ba,N93QM,United States,33.806,-118.2066,434.34,41.18,182.15,False,2026-03-11 17:43:53
aaf47d,AAL45,United States,49.9473,-64.3186,12184.38,219.98,218.64,False,2026-03-11 17:43:53
acdde3,SWA3565,United States,37.2184,-121.7722,975.36,110.54,319.34,False,2026-03-11 17:43:53
ae741e,FH731,United States,30.6063,-86.9501,160.02,44.24,0.0,False,2026-03-11 17:43:53
a7d665,SKW3920,United States,44.9492,-93.2601,1097.28,102.13,338.73,False,2026-03-11 17:43:53
a8d00a,WUP667,United States,31.0255,-93.5785,8328.66,201.07,238.71,False,2026-03-11 17:43:53
a09e66,N139UD,United States,38.868,-75.2122,922.02,36.81,213.02,False,2026-03-11 17:43:53
0d0c93,VIV1356,Mexico,25.2263,-99.4349,5295.9,172.86,335.19,False,2026-03-11 17:43:53
abfa65,DAL1082,United States,40.0443,-74.6788,8229.6,249.52,53.72,False,2026-03-11 17:43:53
a340fc,N309CJ,United States,43.4068,-86.2754,2407.92,143.38,149.85,False,2026-03-11 17:43:53
a830cd,TCF627,United States,27.6169,-80.7387,518.16,55.15,14.04,False,2026-03-11 17:43:53
a188af,N1983L,United States,34.7287,-79.198,1333.5,39.63,268.51,False,2026-03-11 17:43:53
c08260,WJA2120,Canada,42.6873,-117.9842,10668.0,276.89,144.83,False,2026-03-11 17:43:53
a00855,N1009P,United States,39.5012,-121.4217,2788.92,58.57,22.74,False,2026-03-11 17:43:53
abaadd,SWA2074,United States,40.3967,-80.0323,1973.58,151.26,90.78,False,2026-03-11 17:43:53
a52099,N42982,United States,34.656,-118.5746,2506.98,48.16,346.41,False,2026-03-11 17:43:53
aa568e,UAL496,United States,31.189,-103.8448,11277.6,236.58,107.33,False,2026-03-11 17:43:53
a6a37e,JTL27,United States,32.7529,-111.08,4739.64,188.25,312.45,False,2026-03-11 17:43:53
ad04ea,N938RT,United States,32.6469,-82.4645,1775.46,81.75,310.41,False,2026-03-11 17:43:53
a96ffe,EJA707,United States,40.4881,-81.9882,12496.8,238.43,175.42,False,2026-03-11 17:43:53
a9acb8,DAL724,United States,37.4931,-90.4375,11582.4,199.81,293.2,False,2026-03-11 17:43:53
a3a503,DAL1881,United States,30.0614,-89.8541,10370.82,229.41,176.27,False,2026-03-11 17:43:53
abb1de,SWA805,United States,37.549,-104.9239,11887.2,255.07,82.0,False,2026-03-11 17:43:53
a10e23,UAL2635,United States,42.4858,-98.3436,10668.0,270.58,86.51,False,2026-03-11 17:43:53
aa5694,UAL678,United States,32.079,-88.5509,10668.0,271.5,64.16,False,2026-03-11 17:43:53
a10e21,UAL567,United States,40.9303,-87.2205,9342.12,213.11,154.86,False,2026-03-11 17:43:53
3c4a02,DLH444,Germany,47.3559,-69.7891,11582.4,203.61,213.25,False,2026-03-11 17:43:53
ac2173,SWA1971,United States,32.4447,-83.7359,10668.0,248.02,153.91,False,2026-03-11 17:43:53
ae6d4d,LY627,United States,30.6228,-86.9499,167.64,39.83,61.45,False,2026-03-11 17:43:53
a3a509,DAL381,United States,31.1765,-102.2482,8534.4,208.44,281.53,False,2026-03-11 17:43:53
a04ed5,N119NG,United States,36.0441,-86.5131,327.66,38.03,210.03,False,2026-03-11 17:43:53
aae16b,TIV80,United States,39.1848,-107.3192,5951.22,161.49,41.25,False,2026-03-11 17:43:53
c032f3,RNGR29,Canada,49.914,-98.2239,304.8,48.69,231.43,False,2026-03-11 17:43:53
a4bcec,EJA404,United States,29.7248,-89.723,3619.5,196.72,297.24,False,2026-03-11 17:43:53
a0e220,SKW4772,United States,40.6717,-99.1572,10668.0,262.21,81.42,False,2026-03-11 17:43:53
c07b0a,ACA591,Canada,31.1569,-93.0942,10218.42,194.18,243.23,False,2026-03-11 17:43:53
a1bee3,WMN211,United States,38.2935,-77.2904,1874.52,135.48,132.23,False,2026-03-11 17:43:53
a976c7,JBU817,United States,41.3855,-71.3515,6705.6,194.29,217.9,False,2026-03-11 17:43:53
ae11cc,JEDI33,United States,30.2899,-87.8856,1653.54,96.55,274.89,False,2026-03-11 17:43:53
a6af5b,N53PB,United States,38.3465,-75.4438,914.4,82.11,5.03,False,2026-03-11 17:43:53
ae11cb,TIGER71,United States,28.9902,-100.5349,4579.62,121.88,134.14,False,2026-03-11 17:43:53
aa90a0,GTI4436,United States,47.9584,-120.6345,8656.32,145.18,275.29,False,2026-03-11 17:43:53
a8a6c0,PDT6005,United States,32.7458,-83.1949,7010.4,246.63,45.0,False,2026-03-11 17:43:53
a7cf3c,TCF602,United States,28.0157,-80.5926,403.86,59.92,336.74,False,2026-03-11 17:43:53
a34209,AAL2374,United States,41.2935,-90.3778,11582.4,177.92,236.08,False,2026-03-11 17:43:53
a89f54,ASI148,United States,33.6801,-112.1145,541.02,42.34,355.12,False,2026-03-11 17:43:53
abaafe,SWA3787,United States,34.2526,-117.155,2590.8,135.08,211.45,False,2026-03-11 17:43:53
aa90a7,JTL780,United States,37.7534,-105.8088,11887.2,251.8,58.88,False,2026-03-11 17:43:53
a34207,ASI871,United States,30.8589,-98.0471,1554.48,43.73,270.67,False,2026-03-11 17:43:53
ad3a5f,SWA1148,United States,39.9983,-82.9417,1264.92,83.15,280.34,False,2026-03-11 17:43:53
a318ea,SWA1316,United States,33.1362,-117.8034,7109.46,202.11,319.34,False,2026-03-11 17:43:53
a22e51,GGW22,United States,38.8484,-77.0394,,5.92,357.19,True,2026-03-11 17:43:53
a9bfc9,RPA3465,United States,32.4146,-105.3475,6918.96,224.27,210.92,False,2026-03-11 17:43:53
a0f566,AAL1547,United States,32.8942,-97.0477,,7.2,180.0,True,2026-03-11 17:43:53
ae11bb,DRACO61,United States,34.0479,-97.97,3459.48,135.79,83.04,False,2026-03-11 17:43:53
a5dcde,UAL1898,United States,40.6721,-95.0754,7620.0,246.92,16.58,False,2026-03-11 17:43:53
a736e5,N564MM,United States,37.3367,-121.822,,0.06,50.62,True,2026-03-11 17:43:53
a7cf40,LXJ602,United States,41.717,-88.3122,944.88,76.24,13.66,False,2026-03-11 17:43:53
c07b09,ACA1100,Canada,49.414,-118.3551,10287.0,282.56,80.67,False,2026-03-11 17:43:53
a28ee7,SWA1817,United States,35.8887,-114.6873,7170.42,226.3,86.35,False,2026-03-11 17:43:53
a438c3,DAL2632,United States,40.9772,-94.8931,6553.2,233.62,118.26,False,2026-03-11 17:43:53
ae11d0,JEDI69,United States,30.8737,-87.8133,563.88,118.76,307.96,False,2026-03-11 17:43:53
aab922,ENY3848,United States,41.9069,-77.0216,10363.2,198.05,289.89,False,2026-03-11 17:43:53
ae11d1,JEDI37,United States,30.3023,-88.0469,853.44,94.83,266.58,False,2026-03-11 17:43:53
ad4d9d,N9562P,United States,35.5934,-81.7801,1905.0,31.56,250.97,False,2026-03-11 17:43:53
ad4d9e,N9562Q,United States,43.872,-116.5551,1531.62,54.08,357.27,False,2026-03-11 17:43:53
a7cf78,N602JC,United States,41.3841,-80.6652,10363.2,206.01,120.79,False,2026-03-11 17:43:53
a91616,DAL1794,United States,33.3383,-83.9991,2293.62,118.22,314.82,False,2026-03-11 17:43:53
a88c3c,N65V,United States,34.8096,-120.2157,1920.24,74.24,337.17,False,2026-03-11 17:43:53
a8f607,LYM3712,United States,39.3405,-106.3783,7924.8,168.78,249.85,False,2026-03-11 17:43:53
a593ff,ERU459,United States,29.3121,-81.1161,-7.62,32.82,170.98,False,2026-03-11 17:43:53
aa3c47,N759JG,United States,29.2077,-82.4779,1333.5,60.31,188.34,False,2026-03-11 17:43:53
a5e3e4,EDV5415,United States,39.3076,-93.9684,11582.4,216.63,330.09,False,2026-03-11 17:43:53
acf906,JBU148,United States,40.7202,-84.9366,11285.22,275.75,90.53,False,2026-03-11 17:43:53
a96fc2,N707NG,United States,36.1813,-115.0322,2979.42,85.66,48.65,False,2026-03-11 17:43:53
c045f1,WJA2378,Canada,37.9174,-109.6916,10668.0,247.0,171.62,False,2026-03-11 17:43:53
a03bcd,RPA4630,United States,42.0028,-87.8843,320.04,63.28,270.47,False,2026-03-11 17:43:53
ad3a7f,AAL1419,United States,35.2578,-80.9392,411.48,72.63,177.16,False,2026-03-11 17:43:53
ab7613,AAL168,United States,48.2447,-122.1579,11887.2,301.01,93.53,False,2026-03-11 17:43:53
a09239,RPA4443,United States,39.783,-82.7198,4198.62,164.7,166.27,False,2026-03-11 17:43:53
a1beb8,MDS211,United States,45.9996,-120.2967,7620.0,173.38,128.98,False,2026-03-11 17:43:53
a4b0cc,ERU401,United States,28.6397,-80.8415,99.06,39.08,249.18,False,2026-03-11 17:43:53
ab1fbb,AAL1095,United States,29.6538,-83.6017,11285.22,251.85,150.24,False,2026-03-11 17:43:53
ad417b,TRF553,United States,32.7355,-96.275,457.2,36.66,274.83,False,2026-03-11 17:43:53
a89f62,AAL633,United States,39.4663,-96.889,9768.84,238.78,1.48,False,2026-03-11 17:43:53
ab39e3,SKW4103,United States,44.1699,-93.2085,4434.84,159.95,326.41,False,2026-03-11 17:43:53
a042d5,DAL2121,United States,37.8256,-107.4928,10370.82,208.29,241.85,False,2026-03-11 17:43:53
a96fd8,N707PD,United States,40.5492,-104.9724,2225.04,46.14,30.85,False,2026-03-11 17:43:53
c08887,WJA2536,Canada,25.6382,-96.7726,10058.4,237.9,126.03,False,2026-03-11 17:43:53
a896e0,N65221,United States,29.8891,-98.2122,1280.16,48.87,90.6,False,2026-03-11 17:43:53
a5cf82,UAL1391,United States,40.9913,-74.3945,1531.62,155.21,48.22,False,2026-03-11 17:43:53
a5cf80,N4736Y,United States,31.1927,-83.781,403.86,43.39,190.24,False,2026-03-11 17:43:53
ac5ab7,SWA2219,United States,34.3194,-79.1281,9753.6,221.94,215.09,False,2026-03-11 17:43:53
a02e0a,AAL2942,United States,39.1653,-88.2452,10363.2,197.29,301.78,False,2026-03-11 17:43:53
a6a6f6,DAL1961,United States,40.6499,-73.7638,,1.29,208.12,True,2026-03-11 17:43:53
a3338c,SKW3830,United States,47.6273,-117.5282,,8.23,45.0,True,2026-03-11 17:43:53
a260ed,SWA2578,United States,33.43,-112.0163,,2.57,36.56,True,2026-03-11 17:43:53
aaba41,RPA3580,United States,38.9473,-77.4407,,0.0,2.81,True,2026-03-11 17:43:53
abf431,N87CB,United States,34.0715,-99.5796,8473.44,107.7,316.16,False,2026-03-11 17:43:53
abe101,SWA1442,United States,40.2819,-87.8572,11056.62,199.28,171.39,False,2026-03-11 17:43:53
a8496e,FFT1659,United States,38.0598,-75.7759,10370.82,222.45,214.35,False,2026-03-11 17:43:53
a69f88,DAL459,United States,44.5984,-97.1226,10043.16,264.22,99.87,False,2026-03-11 17:43:53
a6932d,N5223R,United States,25.8829,-80.2976,182.88,48.43,273.04,False,2026-03-11 17:43:53
ac1448,N878CH,United States,43.9409,-101.8395,12192.0,154.99,272.47,False,2026-03-11 17:43:53
a33398,EJM515,United States,41.0855,-73.1498,1958.34,133.97,290.45,False,2026-03-11 17:43:53
a32068,N300MC,United States,27.67,-97.4933,922.02,102.4,178.85,False,2026-03-11 17:43:53
abb7f7,UAL533,United States,42.357,-71.0222,,3.34,298.12,True,2026-03-11 17:43:53
a6dc42,GJS4437,United States,36.4259,-94.2831,2240.28,143.01,39.01,False,2026-03-11 17:43:53
a6a6ca,N528BL,United States,35.5687,-78.3719,236.22,35.51,271.66,False,2026-03-11 17:43:53
a87cb5,NDU646,United States,32.9535,-111.7938,579.12,47.29,202.38,False,2026-03-11 17:43:53
ad8dbc,CITT88,United States,37.7699,-97.9687,2971.8,121.69,195.45,False,2026-03-11 17:43:53
abf444,N87CW,United States,33.5324,-112.2929,,6.69,25.31,True,2026-03-11 17:43:53
aae78b,N801WC,United States,33.0627,-97.2452,792.48,105.98,219.49,False,2026-03-11 17:43:53
ad2d3d,N9480E,United States,41.1466,-75.3451,883.92,47.29,351.87,False,2026-03-11 17:43:53
aa844f,N777PB,United States,28.8952,-81.528,1257.3,85.99,272.4,False,2026-03-11 17:43:53
a69f97,N526DV,United States,34.8748,-91.8287,12192.0,171.51,292.95,False,2026-03-11 17:43:53
a70333,ASA595,United States,46.5179,-120.3513,8122.92,141.68,309.99,False,2026-03-11 17:43:53
ac74e4,SWA4622,United States,37.6736,-80.7576,11887.2,260.65,76.18,False,2026-03-11 17:43:53
a44c70,DAL787,United States,42.6898,-103.7761,9144.0,179.54,304.97,False,2026-03-11 17:43:53
ac74f9,EDV5302,United States,33.4746,-82.3925,5486.4,192.3,256.86,False,2026-03-11 17:43:53
a403df,AAL1626,United States,36.7449,-87.5525,10363.2,191.9,258.09,False,2026-03-11 17:43:53
a0c068,N148A,United States,26.6508,-81.9216,259.08,30.95,158.55,False,2026-03-11 17:43:53
a5bc79,EJA469,United States,36.0741,-114.641,2339.34,121.5,267.82,False,2026-03-11 17:43:53
a1e03e,N22SF,United States,38.1594,-101.9032,14325.6,223.26,246.51,False,2026-03-11 17:43:53
ad476e,N955CB,United States,36.601,-114.4964,4015.74,89.89,56.67,False,2026-03-11 17:43:53
abda2f,N863CA,United States,26.6849,-81.1839,3261.36,180.41,50.09,False,2026-03-11 17:43:53
ac61bc,SWA3184,United States,32.0917,-104.7728,9144.0,226.52,262.96,False,2026-03-11 17:43:53
ae4d3a,DSTY610,United States,36.9552,-76.305,-38.1,3.64,171.87,False,2026-03-11 17:43:53
a7167f,JBU48,United States,40.905,-73.8663,807.72,116.27,36.36,False,2026-03-11 17:43:53
a0d392,N152WA,United States,33.605,-118.1496,121.92,48.66,56.65,False,2026-03-11 17:43:53
a9560d,N700RH,United States,42.947,-87.8948,,24.18,5.62,True,2026-03-11 17:43:53
a7acd6,LXJ594,United States,43.5228,-99.6461,13106.4,218.15,232.18,False,2026-03-11 17:43:53
ad81b9,ERY97,United States,41.3116,-81.6459,2613.66,172.66,36.15,False,2026-03-11 17:43:53
a69361,52248,United States,33.9647,-83.9746,548.64,36.56,140.71,False,2026-03-11 17:43:53
a45353,UPS2919,United States,32.9152,-97.0614,,0.51,180.0,True,2026-03-11 17:43:53
ad1a1d,WUP943,United States,38.4126,-96.1012,13106.4,195.96,254.47,False,2026-03-11 17:43:53
aa2dea,N755PJ,United States,34.36,-105.6338,13106.4,194.92,280.95,False,2026-03-11 17:43:53
c00bf7,WEN3629,Canada,50.6433,-118.5673,6705.6,112.69,268.69,False,2026-03-11 17:43:53
ac146b,N878DT,United States,38.0183,-96.7829,723.9,76.17,258.31,False,2026-03-11 17:43:53
a0c075,AAL2243,United States,33.3267,-77.675,10347.96,235.24,196.26,False,2026-03-11 17:43:53
ad7ab8,JBU2801,United States,31.6198,-104.7415,10370.82,216.1,278.9,False,2026-03-11 17:43:53
ae04aa,LOST12,United States,33.7983,-118.0427,,7.72,230.62,True,2026-03-11 17:43:53
abda54,DAL2999,United States,33.7575,-84.5423,3581.4,142.58,110.27,False,2026-03-11 17:43:53
a81000,UAL1100,United States,39.6084,-93.0101,9448.8,272.21,82.83,False,2026-03-11 17:43:53
aa1aab,RKJ750,United States,39.1828,-119.3261,14196.06,222.42,300.9,False,2026-03-11 17:43:53
a0480b,AAL2632,United States,38.2279,-85.1358,8229.6,212.21,318.93,False,2026-03-11 17:43:53
aa7115,N772GK,United States,39.7948,-104.4831,1897.38,46.33,88.09,False,2026-03-11 17:43:53
ac0143,SWA1931,United States,33.4321,-111.9944,,1.8,90.0,True,2026-03-11 17:43:53
a3201d,JCY300,United States,43.1752,-122.4214,13106.4,215.77,357.4,False,2026-03-11 17:43:53
ac5ada,SWA1096,United States,39.2226,-76.4858,967.74,122.55,164.91,False,2026-03-11 17:43:53
a95635,N700SY,United States,34.6944,-80.3874,8229.6,156.59,22.61,False,2026-03-11 17:43:53
a32036,N300KC,United States,39.485,-83.3207,7277.1,182.7,287.87,False,2026-03-11 17:43:53
a4798f,FFT1242,United States,33.6433,-84.4233,,1.03,0.0,True,2026-03-11 17:43:53
aba4ff,N85A,United States,30.3262,-88.2113,2286.0,82.41,87.14,False,2026-03-11 17:43:53
a6f616,N548EP,United States,30.219,-89.7712,1150.62,33.85,306.35,False,2026-03-11 17:43:53
a6a6a9,SCJ52,United States,39.67,-89.422,12496.8,156.4,269.25,False,2026-03-11 17:43:53
ac61db,SWA1469,United States,39.8715,-104.6849,,9.26,165.94,True,2026-03-11 17:43:53
a105b0,EJA165,United States,37.3615,-121.9342,,0.0,227.81,True,2026-03-11 17:43:53
a118e0,N17WZ,United States,32.5041,-80.3482,2697.48,88.32,33.6,False,2026-03-11 17:43:53
a2be06,AAY464,United States,38.7025,-105.123,9753.6,204.93,254.57,False,2026-03-11 17:43:53
ae04da,CNV4267,United States,48.3601,-122.4614,1348.74,130.65,136.76,False,2026-03-11 17:43:53
a4fcc0,JRT20,United States,35.7708,-112.9527,8145.78,223.26,257.08,False,2026-03-11 17:43:53
a095ba,FRV137,United States,28.3651,-82.3104,9144.0,126.02,327.67,False,2026-03-11 17:43:53
aaba83,N7901C,United States,35.506,-119.7847,2438.4,47.24,305.25,False,2026-03-11 17:43:53
acfa52,EDV5096,United States,38.3958,-81.5927,10058.4,250.89,109.4,False,2026-03-11 17:43:53
a44081,N373SA,United States,25.9655,-100.299,731.52,70.28,162.1,False,2026-03-11 17:43:53
a6a6b7,ASA23,United States,45.8081,-75.678,10363.2,204.08,314.49,False,2026-03-11 17:43:53
a4c979,N4073X,United States,30.986,-84.374,762.0,57.93,19.72,False,2026-03-11 17:43:53
a08edf,N135MH,United States,38.3471,-77.2619,617.22,53.92,209.74,False,2026-03-11 17:43:53
a69f49,ASA338,United States,47.1116,-122.4945,3421.38,160.73,7.17,False,2026-03-11 17:43:53
a523ab,FFT2748,United States,36.0692,-92.9536,11292.84,240.11,119.81,False,2026-03-11 17:43:53
c01ec6,FLE601,Canada,49.7612,-120.3543,12192.0,180.19,258.31,False,2026-03-11 17:43:53
a536f7,ASI3358,United States,33.8364,-112.1099,1584.96,52.97,258.8,False,2026-03-11 17:43:53
a4b64b,RPA4472,United States,40.7812,-73.8785,,3.34,345.94,True,2026-03-11 17:43:53
ad2d99,N94822,United States,36.0406,-79.4684,457.2,45.27,359.35,False,2026-03-11 17:43:53
ad81c1,N97ES,United States,32.1079,-100.4023,6705.6,113.38,3.38,False,2026-03-11 17:43:53
ab6906,WUP834,United States,36.8871,-76.2011,,2.31,126.56,True,2026-03-11 17:43:53
ad479d,DAL2179,United States,33.5756,-82.7414,7010.4,254.72,88.61,False,2026-03-11 17:43:53
ad1a4e,SWA1517,United States,35.0989,-81.5613,3139.44,140.06,257.7,False,2026-03-11 17:43:53
ae543e,22558,United States,33.2059,-117.4973,518.16,71.49,235.85,False,2026-03-11 17:43:53
ac015f,SWA296,United States,33.6253,-99.4711,11551.92,222.88,288.85,False,2026-03-11 17:43:53
ac5afd,SWA4284,United States,39.7171,-93.9051,9753.6,190.05,236.48,False,2026-03-11 17:43:53
a1b812,N21KH,United States,43.0895,-70.8344,350.52,86.9,325.37,False,2026-03-11 17:43:53
c08864,POE403,Canada,51.1033,-101.6899,11582.4,210.19,288.7,False,2026-03-11 17:43:53
c08861,POE663,Canada,43.0476,-96.8869,10972.8,193.45,250.75,False,2026-03-11 17:43:53
acb1e5,AAL2773,United States,41.6546,-71.6685,3901.44,201.38,68.42,False,2026-03-11 17:43:53
c08862,POE507,Canada,43.182,-79.7205,7223.76,174.81,185.91,False,2026-03-11 17:43:53
a380fc,N325B,United States,34.6395,-96.5227,10530.84,272.5,13.98,False,2026-03-11 17:43:53
a82300,CXK698,United States,32.656,-97.0923,182.88,36.22,348.53,False,2026-03-11 17:43:53
a7c6b0,N60UH,United States,33.3724,-86.2951,1783.08,94.74,349.36,False,2026-03-11 17:43:53
ac0184,N873AJ,United States,29.7124,-81.509,7429.5,123.06,2.4,False,2026-03-11 17:43:53
c0885e,POE571,Canada,37.9852,-78.4164,11582.4,205.04,213.33,False,2026-03-11 17:43:53
a5bc1f,N469MB,United States,29.0451,-81.1307,815.34,47.02,197.84,False,2026-03-11 17:43:53
a789fb,N585RJ,United States,33.3219,-86.8663,3009.9,111.9,356.05,False,2026-03-11 17:43:53
a238a6,ENY4037,United States,30.2916,-83.3543,9753.6,224.14,337.32,False,2026-03-11 17:43:53
a5d648,UAL1973,United States,37.0345,-107.6646,10972.8,201.52,284.64,False,2026-03-11 17:43:53
c01ee6,WJA1468,Canada,42.3871,-112.6312,11277.6,245.51,178.2,False,2026-03-11 17:43:53
a5d643,UAL446,United States,37.275,-93.9837,9144.0,195.88,260.93,False,2026-03-11 17:43:53
a9da5c,N734ES,United States,33.5091,-117.0768,944.88,42.38,10.49,False,2026-03-11 17:43:53
a70328,CNS1210,United States,41.9523,-71.1934,7711.44,139.57,221.56,False,2026-03-11 17:43:53
a71654,GJS4495,United States,38.9412,-77.4553,,0.0,270.0,True,2026-03-11 17:43:53
c08857,POE775,Canada,32.8602,-77.8372,11582.4,243.45,178.18,False,2026-03-11 17:43:53
a68c54,N52070,United States,33.9833,-117.6206,213.36,40.13,180.73,False,2026-03-11 17:43:53
c01ebb,FLE2616,Canada,26.5864,-84.6479,11582.4,222.28,207.57,False,2026-03-11 17:43:53
add1c2,N99RA,United States,33.1929,-117.8618,4389.12,109.52,297.41,False,2026-03-11 17:43:53
a5c31b,SWA3234,United States,32.5049,-94.4878,11887.2,238.49,108.75,False,2026-03-11 17:43:53
c0750f,AHC1,Canada,50.0088,-125.2446,83.82,12.39,94.76,False,2026-03-11 17:43:53
a095aa,EDV5435,United States,34.4044,-82.988,8831.58,255.27,53.52,False,2026-03-11 17:43:53
c0751c,ROU1997,Canada,51.4958,-107.6869,10980.42,209.49,271.83,False,2026-03-11 17:43:53
c0884e,POE771,Canada,38.0435,-89.0994,11582.4,179.17,229.54,False,2026-03-11 17:43:53
c0884f,POE262,Canada,49.1721,-91.6964,11277.6,253.56,102.06,False,2026-03-11 17:43:53
a789ea,EJA585,United States,31.5483,-78.2625,12192.0,227.0,195.11,False,2026-03-11 17:43:53
abda7e,CFS8699,United States,48.3973,-122.4162,1767.84,85.26,349.57,False,2026-03-11 17:43:53
ad2167,N945TC,United States,31.2921,-85.1865,419.1,56.18,74.05,False,2026-03-11 17:43:53
c08859,POE305,Canada,50.8896,-108.283,10972.8,203.87,274.63,False,2026-03-11 17:43:53
a81071,N619CT,United States,30.2521,-98.7722,1821.18,45.88,287.62,False,2026-03-11 17:43:53
a870ef,TCF643,United States,27.9775,-80.7074,426.72,50.75,259.49,False,2026-03-11 17:43:53
c060fc,CGKSX,Canada,34.1171,-117.2445,708.66,71.66,299.69,False,2026-03-11 17:43:53
a9ecff,N739FH,United States,44.7037,-93.5151,739.14,51.65,45.0,False,2026-03-11 17:43:53
a63e00,N501DP,United States,32.5869,-111.6617,5356.86,172.54,145.08,False,2026-03-11 17:43:53
a37b0c,AAL2646,United States,35.1665,-104.0925,7924.8,219.84,267.72,False,2026-03-11 17:43:53
a07bef,RPA4494,United States,41.493,-72.1698,6682.74,227.77,63.43,False,2026-03-11 17:43:53
a3e51b,N350DC,United States,33.1421,-80.8254,6400.8,101.61,12.28,False,2026-03-11 17:43:53
a0e5f2,N157U,United States,41.8579,-112.1299,1813.56,70.57,315.59,False,2026-03-11 17:43:53
ade56d,N995CE,United States,41.6189,-92.5614,12192.0,190.5,257.84,False,2026-03-11 17:43:53
adde95,JBU619,United States,38.8009,-80.6015,9738.36,213.83,261.42,False,2026-03-11 17:43:53
a0cbd6,SKW5795,United States,36.5165,-95.4043,3352.8,148.43,224.16,False,2026-03-11 17:43:53
a3a8f5,LXJ335,United States,43.1796,-112.5416,5791.2,202.14,194.74,False,2026-03-11 17:43:53
a07bfe,VJA130,United States,26.9809,-79.6937,5334.0,196.31,196.44,False,2026-03-11 17:43:53
a2886c,SWA2378,United States,38.9366,-87.5422,10363.2,274.75,89.03,False,2026-03-11 17:43:53
a20bba,N2306R,United States,34.3069,-112.2059,2499.36,67.21,264.29,False,2026-03-11 17:43:53
ab0730,N81BV,United States,33.7807,-118.3775,1333.5,48.46,189.16,False,2026-03-11 17:43:53
a4b5b6,SKW3306,United States,32.7352,-117.205,,5.4,230.62,True,2026-03-11 17:43:53
a33ead,N308SU,United States,45.6646,-123.2148,1158.24,37.51,312.22,False,2026-03-11 17:43:53
a3a8ef,FFT3648,United States,41.9884,-87.8789,304.8,65.34,269.1,False,2026-03-11 17:43:53
a9ecdb,N739DX,United States,34.2993,-118.4342,525.78,44.38,315.0,False,2026-03-11 17:43:53
a26e3a,EPI256,United States,28.9269,-80.8352,396.24,65.65,344.55,False,2026-03-11 17:43:53
a082ac,AAL425,United States,36.8987,-106.9081,10363.2,200.28,283.22,False,2026-03-11 17:43:53
a8107d,N619DE,United States,38.0648,-121.7016,-83.82,29.68,326.31,False,2026-03-11 17:43:53
a1685e,N190CA,United States,35.1962,-77.7427,6096.0,131.57,209.77,False,2026-03-11 17:43:53
a57ed4,N453SC,United States,36.259,-94.1982,13106.4,188.85,279.56,False,2026-03-11 17:43:53
a6582c,N508FG,United States,39.8635,-74.6394,1379.22,33.94,194.04,False,2026-03-11 17:43:53
a51e3b,N429NA,United States,32.8027,-97.1642,236.22,21.61,1.36,False,2026-03-11 17:43:53
a01b56,DAL729,United States,36.7242,-90.1224,10675.62,259.39,100.98,False,2026-03-11 17:43:53
c038a7,ACA185,Canada,49.489,-122.1283,6042.66,148.49,238.46,False,2026-03-11 17:43:53
a4fe48,N4202L,United States,41.0695,-74.32,609.6,56.14,242.73,False,2026-03-11 17:43:53
a105e8,SKW5672,United States,41.9402,-87.433,1562.1,114.72,359.74,False,2026-03-11 17:43:53
a03574,AAL2574,United States,33.4383,-112.0025,,0.0,146.25,True,2026-03-11 17:43:53
a105df,N165SP,United States,37.0802,-113.2764,1409.7,53.56,267.25,False,2026-03-11 17:43:53
a4c8de,RPA4721,United States,40.8007,-73.3783,1211.58,124.7,326.44,False,2026-03-11 17:43:53
a16883,DAL405,United States,42.528,-94.5983,11049.0,278.9,91.27,False,2026-03-11 17:43:53
a33eb1,SKW3783,United States,40.5909,-89.416,10576.56,254.81,107.26,False,2026-03-11 17:43:53
a598ef,N46TD,United States,31.2009,-97.286,1889.76,71.38,211.74,False,2026-03-11 17:43:53
aa6a8a,N770RM,United States,36.6772,-104.4715,13106.4,237.45,87.14,False,2026-03-11 17:43:53
c060bd,POE653,Canada,42.3723,-99.2356,10972.8,199.64,256.29,False,2026-03-11 17:43:53
c060bf,POE587,Canada,33.9987,-80.5887,11582.4,226.33,193.94,False,2026-03-11 17:43:53
a465df,UAL1310,United States,42.001,-87.5175,1264.92,86.41,263.85,False,2026-03-11 17:43:53
c060bb,POE582,Canada,35.1708,-80.6522,11277.6,232.09,8.67,False,2026-03-11 17:43:53
a27595,N258DV,United States,32.1083,-86.4303,12496.8,252.42,124.37,False,2026-03-11 17:43:53
c060ba,POE302,Canada,44.434,-94.5083,11277.6,258.04,94.57,False,2026-03-11 17:43:53
a7f00a,N610PG,United States,26.5163,-79.8596,3124.2,155.97,203.52,False,2026-03-11 17:43:53
a2be6d,SKW3704,United States,33.9986,-118.3171,5265.42,165.52,55.77,False,2026-03-11 17:43:53
aae747,N801TK,United States,40.0716,-99.2179,7924.8,113.75,340.17,False,2026-03-11 17:43:53
a32bf6,N303RH,United States,36.7935,-121.5578,1112.52,48.12,276.14,False,2026-03-11 17:43:53
a87cf4,EJA646,United States,28.9275,-90.5341,12496.8,243.7,103.3,False,2026-03-11 17:43:53
aae751,N801TV,United States,32.8693,-96.7103,365.76,38.56,256.89,False,2026-03-11 17:43:53
a1427f,AAL1646,United States,32.3884,-108.7773,10066.02,254.05,100.85,False,2026-03-11 17:43:53
a6e361,DAL347,United States,43.1293,-103.7873,9136.38,182.03,295.26,False,2026-03-11 17:43:53
c060c5,POE357,Canada,49.9134,-96.0677,11582.4,215.41,287.66,False,2026-03-11 17:43:53
a906f3,PDT5835,United States,44.8098,-68.8254,,5.92,315.0,True,2026-03-11 17:43:53
a95694,N700WT,United States,36.3351,-105.409,8229.6,171.81,75.96,False,2026-03-11 17:43:53
a1a56d,RPA5618,United States,33.5783,-80.1078,9448.8,249.17,26.88,False,2026-03-11 17:43:53
c060c0,POE596,Canada,30.3159,-81.3847,11887.2,211.74,356.94,False,2026-03-11 17:43:53
c060c2,POE570,Canada,33.096,-80.5224,11277.6,237.64,23.07,False,2026-03-11 17:43:53
a25b75,N251CP,United States,33.7808,-117.4572,1158.24,92.35,347.12,False,2026-03-11 17:43:53
a38237,EDV5534,United States,33.6336,-84.4452,,9.77,270.0,True,2026-03-11 17:43:53
aa8493,N777RV,United States,35.8298,-115.0888,3535.68,77.2,227.7,False,2026-03-11 17:43:53
a38223,AAY3108,United States,34.9495,-85.5054,11582.4,208.75,194.41,False,2026-03-11 17:43:53
ab8a25,N84234,United States,27.5683,-81.8168,944.88,44.04,75.8,False,2026-03-11 17:43:53
a38e69,JBU716,United States,42.935,-78.7309,,0.0,317.81,True,2026-03-11 17:43:53
a7f02d,EJA610,United States,30.0607,-97.1771,4084.32,163.75,292.54,False,2026-03-11 17:43:53
ad3408,ASI642,United States,33.7577,-112.3465,1036.32,50.79,83.02,False,2026-03-11 17:43:53
aacd50,UAL2032,United States,34.9433,-94.676,8534.4,199.3,216.6,False,2026-03-11 17:43:53
a3a8c0,DAL2508,United States,32.8082,-117.0967,1943.1,122.68,137.21,False,2026-03-11 17:43:53
a8d3b0,VJA668,United States,35.6812,-80.8091,12809.22,193.02,188.58,False,2026-03-11 17:43:53
a25b66,MXY730,United States,26.0783,-80.3819,1074.42,86.5,92.39,False,2026-03-11 17:43:53
a37b1c,SKW3836,United States,36.3009,-107.6681,9022.08,253.31,159.43,False,2026-03-11 17:43:53
c060ca,POE513,Canada,26.3563,-79.9404,2362.2,146.64,210.34,False,2026-03-11 17:43:53
a465ac,N3824R,United States,35.1372,-120.4713,883.92,52.41,301.35,False,2026-03-11 17:43:53
a65817,N508EL,United States,39.219,-104.831,3055.62,136.99,338.64,False,2026-03-11 17:43:53
a3a8ba,DAL2279,United States,33.6454,-84.4244,,0.0,90.0,True,2026-03-11 17:43:53
a082ff,N132DW,United States,30.1289,-81.7055,1424.94,46.14,210.85,False,2026-03-11 17:43:53
a6e376,JIA5653,United States,39.3383,-92.2338,9753.6,180.34,239.48,False,2026-03-11 17:43:53
a9ecab,N739BZ,United States,41.3396,-104.7924,2651.76,31.08,250.67,False,2026-03-11 17:43:53
a27567,MXY739,United States,34.994,-78.1483,11582.4,212.7,217.73,False,2026-03-11 17:43:53
a3820b,N325MW,United States,38.9008,-104.714,2773.68,87.98,0.67,False,2026-03-11 17:43:53
a27569,N258CA,United States,33.4349,-117.1641,1905.0,54.37,34.59,False,2026-03-11 17:43:53
ad4747,AAL2131,United States,40.332,-95.7694,9753.6,186.28,248.11,False,2026-03-11 17:43:53
a8102a,UAL1177,United States,34.3924,-101.4175,10668.0,256.6,164.65,False,2026-03-11 17:43:53
ab9126,N84400,United States,34.2502,-84.0489,1341.12,42.38,303.11,False,2026-03-11 17:43:53
ad4744,ASA1366,United States,29.4185,-107.3791,10668.0,247.59,113.9,False,2026-03-11 17:43:53
aaba1b,TCN790,United States,39.1206,-80.995,13716.0,265.06,11.99,False,2026-03-11 17:43:53
a8dffc,FFT4190,United States,38.7329,-82.6271,9105.9,219.15,171.22,False,2026-03-11 17:43:53
a6d03b,00A50000,United States,41.8202,-108.6545,12192.0,186.71,274.11,False,2026-03-11 17:43:53
abed37,GTI8452,United States,25.7994,-80.3325,106.68,86.5,87.61,False,2026-03-11 17:43:53
a64578,DAL791,United States,34.8477,-108.7239,8519.16,215.71,261.77,False,2026-03-11 17:43:53
acab11,AAL1915,United States,32.8841,-97.032,,9.77,180.0,True,2026-03-11 17:43:53
a4f250,NWX418,United States,32.5976,-97.8873,960.12,67.35,67.55,False,2026-03-11 17:43:53
a6322e,JRT99,United States,36.2594,-86.6057,906.78,77.15,209.13,False,2026-03-11 17:43:53
a572f5,N450JS,United States,37.539,-77.3325,13716.0,240.03,6.03,False,2026-03-11 17:43:53
c00c54,SUT3101,Canada,50.6249,-117.0358,8542.02,151.86,249.78,False,2026-03-11 17:43:53
780a67,CPA884,China,34.774,-119.3499,7147.56,221.53,143.69,False,2026-03-11 17:43:53
a835d1,GXA6152,United States,27.0585,-96.7257,10370.82,200.41,207.35,False,2026-03-11 17:43:53
a56bfe,N4489X,United States,35.6447,-80.3142,1493.52,70.06,56.08,False,2026-03-11 17:43:53
a75232,CXK1067,United States,38.6437,-77.5759,914.4,50.83,215.94,False,2026-03-11 17:43:53
a75238,ATN3329,United States,36.222,-103.3289,10668.0,250.59,74.77,False,2026-03-11 17:43:53
a6322f,N499GT,United States,30.9669,-83.5207,1013.46,45.0,190.54,False,2026-03-11 17:43:53
acd83d,DAL1546,United States,41.1742,-81.7793,9144.0,219.57,307.19,False,2026-03-11 17:43:53
acbe34,ASA368,United States,31.369,-100.3129,10668.0,250.93,139.16,False,2026-03-11 17:43:53
aae5f7,DAL2565,United States,38.1804,-106.7404,9753.6,222.04,227.07,False,2026-03-11 17:43:53
ad2baa,JBU1002,United States,38.6047,-75.0992,10058.4,242.54,25.37,False,2026-03-11 17:43:53
acbe37,AAL2837,United States,32.7316,-80.2284,10972.8,217.9,219.25,False,2026-03-11 17:43:53
a6456d,DAL295,United States,40.2079,-90.7739,10363.2,258.18,334.51,False,2026-03-11 17:43:53
a09737,N137WS,United States,29.6713,-77.5032,13716.0,218.53,356.49,False,2026-03-11 17:43:53
aa2e6f,AAL1438,United States,43.126,-77.6674,,0.0,87.19,True,2026-03-11 17:43:53
a2ab84,N271PM,United States,30.2901,-87.6968,99.06,31.96,93.69,False,2026-03-11 17:43:53
c02655,WJA655,Canada,50.261,-97.8676,10370.82,210.11,286.79,False,2026-03-11 17:43:53
ac754b,AAL533,United States,40.1133,-105.7168,7056.12,155.19,266.2,False,2026-03-11 17:43:53
ac5b43,SWA352,United States,39.7325,-104.1702,4183.38,194.32,114.39,False,2026-03-11 17:43:53
a4f24d,N418ES,United States,45.5267,-94.032,396.24,39.29,315.0,False,2026-03-11 17:43:53
ac0bde,SWA3837,United States,33.8262,-111.8114,5448.3,199.35,45.21,False,2026-03-11 17:43:53
ac12d6,SWA3159,United States,39.8484,-104.5053,2598.42,137.36,115.99,False,2026-03-11 17:43:53
abf2c2,SWA1250,United States,31.4763,-81.0584,10972.8,231.43,185.23,False,2026-03-11 17:43:53
c02683,CFOPE,Canada,44.8919,-80.41,7315.2,113.29,303.33,False,2026-03-11 17:43:53
ac7573,N9011W,United States,27.6223,-82.3494,381.0,69.17,274.69,False,2026-03-11 17:43:53
c060b9,PTR2388,Canada,41.9608,-84.9133,7010.4,226.37,74.98,False,2026-03-11 17:43:53
c0267c,NOJ10,Canada,26.9504,-79.108,9113.52,177.61,31.62,False,2026-03-11 17:43:53
a81bcc,SKW5480,United States,33.9386,-118.4017,,9.77,84.38,True,2026-03-11 17:43:53
abebbe,SWA2918,United States,34.448,-105.1999,12496.8,240.9,88.04,False,2026-03-11 17:43:53
a4189f,DAL1012,United States,41.2482,-84.169,8534.4,198.55,234.7,False,2026-03-11 17:43:53
aa1b39,NDU750,United States,33.2903,-111.67,701.04,50.39,27.35,False,2026-03-11 17:43:53
a99e32,FWK719,United States,42.7803,-93.874,10058.4,273.65,25.02,False,2026-03-11 17:43:53
ad953c,UAL2029,United States,38.3737,-118.4466,9753.6,273.85,80.48,False,2026-03-11 17:43:53
c0399b,CFVVE,Canada,50.8626,-113.5976,4648.2,174.32,319.07,False,2026-03-11 17:43:53
a75e7e,JIA5558,United States,38.5729,-82.8996,5791.2,160.77,273.3,False,2026-03-11 17:43:53
abebe0,SWA3346,United States,34.2615,-91.9696,11887.2,268.92,38.16,False,2026-03-11 17:43:53
a2c574,AAY437,United States,36.465,-108.667,10058.4,241.01,60.32,False,2026-03-11 17:43:53
a702ca,N5507T,United States,37.6872,-121.4405,-91.44,19.7,310.76,False,2026-03-11 17:43:53
a7c878,JIA5439,United States,35.4836,-86.1292,6926.58,201.83,319.65,False,2026-03-11 17:43:53
a2759b,N258EA,United States,33.3766,-112.6687,1897.38,37.53,298.67,False,2026-03-11 17:43:53
a4f26b,LXJ418,United States,39.9107,-85.8759,11887.2,279.57,83.56,False,2026-03-11 17:43:53
a452c4,DAL2790,United States,42.4539,-85.3138,9144.0,200.7,271.47,False,2026-03-11 17:43:53
a6a88c,VOI5852,United States,38.8327,-119.5565,11574.78,211.67,349.07,False,2026-03-11 17:43:53
780a8a,CPA830,China,40.7394,-73.6811,609.6,78.43,210.77,False,2026-03-11 17:43:53
ac5b66,SWA3807,United States,33.7448,-116.909,8305.8,252.15,91.4,False,2026-03-11 17:43:53
ac756c,AAL1463,United States,30.6843,-84.8337,11277.6,254.78,112.06,False,2026-03-11 17:43:53
a7650b,DAL619,United States,28.6711,-83.2296,10972.8,236.82,194.34,False,2026-03-11 17:43:53
a63e3a,LXJ501,United States,32.0033,-105.4934,13708.38,209.5,283.49,False,2026-03-11 17:43:53
a6eeb9,JIA5254,United States,41.1423,-73.7644,617.22,55.26,151.05,False,2026-03-11 17:43:53
acd88e,DAL2102,United States,38.0588,-108.4822,9753.6,212.07,235.08,False,2026-03-11 17:43:53
acab54,EDV5463,United States,40.7727,-73.864,,0.45,5.62,True,2026-03-11 17:43:53
a32d07,PFA323,United States,29.0339,-80.9588,1676.4,47.34,160.97,False,2026-03-11 17:43:53
ac6266,SWA1062,United States,35.1479,-77.8125,10668.0,239.19,38.27,False,2026-03-11 17:43:53
a6451b,N503AF,United States,33.1881,-96.8392,769.62,52.39,7.33,False,2026-03-11 17:43:53
adde69,N993GL,United States,37.6595,-122.1178,-121.92,1.46,315.0,False,2026-03-11 17:43:53
a4fe3a,N64RB,United States,40.0911,-112.0979,2468.88,36.89,171.98,False,2026-03-11 17:43:53
a26db7,N2559U,United States,43.5922,-116.6209,1432.56,31.53,185.62,False,2026-03-11 17:43:53
aa7ba7,AAL115,United States,34.5547,-112.5257,11582.4,221.23,270.8,False,2026-03-11 17:43:53
ade53c,CNS1211,United States,34.3846,-119.0401,2644.14,129.85,101.89,False,2026-03-11 17:43:53
aa7ba6,N775AM,United States,34.0415,-118.6443,1112.52,45.83,92.57,False,2026-03-11 17:43:53
a06a26,N126BS,United States,39.495,-74.9789,350.52,54.84,36.22,False,2026-03-11 17:43:53
a20d13,N231JV,United States,29.214,-94.8136,2438.4,73.7,240.75,False,2026-03-11 17:43:53
a02dda,SKW5605,United States,34.7609,-116.9995,10027.92,230.96,54.61,False,2026-03-11 17:43:53
a7f096,SKW4653,United States,31.9169,-85.182,10363.2,211.13,322.82,False,2026-03-11 17:43:53
ac5b89,SWA239,United States,39.7012,-76.0166,11582.4,206.17,230.67,False,2026-03-11 17:43:53
ade548,DAL2763,United States,34.7184,-84.4034,6934.2,230.47,0.13,False,2026-03-11 17:43:53
c01f28,FLE651,Canada,45.3543,-75.5688,10972.8,177.68,258.14,False,2026-03-11 17:43:53
a8e822,PHM211,United States,29.5429,-90.6553,670.56,45.25,139.61,False,2026-03-11 17:43:53
a0e751,UAL1781,United States,29.6047,-98.4375,11879.58,232.08,155.65,False,2026-03-11 17:43:53
c07fb0,WJA632,Canada,45.24,-92.19,10668.0,265.56,101.96,False,2026-03-11 17:43:53
c07fb1,WJA473,Canada,49.5149,-121.0018,6888.48,139.48,245.14,False,2026-03-11 17:43:53
ade543,AAL1996,United States,37.9477,-118.5266,10363.2,204.68,261.03,False,2026-03-11 17:43:53
aa95ac,EJA781,United States,33.4577,-84.9458,12496.8,248.92,140.62,False,2026-03-11 17:43:53
a08446,SKW5985,United States,39.7067,-103.2981,6477.0,226.05,96.01,False,2026-03-11 17:43:53
a6a82a,N528RN,United States,39.5832,-102.5485,13106.4,169.52,278.38,False,2026-03-11 17:43:53
acab3f,SWA2868,United States,47.3142,-122.7064,4975.86,144.67,272.24,False,2026-03-11 17:43:53
a5d5ae,SWA334,United States,38.7399,-90.3568,,5.66,213.75,True,2026-03-11 17:43:53
a968bb,SKW6227,United States,34.5531,-101.3216,9144.0,214.41,300.26,False,2026-03-11 17:43:53
a2b29c,N273LA,United States,41.7418,-72.9794,1524.0,70.48,90.42,False,2026-03-11 17:43:53
4bb0fa,THY8MT,Turkey,42.5485,-111.8092,11582.4,244.59,195.12,False,2026-03-11 17:43:53
c07fb8,WJA961,Canada,51.289,-110.0008,10972.8,205.47,272.58,False,2026-03-11 17:43:53
a19d2e,N203AF,United States,37.4393,-105.2089,10454.64,200.75,326.39,False,2026-03-11 17:43:53
aa3529,N757MM,United States,33.1951,-97.1802,502.92,35.63,175.03,False,2026-03-11 17:43:53
c01f1e,FLE700,Canada,49.3542,-120.2251,9471.66,225.63,29.96,False,2026-03-11 17:43:53
ad7b4d,EJA968,United States,34.5171,-78.2034,12397.74,244.5,41.67,False,2026-03-11 17:43:53
a287a4,ENY4026,United States,32.7685,-97.0267,792.48,92.6,0.0,False,2026-03-11 17:43:53
a7ae37,N594W,United States,38.1489,-91.5263,1836.42,76.89,245.49,False,2026-03-11 17:43:53
a167ad,N19V,United States,40.6864,-75.3873,426.72,43.68,226.91,False,2026-03-11 17:43:53
a56be4,N44886,United States,32.9621,-117.2693,1127.76,54.17,4.36,False,2026-03-11 17:43:53
a6eed5,GJS4512,United States,41.5579,-88.003,4518.66,162.02,187.85,False,2026-03-11 17:43:53
a7c849,EDV5418,United States,35.0598,-82.7382,8534.4,209.18,224.3,False,2026-03-11 17:43:53
c00c22,CFEPL,Canada,45.2791,-92.5944,2423.16,71.94,324.61,False,2026-03-11 17:43:53
a5255a,RPA4663,United States,41.1294,-78.645,10363.2,193.74,248.34,False,2026-03-11 17:43:53
a70eda,KOW554,United States,34.5745,-78.3605,10363.2,222.72,218.25,False,2026-03-11 17:43:53
ac6289,SWA2872,United States,40.9237,-86.3821,4175.76,191.04,342.93,False,2026-03-11 17:43:53
ae0583,CHILI84,United States,29.3569,-98.6759,807.72,113.23,161.73,False,2026-03-11 17:43:53
abf2ea,SWA2192,United States,41.8628,-88.3731,3345.18,130.96,259.13,False,2026-03-11 17:43:53
a06a02,CNS176,United States,42.7021,-73.9317,7924.8,188.49,235.79,False,2026-03-11 17:43:53
ae4bee,C2314,United States,32.6735,-83.437,3596.64,101.0,243.7,False,2026-03-11 17:43:53
a51e7d,EJA429,United States,32.5002,-81.1072,6004.56,217.63,78.13,False,2026-03-11 17:43:53
c07fe9,WJA2412,Canada,30.6659,-99.2077,11887.2,234.57,172.44,False,2026-03-11 17:43:53
a715c6,ASA1425,United States,39.6959,-115.1287,11277.6,252.7,143.53,False,2026-03-11 17:43:53
399bbb,13114R3A,France,30.631,-88.072,,0.0,90.0,True,2026-03-11 17:43:53
a2270f,RPA5634,United States,44.1548,-84.5016,10058.4,281.89,80.86,False,2026-03-11 17:43:53
acb258,N917TC,United States,37.8971,-77.6567,2133.6,78.85,93.37,False,2026-03-11 17:43:53
a70ee6,GJS4188,United States,44.1413,-80.5083,10363.2,166.86,241.85,False,2026-03-11 17:43:53
ae4bdf,TACO65,United States,34.9554,-106.5772,1668.78,76.58,96.17,False,2026-03-11 17:43:53
a3828a,SKW4034,United States,43.3368,-93.5469,8343.9,249.19,5.69,False,2026-03-11 17:43:53
a87e26,N6462C,United States,29.0012,-98.6198,1120.14,53.8,186.04,False,2026-03-11 17:43:53
a90824,NKS268,United States,33.7763,-79.4264,10660.38,249.97,43.75,False,2026-03-11 17:43:53
a06a10,AVL126,United States,38.6417,-77.6362,701.04,44.09,235.94,False,2026-03-11 17:43:53
c06189,POE481,Canada,50.3435,-118.184,11582.4,191.24,253.27,False,2026-03-11 17:43:53
a154f2,N185TK,United States,35.0564,-120.1606,1264.92,70.94,328.04,False,2026-03-11 17:43:53
ae03fe,PAT680,United States,34.4659,-81.4706,7924.8,119.25,220.98,False,2026-03-11 17:43:53
c06183,POE551,Canada,31.4982,-81.0454,11582.4,239.65,183.45,False,2026-03-11 17:43:53
a44d1c,DAL1675,United States,37.0681,-76.4331,10058.4,240.31,34.71,False,2026-03-11 17:43:53
abf396,SWA2818,United States,34.3236,-95.3196,10972.8,184.31,210.72,False,2026-03-11 17:43:53
a154e6,SKW3453,United States,32.3322,-111.194,2171.7,151.69,135.14,False,2026-03-11 17:43:53
a26df9,MXY717,United States,37.3498,-76.0017,10668.0,231.51,31.18,False,2026-03-11 17:43:53
a0713f,N12783,United States,32.9693,-96.8809,396.24,53.59,176.7,False,2026-03-11 17:43:53
c0617c,POE352,Canada,43.6738,-79.61,,6.17,233.44,True,2026-03-11 17:43:53
ade3eb,N9940V,United States,38.2061,-122.286,45.72,36.31,200.75,False,2026-03-11 17:43:53
39a56f,FHJLP,France,45.8388,-75.0587,13098.78,198.96,276.83,False,2026-03-11 17:43:53
ac006d,SWA448,United States,36.1991,-90.5095,10972.8,185.79,256.39,False,2026-03-11 17:43:53
c0617a,POE441,Canada,51.3013,-106.5374,10972.8,208.4,277.09,False,2026-03-11 17:43:53
c06178,POE781,Canada,35.365,-80.3028,11582.4,221.05,191.55,False,2026-03-11 17:43:53
c06177,POE321,Canada,50.8697,-102.0918,10972.8,216.63,280.54,False,2026-03-11 17:43:53
ab18ac,ERU814,United States,29.1819,-81.0425,-7.62,34.05,243.05,False,2026-03-11 17:43:53
c06173,POE671,Canada,43.448,-96.4804,10972.8,200.8,261.45,False,2026-03-11 17:43:53
a99290,N716CG,United States,42.8741,-63.4364,13106.4,229.01,265.88,False,2026-03-11 17:43:53
ae03ed,CAPX349,United States,38.8156,-76.7711,1219.2,107.47,25.22,False,2026-03-11 17:43:53
a657ad,JIA5602,United States,39.6629,-83.4187,8168.64,246.03,80.73,False,2026-03-11 17:43:53
a524a1,N430RM,United States,45.7994,-108.495,1104.9,33.88,210.07,False,2026-03-11 17:43:53
ae5f9d,PACK31,United States,37.0131,-74.015,8534.4,240.74,205.03,False,2026-03-11 17:43:53
a13acf,AMF1367,United States,35.5027,-113.4298,4632.96,143.12,322.59,False,2026-03-11 17:43:53
abe075,SWA1669,United States,39.5055,-85.9556,8663.94,250.78,355.53,False,2026-03-11 17:43:53
a5d713,UAL1575,United States,39.9628,-103.0344,7749.54,233.83,81.91,False,2026-03-11 17:43:53
a9db6c,N734RP,United States,41.1322,-74.4315,1066.8,60.04,347.63,False,2026-03-11 17:43:53
ad2c9f,RKJ948,United States,37.1465,-119.1952,10668.0,285.03,71.04,False,2026-03-11 17:43:53
ab18bc,IFG814,United States,27.5254,-80.3954,213.36,50.85,281.08,False,2026-03-11 17:43:53
a657bf,AAL1878,United States,38.1882,-93.3006,9479.28,266.76,101.01,False,2026-03-11 17:43:53
a19d59,MXY249,United States,31.5429,-83.2192,11140.44,241.84,154.42,False,2026-03-11 17:43:53
a9ee84,N739WX,United States,36.36,-115.4105,1813.56,42.82,321.34,False,2026-03-11 17:43:53
a3f7f6,N355G,United States,32.973,-116.7896,1600.2,43.36,175.24,False,2026-03-11 17:43:53
c0619b,POE543,Canada,25.8667,-80.4337,723.9,87.94,118.66,False,2026-03-11 17:43:53
a69419,N523AF,United States,33.6985,-111.9445,876.3,55.34,159.88,False,2026-03-11 17:43:53
ad2095,JBU2808,United States,29.0324,-93.131,10668.0,262.95,86.19,False,2026-03-11 17:43:53
a63dc1,N501BA,United States,28.3085,-81.4504,60.96,35.24,146.31,False,2026-03-11 17:43:53
c06196,POE384,Canada,45.4692,-73.9161,1569.72,103.41,216.3,False,2026-03-11 17:43:53
a98b7b,N714FW,United States,32.9503,-97.431,457.2,32.9,243.03,False,2026-03-11 17:43:53
a9db62,N734RD,United States,44.7347,-94.0829,525.78,49.34,129.5,False,2026-03-11 17:43:53
a7a28d,N591QS,United States,36.1202,-86.6721,,0.0,309.38,True,2026-03-11 17:43:53
c06197,POE641,Canada,40.2449,-98.2106,10363.2,200.29,238.23,False,2026-03-11 17:43:53
a69415,N523AB,United States,40.0232,-105.0686,1668.78,58.97,353.99,False,2026-03-11 17:43:53
a63dc7,JIA5535,United States,41.8677,-77.9963,8237.22,215.41,189.48,False,2026-03-11 17:43:53
a06a54,DAL1179,United States,35.2979,-104.084,10073.64,245.82,76.69,False,2026-03-11 17:43:53
a537ed,RPA4442,United States,39.3257,-77.9996,10363.2,210.29,242.93,False,2026-03-11 17:43:53
a0c162,N148L,United States,41.7497,-89.4394,11772.9,203.86,250.7,False,2026-03-11 17:43:53
89639d,UAE5V,United Arab Emirates,42.041,-70.6186,9944.1,270.01,76.33,False,2026-03-11 17:43:53
aae5a9,AAL2570,United States,26.8797,-80.9023,10066.02,223.29,5.55,False,2026-03-11 17:43:53
ab05aa,N8090F,United States,33.1927,-84.3486,815.34,32.22,141.48,False,2026-03-11 17:43:53
aa1b9d,N750SD,United States,33.006,-112.1827,1737.36,95.6,145.97,False,2026-03-11 17:43:53
abe09a,SWA2179,United States,33.5695,-114.6248,10142.22,240.84,103.09,False,2026-03-11 17:43:53
a20153,CXK434,United States,38.8235,-104.7156,1912.62,37.59,2.35,False,2026-03-11 17:43:53
a31a54,UAL78,United States,53.8964,-122.6921,10660.38,293.69,105.55,False,2026-03-11 17:43:53
c1e445,,Canada,45.459,-73.7481,,2.83,87.19,True,2026-03-11 17:43:53
a8856d,UAL1999,United States,41.2488,-74.9527,6477.0,207.96,299.16,False,2026-03-11 17:43:53
a141ea,N180NT,United States,33.9732,-117.6206,129.54,45.27,270.65,False,2026-03-11 17:43:53
a44d62,DAL1362,United States,37.8579,-78.302,10972.8,221.83,217.08,False,2026-03-11 17:43:53
ac1eba,N880KD,United States,31.3223,-82.1195,9448.8,153.25,341.2,False,2026-03-11 17:43:53
a31a50,UAL2445,United States,33.96,-118.159,1059.18,99.99,263.2,False,2026-03-11 17:43:53
aaf8f1,JBU45,United States,37.3233,-101.6235,11597.64,185.57,316.35,False,2026-03-11 17:43:53
a822d1,EJA623,United States,42.9872,-113.0892,9090.66,256.46,109.82,False,2026-03-11 17:43:53
a6327d,N499KW,United States,40.3752,-74.968,922.02,45.1,145.22,False,2026-03-11 17:43:53
a822d6,QXE2270,United States,43.3429,-121.2349,10668.0,229.28,170.83,False,2026-03-11 17:43:53
a2147c,RPA5626,United States,39.905,-74.8382,10668.0,244.04,47.91,False,2026-03-11 17:43:53
a7a25f,DAL1747,United States,29.9543,-81.2323,7170.42,238.65,176.42,False,2026-03-11 17:43:53
a9ee46,N739UK,United States,43.4805,-116.354,1211.58,50.77,70.46,False,2026-03-11 17:43:53
c06167,POE510,Canada,29.1998,-81.2917,11277.6,217.74,340.11,False,2026-03-11 17:43:53
a37ac2,N323PH,United States,35.4814,-97.4978,388.62,5.17,5.71,False,2026-03-11 17:43:53
ac25c4,FDX9007,United States,37.5783,-83.9329,10972.8,211.28,249.62,False,2026-03-11 17:43:53
ac25c5,CFS447,United States,47.9921,-122.2293,1752.6,88.18,341.99,False,2026-03-11 17:43:53
ad9518,N97413,United States,37.7237,-78.4621,1554.48,50.41,165.82,False,2026-03-11 17:43:53
a1ed5f,ENY4018,United States,31.5708,-93.4216,7063.74,198.36,289.7,False,2026-03-11 17:43:53
ad45a4,AAL2284,United States,27.9742,-83.8808,8564.88,229.96,266.15,False,2026-03-11 17:43:53
a8859d,N6482M,United States,34.1771,-118.5946,998.22,35.06,292.43,False,2026-03-11 17:43:53
a98b2e,N714CU,United States,27.9677,-82.4468,1005.84,40.14,91.47,False,2026-03-11 17:43:53
ab05e4,N80914,United States,34.2484,-118.8023,944.88,51.84,130.17,False,2026-03-11 17:43:53
ab686f,AAL2904,United States,37.1996,-107.0367,11277.6,260.99,111.51,False,2026-03-11 17:43:53
a1e132,MXY257,United States,40.065,-84.3176,11269.98,205.47,177.42,False,2026-03-11 17:43:53
a13af4,DAL531,United States,37.6896,-96.7042,10073.64,204.47,274.91,False,2026-03-11 17:43:53
a37ab5,AAY284,United States,39.8888,-118.959,11887.2,248.99,149.73,False,2026-03-11 17:43:53
780a3e,CPA3504,China,38.1281,-121.0271,10668.0,259.97,161.06,False,2026-03-11 17:43:53
aa1b78,EJA750,United States,28.8927,-83.3012,6164.58,228.7,150.78,False,2026-03-11 17:43:53
a21477,N233JK,United States,44.0503,-120.544,11887.2,202.71,197.88,False,2026-03-11 17:43:53
c06151,WEN3302,Canada,51.1322,-114.0185,,2.57,182.81,True,2026-03-11 17:43:53
a7a257,JIA5657,United States,36.7604,-82.6739,7924.8,174.33,324.25,False,2026-03-11 17:43:53
ac6204,SWA4394,United States,30.1077,-98.586,5448.3,186.71,313.1,False,2026-03-11 17:43:53
a1a4e8,SABER5,United States,39.0061,-104.8677,2750.82,33.07,354.64,False,2026-03-11 17:43:53
ad3ec9,N9522X,United States,38.0811,-78.4412,2407.92,73.57,90.8,False,2026-03-11 17:43:53
c0614d,WJA308,Canada,51.1184,-119.6843,8839.2,234.38,53.03,False,2026-03-11 17:43:53
a32116,AAL2986,United States,26.2407,-81.7776,6400.8,211.75,126.7,False,2026-03-11 17:43:53
ac0bb9,SWA2149,United States,33.3071,-112.1605,2407.92,158.84,159.92,False,2026-03-11 17:43:53
a8e87b,N673SP,United States,45.2924,-93.7745,1028.7,46.12,321.34,False,2026-03-11 17:43:53
a51da1,LXJ429,United States,40.6129,-110.0065,12496.8,270.77,131.53,False,2026-03-11 17:43:53
ac5b20,SWA3462,United States,27.6106,-83.6283,6720.84,220.94,263.85,False,2026-03-11 17:43:53
a2012b,N22801,United States,32.6829,-97.1108,495.3,39.85,219.24,False,2026-03-11 17:43:53
aa7e9b,UAL1826,United States,32.7818,-116.6698,2545.08,131.72,223.73,False,2026-03-11 17:43:53
c07677,PAG14,Canada,50.4823,-98.221,5638.8,158.98,134.34,False,2026-03-11 17:43:53
a2fa7b,BPX291,United States,29.3854,-81.3533,1318.26,60.27,2.94,False,2026-03-11 17:43:53
a14f0d,N1836T,United States,33.094,-96.9179,853.44,95.65,121.81,False,2026-03-11 17:43:53
a44169,UAL1454,United States,26.1048,-81.4379,10660.38,250.92,109.77,False,2026-03-11 17:43:53
a68d6f,JBU2876,United States,37.9597,-75.4756,11277.6,235.73,34.42,False,2026-03-11 17:43:53
a1b917,N21VU,United States,27.2911,-80.5221,6271.26,167.59,340.45,False,2026-03-11 17:43:53
a44168,UAL529,United States,29.237,-83.5197,8115.3,224.05,151.02,False,2026-03-11 17:43:53
a55a66,N444KM,United States,45.6836,-108.1572,10972.8,180.94,291.17,False,2026-03-11 17:43:53
a44166,UAL1353,United States,37.9089,-77.4024,10919.46,231.73,32.95,False,2026-03-11 17:43:53
a4eaf5,N416FP,United States,41.7834,-111.8491,1188.72,32.45,2.73,False,2026-03-11 17:43:53
a1e194,LXJ220,United States,28.5461,-81.3347,,15.95,67.5,True,2026-03-11 17:43:53
a70463,DAL466,United States,36.5422,-95.4319,10972.8,198.66,268.37,False,2026-03-11 17:43:53
a69463,DAL1164,United States,36.0802,-78.46,10675.62,241.45,29.62,False,2026-03-11 17:43:53
abdb35,AAL1115,United States,33.2815,-80.2195,10972.8,261.91,134.84,False,2026-03-11 17:43:53
a28928,UAL1191,United States,36.0252,-115.2421,11277.6,238.79,50.86,False,2026-03-11 17:43:53
a8d4b0,UAL1054,United States,30.7355,-78.8897,10972.8,244.36,196.26,False,2026-03-11 17:43:53
c05004,ACA1034,Canada,45.6002,-114.6678,10668.0,280.01,130.16,False,2026-03-11 17:43:53
ad4890,N955PS,United States,36.7294,-114.3433,9860.28,191.19,58.53,False,2026-03-11 17:43:53
a2fa6a,ENY3703,United States,34.5787,-80.0638,9372.6,192.81,315.65,False,2026-03-11 17:43:53
a8e7df,LFA532,United States,28.8395,-81.368,701.04,54.99,297.28,False,2026-03-11 17:43:53
c05007,ACA977,Canada,34.1027,-101.1356,10363.2,249.41,213.56,False,2026-03-11 17:43:53
a83761,N62876,United States,39.5116,-76.8436,426.72,51.65,84.86,False,2026-03-11 17:43:53
ac289f,SWA4038,United States,36.0765,-115.1212,,4.12,180.0,True,2026-03-11 17:43:53
a4414a,DAL797,United States,37.8886,-92.7201,10972.8,182.32,272.75,False,2026-03-11 17:43:53
a21fa1,RPA5678,United States,41.2554,-77.4419,9448.8,254.03,62.5,False,2026-03-11 17:43:53
ac62cc,SWA485,United States,41.787,-87.7459,,1.03,137.81,True,2026-03-11 17:43:53
c013d0,ACA785,Canada,38.1199,-110.4285,10972.8,196.31,242.02,False,2026-03-11 17:43:53
aa7e99,UAL1879,United States,33.6175,-104.2622,9753.6,242.8,227.15,False,2026-03-11 17:43:53
a93d4e,PDT6080,United States,34.8082,-86.7203,769.62,95.84,240.41,False,2026-03-11 17:43:53
a5aa3a,UAL2367,United States,47.105,-123.1915,7635.24,188.68,212.3,False,2026-03-11 17:43:53
c06364,PTR2283,Canada,45.6451,-61.2999,7620.0,199.12,69.27,False,2026-03-11 17:43:53
c06366,PTR2722,Canada,42.9516,-78.9071,3848.1,173.05,339.46,False,2026-03-11 17:43:53
c06361,PTR2465,Canada,45.2238,-74.2858,2270.76,163.36,68.77,False,2026-03-11 17:43:53
a82467,N62348,United States,44.3488,-121.1603,1493.52,50.17,103.04,False,2026-03-11 17:43:53
a1f48f,N225LA,United States,34.0261,-118.2894,129.54,41.0,23.67,False,2026-03-11 17:43:53
aa7e7d,UAL565,United States,37.6209,-122.3831,,3.09,286.88,True,2026-03-11 17:43:53
a7a1b1,LXJ591,United States,36.2397,-119.0096,13106.4,218.61,345.28,False,2026-03-11 17:43:53
a0c16a,FDL48,United States,40.925,-73.2495,411.48,53.03,345.96,False,2026-03-11 17:43:53
a5749c,N4501E,United States,33.0948,-97.4564,739.14,57.65,76.58,False,2026-03-11 17:43:53
c05c86,JZA7949,Canada,48.5318,-65.6773,8534.4,185.94,251.62,False,2026-03-11 17:43:53
a28904,UAL486,United States,31.829,-81.2929,10668.0,229.57,19.37,False,2026-03-11 17:43:53
a95745,AAL677,United States,46.6472,-101.0687,10363.2,203.09,281.4,False,2026-03-11 17:43:53
c0635b,PTR2128,Canada,42.8979,-78.6627,4671.06,115.86,304.33,False,2026-03-11 17:43:53
c0635a,PTR2352,Canada,47.2035,-82.6359,7620.0,186.98,105.64,False,2026-03-11 17:43:53
a4eafd,LXJ416,United States,28.6972,-88.0336,13716.0,248.28,107.61,False,2026-03-11 17:43:53
c06358,PTR2942,Canada,43.5458,-75.2224,7315.2,146.32,290.16,False,2026-03-11 17:43:53
a7045b,JIA5552,United States,31.2285,-89.1974,9448.8,270.18,105.12,False,2026-03-11 17:43:53
aa1be0,AAL3046,United States,32.6843,-80.4708,11582.4,216.6,214.26,False,2026-03-11 17:43:53
c07682,CGSWV,Canada,50.377,-119.5237,2377.44,128.72,151.08,False,2026-03-11 17:43:53
a3479e,VJA310,United States,34.1737,-118.4832,845.82,115.31,149.43,False,2026-03-11 17:43:53
c0501e,ACA1349,Canada,29.9866,-95.3054,10972.8,189.11,229.86,False,2026-03-11 17:43:53
a6d130,N5385D,United States,28.5901,-80.8514,556.26,55.45,334.15,False,2026-03-11 17:43:53
a5617a,LXJ446,United States,28.9931,-88.2375,13106.4,210.19,299.95,False,2026-03-11 17:43:53
ab8b8c,NFX601,United States,36.2122,-120.6134,5981.7,138.35,317.41,False,2026-03-11 17:43:53
acb2ad,SWA27,United States,33.3137,-96.1926,3337.56,156.04,246.9,False,2026-03-11 17:43:53
a74ae4,N5691R,United States,33.1992,-96.5873,350.52,36.14,4.9,False,2026-03-11 17:43:53
ac62f3,SWA2099,United States,28.0765,-86.824,11277.6,257.72,106.23,False,2026-03-11 17:43:53
a03618,UAL1888,United States,36.2333,-94.0402,11582.4,208.03,290.41,False,2026-03-11 17:43:53
aa6b43,RPA3667,United States,35.3222,-97.5887,678.18,61.22,0.0,False,2026-03-11 17:43:53
a2d92a,ASA453,United States,47.3678,-122.1588,3558.54,131.03,305.25,False,2026-03-11 17:43:53
a524d8,N430TS,United States,38.8682,-121.0824,1973.58,48.16,13.59,False,2026-03-11 17:43:53
a4a439,N399AA,United States,28.3114,-81.4522,68.58,45.81,147.38,False,2026-03-11 17:43:53
abdb88,RPA4450,United States,41.0402,-76.7382,7749.54,233.71,106.76,False,2026-03-11 17:43:53
a0e6c6,UAL287,United States,43.6207,-93.7481,9144.0,190.94,271.7,False,2026-03-11 17:43:53
a69424,ASA15,United States,35.0873,-104.2423,10363.2,217.63,256.88,False,2026-03-11 17:43:53
a1696b,AAY2244,United States,31.5986,-81.7959,10668.0,222.05,351.61,False,2026-03-11 17:43:53
a6a7d6,LFA315,United States,30.3359,-81.5596,236.22,50.58,94.67,False,2026-03-11 17:43:53
a68d32,FRG9521,United States,36.985,-88.3971,1554.48,118.77,138.16,False,2026-03-11 17:43:53
aa35e1,AAL2306,United States,35.5055,-110.0403,11277.6,229.91,45.54,False,2026-03-11 17:43:53
a239e3,CXK644,United States,38.6622,-90.6324,175.26,40.96,258.41,False,2026-03-11 17:43:53
a239e0,UAL1658,United States,40.3364,-104.0119,5471.16,150.69,238.97,False,2026-03-11 17:43:53
ad3585,JSX1100,United States,29.8997,-78.9626,10972.8,232.64,195.39,False,2026-03-11 17:43:53
a4418c,UAL372,United States,34.8884,-96.9398,11277.6,236.7,130.86,False,2026-03-11 17:43:53
add2ad,ASA446,United States,33.8132,-116.4929,106.68,81.18,322.98,False,2026-03-11 17:43:53
adcbd9,N98840,United States,32.3023,-97.2398,1249.68,52.36,213.38,False,2026-03-11 17:43:53
abf59b,N87SP,United States,30.8231,-88.0529,556.26,67.88,244.41,False,2026-03-11 17:43:53
a63de2,N501CJ,United States,34.5573,-90.5682,9624.06,126.23,277.96,False,2026-03-11 17:43:53
a6a7ae,N528LP,United States,40.9654,-74.3167,175.26,31.38,169.61,False,2026-03-11 17:43:53
a359c2,DAL2185,United States,39.2836,-108.2834,10668.0,258.69,60.58,False,2026-03-11 17:43:53
ad82e1,N97SE,United States,25.998,-80.2532,15.24,29.93,65.64,False,2026-03-11 17:43:53
a19cbb,N20267,United States,41.6462,-72.8824,1684.02,39.63,119.56,False,2026-03-11 17:43:53
a26308,N253EA,United States,33.3385,-112.5794,1889.76,41.17,268.57,False,2026-03-11 17:43:53
a083ba,N132MH,United States,41.7899,-111.8501,1188.72,17.52,3.37,False,2026-03-11 17:43:53
a083d1,N132NF,United States,29.6827,-95.323,289.56,57.84,134.64,False,2026-03-11 17:43:53
4bb185,THY69W,Turkey,42.9598,-73.6199,11574.78,240.49,212.33,False,2026-03-11 17:43:53
a44197,DAL874,United States,39.9185,-101.3179,9753.6,183.9,299.86,False,2026-03-11 17:43:53
acc5fb,DAL1600,United States,36.546,-83.7831,9144.0,254.06,8.03,False,2026-03-11 17:43:53
a68d44,GJS4529,United States,39.935,-89.9,10363.2,161.22,226.68,False,2026-03-11 17:43:53
a226c5,FFT3565,United States,42.6208,-89.3343,10370.82,180.66,271.8,False,2026-03-11 17:43:53
a359bc,DAL592,United States,33.642,-84.4241,,1.29,171.56,True,2026-03-11 17:43:53
a2d926,CNS45,United States,39.6153,-82.4035,3962.4,110.64,324.46,False,2026-03-11 17:43:53
a26f42,N256RC,United States,36.3263,-77.2403,12192.0,221.05,214.76,False,2026-03-11 17:43:53
a4417d,DAL1488,United States,32.9441,-81.041,11277.6,250.77,43.09,False,2026-03-11 17:43:53
aa7e3a,SWA386,United States,29.8271,-83.7228,11887.2,247.06,158.89,False,2026-03-11 17:43:53
aa2ed8,RPA3632,United States,34.2792,-87.0445,8534.4,189.04,305.81,False,2026-03-11 17:43:53
a7adb2,EJA594,United States,39.6139,-112.5719,11887.2,209.06,17.77,False,2026-03-11 17:43:53
a7c7bf,FFS00,United States,29.5822,-81.445,998.22,81.55,119.48,False,2026-03-11 17:43:53
a28947,UAL779,United States,31.9643,-99.1028,10287.0,228.46,327.13,False,2026-03-11 17:43:53
aa1ba3,SKW6225,United States,37.9134,-93.1967,10972.8,180.69,245.26,False,2026-03-11 17:43:53
c00cd6,WJA2696,Canada,37.8621,-84.4343,10942.32,251.04,136.0,False,2026-03-11 17:43:53
a4eabb,N416DF,United States,39.4487,-121.609,2453.64,62.15,263.35,False,2026-03-11 17:43:53
c01ff2,CFMCN,Canada,49.1825,-123.1674,,11.83,261.56,True,2026-03-11 17:43:53
a119f8,DLX170,United States,37.4776,-122.1821,518.16,92.54,118.56,False,2026-03-11 17:43:53
a56d7b,EJA449,United States,38.9647,-75.0457,4579.62,196.57,6.01,False,2026-03-11 17:43:53
a01c37,AAL179,United States,48.2368,-90.9429,10370.82,189.9,268.45,False,2026-03-11 17:43:53
a5b10d,N466MW,United States,33.9584,-118.3394,335.28,75.97,264.56,False,2026-03-11 17:43:53
a07cc7,SUB45,United States,35.586,-87.2424,7338.06,125.83,319.14,False,2026-03-11 17:43:53
ae4e8f,BRCAT05,United States,33.3053,-104.1964,4053.84,134.6,258.09,False,2026-03-11 17:43:53
a6dd36,N541SC,United States,33.9837,-118.173,2621.28,138.98,172.77,False,2026-03-11 17:43:53
a106bf,CXK171,United States,37.7597,-121.6219,1394.46,55.91,115.62,False,2026-03-11 17:43:53
a70432,N551LX,United States,39.843,-77.2921,426.72,51.74,221.78,False,2026-03-11 17:43:53
a50c12,N424SG,United States,29.657,-98.5284,1615.44,75.89,12.53,False,2026-03-11 17:43:53
a3d302,UAL2487,United States,41.1053,-88.9343,5730.24,222.86,42.38,False,2026-03-11 17:43:53
a3a9eb,AAL1672,United States,31.6256,-105.5196,9448.8,248.89,106.45,False,2026-03-11 17:43:53
ab9e13,MTN8313,United States,40.2471,-74.9231,1531.62,104.92,62.56,False,2026-03-11 17:43:53
ab4ea9,CMB548,United States,36.2517,-79.791,11582.4,223.08,216.18,False,2026-03-11 17:43:53
a89915,,United States,26.0662,-80.1158,365.76,81.32,88.19,False,2026-03-11 17:43:53
a27676,AAY3159,United States,35.0109,-83.4673,9753.6,246.11,353.16,False,2026-03-11 17:43:53
a25c4f,NIT251,United States,33.1544,-82.9566,1165.86,62.72,7.07,False,2026-03-11 17:43:53
a1f3c8,N225CB,United States,34.4973,-119.9332,2499.36,53.5,313.05,False,2026-03-11 17:43:53
ac507e,N893AE,United States,41.3707,-72.3515,10995.66,250.75,43.25,False,2026-03-11 17:43:53
ac2813,SWA2252,United States,30.8303,-85.6664,11285.22,266.68,87.79,False,2026-03-11 17:43:53
a333ae,AAL1349,United States,30.205,-97.6579,220.98,94.16,359.06,False,2026-03-11 17:43:53
acb39c,PFA347,United States,27.8128,-80.4232,670.56,31.76,155.1,False,2026-03-11 17:43:53
a609d4,UAL1793,United States,39.8914,-87.8455,11590.02,194.06,178.03,False,2026-03-11 17:43:53
a0103b,DAL2195,United States,31.8835,-81.0158,10972.8,222.48,214.83,False,2026-03-11 17:43:53
a32cd4,N3030E,United States,36.0157,-79.4134,1059.18,37.04,270.0,False,2026-03-11 17:43:53
a2c62c,N278WD,United States,38.9417,-75.8346,906.78,74.05,310.77,False,2026-03-11 17:43:53
a2d95e,CSB529,United States,32.7383,-116.4732,3307.08,156.14,262.62,False,2026-03-11 17:43:53
ab68d0,SKW3590,United States,36.3445,-90.8428,8503.92,188.51,182.82,False,2026-03-11 17:43:53
a3962d,DAL2412,United States,34.362,-80.3074,10668.0,245.35,29.52,False,2026-03-11 17:43:53
a8116a,N619NS,United States,28.9134,-81.1139,259.08,51.97,305.74,False,2026-03-11 17:43:53
a53975,AAL1966,United States,35.4819,-109.1584,8534.4,220.41,257.33,False,2026-03-11 17:43:53
a26f6f,SKW4116,United States,36.134,-86.6725,,6.43,101.25,True,2026-03-11 17:43:53
a2c635,SWA3427,United States,43.5371,-96.2129,11582.4,200.56,285.32,False,2026-03-11 17:43:53
a80a97,SKW5273,United States,39.4106,-86.5103,5791.2,206.17,123.81,False,2026-03-11 17:43:53
a213d9,N233CB,United States,33.3218,-117.5122,1752.6,52.78,316.97,False,2026-03-11 17:43:53
a9e1db,N736FJ,United States,42.3716,-122.8731,,7.72,337.5,True,2026-03-11 17:43:53
ac508b,DAL1286,United States,33.5368,-84.278,1737.36,135.3,90.0,False,2026-03-11 17:43:53
a69fac,N526ER,United States,40.9553,-73.1095,906.78,69.43,59.25,False,2026-03-11 17:43:53
a37c1c,JBU2151,United States,37.5335,-75.8584,10972.8,218.73,213.39,False,2026-03-11 17:43:53
a991e5,N71562,United States,30.5484,-91.4578,3017.52,97.88,309.88,False,2026-03-11 17:43:53
a0ccd2,N1502E,United States,36.2212,-76.2038,480.06,59.83,25.46,False,2026-03-11 17:43:53
a5cfba,N4738L,United States,35.9255,-80.5235,1554.48,60.27,13.32,False,2026-03-11 17:43:53
a106f5,N1652X,United States,34.8315,-118.884,2453.64,72.79,316.72,False,2026-03-11 17:43:53
a76622,EJA576,United States,32.4363,-97.4793,7315.2,204.42,267.55,False,2026-03-11 17:43:53
a1a63d,SKW5756,United States,43.0749,-84.7362,6865.62,215.49,124.79,False,2026-03-11 17:43:53
a1fff2,ENY3517,United States,34.1335,-96.6546,10363.2,185.0,199.49,False,2026-03-11 17:43:53
ad4813,N955JS,United States,35.9634,-115.1366,,2.06,180.0,True,2026-03-11 17:43:53
a93d9f,DAL2836,United States,33.5984,-84.0343,1082.04,136.3,348.9,False,2026-03-11 17:43:53
4bb193,THY49Q,Turkey,45.3481,-98.3767,11582.4,255.36,184.27,False,2026-03-11 17:43:53
ac2836,SWA410,United States,39.0807,-91.7002,10675.62,292.52,37.35,False,2026-03-11 17:43:53
a9a798,N721DK,United States,33.7117,-111.1172,2971.8,87.7,301.08,False,2026-03-11 17:43:53
a729df,N5604S,United States,40.2669,-103.1395,2781.3,97.26,168.1,False,2026-03-11 17:43:53
c07601,CGSRW,Canada,48.3291,-89.4602,1120.14,70.77,239.89,False,2026-03-11 17:43:53
a62c1a,SWA1589,United States,33.2061,-88.0796,11582.4,191.21,242.61,False,2026-03-11 17:43:53
a26f58,N256S,United States,32.8108,-83.1685,2682.24,87.11,167.03,False,2026-03-11 17:43:53
ac0e33,N876SC,United States,32.2776,-97.1832,906.78,66.58,134.06,False,2026-03-11 17:43:53
a1300a,FXC33,United States,40.7683,-73.9467,304.8,59.55,211.22,False,2026-03-11 17:43:53
a63f4e,SKW6249,United States,34.5626,-119.6898,8663.94,198.57,318.26,False,2026-03-11 17:43:53
abb8c4,SWA3293,United States,36.941,-103.8868,9144.0,216.67,247.82,False,2026-03-11 17:43:53
ab68f9,UAL2185,United States,39.5074,-101.1506,9662.16,282.62,100.59,False,2026-03-11 17:43:53
a01037,DAL596,United States,29.9935,-95.2967,182.88,74.6,270.4,False,2026-03-11 17:43:53
a1ffe0,N228MV,United States,32.2147,-81.2964,9144.0,161.02,168.76,False,2026-03-11 17:43:53
ac0e1a,N876RC,United States,33.8003,-83.4039,1021.08,99.85,116.96,False,2026-03-11 17:43:53
a106fd,VTE3902,United States,38.9474,-77.4531,,0.0,5.62,True,2026-03-11 17:43:53
a69fce,CXK562,United States,35.6557,-79.2291,746.76,59.44,23.46,False,2026-03-11 17:43:53
a38367,JBU1680,United States,39.0815,-77.3197,1478.28,124.28,61.84,False,2026-03-11 17:43:53
a871cf,EJA643,United States,36.2857,-91.4136,12192.0,170.8,269.65,False,2026-03-11 17:43:53
acd8c9,N927GH,United States,28.892,-82.1208,586.74,46.52,327.19,False,2026-03-11 17:43:53
a3a9af,AAL1823,United States,33.956,-84.2567,10668.0,233.03,160.12,False,2026-03-11 17:43:53
a9ede9,N739QS,United States,37.6055,-75.9852,12184.38,229.89,200.71,False,2026-03-11 17:43:53
a93d7c,EDV5228,United States,41.9381,-78.2752,8839.2,262.0,107.01,False,2026-03-11 17:43:53
a871d4,QXE2285,United States,34.5497,-117.1608,6705.6,195.71,276.49,False,2026-03-11 17:43:53
a7ea3f,N609SA,United States,33.6343,-97.202,373.38,59.78,74.53,False,2026-03-11 17:43:53
a9ede0,N739QH,United States,30.3052,-87.9612,419.1,58.08,55.47,False,2026-03-11 17:43:53
ac2859,SWA251,United States,30.1917,-97.6588,,7.46,180.0,True,2026-03-11 17:43:53
a8d4f6,UAL1101,United States,38.6119,-78.9027,5189.22,214.51,78.1,False,2026-03-11 17:43:53
a7b4ea,JIA5432,United States,40.9836,-88.9213,9753.6,178.5,285.72,False,2026-03-11 17:43:53
aa6b9d,UAL1321,United States,39.4332,-77.7498,10797.54,203.29,238.24,False,2026-03-11 17:43:53
a8d4ef,UAL2145,United States,42.6829,-87.9756,5265.42,224.15,356.71,False,2026-03-11 17:43:53
a7047a,SFY206,United States,27.4857,-80.4,175.26,42.85,355.18,False,2026-03-11 17:43:53
a1a68b,N205WA,United States,28.2382,-96.0537,10363.2,184.18,255.11,False,2026-03-11 17:43:53
a01097,RPA4382,United States,38.7747,-94.1819,3611.88,144.19,319.78,False,2026-03-11 17:43:53
a7b4f2,DAL770,United States,30.664,-84.1811,9753.6,220.17,327.02,False,2026-03-11 17:43:53
ae4e09,CHEAT21,United States,35.4605,-93.4295,3360.42,161.83,131.39,False,2026-03-11 17:43:53
a320c1,EJA300,United States,39.1229,-105.07,8031.48,202.43,197.15,False,2026-03-11 17:43:53
a2b348,SKW4180,United States,42.2026,-114.7898,11582.4,169.82,295.48,False,2026-03-11 17:43:53
a51f0f,SWA2958,United States,32.9493,-117.5509,4602.48,178.41,307.27,False,2026-03-11 17:43:53
ae4e02,C6050,United States,41.6366,-70.5385,236.22,34.68,290.85,False,2026-03-11 17:43:53
a07e01,N1303Q,United States,28.8464,-80.9381,548.64,41.16,359.28,False,2026-03-11 17:43:53
a9dac2,N734JU,United States,33.0522,-78.1053,11277.6,230.22,7.19,False,2026-03-11 17:43:53
ab9e5a,EJM848,United States,38.3014,-100.5842,14325.6,222.1,196.0,False,2026-03-11 17:43:53
ad8ed7,AAL2074,United States,32.259,-80.8826,11277.6,236.08,25.56,False,2026-03-11 17:43:53
ac62a9,SWA434,United States,43.4483,-117.9178,11582.4,178.32,313.36,False,2026-03-11 17:43:53
a3e618,N350PF,United States,30.9509,-83.9961,2987.04,96.42,322.15,False,2026-03-11 17:43:53
a320a6,EDV5010,United States,36.1606,-78.2391,2682.24,137.12,243.72,False,2026-03-11 17:43:53
a3df1e,DAL677,United States,37.1583,-92.5856,10675.62,253.95,108.55,False,2026-03-11 17:43:53
c061fd,CGLCU,Canada,35.3858,-115.1223,10012.68,211.22,15.83,False,2026-03-11 17:43:53
abb8ea,SWA8606,United States,42.2828,-87.9054,2194.56,141.47,359.79,False,2026-03-11 17:43:53
aa7288,AAL2639,United States,33.6032,-112.0742,3992.88,180.76,84.94,False,2026-03-11 17:43:53
a25c6e,ENY3607,United States,39.0512,-93.9938,10363.2,183.66,228.41,False,2026-03-11 17:43:53
a6ca7f,ASA1325,United States,47.4461,-122.3086,,4.89,123.75,True,2026-03-11 17:43:53
acc5aa,DAL1195,United States,32.9639,-86.9998,9753.6,204.85,252.61,False,2026-03-11 17:43:53
ad95c9,CAP2143,United States,45.5313,-94.0381,358.14,39.01,311.26,False,2026-03-11 17:43:53
ac5bb9,DOW896,United States,38.9699,-77.4528,,2.57,320.62,True,2026-03-11 17:43:53
a99df4,SKW4290,United States,42.2158,-83.3614,403.86,75.75,208.83,False,2026-03-11 17:43:53
ae683e,0  YP,United States,35.5322,-78.0031,9761.22,219.28,217.76,False,2026-03-11 17:43:53
ac1547,AAL2600,United States,42.8176,-84.4776,9144.0,197.37,254.12,False,2026-03-11 17:43:53
a213e9,N233CT,United States,34.7016,-78.7462,1645.92,95.38,121.55,False,2026-03-11 17:43:53
abf51b,N87ML,United States,35.8811,-83.9209,754.38,70.45,170.33,False,2026-03-11 17:43:53
a8d4d2,UAL1607,United States,39.635,-104.6535,2636.52,103.99,332.93,False,2026-03-11 17:43:53
a2766f,ENY3709,United States,43.0801,-76.1895,7924.8,200.2,271.62,False,2026-03-11 17:43:53
a6e48a,N543RB,United States,33.0621,-85.2898,2651.76,105.33,100.98,False,2026-03-11 17:43:53
a9f4c6,RPA3685,United States,41.3132,-80.369,6316.98,174.15,291.49,False,2026-03-11 17:43:53
ac287c,SWA813,United States,38.5986,-78.0192,6621.78,222.26,74.84,False,2026-03-11 17:43:53
a39662,LXJ330,United States,35.3998,-109.5761,13106.4,214.92,262.3,False,2026-03-11 17:43:53
a81163,NKS1530,United States,29.2568,-81.1558,3726.18,170.43,190.26,False,2026-03-11 17:43:53
ab8b56,DAL1628,United States,33.9525,-118.3979,-22.86,74.54,263.66,False,2026-03-11 17:43:53
aace76,N796BP,United States,47.7362,-117.7721,746.76,29.33,271.01,False,2026-03-11 17:43:53
a8d4cc,UAL403,United States,29.9019,-83.7926,11277.6,250.65,139.41,False,2026-03-11 17:43:53
acc5a5,AAL415,United States,32.9105,-97.0326,,7.72,154.69,True,2026-03-11 17:43:53
a3965c,FFT2523,United States,40.7764,-111.9734,,7.46,354.38,True,2026-03-11 17:43:53
aace85,N796CD,United States,26.6613,-81.8599,220.98,73.92,222.46,False,2026-03-11 17:43:53
a14380,SWA2484,United States,42.4875,-98.0578,10972.8,200.62,254.07,False,2026-03-11 17:43:53
a190cf,N20MT,United States,39.0627,-111.3501,11102.34,191.42,178.77,False,2026-03-11 17:43:53
c1e4d0,,Canada,45.459,-73.7492,,6.43,267.19,True,2026-03-11 17:43:53
a63f16,N501QS,United States,31.5083,-116.4554,7208.52,209.77,335.82,False,2026-03-11 17:43:53
a0239f,N108NG,United States,30.8057,-87.4179,815.34,82.51,299.92,False,2026-03-11 17:43:53
a466d2,DAL1579,United States,32.8334,-84.4191,6012.18,215.09,178.77,False,2026-03-11 17:43:53
a599ce,N460CA,United States,37.3629,-122.0462,990.6,69.02,116.57,False,2026-03-11 17:43:53
ab5687,N83FJ,United States,36.3757,-79.702,13716.0,257.99,54.25,False,2026-03-11 17:43:53
a87f6f,CTX75,United States,33.8693,-84.3261,571.5,54.08,27.78,False,2026-03-11 17:43:53
acbf63,AAL547,United States,40.7755,-73.8746,,0.0,75.94,True,2026-03-11 17:43:53
ac13d6,SWA2083,United States,40.2402,-84.703,9448.8,247.17,92.51,False,2026-03-11 17:43:53
a68cfd,DAL782,United States,36.7342,-110.5596,11894.82,271.62,79.41,False,2026-03-11 17:43:53
a2a072,CNS794,United States,41.8418,-91.8637,11948.16,215.33,347.72,False,2026-03-11 17:43:53
a2a070,N269AD,United States,28.3916,-80.9475,381.0,33.0,210.96,False,2026-03-11 17:43:53
a5269c,N4308P,United States,40.3352,-74.34,91.44,29.1,225.0,False,2026-03-11 17:43:53
abecd6,N868CW,United States,42.4813,-99.6933,12496.8,250.84,117.88,False,2026-03-11 17:43:53
abb995,SWA1645,United States,35.8824,-103.4771,11277.6,246.94,76.63,False,2026-03-11 17:43:53
ac6f6d,N900CQ,United States,35.9709,-120.7373,6758.94,199.26,311.97,False,2026-03-11 17:43:53
a6d0a8,SGE61,United States,30.9518,-85.1208,541.02,48.49,184.26,False,2026-03-11 17:43:53
adcc10,N9886K,United States,28.0613,-80.8065,731.52,52.32,300.09,False,2026-03-11 17:43:53
ad9645,AAL2693,United States,32.9022,-97.0319,,6.69,180.0,True,2026-03-11 17:43:53
ae0632,PAT057,United States,40.4599,-103.3641,5105.4,172.92,130.66,False,2026-03-11 17:43:53
ac6f8a,DAL2342,United States,40.285,-74.3097,5097.78,186.9,240.12,False,2026-03-11 17:43:53
a6f6dd,JIA5175,United States,42.9364,-77.7736,2887.98,129.29,187.78,False,2026-03-11 17:43:53
abece7,DAL1366,United States,36.212,-114.2938,7612.38,212.72,79.83,False,2026-03-11 17:43:53
a09852,UAL2112,United States,40.0592,-103.9453,9189.72,173.05,267.27,False,2026-03-11 17:43:53
a560f3,AMX408,United States,37.2978,-76.1321,11879.58,246.47,42.72,False,2026-03-11 17:43:53
a7c973,N600YP,United States,40.4421,-75.256,8534.4,111.0,226.69,False,2026-03-11 17:43:53
c06ddf,NOJ55,Canada,30.6955,-81.4057,12496.8,226.08,357.39,False,2026-03-11 17:43:53
a560f4,AAL2102,United States,36.7843,-90.1021,8542.02,189.25,226.76,False,2026-03-11 17:43:53
ac0cf8,DAL1046,United States,36.4274,-86.9854,10668.0,229.68,140.0,False,2026-03-11 17:43:53
aa234a,AAL847,United States,37.5261,-86.7462,10111.74,268.77,83.41,False,2026-03-11 17:43:53
aa7ced,RTY775,United States,40.4545,-105.0025,,5.66,84.38,True,2026-03-11 17:43:53
a9ef3a,N73929,United States,28.5889,-81.6625,548.64,36.53,180.81,False,2026-03-11 17:43:53
a5c3da,N47029,United States,33.6128,-111.9217,525.78,38.28,221.19,False,2026-03-11 17:43:53
a63388,SWA2242,United States,34.5228,-112.661,10972.8,202.39,279.51,False,2026-03-11 17:43:53
aa70a8,N772CA,United States,32.8052,-117.1697,335.28,48.82,82.13,False,2026-03-11 17:43:53
a810ac,N619FB,United States,36.815,-114.0863,3558.54,126.64,253.48,False,2026-03-11 17:43:53
ac6364,DAL904,United States,38.0029,-109.7067,10363.2,199.1,269.41,False,2026-03-11 17:43:53
ac6f9c,N900EM,United States,32.3757,-94.5468,12496.8,252.91,104.01,False,2026-03-11 17:43:53
a09829,N1374U,United States,36.6685,-76.3346,304.8,47.69,42.81,False,2026-03-11 17:43:53
adcc34,BL87L,United States,30.2862,-87.6939,91.44,42.8,13.2,False,2026-03-11 17:43:53
a8bc13,PDT6067,United States,42.7277,-73.4139,7315.2,241.87,94.02,False,2026-03-11 17:43:53
a320f0,N300SP,United States,37.9927,-83.8486,7932.42,143.2,318.35,False,2026-03-11 17:43:53
a44cfd,DAL593,United States,30.3861,-89.692,10668.0,263.58,55.26,False,2026-03-11 17:43:53
ad9686,LYM500,United States,34.8839,-102.2582,10347.96,230.79,232.52,False,2026-03-11 17:43:53
ad2ce1,SWA1483,United States,34.2424,-79.1967,11582.4,211.57,219.57,False,2026-03-11 17:43:53
a4068e,N359DG,United States,34.3569,-119.8811,1013.46,74.08,90.0,False,2026-03-11 17:43:53
ac767c,AAL2397,United States,32.8938,-97.0349,,4.63,270.0,True,2026-03-11 17:43:53
a87f7e,ASI96,United States,33.1204,-111.8932,1584.96,51.82,119.11,False,2026-03-11 17:43:53
c01464,LSJ9001,Canada,46.8975,-71.1433,2438.4,118.43,219.36,False,2026-03-11 17:43:53
a62063,EJA494,United States,35.1641,-80.3411,13106.4,212.46,188.91,False,2026-03-11 17:43:53
ac5041,SWA279,United States,34.2713,-104.0574,11277.6,248.67,104.01,False,2026-03-11 17:43:53
a703f5,N551JL,United States,35.343,-80.4685,1493.52,135.79,47.3,False,2026-03-11 17:43:53
a320d4,N300RL,United States,33.7395,-111.9364,1729.74,104.58,48.39,False,2026-03-11 17:43:53
aac0e2,EJA792,United States,37.4556,-97.1694,1348.74,134.63,244.9,False,2026-03-11 17:43:53
abf3da,SWA827,United States,38.9064,-77.0924,419.1,74.17,113.72,False,2026-03-11 17:43:53
a3969c,N330JE,United States,33.4585,-97.3382,1021.08,40.98,298.5,False,2026-03-11 17:43:53
a3f8a1,DAL2333,United States,35.5096,-81.6648,10050.78,236.51,355.01,False,2026-03-11 17:43:53
a7668a,AAL3070,United States,39.8806,-75.1957,144.78,71.62,255.86,False,2026-03-11 17:43:53
ab4392,SCM82,United States,32.2238,-95.8491,4732.02,102.39,295.92,False,2026-03-11 17:43:53
ac00d6,SWA4705,United States,39.2802,-95.3535,6103.62,158.78,254.21,False,2026-03-11 17:43:53
a288e4,,United States,27.9704,-86.8463,9144.0,224.67,288.14,False,2026-03-11 17:43:53
aa1c48,FDY127,United States,39.023,-77.6461,1706.88,55.53,336.52,False,2026-03-11 17:43:53
a01bbc,RPA9930,United States,39.0571,-75.6822,8229.6,235.2,36.82,False,2026-03-11 17:43:53
a275b8,FDX419,United States,35.477,-90.8124,3398.52,189.63,111.48,False,2026-03-11 17:43:53
aa1c45,RPA3674,United States,41.9716,-87.9141,,7.2,270.0,True,2026-03-11 17:43:53
a63f5e,N501TP,United States,30.2915,-91.6294,7917.18,139.59,264.29,False,2026-03-11 17:43:53
a4ff5e,N421AH,United States,29.7021,-83.1281,4968.24,102.95,314.8,False,2026-03-11 17:43:53
a418b2,DAL380,United States,37.2194,-79.9846,9326.88,213.7,232.83,False,2026-03-11 17:43:53
a07228,RPA4666,United States,43.3155,-81.4207,10363.2,179.69,259.11,False,2026-03-11 17:43:53
abe0bb,SWA3868,United States,36.0733,-114.8041,2019.3,121.92,270.24,False,2026-03-11 17:43:53
ac769b,AAL2058,United States,28.9169,-81.5591,5143.5,205.89,353.98,False,2026-03-11 17:43:53
a6efcc,N546SF,United States,40.7709,-112.3858,1973.58,44.35,356.01,False,2026-03-11 17:43:53
a99f1d,N719SS,United States,36.2433,-114.4925,3223.26,148.2,251.38,False,2026-03-11 17:43:53
a275a8,EPI258,United States,39.4081,-104.6624,2446.02,52.39,72.28,False,2026-03-11 17:43:53
a19e68,AAY1848,United States,36.1263,-86.67,,8.75,309.38,True,2026-03-11 17:43:53
a68cd1,XFL330,United States,40.3239,-74.0832,11148.06,193.12,259.41,False,2026-03-11 17:43:53
aa2311,SKW6321,United States,32.9028,-97.0508,228.6,84.89,0.69,False,2026-03-11 17:43:53
ab3084,N82WP,United States,33.4533,-111.7317,350.52,12.04,70.02,False,2026-03-11 17:43:53
a93ca2,N6945J,United States,34.2005,-81.2675,960.12,70.81,159.59,False,2026-03-11 17:43:53
a0e869,FDX252,United States,27.6113,-78.5905,11285.22,225.16,303.25,False,2026-03-11 17:43:53
a51358,EJA426,United States,41.268,-82.2634,13106.4,176.35,294.47,False,2026-03-11 17:43:53
a022d3,N108EC,United States,38.8353,-76.5992,144.78,1.85,123.69,False,2026-03-11 17:43:53
a0855d,UAL709,United States,34.9683,-108.3043,8534.4,221.16,259.0,False,2026-03-11 17:43:53
a693d2,N5228F,United States,39.1066,-75.4574,304.8,52.46,131.82,False,2026-03-11 17:43:53
a5bccd,UAL1396,United States,39.4352,-104.196,4008.12,124.13,267.15,False,2026-03-11 17:43:53
a1083b,CXK362,United States,32.4206,-97.2954,754.38,62.64,33.95,False,2026-03-11 17:43:53
a75334,SWB71,United States,30.3468,-79.8523,4655.82,184.34,66.65,False,2026-03-11 17:43:53
a4f347,EJA418,United States,32.732,-117.1785,,6.69,95.62,True,2026-03-11 17:43:53
c00d51,FLE609,Canada,50.4123,-99.6345,10972.8,215.82,276.29,False,2026-03-11 17:43:53
abe0df,SWA1498,United States,39.4731,-122.2996,11658.6,222.78,356.03,False,2026-03-11 17:43:53
a87f51,AAL2825,United States,33.4379,-111.9997,,0.0,90.0,True,2026-03-11 17:43:53
a6e3b0,GJS4502,United States,41.4842,-87.6247,4716.78,181.21,145.99,False,2026-03-11 17:43:53
a716ee,JIA5389,United States,36.793,-84.5122,10058.4,243.79,155.44,False,2026-03-11 17:43:53
ad7069,EB735,United States,30.819,-87.1785,99.06,35.56,3.32,False,2026-03-11 17:43:53
a63f8b,VJA501,United States,27.2321,-78.995,12908.28,257.27,138.4,False,2026-03-11 17:43:53
ade66f,AAL1890,United States,35.4982,-109.3374,11277.6,251.96,98.81,False,2026-03-11 17:43:53
a76651,N576SP,United States,32.8121,-116.9691,320.04,40.9,96.5,False,2026-03-11 17:43:53
4005bc,BAW185,United Kingdom,49.0841,-64.6172,12192.0,208.61,227.3,False,2026-03-11 17:43:53
a1ee02,N223VA,United States,30.5613,-97.4429,251.46,21.63,357.27,False,2026-03-11 17:43:53
ae4cfe,DESERT3,United States,35.9106,-119.023,1493.52,128.21,137.93,False,2026-03-11 17:43:53
add1dd,N99SC,United States,37.0705,-78.9386,12192.0,243.13,219.25,False,2026-03-11 17:43:53
a0ce7c,CXK595,United States,40.9119,-72.8569,746.76,58.57,67.26,False,2026-03-11 17:43:53
a1089f,N166GS,United States,33.495,-111.3747,1036.32,48.9,181.81,False,2026-03-11 17:43:53
a6209f,N494TB,United States,38.6707,-109.9388,13106.4,168.34,247.35,False,2026-03-11 17:43:53
a6a8b3,N528X,United States,27.2541,-79.6326,2590.8,66.37,122.33,False,2026-03-11 17:43:53
ab19d0,SLH814,United States,36.0797,-109.7573,9814.56,198.62,235.98,False,2026-03-11 17:43:53
a68e14,,United States,45.7076,-108.947,11163.3,238.35,94.33,False,2026-03-11 17:43:53
aadfa3,N80BF,United States,25.69,-80.4498,198.12,61.89,296.14,False,2026-03-11 17:43:53
a262d4,MXY328,United States,38.3151,-75.4,10668.0,221.88,10.55,False,2026-03-11 17:43:53
a1e218,CYO220,United States,31.8433,-106.7807,5615.94,178.88,281.28,False,2026-03-11 17:43:53
a18b71,AAL2178,United States,38.8887,-109.2448,9136.38,199.49,310.92,False,2026-03-11 17:43:53
a9e391,RPA3490,United States,39.5214,-77.5107,5326.38,191.06,20.0,False,2026-03-11 17:43:53
a25bd7,N251GM,United States,36.2251,-95.3333,12192.0,161.03,269.27,False,2026-03-11 17:43:53
a2c5ae,N278RC,United States,35.8695,-81.8663,2255.52,74.93,35.22,False,2026-03-11 17:43:53
a4683f,UPS9307,United States,39.8267,-94.5241,11894.82,283.36,105.8,False,2026-03-11 17:43:53
a2aba2,EJA271,United States,36.1043,-104.0935,12192.0,210.0,277.18,False,2026-03-11 17:43:53
a34878,SKW3667,United States,37.4423,-121.9447,1303.02,114.68,103.23,False,2026-03-11 17:43:53
a2022f,N2288F,United States,29.9086,-84.2292,2407.92,80.99,285.1,False,2026-03-11 17:43:53
a58869,N456AC,United States,32.8957,-79.7594,480.06,58.24,160.92,False,2026-03-11 17:43:53
a4b859,LXJ403,United States,40.0079,-101.7344,13106.4,199.4,255.35,False,2026-03-11 17:43:53
a56204,MVK84,United States,43.6344,-96.5381,830.58,62.02,249.61,False,2026-03-11 17:43:53
a9d059,N731SG,United States,42.9079,-89.3864,10058.4,159.79,127.02,False,2026-03-11 17:43:53
a9e34a,N736WA,United States,37.2724,-121.41,5120.64,113.78,106.55,False,2026-03-11 17:43:53
aa980d,WUP670,United States,33.4303,-112.0423,739.14,101.43,267.67,False,2026-03-11 17:43:53
a31b19,N3EW,United States,30.0781,-83.8805,11887.2,223.78,150.08,False,2026-03-11 17:43:53
a1db22,MXY803,United States,35.3589,-77.1942,9144.0,231.68,206.51,False,2026-03-11 17:43:53
abb930,SWA1913,United States,39.4653,-75.803,10058.4,240.83,49.5,False,2026-03-11 17:43:53
ab3c12,CXK1000,United States,32.654,-97.0918,213.36,43.59,348.42,False,2026-03-11 17:43:53
a2bec7,SWA3608,United States,38.7578,-120.9377,5867.4,193.93,31.33,False,2026-03-11 17:43:53
a44e24,DAL2049,United States,32.9765,-77.8494,10675.62,220.01,8.47,False,2026-03-11 17:43:53
a81e15,EPI197,United States,32.0982,-110.938,876.3,44.59,196.76,False,2026-03-11 17:43:53
a67b07,SCX3018,United States,36.0819,-115.1264,,5.4,0.0,True,2026-03-11 17:43:53
a9dc5e,UAL2310,United States,28.9658,-89.0911,10668.0,269.27,103.48,False,2026-03-11 17:43:53
a3e5de,SJJ350,United States,25.5753,-81.5663,13708.38,243.64,153.54,False,2026-03-11 17:43:53
ab3c0a,ASA1364,United States,41.4143,-120.5103,11277.6,237.07,170.13,False,2026-03-11 17:43:53
a0d561,AAL750Q,United States,32.5603,-97.031,1219.2,104.9,21.28,False,2026-03-11 17:43:53
a18b55,N199TT,United States,33.8715,-84.304,,3.6,292.5,True,2026-03-11 17:43:53
a26ee2,NIT256,United States,32.095,-82.8825,777.24,43.19,102.38,False,2026-03-11 17:43:53
a3d2c0,UAL294,United States,35.5232,-106.5708,10370.82,238.19,202.74,False,2026-03-11 17:43:53
a9e365,N736XC,United States,28.0296,-82.3298,38.1,36.0,239.04,False,2026-03-11 17:43:53
aa9801,AAL731,United States,43.5568,-70.8481,10972.8,238.14,207.4,False,2026-03-11 17:43:53
a75eb4,EJA574,United States,39.3095,-119.9112,11277.6,218.46,24.63,False,2026-03-11 17:43:53
ab9cb0,N8473W,United States,42.0504,-72.7748,548.64,55.68,207.51,False,2026-03-11 17:43:53
a32e9b,N304EJ,United States,32.6435,-80.0218,617.22,60.82,38.13,False,2026-03-11 17:43:53
aaf9ea,UAL1874,United States,40.1811,-102.7772,7932.42,259.79,78.58,False,2026-03-11 17:43:53
a4423a,UAL1197,United States,29.8795,-82.6906,10058.4,233.56,0.25,False,2026-03-11 17:43:53
ac6f47,N900BB,United States,28.1368,-80.4216,845.82,95.04,235.36,False,2026-03-11 17:43:53
ab19fb,UAL575,United States,30.0662,-91.6873,6576.06,246.72,85.34,False,2026-03-11 17:43:53
ac1fcc,TWY249,United States,30.6525,-99.8611,11818.62,163.14,324.76,False,2026-03-11 17:43:53
ae5fa3,BACKY32,United States,33.6665,-77.8717,8221.98,218.15,180.81,False,2026-03-11 17:43:53
a2b2da,ENY3769,United States,37.7036,-89.4792,8534.4,200.52,291.36,False,2026-03-11 17:43:53
a1e270,N220QS,United States,37.9496,-122.4233,3878.58,149.12,30.01,False,2026-03-11 17:43:53
a20272,CXK673,United States,40.9088,-74.277,419.1,54.23,38.07,False,2026-03-11 17:43:53
a99364,N716LU,United States,36.095,-79.4105,1653.54,72.1,7.38,False,2026-03-11 17:43:53
a943ec,N6964H,United States,39.1652,-77.1607,220.98,41.24,130.45,False,2026-03-11 17:43:53
aba60f,N85LX,United States,39.3198,-94.5866,5524.5,164.69,358.39,False,2026-03-11 17:43:53
a2b2e1,AAY711,United States,42.105,-89.1014,701.04,78.01,5.3,False,2026-03-11 17:43:53
a9802b,ECJ71,United States,29.3423,-81.9623,10675.62,229.71,170.2,False,2026-03-11 17:43:53
a810ba,FFT153,United States,33.6373,-84.4262,,0.0,90.0,True,2026-03-11 17:43:53
aad3a4,N797SP,United States,27.122,-82.2139,1767.84,65.12,334.24,False,2026-03-11 17:43:53
a98c7a,PAC998,United States,56.4756,-123.3841,10058.4,264.59,116.07,False,2026-03-11 17:43:53
a98c7c,SCA14,United States,33.6255,-111.9075,381.0,37.11,223.88,False,2026-03-11 17:43:53
a44238,UAL2424,United States,39.3408,-102.9262,8359.14,261.36,116.16,False,2026-03-11 17:43:53
abb94f,SWA2630,United States,31.5122,-102.6935,11277.6,242.14,101.02,False,2026-03-11 17:43:53
ac0cb1,SKW4780,United States,42.0976,-87.4132,4274.82,180.41,86.4,False,2026-03-11 17:43:53
a74c8e,N57FA,United States,25.6438,-80.4411,-60.96,0.0,0.0,False,2026-03-11 17:43:53
a382e0,EJM325,United States,33.1599,-96.7622,1508.76,132.13,345.8,False,2026-03-11 17:43:53
ad8f3e,ERU973,United States,28.8717,-81.1285,541.02,56.48,41.68,False,2026-03-11 17:43:53
acac10,N9153S,United States,42.924,-71.4544,106.68,38.2,45.55,False,2026-03-11 17:43:53
ad3fcf,,United States,25.6527,-80.4395,,7.72,78.75,True,2026-03-11 17:43:53
ab5668,N83EC,United States,30.8788,-84.0139,4236.72,99.57,336.88,False,2026-03-11 17:43:53
a3355e,JBU1097,United States,34.2852,-83.6327,4739.64,163.89,222.2,False,2026-03-11 17:43:53
abb972,SWA2512,United States,39.2706,-104.142,5417.82,150.51,311.54,False,2026-03-11 17:43:53
a20258,NWX228,United States,32.7663,-97.6728,457.2,36.19,275.71,False,2026-03-11 17:43:53
a2c5db,SKW4449,United States,38.4829,-104.6829,3383.28,107.36,347.83,False,2026-03-11 17:43:53
ac6f4f,N900BK,United States,35.9088,-120.9841,9448.8,251.71,117.25,False,2026-03-11 17:43:53
a99f92,TCN719,United States,35.5296,-87.9139,12192.0,211.49,271.25,False,2026-03-11 17:43:53
ac0cc9,ES806,United States,38.5719,-121.2675,0.0,40.13,233.86,False,2026-03-11 17:43:53
a86064,JIA9951,United States,34.9574,-82.0273,876.3,118.18,12.83,False,2026-03-11 17:43:53
a8c32a,AAL2977,United States,36.4245,-109.0766,10675.62,249.64,60.9,False,2026-03-11 17:43:53
ad9642,ASA657,United States,38.1223,-122.5241,6362.7,203.77,178.7,False,2026-03-11 17:43:53
ad59db,EJM960,United States,42.2158,-82.4983,12496.8,297.43,82.35,False,2026-03-11 17:43:53
0d09e0,XBPEO,Mexico,26.6119,-99.4278,5455.92,105.4,174.68,False,2026-03-11 17:43:53
a44212,UAL1480,United States,32.2758,-77.655,11582.4,244.6,182.53,False,2026-03-11 17:43:53
ada9bd,N98KS,United States,33.4267,-112.0202,,5.4,126.56,True,2026-03-11 17:43:53
a382b6,DAL2519,United States,36.4389,-82.5737,9845.04,219.45,303.43,False,2026-03-11 17:43:53
a2abc5,N271SB,United States,40.7835,-86.8765,7901.94,181.51,323.88,False,2026-03-11 17:43:53
aac0a3,NDU792,United States,32.9388,-111.4661,556.26,46.35,182.54,False,2026-03-11 17:43:53
a0d58f,N153CJ,United States,31.7026,-85.7204,1866.9,124.45,161.94,False,2026-03-11 17:43:53
a19272,N200EL,United States,40.891,-74.5537,1226.82,157.15,45.0,False,2026-03-11 17:43:53
ad2cb0,WUP948,United States,27.8929,-83.4383,4152.9,179.22,84.89,False,2026-03-11 17:43:53
a9a6db,N7207B,United States,28.1598,-81.8663,1905.0,70.28,317.67,False,2026-03-11 17:43:53
a9ef5c,N73938,United States,35.1514,-106.9747,2560.32,54.53,243.68,False,2026-03-11 17:43:53
acceab,SKW5306,United States,38.7573,-104.686,1905.0,75.63,0.39,False,2026-03-11 17:43:53
a1ea70,SWA2016,United States,35.0458,-106.5997,,14.92,87.19,True,2026-03-11 17:43:53
a82d29,N626GM,United States,38.1528,-122.5075,800.1,52.65,303.85,False,2026-03-11 17:43:53
ac252a,SWA2223,United States,38.4884,-76.9866,4061.46,190.96,35.02,False,2026-03-11 17:43:53
a4c76c,N407JB,United States,43.033,-71.6575,160.02,22.83,104.35,False,2026-03-11 17:43:53
a07a9b,N13UA,United States,39.9677,-119.9998,6271.26,152.89,38.99,False,2026-03-11 17:43:53
a5cd47,N473LP,United States,36.8765,-76.7399,868.68,57.76,107.63,False,2026-03-11 17:43:53
c01cae,WJA2324,Canada,37.2894,-108.7316,10972.8,246.72,163.15,False,2026-03-11 17:43:53
a33d97,FFT146,United States,30.9376,-82.6548,11269.98,221.65,3.59,False,2026-03-11 17:43:53
a5ba10,N46826,United States,34.1989,-118.4907,,0.0,84.38,True,2026-03-11 17:43:53
a46462,FTO382,United States,26.6822,-80.1362,114.3,49.41,88.21,False,2026-03-11 17:43:53
a5711a,N45PT,United States,40.1855,-104.8641,1996.44,90.1,87.71,False,2026-03-11 17:43:53
ac6ba8,N9NB,United States,34.4562,-89.437,5486.4,107.31,233.19,False,2026-03-11 17:43:53
aad213,AAL281,United States,33.3739,-98.7678,8191.5,226.23,293.59,False,2026-03-11 17:43:53
a151fd,N18404,United States,28.8626,-81.6965,548.64,60.67,140.51,False,2026-03-11 17:43:53
a5d421,ERU475,United States,28.8193,-80.8994,822.96,45.04,346.12,False,2026-03-11 17:43:53
c049fd,WJA2046,Canada,44.74,-100.1,11277.6,267.62,131.1,False,2026-03-11 17:43:53
a3f4ea,DAL2983,United States,43.4594,-89.4437,10058.4,247.52,111.71,False,2026-03-11 17:43:53
abb5bf,SWA1580,United States,34.5761,-108.95,11582.4,209.77,273.51,False,2026-03-11 17:43:53
c02fe2,CFSDL,Canada,45.1924,-120.2596,12496.8,266.42,144.19,False,2026-03-11 17:43:53
a654cb,JBU579,United States,26.7538,-79.8041,4526.28,185.52,160.06,False,2026-03-11 17:43:53
abfe52,N872FS,United States,40.6563,-104.6714,2651.76,37.36,321.71,False,2026-03-11 17:43:53
add08e,VNT99,United States,42.3206,-71.0265,213.36,58.41,19.55,False,2026-03-11 17:43:53
a33d88,N308FA,United States,40.121,-75.2601,472.44,54.7,58.85,False,2026-03-11 17:43:53
a4b460,CFR210,United States,38.5622,-121.2014,1219.2,83.51,206.72,False,2026-03-11 17:43:53
a414e8,DAL1368,United States,30.3853,-89.8699,5021.58,210.04,17.68,False,2026-03-11 17:43:53
a76dc6,AMF1978,United States,45.0755,-122.4367,4975.86,106.99,189.69,False,2026-03-11 17:43:53
a654d5,N507KC,United States,26.0201,-80.2505,152.4,51.44,270.0,False,2026-03-11 17:43:53
aa2bc4,UAL2410,United States,33.3929,-80.9826,11277.6,244.96,29.85,False,2026-03-11 17:43:53
ad4528,SKW4651,United States,41.8586,-88.1813,3398.52,206.4,47.12,False,2026-03-11 17:43:53
aa2bc5,UAL2624,United States,30.0211,-81.5585,10668.0,229.88,17.99,False,2026-03-11 17:43:53
a40dea,N360SP,United States,26.9614,-80.103,548.64,53.86,353.42,False,2026-03-11 17:43:53
ab65ec,ROK30,United States,33.2655,-111.9011,1173.48,47.16,186.89,False,2026-03-11 17:43:53
abfe45,FDX457,United States,34.8517,-93.3907,10500.36,269.2,99.57,False,2026-03-11 17:43:53
a6076c,N488MH,United States,32.6093,-90.5428,10972.8,197.98,221.1,False,2026-03-11 17:43:53
ab52be,ERU829,United States,29.1832,-81.0395,30.48,37.05,244.5,False,2026-03-11 17:43:53
a38ad5,JBU678,United States,40.8809,-73.5169,838.2,76.0,246.04,False,2026-03-11 17:43:53
abeb31,SWA1796,United States,28.0306,-82.5267,228.6,75.65,181.56,False,2026-03-11 17:43:53
a2c1b6,ENY3399,United States,32.9664,-111.9501,5105.4,204.08,156.21,False,2026-03-11 17:43:53
a76df1,UPS216,United States,38.198,-85.7525,289.56,87.72,165.39,False,2026-03-11 17:43:53
ac6bd0,AXEL90,United States,43.0707,-106.2419,2301.24,106.96,224.22,False,2026-03-11 17:43:53
aa2bc1,UAL356,United States,39.6603,-94.5159,8839.2,273.63,71.7,False,2026-03-11 17:43:53
aaf87e,N806DM,United States,32.0284,-107.2582,3116.58,67.21,298.33,False,2026-03-11 17:43:53
a3311b,JBU393,United States,45.7345,-78.3841,10363.2,171.8,263.81,False,2026-03-11 17:43:53
a7276d,N560FF,United States,30.9598,-81.3652,12192.0,156.65,240.49,False,2026-03-11 17:43:53
a6ed3b,UAL789,United States,39.116,-95.5978,9456.42,267.88,98.5,False,2026-03-11 17:43:53
a904a6,EJA680,United States,30.3615,-79.022,13106.4,208.73,197.94,False,2026-03-11 17:43:53
a4b470,DAL33,United States,38.7529,-74.7482,10363.2,235.02,221.72,False,2026-03-11 17:43:53
a401a6,N3573Y,United States,26.6898,-81.5722,1120.14,65.55,148.8,False,2026-03-11 17:43:53
a76df8,AAL2248,United States,28.667,-83.2314,9448.8,245.3,14.33,False,2026-03-11 17:43:53
ac85ce,DAL1680,United States,39.0672,-102.0849,8839.2,281.46,109.1,False,2026-03-11 17:43:53
ad9edf,AAL2156,United States,35.0831,-94.2058,10972.8,184.83,245.15,False,2026-03-11 17:43:53
a69d67,VOI5586,United States,25.656,-99.8053,4038.6,191.01,105.95,False,2026-03-11 17:43:53
a641bf,DAL868,United States,47.5861,-114.8517,10355.58,166.46,256.78,False,2026-03-11 17:43:53
ac122a,N877US,United States,36.3053,-115.304,1127.76,57.27,160.59,False,2026-03-11 17:43:53
a641bd,N502DV,United States,41.1651,-82.2001,3741.42,225.9,45.09,False,2026-03-11 17:43:53
a69d86,GARMN12,United States,38.7949,-104.7177,,6.94,180.0,True,2026-03-11 17:43:53
a2d4d6,OXF2781,United States,32.5584,-111.2276,1059.18,53.96,228.87,False,2026-03-11 17:43:53
a33d68,DAL2785,United States,42.365,-71.0245,,0.06,253.12,True,2026-03-11 17:43:53
a009a4,AAL234,United States,45.7136,-86.3685,10675.62,273.87,98.86,False,2026-03-11 17:43:53
a2bab6,SKW125X,United States,42.6986,-92.9609,10363.2,229.16,325.7,False,2026-03-11 17:43:53
abb5e9,SKW4788,United States,33.9357,-118.5966,1478.28,139.59,264.29,False,2026-03-11 17:43:53
a05910,SKW5833,United States,40.9492,-92.4662,9753.6,183.61,242.65,False,2026-03-11 17:43:53
ac1e6b,N880G,United States,36.6696,-78.4689,8229.6,158.57,28.06,False,2026-03-11 17:43:53
aa2ba1,UAL1153,United States,26.6931,-80.0311,464.82,117.12,62.53,False,2026-03-11 17:43:53
a5714c,N45RT,United States,38.9639,-76.5195,5608.32,222.84,88.41,False,2026-03-11 17:43:53
aad248,N797CR,United States,40.098,-111.3607,4678.68,172.48,282.75,False,2026-03-11 17:43:53
a5c124,N470AK,United States,38.9706,-104.8758,2141.22,55.28,141.42,False,2026-03-11 17:43:53
a271d5,N257DL,United States,41.887,-71.2297,1630.68,53.71,106.7,False,2026-03-11 17:43:53
aa7b10,SWA1028,United States,34.7912,-101.3498,12192.0,218.12,337.25,False,2026-03-11 17:43:53
abb5e7,SKW5536,United States,38.8727,-104.0644,4160.52,139.13,275.94,False,2026-03-11 17:43:53
ac0b50,SWA217,United States,41.7421,-87.6917,579.12,62.58,313.67,False,2026-03-11 17:43:53
86eaea,ANA6,Japan,37.894,-122.4337,11887.2,266.28,135.16,False,2026-03-11 17:43:53
abb5ec,SKW5680,United States,43.0168,-101.0722,10363.2,175.43,270.5,False,2026-03-11 17:43:53
ad2b43,DAL2471,United States,39.2246,-94.2366,5036.82,195.05,146.73,False,2026-03-11 17:43:53
a0d19e,AAL3060,United States,28.9107,-78.6653,10058.4,222.98,10.64,False,2026-03-11 17:43:53
ac1e7d,N880GT,United States,38.6555,-121.3926,12603.48,12.39,274.76,True,2026-03-11 17:43:53
a8d27e,FFT2697,United States,37.9609,-105.8447,9730.74,228.52,226.46,False,2026-03-11 17:43:53
c02fb8,ACA548,Canada,48.6278,-116.2825,11277.6,296.62,97.98,False,2026-03-11 17:43:53
a4ad0e,N400EJ,United States,34.6509,-112.3241,2781.3,99.57,161.0,False,2026-03-11 17:43:53
a129d9,UPS5955,United States,37.7163,-89.6494,9456.42,273.68,85.04,False,2026-03-11 17:43:53
a4b407,N40193,United States,26.8663,-81.4729,632.46,60.07,331.9,False,2026-03-11 17:43:53
ab9b81,SCX343,United States,35.1817,-87.7744,11277.6,227.55,154.13,False,2026-03-11 17:43:53
a7ab9a,N5935G,United States,44.9734,-94.7588,1089.66,48.83,249.66,False,2026-03-11 17:43:53
a129dc,AAL2555,United States,35.263,-80.9394,426.72,74.26,176.03,False,2026-03-11 17:43:53
a27f07,ASA799,United States,44.9442,-122.2971,10363.2,186.91,345.66,False,2026-03-11 17:43:53
a72708,N560BE,United States,37.1485,-87.5905,6637.02,219.87,129.87,False,2026-03-11 17:43:53
a4ad37,GLF81,United States,30.6857,-79.3623,10607.04,142.03,271.45,False,2026-03-11 17:43:53
a04641,AAL3085,United States,36.2173,-101.6116,9745.98,210.51,260.01,False,2026-03-11 17:43:53
a3f4c6,MVK59,United States,44.2321,-93.7581,1645.92,58.68,115.44,False,2026-03-11 17:43:53
ace8ff,N9307J,United States,32.0721,-97.0449,822.96,50.06,247.65,False,2026-03-11 17:43:53
acbbc5,N9199Z,United States,36.0931,-96.9777,1333.5,72.8,184.86,False,2026-03-11 17:43:53
abeb57,SWA690,United States,26.0772,-80.1959,99.06,79.23,89.63,False,2026-03-11 17:43:53
a72715,N560BT,United States,26.2306,-81.6914,426.72,89.12,224.77,False,2026-03-11 17:43:53
a96705,N7049H,United States,41.2276,-74.4771,1036.32,63.05,158.46,False,2026-03-11 17:43:53
a3f4bd,N354MA,United States,34.2,-119.0734,152.4,44.76,90.66,False,2026-03-11 17:43:53
a69d31,N525TG,United States,39.5664,-104.8507,,24.18,0.0,True,2026-03-11 17:43:53
aacb7f,N795KF,United States,37.7927,-108.4061,6096.0,154.64,322.98,False,2026-03-11 17:43:53
a03f24,DAL2105,United States,47.8618,-121.3086,4861.56,160.69,275.33,False,2026-03-11 17:43:53
c08620,,Canada,53.4592,-112.9359,5189.22,144.31,17.85,False,2026-03-11 17:43:53
a05940,AAL2081,United States,33.4398,-112.0123,,6.94,90.0,True,2026-03-11 17:43:53
a56a18,UAL2340,United States,38.2216,-122.1274,5760.72,195.04,16.24,False,2026-03-11 17:43:53
ad8bed,JBU602,United States,26.1204,-79.9442,2049.78,136.54,53.73,False,2026-03-11 17:43:53
aad26f,N797EE,United States,30.4456,-87.8744,213.36,47.69,110.19,False,2026-03-11 17:43:53
a03f1e,DAL433,United States,27.0387,-81.7498,3505.2,198.5,344.05,False,2026-03-11 17:43:53
4077d4,VIR3N,United Kingdom,40.632,-73.7757,,0.0,300.94,True,2026-03-11 17:43:53
ade2b5,NKS3111,United States,33.7256,-81.472,11574.78,227.81,173.52,False,2026-03-11 17:43:53
a4b423,VAR402,United States,33.4306,-112.6859,236.22,42.21,182.1,False,2026-03-11 17:43:53
ae02d4,VADER24,United States,40.3413,-80.6971,6705.6,162.57,0.36,False,2026-03-11 17:43:53
a63aa5,N500HF,United States,33.5465,-102.2193,13106.4,290.97,97.31,False,2026-03-11 17:43:53
a44a61,DAL678,United States,39.6003,-86.8893,10363.2,188.24,277.22,False,2026-03-11 17:43:53
ac0b96,SWA378,United States,33.8159,-117.4564,2339.34,131.65,245.04,False,2026-03-11 17:43:53
aba2ef,SCX605,United States,42.9521,-97.6167,10363.2,200.36,238.76,False,2026-03-11 17:43:53
a4b42b,N402BC,United States,37.7916,-120.9255,2461.26,82.38,353.19,False,2026-03-11 17:43:53
ac72fd,N901BA,United States,33.6285,-111.7947,6690.36,85.25,23.47,False,2026-03-11 17:43:53
a414fb,DAL414,United States,34.0614,-94.3378,10187.94,193.88,249.5,False,2026-03-11 17:43:53
a0a91e,UAL1343,United States,45.037,-74.5772,8534.4,227.36,315.28,False,2026-03-11 17:43:53
c07f36,WEN3602,Canada,51.1995,-114.15,2354.58,121.53,22.66,False,2026-03-11 17:43:53
acbbda,N92AJ,United States,27.9525,-82.9621,8229.6,219.91,157.88,False,2026-03-11 17:43:53
a29908,ASA312,United States,47.395,-122.3085,609.6,99.29,180.3,False,2026-03-11 17:43:53
a69d34,N525TK1,United States,35.6673,-86.048,3352.8,130.07,305.83,False,2026-03-11 17:43:53
ac259b,DAL886,United States,33.6202,-84.3502,579.12,76.14,270.0,False,2026-03-11 17:43:53
a2cf34,ENY3763,United States,39.2282,-94.6125,2087.88,129.46,192.16,False,2026-03-11 17:43:53
a66912,N512CC,United States,39.407,-102.3419,12496.8,260.09,134.92,False,2026-03-11 17:43:53
a369e7,SKW4041,United States,47.5748,-122.3179,762.0,92.72,177.14,False,2026-03-11 17:43:53
a21cb3,N235SR,United States,33.8743,-117.5473,632.46,52.55,336.95,False,2026-03-11 17:43:53
a1fca7,N227SW,United States,30.176,-97.635,350.52,65.16,95.89,False,2026-03-11 17:43:53
ae63ea,GR02,United States,37.0923,-76.3323,0.0,90.11,246.8,False,2026-03-11 17:43:53
a8214d,BPX207,United States,29.2596,-81.0215,373.38,53.65,155.65,False,2026-03-11 17:43:53
a33ca9,JBU759,United States,41.8743,-70.8,5958.84,185.04,218.11,False,2026-03-11 17:43:53
a0f6bc,N161PT,United States,25.5026,-80.5905,106.68,37.78,83.75,False,2026-03-11 17:43:53
a03f90,N115JB,United States,30.4597,-98.1211,312.42,47.4,356.89,False,2026-03-11 17:43:53
a0200c,N107PT,United States,36.6359,-121.3747,12496.8,221.91,128.41,False,2026-03-11 17:43:53
a6918c,N522ND,United States,39.9155,-105.1255,,0.0,213.75,True,2026-03-11 17:43:53
c02494,WJA1630,Canada,51.126,-114.0122,,7.72,264.38,True,2026-03-11 17:43:53
a75afd,EJA573,United States,39.6996,-75.6004,106.68,60.46,185.37,False,2026-03-11 17:43:53
a7c4ef,N60AJ,United States,35.1123,-101.5304,12192.0,221.27,265.87,False,2026-03-11 17:43:53
a2e935,ENY3916,United States,25.7851,-80.34,91.44,63.87,87.23,False,2026-03-11 17:43:53
a8213b,N62287,United States,28.2117,-81.7634,1958.34,65.41,340.71,False,2026-03-11 17:43:53
a99afb,NKS579,United States,27.782,-80.8859,8343.9,244.11,340.04,False,2026-03-11 17:43:53
aaf804,SCX3017,United States,37.6294,-90.9945,11277.6,279.24,82.38,False,2026-03-11 17:43:53
a9a465,JRE720,United States,27.1836,-79.4622,7315.2,204.01,198.07,False,2026-03-11 17:43:53
a9ead4,N738XD,United States,33.9756,-117.5488,335.28,49.09,275.41,False,2026-03-11 17:43:53
a66934,N512DM,United States,32.937,-79.9957,8839.2,161.11,39.69,False,2026-03-11 17:43:53
a42921,N3673U,United States,37.1876,-77.7874,2133.6,103.87,123.69,False,2026-03-11 17:43:53
780aa4,CPA870,China,39.6883,-125.0854,12496.8,272.11,123.12,False,2026-03-11 17:43:53
a7890e,LXJ585,United States,33.3561,-111.7187,1722.12,109.98,333.91,False,2026-03-11 17:43:53
c07f02,WJA553,Canada,50.6177,-117.188,12192.0,197.85,252.6,False,2026-03-11 17:43:53
a27f2e,MXY120,United States,36.3309,-95.7408,10972.8,216.58,292.48,False,2026-03-11 17:43:53
c07f01,WJA1540,Canada,30.0997,-98.4224,9753.6,197.12,184.49,False,2026-03-11 17:43:53
a369be,ENY3385,United States,34.4667,-96.0989,8427.72,270.97,34.32,False,2026-03-11 17:43:53
a02c40,AAL3,United States,40.6509,-73.7645,,0.0,118.12,True,2026-03-11 17:43:53
a4fc00,DAL83,United States,38.3461,-78.5622,11582.4,228.83,224.18,False,2026-03-11 17:43:53
a4c6b2,N407AR,United States,32.7815,-79.9516,60.96,4.15,7.13,False,2026-03-11 17:43:53
c01188,FD21,Canada,40.3194,-112.2714,8412.48,194.94,350.74,False,2026-03-11 17:43:53
a1b609,CXK116,United States,32.8514,-111.9411,1440.18,50.15,296.83,False,2026-03-11 17:43:53
a03332,UCA4369,United States,30.4107,-89.7315,7505.7,259.94,74.97,False,2026-03-11 17:43:53
a1c935,RPA5865,United States,27.0794,-80.8808,11277.6,222.26,5.58,False,2026-03-11 17:43:53
a03331,UCA4317,United States,38.9436,-77.4561,,7.46,191.25,True,2026-03-11 17:43:53
ae63fc,PA01,United States,37.131,-79.637,4693.92,158.02,268.13,False,2026-03-11 17:43:53
ae50cb,SPUD53,United States,30.5172,-84.363,845.82,74.71,356.84,False,2026-03-11 17:43:53
a81a83,TCF621,United States,28.1079,-80.6122,144.78,37.56,126.09,False,2026-03-11 17:43:53
ae63fa,GR01,United States,37.0918,-76.3339,426.72,83.22,247.08,False,2026-03-11 17:43:53
a369af,EJA319,United States,34.7674,-114.5365,12207.24,182.69,271.45,False,2026-03-11 17:43:53
aaf828,AAL93,United States,44.6687,-67.5531,11582.4,242.02,212.68,False,2026-03-11 17:43:53
a4bfc1,FFT3893,United States,28.5599,-82.2513,9845.04,212.76,311.86,False,2026-03-11 17:43:53
a236b7,N24144,United States,39.4163,-104.5062,2446.02,55.41,105.07,False,2026-03-11 17:43:53
a249e4,N2469H,United States,28.2279,-82.0428,2674.62,72.23,198.69,False,2026-03-11 17:43:53
a03f84,RPA4680,United States,41.4671,-75.463,9593.58,201.78,297.15,False,2026-03-11 17:43:53
a9b775,JIA5336,United States,29.3611,-81.3678,8229.6,227.39,3.89,False,2026-03-11 17:43:53
a0a967,UCA4335,United States,38.9473,-77.442,,0.9,11.25,True,2026-03-11 17:43:53
a7278a,N560GK,United States,36.22,-112.6705,11277.6,238.12,63.43,False,2026-03-11 17:43:53
02a0ad,TAR202,Tunisia,46.2767,-62.088,11582.4,178.12,267.85,False,2026-03-11 17:43:53
ab1842,ASA699,United States,33.6042,-118.6321,3314.7,183.69,148.98,False,2026-03-11 17:43:53
a7012b,MWT552,United States,41.6324,-95.8168,4953.0,133.76,28.73,False,2026-03-11 17:43:53
ab5eb2,SWA1189,United States,37.0696,-89.3502,11277.6,239.99,130.83,False,2026-03-11 17:43:53
a1f0a6,N224JA,United States,39.923,-111.9133,2133.6,47.77,221.07,False,2026-03-11 17:43:53
a7fa26,FFL1197,United States,42.2414,-83.5146,,1.8,222.19,True,2026-03-11 17:43:53
a2cf6a,EJA280,United States,38.6665,-76.2943,9616.44,255.12,40.34,False,2026-03-11 17:43:53
a02c8a,N110DM,United States,38.6439,-94.3179,9144.0,103.38,298.86,False,2026-03-11 17:43:53
a82128,N6228N,United States,41.3697,-73.8929,1234.44,43.27,162.0,False,2026-03-11 17:43:53
a356f6,AAL3317,United States,26.8734,-79.7736,3169.92,162.77,49.61,False,2026-03-11 17:43:53
a4b483,N402ER,United States,33.723,-112.691,2522.22,45.7,11.69,False,2026-03-11 17:43:53
a6e131,AAL2992,United States,28.6703,-94.1969,9144.0,212.82,273.33,False,2026-03-11 17:43:53
add066,N99BC,United States,45.0157,-88.5044,13106.4,177.59,271.99,False,2026-03-11 17:43:53
a88df0,NKS2196,United States,40.8489,-74.4965,1691.64,157.86,29.91,False,2026-03-11 17:43:53
aaf831,ASA1442,United States,33.6612,-118.4372,3101.34,163.6,117.53,False,2026-03-11 17:43:53
a1c997,ENY4123,United States,25.6671,-79.909,3718.56,178.05,110.11,False,2026-03-11 17:43:53
c06ac1,CGOLC,Canada,49.1953,-123.9487,-30.48,22.6,168.18,False,2026-03-11 17:43:53
a63afa,WWI50,United States,44.1894,-121.1669,12192.0,205.72,348.61,False,2026-03-11 17:43:53
a5c13e,N470BL,United States,30.763,-88.1837,1165.86,58.26,299.05,False,2026-03-11 17:43:53
a7277d,LXJ560,United States,32.6662,-109.2182,13098.78,209.81,285.5,False,2026-03-11 17:43:53
a7d7f3,SKW5623,United States,43.5743,-116.2552,792.48,63.06,115.1,False,2026-03-11 17:43:53
ab1859,N814BH,United States,26.9174,-80.7502,2217.42,82.19,163.27,False,2026-03-11 17:43:53
a03397,UCA4813,United States,29.7863,-95.1782,2628.9,125.27,194.26,False,2026-03-11 17:43:53
a56a94,CXK351,United States,35.8809,-78.7772,144.78,34.58,226.81,False,2026-03-11 17:43:53
ac98ac,SWA3803,United States,37.6213,-102.2784,12192.0,185.18,330.73,False,2026-03-11 17:43:53
c01d72,FLE630,Canada,44.4589,-80.5558,6858.0,207.25,137.92,False,2026-03-11 17:43:53
a1a32a,N204ZM,United States,37.4579,-122.1124,-129.54,0.0,0.0,False,2026-03-11 17:43:53
a68a5d,EJA520,United States,28.2158,-78.8346,12252.96,183.51,7.09,False,2026-03-11 17:43:53
a1b65a,BECT133,United States,38.006,-96.2529,10668.0,116.32,195.39,False,2026-03-11 17:43:53
a72790,N560GR,United States,42.581,-90.1522,12192.0,250.23,16.24,False,2026-03-11 17:43:53
a9a426,GLF50,United States,32.4077,-81.2059,1661.16,118.88,178.51,False,2026-03-11 17:43:53
ab184d,AAL2928,United States,30.1376,-98.4388,7010.4,249.3,11.43,False,2026-03-11 17:43:53
a9b755,NKS1121,United States,31.3944,-93.1785,10972.8,212.62,304.65,False,2026-03-11 17:43:53
ac98c1,EDV5531,United States,40.9574,-73.6487,2811.78,164.75,25.52,False,2026-03-11 17:43:53
a0a98f,UCA4250,United States,39.1526,-77.343,2872.74,165.61,77.26,False,2026-03-11 17:43:53
780ae6,CCA985,China,43.0115,-126.3728,10668.0,265.06,154.23,False,2026-03-11 17:43:53
a29991,LXJ267,United States,30.397,-97.0306,2141.22,130.87,93.15,False,2026-03-11 17:43:53
a33cac,N3077M,United States,41.5888,-72.0246,777.24,38.24,156.19,False,2026-03-11 17:43:53
ad5837,AAL2746,United States,32.9012,-97.0522,,0.06,87.19,True,2026-03-11 17:43:53
a9673c,N705BB,United States,35.4047,-109.1654,9753.6,223.85,240.84,False,2026-03-11 17:43:53
c00a68,CFDYL,Canada,49.2904,-123.1184,,0.0,343.12,True,2026-03-11 17:43:53
abaeb2,SWA3221,United States,38.0334,-85.5492,9662.16,234.27,348.34,False,2026-03-11 17:43:53
a6ed7f,UAL1496,United States,30.7397,-97.9856,10378.44,248.13,335.24,False,2026-03-11 17:43:53
a904e6,TRF688,United States,33.114,-96.2485,647.7,47.37,177.51,False,2026-03-11 17:43:53
a03367,N1118N,United States,32.8845,-111.9142,1280.16,43.52,83.21,False,2026-03-11 17:43:53
a6f482,UAL1833,United States,40.8907,-103.2703,10363.2,214.33,226.46,False,2026-03-11 17:43:53
aade42,N8MD,United States,44.2647,-122.1295,9753.6,114.53,341.4,False,2026-03-11 17:43:53
a9b70e,N725KP,United States,45.9283,-122.5911,3931.92,86.59,339.84,False,2026-03-11 17:43:53
a14010,HER18,United States,35.5107,-92.4456,12496.8,271.69,91.19,False,2026-03-11 17:43:53
abfe12,SKW4981,United States,37.5378,-106.2312,11277.6,241.36,62.72,False,2026-03-11 17:43:53
a7fa2d,SKW164T,United States,40.2305,-121.7015,8900.16,236.15,176.13,False,2026-03-11 17:43:53
a4b49c,FFT2575,United States,36.6694,-113.8713,6507.48,204.37,205.02,False,2026-03-11 17:43:53
a2730d,N257RY,United States,29.6804,-95.6621,320.04,58.83,175.49,False,2026-03-11 17:43:53
a0dcf0,N155BW,United States,40.016,-86.34,6096.0,126.61,314.01,False,2026-03-11 17:43:53
ad08d7,KOW939,United States,39.1171,-74.2392,14333.22,234.17,227.76,False,2026-03-11 17:43:53
a3095b,N295PJ,United States,38.8737,-89.6363,2255.52,109.69,143.78,False,2026-03-11 17:43:53
a68a95,SKW6282,United States,36.3371,-112.18,10363.2,203.75,355.8,False,2026-03-11 17:43:53
ac384a,ERU887,United States,29.1579,-81.0403,289.56,56.2,336.25,False,2026-03-11 17:43:53
a2bc12,UAL645,United States,29.813,-83.5549,10363.2,217.25,311.35,False,2026-03-11 17:43:53
abfe1c,DAL578,United States,26.2429,-84.9144,10972.8,228.77,205.01,False,2026-03-11 17:43:53
a9b72c,N725LU,United States,35.7636,-80.9387,304.8,36.82,277.22,False,2026-03-11 17:43:53
a9b72d,N725LV,United States,35.9744,-115.1379,,4.63,87.19,True,2026-03-11 17:43:53
ab52a2,DAL469,United States,42.1773,-83.3999,800.1,110.52,234.09,False,2026-03-11 17:43:53
a03377,UCA4843,United States,38.9499,-77.4431,,2.06,191.25,True,2026-03-11 17:43:53
ad08bd,SKW5921,United States,40.6387,-89.489,8343.9,265.83,41.0,False,2026-03-11 17:43:53
ac1e2d,DAL812,United States,42.2294,-83.364,342.9,77.8,208.43,False,2026-03-11 17:43:53
a34fe6,SKW3740,United States,46.3563,-120.0672,6705.6,135.95,309.47,False,2026-03-11 17:43:53
a9a404,SKW6476,United States,41.5755,-92.1526,10972.8,172.62,260.57,False,2026-03-11 17:43:53
a46fad,UPS2785,United States,38.4595,-85.9164,1264.92,125.77,60.6,False,2026-03-11 17:43:53
a02c91,DAL2764,United States,43.597,-78.8551,9448.8,270.03,103.22,False,2026-03-11 17:43:53
485f83,KLM601,Kingdom of the Netherlands,51.2279,-107.0263,11582.4,249.07,204.66,False,2026-03-11 17:43:53
a369ee,AAL636,United States,41.6267,-78.7525,11277.6,259.23,70.16,False,2026-03-11 17:43:53
a94105,PDT5883,United States,36.6082,-81.5924,7444.74,222.42,167.44,False,2026-03-11 17:43:53
abb5a2,ASH6256,United States,29.4278,-95.4577,6111.24,165.86,216.55,False,2026-03-11 17:43:53
a76f67,UAL2475,United States,28.4435,-81.319,,13.38,0.0,True,2026-03-11 17:43:53
a76f66,UAL1022,United States,35.3602,-100.7049,10363.2,219.57,322.81,False,2026-03-11 17:43:53
0d106e,AMX658,Mexico,25.8742,-98.77,10668.0,254.81,4.17,False,2026-03-11 17:43:53
a69ccb,N525PE,United States,36.1227,-86.6692,,5.4,230.62,True,2026-03-11 17:43:53
a2b041,N272ZZ,United States,35.7749,-78.1351,990.6,69.33,253.18,False,2026-03-11 17:43:53
a76f68,UAL2008,United States,40.463,-87.6266,9631.68,206.8,174.29,False,2026-03-11 17:43:53
abaf47,FDX428,United States,35.3343,-97.961,11277.6,256.12,85.05,False,2026-03-11 17:43:53
a87c12,FFT1973,United States,28.5751,-89.3451,10363.2,225.54,315.0,False,2026-03-11 17:43:53
a570b1,N45KN,United States,27.1259,-80.6583,9464.04,212.58,337.22,False,2026-03-11 17:43:53
ab5f6a,SWA1433,United States,35.6432,-94.6378,11582.4,195.49,264.11,False,2026-03-11 17:43:53
a846c4,SKW4886,United States,36.6705,-87.8735,10972.8,205.37,298.75,False,2026-03-11 17:43:53
c01d2d,FLE804,Canada,50.4401,-115.9113,8602.98,231.67,71.08,False,2026-03-11 17:43:53
a6ffdf,N550ER,United States,28.1514,-80.8627,487.68,42.81,110.39,False,2026-03-11 17:43:53
a9afa0,N723KP,United States,47.5591,-121.4849,5135.88,132.24,91.11,False,2026-03-11 17:43:53
a45ced,OST38,United States,36.0247,-96.8328,876.3,74.94,224.44,False,2026-03-11 17:43:53
adb9c3,TCF612,United States,28.0943,-80.639,-22.86,33.12,43.11,False,2026-03-11 17:43:53
ac2fea,SWA1707,United States,31.5233,-104.3238,11582.4,214.93,280.34,False,2026-03-11 17:43:53
aa3f74,N76CU,United States,37.534,-77.3371,205.74,64.24,148.09,False,2026-03-11 17:43:53
ab7999,N8388Y,United States,27.476,-80.2887,975.36,40.59,149.53,False,2026-03-11 17:43:53
abfcb6,SWA3786,United States,34.4681,-112.472,6522.72,225.35,143.91,False,2026-03-11 17:43:53
aadcbd,N79966,United States,28.3651,-80.9469,701.04,51.06,319.09,False,2026-03-11 17:43:53
aa5990,N766TW,United States,33.5437,-84.3655,426.72,51.67,234.73,False,2026-03-11 17:43:53
accf1c,EDV5135,United States,39.7798,-85.6899,4381.5,217.75,73.11,False,2026-03-11 17:43:53
ad9f39,N977SC,United States,32.2917,-97.1408,1653.54,47.96,157.29,False,2026-03-11 17:43:53
ab5f87,SWA185,United States,35.3023,-109.4108,10363.2,210.2,275.05,False,2026-03-11 17:43:53
a95fe6,CTX62,United States,33.856,-84.3175,487.68,36.62,245.96,False,2026-03-11 17:43:53
ab4c4b,N827QS,United States,30.6886,-115.1152,12496.8,252.41,140.21,False,2026-03-11 17:43:53
ac7f62,N904PW,United States,30.2521,-81.6878,944.88,54.53,58.11,False,2026-03-11 17:43:53
a76f87,UAL1734,United States,35.0136,-107.5746,9753.6,218.93,267.04,False,2026-03-11 17:43:53
a6a665,N5278F,United States,29.856,-95.3976,213.36,32.49,246.68,False,2026-03-11 17:43:53
a2602c,AAY2728,United States,38.786,-80.4062,9448.8,227.0,192.97,False,2026-03-11 17:43:53
a700a4,JIA5651,United States,30.7632,-86.073,2369.82,118.59,135.0,False,2026-03-11 17:43:53
ad3cab,N952G,United States,36.2157,-86.9409,541.02,100.13,69.24,False,2026-03-11 17:43:53
a4fc6e,N420JG,United States,29.5886,-81.1247,13106.4,248.87,167.34,False,2026-03-11 17:43:53
a69cf0,EJA525,United States,33.6951,-101.9142,13106.4,192.8,283.11,False,2026-03-11 17:43:53
c06aab,TSC481,Canada,44.2998,-78.8161,7505.7,177.69,233.59,False,2026-03-11 17:43:53
a2869c,MXY658,United States,36.0812,-115.1383,,0.0,309.38,True,2026-03-11 17:43:53
a690a8,DAL2031,United States,32.7249,-89.8334,10355.58,202.67,282.91,False,2026-03-11 17:43:53
a82cbb,N626CB,United States,33.1086,-84.2777,502.92,59.38,17.65,False,2026-03-11 17:43:53
a846e9,SCJ63,United States,31.8255,-82.2732,11887.2,193.85,335.54,False,2026-03-11 17:43:53
a0339f,UCA4988,United States,33.2638,-96.3429,10363.2,274.73,351.38,False,2026-03-11 17:43:53
a1f0ba,N224JW,United States,31.9457,-94.9401,2743.2,160.45,61.46,False,2026-03-11 17:43:53
a210c5,RPA5815,United States,41.6787,-73.3206,3642.36,150.18,247.65,False,2026-03-11 17:43:53
ad4fe1,AAL660,United States,35.789,-85.0559,7048.5,199.15,277.27,False,2026-03-11 17:43:53
ab6687,N8335A,United States,48.7577,-122.6093,281.94,49.94,48.76,False,2026-03-11 17:43:53
c06aa4,JZA572,Canada,44.8687,-121.3343,11277.6,255.04,165.52,False,2026-03-11 17:43:53
abc992,N859JC,United States,38.4299,-77.3129,12397.74,247.95,58.06,False,2026-03-11 17:43:53
a1fcf9,N227WC,United States,33.6811,-118.1087,838.2,49.5,217.82,False,2026-03-11 17:43:53
aa8cb2,RPA3534,United States,42.8604,-85.5133,373.38,69.27,351.03,False,2026-03-11 17:43:53
adef1e,N99709,United States,40.8002,-73.4179,274.32,43.73,180.0,False,2026-03-11 17:43:53
c084b9,ACA107,Canada,44.8508,-81.6044,8481.06,218.96,310.43,False,2026-03-11 17:43:53
a82cc7,N626CP,United States,40.499,-75.1819,937.26,65.24,71.14,False,2026-03-11 17:43:53
ad9f57,N977TH,United States,41.0814,-73.718,205.74,39.95,145.49,False,2026-03-11 17:43:53
a2c336,UAL1697,United States,41.7084,-80.0526,9669.78,250.02,96.38,False,2026-03-11 17:43:53
ace965,PDT5962,United States,33.3613,-85.4876,9144.0,202.05,251.29,False,2026-03-11 17:43:53
a38c66,DAL2582,United States,40.0392,-112.0968,3794.76,146.11,19.33,False,2026-03-11 17:43:53
a76f6c,UAL1768,United States,37.6217,-122.3906,,1.8,165.94,True,2026-03-11 17:43:53
a6b97d,N532ST,United States,34.2192,-118.4923,,1.54,90.0,True,2026-03-11 17:43:53
c00a0d,ACA574,Canada,47.6786,-118.0013,10668.0,276.79,114.14,False,2026-03-11 17:43:53
c00a0b,ACA258,Canada,43.6801,-79.6131,,0.0,30.94,True,2026-03-11 17:43:53
a38019,JBU1855,United States,40.8674,-74.2736,7924.8,208.33,231.52,False,2026-03-11 17:43:53
ab5365,DAL1510,United States,26.1807,-80.3805,4968.24,207.33,318.32,False,2026-03-11 17:43:53
abaf76,N852HA,United States,28.0741,-82.7604,2468.88,139.45,1.27,False,2026-03-11 17:43:53
a88f59,N6502A,United States,38.3037,-76.4699,2141.22,104.33,36.98,False,2026-03-11 17:43:53
abfcda,SWA555,United States,36.0764,-115.1403,525.78,82.31,270.0,False,2026-03-11 17:43:53
a298b2,N26675,United States,35.4558,-80.2885,1661.16,63.56,129.75,False,2026-03-11 17:43:53
acbc45,N92ER,United States,37.8332,-78.5322,3924.3,179.25,110.67,False,2026-03-11 17:43:53
acc31a,AAL316,United States,32.9012,-97.0499,,6.43,90.0,True,2026-03-11 17:43:53
a178be,N194TP,United States,31.3897,-85.4987,449.58,76.98,255.69,False,2026-03-11 17:43:53
a38082,JBU1971,United States,28.2246,-86.8288,10972.8,213.77,282.93,False,2026-03-11 17:43:53
ab402b,ERU824,United States,29.18,-81.0165,274.32,53.15,64.18,False,2026-03-11 17:43:53
a3dc34,DAL2888,United States,27.1069,-78.7628,10660.38,224.31,32.92,False,2026-03-11 17:43:53
a58fe9,AWI2401,United States,41.388,-91.5705,9753.6,165.28,212.16,False,2026-03-11 17:43:53
ad9f7f,AAL2496,United States,34.183,-100.2109,8534.4,221.36,310.95,False,2026-03-11 17:43:53
a058f1,TWY42,United States,38.946,-77.4688,,0.0,0.0,True,2026-03-11 17:43:53
a63c0b,N500XP,United States,35.0418,-106.6174,,7.72,213.75,True,2026-03-11 17:43:53
a5363e,FFT1984,United States,28.3887,-80.9606,10058.4,223.9,340.4,False,2026-03-11 17:43:53
a4c6d0,N407BW,United States,41.6991,-71.189,883.92,31.91,159.23,False,2026-03-11 17:43:53
ace96d,AAL1889,United States,34.5503,-117.3574,7010.4,242.38,54.59,False,2026-03-11 17:43:53
0d103d,,Mexico,33.9305,-107.4372,12481.56,232.45,168.64,False,2026-03-11 17:43:53
ace96c,AAL2789,United States,33.4383,-112.0017,,0.0,191.25,True,2026-03-11 17:43:53
ace96a,ASA34,United States,44.3705,-91.5617,10668.0,246.26,121.76,False,2026-03-11 17:43:53
a4acae,AAL2720,United States,36.2714,-110.5527,9761.22,211.74,255.79,False,2026-03-11 17:43:53
a08e3c,EDV5243,United States,36.0107,-92.7212,6271.26,181.52,282.11,False,2026-03-11 17:43:53
a69ca2,N525MP,United States,30.3157,-82.7227,12496.8,211.1,9.26,False,2026-03-11 17:43:53
ad3cde,N952JA,United States,33.7865,-118.0419,990.6,51.8,254.45,False,2026-03-11 17:43:53
a8a9a6,N6574G,United States,32.7434,-98.1254,876.3,56.55,58.77,False,2026-03-11 17:43:53
a64305,SKW6271,United States,32.1191,-110.9404,,8.75,315.0,True,2026-03-11 17:43:53
a09533,,United States,33.8139,-116.4936,99.06,78.71,323.5,False,2026-03-11 17:43:53
ad56f4,JSX980,United States,32.7116,-100.1152,7315.2,226.88,270.39,False,2026-03-11 17:43:53
a045bc,,United States,37.6612,-122.1228,,4.89,118.12,True,2026-03-11 17:43:53
ac10af,DAL2980,United States,45.6508,-122.5612,10972.8,187.49,347.64,False,2026-03-11 17:43:53
a3dc47,DAL2392,United States,40.2633,-87.5736,10668.0,218.35,154.16,False,2026-03-11 17:43:53
a606c5,ERU488,United States,29.0769,-81.2664,68.58,36.12,234.27,False,2026-03-11 17:43:53
ab5383,AAL2708,United States,29.0117,-98.2903,10302.24,208.24,185.39,False,2026-03-11 17:43:53
a10520,N165JY,United States,27.9162,-82.6895,83.82,49.14,169.75,False,2026-03-11 17:43:53
a2b05b,UCA4276,United States,27.5935,-96.4235,10972.8,199.89,194.61,False,2026-03-11 17:43:53
a7bf22,DAL807,United States,43.7109,-80.1368,9136.38,212.03,289.71,False,2026-03-11 17:43:53
a76f43,UAL423,United States,39.8552,-104.6832,,0.0,270.0,True,2026-03-11 17:43:53
ada6ed,AAL2257,United States,33.4096,-112.1277,1097.28,127.39,252.37,False,2026-03-11 17:43:53
a39398,N33BJ,United States,36.2747,-84.4949,6705.6,134.1,340.04,False,2026-03-11 17:43:53
a5e6c8,N48FL,United States,38.9647,-104.8193,1912.62,36.72,348.69,False,2026-03-11 17:43:53
a38c9b,LXJ328,United States,36.423,-77.5142,10911.84,230.65,8.85,False,2026-03-11 17:43:53
a4c6e8,CAP834,United States,26.1094,-81.645,388.62,60.62,300.05,False,2026-03-11 17:43:53
a2bc9e,UAL1862,United States,34.0388,-84.5031,10668.0,241.29,156.77,False,2026-03-11 17:43:53
a5e6c3,N48FF,United States,40.3398,-104.7962,2225.04,57.56,208.86,False,2026-03-11 17:43:53
c0371f,WJA704,Canada,49.1586,-123.06,1386.84,104.49,115.05,False,2026-03-11 17:43:53
a6ffc3,DAL683,United States,36.5171,-99.8338,10355.58,211.91,263.17,False,2026-03-11 17:43:53
acc350,EJA921,United States,29.1066,-79.3331,10500.36,240.77,192.46,False,2026-03-11 17:43:53
a9f1d6,N74SW,United States,41.7838,-111.8541,,0.0,205.31,True,2026-03-11 17:43:53
a76f48,UAL1023,United States,39.5589,-119.3605,10058.4,243.54,52.98,False,2026-03-11 17:43:53
a69cb1,LFA313,United States,28.6194,-80.8072,251.46,49.78,346.25,False,2026-03-11 17:43:53
a4acc4,N400BK,United States,38.7398,-94.4775,922.02,102.31,76.03,False,2026-03-11 17:43:53
a5e6aa,N48EF,United States,34.2628,-118.4165,,5.14,317.81,True,2026-03-11 17:43:53
a4fc32,LXJ420,United States,42.0018,-83.2618,8305.8,244.53,95.67,False,2026-03-11 17:43:53
a9a474,N720KG,United States,35.9111,-95.838,1333.5,76.76,326.2,False,2026-03-11 17:43:53
a52f89,ASI4589,United States,33.6684,-112.091,640.08,51.49,267.71,False,2026-03-11 17:43:53
ad56fd,N959KF,United States,33.2722,-86.5745,12496.8,256.13,145.64,False,2026-03-11 17:43:53
a76f30,SGE65,United States,32.9311,-97.4469,403.86,38.97,137.68,False,2026-03-11 17:43:53
a178ae,SKW3377,United States,37.486,-121.8698,6202.68,156.67,304.16,False,2026-03-11 17:43:53
a1a38c,N2042Q,United States,31.3745,-97.2736,1303.02,54.93,45.38,False,2026-03-11 17:43:53
a5232b,AAL2209,United States,35.9854,-99.8814,9448.8,252.58,86.38,False,2026-03-11 17:43:53
a3ef90,N3527H,United States,31.8124,-81.179,2682.24,74.74,356.45,False,2026-03-11 17:43:53
0d1078,VOI3080,Mexico,25.2329,-96.5224,9448.8,240.6,120.73,False,2026-03-11 17:43:53
abb68c,DAL2262,United States,38.3269,-110.6586,10363.2,208.46,236.27,False,2026-03-11 17:43:53
a0950a,N13686,United States,43.5757,-116.5026,891.54,41.18,41.46,False,2026-03-11 17:43:53
a3dc5a,EDV5165,United States,40.6433,-73.7564,15.24,68.03,210.44,False,2026-03-11 17:43:53
a9e00b,N7350W,United States,35.6529,-120.4607,914.4,57.12,88.45,False,2026-03-11 17:43:53
a7c69b,N60TM,United States,33.7495,-81.4683,1120.14,30.63,240.85,False,2026-03-11 17:43:53
a32b04,FFT3735,United States,33.4554,-81.3896,10668.0,218.53,356.49,False,2026-03-11 17:43:53
aa58a6,ENY3918,United States,36.1405,-86.6651,9144.0,204.56,275.19,False,2026-03-11 17:43:53
ac0a7c,N875SC,United States,32.3208,-97.122,1089.66,56.75,81.14,False,2026-03-11 17:43:53
abfd8c,SWA159,United States,32.0225,-106.9578,11887.2,240.65,109.48,False,2026-03-11 17:43:53
a690fb,GJS4172,United States,38.8502,-77.039,,0.06,180.0,True,2026-03-11 17:43:53
ad3d92,N952RF,United States,30.5325,-87.0539,1158.24,67.35,317.17,False,2026-03-11 17:43:53
a08e82,RPA4354,United States,38.8315,-79.2487,8534.4,206.41,257.04,False,2026-03-11 17:43:53
a26bb8,SKW3822,United States,38.25,-120.7449,6271.26,199.6,126.72,False,2026-03-11 17:43:53
a52ea4,DAL215,United States,38.9241,-69.0985,11582.4,247.84,235.91,False,2026-03-11 17:43:53
acbaf8,N91934,United States,37.6924,-122.1239,342.9,47.16,309.25,False,2026-03-11 17:43:53
ade1b3,N994CB,United States,35.9651,-119.1685,2926.08,67.85,342.8,False,2026-03-11 17:43:53
a940ce,N6958W,United States,36.2222,-115.2226,731.52,40.46,48.61,False,2026-03-11 17:43:53
a4c811,N407QS,United States,28.5034,-99.0959,12192.0,177.85,205.9,False,2026-03-11 17:43:53
a35854,JBU1954,United States,42.3704,-71.0108,,3.6,205.31,True,2026-03-11 17:43:53
a0822c,UCA4930,United States,40.41,-74.2731,9448.8,220.87,39.14,False,2026-03-11 17:43:53
a9903a,SKW4819,United States,37.1119,-113.4693,1203.96,78.47,207.74,False,2026-03-11 17:43:53
a27ebd,N26XM,United States,35.9395,-113.2445,7620.0,156.42,91.13,False,2026-03-11 17:43:53
ac249e,SWA235,United States,28.2285,-81.9492,10972.8,217.64,325.11,False,2026-03-11 17:43:53
a308d9,N295JD,United States,34.0178,-118.7303,1264.92,50.86,262.44,False,2026-03-11 17:43:53
a0de5c,N155SK,United States,27.0726,-82.2545,1478.28,37.61,130.01,False,2026-03-11 17:43:53
c06b6a,WJA2698,Canada,41.3372,-95.0573,10668.0,245.23,133.81,False,2026-03-11 17:43:53
a9ec77,N73898,United States,33.7311,-117.0267,,7.2,64.69,True,2026-03-11 17:43:53
ad447d,N954L,United States,38.9698,-77.4531,,0.0,56.25,True,2026-03-11 17:43:53
a27ed8,N26YP,United States,42.6724,-106.4561,3291.84,144.8,24.56,False,2026-03-11 17:43:53
a0f86b,UCA4822,United States,31.1546,-90.4692,10972.8,195.74,234.3,False,2026-03-11 17:43:53
a33e1e,N308MA,United States,40.2295,-105.0704,2438.4,70.64,192.62,False,2026-03-11 17:43:53
a9067b,UAL3922,United States,41.8832,-87.2857,10668.0,290.64,86.65,False,2026-03-11 17:43:53
af8437,BGST310,United States,27.6117,-97.2865,922.02,91.17,9.09,False,2026-03-11 17:43:53
a35843,UAL1246,United States,30.5105,-103.4445,9448.8,254.49,109.61,False,2026-03-11 17:43:53
a1c8bd,EJM67,United States,37.1508,-92.046,11887.2,260.5,101.62,False,2026-03-11 17:43:53
aa80eb,SKW3500,United States,42.8594,-84.6569,5288.28,225.97,108.31,False,2026-03-11 17:43:53
a5ce02,UAL489,United States,35.9428,-111.71,11277.6,248.24,63.28,False,2026-03-11 17:43:53
a23844,RPA5672,United States,42.0803,-70.6931,4709.16,163.14,189.25,False,2026-03-11 17:43:53
ac1190,AAL3133,United States,33.4365,-112.0023,,0.0,90.0,True,2026-03-11 17:43:53
a6309d,,United States,30.0382,-81.7596,1607.82,45.17,104.51,False,2026-03-11 17:43:53
acc1eb,ASA787,United States,47.458,-122.3062,,5.14,0.0,True,2026-03-11 17:43:53
a058fa,N121SA,United States,37.8297,-108.5978,12496.8,269.08,71.84,False,2026-03-11 17:43:53
ad315c,N9493D,United States,28.0673,-81.6494,152.4,41.87,10.62,False,2026-03-11 17:43:53
a03ef7,MXY6353,United States,39.4596,-108.2005,11277.6,273.48,98.33,False,2026-03-11 17:43:53
aaa929,SWA3846,United States,33.6909,-117.8592,-15.24,70.21,208.44,False,2026-03-11 17:43:53
a0de31,EJA155,United States,47.5329,-122.3004,,0.0,357.19,True,2026-03-11 17:43:53
a72823,JIA5507,United States,42.9454,-87.8992,,4.89,241.88,True,2026-03-11 17:43:53
ae01f1,BALL16,United States,36.6745,-97.7192,5707.38,105.3,9.28,False,2026-03-11 17:43:53
a8d33a,N668PD,United States,33.795,-118.0454,-68.58,11.66,228.58,False,2026-03-11 17:43:53
a33e08,ENY3834,United States,35.9995,-78.6476,1051.56,84.41,225.99,False,2026-03-11 17:43:53
a72809,N560MM,United States,30.5578,-91.5605,6667.5,201.1,141.75,False,2026-03-11 17:43:53
a47809,UAL426,United States,40.7393,-87.8769,9898.38,202.23,178.69,False,2026-03-11 17:43:53
a8c028,JBU251,United States,33.0144,-81.2536,10972.8,224.74,196.9,False,2026-03-11 17:43:53
a07b39,N130AH,United States,42.4891,-71.2081,350.52,63.66,135.33,False,2026-03-11 17:43:53
a953f7,N70U,United States,34.0328,-117.7394,967.74,79.24,181.12,False,2026-03-11 17:43:53
ab5f0a,N8314W,United States,38.8018,-104.7177,1737.36,9.26,180.0,False,2026-03-11 17:43:53
a99c78,FTT4,United States,26.9701,-81.8579,853.44,51.68,43.39,False,2026-03-11 17:43:53
a2b093,N2722L,United States,33.2053,-97.1957,,3.09,78.75,True,2026-03-11 17:43:53
aa2061,N7512C,United States,28.2834,-81.4508,60.96,27.7,31.33,False,2026-03-11 17:43:53
ae6475,KING43,United States,27.4773,-80.564,2659.38,147.99,353.81,False,2026-03-11 17:43:53
aa80e4,SCA77,United States,33.6895,-112.1459,693.42,35.0,155.7,False,2026-03-11 17:43:53
a19b18,SKW5419,United States,39.5887,-100.9008,10172.7,264.41,95.02,False,2026-03-11 17:43:53
a10547,N165LM,United States,34.1325,-81.775,2346.96,93.75,159.78,False,2026-03-11 17:43:53
a52ed0,N433FR,United States,33.8763,-117.8562,518.16,58.68,272.01,False,2026-03-11 17:43:53
a69e14,N5251Z,United States,33.0414,-84.3569,1623.06,31.76,245.1,False,2026-03-11 17:43:53
a59857,N46MB,United States,31.3961,-84.1447,906.78,64.93,155.67,False,2026-03-11 17:43:53
a0a8df,UAL1506,United States,39.4044,-109.6865,11582.4,190.64,260.05,False,2026-03-11 17:43:53
a700c3,SFY205,United States,27.2126,-80.829,853.44,52.23,206.31,False,2026-03-11 17:43:53
ab5f1b,SWA645,United States,33.532,-84.5775,3550.92,146.93,68.65,False,2026-03-11 17:43:53
a0cb68,AAL1158,United States,41.0981,-98.2297,9745.98,199.49,302.79,False,2026-03-11 17:43:53
ad0919,SWA695,United States,34.7469,-117.1151,6096.0,195.49,261.68,False,2026-03-11 17:43:53
a690bf,DAL189,United States,41.3569,-92.7388,10363.2,250.11,321.6,False,2026-03-11 17:43:53
a0de99,AAL1662,United States,36.8587,-89.0749,10363.2,212.2,289.84,False,2026-03-11 17:43:53
a4fc8c,N420KM,United States,33.9946,-116.6878,3581.4,161.3,115.5,False,2026-03-11 17:43:53
a4a0cf,LYM621,United States,40.743,-102.5838,9144.0,156.85,263.6,False,2026-03-11 17:43:53
846def,NCA134,Japan,52.5613,-110.1388,10668.0,280.31,118.02,False,2026-03-11 17:43:53
a2bbc6,UAL1679,United States,34.556,-118.3261,10668.0,247.06,133.73,False,2026-03-11 17:43:53
a7d999,N6048P,United States,29.8846,-82.1041,1813.56,71.67,50.83,False,2026-03-11 17:43:53
a2cef7,N280LB,United States,32.794,-97.1373,190.5,26.55,305.54,False,2026-03-11 17:43:53
c0722e,CGRGF,Canada,27.4418,-81.934,7528.56,139.43,348.94,False,2026-03-11 17:43:53
ac2fa4,SWA274,United States,34.3689,-114.7501,9144.0,220.2,228.79,False,2026-03-11 17:43:53
ae2909,C6025,United States,27.9585,-82.8946,22.86,47.21,339.59,False,2026-03-11 17:43:53
a20b55,N2303V,United States,40.6308,-83.6361,2491.74,70.6,176.66,False,2026-03-11 17:43:53
a9f302,SKW6202,United States,34.1055,-108.4885,10668.0,238.3,78.54,False,2026-03-11 17:43:53
a570ec,EJM217,United States,48.026,-100.4606,13106.4,211.97,270.7,False,2026-03-11 17:43:53
a7ac49,CNS524,United States,26.7853,-81.2685,5151.12,188.18,60.7,False,2026-03-11 17:43:53
a45e3d,N3804Q,United States,29.6729,-98.0304,495.3,47.96,112.71,False,2026-03-11 17:43:53
ac36a9,SWA1265,United States,29.0073,-82.7729,11582.4,210.93,327.55,False,2026-03-11 17:43:53
abb601,SWA2908,United States,35.0553,-108.3025,10972.8,217.49,255.34,False,2026-03-11 17:43:53
ab4c15,AAL3108,United States,26.999,-82.8794,6240.78,228.26,110.72,False,2026-03-11 17:43:53
a272bf,AAY364,United States,36.538,-83.7844,9753.6,240.01,8.01,False,2026-03-11 17:43:53
a9ff4d,N743SP,United States,43.6632,-116.6624,762.0,29.97,145.49,False,2026-03-11 17:43:53
a6a66f,N5278R,United States,25.6424,-80.451,0.0,31.3,64.7,False,2026-03-11 17:43:53
a77687,GJS4583,United States,42.5917,-86.8464,3345.18,122.73,235.24,False,2026-03-11 17:43:53
ab5f43,SWA2255,United States,40.7788,-73.8713,15.24,55.24,122.06,False,2026-03-11 17:43:53
ac9936,N9101R,United States,41.0693,-73.7552,449.58,50.67,12.91,False,2026-03-11 17:43:53
a700ac,DAL2090,United States,44.8703,-93.1939,22799.04,66.53,301.72,False,2026-03-11 17:43:53
aaa954,SWA2513,United States,36.0798,-115.1458,,0.0,334.69,True,2026-03-11 17:43:53
ac860c,CXK308,United States,35.7738,-81.2039,914.4,48.61,320.58,False,2026-03-11 17:43:53
c022da,CFNFD,Canada,53.7272,-113.8952,1036.32,60.86,162.79,False,2026-03-11 17:43:53
abaf1e,DAL1506,United States,31.9536,-82.0327,10043.16,244.85,27.8,False,2026-03-11 17:43:53
a9c9cf,N73MK,United States,37.3093,-76.2409,2590.8,91.5,211.9,False,2026-03-11 17:43:53
c06b5d,PRO4372,Canada,46.6556,-78.9232,7284.72,100.83,180.29,False,2026-03-11 17:43:53
aa2c79,N7549A,United States,33.1387,-111.6713,,1.54,120.94,True,2026-03-11 17:43:53
a1eb32,N2223B,United States,41.2543,-112.1861,1577.34,43.3,113.82,False,2026-03-11 17:43:53
a700da,EJA550,United States,33.4507,-96.8438,1996.44,136.84,270.0,False,2026-03-11 17:43:53
a2bba4,UAL1938,United States,30.6378,-81.5843,1805.94,148.04,15.73,False,2026-03-11 17:43:53
a0e54a,SIY157,United States,28.6245,-87.7787,11582.4,206.12,288.03,False,2026-03-11 17:43:53
ab03a4,DAL754,United States,41.5945,-88.1633,10058.4,301.46,78.88,False,2026-03-11 17:43:53
ac2fc3,SWA1941,United States,33.9168,-84.7236,3604.26,155.3,138.76,False,2026-03-11 17:43:53
a428e2,N36711,United States,40.3155,-111.8276,1828.8,49.14,132.88,False,2026-03-11 17:43:53
a2bba8,UAL215,United States,41.6557,-91.4891,10363.2,187.86,261.34,False,2026-03-11 17:43:53
a91986,PDT5786,United States,32.8156,-85.3818,5684.52,190.73,220.95,False,2026-03-11 17:43:53
ab4c1d,DAL1070,United States,33.4339,-112.0038,,0.45,180.0,True,2026-03-11 17:43:53
a09590,DAL880,United States,40.785,-111.9795,,0.06,47.81,True,2026-03-11 17:43:53
aa466f,SKW6422,United States,35.5095,-115.9451,11285.22,236.73,47.82,False,2026-03-11 17:43:53
a45e1c,N3803S,United States,43.4027,-116.0413,1859.28,55.73,293.96,False,2026-03-11 17:43:53
c07243,CGRHA,Canada,51.4517,-113.8322,1691.64,43.52,263.21,False,2026-03-11 17:43:53
a9c9f5,N73NY,United States,35.8233,-114.8165,1668.78,57.15,166.46,False,2026-03-11 17:43:53
a1aee9,N2074A,United States,33.5729,-117.102,609.6,48.44,247.52,False,2026-03-11 17:43:53
a1057a,AAL3035,United States,32.9019,-97.0353,,5.14,205.31,True,2026-03-11 17:43:53
ae290a,C6026,United States,33.2425,-117.4664,-68.58,1.85,56.31,False,2026-03-11 17:43:53
a7a016,N5902S,United States,34.0896,-117.7683,304.8,45.25,319.61,False,2026-03-11 17:43:53
ac1ca1,N88MT,United States,32.8007,-81.6918,6042.66,138.32,342.91,False,2026-03-11 17:43:53
a0de84,N155U,United States,41.7813,-111.8511,,5.66,92.81,True,2026-03-11 17:43:53
ad9f15,EJA977,United States,40.8597,-74.0588,60.96,54.59,182.7,False,2026-03-11 17:43:53
c022e5,CFNFO,Canada,40.6366,-75.465,533.4,33.93,229.3,False,2026-03-11 17:43:53
a34535,N31HP,United States,35.8541,-79.8439,8145.78,219.28,142.24,False,2026-03-11 17:43:53
ac7f41,AAL1684,United States,39.5051,-110.0457,10972.8,189.95,260.33,False,2026-03-11 17:43:53
c06b60,PNO733,Canada,46.5309,-68.4174,6705.6,112.75,289.18,False,2026-03-11 17:43:53
a8deb4,DAL1910,United States,27.2863,-82.068,10668.0,251.64,164.34,False,2026-03-11 17:43:53
a33272,FFT73,United States,26.1075,-98.3074,11277.6,218.75,327.09,False,2026-03-11 17:43:53
c07435,SLG1,Canada,53.8215,-104.095,4831.08,123.02,237.64,False,2026-03-11 17:43:53
a0cb9e,EJA150,United States,31.6653,-78.5752,12192.0,247.12,195.45,False,2026-03-11 17:43:53
ac0c41,SWA3551,United States,36.0786,-115.1484,,9.26,95.62,True,2026-03-11 17:43:53
c05a0a,AKT1735,Canada,51.2079,-113.9902,1485.9,80.77,179.64,False,2026-03-11 17:43:53
a402dd,DAL1938,United States,27.7111,-80.0987,9753.6,246.02,130.25,False,2026-03-11 17:43:53
ada953,N98FL,United States,33.2853,-112.7081,1897.38,97.34,244.65,False,2026-03-11 17:43:53
ac6cd2,FLC90,United States,44.7636,-108.3771,10355.58,180.07,307.69,False,2026-03-11 17:43:53
ad93a6,N974MT,United States,42.916,-109.0055,13106.4,193.31,317.26,False,2026-03-11 17:43:53
a63bba,N500UH,United States,33.4917,-84.0054,4480.56,124.7,206.99,False,2026-03-11 17:43:53
a4fbd9,N420CH,United States,44.7953,-123.3128,7010.4,178.32,207.3,False,2026-03-11 17:43:53
a5bb1e,VAR469,United States,33.4317,-112.6859,243.84,44.29,182.66,False,2026-03-11 17:43:53
ac1325,N8773N,United States,41.3935,-72.4648,487.68,51.45,88.85,False,2026-03-11 17:43:53
ac1327,SWA727,United States,33.8576,-119.262,10363.2,222.64,263.5,False,2026-03-11 17:43:53
abec26,SWA4332,United States,32.3662,-83.8619,10988.04,219.17,339.1,False,2026-03-11 17:43:53
a8484b,BYF31,United States,37.7654,-121.6855,929.64,50.66,34.66,False,2026-03-11 17:43:53
aaf996,EJA806,United States,40.6791,-96.0357,13106.4,201.75,254.01,False,2026-03-11 17:43:53
aa7c64,JBU1527,United States,35.5237,-77.6469,10355.58,222.49,217.96,False,2026-03-11 17:43:53
a72886,N560SM,United States,32.2409,-116.6397,11285.22,218.27,138.34,False,2026-03-11 17:43:53
accfbb,KII1914,United States,38.7568,-118.689,7924.8,192.49,316.41,False,2026-03-11 17:43:53
aa9679,RPA3556,United States,40.3149,-87.207,8839.2,221.99,144.43,False,2026-03-11 17:43:53
aa8346,CTL333,United States,33.6629,-84.4346,487.68,56.86,331.35,False,2026-03-11 17:43:53
ab53e4,EDV5125,United States,40.251,-74.4327,3055.62,188.48,43.67,False,2026-03-11 17:43:53
a82e2e,SKW5699,United States,37.7634,-106.5157,10668.0,260.19,133.48,False,2026-03-11 17:43:53
c06d48,JZA182,Canada,51.9955,-107.581,4145.28,165.51,73.2,False,2026-03-11 17:43:53
a8f8e4,N6776A,United States,41.7313,-103.8514,4145.28,49.85,301.07,False,2026-03-11 17:43:53
a5724a,N450BW,United States,33.9546,-103.2868,13106.4,222.3,282.43,False,2026-03-11 17:43:53
c1e409,PER22,Canada,45.4595,-73.7479,,4.37,56.25,True,2026-03-11 17:43:53
a44b56,DAL1408,United States,28.7685,-94.623,9753.6,203.18,242.4,False,2026-03-11 17:43:53
a5c222,N470LP,United States,32.9302,-112.8432,1897.38,38.49,261.54,False,2026-03-11 17:43:53
ab9024,EJA844,United States,38.4698,-79.638,8785.86,248.68,75.5,False,2026-03-11 17:43:53
a70215,N5502M,United States,43.4937,-116.4461,1234.44,55.28,165.45,False,2026-03-11 17:43:53
a5d570,,United States,41.99,-87.9005,,12.86,90.0,True,2026-03-11 17:43:53
ac0c64,SWA1928,United States,36.9929,-121.1013,6263.64,182.86,317.96,False,2026-03-11 17:43:53
ab53f1,SCX214,United States,30.1422,-83.2998,11582.4,218.23,346.23,False,2026-03-11 17:43:53
a2bbf2,UAL1587,United States,38.954,-77.436,,13.89,180.0,True,2026-03-11 17:43:53
a3323d,DAL2745,United States,32.6573,-84.9768,10050.78,241.34,153.82,False,2026-03-11 17:43:53
c0611f,ACA956,Canada,31.8343,-81.2908,12496.8,248.29,19.49,False,2026-03-11 17:43:53
abafff,AAL313,United States,25.058,-80.4864,6195.06,220.07,192.28,False,2026-03-11 17:43:53
a905ad,N68005,United States,34.2183,-118.4924,,3.6,343.12,True,2026-03-11 17:43:53
ac73e9,N901LM,United States,43.8453,-69.7411,5128.26,162.37,33.89,False,2026-03-11 17:43:53
ac134a,SWA3112,United States,35.3351,-106.4858,11277.6,254.17,104.66,False,2026-03-11 17:43:53
a8dea1,N6704E,United States,29.9423,-98.0321,1371.6,63.31,114.48,False,2026-03-11 17:43:53
ac267c,AAL1415,United States,36.6157,-105.3033,9144.0,212.33,304.54,False,2026-03-11 17:43:53
42450d,BMA602,United Kingdom,40.1187,-72.8936,10668.0,243.05,131.65,False,2026-03-11 17:43:53
a1a2e0,SWA1585,United States,35.4539,-90.1382,2209.8,150.72,147.83,False,2026-03-11 17:43:53
a33e85,AAL3212,United States,33.4288,-111.8724,830.58,91.06,270.32,False,2026-03-11 17:43:53
ae5f3a,,United States,32.5382,-83.3184,861.06,96.6,236.73,False,2026-03-11 17:43:53
c024d9,ANT701,Canada,51.1317,-114.0172,1089.66,0.0,180.0,True,2026-03-11 17:43:53
a4ae9b,N400WF,United States,39.2742,-104.8557,12504.42,244.97,101.88,False,2026-03-11 17:43:53
abec4d,SWA4192,United States,37.2259,-99.7585,10797.54,248.31,72.77,False,2026-03-11 17:43:53
a642e3,N502RP,United States,39.6291,-91.8553,11269.98,295.46,82.19,False,2026-03-11 17:43:53
abf32f,SWA2454,United States,26.5483,-81.7216,388.62,90.06,91.64,False,2026-03-11 17:43:53
abff87,UAL562,United States,39.3682,-120.7362,10668.0,234.33,34.81,False,2026-03-11 17:43:53
a33243,DAL483,United States,36.3192,-94.3033,6705.6,164.32,264.61,False,2026-03-11 17:43:53
aad375,EJA797,United States,41.9522,-74.2947,2743.2,141.69,148.96,False,2026-03-11 17:43:53
aa8315,AAL997P,United States,32.7312,-96.7894,4625.34,170.5,189.38,False,2026-03-11 17:43:53
ad8cec,AAL3227,United States,32.4841,-97.4456,2179.32,148.45,84.03,False,2026-03-11 17:43:53
abf351,SWA3947,United States,32.2376,-108.4167,11277.6,241.89,102.53,False,2026-03-11 17:43:53
ad2c4f,EJA948,United States,39.3405,-77.4293,1440.18,131.19,180.67,False,2026-03-11 17:43:53
a9907b,N715V,United States,30.8994,-88.1914,5303.52,148.63,94.57,False,2026-03-11 17:43:53
abe00f,SWA807,United States,38.749,-75.9722,9479.28,232.88,35.83,False,2026-03-11 17:43:53
a9ec8e,N739AV,United States,27.1895,-80.2539,60.96,32.05,108.73,False,2026-03-11 17:43:53
a72840,N560PS,United States,36.1173,-86.6782,,0.0,188.44,True,2026-03-11 17:43:53
ac136d,SWA744,United States,42.3286,-96.0291,10363.2,191.75,263.07,False,2026-03-11 17:43:53
addcc5,N9922X,United States,33.9998,-117.2025,914.4,68.19,275.19,False,2026-03-11 17:43:53
ab40f0,AAL2819,United States,42.496,-86.9627,3627.12,155.77,249.71,False,2026-03-11 17:43:53
a4c85b,N407TR,United States,38.8568,-77.0406,,7.2,323.44,True,2026-03-11 17:43:53
aad386,N797RJ,United States,32.8089,-117.1246,144.78,33.38,294.59,False,2026-03-11 17:43:53
ac0048,SWA3688,United States,33.9128,-88.9709,11887.2,269.66,39.58,False,2026-03-11 17:43:53
aa8f3b,N78LV,United States,27.5497,-80.898,2819.4,134.99,149.04,False,2026-03-11 17:43:53
ad201e,DAL2908,United States,39.3651,-91.8011,9845.04,202.78,298.32,False,2026-03-11 17:43:53
ab40f7,AAY504,United States,33.4893,-81.4402,10363.2,240.2,173.61,False,2026-03-11 17:43:53
ac0c8b,SWA3744,United States,33.5755,-112.1829,3116.58,139.49,14.09,False,2026-03-11 17:43:53
ab904f,N844SK,United States,30.3296,-81.47,2522.22,80.24,167.03,False,2026-03-11 17:43:53
ae03c4,SCORE67,United States,38.3219,-74.8116,4000.5,138.02,209.72,False,2026-03-11 17:43:53
abec6c,SWA3517,United States,39.7757,-86.7791,11277.6,278.97,82.8,False,2026-03-11 17:43:53
a72833,KPO560,United States,27.4346,-81.6864,4777.74,177.45,156.78,False,2026-03-11 17:43:53
a0475b,N117MV,United States,39.8316,-73.6982,4869.18,125.94,229.8,False,2026-03-11 17:43:53
a5bb17,AAL2740,United States,28.277,-87.2585,10370.82,216.29,295.65,False,2026-03-11 17:43:53
acc3f7,EDV4981,United States,44.8664,-92.4299,3063.24,139.72,273.8,False,2026-03-11 17:43:53
c01dac,FLE1691,Canada,33.4077,-82.1249,11277.6,233.29,2.65,False,2026-03-11 17:43:53
ab9074,N844TX,United States,32.9328,-96.4358,190.5,27.57,171.42,False,2026-03-11 17:43:53
a0d29f,FDL52,United States,40.7451,-73.4297,342.9,57.8,355.41,False,2026-03-11 17:43:53
abf375,SWA693,United States,39.6165,-103.8574,6385.56,230.59,117.94,False,2026-03-11 17:43:53
aa3fc2,FXC22,United States,40.2965,-73.9838,289.56,66.52,176.01,False,2026-03-11 17:43:53
ae03ce,SCORE60,United States,30.7532,-88.5344,4290.06,128.71,245.69,False,2026-03-11 17:43:53
ad93f0,EJA974,United States,34.6927,-86.5704,13106.4,180.15,207.0,False,2026-03-11 17:43:53
a0472e,N117L,United States,40.8373,-112.7917,1584.96,54.94,276.99,False,2026-03-11 17:43:53
44ccd8,BEL1CP,Belgium,46.9782,-68.1484,9753.6,213.96,206.26,False,2026-03-11 17:43:53
a6a5a6,N52720,United States,36.9899,-76.65,1066.8,29.01,217.07,False,2026-03-11 17:43:53
a9ec7f,ENY3838,United States,42.6552,-86.221,6286.5,168.19,255.84,False,2026-03-11 17:43:53
c01294,CFHAX,Canada,49.0775,-123.3853,426.72,50.05,167.54,False,2026-03-11 17:43:53
781ed4,CKK231,China,47.4635,-122.3078,,3.09,225.0,True,2026-03-11 17:43:53
781ed3,CKK227,China,43.4215,-93.9401,10058.4,276.93,97.26,False,2026-03-11 17:43:53
aa8ea1,N78ER,United States,38.9365,-76.7545,274.32,46.04,346.43,False,2026-03-11 17:43:53
a9f2d5,ASI53,United States,33.28,-111.7841,571.5,41.78,128.0,False,2026-03-11 17:43:53
a1675e,N19RW,United States,33.8913,-84.2938,312.42,39.56,200.56,False,2026-03-11 17:43:53
a37a02,FFT2317,United States,34.7522,-87.7604,11582.4,218.44,326.24,False,2026-03-11 17:43:53
a19ab1,AAY2272,United States,40.1178,-88.4041,10066.02,279.7,74.53,False,2026-03-11 17:43:53
ac5a94,SWA157,United States,37.6537,-104.2993,11887.2,253.84,82.31,False,2026-03-11 17:43:53
a0478e,N117PW,United States,31.8344,-80.9726,8534.4,133.7,192.22,False,2026-03-11 17:43:53
a41722,UAL699,United States,28.8439,-89.293,10972.8,200.28,283.22,False,2026-03-11 17:43:53
aadf08,N8VB,United States,38.4758,-100.9335,11887.2,288.05,79.19,False,2026-03-11 17:43:53
a1fdb4,N2272V,United States,27.2131,-80.4384,487.68,43.52,83.21,False,2026-03-11 17:43:53
a0ddda,N155ME,United States,33.0,-98.6932,10241.28,230.25,285.15,False,2026-03-11 17:43:53
a08de0,N135BC,United States,36.7087,-106.268,7924.8,198.1,290.36,False,2026-03-11 17:43:53
a28749,JSX655,United States,37.2017,-120.776,8961.12,229.68,112.66,False,2026-03-11 17:43:53
a3ca04,N343SA,United States,27.4813,-82.6548,541.02,45.51,137.29,False,2026-03-11 17:43:53
a4ada2,N400LG,United States,34.8907,-107.4099,11864.34,222.9,72.4,False,2026-03-11 17:43:53
acb17b,N917JG,United States,34.0735,-117.5176,4320.54,122.26,316.36,False,2026-03-11 17:43:53
a081a8,N13129,United States,28.0665,-82.0787,381.0,49.43,182.39,False,2026-03-11 17:43:53
a82298,NKS3066,United States,41.9254,-83.2281,4312.92,154.92,320.39,False,2026-03-11 17:43:53
ab79ca,AAL167,United States,47.6461,-79.8069,8313.42,236.74,329.87,False,2026-03-11 17:43:53
a3f756,N35491,United States,36.0323,-86.5186,274.32,30.46,184.84,False,2026-03-11 17:43:53
a4b4a6,GLF68,United States,31.3588,-79.3285,13395.96,217.53,22.38,False,2026-03-11 17:43:53
a1b725,N20997,United States,35.009,-80.5079,647.7,28.53,244.36,False,2026-03-11 17:43:53
a9f2c6,CKS813,United States,35.6273,-108.6962,10058.4,278.39,152.96,False,2026-03-11 17:43:53
a094e2,FFL503,United States,35.07,-117.2533,6652.26,173.9,30.59,False,2026-03-11 17:43:53
a0e4b2,FDX864,United States,36.4713,-95.031,11277.6,255.54,106.61,False,2026-03-11 17:43:53
aae612,N801FA,United States,41.2037,-112.266,1859.28,38.24,312.27,False,2026-03-11 17:43:53
ac7fa8,N904SR,United States,29.7267,-98.1587,937.26,100.89,101.77,False,2026-03-11 17:43:53
a094e3,N13672,United States,41.697,-69.9785,68.58,25.85,222.58,False,2026-03-11 17:43:53
a2b10b,UAL1111,United States,36.9214,-125.3373,10363.2,223.21,250.9,False,2026-03-11 17:43:53
a2b10f,UAL785,United States,35.1896,-115.9491,10812.78,222.29,225.84,False,2026-03-11 17:43:53
ab79db,CXK1020,United States,39.2492,-104.4883,3215.64,61.39,94.33,False,2026-03-11 17:43:53
ac7faf,SCX342,United States,29.8044,-83.357,10363.2,219.62,327.24,False,2026-03-11 17:43:53
a9b85b,,United States,43.6788,-79.6101,,0.77,270.0,True,2026-03-11 17:43:53
ada908,N98CL,United States,39.0089,-77.4326,396.24,51.41,256.1,False,2026-03-11 17:43:53
ac1f1a,N880P,United States,34.8391,-115.309,9776.46,194.42,15.03,False,2026-03-11 17:43:53
ac3945,EJA887,United States,27.7234,-80.3155,2095.5,136.04,158.48,False,2026-03-11 17:43:53
a2d76a,SWA3258,United States,39.2143,-94.7288,678.18,59.15,13.07,False,2026-03-11 17:43:53
ab1971,AAL2564,United States,31.3604,-82.1457,10363.2,228.34,192.09,False,2026-03-11 17:43:53
aaf960,AAL2384,United States,36.08,-115.1357,,0.0,42.19,True,2026-03-11 17:43:53
a7289d,N560TK,United States,34.6539,-91.4661,13716.0,225.93,116.21,False,2026-03-11 17:43:53
a82e6b,N626VJ,United States,40.4572,-104.7745,2034.54,103.02,219.73,False,2026-03-11 17:43:53
ab1978,AAY487,United States,40.3535,-73.3627,11277.6,230.54,35.46,False,2026-03-11 17:43:53
c06be3,WJA2962,Canada,25.8525,-84.8629,10972.8,231.11,217.58,False,2026-03-11 17:43:53
ab1979,DAL837,United States,35.2235,-102.7486,9753.6,229.29,266.78,False,2026-03-11 17:43:53
a57290,ERU450,United States,29.47,-81.3372,541.02,57.82,23.6,False,2026-03-11 17:43:53
a83569,QXE2088,United States,37.4069,-120.0132,10972.8,206.78,340.98,False,2026-03-11 17:43:53
abb6a8,ERU854,United States,29.3369,-81.2029,845.82,55.24,85.19,False,2026-03-11 17:43:53
c0256e,WEN3661,Canada,51.3521,-118.9254,7315.2,104.53,249.25,False,2026-03-11 17:43:53
a1b793,N21EF,United States,38.3149,-75.1257,,3.34,2.81,True,2026-03-11 17:43:53
a25a53,N2503V,United States,36.5809,-78.5261,975.36,47.63,332.33,False,2026-03-11 17:43:53
ac0c24,SWA2530,United States,33.9493,-118.3999,,0.0,81.56,True,2026-03-11 17:43:53
ad2c03,N948MR,United States,35.7849,-96.0445,1409.7,69.25,13.31,False,2026-03-11 17:43:53
ada935,N98EF,United States,29.0975,-89.8281,14325.6,217.84,287.88,False,2026-03-11 17:43:53
a38d48,AAY3082,United States,37.5135,-89.0855,8648.7,236.23,143.06,False,2026-03-11 17:43:53
a3941d,N33GS,United States,26.7418,-81.2591,762.0,44.78,91.97,False,2026-03-11 17:43:53
a5729c,JRT50,United States,39.2961,-85.8193,3863.34,156.51,335.12,False,2026-03-11 17:43:53
ac1301,SWA3615,United States,36.1961,-114.8619,5143.5,192.92,90.0,False,2026-03-11 17:43:53
ac86af,AAL2925,United States,40.7752,-73.8743,,0.51,56.25,True,2026-03-11 17:43:53
a15460,N185MP,United States,36.4845,-114.898,1127.76,67.1,54.36,False,2026-03-11 17:43:53
a94214,N696MA,United States,40.1127,-111.6549,1478.28,42.57,133.53,False,2026-03-11 17:43:53
a96877,JIA5323,United States,38.8554,-77.0409,,0.45,78.75,True,2026-03-11 17:43:53
a33de3,N308JS,United States,33.735,-112.0019,1005.84,52.45,21.28,False,2026-03-11 17:43:53
a95549,N700HM,United States,32.1357,-83.7446,9144.0,242.3,295.53,False,2026-03-11 17:43:53
a41743,UAL1978,United States,38.7879,-96.3381,9448.8,255.73,98.21,False,2026-03-11 17:43:53
ac1f61,RPA5602,United States,37.927,-89.7428,9144.0,202.02,276.73,False,2026-03-11 17:43:53
a6e258,UAL2246,United States,26.8215,-84.2294,10972.8,215.5,290.25,False,2026-03-11 17:43:53
a6e257,N54240,United States,40.2352,-111.6495,4297.68,99.82,88.82,False,2026-03-11 17:43:53
abff3c,RGY872,United States,33.002,-110.6876,12192.0,202.64,284.71,False,2026-03-11 17:43:53
abf308,SWA1895,United States,38.8749,-75.9231,4579.62,205.63,75.51,False,2026-03-11 17:43:53
a6ee8e,DAL594,United States,33.6173,-102.4629,10050.78,252.69,145.95,False,2026-03-11 17:43:53
a38d36,DAL2566,United States,41.5591,-82.2176,6408.42,175.3,293.71,False,2026-03-11 17:43:53
a0ddfb,AAL2357,United States,38.8849,-104.2803,7170.42,250.79,165.99,False,2026-03-11 17:43:53
ae5f15,KING70,United States,40.5741,-72.8731,586.74,126.38,38.22,False,2026-03-11 17:43:53
ae5f12,RCH212,United States,42.7511,-99.3899,8534.4,125.85,295.94,False,2026-03-11 17:43:53
ae5f13,ROPER61,United States,35.36,-97.3821,624.84,52.48,359.44,False,2026-03-11 17:43:53
a14d7a,N183T,United States,41.575,-94.4552,10759.44,305.28,15.44,False,2026-03-11 17:43:53
a8deda,UAL963,United States,45.8069,-71.1598,9753.6,213.63,214.8,False,2026-03-11 17:43:53
a70dda,N55367,United States,35.8493,-119.3513,2468.88,78.36,330.07,False,2026-03-11 17:43:53
ac24c5,,United States,45.5947,-122.6203,,19.03,120.94,True,2026-03-11 17:43:53
c07ee0,WJA1021,Canada,49.3979,-115.8167,11582.4,231.76,29.52,False,2026-03-11 17:43:53
a87d2f,VN1,United States,29.3714,-85.8536,5562.6,183.68,270.96,False,2026-03-11 17:43:53
a7c748,CYO600,United States,42.3952,-87.3119,4892.04,166.79,355.05,False,2026-03-11 17:43:53
ac1dd4,N880,United States,34.2631,-118.4158,,3.86,45.0,True,2026-03-11 17:43:53
aa7abe,UAL1803,United States,41.9109,-88.8839,6690.36,175.08,267.47,False,2026-03-11 17:43:53
a5e7ec,N48TC,United States,38.2726,-104.4446,9166.86,184.01,202.69,False,2026-03-11 17:43:53
a0a9b2,UCA4225,United States,27.9684,-96.6763,6096.0,190.27,217.86,False,2026-03-11 17:43:53
c085af,CGYQG,Canada,42.5345,-83.3517,1028.7,106.82,69.12,False,2026-03-11 17:43:53
ac1ddc,N880AG,United States,30.4867,-81.731,152.4,54.19,70.02,False,2026-03-11 17:43:53
a23914,SKW4119,United States,33.4329,-112.0055,,0.0,90.0,True,2026-03-11 17:43:53
a15fa4,AAY951,United States,35.981,-90.0522,11597.64,200.28,298.54,False,2026-03-11 17:43:53
a2bd98,N276JK,United States,28.2649,-80.7072,1912.62,90.13,341.36,False,2026-03-11 17:43:53
aa7ac8,SWA3473,United States,33.4783,-112.9365,7848.6,202.94,282.59,False,2026-03-11 17:43:53
a691ad,N522PM,United States,39.7174,-103.7574,2636.52,107.53,126.05,False,2026-03-11 17:43:53
a2b154,UAL1383,United States,32.1769,-108.3194,9144.0,216.0,276.7,False,2026-03-11 17:43:53
a50a66,N4239Q,United States,36.2034,-76.2958,594.36,46.56,225.0,False,2026-03-11 17:43:53
a2b151,UAL2295,United States,33.0641,-77.7665,10972.8,240.62,196.27,False,2026-03-11 17:43:53
ab04f3,SCX575,United States,36.0257,-90.2717,11277.6,191.09,191.49,False,2026-03-11 17:43:53
abfdd1,AAL295,United States,33.9872,-117.9276,11574.78,227.1,262.84,False,2026-03-11 17:43:53
c085c1,CGYQY,Canada,40.3764,-72.399,8229.6,153.23,62.83,False,2026-03-11 17:43:53
c00b20,CFEFN,Canada,53.6706,-114.3394,1684.02,45.86,3.22,False,2026-03-11 17:43:53
a08f33,EJA135,United States,37.4075,-103.9778,13723.62,218.57,296.26,False,2026-03-11 17:43:53
a2b12d,UAL1072,United States,40.8784,-73.7113,1752.6,156.92,4.7,False,2026-03-11 17:43:53
aacad4,CKS253,United States,40.8266,-74.0703,5448.3,167.94,160.12,False,2026-03-11 17:43:53
ae1754,POST61,United States,36.5213,-97.5496,2842.26,129.07,259.9,False,2026-03-11 17:43:53
a82df6,EJA626,United States,41.4538,-93.6151,13106.4,182.25,237.57,False,2026-03-11 17:43:53
ab678e,DAL361,United States,38.8426,-114.5039,11582.4,200.65,253.01,False,2026-03-11 17:43:53
a41795,N363BL,United States,36.2639,-76.1937,251.46,36.22,281.47,False,2026-03-11 17:43:53
abb775,,United States,48.1219,-66.4326,12192.0,206.48,218.53,False,2026-03-11 17:43:53
a27499,N2575U,United States,35.7298,-81.0244,1051.56,51.1,106.98,False,2026-03-11 17:43:53
a2b136,UAL2446,United States,40.3867,-101.4008,10058.4,275.25,79.45,False,2026-03-11 17:43:53
a2b134,UAL794,United States,37.9142,-109.9047,9753.6,198.19,277.46,False,2026-03-11 17:43:53
ac8777,SWA1995,United States,35.6445,-90.883,11887.2,197.94,173.13,False,2026-03-11 17:43:53
a3813b,DAL648,United States,35.9616,-90.2199,10058.4,192.93,219.59,False,2026-03-11 17:43:53
ac6118,UAL1317,United States,40.8838,-90.4253,8168.64,271.62,66.45,False,2026-03-11 17:43:53
a3813a,ENY3393,United States,32.6656,-97.8945,6941.82,201.49,264.73,False,2026-03-11 17:43:53
ac876b,N906WA,United States,25.9991,-80.3689,579.12,41.17,88.57,False,2026-03-11 17:43:53
ab3a4f,N822WT,United States,34.2912,-118.8194,1066.8,81.87,279.4,False,2026-03-11 17:43:53
a2615d,CXK368,United States,32.8032,-97.3579,259.08,40.09,351.14,False,2026-03-11 17:43:53
a38130,ERH325,United States,30.3816,-88.0697,327.66,52.48,178.88,False,2026-03-11 17:43:53
c0253f,CFOCS,Canada,29.2378,-81.2116,2065.02,132.33,177.55,False,2026-03-11 17:43:53
a6ede5,UAL660,United States,37.3411,-107.3068,10355.58,210.42,246.82,False,2026-03-11 17:43:53
a50a88,AAL2408,United States,37.8787,-89.0031,10363.2,196.94,258.4,False,2026-03-11 17:43:53
a211ef,SWA1933,United States,32.7304,-117.1904,,1.54,16.88,True,2026-03-11 17:43:53
a331d0,N3049Q,United States,32.268,-106.9534,1531.62,53.92,150.26,False,2026-03-11 17:43:53
a3812f,N325DA,United States,38.6304,-109.2241,13716.0,232.02,241.67,False,2026-03-11 17:43:53
c07eef,WJA1181,Canada,27.7307,-81.9902,7962.9,220.32,342.75,False,2026-03-11 17:43:53
addd11,N99243,United States,29.924,-97.9231,556.26,58.09,112.93,False,2026-03-11 17:43:53
c07eee,WJA1020,Canada,37.6861,-113.4925,10972.8,222.3,201.88,False,2026-03-11 17:43:53
a8e729,N673DA,United States,33.1806,-83.0118,1066.8,66.58,134.06,False,2026-03-11 17:43:53
ab4151,SKW3838,United States,42.6537,-94.5652,7315.2,190.45,200.39,False,2026-03-11 17:43:53
a5bae9,N4689C,United States,39.6823,-104.0498,2499.36,72.29,106.11,False,2026-03-11 17:43:53
c085e0,WJA2790,Canada,30.6235,-81.8693,10972.8,227.36,207.78,False,2026-03-11 17:43:53
abb76d,AAL1622,United States,37.2282,-88.7518,11132.82,228.75,144.06,False,2026-03-11 17:43:53
a4ea77,AAL1418,United States,31.7582,-106.0483,10058.4,244.22,106.14,False,2026-03-11 17:43:53
a451a7,N378BL,United States,35.353,-78.2482,609.6,54.62,330.05,False,2026-03-11 17:43:53
ac11d2,N877RD,United States,38.5189,-121.9908,1828.8,74.4,234.0,False,2026-03-11 17:43:53
a51d46,N429CF,United States,32.6933,-96.8356,449.58,63.32,196.52,False,2026-03-11 17:43:53
acb10a,DAL1945,United States,30.7064,-91.7502,10363.2,200.9,244.68,False,2026-03-11 17:43:53
c01e13,FLE1888,Canada,33.9468,-118.4231,,7.2,81.56,True,2026-03-11 17:43:53
ac5a4a,SWA839,United States,37.7113,-122.213,,0.0,56.25,True,2026-03-11 17:43:53
ae77ee,G21274,United States,35.7102,-79.4321,495.3,72.29,85.1,False,2026-03-11 17:43:53
a0cc06,AAL2954,United States,38.0725,-90.0039,8846.82,262.47,93.93,False,2026-03-11 17:43:53
407992,BAW7NY,United Kingdom,43.8355,-70.2822,11582.4,239.66,204.47,False,2026-03-11 17:43:53
a727c3,N560JS,United States,31.1475,-97.2321,5326.38,144.3,198.5,False,2026-03-11 17:43:53
a3ca22,TRF543,United States,32.9894,-96.8281,502.92,44.45,106.13,False,2026-03-11 17:43:53
a02cc9,N110G,United States,32.891,-97.346,2141.22,106.13,183.06,False,2026-03-11 17:43:53
a08f62,N135SP,United States,31.4199,-81.4837,3482.34,128.61,110.61,False,2026-03-11 17:43:53
a3d112,CRE345,United States,42.5686,-85.1882,12496.8,180.67,284.51,False,2026-03-11 17:43:53
a3ca1a,AAL1101,United States,34.4868,-87.5474,10363.2,224.15,326.42,False,2026-03-11 17:43:53
a5cdae,EJA473,United States,44.7905,-69.1209,1562.1,140.38,6.73,False,2026-03-11 17:43:53
a967a5,IFG705,United States,27.7757,-80.7376,1447.8,34.39,34.64,False,2026-03-11 17:43:53
a033ae,AAL255,United States,37.4969,-97.7654,9144.0,201.39,258.06,False,2026-03-11 17:43:53
acaa1c,JSX500,United States,27.2311,-79.6133,6621.78,207.83,195.65,False,2026-03-11 17:43:53
aba45b,N8495M,United States,39.1875,-121.3635,3139.44,72.92,327.09,False,2026-03-11 17:43:53
a3d10f,DAL556,United States,36.7794,-92.8137,10355.58,183.19,257.02,False,2026-03-11 17:43:53
a2b17a,UAL2664,United States,38.3514,-119.4175,10058.4,263.13,78.38,False,2026-03-11 17:43:53
a08f76,N135TJ,United States,39.7369,-75.0648,121.92,4.74,220.6,False,2026-03-11 17:43:53
a584bc,AAL2743,United States,32.9849,-98.0999,7581.9,202.63,284.11,False,2026-03-11 17:43:53
ae77f7,R21283,United States,39.742,-74.4603,1219.2,41.24,213.29,False,2026-03-11 17:43:53
a53774,UAL1003,United States,39.8587,-104.6832,,0.0,270.0,True,2026-03-11 17:43:53
a046f2,RPA4684,United States,38.0698,-85.3608,9448.8,267.97,101.18,False,2026-03-11 17:43:53
a9427a,N696RC,United States,37.4944,-120.734,632.46,44.09,304.06,False,2026-03-11 17:43:53
a059e3,UAL1458,United States,38.1531,-102.8903,10363.2,202.72,277.14,False,2026-03-11 17:43:53
acb12f,JTL917,United States,36.2682,-113.6212,10119.36,253.62,81.84,False,2026-03-11 17:43:53
a5d4b5,N475LP,United States,33.4084,-112.3093,982.98,45.05,186.56,False,2026-03-11 17:43:53
a49a82,EJA396,United States,25.8063,-80.2018,1371.6,130.05,78.82,False,2026-03-11 17:43:53
a4fd3d,N420SP,United States,33.2457,-97.2114,723.9,39.06,319.81,False,2026-03-11 17:43:53
a63d42,AAL1530,United States,33.5884,-99.3538,9144.0,233.54,297.41,False,2026-03-11 17:43:53
a10614,AAL1396,United States,33.0417,-97.0262,1440.18,128.13,1.38,False,2026-03-11 17:43:53
ac5a73,SWA2797,United States,39.864,-104.6731,,3.6,180.0,True,2026-03-11 17:43:53
a10611,UPS2993,United States,38.1915,-85.7503,243.84,72.12,165.96,False,2026-03-11 17:43:53
ad8155,N97AJ,United States,33.5984,-85.9026,853.44,103.32,62.41,False,2026-03-11 17:43:53
a3f792,,United States,39.154,-96.4994,1432.56,77.15,83.49,False,2026-03-11 17:43:53
a0f926,N162AK,United States,25.8456,-80.1157,83.82,63.82,178.15,False,2026-03-11 17:43:53
a3f796,N355CD,United States,32.6186,-86.2377,11887.2,235.98,141.91,False,2026-03-11 17:43:53
a82da3,N626MJ,United States,33.3571,-112.6508,1935.48,37.97,305.63,False,2026-03-11 17:43:53
a2b176,UAL2401,United States,41.9674,-87.9016,,10.8,90.0,True,2026-03-11 17:43:53
a0f92e,N162AT,United States,36.2335,-76.1735,594.36,68.85,83.57,False,2026-03-11 17:43:53
a02cb4,N110FD,United States,32.6044,-82.6075,4046.22,162.05,175.45,False,2026-03-11 17:43:53
a4b4cc,JTL402,United States,41.8255,-78.136,11605.26,268.78,100.92,False,2026-03-11 17:43:53
a56acc,NWX448,United States,32.6176,-97.5924,1021.08,46.07,330.57,False,2026-03-11 17:43:53
a0e600,UPS2895,United States,38.0797,-89.4944,10050.78,265.92,97.89,False,2026-03-11 17:43:53
c01e1a,FLE2811,Canada,36.287,-99.8127,11582.4,213.6,316.46,False,2026-03-11 17:43:53
a6a739,LXJ528,United States,28.3779,-81.105,12047.22,215.75,342.52,False,2026-03-11 17:43:53
a1c9a7,N214PD,United States,37.2096,-76.9607,1661.16,59.82,139.18,False,2026-03-11 17:43:53
a0e607,AAL2998,United States,40.3644,-89.7887,9121.14,294.5,33.38,False,2026-03-11 17:43:53
ae5deb,C2012,United States,36.5176,-76.5476,1120.14,98.83,336.37,False,2026-03-11 17:43:53
c010ec,ACA1212,Canada,43.7629,-79.4446,1722.12,122.05,129.53,False,2026-03-11 17:43:53
a8d489,UAL1606,United States,42.9259,-86.8693,7368.54,261.65,87.18,False,2026-03-11 17:43:53
a5e90d,N480ER,United States,32.9352,-80.1009,426.72,53.11,98.91,False,2026-03-11 17:43:53
aa9600,UAL1158,United States,33.9397,-118.3914,,8.75,84.38,True,2026-03-11 17:43:53
a19c57,TWY553,United States,31.8086,-106.224,13716.0,238.71,98.43,False,2026-03-11 17:43:53
abeb7c,SWA668,United States,36.6338,-112.0074,11277.6,251.94,73.27,False,2026-03-11 17:43:53
a9da3f,N734DN,United States,32.8353,-117.2273,822.96,41.32,288.89,False,2026-03-11 17:43:53
a2396e,SWA3414,United States,37.6003,-104.1348,10668.0,251.89,85.31,False,2026-03-11 17:43:53
a19002,N20DN,United States,28.3775,-81.8495,701.04,24.44,120.34,False,2026-03-11 17:43:53
a1ff69,ASA953,United States,37.2562,-121.9577,3497.58,178.81,275.45,False,2026-03-11 17:43:53
a8d47d,N6681S,United States,30.4829,-85.7511,1767.84,98.8,354.02,False,2026-03-11 17:43:53
a5cf19,UAL2653,United States,38.8895,-84.0825,12496.8,253.85,115.06,False,2026-03-11 17:43:53
a20008,N228PK,United States,36.6825,-100.8654,13106.4,206.77,247.01,False,2026-03-11 17:43:53
a22669,MXY523,United States,28.4366,-81.1707,2506.98,152.35,345.73,False,2026-03-11 17:43:53
a3dca4,N348SP,United States,43.6413,-116.6348,723.9,29.47,134.29,False,2026-03-11 17:43:53
c06050,CGKMH,Canada,51.4947,-112.745,1287.78,63.47,109.9,False,2026-03-11 17:43:53
a0df80,VTE3347,United States,36.0985,-111.2824,9753.6,228.3,205.06,False,2026-03-11 17:43:53
c010f6,ACA132,Canada,43.6791,-79.6181,,0.26,75.94,True,2026-03-11 17:43:53
c0737c,WJA2179,Canada,42.1514,-78.4437,9951.72,235.25,344.66,False,2026-03-11 17:43:53
a549da,N44SF,United States,41.0014,-98.7238,13716.0,296.78,93.18,False,2026-03-11 17:43:53
a1a3a9,JBU1328,United States,40.5149,-73.6469,2225.04,154.57,100.94,False,2026-03-11 17:43:53
a2d6a2,ENY3644,United States,41.2832,-81.822,2484.12,170.95,115.87,False,2026-03-11 17:43:53
a5cf28,N4734E,United States,28.4257,-80.9821,91.44,55.6,92.12,False,2026-03-11 17:43:53
ad3293,PWA95,United States,41.9521,-87.7659,5935.98,180.84,201.53,False,2026-03-11 17:43:53
a3460e,N31SF,United States,26.928,-81.3025,9144.0,144.66,311.68,False,2026-03-11 17:43:53
ad3292,N95CT,United States,42.8691,-87.2211,5730.24,195.35,115.76,False,2026-03-11 17:43:53
a93adb,N694PD,United States,28.9878,-82.8373,12192.0,239.69,324.43,False,2026-03-11 17:43:53
a7d9a3,N6048Z,United States,32.6808,-97.0467,220.98,32.41,0.91,False,2026-03-11 17:43:53
a57f42,SWA1787,United States,34.3005,-116.5526,12192.0,204.03,285.05,False,2026-03-11 17:43:53
a3a977,N335MB,United States,43.2502,-117.1018,4130.04,138.27,40.62,False,2026-03-11 17:43:53
aa59a5,AAL2651,United States,34.17,-109.8009,10668.0,242.53,69.64,False,2026-03-11 17:43:53
a2d6a9,AAY3171,United States,28.7278,-82.3456,8679.18,234.49,324.92,False,2026-03-11 17:43:53
a4791d,N388BB,United States,31.3022,-102.2447,12192.0,226.42,278.76,False,2026-03-11 17:43:53
a6b9c1,VOI7932,United States,30.9856,-113.1445,9745.98,204.26,309.58,False,2026-03-11 17:43:53
a87196,NKS3508,United States,28.4343,-81.3154,,0.06,160.31,True,2026-03-11 17:43:53
a033d2,MXY340,United States,35.3603,-80.8992,10058.4,249.44,13.23,False,2026-03-11 17:43:53
a51cb3,N4287Q,United States,39.895,-74.1377,861.06,18.78,189.46,False,2026-03-11 17:43:53
abf29f,SWA146,United States,38.728,-90.3181,320.04,67.08,302.47,False,2026-03-11 17:43:53
a39fb7,UAL397,United States,44.4554,-95.1848,8816.34,254.87,66.7,False,2026-03-11 17:43:53
a70f11,JBU154,United States,36.2337,-76.9279,11269.98,235.39,21.41,False,2026-03-11 17:43:53
a02cf1,RPA4662,United States,25.1696,-81.6638,4236.72,169.69,202.83,False,2026-03-11 17:43:53
a99d8d,XSR719,United States,29.6333,-81.5755,13716.0,233.7,4.29,False,2026-03-11 17:43:53
a22642,ASA1450,United States,46.6968,-120.7102,7924.8,142.87,299.8,False,2026-03-11 17:43:53
aa2184,AAL193,United States,36.8941,-76.2293,11582.4,228.18,272.84,False,2026-03-11 17:43:53
a2cfa2,SKW4070,United States,40.6368,-120.3022,9448.8,244.7,166.75,False,2026-03-11 17:43:53
c06080,ACA169,Canada,45.9032,-82.1316,9753.6,217.61,316.53,False,2026-03-11 17:43:53
a56c30,N449BL,United States,35.6307,-78.343,556.26,45.1,200.71,False,2026-03-11 17:43:53
a5cf1b,UAL1064,United States,38.1664,-77.1279,9860.28,239.07,43.52,False,2026-03-11 17:43:53
a02ceb,N110HJ,United States,30.9238,-83.3003,784.86,72.75,169.41,False,2026-03-11 17:43:53
a81ae1,N621KM,United States,36.2694,-87.8025,7940.04,176.0,305.36,False,2026-03-11 17:43:53
a88467,,United States,45.5934,-122.6122,,8.23,298.12,True,2026-03-11 17:43:53
a0d374,AAL1177,United States,37.3777,-83.2264,10066.02,264.76,75.83,False,2026-03-11 17:43:53
ab17ba,VWA109,United States,33.4347,-111.672,914.4,51.17,285.15,False,2026-03-11 17:43:53
a1903c,AMF9410,United States,43.8056,-122.9412,3855.72,110.24,182.94,False,2026-03-11 17:43:53
a821bf,N623DT,United States,44.7215,-64.2492,7139.94,118.35,257.96,False,2026-03-11 17:43:53
a81ae6,N621KS,United States,36.9793,-120.9054,8839.2,177.17,135.82,False,2026-03-11 17:43:53
a8e770,LXJ673,United States,31.864,-100.7997,11468.1,265.31,131.54,False,2026-03-11 17:43:53
a9b7f6,AAL3263,United States,25.4322,-79.7916,4450.08,189.28,305.37,False,2026-03-11 17:43:53
a403c6,DAL839,United States,32.6233,-85.9261,8115.3,272.96,55.83,False,2026-03-11 17:43:53
a47991,XFL636,United States,37.8345,-75.5511,14325.6,245.99,21.47,False,2026-03-11 17:43:53
a834f0,N628LA,United States,32.9692,-111.4212,685.8,51.37,240.61,False,2026-03-11 17:43:53
a82dfb,QXE2112,United States,37.5765,-122.277,304.8,90.24,298.61,False,2026-03-11 17:43:53
a40ffc,N36094,United States,33.7271,-84.7382,670.56,35.48,253.14,False,2026-03-11 17:43:53
a5d4fb,N475PJ,United States,33.9078,-97.4486,5989.32,175.52,181.85,False,2026-03-11 17:43:53
a2cffc,SWA1919,United States,32.4018,-96.9056,1501.14,146.62,90.4,False,2026-03-11 17:43:53
a2cffd,GLF21,United States,42.3611,-107.6961,11582.4,188.44,314.56,False,2026-03-11 17:43:53
a86a2b,JIA5370,United States,39.106,-75.6735,3627.12,198.92,5.34,False,2026-03-11 17:43:53
a7faad,JBU1144,United States,42.8741,-71.8201,1524.0,141.81,86.05,False,2026-03-11 17:43:53
a6449b,N5026U,United States,25.8288,-100.8696,2453.64,73.78,175.6,False,2026-03-11 17:43:53
a9ed53,JRE739,United States,31.2084,-87.0413,13716.0,227.08,116.51,False,2026-03-11 17:43:53
a1ff90,RPA5674,United States,41.0019,-79.3466,10363.2,205.84,231.7,False,2026-03-11 17:43:53
aa7aeb,SWA3974,United States,35.9663,-115.2641,2499.36,156.06,134.6,False,2026-03-11 17:43:53
ab17e1,N8137U,United States,32.8259,-97.3824,518.16,53.2,170.54,False,2026-03-11 17:43:53
ab540d,UAL1522,United States,39.2738,-102.3356,9768.84,271.65,99.37,False,2026-03-11 17:43:53
a81abe,JBU2462,United States,40.7863,-73.9893,1196.34,158.76,36.83,False,2026-03-11 17:43:53
a0c049,N1479E,United States,29.0623,-80.9426,-30.48,29.4,237.14,False,2026-03-11 17:43:53
a273f5,UAL2346,United States,29.0143,-96.0505,10515.6,188.11,228.77,False,2026-03-11 17:43:53
a403b3,DAL788,United States,40.7169,-91.6489,10972.8,182.3,231.42,False,2026-03-11 17:43:53
a7c772,N600CA,United States,33.7142,-98.8285,6096.0,147.11,298.63,False,2026-03-11 17:43:53
c010cb,ACA264,Canada,50.0225,-96.4593,4808.22,209.36,95.64,False,2026-03-11 17:43:53
acbd02,N92NE,United States,29.7725,-98.4776,762.0,57.95,173.88,False,2026-03-11 17:43:53
a45319,N378SF,United States,29.1233,-96.0737,6035.04,93.56,261.78,False,2026-03-11 17:43:53
a4ea9d,N416CA,United States,32.5544,-96.8683,624.84,48.97,176.39,False,2026-03-11 17:43:53
a45316,AAL1208,United States,33.5453,-99.8127,9144.0,229.06,288.19,False,2026-03-11 17:43:53
a33339,EDV5045,United States,41.0934,-79.1146,9616.44,168.89,281.24,False,2026-03-11 17:43:53
a2e9fd,SWA3463,United States,33.2676,-97.0577,1828.8,137.87,118.29,False,2026-03-11 17:43:53
a1e015,N22QQ,United States,40.8756,-111.9275,1143.0,38.07,180.0,False,2026-03-11 17:43:53
a32c3e,AAL1746,United States,31.3668,-103.6695,10668.0,244.87,109.39,False,2026-03-11 17:43:53
a7ad7c,JIA5052,United States,37.9057,-78.5845,8534.4,214.68,218.19,False,2026-03-11 17:43:53
a90799,N681GW,United States,33.8658,-84.1771,929.64,66.78,307.49,False,2026-03-11 17:43:53
a954d4,N700CV,United States,34.0525,-88.3235,7612.38,133.73,171.37,False,2026-03-11 17:43:53
c023ee,STAR11,Canada,52.1644,-106.6912,,0.0,244.69,True,2026-03-11 17:43:53
a20028,EJA228,United States,39.4845,-74.3718,1516.38,154.49,15.05,False,2026-03-11 17:43:53
a38caf,N328GS,United States,34.1073,-102.4228,9144.0,143.35,297.58,False,2026-03-11 17:43:53
a9ed33,N739HK,United States,35.1224,-106.7807,1836.42,41.16,270.72,False,2026-03-11 17:43:53
a33328,AAL2,United States,42.5701,-98.208,10050.78,269.1,74.48,False,2026-03-11 17:43:53
a1ec47,AMF2252,United States,46.4732,-122.738,2682.24,85.59,197.13,False,2026-03-11 17:43:53
a1affa,N208CN,United States,33.7718,-84.7318,716.28,51.49,272.29,False,2026-03-11 17:43:53
ac6d1e,N90D,United States,26.7046,-98.9525,2286.0,77.93,175.46,False,2026-03-11 17:43:53
a2000d,EDV5153,United States,42.9485,-87.8992,,0.0,98.44,True,2026-03-11 17:43:53
a3a93b,ENY3844,United States,27.2496,-79.2396,10363.2,223.94,291.14,False,2026-03-11 17:43:53
c06c84,CGPCL,Canada,49.9411,-119.6348,3764.28,75.19,253.3,False,2026-03-11 17:43:53
c06c82,CGPCJ,Canada,49.8701,-119.4048,1950.72,77.66,253.85,False,2026-03-11 17:43:53
a8aac8,DAL851,United States,42.7293,-101.1582,10980.42,194.87,276.97,False,2026-03-11 17:43:53
a66a84,SKW6409,United States,35.2481,-116.4486,8869.68,236.37,51.18,False,2026-03-11 17:43:53
aab273,N789FA,United States,34.4641,-119.2167,2781.3,57.18,8.28,False,2026-03-11 17:43:53
a086ce,EDV5207,United States,35.8938,-76.865,10058.4,231.45,26.68,False,2026-03-11 17:43:53
a37f12,BOE123,United States,47.4876,-122.2167,-15.24,0.0,0.0,False,2026-03-11 17:43:53
a3e917,LXJ351,United States,40.4943,-72.9915,6941.82,191.73,215.61,False,2026-03-11 17:43:53
a25f2a,N252CM,United States,39.8301,-97.9605,2232.66,94.38,99.41,False,2026-03-11 17:43:53
ab7b8c,UAL2049,United States,35.3275,-98.792,11308.08,214.67,313.83,False,2026-03-11 17:43:53
aceb61,SWA4087,United States,40.7027,-81.1549,8785.86,217.92,158.83,False,2026-03-11 17:43:53
a79158,EJA587,United States,26.6562,-80.4636,4853.94,158.76,334.27,False,2026-03-11 17:43:53
abde8c,JRE864,United States,41.4332,-83.5493,13106.4,160.32,273.68,False,2026-03-11 17:43:53
a61afb,N4928E,United States,36.2071,-115.1998,,2.06,250.31,True,2026-03-11 17:43:53
a92d6d,UAL984,United States,53.1265,-114.7463,9144.0,219.09,208.01,False,2026-03-11 17:43:53
a3e90c,TSU3810,United States,31.6187,-106.4097,3246.12,124.96,175.04,False,2026-03-11 17:43:53
ade8ff,DAL1119,United States,40.0951,-84.0142,8724.9,247.17,334.88,False,2026-03-11 17:43:53
a66a92,N512TM,United States,30.8753,-84.6952,1295.4,15.43,180.0,False,2026-03-11 17:43:53
a7a4e6,ASA549,United States,43.3801,-122.9102,11887.2,223.32,178.81,False,2026-03-11 17:43:53
a01f73,RPA4701,United States,39.4523,-85.9658,3497.58,154.74,321.07,False,2026-03-11 17:43:53
c04034,CFYID,Canada,40.8673,-95.0754,8534.4,126.35,263.45,False,2026-03-11 17:43:53
a5a15f,N462DL,United States,35.9399,-83.839,1051.56,51.7,227.42,False,2026-03-11 17:43:53
adc2a4,NKS2204,United States,41.9705,-87.9052,,4.12,78.75,True,2026-03-11 17:43:53
a91a4a,N686JA,United States,28.6837,-81.5863,304.8,54.41,319.99,False,2026-03-11 17:43:53
a874e1,JBU2181,United States,44.4154,-88.1774,9753.6,192.59,278.76,False,2026-03-11 17:43:53
a80d70,STY618,United States,42.3899,-74.939,4594.86,226.68,127.62,False,2026-03-11 17:43:53
040197,ETH501,Ethiopia,44.5661,-63.9782,10668.0,270.68,66.36,False,2026-03-11 17:43:53
ad1258,CXK330,United States,33.1249,-111.468,1584.96,47.35,342.94,False,2026-03-11 17:43:53
a42a97,LXJ368,United States,35.7007,-110.2223,13106.4,193.77,283.67,False,2026-03-11 17:43:53
ad0b5e,EDG94,United States,38.9685,-77.4508,,0.0,180.0,True,2026-03-11 17:43:53
a8011f,N6148W,United States,41.6658,-71.9354,1645.92,69.58,51.6,False,2026-03-11 17:43:53
ab8296,N84026,United States,33.3073,-81.7442,731.52,43.8,282.89,False,2026-03-11 17:43:53
adc2a7,AAL1473,United States,39.9524,-82.9818,1363.98,121.33,184.86,False,2026-03-11 17:43:53
abd26b,SWA3491,United States,37.4847,-105.5874,10660.38,257.48,81.5,False,2026-03-11 17:43:53
a8aaa5,SKW4229,United States,45.0318,-93.2658,3040.38,146.74,121.96,False,2026-03-11 17:43:53
a2791e,MXY791,United States,39.5822,-78.9069,9144.0,214.41,210.26,False,2026-03-11 17:43:53
a7da65,LXJ605,United States,38.3164,-77.4566,2781.3,157.65,15.71,False,2026-03-11 17:43:53
a51601,DAL183,United States,40.753,-73.2834,1318.26,126.93,336.34,False,2026-03-11 17:43:53
c0405a,ROU1701,Canada,42.595,-107.2083,10363.2,201.78,233.92,False,2026-03-11 17:43:53
a13f2c,N18JS,United States,34.0745,-111.2741,2796.54,81.46,62.14,False,2026-03-11 17:43:53
a01f56,N107GL,United States,29.0112,-83.3495,10668.0,255.76,168.98,False,2026-03-11 17:43:53
a92d65,N6902S,United States,33.8666,-94.6373,2407.92,60.47,248.02,False,2026-03-11 17:43:53
a491f1,DAL768,United States,37.0515,-95.441,11887.2,245.2,103.22,False,2026-03-11 17:43:53
a5a17d,ERU462,United States,29.0355,-81.305,281.94,41.18,200.47,False,2026-03-11 17:43:53
a7da55,N605FF,United States,33.1354,-117.3696,998.22,63.63,320.91,False,2026-03-11 17:43:53
a27921,N259CB,United States,33.7815,-117.5042,967.74,44.99,308.97,False,2026-03-11 17:43:53
a3117c,SWA2795,United States,35.1831,-77.7795,8823.96,221.68,218.12,False,2026-03-11 17:43:53
aceb76,EDV4901,United States,34.5427,-78.9309,9753.6,229.04,217.33,False,2026-03-11 17:43:53
c0404e,WJA2908,Canada,42.6933,-72.7581,10972.8,240.65,176.69,False,2026-03-11 17:43:53
c0404f,ROU2057,Canada,44.7933,-76.9996,8534.4,189.48,241.28,False,2026-03-11 17:43:53
a92128,N688CG,United States,25.1945,-81.3919,9433.56,230.58,345.53,False,2026-03-11 17:43:53
a38641,SKW138Y,United States,33.9466,-118.4356,213.36,77.56,261.22,False,2026-03-11 17:43:53
a1a986,ENY3771,United States,38.3566,-77.6013,6210.3,186.77,214.0,False,2026-03-11 17:43:53
a55d7b,N445D,United States,39.2687,-74.8962,1135.38,44.12,148.35,False,2026-03-11 17:43:53
c07995,TSC233,Canada,45.8664,-73.8441,11582.4,180.67,255.49,False,2026-03-11 17:43:53
a5a10a,AAL767,United States,43.4059,-115.9528,10363.2,177.39,310.29,False,2026-03-11 17:43:53
a0c3c9,N1487V,United States,34.0292,-117.1095,1097.28,58.21,326.17,False,2026-03-11 17:43:53
a2af59,EJA272,United States,36.6411,-116.8349,13060.68,186.77,317.34,False,2026-03-11 17:43:53
a060ae,AAL896,United States,29.3493,-98.5787,7010.4,223.21,19.1,False,2026-03-11 17:43:53
a32fda,NJM304,United States,41.5961,-84.9091,11285.22,148.14,156.46,False,2026-03-11 17:43:53
a00032,N1BY,United States,34.0304,-111.3276,2446.02,102.01,169.54,False,2026-03-11 17:43:53
a25f6d,N252FD,United States,28.5391,-81.4418,312.42,67.92,68.68,False,2026-03-11 17:43:53
a2a300,UAL991,United States,41.1924,-66.5157,12192.0,244.56,258.6,False,2026-03-11 17:43:53
4075b3,VIR103M,United Kingdom,48.7824,-62.6442,11582.4,204.59,227.24,False,2026-03-11 17:43:53
a3c1e6,DZR341,United States,38.7255,-114.1772,13106.4,193.85,257.59,False,2026-03-11 17:43:53
a887e0,NKS1633,United States,39.2945,-98.5314,9753.6,199.11,269.11,False,2026-03-11 17:43:53
a80d40,JBU2321,United States,27.7583,-79.681,5890.26,208.5,193.56,False,2026-03-11 17:43:53
a32ff6,AAL2264,United States,33.2467,-98.8339,9144.0,227.78,290.77,False,2026-03-11 17:43:53
a00c80,DAL952,United States,40.2338,-105.1783,5097.78,196.86,127.89,False,2026-03-11 17:43:53
c04009,CFYGM,Canada,50.4095,-97.0562,640.08,86.94,180.0,False,2026-03-11 17:43:53
a514ff,N4265Q,United States,32.6864,-96.8668,213.36,34.48,178.29,False,2026-03-11 17:43:53
a0d6fb,SKW4773,United States,39.735,-94.2474,9448.8,270.23,72.15,False,2026-03-11 17:43:53
a56485,N4469L,United States,40.6411,-112.0159,1463.04,36.53,359.19,False,2026-03-11 17:43:53
a3861f,AAL795,United States,33.6525,-111.4536,5981.7,209.3,77.36,False,2026-03-11 17:43:53
a1efe7,ASA364,United States,31.5743,-100.3335,10363.2,221.11,307.06,False,2026-03-11 17:43:53
04014e,ETH553,Ethiopia,48.1416,-67.0763,10668.0,306.49,73.42,False,2026-03-11 17:43:53
a00c7a,DAL421,United States,42.1978,-83.5177,1455.42,124.77,291.27,False,2026-03-11 17:43:53
c1e973,ES250,Canada,51.1363,-114.0041,,13.89,180.0,True,2026-03-11 17:43:53
a13f96,N18NY,United States,34.4768,-118.8254,2339.34,148.17,89.2,False,2026-03-11 17:43:53
a874a4,FFT1993,United States,39.8559,-104.6836,,4.89,255.94,True,2026-03-11 17:43:53
a2531f,N249TH,United States,39.805,-104.766,1569.72,19.1,152.74,False,2026-03-11 17:43:53
a874a6,TCF644,United States,28.0595,-80.6687,220.98,44.17,14.85,False,2026-03-11 17:43:53
a70778,GJS4585,United States,40.4365,-78.5398,3771.9,185.32,96.38,False,2026-03-11 17:43:53
a25f74,N252FL,United States,28.0491,-82.3098,190.5,59.0,222.17,False,2026-03-11 17:43:53
a887fd,PDT6092,United States,38.2443,-83.3259,10668.0,232.8,151.06,False,2026-03-11 17:43:53
a2795f,EPI259,United States,28.8625,-80.9264,708.66,53.52,1.65,False,2026-03-11 17:43:53
ac17b0,SWA4225,United States,31.1264,-88.1155,11277.6,268.16,68.5,False,2026-03-11 17:43:53
ab4733,N826AP,United States,43.6834,-79.6539,,7.72,227.81,True,2026-03-11 17:43:53
a79d78,ASA656,United States,43.2178,-122.0126,9997.44,199.82,2.66,False,2026-03-11 17:43:53
a3993e,N33079,United States,29.231,-82.3261,1676.4,37.89,131.7,False,2026-03-11 17:43:53
a6c120,AAL2150,United States,31.6966,-78.3512,9753.6,251.56,179.88,False,2026-03-11 17:43:53
a81458,N62ER,United States,37.6397,-121.4617,1866.9,64.67,242.01,False,2026-03-11 17:43:53
a1463a,AAL3149,United States,37.1264,-120.8738,4579.62,163.62,262.05,False,2026-03-11 17:43:53
a78a52,AAL2062,United States,35.5571,-101.7976,9144.0,215.88,273.14,False,2026-03-11 17:43:53
a31ca6,N3WT,United States,33.5937,-83.8213,9144.0,154.12,235.2,False,2026-03-11 17:43:53
aa6e5f,N771SS,United States,29.2418,-81.9433,9784.08,209.92,170.12,False,2026-03-11 17:43:53
a0bcb2,AAL2655,United States,42.4901,-114.1535,9144.0,182.68,302.35,False,2026-03-11 17:43:53
a216c4,EDG35,United States,42.0797,-98.9867,12489.18,301.63,123.66,False,2026-03-11 17:43:53
a0133b,N1037W,United States,35.2399,-82.3773,11582.4,158.05,322.27,False,2026-03-11 17:43:53
a00022,N1BG,United States,32.6772,-110.446,8534.4,238.06,291.69,False,2026-03-11 17:43:53
a2af26,N272NR,United States,38.6158,-121.6691,7246.62,203.98,59.04,False,2026-03-11 17:43:53
a073cc,ASI73,United States,32.9292,-112.0259,624.84,53.99,149.04,False,2026-03-11 17:43:53
a203a9,ENY3740,United States,25.9631,-97.3749,10363.2,210.42,180.7,False,2026-03-11 17:43:53
ab473a,AAL2531,United States,39.9122,-74.9418,929.64,99.44,298.42,False,2026-03-11 17:43:53
c05f94,ROU1721,Canada,37.3331,-105.8412,10347.96,212.68,233.66,False,2026-03-11 17:43:53
a68485,SKW4935,United States,40.5946,-114.3501,10363.2,211.29,349.62,False,2026-03-11 17:43:53
a5031a,AAL2346,United States,38.0873,-105.9046,10050.78,272.48,84.26,False,2026-03-11 17:43:53
a3cf6d,UAL677,United States,29.5571,-79.038,10363.2,251.19,189.19,False,2026-03-11 17:43:53
a49f87,UAL1634,United States,35.4906,-95.8668,9448.8,277.8,28.18,False,2026-03-11 17:43:53
a3b003,N337CA,United States,33.9755,-117.6684,274.32,42.19,270.7,False,2026-03-11 17:43:53
a37f8d,JBU1336,United States,42.9616,-75.5683,8229.6,257.71,98.84,False,2026-03-11 17:43:53
a2b66c,N274MA,United States,28.8532,-81.6123,556.26,47.16,263.11,False,2026-03-11 17:43:53
a43ce4,N372TB,United States,35.6021,-107.388,8229.6,171.74,83.98,False,2026-03-11 17:43:53
a43ce3,N372TA,United States,39.2213,-77.8951,472.44,44.03,239.84,False,2026-03-11 17:43:53
abe501,SWA1692,United States,37.8105,-108.9041,10363.2,198.06,262.84,False,2026-03-11 17:43:53
a2fcf2,ASA30,United States,39.8141,-118.9204,10668.0,250.33,53.27,False,2026-03-11 17:43:53
a68fe6,N5216Y,United States,36.9893,-85.1058,3048.0,71.48,319.09,False,2026-03-11 17:43:53
aa6dd8,EMD1,United States,38.0407,-96.2612,982.98,87.29,60.72,False,2026-03-11 17:43:53
ac5eb4,SWA2500,United States,41.7682,-86.2951,6918.96,248.6,91.78,False,2026-03-11 17:43:53
a52990,N43124,United States,38.6414,-121.4302,220.98,48.87,180.0,False,2026-03-11 17:43:53
a6495f,LXJ504,United States,35.0836,-110.5287,8267.7,215.56,264.38,False,2026-03-11 17:43:53
a75634,DAL336,United States,40.6348,-73.7773,,5.66,30.94,True,2026-03-11 17:43:53
c029dd,ACA1236,Canada,26.9913,-79.9585,1402.08,139.48,208.17,False,2026-03-11 17:43:53
ab3ee2,ASH3989,United States,38.2091,-91.8615,10363.2,170.64,238.56,False,2026-03-11 17:43:53
a5b3a7,AAL1057,United States,42.3593,-71.0183,,3.6,115.31,True,2026-03-11 17:43:53
a74f33,JBU1086,United States,36.9873,-80.3445,10668.0,241.51,5.87,False,2026-03-11 17:43:53
76cce3,SIA21,Singapore,46.1493,-60.047,10668.0,272.86,63.82,False,2026-03-11 17:43:53
a7e18a,,United States,27.555,-110.7451,10058.4,214.23,353.8,False,2026-03-11 17:43:53
a6496b,GJS4506,United States,38.8012,-77.5726,2514.6,126.09,239.88,False,2026-03-11 17:43:53
a3b00a,N337CH,United States,32.7597,-79.5598,5212.08,116.88,163.64,False,2026-03-11 17:43:53
a3866a,UPS2971,United States,37.7869,-87.0075,6347.46,243.32,99.12,False,2026-03-11 17:43:53
aab202,AAL785,United States,47.4375,-67.8457,10972.8,219.26,210.3,False,2026-03-11 17:43:53
a2af80,N272SF,United States,34.5506,-109.9735,12496.8,220.8,91.74,False,2026-03-11 17:43:53
a2668b,MXY779,United States,33.8904,-80.9364,10363.2,220.51,196.96,False,2026-03-11 17:43:53
a323c8,KOW301,United States,39.8037,-74.6515,8412.48,199.56,215.45,False,2026-03-11 17:43:53
aac540,TCN793,United States,26.5815,-80.6133,3901.44,183.72,11.47,False,2026-03-11 17:43:53
ac0535,WCP310,United States,27.3477,-80.4422,198.12,48.09,206.02,False,2026-03-11 17:43:53
a5299c,N4313F,United States,34.2048,-118.4885,228.6,40.34,174.14,False,2026-03-11 17:43:53
a00059,N1DM,United States,32.3693,-93.4611,13106.4,222.7,282.27,False,2026-03-11 17:43:53
c04c36,WJA671,Canada,51.9327,-108.9485,11582.4,204.89,262.64,False,2026-03-11 17:43:53
a86f44,N64217,United States,33.4695,-111.7441,670.56,47.16,230.75,False,2026-03-11 17:43:53
a1dcf2,SWA3363,United States,38.7026,-79.2776,10363.2,208.76,258.05,False,2026-03-11 17:43:53
ab2bd1,N819LM,United States,37.5435,-86.3988,8839.2,148.38,162.44,False,2026-03-11 17:43:53
abcb07,N859ZA,United States,31.0265,-81.6936,7924.8,156.99,168.47,False,2026-03-11 17:43:53
a37335,DAL1143,United States,33.1241,-113.7112,10675.62,251.1,99.79,False,2026-03-11 17:43:53
a39997,XSR331,United States,39.0051,-94.6343,739.14,84.95,16.9,False,2026-03-11 17:43:53
a5034d,N422CP,United States,41.3181,-120.4881,13708.38,253.81,170.08,False,2026-03-11 17:43:53
a4dc67,N412JS,United States,28.4776,-81.15,7620.0,136.44,339.24,False,2026-03-11 17:43:53
ab32ab,WUP820,United States,34.3046,-82.0454,3314.7,137.64,59.7,False,2026-03-11 17:43:53
ad251e,N946TC,United States,36.6058,-94.2632,3703.32,168.05,324.22,False,2026-03-11 17:43:53
a1a994,N206PB,United States,32.6622,-82.8647,2042.16,63.96,163.17,False,2026-03-11 17:43:53
a7a616,DAL2208,United States,38.5588,-104.0475,10363.2,214.73,228.79,False,2026-03-11 17:43:53
abd204,SWA175,United States,38.837,-88.8499,9075.42,265.57,91.67,False,2026-03-11 17:43:53
a959b4,EJA701,United States,33.9228,-118.5242,1211.58,143.4,261.96,False,2026-03-11 17:43:53
aba8eb,N850SC,United States,33.2148,-84.1685,1173.48,107.88,293.02,False,2026-03-11 17:43:53
a4095b,N3595Z,United States,33.1328,-97.0135,655.32,15.62,287.24,False,2026-03-11 17:43:53
a3b02e,DAL878,United States,34.6682,-95.9331,8907.78,277.96,34.37,False,2026-03-11 17:43:53
a00067,N1EA,United States,34.6361,-79.2074,2392.68,87.7,301.08,False,2026-03-11 17:43:53
a85c01,FFT2264,United States,36.0826,-115.1372,,0.0,143.44,True,2026-03-11 17:43:53
a3c35d,N3410,United States,28.6204,-83.3479,10668.0,221.88,182.13,False,2026-03-11 17:43:53
ac65bb,SWA2645,United States,39.8641,-104.6783,,0.06,180.0,True,2026-03-11 17:43:53
a24c5a,N2470B,United States,33.9353,-117.61,632.46,50.66,124.66,False,2026-03-11 17:43:53
a2fcb7,N2918X,United States,27.9371,-81.9693,1615.44,52.14,59.13,False,2026-03-11 17:43:53
a5b3ad,ASA421,United States,36.7607,-112.9199,10668.0,236.73,163.85,False,2026-03-11 17:43:53
a336dc,AAY1625,United States,37.6794,-110.3904,11887.2,246.84,56.04,False,2026-03-11 17:43:53
a4ef90,EJA417,United States,38.0055,-110.8885,13106.4,189.23,237.43,False,2026-03-11 17:43:53
aba8ff,SCX602,United States,34.5757,-111.0083,10058.4,216.18,41.24,False,2026-03-11 17:43:53
abde63,,United States,40.9177,-81.435,,,129.38,True,2026-03-11 17:43:53
ad252d,N946TT,United States,36.31,-119.4829,2926.08,87.89,332.84,False,2026-03-11 17:43:53
ae08f8,QUESO21,United States,31.3972,-98.0975,1805.94,119.8,132.39,False,2026-03-11 17:43:53
a49378,N394US,United States,33.5165,-97.2231,746.76,63.78,109.31,False,2026-03-11 17:43:53
a06e0b,DAL390,United States,35.8085,-87.5576,10066.02,265.62,94.11,False,2026-03-11 17:43:53
a74f08,SKW5223,United States,39.9634,-104.6964,2598.42,125.61,2.11,False,2026-03-11 17:43:53
ad2531,TCN946,United States,38.1599,-75.6962,10965.18,257.09,215.47,False,2026-03-11 17:43:53
c07915,WEN3420,Canada,50.3917,-122.9596,7322.82,169.02,3.32,False,2026-03-11 17:43:53
acf207,AAL2776,United States,42.3558,-71.0125,,0.0,75.94,True,2026-03-11 17:43:53
a8aaff,FFT1875,United States,31.5982,-105.7033,8534.4,217.4,294.02,False,2026-03-11 17:43:53
a76909,GJS4617,United States,41.7482,-87.9366,2324.1,141.8,172.08,False,2026-03-11 17:43:53
a038d5,N113RF,United States,31.8831,-107.5613,5288.28,86.97,104.04,False,2026-03-11 17:43:53
a08842,ERY133,United States,40.7516,-79.7349,8061.96,258.49,101.71,False,2026-03-11 17:43:53
a63616,N5JR,United States,36.5614,-96.8731,1356.36,103.89,277.97,False,2026-03-11 17:43:53
a4dc08,N412EX,United States,33.7814,-84.3832,441.96,47.22,258.69,False,2026-03-11 17:43:53
ab7b63,SKW4055,United States,41.896,-92.6506,10584.18,273.56,70.1,False,2026-03-11 17:43:53
ad98f7,BL528,United States,30.2799,-87.6627,243.84,46.3,269.36,False,2026-03-11 17:43:53
ac65dc,SWA2100,United States,31.1211,-91.8943,11277.6,245.23,127.93,False,2026-03-11 17:43:53
a07514,BPX270,United States,26.0024,-80.2651,60.96,28.81,88.98,False,2026-03-11 17:43:53
ad1218,AAL3258,United States,29.0733,-90.2261,11277.6,261.45,109.18,False,2026-03-11 17:43:53
a7da5f,FFT6,United States,38.7408,-90.3629,,0.0,90.0,True,2026-03-11 17:43:53
a01ec9,N107AV,United States,35.0555,-92.7669,12192.0,236.77,295.62,False,2026-03-11 17:43:53
ac5efa,SWA1168,United States,37.405,-106.0897,11887.2,258.73,81.19,False,2026-03-11 17:43:53
a52962,N4311T,United States,34.0141,-111.3076,2164.08,61.33,171.8,False,2026-03-11 17:43:53
ac4bdd,SWA1162,United States,36.1252,-86.6759,,8.23,222.19,True,2026-03-11 17:43:53
a97adb,N71MV,United States,35.7842,-115.3853,1584.96,68.42,53.56,False,2026-03-11 17:43:53
ac65fb,SWA4253,United States,31.8788,-106.5966,10668.0,245.7,103.19,False,2026-03-11 17:43:53
a2b698,AAY2180,United States,35.6477,-84.9338,10355.58,241.74,348.21,False,2026-03-11 17:43:53
ab8260,N8401M,United States,41.1744,-72.7666,1950.72,67.59,261.68,False,2026-03-11 17:43:53
aca2ae,JSX880,United States,35.2706,-77.2944,10972.8,214.42,203.92,False,2026-03-11 17:43:53
aa2701,AAL2664,United States,34.2388,-84.7578,9761.22,218.11,333.07,False,2026-03-11 17:43:53
abd230,SWA863,United States,38.0206,-119.4526,10576.56,204.02,259.54,False,2026-03-11 17:43:53
a0008b,N1FM,United States,26.1544,-99.7717,5074.92,145.25,56.7,False,2026-03-11 17:43:53
a56fe1,N45BE,United States,42.7341,-103.1767,12192.0,170.89,290.07,False,2026-03-11 17:43:53
ab8266,N8401T,United States,41.5307,-112.0729,1325.88,40.68,103.16,False,2026-03-11 17:43:53
a443e8,DAL2787,United States,40.0652,-103.5049,6035.04,230.96,77.91,False,2026-03-11 17:43:53
c05f0e,JZA54,Canada,49.1838,-123.13,533.4,89.48,95.94,False,2026-03-11 17:43:53
a4ef52,CRE417,United States,43.0117,-79.8807,12885.42,261.92,93.83,False,2026-03-11 17:43:53
a4dc24,00000000,United States,37.0922,-100.3132,7315.2,122.05,250.04,False,2026-03-11 17:43:53
c05f09,JZA843,Canada,37.6154,-122.3805,,9.26,208.12,True,2026-03-11 17:43:53
a64964,N504GB,United States,29.9908,-90.2689,,0.06,185.62,True,2026-03-11 17:43:53
a6f9b3,DAL497,United States,35.4777,-109.2662,9144.0,221.21,270.27,False,2026-03-11 17:43:53
a4e307,AAL1908,United States,34.2274,-100.4423,10668.0,237.54,98.22,False,2026-03-11 17:43:53
a50329,PJC22,United States,40.8104,-74.4026,121.92,59.16,216.87,False,2026-03-11 17:43:53
a06e11,DAL2455,United States,39.4894,-101.081,11277.6,280.03,92.0,False,2026-03-11 17:43:53
a310bb,AAY2550,United States,40.6679,-89.2555,7627.62,212.89,154.98,False,2026-03-11 17:43:53
aab267,BPX215,United States,34.3759,-84.6716,899.16,61.51,302.36,False,2026-03-11 17:43:53
a49f89,UAL8185,United States,40.2426,-87.4121,11711.94,207.87,165.96,False,2026-03-11 17:43:53
a9cc41,NKS1755,United States,35.9471,-77.4605,10668.0,237.83,14.79,False,2026-03-11 17:43:53
add667,AAL2095,United States,32.9944,-96.8404,2659.38,145.77,129.7,False,2026-03-11 17:43:53
a8a017,JBU37,United States,34.8397,-78.4789,10378.44,229.82,215.43,False,2026-03-11 17:43:53
c051cc,TSC238,Canada,39.7587,-74.8974,11590.02,232.37,199.8,False,2026-03-11 17:43:53
abdcfd,ASH6222,United States,27.3715,-97.6071,9448.8,282.89,61.66,False,2026-03-11 17:43:53
a13ed6,N18FF,United States,25.2474,-80.4365,7.62,29.96,344.05,False,2026-03-11 17:43:53
a7ecef,N61FN,United States,35.3883,-89.6694,1516.38,109.51,243.8,False,2026-03-11 17:43:53
ad6c71,EJA964,United States,29.6292,-95.9053,731.52,138.96,31.22,False,2026-03-11 17:43:53
ac4040,N889LB,United States,40.1607,-96.3297,13098.78,176.87,254.31,False,2026-03-11 17:43:53
a06e4a,N127GA,United States,45.2903,-96.8533,4191.0,120.96,275.61,False,2026-03-11 17:43:53
a8634f,N64EJ,United States,42.5502,-111.5941,6400.8,140.01,103.17,False,2026-03-11 17:43:53
a32509,GLF24,United States,33.0319,-111.3805,4480.56,170.53,122.68,False,2026-03-11 17:43:53
a670da,N514FT,United States,26.4236,-82.308,5349.24,171.29,263.79,False,2026-03-11 17:43:53
a038ff,SKW5876,United States,41.3945,-91.3875,9448.8,159.6,256.77,False,2026-03-11 17:43:53
a145b7,EDV4936,United States,33.8325,-84.122,9448.8,266.89,75.83,False,2026-03-11 17:43:53
c051e0,PBR635,Canada,49.9002,-97.2347,,20.06,135.0,True,2026-03-11 17:43:53
a5fc9b,EJA485,United States,38.8964,-77.0555,13106.4,203.35,224.69,False,2026-03-11 17:43:53
c051e2,ACA303,Canada,52.1049,-105.5638,11582.4,228.93,269.61,False,2026-03-11 17:43:53
ac668d,SWA2660,United States,34.4976,-116.2608,10774.68,215.78,245.94,False,2026-03-11 17:43:53
a5f064,N482DT,United States,40.6211,-111.9958,1249.68,5.17,354.29,False,2026-03-11 17:43:53
a7302f,AAL2470,United States,36.3114,-89.7206,9745.98,203.28,271.6,False,2026-03-11 17:43:53
a1f822,RPA5774,United States,37.7836,-81.1038,10058.4,248.48,89.88,False,2026-03-11 17:43:53
ac4c8a,SWA2422,United States,36.2812,-110.5052,9753.6,214.98,255.73,False,2026-03-11 17:43:53
a7ecde,N61EW,United States,39.7314,-74.7509,335.28,46.84,141.24,False,2026-03-11 17:43:53
ad7f96,SWA3281,United States,38.6691,-121.6017,-22.86,65.34,0.9,False,2026-03-11 17:43:53
adc30c,PJC45,United States,39.198,-96.4923,12496.8,277.02,85.74,False,2026-03-11 17:43:53
c0179d,CFIYM,Canada,54.4869,-128.7341,0.0,48.31,7.96,False,2026-03-11 17:43:53
a48077,N39AG,United States,33.721,-112.0345,1333.5,62.98,339.94,False,2026-03-11 17:43:53
a06e71,RPA4607,United States,37.0802,-77.9004,9448.8,242.27,62.84,False,2026-03-11 17:43:53
ac536c,SWA4590,United States,32.7319,-117.1901,,0.06,109.69,True,2026-03-11 17:43:53
a8d988,N67BR,United States,33.2195,-85.8393,2712.72,81.61,33.69,False,2026-03-11 17:43:53
a07522,AAL1146,United States,38.4905,-118.9086,10210.8,261.94,81.07,False,2026-03-11 17:43:53
a6c0dc,SCU4,United States,36.1444,-96.1068,1181.1,32.94,345.53,False,2026-03-11 17:43:53
ad10d1,N9409X,United States,33.078,-96.9643,457.2,66.51,102.96,False,2026-03-11 17:43:53
a25ea2,CXK416,United States,40.1878,-111.9344,2705.1,36.18,299.85,False,2026-03-11 17:43:53
add66c,DAL1253,United States,33.7754,-84.0958,1722.12,131.18,180.22,False,2026-03-11 17:43:53
a18e0b,HOB1,United States,36.4327,-95.3966,11468.1,196.38,254.03,False,2026-03-11 17:43:53
ac537f,ASH6236,United States,31.4241,-86.5506,10363.2,205.7,246.26,False,2026-03-11 17:43:53
a8bf73,AAL2289,United States,38.7421,-90.3613,,0.0,225.0,True,2026-03-11 17:43:53
a18e31,N2JZ,United States,36.6605,-108.1771,8229.6,135.22,51.95,False,2026-03-11 17:43:53
ad10e9,ASA334,United States,44.1181,-106.7449,10058.4,283.24,113.21,False,2026-03-11 17:43:53
a0d82a,N1533W,United States,35.3214,-80.2242,1737.36,95.21,51.58,False,2026-03-11 17:43:53
c051da,TSC643,Canada,29.2256,-78.5799,10668.0,218.98,10.15,False,2026-03-11 17:43:53
aa60bb,ENY3355,United States,41.9349,-82.0334,9448.8,251.16,96.59,False,2026-03-11 17:43:53
acfcff,LFA689,United States,30.3307,-81.5644,381.0,87.46,89.33,False,2026-03-11 17:43:53
ac538f,SWA120,United States,41.4827,-95.2685,9753.6,200.51,255.89,False,2026-03-11 17:43:53
a13ec0,N18EJ,United States,41.7142,-72.67,190.5,51.1,94.62,False,2026-03-11 17:43:53
a2eb19,PFA319,United States,27.4467,-80.3903,838.2,57.52,312.83,False,2026-03-11 17:43:53
aa001c,FTT6,United States,26.8779,-81.7792,838.2,56.81,282.02,False,2026-03-11 17:43:53
a1e546,N221FS,United States,30.945,-83.8393,312.42,52.17,220.6,False,2026-03-11 17:43:53
a1e53b,LVA221,United States,42.316,-92.0925,13716.0,227.94,274.01,False,2026-03-11 17:43:53
aa60af,EJA768,United States,32.4164,-89.6462,12481.56,275.04,92.79,False,2026-03-11 17:43:53
0d06d5,XAARO,Mexico,33.8775,-89.5996,12496.8,278.15,54.11,False,2026-03-11 17:43:53
a813aa,BYF30,United States,37.5583,-122.034,335.28,63.93,251.71,False,2026-03-11 17:43:53
a385c8,DAL521,United States,33.7337,-118.5377,2971.8,156.31,159.18,False,2026-03-11 17:43:53
780da8,CSN433,China,57.2837,-121.1531,9448.8,261.64,113.89,False,2026-03-11 17:43:53
a31216,UAL554,United States,39.0132,-76.0675,7620.0,246.74,43.31,False,2026-03-11 17:43:53
a0757f,DAL2667,United States,33.8032,-97.4316,10972.8,214.39,166.96,False,2026-03-11 17:43:53
a05b78,DAL387,United States,36.5526,-89.1024,10378.44,209.4,285.09,False,2026-03-11 17:43:53
a1f884,ENY3491,United States,30.9548,-98.2235,7620.0,240.19,9.12,False,2026-03-11 17:43:53
aff011,R43536,United States,31.8865,-106.3697,1493.52,64.23,144.78,False,2026-03-11 17:43:53
a5f022,N482BB,United States,26.9902,-83.885,12496.8,236.64,111.15,False,2026-03-11 17:43:53
a19566,EPI770,United States,28.9522,-81.1609,960.12,56.3,70.24,False,2026-03-11 17:43:53
a37ed3,SKW4097,United States,40.3694,-86.0653,8793.48,191.56,170.26,False,2026-03-11 17:43:53
a3bc8e,N34SJ,United States,34.4051,-113.5171,13716.0,217.36,70.79,False,2026-03-11 17:43:53
a9e61c,AVL117,United States,38.4138,-77.4536,335.28,40.07,311.88,False,2026-03-11 17:43:53
c0174d,ACA34,Canada,49.1899,-123.2065,,8.75,98.44,True,2026-03-11 17:43:53
aa1350,N7485G,United States,32.9226,-96.4343,213.36,37.91,352.2,False,2026-03-11 17:43:53
0d06e5,SLI978,Mexico,33.6357,-84.4281,,5.66,56.25,True,2026-03-11 17:43:53
aa86fb,CKS551,United States,47.0136,-97.3178,9448.8,274.7,128.99,False,2026-03-11 17:43:53
c0174f,ACA4,Canada,49.2735,-123.8165,1813.56,141.83,99.39,False,2026-03-11 17:43:53
aa6cf1,N771CA,United States,27.6737,-82.2435,1104.9,48.81,32.52,False,2026-03-11 17:43:53
c0175a,ACA304,Canada,49.1346,-122.8046,2697.48,153.37,91.73,False,2026-03-11 17:43:53
ab58c1,N830EC,United States,29.3741,-93.2968,10660.38,212.72,79.83,False,2026-03-11 17:43:53
a670b4,CXK519,United States,41.0117,-74.2631,769.62,53.5,136.95,False,2026-03-11 17:43:53
a706ea,ASA659,United States,38.7,-114.1339,11285.22,252.7,146.8,False,2026-03-11 17:43:53
a12bc7,ASI142,United States,33.5285,-112.7774,1287.78,52.23,27.57,False,2026-03-11 17:43:53
a44502,DAL2100,United States,37.4187,-100.9147,10668.0,267.93,119.57,False,2026-03-11 17:43:53
a5fc87,EDV5268,United States,41.9605,-73.4893,3977.64,199.1,349.88,False,2026-03-11 17:43:53
c051c6,TSC595,Canada,30.4573,-82.7023,10058.4,231.34,14.69,False,2026-03-11 17:43:53
aba8a7,N850PK,United States,36.7373,-82.2007,9448.8,171.9,110.5,False,2026-03-11 17:43:53
a7f3ab,NKS197,United States,38.8842,-76.541,3672.84,162.26,196.77,False,2026-03-11 17:43:53
a7f3ae,JIA5385,United States,38.242,-83.86,7376.16,225.28,324.39,False,2026-03-11 17:43:53
a1f860,N226MB,United States,33.3689,-111.4948,3482.34,86.63,313.07,False,2026-03-11 17:43:53
a959df,SKW6307,United States,33.4305,-112.009,,5.66,2.81,True,2026-03-11 17:43:53
a37ec4,AAL540,United States,41.9868,-87.911,,11.83,90.0,True,2026-03-11 17:43:53
a37eb0,AAL2933,United States,34.4858,-117.3943,10972.8,211.89,284.91,False,2026-03-11 17:43:53
a85c3e,JBU1606,United States,32.3705,-81.6701,10668.0,247.57,42.64,False,2026-03-11 17:43:53
ad1e05,SWA570,United States,30.7164,-94.7003,9265.92,275.41,32.8,False,2026-03-11 17:43:53
a05b59,N122CG,United States,26.8792,-80.2327,335.28,58.93,236.03,False,2026-03-11 17:43:53
a8bf2d,N6628X,United States,33.4021,-83.3121,1645.92,73.84,140.65,False,2026-03-11 17:43:53
a07579,DAL1570,United States,36.7333,-76.5665,10370.82,223.66,222.02,False,2026-03-11 17:43:53
a132b3,CXK601,United States,33.3297,-111.6571,571.5,41.62,278.53,False,2026-03-11 17:43:53
a06e97,N127KC,United States,41.7772,-111.8717,1501.14,47.84,180.0,False,2026-03-11 17:43:53
a790b3,JBU1098,United States,29.7779,-81.3538,9326.88,233.32,357.22,False,2026-03-11 17:43:53
a33843,JBU312,United States,42.6646,-72.4704,6949.44,236.22,99.4,False,2026-03-11 17:43:53
a4d04c,RPA4560,United States,40.0909,-74.2079,6187.44,176.16,201.77,False,2026-03-11 17:43:53
c05da4,WJA2214,Canada,48.6484,-118.5057,9654.54,266.88,151.06,False,2026-03-11 17:43:53
a61bb1,ERU493,United States,29.2897,-81.1282,251.46,56.27,345.71,False,2026-03-11 17:43:53
ab2c0b,AAY3914,United States,37.9125,-75.5655,7620.0,214.22,35.03,False,2026-03-11 17:43:53
ab09ea,N810FS,United States,25.5204,-80.5701,236.22,44.43,275.31,False,2026-03-11 17:43:53
a44565,UAL1891,United States,39.9549,-104.4414,3863.34,153.22,219.14,False,2026-03-11 17:43:53
aa25d9,CXK162,United States,33.3184,-111.6622,335.28,33.83,135.62,False,2026-03-11 17:43:53
a62ee6,GTI8592,United States,29.7997,-94.0306,10972.8,230.75,304.65,False,2026-03-11 17:43:53
a44560,UAL1994,United States,46.3028,-97.2636,10363.2,220.27,288.52,False,2026-03-11 17:43:53
a6ce36,ASA355,United States,47.5375,-114.9213,9753.6,172.45,260.9,False,2026-03-11 17:43:53
a80e20,VN2,United States,29.634,-85.6539,2895.6,197.01,200.8,False,2026-03-11 17:43:53
a385ee,EDV5262,United States,40.2747,-73.6074,1828.8,158.76,29.72,False,2026-03-11 17:43:53
a70848,EJA552,United States,42.6395,-85.3796,13106.4,164.86,258.48,False,2026-03-11 17:43:53
ad36a8,SWA2766,United States,36.729,-119.9146,11887.2,241.26,161.99,False,2026-03-11 17:43:53
ac5f42,SWA787,United States,35.0788,-116.5189,11399.52,237.74,47.37,False,2026-03-11 17:43:53
a0ab8d,N142QS,United States,28.5713,-110.3241,13106.4,256.27,169.01,False,2026-03-11 17:43:53
a9c093,N72749,United States,34.5279,-118.3718,3413.76,69.9,132.61,False,2026-03-11 17:43:53
a31e86,REH3,United States,38.1544,-122.1229,632.46,65.99,300.96,False,2026-03-11 17:43:53
a43e5b,UAL2629,United States,41.922,-86.761,7513.32,245.09,95.78,False,2026-03-11 17:43:53
a5521c,ASA1492,United States,38.8023,-106.0067,9044.94,232.38,50.39,False,2026-03-11 17:43:53
a68546,MMY82,United States,40.4135,-122.1466,830.58,32.96,357.32,False,2026-03-11 17:43:53
a43e5e,UAL444,United States,34.6869,-119.6631,10668.0,240.06,126.11,False,2026-03-11 17:43:53
3d4365,N57UP,Germany,25.5144,-80.5824,1112.52,10.35,243.43,False,2026-03-11 17:43:53
899017,CAL5312,Taiwan,51.8952,-119.681,10058.4,301.04,118.14,False,2026-03-11 17:43:53
aa8859,SKW3986,United States,41.9827,-84.1254,4663.44,208.67,83.49,False,2026-03-11 17:43:53
a18284,DAL273,United States,41.2718,-69.5052,8534.4,230.58,265.78,False,2026-03-11 17:43:53
aa38db,N758MG,United States,31.0579,-84.2429,12192.0,215.35,337.23,False,2026-03-11 17:43:53
a42b32,DAL3080,United States,45.9215,-98.2584,10980.42,207.32,270.0,False,2026-03-11 17:43:53
a6ce21,N53797,United States,34.1148,-117.6629,518.16,38.69,324.2,False,2026-03-11 17:43:53
a4453e,UAL1912,United States,35.5742,-112.6007,10668.0,242.27,62.84,False,2026-03-11 17:43:53
a7b8e1,N597RB,United States,37.1045,-121.1777,3337.56,168.14,277.56,False,2026-03-11 17:43:53
ac4c21,SWA2474,United States,39.9539,-104.4122,2948.94,164.83,87.14,False,2026-03-11 17:43:53
aac3a9,N793FB,United States,38.8486,-77.0395,,7.46,354.38,True,2026-03-11 17:43:53
a44548,DAL1016,United States,47.1458,-122.2133,3177.54,158.08,163.75,False,2026-03-11 17:43:53
a385da,AAY973,United States,26.0791,-81.6707,5486.4,189.39,347.93,False,2026-03-11 17:43:53
a43e60,UAL601,United States,48.0569,-95.6341,10363.2,213.36,264.74,False,2026-03-11 17:43:53
aa883e,ENY3894,United States,41.9573,-87.7562,922.02,82.83,269.64,False,2026-03-11 17:43:53
a4a897,N4GT,United States,29.0946,-83.3389,8839.2,149.73,179.02,False,2026-03-11 17:43:53
ab9fef,N8480F,United States,27.7557,-82.6371,76.2,41.85,290.89,False,2026-03-11 17:43:53
a44540,UAL1339,United States,39.4093,-101.0587,10035.54,285.02,101.45,False,2026-03-11 17:43:53
a385e7,N326PH,United States,32.2559,-98.0688,754.38,70.57,45.59,False,2026-03-11 17:43:53
a44544,UAL1883,United States,42.0024,-87.6323,1264.92,86.94,270.0,False,2026-03-11 17:43:53
acc954,PDT5878,United States,38.1495,-75.5922,3040.38,184.49,19.04,False,2026-03-11 17:43:53
a768fd,LXJ577,United States,44.1713,-92.784,1485.9,144.66,127.2,False,2026-03-11 17:43:53
ad7f42,N969TD,United States,35.4032,-113.3038,8229.6,153.81,56.74,False,2026-03-11 17:43:53
ac7968,AAL1211,United States,31.054,-88.9559,9029.7,261.56,55.5,False,2026-03-11 17:43:53
a2aef2,N272LP,United States,41.1264,-74.277,762.0,43.97,186.04,False,2026-03-11 17:43:53
c01753,ACA105,Canada,51.4707,-113.2692,10972.8,218.38,254.98,False,2026-03-11 17:43:53
abefba,SWA2119,United States,30.1816,-97.6586,,0.0,177.19,True,2026-03-11 17:43:53
acc955,CNS423,United States,33.3585,-84.3128,2430.78,106.38,138.14,False,2026-03-11 17:43:53
a622bc,ASA735,United States,44.1624,-121.5444,10363.2,176.78,335.22,False,2026-03-11 17:43:53
a49ecb,N397WN,United States,31.9816,-83.602,1341.12,43.69,192.24,False,2026-03-11 17:43:53
a4e2d5,N41387,United States,32.3034,-82.9715,1348.74,56.92,347.47,False,2026-03-11 17:43:53
ae4fa7,VVAG710,United States,30.3457,-81.8358,152.4,54.93,292.0,False,2026-03-11 17:43:53
a8a083,NKS1634,United States,37.3386,-117.3558,10370.82,200.77,319.78,False,2026-03-11 17:43:53
abdcb5,ASH4031,United States,31.9861,-96.2209,10195.56,239.44,325.59,False,2026-03-11 17:43:53
a81525,STV5,United States,29.6925,-94.0888,7741.92,250.52,97.31,False,2026-03-11 17:43:53
a44533,DAL2530,United States,45.8103,-122.6068,11506.2,194.01,350.54,False,2026-03-11 17:43:53
ac6645,SWA2709,United States,40.8673,-89.7631,6438.9,232.72,65.3,False,2026-03-11 17:43:53
c077d6,RS502,Canada,52.9834,-105.9361,1706.88,138.55,41.09,False,2026-03-11 17:43:53
aac3c1,N793GA,United States,38.1549,-103.5747,13723.62,291.36,99.25,False,2026-03-11 17:43:53
aad6f1,N798NH,United States,44.1362,-123.2192,7.62,50.94,178.84,False,2026-03-11 17:43:53
a1d233,N2160Q,United States,33.2387,-116.9459,1897.38,48.18,329.88,False,2026-03-11 17:43:53
ac0ff9,SWA4499,United States,30.4483,-97.4287,3383.28,175.52,42.39,False,2026-03-11 17:43:53
ad2fd0,AAL2878,United States,28.4478,-81.3223,-30.48,77.17,179.24,False,2026-03-11 17:43:53
a2f280,N2895Q,United States,30.6263,-98.1932,2910.84,47.69,137.19,False,2026-03-11 17:43:53
a920f0,N688AA,United States,28.3014,-81.4453,7.62,30.54,147.38,False,2026-03-11 17:43:53
a9704d,DAL855,United States,42.3596,-71.0209,,7.2,300.94,True,2026-03-11 17:43:53
ac4c44,SWA4655,United States,32.5342,-95.3238,4282.44,167.12,239.88,False,2026-03-11 17:43:53
ad23a5,N946CA,United States,40.0458,-104.1761,2446.02,80.93,157.18,False,2026-03-11 17:43:53
ae4fd0,FFAB123,United States,32.7048,-117.211,,1.8,196.88,True,2026-03-11 17:43:53
a02730,N109LU,United States,26.6604,-80.3849,609.6,57.95,276.12,False,2026-03-11 17:43:53
a920ed,N68799,United States,28.9791,-81.0482,845.82,42.21,267.9,False,2026-03-11 17:43:53
ac5326,SWA4669,United States,35.7153,-119.6019,11582.4,209.54,314.4,False,2026-03-11 17:43:53
ac5f5f,ASA1404,United States,33.9056,-118.7196,5151.12,200.44,162.22,False,2026-03-11 17:43:53
a4a82a,CITT96,United States,37.7362,-97.6838,3893.82,47.35,358.13,False,2026-03-11 17:43:53
ac6658,N89869,United States,33.4944,-97.3396,2499.36,20.38,227.05,False,2026-03-11 17:43:53
a4f5a0,ASA798,United States,38.235,-119.5316,10363.2,218.12,350.36,False,2026-03-11 17:43:53
a5f07b,ERU482,United States,29.1946,-81.0111,167.64,39.56,249.44,False,2026-03-11 17:43:53
a06db4,AAL2559,United States,32.8845,-97.032,,7.46,180.0,True,2026-03-11 17:43:53
ab80b2,JRE840,United States,30.0582,-95.8008,1524.0,140.11,26.38,False,2026-03-11 17:43:53
a97076,N707VM,United States,36.7009,-101.1567,13106.4,224.83,288.68,False,2026-03-11 17:43:53
acc961,DAL3052,United States,33.6652,-84.5019,845.82,123.96,293.48,False,2026-03-11 17:43:53
acc960,TOG923,United States,35.7474,-119.2429,5852.16,156.01,152.51,False,2026-03-11 17:43:53
ac6668,SWA2175,United States,36.0808,-115.145,,5.92,331.88,True,2026-03-11 17:43:53
a44591,DAL2411,United States,32.7148,-86.2512,11285.22,262.74,59.27,False,2026-03-11 17:43:53
aca309,AAL1001,United States,25.0887,-95.9347,11277.6,242.19,121.36,False,2026-03-11 17:43:53
a70812,JIA5650,United States,30.5726,-81.426,10058.4,226.37,359.35,False,2026-03-11 17:43:53
a6981a,DAL429,United States,46.4193,-95.9698,10675.62,265.19,98.37,False,2026-03-11 17:43:53
0a8020,FSS112,Bahamas,25.868,-79.2908,3429.0,67.64,116.18,False,2026-03-11 17:43:53
acb636,AAL1954,United States,33.7314,-110.5378,10363.2,222.72,247.17,False,2026-03-11 17:43:53
ac4c67,SWA1478,United States,30.3822,-90.679,10972.8,213.57,299.59,False,2026-03-11 17:43:53
a768c2,DAL693,United States,38.1244,-113.5857,10370.82,196.33,281.49,False,2026-03-11 17:43:53
a55e48,N445ME,United States,40.3535,-79.9255,434.34,11.42,234.16,False,2026-03-11 17:43:53
abdcdc,ASH4023,United States,29.4125,-92.8536,9144.0,222.66,290.28,False,2026-03-11 17:43:53
a7b8a1,JIA5550,United States,29.4838,-98.7098,8229.6,229.7,144.39,False,2026-03-11 17:43:53
ae4ff8,SHWK422,United States,32.5648,-117.1098,-45.72,21.34,105.38,False,2026-03-11 17:43:53
abdcda,ASH4066,United States,38.7579,-103.8275,4686.3,159.92,305.84,False,2026-03-11 17:43:53
a54b11,ERU440,United States,29.4889,-81.4609,853.44,54.37,325.41,False,2026-03-11 17:43:53
a44585,UAL501,United States,36.3354,-113.16,9753.6,252.79,67.51,False,2026-03-11 17:43:53
ae56ca,RAAD20,United States,32.2738,-84.976,769.62,38.56,166.89,False,2026-03-11 17:43:53
ac5349,SWA2321,United States,35.6848,-107.0429,10972.8,200.23,262.62,False,2026-03-11 17:43:53
a920ce,PFA334,United States,27.9833,-80.7433,1051.56,44.2,219.81,False,2026-03-11 17:43:53
a9969b,FFT2446,United States,33.9397,-118.4139,,0.0,264.38,True,2026-03-11 17:43:53
abe3c8,SWA582,United States,38.6564,-77.9132,11887.2,256.69,77.97,False,2026-03-11 17:43:53
ac03e2,SWA715,United States,34.5249,-104.872,11887.2,243.56,85.52,False,2026-03-11 17:43:53
c01714,CFITF,Canada,48.805,-123.2231,243.84,65.54,355.5,False,2026-03-11 17:43:53
a14700,UAL2743,United States,40.8932,-97.6219,10668.0,281.39,78.51,False,2026-03-11 17:43:53
a2a2e3,UAL2268,United States,36.3543,-113.6469,10660.38,257.76,54.91,False,2026-03-11 17:43:53
aab0ba,SWA1869,United States,32.658,-97.9885,9144.0,211.87,264.57,False,2026-03-11 17:43:53
a5b50b,EJA467,United States,32.5383,-86.4298,9616.44,203.95,163.44,False,2026-03-11 17:43:53
a14706,CXK495,United States,40.3986,-104.6296,1516.38,32.04,354.47,False,2026-03-11 17:43:53
a1e58f,RPA5638,United States,39.8336,-75.1979,10058.4,238.74,54.12,False,2026-03-11 17:43:53
ad1cde,JBU2233,United States,48.0454,-87.6341,9745.98,192.93,280.29,False,2026-03-11 17:43:53
a7081a,DAL725,United States,32.7554,-116.2425,4175.76,167.39,264.71,False,2026-03-11 17:43:53
a98382,JAS84,United States,46.7866,-60.3485,11582.4,197.84,237.96,False,2026-03-11 17:43:53
a7081f,N552PA,United States,28.8461,-81.715,701.04,63.45,318.95,False,2026-03-11 17:43:53
a55218,AAL776,United States,38.1898,-93.6378,10668.0,272.5,92.92,False,2026-03-11 17:43:53
a44570,DAL354,United States,47.8189,-120.669,9776.46,155.21,276.09,False,2026-03-11 17:43:53
ad1ce8,N944KC,United States,27.9761,-80.5228,7924.8,50.28,160.27,False,2026-03-11 17:43:53
ab2c8e,UAL307,United States,38.3259,-80.1308,9448.8,253.13,80.29,False,2026-03-11 17:43:53
ab93fc,N845S,United States,32.457,-82.7944,4914.9,112.22,164.31,False,2026-03-11 17:43:53
ac03f2,ASH3990,United States,33.3017,-87.4434,10668.0,254.13,50.83,False,2026-03-11 17:43:53
ad6c3b,AAL2778,United States,37.7193,-82.0768,10614.66,231.16,156.8,False,2026-03-11 17:43:53
ac667a,N89878,United States,33.0182,-97.7783,1066.8,60.19,180.0,False,2026-03-11 17:43:53
39b44e,DJT100,France,49.5395,-65.547,10972.8,181.71,217.29,False,2026-03-11 17:43:53
a70831,SFY207,United States,27.4663,-80.6636,693.42,49.48,225.84,False,2026-03-11 17:43:53
a4455e,UAL326,United States,39.9097,-103.5058,6431.28,233.03,81.49,False,2026-03-11 17:43:53
a0275c,AAL1243,United States,34.4981,-113.919,9753.6,224.99,258.79,False,2026-03-11 17:43:53
a80264,N615M,United States,34.1329,-96.0784,2156.46,39.0,323.58,False,2026-03-11 17:43:53
a91b5c,N686V,United States,38.8568,-77.0406,,8.23,323.44,True,2026-03-11 17:43:53
aaa05d,N784LA,United States,40.1501,-74.8999,617.22,42.79,260.31,False,2026-03-11 17:43:53
a01448,N104HJ,United States,30.8725,-89.6666,8930.64,198.11,27.36,False,2026-03-11 17:43:53
a05aaf,UCA4839,United States,32.9411,-98.3463,10363.2,229.03,306.69,False,2026-03-11 17:43:53
abc058,SWA1304,United States,43.8299,-115.8686,11582.4,173.27,293.44,False,2026-03-11 17:43:53
c03a5a,WJA705,Canada,49.2011,-123.184,,5.4,278.44,True,2026-03-11 17:43:53
a7db51,N605RH,United States,39.117,-104.5052,4038.6,140.69,285.92,False,2026-03-11 17:43:53
a00d5b,AAL373,United States,37.845,-94.4238,10965.18,184.41,263.27,False,2026-03-11 17:43:53
0c21b6,CMP446,Panama,28.4154,-81.3189,,8.75,202.5,True,2026-03-11 17:43:53
aaa06f,N784LU,United States,37.48,-79.0994,1257.3,56.68,203.54,False,2026-03-11 17:43:53
a26738,JSX170,United States,36.1491,-120.1289,9144.0,203.73,315.82,False,2026-03-11 17:43:53
a742ec,SWA1744,United States,39.2597,-74.0269,7315.2,212.91,231.08,False,2026-03-11 17:43:53
0c21b9,CMP704,Panama,34.6007,-77.4852,11277.6,231.09,21.83,False,2026-03-11 17:43:53
a14761,N18141,United States,32.6161,-96.7676,556.26,45.72,309.06,False,2026-03-11 17:43:53
a982b1,BRW149,United States,44.9141,-93.0417,350.52,35.29,315.59,False,2026-03-11 17:43:53
a862fc,N64BA,United States,40.9362,-74.8378,1036.32,95.04,25.32,False,2026-03-11 17:43:53
a7e270,NDU607,United States,32.9148,-111.9786,1729.74,60.37,122.47,False,2026-03-11 17:43:53
a92e72,PDT5950,United States,34.9527,-84.6598,3200.4,144.58,271.02,False,2026-03-11 17:43:53
a7db85,TWY777,United States,28.3336,-79.5261,7498.08,227.55,192.4,False,2026-03-11 17:43:53
a982ab,BRW147,United States,44.8583,-93.5836,1043.94,50.06,292.35,False,2026-03-11 17:43:53
a97bd2,N71XS,United States,26.1513,-80.2737,1424.94,123.98,270.24,False,2026-03-11 17:43:53
a80275,N615MS,United States,38.7052,-105.682,6987.54,248.24,35.47,False,2026-03-11 17:43:53
ae2036,SHADW34,United States,42.2298,-72.8007,624.84,43.38,123.88,False,2026-03-11 17:43:53
c0549d,NOJ88,Canada,44.5392,-66.1804,13106.4,199.56,258.4,False,2026-03-11 17:43:53
a6bb97,JIA5592,United States,41.4617,-86.53,5044.44,189.16,314.78,False,2026-03-11 17:43:53
a4dbef,DAL169,United States,40.826,-73.613,609.6,80.55,211.15,False,2026-03-11 17:43:53
a98ece,N715BW,United States,41.6793,-70.9742,304.8,44.76,223.6,False,2026-03-11 17:43:53
c04d5c,CGDHR,Canada,53.6687,-113.1433,1013.46,53.82,54.33,False,2026-03-11 17:43:53
a742c2,,United States,32.9026,-97.0349,,1.03,11.25,True,2026-03-11 17:43:53
a36d48,N32PM,United States,43.3882,-116.7208,13708.38,200.08,224.37,False,2026-03-11 17:43:53
a54b75,N440JR,United States,32.5189,-85.5664,11887.2,226.68,52.38,False,2026-03-11 17:43:53
c004e9,WJA1740,Canada,48.4095,-122.8812,7178.04,219.34,158.25,False,2026-03-11 17:43:53
a4dbf5,N412EC,United States,36.6054,-77.4988,7010.4,204.13,230.01,False,2026-03-11 17:43:53
a0fa34,MMY33,United States,40.5683,-122.0968,1097.28,49.6,185.36,False,2026-03-11 17:43:53
c004f3,WJA2580,Canada,43.2769,-79.5422,5692.14,167.01,192.45,False,2026-03-11 17:43:53
a9deb5,N735MD,United States,37.6494,-122.1462,220.98,79.87,183.32,False,2026-03-11 17:43:53
a1f7fb,ASA963,United States,33.948,-118.4127,,7.72,81.56,True,2026-03-11 17:43:53
a55e9f,EJM445,United States,36.9051,-76.1897,0.0,62.27,218.29,False,2026-03-11 17:43:53
a23a27,CXK455,United States,40.0135,-105.1052,1882.14,46.44,175.55,False,2026-03-11 17:43:53
a36105,EDV5350,United States,33.6156,-84.1771,876.3,107.26,280.5,False,2026-03-11 17:43:53
a5c892,N472AK,United States,38.9588,-104.8299,1958.34,43.61,72.85,False,2026-03-11 17:43:53
aa5c84,N767LA,United States,40.1165,-74.9228,358.14,49.32,329.96,False,2026-03-11 17:43:53
ad0074,JBU857,United States,33.4288,-111.985,335.28,76.14,270.39,False,2026-03-11 17:43:53
a2b759,SWA2189,United States,40.8359,-73.8292,373.38,64.64,213.31,False,2026-03-11 17:43:53
a74eed,N570FG,United States,40.4705,-74.8193,929.64,61.98,71.11,False,2026-03-11 17:43:53
780f3b,CES583,China,33.9464,-118.4264,,4.12,84.38,True,2026-03-11 17:43:53
a2544a,N24932,United States,34.219,-118.4923,182.88,1.54,90.0,False,2026-03-11 17:43:53
ab4840,DAL45,United States,50.0608,-64.9543,9753.6,192.31,217.39,False,2026-03-11 17:43:53
a01491,N104LG,United States,27.1749,-81.1613,1615.44,77.0,102.74,False,2026-03-11 17:43:53
ace063,JBU300,United States,31.651,-105.8448,10668.0,247.12,113.95,False,2026-03-11 17:43:53
c03a28,CFWAP,Canada,37.9589,-80.418,8534.4,138.65,195.27,False,2026-03-11 17:43:53
a324b0,SKW3736,United States,41.5156,-122.8633,10668.0,222.5,177.22,False,2026-03-11 17:43:53
a204e5,BPX271,United States,29.3258,-81.3227,998.22,55.56,270.53,False,2026-03-11 17:43:53
a0015d,N1PX,United States,41.3216,-96.0145,2575.56,129.72,235.18,False,2026-03-11 17:43:53
abc09e,SWA894,United States,34.9846,-118.8132,10972.8,207.57,299.55,False,2026-03-11 17:43:53
a6ce90,JIA5033,United States,44.2239,-73.4194,3794.76,130.62,223.88,False,2026-03-11 17:43:53
89912d,EVA658,Taiwan,43.4612,-80.3608,2750.82,174.31,80.32,False,2026-03-11 17:43:53
a6ce7d,DAL2794,United States,38.9174,-74.5566,9776.46,214.8,222.67,False,2026-03-11 17:43:53
a7db41,EJA605,United States,35.1041,-85.3066,11628.12,232.38,117.13,False,2026-03-11 17:43:53
a29aa5,SKW3694,United States,36.3707,-114.2243,8229.6,232.86,66.15,False,2026-03-11 17:43:53
a02792,EJA109,United States,40.8503,-96.7486,,1.54,329.06,True,2026-03-11 17:43:53
a31dc6,VJA30,United States,33.6746,-98.9836,12481.56,234.67,138.38,False,2026-03-11 17:43:53
a1ddbb,JBU224,United States,44.6574,-85.8742,10058.4,286.88,87.22,False,2026-03-11 17:43:53
a6ce99,ERU38,United States,34.7859,-112.4221,2758.44,32.39,327.32,False,2026-03-11 17:43:53
acb827,AAL2367,United States,29.5053,-90.8025,10668.0,261.59,108.22,False,2026-03-11 17:43:53
acb824,ASA506,United States,32.7547,-117.2767,594.36,123.45,285.72,False,2026-03-11 17:43:53
a194bf,N20025,United States,28.0568,-81.2809,91.44,53.23,145.23,False,2026-03-11 17:43:53
a23a03,UAL1116,United States,37.5338,-122.4694,1242.06,132.98,116.66,False,2026-03-11 17:43:53
a23a02,UAL480,United States,40.4848,-98.724,11277.6,275.47,81.08,False,2026-03-11 17:43:53
a0d7fb,XBHCG,United States,32.5211,-116.9343,304.8,38.64,93.05,False,2026-03-11 17:43:53
c06796,CGNFX,Canada,49.7061,-119.6608,1859.28,43.42,166.29,False,2026-03-11 17:43:53
a79e7d,N590MC,United States,34.4068,-102.142,13106.4,212.86,297.8,False,2026-03-11 17:43:53
c004ea,WJA268,Canada,48.9674,-122.1452,7795.26,254.37,85.59,False,2026-03-11 17:43:53
a5527f,ERU442,United States,29.1862,-81.0444,-7.62,35.6,217.37,False,2026-03-11 17:43:53
a80232,N615K,United States,44.1924,-90.2296,2148.84,102.59,146.87,False,2026-03-11 17:43:53
a3871e,JBU1029,United States,26.4554,-81.7203,1150.62,96.94,234.29,False,2026-03-11 17:43:53
a23a0a,CXK583,United States,30.4735,-81.4799,1249.68,62.86,21.1,False,2026-03-11 17:43:53
a12d67,SKW3455,United States,32.7354,-117.1972,-15.24,77.38,285.42,False,2026-03-11 17:43:53
a92203,N688MA,United States,38.5804,-92.7218,9144.0,96.55,274.89,False,2026-03-11 17:43:53
a37401,N321WF,United States,33.5509,-97.0069,1074.42,45.1,304.78,False,2026-03-11 17:43:53
a36d0a,N32M,United States,41.5808,-88.4463,952.5,130.68,153.84,False,2026-03-11 17:43:53
8990a5,CAL5142,Taiwan,41.8847,-87.7743,2072.64,153.91,96.91,False,2026-03-11 17:43:53
a3b124,EDV4957,United States,40.7543,-73.8373,617.22,69.5,165.86,False,2026-03-11 17:43:53
a5fd2d,SWA2426,United States,39.1872,-103.4883,8282.94,175.57,300.85,False,2026-03-11 17:43:53
8990a4,CAL5346,Taiwan,37.5111,-122.1646,899.16,93.08,342.97,False,2026-03-11 17:43:53
a23a71,CXK188,United States,33.3054,-111.6472,434.34,37.83,135.0,False,2026-03-11 17:43:53
a3bd5f,XSR340,United States,39.6431,-103.4992,11856.72,171.44,272.24,False,2026-03-11 17:43:53
a697db,ASA702,United States,43.7414,-121.2769,11574.78,192.19,335.15,False,2026-03-11 17:43:53
a54aaa,AAL2961,United States,32.2064,-80.5542,10668.0,243.65,39.77,False,2026-03-11 17:43:53
a54aae,ASA718,United States,36.0848,-115.1395,,2.83,47.81,True,2026-03-11 17:43:53
ac66aa,SWA1725,United States,39.7713,-103.9878,4960.62,208.73,97.79,False,2026-03-11 17:43:53
a947b7,N69743,United States,43.1727,-97.4666,1280.16,72.43,317.01,False,2026-03-11 17:43:53
a5ea14,N480RD,United States,40.536,-74.5746,266.7,49.97,272.95,False,2026-03-11 17:43:53
aba9e7,SWA965,United States,36.9529,-90.4713,10965.18,193.56,267.87,False,2026-03-11 17:43:53
a181eb,N1968F,United States,39.1823,-119.7614,1615.44,48.23,101.07,False,2026-03-11 17:43:53
a2a466,N27CS,United States,28.3301,-80.7673,487.68,36.26,211.66,False,2026-03-11 17:43:53
a0fa70,SKW4051,United States,44.5401,-85.3926,3322.32,163.36,133.85,False,2026-03-11 17:43:53
a79dc4,DAL1422,United States,33.6841,-77.7235,11269.98,216.96,8.59,False,2026-03-11 17:43:53
ac4ca8,SWA914,United States,33.7901,-85.1259,11277.6,229.79,170.85,False,2026-03-11 17:43:53
c05416,WJA2506,Canada,36.3672,-76.1312,11277.6,242.12,142.42,False,2026-03-11 17:43:53
a0fa73,N162PT,United States,40.6391,-111.9964,1402.08,42.3,166.64,False,2026-03-11 17:43:53
ad0c17,N94PC,United States,33.3116,-98.9421,13106.4,249.33,126.02,False,2026-03-11 17:43:53
a4dd65,AAL271,United States,33.9264,-118.7111,2590.8,147.79,264.61,False,2026-03-11 17:43:53
a36130,DAL1116,United States,40.7854,-111.9815,,0.06,354.38,True,2026-03-11 17:43:53
aa88fb,RPA3706,United States,41.8317,-74.8027,4960.62,204.73,129.29,False,2026-03-11 17:43:53
a5b4c0,N467MS,United States,37.7394,-97.2235,,0.06,95.62,True,2026-03-11 17:43:53
a3bd81,EDV4630,United States,34.4352,-84.8252,2545.08,148.41,332.55,False,2026-03-11 17:43:53
a24d9f,N2479M,United States,32.4415,-96.9143,358.14,44.17,194.85,False,2026-03-11 17:43:53
ad3959,N951LA,United States,34.054,-118.0386,182.88,59.43,101.99,False,2026-03-11 17:43:53
a2fdea,N292LH,United States,28.7541,-81.2283,243.84,50.99,267.11,False,2026-03-11 17:43:53
ac53a0,ASH6309,United States,29.5851,-95.2422,4419.6,159.33,225.0,False,2026-03-11 17:43:53
aab325,NDU789,United States,32.9726,-111.6215,662.94,51.75,83.72,False,2026-03-11 17:43:53
c05430,ROU1675,Canada,31.0808,-81.4264,8884.92,243.08,357.33,False,2026-03-11 17:43:53
a61120,N490LP,United States,33.1355,-112.4691,1897.38,39.37,276.75,False,2026-03-11 17:43:53
aab31a,N789MT,United States,37.9949,-122.0315,121.92,42.68,15.38,False,2026-03-11 17:43:53
ac66cd,N899AK,United States,31.0253,-103.2413,12489.18,258.19,107.75,False,2026-03-11 17:43:53
a5ea37,CXK328,United States,37.9377,-121.5804,426.72,29.49,6.01,False,2026-03-11 17:43:53
ad73a9,AAL1628,United States,41.9868,-87.8927,,7.72,90.0,True,2026-03-11 17:43:53
ac1988,UAL425,United States,30.4982,-89.1302,10972.8,203.53,250.97,False,2026-03-11 17:43:53
a2679a,AAY843,United States,32.0866,-82.4199,10058.4,234.7,1.76,False,2026-03-11 17:43:53
a4dd85,N412WC,United States,43.6842,-117.5006,7620.0,175.08,100.15,False,2026-03-11 17:43:53
a80daf,JIA5055,United States,33.6303,-84.434,,4.89,0.0,True,2026-03-11 17:43:53
a00181,N1RH,United States,35.4986,-80.5422,1188.72,104.49,358.03,False,2026-03-11 17:43:53
a11a81,SKW3739,United States,42.3779,-84.1634,5615.94,179.42,293.85,False,2026-03-11 17:43:53
aa6ed1,AAL864,United States,40.9815,-89.5587,7620.0,190.05,322.48,False,2026-03-11 17:43:53
a2fde3,N292LA,United States,40.3053,-75.1246,746.76,61.05,73.86,False,2026-03-11 17:43:53
a947a3,N6974H,United States,33.2143,-117.396,403.86,37.55,9.46,False,2026-03-11 17:43:53
a73d45,ASA1446,United States,31.6657,-111.0786,11887.2,239.3,161.45,False,2026-03-11 17:43:53
a80dc4,OKC618,United States,28.7002,-96.2443,6515.1,233.63,15.32,False,2026-03-11 17:43:53
ae09d9,BOSOX06,United States,41.9214,-70.6499,914.4,58.79,302.86,False,2026-03-11 17:43:53
ade9c0,JBU52,United States,37.2596,-76.236,10668.0,241.25,31.93,False,2026-03-11 17:43:53
ac66dc,N899B,United States,28.8701,-98.0043,7620.0,170.03,152.81,False,2026-03-11 17:43:53
ad99f9,ASA433,United States,32.828,-111.9966,9144.0,223.26,282.92,False,2026-03-11 17:43:53
a6377a,N5YX,United States,31.9723,-106.716,1516.38,59.3,183.98,False,2026-03-11 17:43:53
a814a2,N62HQ,United States,40.0974,-88.0604,3703.32,101.0,221.08,False,2026-03-11 17:43:53
a324ce,AAL1676,United States,25.7833,-102.2233,11582.4,209.93,209.83,False,2026-03-11 17:43:53
abf96c,SWA1536,United States,38.2076,-85.5029,1859.28,125.21,317.0,False,2026-03-11 17:43:53
ad6cb1,TRF564,United States,32.7733,-96.3622,601.98,62.19,128.96,False,2026-03-11 17:43:53
adcfe6,N9897F,United States,33.1414,-117.2807,403.86,52.29,74.6,False,2026-03-11 17:43:53
ac53d5,SWA3903,United States,36.3944,-111.1388,11887.2,254.49,86.99,False,2026-03-11 17:43:53
abe65a,AAL2972,United States,31.9186,-94.7999,8572.5,178.36,285.56,False,2026-03-11 17:43:53
abf995,SWA2332,United States,33.1856,-86.5719,11277.6,224.91,178.3,False,2026-03-11 17:43:53
a707a3,JBU605,United States,38.3581,-75.5502,10927.08,232.32,199.0,False,2026-03-11 17:43:53
ab967b,DAL2474,United States,29.3762,-79.4082,9448.8,235.19,20.22,False,2026-03-11 17:43:53
ac9c50,N911VU,United States,39.7393,-94.0363,7589.52,138.55,131.09,False,2026-03-11 17:43:53
a8028a,JIA5391,United States,36.5184,-85.4912,10675.62,253.74,68.85,False,2026-03-11 17:43:53
aa88d2,AAL3056,United States,26.6833,-80.1086,-30.48,63.35,92.79,False,2026-03-11 17:43:53
acff5c,CXK579,United States,34.0743,-117.7932,533.4,47.35,91.87,False,2026-03-11 17:43:53
ad1f5c,N9447L,United States,28.2144,-81.6622,617.22,58.44,343.64,False,2026-03-11 17:43:53
c06709,ACA1504,Canada,43.6793,-79.6125,,0.0,90.0,True,2026-03-11 17:43:53
a25fa9,N252HP,United States,31.5462,-82.6171,1615.44,77.95,16.88,False,2026-03-11 17:43:53
ac066b,,United States,41.9716,-87.9113,,8.75,270.0,True,2026-03-11 17:43:53
aca3a3,AAL2944,United States,35.7924,-103.3375,9136.38,209.05,308.51,False,2026-03-11 17:43:53
ad99fc,AAL3128,United States,38.7133,-96.7005,10972.8,195.05,236.73,False,2026-03-11 17:43:53
ad398c,N951NB,United States,33.7866,-114.7784,7246.62,218.63,273.91,False,2026-03-11 17:43:53
a63735,N5WC,United States,32.7134,-96.9066,426.72,69.97,143.97,False,2026-03-11 17:43:53
a577d4,SWA1324,United States,38.6476,-77.7629,5791.2,227.15,85.19,False,2026-03-11 17:43:53
a3d74f,N347A,United States,30.7263,-89.4412,3002.28,76.48,252.78,False,2026-03-11 17:43:53
868012,JAL56,Japan,48.4012,-120.7423,10058.4,316.41,93.36,False,2026-03-11 17:43:53
abc012,SWA1049,United States,41.1829,-97.4031,10980.42,192.8,261.87,False,2026-03-11 17:43:53
a7e279,JIA5557,United States,38.7774,-82.1436,7322.82,219.29,347.4,False,2026-03-11 17:43:53
ac53f8,SWA400,United States,30.1809,-97.6586,,0.0,180.0,True,2026-03-11 17:43:53
a4dd35,SKW3225,United States,44.2354,-116.8394,8854.44,162.23,320.4,False,2026-03-11 17:43:53
ae2007,G72248,United States,32.2798,-106.9323,1264.92,0.0,0.0,False,2026-03-11 17:43:53
aca3d1,SWA421,United States,34.5015,-108.2421,9822.18,229.87,71.2,False,2026-03-11 17:43:53
ad000d,DAL775,United States,41.4884,-81.7333,1021.08,78.51,230.05,False,2026-03-11 17:43:53
ace011,SKW5022,United States,38.9391,-77.4562,,9.77,177.19,True,2026-03-11 17:43:53
ac9c6d,N911WY,United States,36.2351,-115.0296,548.64,16.57,36.16,False,2026-03-11 17:43:53
ab20e6,AAY2941,United States,39.2424,-88.9344,11277.6,234.64,134.56,False,2026-03-11 17:43:53
adcfef,,United States,34.4829,-120.0096,1158.24,40.5,295.59,False,2026-03-11 17:43:53
aac69d,N7938C,United States,32.8151,-116.9728,335.28,40.68,99.46,False,2026-03-11 17:43:53
a4e414,N414ME,United States,34.2162,-118.498,152.4,4.37,45.0,False,2026-03-11 17:43:53
a12191,N172KW,United States,32.8183,-117.1059,342.9,36.45,98.93,False,2026-03-11 17:43:53
a564ab,AAL614,United States,36.0815,-115.1344,,0.0,188.44,True,2026-03-11 17:43:53
a06f22,EJA127,United States,37.6381,-103.4861,13106.4,207.35,261.87,False,2026-03-11 17:43:53
a79da4,N590CL,United States,32.4867,-77.6284,12496.8,248.89,149.3,False,2026-03-11 17:43:53
a8b2f3,N66M,United States,36.2232,-114.2119,12496.8,226.59,24.12,False,2026-03-11 17:43:53
c06724,ACA7124,Canada,50.2359,-115.7345,11681.46,263.15,74.12,False,2026-03-11 17:43:53
ab20df,AAL2486,United States,36.2049,-86.857,10363.2,207.54,295.87,False,2026-03-11 17:43:53
ac40d8,N889SD,United States,44.3039,-96.8172,441.96,36.83,294.78,False,2026-03-11 17:43:53
a564c2,N447BL,United States,35.4602,-78.3157,335.28,62.45,306.96,False,2026-03-11 17:43:53
ab20f5,N816PK,United States,32.2106,-81.2006,388.62,43.74,181.35,False,2026-03-11 17:43:53
ab704b,SCX8470,United States,41.8222,-95.8741,6964.68,155.56,214.9,False,2026-03-11 17:43:53
a18f12,N2TZ,United States,38.3633,-105.429,8534.4,140.72,246.06,False,2026-03-11 17:43:53
a431be,N37DA,United States,37.0985,-84.0228,6400.8,143.3,67.85,False,2026-03-11 17:43:53
a0d90c,AAL1820,United States,34.0559,-117.6102,,5.4,8.44,True,2026-03-11 17:43:53
a08948,N1334P,United States,26.4068,-80.0265,2827.02,49.99,188.88,False,2026-03-11 17:43:53
a3aa32,UPS2929,United States,37.4458,-88.7551,9654.54,288.59,66.13,False,2026-03-11 17:43:53
a4dd2c,N412SP,United States,33.511,-112.2803,548.64,48.45,48.01,False,2026-03-11 17:43:53
a7e297,N607PT,United States,25.5561,-80.6317,914.4,45.97,58.27,False,2026-03-11 17:43:53
a0d911,,United States,25.8781,-77.4204,9608.82,156.94,317.52,False,2026-03-11 17:43:53
71c044,KAL8258,Republic of Korea,40.8758,-71.751,10058.4,256.23,72.11,False,2026-03-11 17:43:53
ad0022,SKW6085,United States,41.2869,-89.2758,6263.64,241.88,61.96,False,2026-03-11 17:43:53
ab7067,UAL1350,United States,34.5311,-99.7197,8839.2,224.31,122.92,False,2026-03-11 17:43:53
a25fca,JSX100,United States,34.1968,-118.3605,,8.23,270.0,True,2026-03-11 17:43:53
a97d85,RGY710,United States,34.9326,-118.4726,9144.0,212.42,311.76,False,2026-03-11 17:43:53
a19648,N201FS,United States,33.5582,-113.2364,1920.24,48.7,301.17,False,2026-03-11 17:43:53
abd1e3,SWA2212,United States,30.7291,-82.71,8442.96,254.07,142.16,False,2026-03-11 17:43:53
a146ce,SWA3278,United States,28.9301,-82.5081,10972.8,216.67,324.76,False,2026-03-11 17:43:53
a801de,FFT3511,United States,40.0369,-75.9273,10972.8,206.89,236.67,False,2026-03-11 17:43:53
a4819b,N39MZ,United States,36.2583,-87.6825,8534.4,125.53,306.17,False,2026-03-11 17:43:53
ab349f,AAL1709,United States,27.9727,-85.5509,12184.38,227.11,288.76,False,2026-03-11 17:43:53
ab349e,N821AM,United States,40.7774,-73.8813,,1.29,289.69,True,2026-03-11 17:43:53
a7dadc,EDV4978,United States,36.4588,-79.5902,2369.82,129.84,202.6,False,2026-03-11 17:43:53
ab349c,ASA245,United States,44.3134,-125.7979,11087.1,212.63,212.65,False,2026-03-11 17:43:53
a1f94c,SWA3492,United States,34.106,-86.3322,3558.54,153.92,233.02,False,2026-03-11 17:43:53
a266bf,N254EA,United States,32.861,-112.2701,2065.02,56.17,151.56,False,2026-03-11 17:43:53
adc43a,N9863L,United States,40.6333,-73.2315,685.8,44.18,117.76,False,2026-03-11 17:43:53
a3e9c5,DAL2655,United States,43.5888,-79.1166,10058.4,261.57,111.22,False,2026-03-11 17:43:53
aa017c,ABX814,United States,47.2417,-122.31,3398.52,155.88,180.38,False,2026-03-11 17:43:53
a37fb0,JBU1940,United States,40.0957,-74.5838,10668.0,237.62,48.51,False,2026-03-11 17:43:53
a8b476,PDT6076,United States,38.1431,-84.3278,1143.0,113.68,311.7,False,2026-03-11 17:43:53
a05c59,AAL2349,United States,33.4321,-111.9927,,0.0,222.19,True,2026-03-11 17:43:53
a266b9,N254DV,United States,42.0961,-79.1165,12496.8,280.75,103.35,False,2026-03-11 17:43:53
ad5a50,N96FF,United States,39.9149,-105.1249,,4.37,345.94,True,2026-03-11 17:43:53
a74492,N5679V,United States,32.6281,-82.9606,426.72,31.59,196.07,False,2026-03-11 17:43:53
a74491,N5679U,United States,33.1874,-84.6456,1036.32,45.89,142.74,False,2026-03-11 17:43:53
a45922,N38BZ,United States,42.3937,-71.0437,243.84,46.25,25.71,False,2026-03-11 17:43:53
485e2e,KLM623,Kingdom of the Netherlands,41.0729,-74.2072,11574.78,231.39,231.5,False,2026-03-11 17:43:53
a2195d,SWA2164,United States,37.6288,-118.4456,9753.6,192.34,280.17,False,2026-03-11 17:43:53
ac3a83,SWA2440,United States,39.804,-83.3914,11582.4,190.41,262.55,False,2026-03-11 17:43:53
ad7471,SWA3496,United States,36.0736,-114.975,1234.44,97.75,270.6,False,2026-03-11 17:43:53
a4a929,BL4NP,United States,30.4413,-87.702,60.96,32.59,168.16,False,2026-03-11 17:43:53
ad5a4b,N96FA,United States,34.3482,-119.2455,1882.14,54.21,279.28,False,2026-03-11 17:43:53
a0633d,N124H,United States,28.6556,-97.5225,7620.0,231.32,86.94,False,2026-03-11 17:43:53
a5f176,EJA482,United States,37.2927,-80.0698,2263.14,87.2,302.47,False,2026-03-11 17:43:53
a97d63,JIA5422,United States,38.8489,-77.0393,,4.37,298.12,True,2026-03-11 17:43:53
acf1da,LFA686,United States,28.9002,-82.4231,1455.42,54.54,268.92,False,2026-03-11 17:43:53
a12ca4,N175KC,United States,41.3475,-94.0948,2240.28,130.45,81.84,False,2026-03-11 17:43:53
a399b9,EDV5157,United States,32.7773,-90.1805,8420.1,197.99,260.88,False,2026-03-11 17:43:53
a06310,FDX5047,United States,36.27,-88.4736,9456.42,174.83,261.37,False,2026-03-11 17:43:53
a17c12,EDV5058,United States,43.299,-85.9774,7620.0,258.77,89.66,False,2026-03-11 17:43:53
a0d93e,N154CA,United States,36.0879,-82.8079,7025.64,122.86,153.11,False,2026-03-11 17:43:53
a67f04,SCX3090,United States,40.4523,-85.7542,9456.42,240.02,325.39,False,2026-03-11 17:43:53
a84a7b,SKW4995,United States,43.2856,-91.2838,4732.02,182.88,305.61,False,2026-03-11 17:43:53
a9e75f,N737ZV,United States,30.3995,-81.512,266.7,46.22,196.82,False,2026-03-11 17:43:53
a516b6,N427MC,United States,42.5579,-89.1058,13106.4,160.05,253.95,False,2026-03-11 17:43:53
a5c91b,LXJ472,United States,38.2279,-113.1252,9448.8,244.84,33.69,False,2026-03-11 17:43:53
ad614c,EJA961,United States,41.9263,-75.7197,10363.2,202.07,306.93,False,2026-03-11 17:43:53
a3e9f3,EJA351,United States,33.4381,-116.6865,6774.18,197.92,66.57,False,2026-03-11 17:43:53
a8b44e,AAL1279,United States,39.7128,-84.034,7680.96,195.93,235.27,False,2026-03-11 17:43:53
a56621,N447RM,United States,45.79,-108.4805,1203.96,40.7,339.27,False,2026-03-11 17:43:53
a48172,JUMP9,United States,32.8589,-111.6516,3444.24,63.17,139.96,False,2026-03-11 17:43:53
a4ca66,AAL2216,United States,32.9031,-97.028,,14.4,0.0,True,2026-03-11 17:43:53
a000d6,N1JM,United States,27.9859,-97.2809,548.64,101.39,139.11,False,2026-03-11 17:43:53
a84a1a,JIA5412,United States,29.4939,-81.0442,2339.34,141.23,132.93,False,2026-03-11 17:43:53
ab8f0d,DAL1401,United States,26.436,-79.5138,5135.88,207.74,45.9,False,2026-03-11 17:43:53
a0bf8c,UAL2454,United States,33.4839,-89.7866,11887.2,269.01,86.6,False,2026-03-11 17:43:53
c1e8db,CAR1,Canada,43.5427,-79.8619,,24.18,227.81,True,2026-03-11 17:43:53
a85119,JBU2066,United States,42.3654,-71.0132,,2.83,205.31,True,2026-03-11 17:43:53
a120c4,N172BR,United States,33.6725,-117.8481,182.88,41.06,37.87,False,2026-03-11 17:43:53
a8642d,N64PF,United States,25.6926,-81.0126,2529.84,85.97,182.06,False,2026-03-11 17:43:53
a4462e,DAL1112,United States,29.2836,-98.6367,9448.8,254.45,122.53,False,2026-03-11 17:43:53
a24ce0,UAL1823,United States,31.7624,-95.923,11483.34,233.41,317.59,False,2026-03-11 17:43:53
a6c1b8,N5340Y,United States,34.524,-119.849,2164.08,87.3,135.0,False,2026-03-11 17:43:53
c05efd,JZA376,Canada,49.3347,-120.4196,6393.18,224.41,84.21,False,2026-03-11 17:43:53
c05efc,JZA215,Canada,45.4574,-73.7454,,5.14,255.94,True,2026-03-11 17:43:53
a43f51,DAL706,United States,34.075,-84.6552,3672.84,201.42,344.9,False,2026-03-11 17:43:53
a2ec31,N288FA,United States,37.7775,-77.2827,12192.0,240.95,17.78,False,2026-03-11 17:43:53
a791c0,AAL3275,United States,34.6237,-87.4678,10058.4,257.17,101.42,False,2026-03-11 17:43:53
a91ab7,NKS205,United States,41.0472,-82.6083,9144.0,236.91,338.34,False,2026-03-11 17:43:53
a000e7,N1KD,United States,40.8704,-96.879,2110.74,140.49,256.01,False,2026-03-11 17:43:53
ac79c7,AAL1743,United States,42.4332,-98.0028,11582.4,194.56,274.55,False,2026-03-11 17:43:53
a9d40b,N732SB,United States,35.8464,-86.4439,8229.6,140.96,150.72,False,2026-03-11 17:43:53
a4ca6a,ASA311,United States,39.2252,-109.2158,10058.4,249.2,49.44,False,2026-03-11 17:43:53
a92ddf,UAL345,United States,35.3945,-113.2335,9753.6,222.85,260.3,False,2026-03-11 17:43:53
a6cde2,,United States,32.7966,-85.2512,,39.06,192.94,False,2026-03-11 17:43:53
a75786,N572TF,United States,32.8697,-96.2257,342.9,38.2,295.53,False,2026-03-11 17:43:53
a2c9ec,SWA3225,United States,37.4646,-79.5775,11582.4,210.61,233.24,False,2026-03-11 17:43:53
a1cc47,N215C,United States,27.4901,-82.0014,1607.82,57.95,106.5,False,2026-03-11 17:43:53
a19691,RPA5731,United States,40.5291,-74.8763,3063.24,188.48,111.45,False,2026-03-11 17:43:53
c065e3,CGMPE,Canada,52.7081,-110.0452,7924.8,115.06,282.92,False,2026-03-11 17:43:53
ac1934,EJA879,United States,32.256,-106.6906,13106.4,225.88,310.47,False,2026-03-11 17:43:53
c052ca,WJA2194,Canada,40.1233,-111.2505,11277.6,263.51,142.62,False,2026-03-11 17:43:53
a013e8,DAL2858,United States,40.9683,-83.744,7955.28,202.86,198.48,False,2026-03-11 17:43:53
a97d21,N710MA,United States,33.181,-117.4213,830.58,71.6,2.88,False,2026-03-11 17:43:53
a84a50,EJA633,United States,33.7111,-84.3941,1783.08,132.33,182.45,False,2026-03-11 17:43:53
a06f8a,AAL3167,United States,30.4105,-82.2243,10980.42,239.82,185.54,False,2026-03-11 17:43:53
acff02,N9365H,United States,33.541,-82.0822,1005.84,45.23,340.74,False,2026-03-11 17:43:53
acc9b2,DAL1979,United States,34.3954,-83.7984,10058.4,254.75,138.52,False,2026-03-11 17:43:53
a4460e,UAL1416,United States,32.0652,-106.9831,10058.4,250.54,100.41,False,2026-03-11 17:43:53
a4460d,UAL1469,United States,26.1217,-81.5152,5867.4,203.42,115.46,False,2026-03-11 17:43:53
a99744,NKS1491,United States,39.1832,-75.249,8968.74,226.6,221.87,False,2026-03-11 17:43:53
a24cc0,UAL1693,United States,41.972,-87.8973,,7.72,241.88,True,2026-03-11 17:43:53
a146f9,UAL571,United States,32.9481,-88.6645,9753.6,197.22,242.16,False,2026-03-11 17:43:53
a98412,N712GA,United States,33.545,-112.0394,609.6,61.15,190.18,False,2026-03-11 17:43:53
a97d1a,N710LU,United States,37.1825,-79.0112,1143.0,61.68,58.3,False,2026-03-11 17:43:53
ab3fcc,AAL1572,United States,43.6861,-79.6258,,6.17,45.0,True,2026-03-11 17:43:53
aa1455,N749DS,United States,40.2337,-111.7355,1257.3,38.67,146.94,False,2026-03-11 17:43:53
a0634c,RPA4433,United States,40.7762,-73.8723,,0.0,185.62,True,2026-03-11 17:43:53
a814f4,XEN62,United States,35.9757,-78.7876,9418.32,248.17,24.49,False,2026-03-11 17:43:53
a0bf5d,CXK426,United States,40.1448,-112.0559,2080.26,59.76,2.96,False,2026-03-11 17:43:53
a5f162,EDV4903,United States,35.0697,-89.7578,3589.02,174.47,358.31,False,2026-03-11 17:43:53
a92dc6,N6905J,United States,41.9579,-72.4198,1371.6,33.85,233.65,False,2026-03-11 17:43:53
aa276a,RPA3400,United States,42.4224,-76.9707,10347.96,200.83,292.76,False,2026-03-11 17:43:53
a61173,EDV5046,United States,35.7547,-80.493,3596.64,141.54,214.04,False,2026-03-11 17:43:53
a0bf7c,N1473K,United States,34.2968,-83.3319,3307.08,88.99,169.34,False,2026-03-11 17:43:53
a1e632,N221RC,United States,38.137,-121.7166,3825.24,96.05,55.03,False,2026-03-11 17:43:53
0d05e4,SLI2710,Mexico,31.6403,-87.5999,10965.18,261.89,55.0,False,2026-03-11 17:43:53
a17c65,SKW3450,United States,37.7054,-122.4471,1645.92,139.88,231.57,False,2026-03-11 17:43:53
a399e5,N331DV,United States,33.8076,-100.232,13106.4,196.19,108.34,False,2026-03-11 17:43:53
a4ca8c,N408CA,United States,32.9585,-117.3024,1447.8,40.96,32.69,False,2026-03-11 17:43:53
a399e4,DAL2482,United States,49.4221,-110.2786,10363.2,184.39,275.12,False,2026-03-11 17:43:53
c052d7,WJA2964,Canada,45.5628,-73.5475,1584.96,125.85,145.66,False,2026-03-11 17:43:53
a133d5,N177GS,United States,38.9071,-97.1799,670.56,55.77,104.42,False,2026-03-11 17:43:53
a120a6,N172AL,United States,37.454,-122.1139,,1.29,174.38,True,2026-03-11 17:43:53
c052d3,WJA2912,Canada,45.1103,-73.2405,5425.44,187.05,153.72,False,2026-03-11 17:43:53
ac1951,RPA5683,United States,38.3213,-76.3879,8458.2,231.47,43.2,False,2026-03-11 17:43:53
aaac0a,N787RM,United States,32.662,-80.4077,1798.32,66.98,233.75,False,2026-03-11 17:43:53
a7ede5,XSN06,United States,37.2316,-113.2437,6499.86,132.41,240.95,False,2026-03-11 17:43:53
a266e0,N254FJ,United States,31.1882,-102.7733,9753.6,232.8,282.38,False,2026-03-11 17:43:53
a399de,DAL862,United States,35.2997,-81.4969,10668.0,266.48,53.24,False,2026-03-11 17:43:53
a5ea5c,UAL1297,United States,40.1879,-92.7563,9144.0,184.81,237.5,False,2026-03-11 17:43:53
407719,EDC722L,United Kingdom,46.251,-64.9707,13106.4,197.34,245.84,False,2026-03-11 17:43:53
c078cd,CGTTK,Canada,50.7768,-113.0241,2606.04,70.51,352.87,False,2026-03-11 17:43:53
a756d2,LAE1827,United States,25.5964,-80.0486,3086.1,162.43,305.2,False,2026-03-11 17:43:53
a8bfb6,DAL8946,United States,49.8959,-97.2417,,1.29,348.75,True,2026-03-11 17:43:53
a503d7,N422JB,United States,42.3467,-85.4487,3261.36,115.45,327.37,False,2026-03-11 17:43:53
aac4a4,N793RC,United States,38.3461,-81.8493,12192.0,183.01,266.29,False,2026-03-11 17:43:53
aa5000,N7637F,United States,33.6298,-111.6881,1341.12,45.7,31.18,False,2026-03-11 17:43:53
a43357,N37VK,United States,32.6569,-97.0926,182.88,52.06,348.02,False,2026-03-11 17:43:53
a9360e,SKW3863,United States,38.7478,-90.3636,,6.69,210.94,True,2026-03-11 17:43:53
a3c3e6,UAL1886,United States,31.7984,-86.8948,11277.6,268.15,50.29,False,2026-03-11 17:43:53
a44682,N375BL,United States,35.4073,-78.3303,1257.3,70.96,46.47,False,2026-03-11 17:43:53
a42020,DAL1103,United States,43.2849,-75.1781,9144.0,198.09,280.17,False,2026-03-11 17:43:53
a98fc0,N715MN,United States,40.0335,-109.9691,10058.4,245.97,156.06,False,2026-03-11 17:43:53
a5c973,N472KK,United States,39.9518,-74.8235,137.16,26.2,160.5,False,2026-03-11 17:43:53
040102,ETH575,Ethiopia,45.3211,-82.1915,11277.6,309.6,60.54,False,2026-03-11 17:43:53
a5fcd0,N485SV,United States,33.5745,-79.7074,2095.5,102.17,17.89,False,2026-03-11 17:43:53
a92f2d,N691HS,United States,39.9732,-74.1047,304.8,81.48,356.02,False,2026-03-11 17:43:53
aa763f,AAL1097,United States,32.8861,-97.0431,,9.77,270.0,True,2026-03-11 17:43:53
89911c,CAL5234,Taiwan,41.988,-87.6561,1371.6,90.03,270.0,False,2026-03-11 17:43:53
a360b7,JBU1191,United States,42.2333,-71.1535,5135.88,150.97,256.2,False,2026-03-11 17:43:53
ac4d1a,DAL1392,United States,29.8802,-78.3342,10668.0,219.7,6.86,False,2026-03-11 17:43:53
ac6744,FDX3648,United States,40.0145,-94.8099,9448.8,289.13,89.49,False,2026-03-11 17:43:53
ad1da9,SKW5460,United States,37.6209,-122.3831,,0.0,298.12,True,2026-03-11 17:43:53
c05eac,ACA782,Canada,41.188,-102.595,10058.4,261.96,66.51,False,2026-03-11 17:43:53
a240dc,SWA3638,United States,40.7584,-110.3144,10668.0,276.16,94.7,False,2026-03-11 17:43:53
899133,EVA634,Taiwan,51.7745,-119.3194,9448.8,304.77,118.43,False,2026-03-11 17:43:53
ad6d03,SWA2742,United States,32.7315,-117.1911,,0.0,196.88,True,2026-03-11 17:43:53
a8fc09,UAL558,United States,43.601,-80.6133,10660.38,269.79,97.45,False,2026-03-11 17:43:53
aa630b,TAI444,United States,32.1561,-81.9071,11285.22,237.54,24.84,False,2026-03-11 17:43:53
c05eb6,ACA163,Canada,51.1802,-98.722,9761.22,222.4,292.29,False,2026-03-11 17:43:53
abf7c5,N870QS,United States,27.6963,-84.1591,13106.4,222.26,281.08,False,2026-03-11 17:43:53
a70975,N55218,United States,36.1208,-97.0854,548.64,31.9,0.0,False,2026-03-11 17:43:53
ac541b,SWA3457,United States,41.3625,-89.9748,5791.2,187.93,139.55,False,2026-03-11 17:43:53
a386fb,JBU2097,United States,26.102,-80.6897,1828.8,120.78,98.82,False,2026-03-11 17:43:53
a0a02f,N13986,United States,28.1486,-80.8063,533.4,57.14,316.82,False,2026-03-11 17:43:53
ac04ae,SWA3760,United States,37.3653,-121.9256,,0.0,47.81,True,2026-03-11 17:43:53
aac4c4,SKW5333,United States,35.9759,-103.2775,11277.6,255.6,153.33,False,2026-03-11 17:43:53
a1836c,AAY3031,United States,34.9882,-83.9743,5379.72,198.51,3.86,False,2026-03-11 17:43:53
a3133c,ASA211,United States,42.569,-87.5218,11277.6,279.94,91.37,False,2026-03-11 17:43:53
a4f6fe,EJA419,United States,37.1472,-81.3386,7620.0,229.2,138.37,False,2026-03-11 17:43:53
c05edf,ACA575,Canada,46.7843,-116.6302,10363.2,172.57,300.85,False,2026-03-11 17:43:53
acb741,N91834,United States,33.9278,-117.5663,1729.74,47.22,299.36,False,2026-03-11 17:43:53
899105,CAL5266,Taiwan,39.0016,-103.123,10668.0,295.71,119.15,False,2026-03-11 17:43:53
c05edb,ACA739,Canada,39.1769,-113.0584,10972.8,194.19,253.53,False,2026-03-11 17:43:53
a80f63,N6184J,United States,33.3541,-84.3961,922.02,36.12,259.33,False,2026-03-11 17:43:53
ab8df7,N8434W,United States,35.3867,-80.6027,670.56,39.81,237.13,False,2026-03-11 17:43:53
ac04c2,SKW5654,United States,34.6943,-117.1126,7726.68,231.98,54.48,False,2026-03-11 17:43:53
a1e695,N221VB,United States,36.5706,-114.3888,1828.8,68.42,53.56,False,2026-03-11 17:43:53
a7ef3c,N610FA,United States,40.2938,-75.1861,914.4,72.7,63.98,False,2026-03-11 17:43:53
ad1db0,N944TC,United States,31.2051,-85.4937,487.68,48.94,12.14,False,2026-03-11 17:43:53
a85cad,JIA5285,United States,32.4972,-96.7608,2026.92,125.83,273.99,False,2026-03-11 17:43:53
a93604,SKW5139,United States,38.2836,-106.8032,10066.02,238.84,50.07,False,2026-03-11 17:43:53
a5c990,,United States,33.535,-112.2914,,2.31,25.31,True,2026-03-11 17:43:53
a92f0e,N691GL,United States,32.4521,-87.3825,12496.8,267.36,129.85,False,2026-03-11 17:43:53
ac04be,ASH6367,United States,33.364,-87.7625,9753.6,199.24,243.63,False,2026-03-11 17:43:53
a0a056,TASI314,United States,32.9614,-97.3124,304.8,64.28,349.86,False,2026-03-11 17:43:53
ac5442,DAL2490,United States,35.5936,-95.1795,8229.6,258.38,80.26,False,2026-03-11 17:43:53
aa26c8,SKW6315,United States,36.1914,-106.4472,7315.2,194.04,312.74,False,2026-03-11 17:43:53
a80307,N615TN,United States,26.1696,-79.6931,845.82,86.07,266.57,False,2026-03-11 17:43:53
ab477d,DAL649,United States,37.4895,-107.9014,10058.4,270.95,146.07,False,2026-03-11 17:43:53
a5536c,NEW442,United States,30.1013,-79.0589,11574.78,245.49,196.31,False,2026-03-11 17:43:53
ac4107,UAL1515,United States,34.0023,-103.5497,10675.62,249.09,132.32,False,2026-03-11 17:43:53
a98fb8,N715ME,United States,32.6619,-86.7331,13716.0,216.24,140.21,False,2026-03-11 17:43:53
ac17ee,ES809,United States,38.5677,-121.2797,-38.1,39.93,231.8,False,2026-03-11 17:43:53
a6bc31,SKW4688,United States,41.2419,-103.9938,10020.3,222.17,39.55,False,2026-03-11 17:43:53
ac04d3,SWA2677,United States,28.0516,-83.1569,7932.42,228.84,257.93,False,2026-03-11 17:43:53
c05ed8,ACA7116,Canada,45.678,-74.031,,0.26,101.25,True,2026-03-11 17:43:53
abe4b9,SWA3223,United States,28.1144,-86.1503,11277.6,255.16,104.12,False,2026-03-11 17:43:53
a31344,N298AT,United States,30.9375,-84.1336,3284.22,87.0,137.16,False,2026-03-11 17:43:53
c05ed9,ACA455,Canada,43.6891,-79.627,,2.06,149.06,True,2026-03-11 17:43:53
ad8769,AAL885,United States,44.337,-97.6216,8839.2,258.85,102.63,False,2026-03-11 17:43:53
a218a2,N234PA,United States,26.5541,-80.1174,251.46,48.69,263.33,False,2026-03-11 17:43:53
ad1dd4,WUP944,United States,37.9721,-103.9932,11887.2,275.98,114.8,False,2026-03-11 17:43:53
aceaa6,N931PA,United States,32.9203,-111.4629,586.74,56.94,147.17,False,2026-03-11 17:43:53
aab1af,SWA1464,United States,36.6,-91.3479,10363.2,213.97,295.95,False,2026-03-11 17:43:53
ab7ae4,DAL109,United States,40.0636,-75.494,9753.6,231.71,233.49,False,2026-03-11 17:43:53
a62fd1,SWA2240,United States,34.4743,-117.2032,7612.38,200.94,51.34,False,2026-03-11 17:43:53
a3bcc9,N34UT,United States,31.702,-81.268,1272.54,85.12,7.64,False,2026-03-11 17:43:53
a82903,EDV5110,United States,26.9531,-80.1585,10363.2,249.06,166.62,False,2026-03-11 17:43:53
ae57d2,C2008,United States,43.7623,-69.5691,7010.4,188.33,39.12,False,2026-03-11 17:43:53
ac04f5,SWA2006,United States,47.1469,-116.157,7315.2,176.28,300.91,False,2026-03-11 17:43:53
a74fa2,JIA5020,United States,40.8448,-78.4925,10058.4,227.43,184.02,False,2026-03-11 17:43:53
c05ea2,ACA292,Canada,49.5682,-109.1638,10675.62,263.15,83.26,False,2026-03-11 17:43:53
a4dcb6,N412MW,United States,33.4194,-79.4492,3977.64,126.73,235.08,False,2026-03-11 17:43:53
a67f41,N518BA,United States,33.664,-85.8247,1935.48,70.62,218.79,False,2026-03-11 17:43:53
a74fd8,EJA570,United States,29.3823,-82.2139,6377.94,217.34,167.84,False,2026-03-11 17:43:53
ab2169,UAL2148,United States,42.0028,-87.8914,281.94,62.76,270.47,False,2026-03-11 17:43:53
a7ef08,SKW3718,United States,32.4624,-111.4135,3101.34,152.51,106.66,False,2026-03-11 17:43:53
ad6116,AAL3206,United States,25.3504,-79.275,7010.4,210.82,119.69,False,2026-03-11 17:43:53
a56661,UAL1858,United States,38.9465,-77.4457,,0.0,160.31,True,2026-03-11 17:43:53
a2e045,UAL740,United States,34.3916,-98.1437,10363.2,222.27,301.85,False,2026-03-11 17:43:53
a9d46f,N732WB,United States,31.7927,-106.1956,2065.02,106.1,272.78,False,2026-03-11 17:43:53
a1d37a,N21692,United States,29.1829,-81.0396,0.0,43.73,244.94,False,2026-03-11 17:43:53
a5c969,N472K,United States,38.9655,-77.4558,,7.2,180.0,True,2026-03-11 17:43:53
a55f6c,RPA4616,United States,38.8287,-77.036,403.86,69.45,180.42,False,2026-03-11 17:43:53
a42c75,N36800,United States,26.694,-81.1734,1706.88,36.19,95.71,False,2026-03-11 17:43:53
a503bf,N422HC,United States,35.5446,-115.8467,10058.4,167.36,46.0,False,2026-03-11 17:43:53
a57997,AAL2506,United States,36.9858,-86.748,11285.22,274.58,94.62,False,2026-03-11 17:43:53
a9eebc,N739ZC,United States,39.6968,-104.4323,2125.98,40.14,181.47,False,2026-03-11 17:43:53
a8d5bd,AAL2143,United States,33.4376,-111.9948,,0.0,104.06,True,2026-03-11 17:43:53
ae06db,REY53,United States,34.3219,-112.1769,6553.2,129.23,350.84,False,2026-03-11 17:43:53
a107b4,CXK556,United States,32.3663,-111.4473,2171.7,59.41,119.01,False,2026-03-11 17:43:53
a15729,N186CA,United States,27.5239,-81.9175,2072.64,48.09,117.39,False,2026-03-11 17:43:53
a4ebfe,N416SD,United States,28.7173,-81.669,60.96,40.29,354.87,False,2026-03-11 17:43:53
a31b9e,525C0063,United States,32.9416,-112.7854,13716.0,235.46,80.95,False,2026-03-11 17:43:53
abdc76,ASH3985,United States,32.6449,-96.5672,10363.2,258.83,341.1,False,2026-03-11 17:43:53
a56285,N446SP,United States,37.3321,-121.8197,-91.44,21.3,322.85,False,2026-03-11 17:43:53
a7fe51,N614HH,United States,37.7725,-108.4161,3208.02,52.93,27.81,False,2026-03-11 17:43:53
a752bf,SKW5214,United States,35.6005,-102.7661,9090.66,254.45,159.4,False,2026-03-11 17:43:53
a8bbbc,AAL2411,United States,36.5024,-120.9695,8663.94,263.87,129.46,False,2026-03-11 17:43:53
a632f6,EJA499,United States,40.955,-104.9775,11757.66,144.91,330.43,False,2026-03-11 17:43:53
a07dc8,UAL995,United States,43.5898,-73.1352,9814.56,228.82,221.72,False,2026-03-11 17:43:53
ae06e4,FOXX836,United States,37.3336,-79.9657,,0.0,326.25,True,2026-03-11 17:43:53
abef98,SWA546,United States,37.0952,-96.3914,11582.4,205.06,192.61,False,2026-03-11 17:43:53
aa735a,SWA708,United States,26.97,-97.8072,11887.2,220.07,167.72,False,2026-03-11 17:43:53
c001da,ASP827,Canada,35.3891,-77.2256,12192.0,228.42,204.2,False,2026-03-11 17:43:53
a67b94,N517BL,United States,30.6829,-87.3357,868.68,57.0,143.44,False,2026-03-11 17:43:53
a6959b,N523RS,United States,39.0894,-77.5624,167.64,37.42,161.57,False,2026-03-11 17:43:53
a8cec7,FFT4797,United States,33.6439,-84.4242,,0.0,0.0,True,2026-03-11 17:43:53
a43b85,DAL1996,United States,28.2695,-79.662,10972.8,252.45,124.79,False,2026-03-11 17:43:53
a097a4,,United States,37.2239,-76.71,243.84,45.66,326.49,False,2026-03-11 17:43:53
ad1c78,ERU944,United States,29.1911,-81.0321,53.34,34.53,245.34,False,2026-03-11 17:43:53
ab30f0,AAL3044,United States,42.3616,-71.0218,,0.0,106.88,True,2026-03-11 17:43:53
a20297,N229BP,United States,29.7432,-95.4799,1036.32,113.5,44.63,False,2026-03-11 17:43:53
a7fe85,N614KK,United States,31.3402,-81.1888,2994.66,89.0,220.78,False,2026-03-11 17:43:53
a99ed2,JIA9950,United States,38.7459,-77.8108,3756.66,177.28,52.66,False,2026-03-11 17:43:53
a44262,DAL2623,United States,27.1668,-79.4523,5501.64,210.29,44.01,False,2026-03-11 17:43:53
adcccc,N989CG,United States,41.8065,-80.8525,6118.86,198.64,91.48,False,2026-03-11 17:43:53
a45592,DAL525,United States,33.4576,-84.3473,3901.44,202.55,82.12,False,2026-03-11 17:43:53
a872d4,N64303,United States,34.0795,-84.6756,708.66,48.37,330.71,False,2026-03-11 17:43:53
abf67f,ES800,United States,38.5489,-121.3118,114.3,41.06,232.13,False,2026-03-11 17:43:53
a43b79,CAP4722,United States,39.3821,-78.013,723.9,31.38,190.39,False,2026-03-11 17:43:53
abdc91,ASH4024,United States,33.4726,-95.7571,9761.22,179.57,212.01,False,2026-03-11 17:43:53
a79b5d,N59DD,United States,35.9289,-114.8395,838.2,31.93,92.77,False,2026-03-11 17:43:53
abdc96,ASH4065,United States,37.9221,-87.7813,10363.2,183.82,243.58,False,2026-03-11 17:43:53
c05d7b,WJA231,Canada,50.4168,-101.5857,10972.8,213.1,282.12,False,2026-03-11 17:43:53
aa7f8d,CKS255,United States,39.2266,-84.3605,1973.58,128.89,337.22,False,2026-03-11 17:43:53
aa7f8c,N776CJ,United States,38.2353,-75.3364,6781.8,218.42,24.94,False,2026-03-11 17:43:53
a6d241,JIA5647,United States,43.1725,-89.1605,2080.26,144.49,94.49,False,2026-03-11 17:43:53
c001e6,ASP524,Canada,25.9599,-80.4793,411.48,90.72,176.42,False,2026-03-11 17:43:53
a885f4,UAL1155,United States,38.1103,-78.8696,9761.22,218.23,237.81,False,2026-03-11 17:43:53
adccd0,KPO989,United States,28.3946,-80.964,7406.64,199.19,340.07,False,2026-03-11 17:43:53
aa600a,JBU2834,United States,32.2219,-80.9038,10660.38,235.4,25.5,False,2026-03-11 17:43:53
a25d36,SWA4306,United States,42.0971,-72.4392,8900.16,216.88,287.53,False,2026-03-11 17:43:53
c027da,CJT301,Canada,45.612,-82.8109,9151.62,223.12,308.16,False,2026-03-11 17:43:53
a0baa1,SKW5905,United States,39.4538,-102.317,9753.6,189.63,247.68,False,2026-03-11 17:43:53
a7fe27,FFT2272,United States,25.9355,-81.0866,3550.92,170.91,112.47,False,2026-03-11 17:43:53
a68e4c,SKW6212,United States,32.7176,-110.5519,10668.0,233.57,100.79,False,2026-03-11 17:43:53
a68214,N5184J,United States,33.9499,-117.435,,0.0,33.75,True,2026-03-11 17:43:53
a79b20,N59AT,United States,38.6031,-121.3934,2156.46,83.75,26.25,False,2026-03-11 17:43:53
a55b3c,UAL1237,United States,42.0027,-87.714,1104.9,84.88,270.35,False,2026-03-11 17:43:53
a06aba,RPA4530,United States,40.6933,-75.0268,7010.4,176.69,255.15,False,2026-03-11 17:43:53
a214a0,N233LA,United States,34.1066,-118.3897,518.16,52.64,111.8,False,2026-03-11 17:43:53
a3e5fa,DAL2409,United States,42.9594,-74.4166,8534.4,224.63,300.56,False,2026-03-11 17:43:53
a7c8c7,N600RS,United States,29.0495,-82.065,182.88,71.2,310.02,False,2026-03-11 17:43:53
a347b1,ENY3739,United States,39.3447,-94.7084,7620.0,240.45,21.46,False,2026-03-11 17:43:53
add3d9,NKS1681,United States,29.6556,-81.6762,11269.98,214.21,355.32,False,2026-03-11 17:43:53
a8d5a4,UAL1631,United States,35.7331,-105.9172,9753.6,214.39,264.77,False,2026-03-11 17:43:53
a3d2e5,UAL1036,United States,27.0608,-82.4837,4754.88,187.78,154.7,False,2026-03-11 17:43:53
abd063,RPA5749,United States,38.8717,-77.0398,83.82,61.99,174.76,False,2026-03-11 17:43:53
abdc9b,SWA2200,United States,42.8102,-112.6866,10058.4,296.95,112.83,False,2026-03-11 17:43:53
a9a80f,N721JD,United States,34.1293,-117.9754,1280.16,53.88,259.55,False,2026-03-11 17:43:53
a18ab0,N199MC,United States,37.8441,-120.6424,1554.48,58.53,169.88,False,2026-03-11 17:43:53
a95850,N701AL,United States,31.9782,-86.4298,2415.54,70.26,246.25,False,2026-03-11 17:43:53
a0d4c2,N15255,United States,36.5071,-75.963,914.4,64.39,82.19,False,2026-03-11 17:43:53
a4ebd9,EJA416,United States,33.3651,-85.1165,8046.72,211.23,19.94,False,2026-03-11 17:43:53
a6cb01,LXJ537,United States,45.6554,-87.6642,13106.4,208.9,279.07,False,2026-03-11 17:43:53
a18ab4,N199MG,United States,34.8376,-77.884,3154.68,92.09,179.36,False,2026-03-11 17:43:53
a95855,N701AR,United States,34.601,-116.7693,3406.14,92.41,44.1,False,2026-03-11 17:43:53
a00a50,N101VK,United States,29.6863,-98.0112,518.16,37.84,226.1,False,2026-03-11 17:43:53
a071c2,DAL935,United States,42.4573,-85.4985,8686.8,194.0,271.37,False,2026-03-11 17:43:53
ad2384,DAL3198,United States,33.6406,-84.4288,,1.29,247.5,True,2026-03-11 17:43:53
a8d5a0,UAL1371,United States,29.0492,-98.5059,2956.56,159.15,19.84,False,2026-03-11 17:43:53
a39723,EDV5372,United States,37.5063,-85.8758,9448.8,206.62,205.67,False,2026-03-11 17:43:53
a13d1c,N1791E,United States,40.7129,-111.8173,5181.6,101.37,88.84,False,2026-03-11 17:43:53
a097e9,UAL2684,United States,43.451,-103.7338,10363.2,193.16,267.1,False,2026-03-11 17:43:53
aba804,N850GX,United States,33.9741,-83.9669,,0.0,247.5,True,2026-03-11 17:43:53
a03760,N113AH,United States,33.7795,-84.5171,,4.37,208.12,True,2026-03-11 17:43:53
a03765,AAL307,United States,38.0566,-105.9594,9448.8,259.9,78.47,False,2026-03-11 17:43:53
a6f880,AVL515,United States,39.0279,-78.14,906.78,36.0,210.96,False,2026-03-11 17:43:53
c00dea,ACA165,Canada,51.3712,-95.5646,9761.22,218.12,284.76,False,2026-03-11 17:43:53
aa7f4e,UAL2464,United States,36.7159,-76.5743,10972.8,229.53,200.47,False,2026-03-11 17:43:53
a07dcd,UAL905,United States,40.6826,-74.1776,,10.8,39.38,True,2026-03-11 17:43:53
a56256,EJA446,United States,34.2081,-118.487,,0.0,261.56,True,2026-03-11 17:43:53
ac7809,EJA902,United States,35.4751,-82.5596,815.34,60.39,159.56,False,2026-03-11 17:43:53
71ba02,KAL092,Republic of Korea,42.3708,-71.0214,,0.77,149.06,True,2026-03-11 17:43:53
c05d3c,JZA840,Canada,42.6414,-123.2569,11277.6,233.65,178.36,False,2026-03-11 17:43:53
ac5e01,SWA906,United States,35.6315,-76.9665,10980.42,231.68,197.71,False,2026-03-11 17:43:53
a6cb0d,,United States,38.9442,-77.4476,,0.0,357.19,True,2026-03-11 17:43:53
a44298,,United States,38.9332,-121.3394,60.96,42.75,309.63,False,2026-03-11 17:43:53
a07de2,N1302U,United States,28.112,-82.0548,457.2,48.88,91.21,False,2026-03-11 17:43:53
a06ab1,N126HF,United States,40.8194,-72.8765,182.88,34.65,198.17,False,2026-03-11 17:43:53
a01112,AAL12,United States,35.601,-106.5926,10660.38,250.41,86.82,False,2026-03-11 17:43:53
a68e7c,AAL1225,United States,32.906,-97.0341,,2.06,205.31,True,2026-03-11 17:43:53
aab09a,,United States,39.8638,-104.6623,,4.89,0.0,True,2026-03-11 17:43:53
a00a31,N101UD,United States,30.6813,-96.5165,13251.18,225.51,280.52,False,2026-03-11 17:43:53
a25d10,N251V,United States,25.7547,-80.1898,121.92,36.84,54.09,False,2026-03-11 17:43:53
a467f1,N383RL,United States,40.7719,-73.3443,5791.2,150.41,57.29,False,2026-03-11 17:43:53
a88700,DAL8954,United States,36.229,-93.0856,11582.4,194.01,271.52,False,2026-03-11 17:43:53
ae6903,SB21,United States,32.8155,-118.3647,53.34,61.95,302.11,False,2026-03-11 17:43:53
a18ada,AAY542,United States,36.5065,-83.6368,10363.2,228.67,347.53,False,2026-03-11 17:43:53
a321a9,XSR300,United States,39.16,-84.8691,2987.04,177.28,32.08,False,2026-03-11 17:43:53
aa0b10,RPA3601,United States,43.1997,-83.6557,10668.0,259.43,84.54,False,2026-03-11 17:43:53
a3d425,FFT3364,United States,31.8309,-83.3073,11277.6,245.52,170.72,False,2026-03-11 17:43:53
a4b7d3,AAL1219,United States,39.1192,-103.3438,8282.94,177.78,301.39,False,2026-03-11 17:43:53
ac0f26,SWA2066,United States,41.6985,-87.6307,952.5,82.97,313.49,False,2026-03-11 17:43:53
a1e1b1,ASA959,United States,38.8714,-121.5746,1600.2,138.48,2.13,False,2026-03-11 17:43:53
a12a64,N1740C,United States,28.3302,-82.0521,441.96,50.33,229.14,False,2026-03-11 17:43:53
ab56b4,N83HD,United States,38.7639,-120.5522,3848.1,169.41,257.91,False,2026-03-11 17:43:53
a51425,RPA4533,United States,38.7414,-90.3566,,6.43,123.75,True,2026-03-11 17:43:53
aacf1f,N796JH,United States,33.8765,-115.8705,7825.74,224.71,189.35,False,2026-03-11 17:43:53
ab9f38,SCX421,United States,35.5009,-115.0892,10972.8,217.46,227.97,False,2026-03-11 17:43:53
a37d3c,N324AR,United States,33.8679,-103.8554,5463.54,116.73,319.29,False,2026-03-11 17:43:53
ac76a7,AAL867,United States,31.1958,-84.5922,10972.8,213.42,322.25,False,2026-03-11 17:43:53
ab69dc,N8342H,United States,33.2906,-82.9982,2537.46,44.09,191.44,False,2026-03-11 17:43:53
a1314a,SJJ176,United States,35.7381,-109.5729,12496.8,236.64,77.44,False,2026-03-11 17:43:53
ab0968,N810AM,United States,39.441,-104.3422,2026.92,51.32,61.89,False,2026-03-11 17:43:53
a1447f,N181BC,United States,26.7215,-82.1879,1432.56,77.11,104.69,False,2026-03-11 17:43:53
a1314e,AAL1667,United States,34.137,-98.9526,8846.82,242.57,124.2,False,2026-03-11 17:43:53
a3d42b,LXJ346,United States,41.7791,-87.7436,251.46,50.22,313.34,False,2026-03-11 17:43:53
ac6fb2,N900FJ,United States,43.9649,-92.5051,2080.26,127.22,71.13,False,2026-03-11 17:43:53
a55aa9,WCP253,United States,27.4778,-80.4433,304.8,51.31,63.18,False,2026-03-11 17:43:53
a52768,LXJ431,United States,36.9121,-97.3097,11391.9,206.42,285.32,False,2026-03-11 17:43:53
a4f414,RPA4380,United States,41.2995,-80.661,10058.4,258.88,91.71,False,2026-03-11 17:43:53
a1f4cd,ENY3983,United States,32.3442,-97.6975,3489.96,170.03,58.23,False,2026-03-11 17:43:53
a2644a,SKW3874,United States,40.7854,-111.981,,0.0,354.38,True,2026-03-11 17:43:53
add490,N990VT,United States,33.325,-84.7746,365.76,32.02,203.68,False,2026-03-11 17:43:53
a49d22,DAL2465,United States,33.2609,-78.0743,10668.0,220.91,7.22,False,2026-03-11 17:43:53
ac76b2,OZN902,United States,25.6431,-80.438,-91.44,20.09,87.06,False,2026-03-11 17:43:53
a4da13,RPA4697,United States,37.6854,-83.0481,10668.0,255.62,102.55,False,2026-03-11 17:43:53
c06403,,Canada,49.1993,-123.177,,4.89,281.25,True,2026-03-11 17:43:53
ab0971,AAL2839,United States,25.3403,-80.694,6995.16,225.22,194.42,False,2026-03-11 17:43:53
aabc11,ENY3604,United States,42.7348,-85.7863,6362.7,174.31,256.17,False,2026-03-11 17:43:53
a3973e,EJA330,United States,26.3246,-81.9924,8427.72,240.81,114.48,False,2026-03-11 17:43:53
a56dcf,UAL2287,United States,41.6642,-87.8391,3528.06,173.13,160.38,False,2026-03-11 17:43:53
a24a0a,ASA1365,United States,44.5649,-121.9612,10972.8,162.05,298.44,False,2026-03-11 17:43:53
a51445,N4260D,United States,30.3993,-81.4485,533.4,65.29,210.81,False,2026-03-11 17:43:53
c027d0,ABK336,Canada,45.6856,-74.0202,,0.0,135.0,True,2026-03-11 17:43:53
ad4930,EJM95,United States,32.0045,-82.089,1905.0,154.88,1.14,False,2026-03-11 17:43:53
a467c5,,United States,41.9813,-111.9847,2430.78,48.73,259.05,False,2026-03-11 17:43:53
a14452,SWA2682,United States,32.3464,-83.3435,10972.8,255.47,143.27,False,2026-03-11 17:43:53
a49d16,DAL511,United States,30.458,-83.4348,10972.8,222.72,337.17,False,2026-03-11 17:43:53
a00a65,N101WF,United States,35.3386,-103.5576,12192.0,213.34,273.32,False,2026-03-11 17:43:53
a06ade,N126KA,United States,34.636,-83.5559,4465.32,146.41,161.57,False,2026-03-11 17:43:53
a9327a,DAL755,United States,33.6366,-84.442,,9.26,90.0,True,2026-03-11 17:43:53
ae6919,DERBY21,United States,38.1121,-85.8359,655.32,87.62,285.67,False,2026-03-11 17:43:53
c07721,TSC106,Canada,40.5797,-78.0754,10363.2,201.5,229.76,False,2026-03-11 17:43:53
abb9df,SWA1652,United States,38.6799,-121.6016,-91.44,66.37,0.89,False,2026-03-11 17:43:53
ad2f39,N949GM,United States,39.8058,-76.9665,4130.04,152.37,238.67,False,2026-03-11 17:43:53
a49d10,CAP4537,United States,38.4603,-78.6994,1485.9,53.68,219.95,False,2026-03-11 17:43:53
a0d4db,N1526V,United States,25.5027,-80.6493,396.24,37.1,93.18,False,2026-03-11 17:43:53
ac89f9,N907JD,United States,33.8761,-112.2964,1043.94,63.81,1.39,False,2026-03-11 17:43:53
ac89f7,JBU1851,United States,27.6023,-80.365,10355.58,239.8,205.14,False,2026-03-11 17:43:53
ad493b,SWA1940,United States,33.5888,-95.5889,7757.16,193.51,242.62,False,2026-03-11 17:43:53
a01151,N103RA,United States,33.4601,-111.3418,2011.68,67.72,137.46,False,2026-03-11 17:43:53
a9dbfc,N734XH,United States,36.2259,-115.2135,701.04,33.47,133.75,False,2026-03-11 17:43:53
a19dff,RPA5723,United States,40.6225,-74.044,1226.82,155.69,12.02,False,2026-03-11 17:43:53
ab9f61,WUP848,United States,33.533,-80.0939,5151.12,147.82,357.21,False,2026-03-11 17:43:53
a1577f,N186FM,United States,29.7049,-98.0541,502.92,52.02,135.4,False,2026-03-11 17:43:53
a01d8f,N1061X,United States,28.1491,-81.1696,830.58,47.43,93.73,False,2026-03-11 17:43:53
a1311e,SKW3344,United States,47.4398,-122.3095,,3.6,149.06,True,2026-03-11 17:43:53
a68dd1,JTZ521,United States,36.1386,-86.6573,205.74,48.49,197.28,False,2026-03-11 17:43:53
a15795,EDV5288,United States,33.4567,-82.7419,2987.04,161.25,97.15,False,2026-03-11 17:43:53
ab0993,N810CE,United States,33.835,-117.7951,449.58,22.29,251.15,False,2026-03-11 17:43:53
ad1c16,DAL876,United States,33.7493,-81.7489,10058.4,265.9,75.32,False,2026-03-11 17:43:53
abe305,N865SL,United States,33.7964,-118.4032,685.8,48.17,199.98,False,2026-03-11 17:43:53
ab43c6,DAL741,United States,37.5009,-94.6598,10058.4,255.01,98.7,False,2026-03-11 17:43:53
acbfd4,CXK114,United States,33.0888,-111.7087,1066.8,49.7,62.9,False,2026-03-11 17:43:53
ac5cb2,N896MA,United States,28.6558,-80.4782,11582.4,215.56,137.51,False,2026-03-11 17:43:53
ad2f2d,CXK419,United States,29.2575,-81.3818,541.02,49.56,80.44,False,2026-03-11 17:43:53
a3e70e,COL350,United States,44.4739,-92.759,1173.48,102.86,297.72,False,2026-03-11 17:43:53
a6d26f,LXJ539,United States,48.0865,-114.937,3886.2,189.8,63.43,False,2026-03-11 17:43:53
a24a99,N247GC,United States,26.6652,-81.3639,312.42,71.6,129.75,False,2026-03-11 17:43:53
aabc3a,N791FA,United States,32.8439,-117.2555,960.12,44.14,310.75,False,2026-03-11 17:43:53
a22900,N2383G,United States,41.9415,-71.1041,845.82,46.96,114.6,False,2026-03-11 17:43:53
a441ab,UAL1146,United States,29.1157,-81.8633,4175.76,192.57,163.55,False,2026-03-11 17:43:53
ad495b,AAL2511,United States,30.5534,-97.8161,10370.82,205.94,223.79,False,2026-03-11 17:43:53
a8c2db,N6638N,United States,29.8322,-81.7963,2971.8,81.49,322.7,False,2026-03-11 17:43:53
a2a140,N269JM,United States,30.7928,-98.7524,2133.6,84.36,96.3,False,2026-03-11 17:43:53
a79b93,N59FH,United States,33.235,-85.1406,3299.46,164.57,355.7,False,2026-03-11 17:43:53
acfc00,AAL2829,United States,40.5609,-73.8342,861.06,117.09,210.06,False,2026-03-11 17:43:53
a2fad8,SKW3824,United States,47.4595,-122.3062,,0.39,0.0,True,2026-03-11 17:43:53
abef54,SWA2407,United States,41.7817,-87.7472,213.36,66.22,313.74,False,2026-03-11 17:43:53
aa3804,N758CS,United States,27.4431,-97.7697,289.56,61.51,29.57,False,2026-03-11 17:43:53
a7eb4b,,United States,41.5935,-73.9352,822.96,45.1,78.82,False,2026-03-11 17:43:53
a4077d,DAL317,United States,33.536,-84.2794,868.68,125.7,86.95,False,2026-03-11 17:43:53
a80b9c,N61733,United States,25.6516,-80.4397,,3.34,267.19,True,2026-03-11 17:43:53
adcca5,DAL1743,United States,33.6366,-84.4311,,10.8,90.0,True,2026-03-11 17:43:53
a12a80,UAL230,United States,31.6037,-87.1713,9753.6,211.71,229.73,False,2026-03-11 17:43:53
a9a879,NKS1693,United States,38.1539,-108.8133,10050.78,260.65,69.31,False,2026-03-11 17:43:53
a00a8a,N101XT,United States,31.1076,-92.9251,11384.28,184.29,247.52,False,2026-03-11 17:43:53
a12a81,UAL1896,United States,36.0421,-120.5053,8839.2,246.86,131.03,False,2026-03-11 17:43:53
a6cb9e,N537ND,United States,40.1951,-104.8287,1653.54,55.93,235.87,False,2026-03-11 17:43:53
a5b29e,N46622,United States,30.179,-98.889,883.92,46.21,316.35,False,2026-03-11 17:43:53
a8d5db,EDV4920,United States,26.1706,-78.6126,9052.56,199.38,111.33,False,2026-03-11 17:43:53
ad96e2,N975GV,United States,28.7162,-81.5881,30.48,39.0,149.04,False,2026-03-11 17:43:53
ae06d9,EASY61,United States,29.9085,-89.9424,502.92,82.94,224.5,False,2026-03-11 17:43:53
a1e1d8,RPA5606,United States,42.9693,-73.0801,9585.96,196.09,277.39,False,2026-03-11 17:43:53
ab8024,N840D,United States,31.3916,-98.4102,3657.6,95.1,311.71,False,2026-03-11 17:43:53
a44ddc,AMX703,United States,28.461,-110.6941,6766.56,209.87,140.77,False,2026-03-11 17:43:53
a2a10b,N269GJ,United States,37.2284,-81.8241,11277.6,220.85,182.14,False,2026-03-11 17:43:53
a9eeef,N73904,United States,37.693,-121.7614,243.84,50.42,270.58,False,2026-03-11 17:43:53
ac0f93,SWA4126,United States,36.3644,-78.8916,2735.58,154.98,134.19,False,2026-03-11 17:43:53
a6d27b,GJS4178,United States,40.3112,-77.6468,6096.0,174.25,266.28,False,2026-03-11 17:43:53
a92b66,RTY690,United States,40.4412,-105.0056,,0.0,253.12,True,2026-03-11 17:43:53
a6cb9b,EJM537,United States,31.9254,-106.5863,13716.0,265.2,96.68,False,2026-03-11 17:43:53
a3711a,JBU2033,United States,42.3664,-71.0139,,0.0,244.69,True,2026-03-11 17:43:53
a9dbc7,N734VE,United States,41.8005,-111.8477,1310.64,40.76,4.34,False,2026-03-11 17:43:53
a32dfa,N3038U,United States,40.3353,-74.34,106.68,33.47,225.0,False,2026-03-11 17:43:53
ad83a8,N970AC,United States,26.1732,-81.7524,91.44,39.83,234.46,False,2026-03-11 17:43:53
ad2328,N94577,United States,40.6545,-75.4361,,9.26,50.62,True,2026-03-11 17:43:53
a13170,N176WE,United States,27.4047,-82.433,693.42,77.01,69.26,False,2026-03-11 17:43:53
a93257,SKW3990,United States,44.0492,-87.5166,8534.4,210.76,295.75,False,2026-03-11 17:43:53
c1e5f1,WLD65,Canada,49.1946,-123.2031,,0.06,180.0,True,2026-03-11 17:43:53
a93e8f,N695PA,United States,32.4616,-87.1852,9448.8,211.31,84.69,False,2026-03-11 17:43:53
a12a7d,UAL2156,United States,38.9466,-77.4491,,4.63,87.19,True,2026-03-11 17:43:53
a9dbc1,N734UZ,United States,35.2139,-120.6299,190.5,41.06,74.74,False,2026-03-11 17:43:53
a12a7f,UAL564,United States,33.6557,-114.9838,10668.0,254.29,107.67,False,2026-03-11 17:43:53
a9942e,AAL2340,United States,31.766,-78.1928,9753.6,245.36,195.32,False,2026-03-11 17:43:53
a46909,N38316,United States,41.3535,-72.606,1219.2,62.15,342.16,False,2026-03-11 17:43:53
a2519f,MXY318,United States,34.7122,-79.8455,6393.18,207.99,35.54,False,2026-03-11 17:43:53
aa1d9c,VJA759,United States,33.7241,-77.9716,13716.0,251.98,176.72,False,2026-03-11 17:43:53
ab313c,DAL562,United States,41.3822,-103.0772,11285.22,275.72,121.5,False,2026-03-11 17:43:53
a8bd56,TRF562,United States,33.6874,-96.6743,381.0,40.03,25.91,False,2026-03-11 17:43:53
a4f488,N4182T,United States,28.0737,-80.5894,548.64,44.41,161.77,False,2026-03-11 17:43:53
a441fb,DAL1715,United States,37.6155,-122.3674,-144.78,71.57,297.85,False,2026-03-11 17:43:53
a4e14b,N413WT,United States,33.6198,-117.6331,655.32,54.5,197.58,False,2026-03-11 17:43:53
ac4a44,AAL1766,United States,37.5184,-81.8875,10668.0,250.87,74.54,False,2026-03-11 17:43:53
a6cacb,DAL504,United States,31.1867,-104.3609,8526.78,229.37,291.44,False,2026-03-11 17:43:53
a561fb,N446MA,United States,42.1941,-70.8714,2545.08,82.03,321.62,False,2026-03-11 17:43:53
a97a32,MXTST,United States,33.6193,-110.3638,12496.8,243.57,75.32,False,2026-03-11 17:43:53
a73a47,JBU53,United States,36.8128,-76.246,10370.82,227.95,208.88,False,2026-03-11 17:43:53
c062aa,CGLJL,Canada,51.0971,-114.3714,,1.29,98.44,True,2026-03-11 17:43:53
c00e6c,FLE2800,Canada,36.3969,-112.5823,11887.2,248.07,154.71,False,2026-03-11 17:43:53
c05bd2,ACA103,Canada,49.2068,-123.2148,15.24,69.44,99.81,False,2026-03-11 17:43:53
abe1c2,DAL2651,United States,45.0301,-97.6558,10363.2,210.81,257.46,False,2026-03-11 17:43:53
aa113d,N748LA,United States,40.2728,-79.8768,1432.56,65.07,123.06,False,2026-03-11 17:43:53
a88774,JBU1715,United States,28.2506,-80.0491,3436.62,194.18,206.77,False,2026-03-11 17:43:53
a1094c,EDV5472,United States,34.7548,-82.4071,10058.4,266.78,54.65,False,2026-03-11 17:43:53
a20f1a,UCA4258,United States,29.9935,-95.0872,1165.86,105.46,270.28,False,2026-03-11 17:43:53
a441ef,UAL716,United States,45.1481,-92.4903,10363.2,197.03,270.15,False,2026-03-11 17:43:53
a48a83,DAL1421,United States,34.0754,-118.7133,3055.62,159.88,137.74,False,2026-03-11 17:43:53
a09977,N138FS,United States,25.9557,-79.825,426.72,83.25,282.49,False,2026-03-11 17:43:53
a2a186,NIT269,United States,32.5707,-82.9495,403.86,37.47,135.56,False,2026-03-11 17:43:53
a07311,SKW4703,United States,39.5403,-101.7023,8854.44,271.75,98.82,False,2026-03-11 17:43:53
ade72b,N995WA,United States,37.3052,-77.064,1059.18,91.85,102.95,False,2026-03-11 17:43:53
aac1e5,N79201,United States,34.1349,-118.1049,975.36,48.8,124.7,False,2026-03-11 17:43:53
a92ad6,N690BG,United States,38.9832,-92.9194,7315.2,108.73,240.52,False,2026-03-11 17:43:53
a49d9b,N397JJ,United States,28.6171,-82.4596,12893.04,230.89,322.7,False,2026-03-11 17:43:53
a07f60,EDV4939,United States,40.8893,-73.7963,609.6,73.05,180.0,False,2026-03-11 17:43:53
a3c198,LXJ341,United States,25.3893,-78.3745,5006.34,185.22,117.28,False,2026-03-11 17:43:53
a8d76b,UAL31,United States,45.3861,-71.5654,10972.8,212.2,214.73,False,2026-03-11 17:43:53
adba1f,N984BF,United States,43.296,-113.3093,13106.4,180.26,344.1,False,2026-03-11 17:43:53
c00e9d,ACA1190,Canada,45.9031,-82.6314,10668.0,237.3,125.83,False,2026-03-11 17:43:53
a98d32,N714ZK,United States,36.3511,-83.0526,2270.76,100.12,50.42,False,2026-03-11 17:43:53
a4e181,RPA4381,United States,41.8552,-89.669,9144.0,172.87,262.3,False,2026-03-11 17:43:53
a61a93,N4925F,United States,26.593,-80.1432,205.74,40.14,91.47,False,2026-03-11 17:43:53
a944b9,PDT6048,United States,39.899,-75.103,579.12,69.76,255.04,False,2026-03-11 17:43:53
acb468,PDT5986,United States,39.7516,-73.782,5501.64,173.1,230.06,False,2026-03-11 17:43:53
a79afa,N5899R,United States,32.5358,-96.7857,746.76,44.59,348.69,False,2026-03-11 17:43:53
adba21,N984BH,United States,41.6609,-107.6175,13106.4,201.1,318.11,False,2026-03-11 17:43:53
acad6d,SKW5884,United States,39.6845,-104.51,2804.16,124.42,214.22,False,2026-03-11 17:43:53
a9a7b4,,United States,36.3417,-84.8526,2720.34,104.78,114.05,False,2026-03-11 17:43:53
a09947,DAL2101,United States,33.5195,-118.3817,2255.52,139.49,91.9,False,2026-03-11 17:43:53
ad21af,RAX1073,United States,42.6672,-83.3526,670.56,52.47,270.0,False,2026-03-11 17:43:53
ab3171,CXK520,United States,36.0512,-78.2042,883.92,64.85,41.78,False,2026-03-11 17:43:53
add436,N990SC,United States,32.5429,-97.0296,769.62,52.08,176.04,False,2026-03-11 17:43:53
adba0a,ASA186,United States,45.5881,-122.5994,,3.09,53.44,True,2026-03-11 17:43:53
a957f9,N70075,United States,40.7567,-112.5264,2225.04,52.35,112.53,False,2026-03-11 17:43:53
a74d8d,NOAA57,United States,40.9785,-70.1729,403.86,53.68,320.05,False,2026-03-11 17:43:53
a19f14,N203VS,United States,35.1076,-117.6492,3200.4,152.17,141.04,False,2026-03-11 17:43:53
a01ca5,SKW5236,United States,36.9992,-84.7997,10972.8,237.54,356.77,False,2026-03-11 17:43:53
a43adf,N3717R,United States,38.5911,-121.785,274.32,55.68,183.71,False,2026-03-11 17:43:53
ad21bc,SWA2651,United States,31.8036,-94.0913,10972.8,210.37,292.43,False,2026-03-11 17:43:53
acb46d,ASA395,United States,45.6127,-118.4707,10972.8,158.6,284.85,False,2026-03-11 17:43:53
c088db,ASB485,Canada,52.0902,-114.6166,2621.28,105.51,271.68,False,2026-03-11 17:43:53
a73a10,LXJ565,United States,30.4756,-84.2424,13098.78,216.67,305.24,False,2026-03-11 17:43:53
aa376d,N7577X,United States,36.217,-77.7942,1645.92,57.49,6.68,False,2026-03-11 17:43:53
a1e302,SWA3424,United States,39.7462,-103.7008,6957.06,227.78,93.37,False,2026-03-11 17:43:53
a06010,AAL1584,United States,35.7935,-114.2313,4236.72,146.62,298.27,False,2026-03-11 17:43:53
aa2452,PFA335,United States,28.0178,-80.4565,830.58,56.77,345.84,False,2026-03-11 17:43:53
a44f1c,N377PL,United States,26.4192,-102.8685,13716.0,226.83,103.91,False,2026-03-11 17:43:53
a07341,AAL2676,United States,38.447,-75.2116,5699.76,219.35,24.82,False,2026-03-11 17:43:53
ae54ed,BOMR850,United States,27.6339,-97.3317,236.22,69.14,340.89,False,2026-03-11 17:43:53
aa7df3,SWA1799,United States,42.8085,-77.7789,4602.48,162.89,189.82,False,2026-03-11 17:43:53
a25cc7,N251SB,United States,31.9316,-84.7485,2385.06,91.08,324.42,False,2026-03-11 17:43:53
aa0a1a,ASI586,United States,32.9886,-112.2082,1889.76,58.37,130.71,False,2026-03-11 17:43:53
a8bd16,EJA662,United States,32.2093,-90.875,12192.0,188.89,296.01,False,2026-03-11 17:43:53
c01533,ASP511,Canada,50.0218,-121.8296,10248.9,193.2,46.19,False,2026-03-11 17:43:53
a1ef57,PFA315,United States,27.7273,-82.2872,967.74,43.74,88.65,False,2026-03-11 17:43:53
a74107,N567BC,United States,38.3415,-121.2545,1394.46,81.49,352.38,False,2026-03-11 17:43:53
a50d6e,N4244Q,United States,32.8998,-85.2733,861.06,55.51,20.62,False,2026-03-11 17:43:53
a6ddb9,VJA541,United States,35.1294,-119.6337,13716.0,248.74,141.04,False,2026-03-11 17:43:53
a3cd7d,AAL3154,United States,28.4234,-95.366,10363.2,197.7,241.9,False,2026-03-11 17:43:53
adba2f,N984BX,United States,27.5543,-81.6891,12192.0,231.03,339.26,False,2026-03-11 17:43:53
a81db1,CNS2000,United States,26.8887,-82.3394,3596.64,126.63,110.2,False,2026-03-11 17:43:53
ae54dc,BOMR776,United States,27.7557,-97.2173,2644.14,111.92,320.97,False,2026-03-11 17:43:53
ae54dd,BB203,United States,30.7462,-87.0215,213.36,62.36,307.63,False,2026-03-11 17:43:53
c0150d,ACA1012,Canada,28.8144,-81.8591,8229.6,231.23,170.27,False,2026-03-11 17:43:53
ad846f,JBU883,United States,37.2328,-76.1242,10347.96,223.37,215.15,False,2026-03-11 17:43:53
a143c6,SWA3735,United States,34.4164,-117.0038,12199.62,206.75,283.97,False,2026-03-11 17:43:53
a55ada,KPO444,United States,26.3576,-78.0524,6858.0,215.05,142.58,False,2026-03-11 17:43:53
a681a4,BSM36,United States,33.7695,-96.5092,1447.8,60.07,123.83,False,2026-03-11 17:43:53
c05bc6,ROU1709,Canada,42.1996,-107.9324,11582.4,199.91,233.16,False,2026-03-11 17:43:53
c05bc8,ROU1895,Canada,35.9946,-85.1679,9144.0,225.78,217.97,False,2026-03-11 17:43:53
a6e4bb,N543TA,United States,36.6942,-80.4174,8267.7,193.95,180.3,False,2026-03-11 17:43:53
a7fdbe,N614BL,United States,35.5699,-78.1815,784.86,52.29,195.4,False,2026-03-11 17:43:53
c0153b,WJA2050,Canada,46.2336,-116.2029,10058.4,279.76,128.43,False,2026-03-11 17:43:53
a25ca4,EJA251,United States,38.9241,-97.628,12496.8,271.25,103.83,False,2026-03-11 17:43:53
c062b0,CGLJR,Canada,49.0396,-122.3635,99.06,26.69,207.55,False,2026-03-11 17:43:53
aa84b2,N777TA,United States,29.2106,-83.0191,8534.4,155.19,324.31,False,2026-03-11 17:43:53
a1b9e9,N210EC,United States,36.8275,-84.4822,7010.4,143.12,69.15,False,2026-03-11 17:43:53
aae924,N80187,United States,32.0215,-111.2329,1409.7,51.8,15.55,False,2026-03-11 17:43:53
a276a5,EJA258,United States,36.9366,-94.7477,12489.18,255.42,110.52,False,2026-03-11 17:43:53
aa7dad,AAL587Q,United States,40.4697,-76.0734,5212.08,176.78,282.09,False,2026-03-11 17:43:53
a7fdab,ASA83,United States,49.4733,-125.2678,11582.4,201.87,322.66,False,2026-03-11 17:43:53
c00e55,FLE9400,Canada,35.9448,-80.6467,12496.8,221.94,184.65,False,2026-03-11 17:43:53
a3c15d,DAL2238,United States,43.8479,-96.1066,9144.0,199.17,252.88,False,2026-03-11 17:43:53
a08663,AAL1055,United States,32.2823,-98.0752,4884.42,173.85,74.73,False,2026-03-11 17:43:53
ac291f,AAL75,United States,42.0207,-101.6141,12192.0,222.7,262.3,False,2026-03-11 17:43:53
ab4fab,N828ME,United States,25.363,-81.2295,1760.22,87.42,337.51,False,2026-03-11 17:43:53
ab4fae,DAL187,United States,33.6319,-84.3672,510.54,71.51,270.0,False,2026-03-11 17:43:53
a26fc9,SWA3669,United States,34.8233,-119.8902,12496.8,241.61,125.99,False,2026-03-11 17:43:53
a681c6,MMY93,United States,39.5708,-122.2259,1554.48,51.95,172.03,False,2026-03-11 17:43:53
a81dbc,ASA82,United States,48.222,-123.0171,4693.92,192.95,148.85,False,2026-03-11 17:43:53
a86d36,FFT2506,United States,31.2486,-81.4307,10058.4,237.07,9.87,False,2026-03-11 17:43:53
a0c362,N1484X,United States,35.515,-80.3962,838.2,46.69,71.37,False,2026-03-11 17:43:53
c05099,WEN3515,Canada,51.0636,-108.8091,7315.2,150.23,283.47,False,2026-03-11 17:43:53
a37ce0,N32375,United States,32.9798,-112.2397,1516.38,43.84,324.07,False,2026-03-11 17:43:53
aa7f46,UAL1827,United States,40.0429,-96.9316,10058.4,274.67,73.91,False,2026-03-11 17:43:53
aa49f3,N762LC,United States,30.4304,-84.3866,617.22,35.69,164.96,False,2026-03-11 17:43:53
c05095,WEN3565,Canada,51.2986,-113.6858,2628.9,97.76,270.9,False,2026-03-11 17:43:53
aae7a0,N801WZ,United States,32.6168,-81.2116,13106.4,212.92,203.34,False,2026-03-11 17:43:53
ac27a6,SWA4289,United States,40.8115,-75.7954,4267.2,198.64,108.11,False,2026-03-11 17:43:53
a32f82,EDV4987,United States,39.2097,-84.6456,975.36,112.49,175.54,False,2026-03-11 17:43:53
a263dc,ENY4131,United States,29.3746,-97.6038,10972.8,203.21,179.85,False,2026-03-11 17:43:53
a3dfed,NDU349,United States,32.5282,-111.334,655.32,41.68,215.46,False,2026-03-11 17:43:53
a3d3b3,ENY3695,United States,39.675,-93.3604,7315.2,186.23,212.59,False,2026-03-11 17:43:53
a1d00e,EJM122,United States,35.8673,-115.0909,1386.84,71.54,319.67,False,2026-03-11 17:43:53
a3ccbd,LXJ344,United States,29.2638,-111.0444,13106.4,215.18,2.06,False,2026-03-11 17:43:53
ab3d17,RPA5621,United States,36.1897,-86.6369,502.92,60.19,198.43,False,2026-03-11 17:43:53
a8391b,EJA629,United States,37.3269,-117.6815,10972.8,201.49,280.59,False,2026-03-11 17:43:53
a383be,N32531,United States,35.9737,-80.8392,1371.6,40.67,198.43,False,2026-03-11 17:43:53
a779c1,N581BJ,United States,28.3956,-81.8618,388.62,39.74,68.75,False,2026-03-11 17:43:53
ab4406,N825GB,United States,29.2524,-81.0921,2674.62,86.24,340.48,False,2026-03-11 17:43:53
ab5730,N83NC,United States,26.891,-80.2892,4084.32,170.82,288.98,False,2026-03-11 17:43:53
a5ac14,ASA2608,United States,40.1618,-86.8214,7802.88,196.27,154.38,False,2026-03-11 17:43:53
a9a901,DAL639,United States,38.7912,-106.754,11277.6,257.93,60.88,False,2026-03-11 17:43:53
aae7b3,VXP203,United States,28.3593,-82.0588,2956.56,148.9,164.57,False,2026-03-11 17:43:53
aa7f2a,UAL343,United States,41.2917,-106.7727,10972.8,183.26,247.03,False,2026-03-11 17:43:53
0d08e7,XARWS,Mexico,30.0909,-97.8041,1661.16,123.47,137.87,False,2026-03-11 17:43:53
a646bc,SKW281V,United States,36.399,-114.8149,10668.0,235.49,41.28,False,2026-03-11 17:43:53
a3dffe,DAL2671,United States,38.6979,-107.7316,10668.0,271.75,134.31,False,2026-03-11 17:43:53
a4b971,N403TB,United States,38.1791,-114.0244,13716.0,202.59,281.42,False,2026-03-11 17:43:53
aa36a2,N75714,United States,38.9017,-121.332,198.12,42.15,336.25,False,2026-03-11 17:43:53
a44308,DAL990,United States,39.6788,-76.626,10972.8,206.46,236.07,False,2026-03-11 17:43:53
aa7f28,UAL1674,United States,36.4059,-82.8017,10668.0,248.75,152.27,False,2026-03-11 17:43:53
aa7f27,UAL583,United States,34.2012,-117.0879,10058.4,253.71,97.46,False,2026-03-11 17:43:53
a20338,OXF8988,United States,32.8548,-113.3743,2354.58,69.62,259.35,False,2026-03-11 17:43:53
a83953,SKW4669,United States,42.5252,-90.6118,8869.68,257.23,90.57,False,2026-03-11 17:43:53
a1933c,ENY3947,United States,34.1874,-86.5884,11277.6,206.18,176.42,False,2026-03-11 17:43:53
a1099f,SKW5642,United States,41.0341,-111.8085,4823.46,185.72,112.3,False,2026-03-11 17:43:53
a2fc1b,N2914F,United States,34.1142,-117.679,396.24,38.03,246.9,False,2026-03-11 17:43:53
a4fff6,N421GK,United States,29.9271,-82.3232,4754.88,97.47,23.32,False,2026-03-11 17:43:53
a779eb,DAL494,United States,39.4496,-101.3523,10050.78,268.8,76.95,False,2026-03-11 17:43:53
a81f1f,QXE2324,United States,43.1992,-116.8103,6210.3,167.21,234.01,False,2026-03-11 17:43:53
a3d3d8,N346CP,United States,33.1746,-117.3977,487.68,52.51,124.62,False,2026-03-11 17:43:53
ab9dc6,N848CC,United States,38.2749,-85.4101,2407.92,148.23,128.66,False,2026-03-11 17:43:53
ab3d39,AAL3113,United States,37.0002,-79.1071,11582.4,212.16,216.62,False,2026-03-11 17:43:53
a25cdc,SKW3876,United States,35.5459,-103.0555,10058.4,252.18,152.55,False,2026-03-11 17:43:53
c00e17,ACA1257,Canada,30.7603,-78.4649,10058.4,227.06,8.08,False,2026-03-11 17:43:53
a20347,RPA5598,United States,40.6905,-76.1421,8229.6,200.93,252.26,False,2026-03-11 17:43:53
a31c25,N3RP,United States,38.9466,-77.461,,0.0,90.0,True,2026-03-11 17:43:53
a75fbf,UAL2135,United States,30.3454,-102.1173,10058.4,257.26,128.75,False,2026-03-11 17:43:53
a1801e,N196T,United States,35.9767,-115.138,,0.0,0.0,True,2026-03-11 17:43:53
a81f1a,EJA622,United States,43.1329,-90.9529,12496.8,259.29,89.55,False,2026-03-11 17:43:53
a276dd,SKW107K,United States,30.3783,-97.8187,3695.7,146.93,217.03,False,2026-03-11 17:43:53
c0509f,WEN3532,Canada,50.5588,-104.5921,7627.62,172.28,99.8,False,2026-03-11 17:43:53
a32312,N301AJ,United States,31.2989,-99.4674,5882.64,156.49,92.07,False,2026-03-11 17:43:53
a6f93b,N5489D,United States,35.5914,-97.7058,381.0,29.88,357.04,False,2026-03-11 17:43:53
acc707,EJA922,United States,36.9469,-86.1532,12192.0,195.79,206.36,False,2026-03-11 17:43:53
a57674,N451GL,United States,40.5638,-112.3914,2430.78,53.56,343.83,False,2026-03-11 17:43:53
a43c03,N372JB,United States,26.3926,-98.438,1577.34,151.61,141.61,False,2026-03-11 17:43:53
aa7f08,UAL1276,United States,33.0836,-117.4004,8305.8,227.46,109.42,False,2026-03-11 17:43:53
aa7f06,UAL2395,United States,37.946,-112.9737,10668.0,268.24,105.69,False,2026-03-11 17:43:53
aa7f05,UAL454,United States,32.9946,-96.8734,3733.8,131.25,228.81,False,2026-03-11 17:43:53
c05056,ACA1331,Canada,27.238,-80.1394,11582.4,243.96,196.79,False,2026-03-11 17:43:53
ac5d38,SKW4900,United States,34.159,-108.0893,11277.6,249.72,78.11,False,2026-03-11 17:43:53
ab07ea,N81KF,United States,40.5537,-97.8114,9448.8,191.45,115.46,False,2026-03-11 17:43:53
aa7f02,UAL366,United States,36.4441,-103.8474,9753.6,207.52,300.38,False,2026-03-11 17:43:53
c05054,ACA2156,Canada,31.7721,-82.0525,10972.8,225.54,197.11,False,2026-03-11 17:43:53
a20395,N229MT,United States,33.3277,-112.0713,746.76,57.42,143.75,False,2026-03-11 17:43:53
aa7f09,UAL515,United States,38.3706,-78.34,10363.2,220.85,238.24,False,2026-03-11 17:43:53
ab575b,N83PW,United States,27.3173,-80.1153,2057.4,120.1,189.87,False,2026-03-11 17:43:53
c0637c,WJA2700,Canada,43.6736,-79.6608,,10.29,227.81,True,2026-03-11 17:43:53
ac27f0,SWA3634,United States,36.2088,-114.1191,7726.68,222.05,81.61,False,2026-03-11 17:43:53
acad02,AAL2800,United States,42.0375,-87.9631,1036.32,122.95,0.24,False,2026-03-11 17:43:53
a1807e,SKYVAN6,United States,33.5439,-117.2363,2164.08,70.62,128.79,False,2026-03-11 17:43:53
c05044,ACA741,Canada,44.0103,-84.8182,9753.6,199.76,283.86,False,2026-03-11 17:43:53
abedc8,AAL2993,United States,29.3868,-77.9063,10972.8,252.87,174.16,False,2026-03-11 17:43:53
a8b14f,N65956,United States,32.9289,-96.769,1082.04,50.49,188.79,False,2026-03-11 17:43:53
a0609a,N123UA,United States,27.9302,-81.9605,1912.62,49.26,187.2,False,2026-03-11 17:43:53
a3e6b0,N350VH,United States,36.4646,-114.6766,990.6,51.68,247.77,False,2026-03-11 17:43:53
ad971a,N975KA,United States,43.821,-96.7625,1897.38,121.84,355.16,False,2026-03-11 17:43:53
c0636a,PTR2683,Canada,44.1308,-79.7694,5097.78,135.9,318.22,False,2026-03-11 17:43:53
a9d138,N73105,United States,29.5545,-98.625,1371.6,42.95,313.06,False,2026-03-11 17:43:53
c1e64f,WLD63,Canada,49.2053,-123.1815,,7.72,278.44,True,2026-03-11 17:43:53
a49cdf,N397AW,United States,46.7871,-98.7515,2362.2,80.77,270.36,False,2026-03-11 17:43:53
a1804c,AAL3051,United States,38.6483,-75.0916,4602.48,201.63,16.91,False,2026-03-11 17:43:53
a944f5,EJM697,United States,36.3419,-103.3274,11574.78,218.85,255.57,False,2026-03-11 17:43:53
ad34b4,AAL1501,United States,35.751,-98.686,7924.8,221.94,226.13,False,2026-03-11 17:43:53
ad47e4,N955GV,United States,33.6857,-118.2039,525.78,48.24,352.65,False,2026-03-11 17:43:53
a20376,CXK200,United States,41.2967,-74.5714,1036.32,57.93,9.71,False,2026-03-11 17:43:53
c1e666,SWP96,Canada,49.2014,-123.1916,,6.17,98.44,True,2026-03-11 17:43:53
a32367,DAL2140,United States,32.4079,-87.0135,10668.0,261.55,60.16,False,2026-03-11 17:43:53
a32368,DAL2078,United States,39.9818,-110.6208,10363.2,198.91,245.56,False,2026-03-11 17:43:53
a92ae9,EDV4949,United States,42.2422,-83.7442,3855.72,150.38,294.02,False,2026-03-11 17:43:53
a9f760,N741MM,United States,40.9927,-107.7568,13106.4,176.56,281.77,False,2026-03-11 17:43:53
ab3133,DAL1095,United States,35.651,-114.8848,10972.8,215.28,228.0,False,2026-03-11 17:43:53
a32f9d,EJA304,United States,34.8022,-111.0609,9479.28,215.81,29.25,False,2026-03-11 17:43:53
aa0a93,N746TX,United States,40.9033,-78.7025,12192.0,178.67,300.26,False,2026-03-11 17:43:53
a396fd,DAL739,United States,34.4084,-102.781,8839.2,240.69,150.7,False,2026-03-11 17:43:53
c05067,ACA999,Canada,31.0862,-90.8099,11582.4,193.34,245.14,False,2026-03-11 17:43:53
a3ccb7,FFT2532,United States,32.5365,-97.14,1379.22,136.76,75.18,False,2026-03-11 17:43:53
a06089,N123TJ,United States,29.0134,-81.5078,1082.04,57.55,42.1,False,2026-03-11 17:43:53
a0b063,N1431U,United States,33.1753,-84.9427,640.08,47.9,245.91,False,2026-03-11 17:43:53
c1e676,STF88,Canada,49.2006,-123.1918,,3.34,109.69,True,2026-03-11 17:43:53
a50cb7,RPA4552,United States,41.1386,-74.2745,6096.0,172.82,212.6,False,2026-03-11 17:43:53
a44f77,EJM377,United States,37.2473,-80.5657,12192.0,199.93,239.54,False,2026-03-11 17:43:53
a03816,RPA4676,United States,37.5657,-81.9181,9448.8,253.64,70.94,False,2026-03-11 17:43:53
a9f771,NDU741,United States,32.8044,-111.6721,647.7,49.29,161.75,False,2026-03-11 17:43:53
ac5d61,UAL764,United States,51.3573,-111.4934,5699.76,156.46,276.8,False,2026-03-11 17:43:53
a67c95,N517MT,United States,32.6857,-97.9705,929.64,58.21,225.72,False,2026-03-11 17:43:53
ae07fe,RCH577,United States,42.7622,-107.8406,10363.2,177.52,250.36,False,2026-03-11 17:43:53
a25e18,CXK192,United States,33.4375,-97.2915,1066.8,40.96,32.69,False,2026-03-11 17:43:53
abd135,SWA104,United States,39.8702,-104.6964,1508.76,89.0,0.33,False,2026-03-11 17:43:53
ae07fa,RHINO19,United States,37.059,-81.2308,8229.6,233.45,341.76,False,2026-03-11 17:43:53
ae5774,WING53,United States,31.2993,-87.9994,5791.2,134.32,112.05,False,2026-03-11 17:43:53
adcdcc,AAL2509,United States,36.2593,-88.6771,9799.32,195.96,260.78,False,2026-03-11 17:43:53
a67040,N51390,United States,33.1585,-84.3648,1181.1,65.34,359.55,False,2026-03-11 17:43:53
ad84cd,N970MW,United States,27.4379,-80.4833,2209.8,84.22,154.69,False,2026-03-11 17:43:53
aa6d9a,ENY3619,United States,33.6968,-86.8583,3307.08,196.32,22.33,False,2026-03-11 17:43:53
a1a810,N2058K,United States,29.7517,-83.1218,3284.22,99.81,125.98,False,2026-03-11 17:43:53
a6837d,GJS4429,United States,41.9721,-87.8968,,8.23,241.88,True,2026-03-11 17:43:53
a9a97f,RPA3666,United States,38.4937,-78.8889,7924.8,242.28,77.62,False,2026-03-11 17:43:53
a7ff72,SKW5317,United States,39.8283,-104.6417,1562.1,75.63,0.39,False,2026-03-11 17:43:53
c0523f,ROU1658,Canada,41.8935,-79.881,10073.64,209.01,204.74,False,2026-03-11 17:43:53
a8bcdd,NKS981,United States,37.0514,-76.2519,10965.18,235.73,200.57,False,2026-03-11 17:43:53
ade7e4,N9952R,United States,30.72,-86.0897,1920.24,69.5,304.75,False,2026-03-11 17:43:53
acadf5,N916LF,United States,28.3015,-81.4454,15.24,52.24,147.88,False,2026-03-11 17:43:53
ab8173,SKW3931,United States,41.4199,-84.0139,7315.2,190.13,210.94,False,2026-03-11 17:43:53
c002e4,CRN444,Canada,54.3533,-122.4969,3596.64,130.07,204.54,False,2026-03-11 17:43:53
acfd62,EJA936,United States,40.1895,-88.0917,12169.14,177.51,164.19,False,2026-03-11 17:43:53
abe475,SWA1713,United States,33.3351,-112.229,2987.04,148.91,84.25,False,2026-03-11 17:43:53
71c226,KAL278,Republic of Korea,31.1887,-110.4396,10972.8,224.76,335.96,False,2026-03-11 17:43:53
aab169,SWA3098,United States,28.0967,-85.9661,10058.4,245.49,108.7,False,2026-03-11 17:43:53
a0ceb4,N151JF,United States,40.0216,-111.9719,2766.06,81.25,151.65,False,2026-03-11 17:43:53
ac047d,ASH6218,United States,28.3923,-95.9702,9144.0,187.59,208.32,False,2026-03-11 17:43:53
a8d6bd,PDT6073,United States,39.9013,-75.2429,114.3,66.9,159.75,False,2026-03-11 17:43:53
a6e69b,N54381,United States,26.4082,-81.9317,731.52,48.22,39.81,False,2026-03-11 17:43:53
a6705c,ASA781,United States,30.8031,-103.5466,11277.6,213.95,293.98,False,2026-03-11 17:43:53
ad0a68,N9397C,United States,28.0592,-81.4185,1493.52,53.59,86.7,False,2026-03-11 17:43:53
c05271,ASP595,Canada,27.4629,-79.1159,10934.7,165.78,12.18,False,2026-03-11 17:43:53
a9463a,N697RM,United States,39.9081,-105.1035,1584.96,0.0,0.0,False,2026-03-11 17:43:53
a02510,N1082F,United States,29.8898,-97.8781,472.44,44.24,171.3,False,2026-03-11 17:43:53
a620f5,SWA4073,United States,33.4317,-112.0061,,8.75,33.75,True,2026-03-11 17:43:53
a8268d,,United States,33.9411,-118.4033,,0.0,174.38,True,2026-03-11 17:43:53
ac9a70,N911AP,United States,38.9004,-76.6346,320.04,44.25,35.54,False,2026-03-11 17:43:53
ae578f,G20671,United States,44.9348,-93.0636,205.74,18.42,324.09,False,2026-03-11 17:43:53
a31076,N297LA,United States,28.5496,-81.3217,-22.86,38.71,246.5,False,2026-03-11 17:43:53
ac048d,SWA1085,United States,30.1009,-90.7534,2362.2,147.18,95.01,False,2026-03-11 17:43:53
ad1142,DAL2261,United States,43.0242,-99.3631,9753.6,195.88,250.99,False,2026-03-11 17:43:53
a14502,EDV5511,United States,33.6479,-84.4159,,10.8,90.0,True,2026-03-11 17:43:53
a8e9fd,UAL417,United States,33.6677,-121.7859,10668.0,219.28,254.63,False,2026-03-11 17:43:53
acf131,DAL2724,United States,38.3646,-87.0834,9761.22,248.14,350.69,False,2026-03-11 17:43:53
a01e36,N1066P,United States,32.0099,-84.8855,2689.86,82.14,139.83,False,2026-03-11 17:43:53
a588a9,N456CS,United States,38.1121,-121.4623,3398.52,62.64,33.95,False,2026-03-11 17:43:53
a0e8b3,N158JD,United States,27.1823,-80.232,-38.1,47.03,109.82,False,2026-03-11 17:43:53
a01e2a,N1066B,United States,33.2293,-117.148,1424.94,60.82,54.29,False,2026-03-11 17:43:53
a993ad,JIA5442,United States,38.9714,-77.1585,922.02,94.6,146.31,False,2026-03-11 17:43:53
a80c75,N618,United States,34.4532,-111.9756,7315.2,122.96,354.72,False,2026-03-11 17:43:53
a32396,FFT9501,United States,29.4317,-98.4604,1249.68,134.28,105.1,False,2026-03-11 17:43:53
ab09b4,DAL895,United States,36.3972,-90.7481,9144.0,205.33,268.56,False,2026-03-11 17:43:53
ad84fc,N970PT,United States,32.881,-89.509,13106.4,210.38,353.12,False,2026-03-11 17:43:53
aa11c9,ENY3653,United States,35.4704,-84.3906,7924.8,200.02,266.31,False,2026-03-11 17:43:53
a15888,N186SB,United States,26.5892,-80.0824,,0.51,101.25,True,2026-03-11 17:43:53
acea6c,LFA684,United States,28.7814,-81.3441,396.24,68.94,90.86,False,2026-03-11 17:43:53
aaaa9b,N787AV,United States,33.6914,-112.8535,1882.14,50.58,274.67,False,2026-03-11 17:43:53
0d097a,LET7028,Mexico,25.8567,-100.2435,,0.0,33.75,True,2026-03-11 17:43:53
a3d3f0,DAL2011,United States,28.6232,-96.4947,9745.98,195.24,229.6,False,2026-03-11 17:43:53
a886bf,AAL649,United States,35.0139,-96.108,10462.26,269.24,25.34,False,2026-03-11 17:43:53
a4ecf3,N4161P,United States,28.0865,-81.7784,213.36,38.67,220.68,False,2026-03-11 17:43:53
a7197d,ASA459,United States,47.5366,-117.0364,10972.8,162.09,274.73,False,2026-03-11 17:43:53
a67009,,United States,33.9676,-87.3214,1973.58,37.26,287.68,False,2026-03-11 17:43:53
aab18c,SWA3636,United States,40.4309,-91.3991,11582.4,175.43,232.63,False,2026-03-11 17:43:53
a2b513,N2738B,United States,39.6322,-80.0741,2773.68,124.81,72.98,False,2026-03-11 17:43:53
0d0997,VOI760,Mexico,34.1795,-107.2839,10660.38,207.84,359.86,False,2026-03-11 17:43:53
a20ecb,CXK523,United States,33.7567,-118.0769,701.04,50.0,36.63,False,2026-03-11 17:43:53
a56355,N4460X,United States,30.397,-87.0218,243.84,42.93,135.97,False,2026-03-11 17:43:53
c05218,ROU1673,Canada,38.8136,-80.0903,10660.38,240.47,2.45,False,2026-03-11 17:43:53
a24b15,N247MB,United States,42.9096,-87.1948,13098.78,204.03,285.05,False,2026-03-11 17:43:53
a99fd7,N7190C,United States,33.1567,-111.9876,487.68,40.29,275.13,False,2026-03-11 17:43:53
c05217,CGFCG,Canada,51.6749,-113.1699,1089.66,43.29,314.52,False,2026-03-11 17:43:53
c05219,ROU1706,Canada,37.487,-109.8777,10058.4,251.83,66.52,False,2026-03-11 17:43:53
a1a853,CNS316,United States,34.0164,-118.4527,,0.0,317.81,True,2026-03-11 17:43:53
ab5933,JRE830,United States,36.2319,-111.682,12496.8,227.17,55.52,False,2026-03-11 17:43:53
a6e636,N54355,United States,36.26,-76.1391,167.64,32.93,270.9,False,2026-03-11 17:43:53
a56364,N4461B,United States,33.4081,-117.2109,1242.06,81.9,326.01,False,2026-03-11 17:43:53
a7ff34,SKW6467,United States,32.2422,-99.562,10972.8,235.11,313.23,False,2026-03-11 17:43:53
a5ac53,N465BM,United States,33.7652,-84.3996,,0.0,180.0,True,2026-03-11 17:43:53
a7ec02,N6097G,United States,40.7783,-73.421,304.8,45.92,77.05,False,2026-03-11 17:43:53
0d098f,XARAN,Mexico,37.5596,-89.2729,13106.4,192.27,222.4,False,2026-03-11 17:43:53
a75fdf,UAL1873,United States,40.2187,-96.3857,10058.4,275.78,75.08,False,2026-03-11 17:43:53
a74cc4,N57HE,United States,42.4748,-77.4281,11658.6,258.14,86.8,False,2026-03-11 17:43:53
a2b501,UAL1960,United States,39.0712,-121.5514,10972.8,220.39,232.97,False,2026-03-11 17:43:53
aca1dd,AAL3332,United States,39.2018,-95.6903,6896.1,177.73,254.56,False,2026-03-11 17:43:53
adbaca,JBU588,United States,38.3227,-94.3521,10050.78,267.16,64.57,False,2026-03-11 17:43:53
a5502b,AAL2852,United States,34.2312,-93.714,10058.4,263.85,54.2,False,2026-03-11 17:43:53
a5ac3b,AAL1816,United States,31.2773,-104.176,10058.4,248.15,107.12,False,2026-03-11 17:43:53
a192af,N200GX,United States,35.643,-84.0685,12192.0,215.56,308.7,False,2026-03-11 17:43:53
a202a1,MXY715,United States,34.6835,-78.2573,10058.4,250.19,38.24,False,2026-03-11 17:43:53
a40820,VJA359,United States,31.3906,-96.4725,7917.18,231.51,323.77,False,2026-03-11 17:43:53
ac791d,AAL894,United States,41.4387,-90.5339,11582.4,179.29,245.05,False,2026-03-11 17:43:53
0d099a,VIV3120,Mexico,31.9149,-115.3188,8816.34,224.02,307.82,False,2026-03-11 17:43:53
a82662,N624PD,United States,33.8182,-118.1518,68.58,87.3,315.0,False,2026-03-11 17:43:53
0c605d,BWA079,Trinidad and Tobago,33.3566,-77.9503,10058.4,227.67,357.15,False,2026-03-11 17:43:53
a1a849,N20597,United States,40.0035,-76.1704,982.98,48.45,318.01,False,2026-03-11 17:43:53
a5635d,N44605,United States,32.5822,-85.0697,701.04,44.48,275.97,False,2026-03-11 17:43:53
a2c81e,N279CA,United States,41.3055,-73.4814,1645.92,46.41,215.98,False,2026-03-11 17:43:53
a1584a,EDV4968,United States,41.9825,-87.9087,,9.26,67.5,True,2026-03-11 17:43:53
0c6060,BWA484,Trinidad and Tobago,25.7072,-80.3872,1432.56,122.62,266.87,False,2026-03-11 17:43:53
0c6062,BWA482,Trinidad and Tobago,27.5093,-80.821,5608.32,184.86,338.79,False,2026-03-11 17:43:53
a620b7,UAL2259,United States,43.0383,-122.2503,10370.82,208.86,359.86,False,2026-03-11 17:43:53
a8264f,NKS2355,United States,43.2754,-86.722,9951.72,274.6,86.89,False,2026-03-11 17:43:53
aa1dcd,AAL142,United States,42.8329,-62.0152,11285.22,245.0,71.26,False,2026-03-11 17:43:53
a9a929,VXP8511,United States,36.134,-89.6837,12192.0,179.57,269.02,False,2026-03-11 17:43:53
abd19e,SWA3375,United States,35.2721,-119.1824,11277.6,244.54,131.5,False,2026-03-11 17:43:53
aa6103,UAL1049,United States,39.8546,-104.6768,,2.57,180.0,True,2026-03-11 17:43:53
ac5f28,N89681,United States,33.5523,-97.283,1127.76,33.02,265.53,False,2026-03-11 17:43:53
a500e9,N421SC,United States,27.8505,-92.7372,12192.0,203.33,267.97,False,2026-03-11 17:43:53
a13e56,,United States,44.376,-120.8533,1828.8,39.56,249.44,False,2026-03-11 17:43:53
a7f308,LXJ611,United States,31.6585,-78.5774,13098.78,228.4,195.41,False,2026-03-11 17:43:53
aa7426,UAL1254,United States,28.2503,-88.3291,10363.2,215.81,281.55,False,2026-03-11 17:43:53
a8cfae,QXE2163,United States,39.5443,-119.1548,10668.0,223.44,185.95,False,2026-03-11 17:43:53
a6cc45,AAL2169,United States,35.7258,-82.7151,7566.66,230.16,105.56,False,2026-03-11 17:43:53
a085f9,N1327N,United States,30.0346,-90.0425,228.6,38.84,281.46,False,2026-03-11 17:43:53
a95952,N701LU,United States,35.7574,-79.5195,1653.54,66.36,7.13,False,2026-03-11 17:43:53
a67c78,N517LP,United States,35.9198,-115.2096,1036.32,42.75,182.76,False,2026-03-11 17:43:53
a86cae,PDT6134,United States,37.733,-77.2858,982.98,116.55,238.91,False,2026-03-11 17:43:53
a07efc,N131AV,United States,43.7956,-116.4259,1539.24,48.57,126.38,False,2026-03-11 17:43:53
a63526,N4999M,United States,38.7834,-75.6421,541.02,69.36,237.72,False,2026-03-11 17:43:53
a335f4,DAL1384,United States,40.4442,-80.3245,10431.78,213.41,208.67,False,2026-03-11 17:43:53
ab44a7,AAL2220,United States,40.0493,-96.2942,9753.6,203.56,204.17,False,2026-03-11 17:43:53
a37e82,N324PS,United States,33.705,-117.0546,3261.36,73.41,95.63,False,2026-03-11 17:43:53
a36b50,JBU68,United States,42.3688,-71.0155,,0.0,185.62,True,2026-03-11 17:43:53
aba7ad,N850DK,United States,40.7167,-74.9028,4488.18,93.95,255.74,False,2026-03-11 17:43:53
a37e5a,DAL611,United States,31.1596,-98.2372,11582.4,212.68,187.37,False,2026-03-11 17:43:53
a88819,EJA649,United States,36.8675,-76.183,12192.0,216.13,208.27,False,2026-03-11 17:43:53
c05e09,CGJPW,Canada,41.9907,-87.4858,11551.92,271.6,118.26,False,2026-03-11 17:43:53
aad72c,N798QS,United States,27.3144,-82.0623,12192.0,229.63,281.76,False,2026-03-11 17:43:53
abdd09,SWA3762,United States,37.8674,-122.0161,3093.72,159.96,58.82,False,2026-03-11 17:43:53
aba7b5,CYT85,United States,30.8529,-85.5673,6355.08,110.33,3.74,False,2026-03-11 17:43:53
a8007e,N6144,United States,40.8153,-96.7511,457.2,64.82,0.0,False,2026-03-11 17:43:53
aba7b9,N850DX,United States,41.6882,-98.5289,8839.2,192.36,117.39,False,2026-03-11 17:43:53
a575e0,AAL2722,United States,35.5933,-104.1832,10355.58,219.6,256.45,False,2026-03-11 17:43:53
a6f8b0,N5485E,United States,37.3624,-108.2233,3474.72,42.05,7.73,False,2026-03-11 17:43:53
a455c7,FFT9579,United States,37.3245,-91.0448,10675.62,278.08,61.49,False,2026-03-11 17:43:53
aba7b0,DAL1336,United States,33.6376,-84.4354,,1.8,300.94,True,2026-03-11 17:43:53
a36b2d,JBU2105,United States,42.0028,-87.8928,281.94,67.39,270.0,False,2026-03-11 17:43:53
a61b14,N49285,United States,33.5311,-117.7755,975.36,41.11,134.49,False,2026-03-11 17:43:53
ad7da2,AAL1884,United States,25.7851,-80.3401,99.06,76.71,87.69,False,2026-03-11 17:43:53
a3c235,NDU341,United States,33.0599,-112.2747,2491.74,56.13,272.63,False,2026-03-11 17:43:53
ac77d3,AAL1976,United States,33.1436,-91.1335,9144.0,203.09,245.77,False,2026-03-11 17:43:53
ac0417,ASH6267,United States,26.7451,-96.9071,10363.2,196.96,207.37,False,2026-03-11 17:43:53
a3c233,DAL2972,United States,35.8245,-96.4697,10660.38,257.42,14.7,False,2026-03-11 17:43:53
a24b40,AY1590,United States,33.261,-111.5968,1051.56,111.0,133.31,False,2026-03-11 17:43:53
a3d568,UPS5975,United States,41.9203,-89.2243,845.82,114.81,92.31,False,2026-03-11 17:43:53
a1a87e,MXY244,United States,30.4939,-101.4379,8534.4,201.73,288.9,False,2026-03-11 17:43:53
a3d55e,N346UD,United States,31.4695,-84.4512,952.5,70.48,90.0,False,2026-03-11 17:43:53
a7b832,JBU94,United States,38.2864,-75.3583,11277.6,229.47,28.23,False,2026-03-11 17:43:53
a3e88d,N351AJ,United States,40.0744,-104.8478,8229.6,159.98,283.01,False,2026-03-11 17:43:53
a7e09e,N6065P,United States,42.1763,-71.2493,929.64,23.6,200.41,False,2026-03-11 17:43:53
a562aa,UAL1586,United States,29.0792,-93.879,6560.82,220.81,358.13,False,2026-03-11 17:43:53
a24b39,ENY4103,United States,32.8914,-96.9967,190.5,70.57,315.0,False,2026-03-11 17:43:53
a49e39,EJA397,United States,32.5171,-96.7541,13106.4,214.3,316.07,False,2026-03-11 17:43:53
a192bf,N200HN,United States,28.5287,-81.3943,91.44,58.57,314.64,False,2026-03-11 17:43:53
aa2629,N753LA,United States,32.8616,-111.3808,2194.56,64.43,152.41,False,2026-03-11 17:43:53
a3c246,DAL2951,United States,39.0072,-77.4888,10363.2,222.39,218.99,False,2026-03-11 17:43:53
abca00,AAL2941,United States,33.3998,-108.4102,8534.4,199.1,311.02,False,2026-03-11 17:43:53
a192e0,N200JW,United States,41.5981,-105.3466,12496.8,282.98,89.06,False,2026-03-11 17:43:53
a32ecc,N304GH,United States,35.7932,-82.1577,1935.48,26.35,231.34,False,2026-03-11 17:43:53
a575f4,N451BH,United States,36.5431,-104.9283,12496.8,266.85,138.75,False,2026-03-11 17:43:53
a67bc8,DAL333,United States,36.0797,-115.1387,,1.03,312.19,True,2026-03-11 17:43:53
a4db2c,N4117H,United States,36.218,-115.1723,822.96,49.11,314.58,False,2026-03-11 17:43:53
0d0984,VOI7800,Mexico,30.8006,-112.8866,11567.16,222.11,309.74,False,2026-03-11 17:43:53
c00ec2,WJA2612,Canada,47.3138,-97.2131,10668.0,235.21,181.75,False,2026-03-11 17:43:53
a14584,N181MP,United States,36.2016,-86.954,2103.12,110.2,26.33,False,2026-03-11 17:43:53
c00ec7,CFFPM,Canada,50.9282,-114.8565,5585.46,71.49,256.26,False,2026-03-11 17:43:53
a6353e,N5A,United States,37.8349,-75.6319,13716.0,229.57,30.88,False,2026-03-11 17:43:53
ab8112,AAL2024,United States,26.7685,-81.7265,2232.66,150.54,356.28,False,2026-03-11 17:43:53
c028cd,WJA2132,Canada,36.0939,-80.9233,10972.8,222.35,189.72,False,2026-03-11 17:43:53
a37279,EPI385,United States,29.6799,-81.5865,990.6,50.66,279.94,False,2026-03-11 17:43:53
a442f3,DAL946,United States,30.7135,-98.3157,4876.8,179.37,114.21,False,2026-03-11 17:43:53
0a80c9,WST901,Bahamas,25.5568,-78.8487,3832.86,175.9,112.89,False,2026-03-11 17:43:53
a81395,N61972,United States,28.4832,-82.0764,1767.84,61.34,348.88,False,2026-03-11 17:43:53
aabd54,N791SH,United States,33.7119,-84.0083,609.6,25.95,309.37,False,2026-03-11 17:43:53
abe40a,SWA1627,United States,35.2558,-77.0395,10972.8,231.28,201.94,False,2026-03-11 17:43:53
ac042a,SWA2032,United States,38.6262,-121.9409,3390.9,172.86,233.47,False,2026-03-11 17:43:53
a6c05d,N534MA,United States,38.2173,-120.5228,1821.18,84.91,297.81,False,2026-03-11 17:43:53
a037b2,DAL1770,United States,34.5769,-77.3629,10972.8,236.63,203.44,False,2026-03-11 17:43:53
aa99b7,UAL2402,United States,34.3778,-82.8978,11277.6,278.1,50.48,False,2026-03-11 17:43:53
ab44dd,EJA825,United States,44.0012,-106.156,13106.4,207.84,269.72,False,2026-03-11 17:43:53
a37265,DAL2570,United States,42.1654,-87.887,2354.58,149.83,18.62,False,2026-03-11 17:43:53
ab2ad9,N819AP,United States,40.7533,-75.8841,8923.02,203.53,252.34,False,2026-03-11 17:43:53
a037b9,DAL2396,United States,32.8634,-79.9842,10965.18,217.93,215.0,False,2026-03-11 17:43:53
a93393,EJA692,United States,33.8541,-116.2761,5814.06,191.1,275.1,False,2026-03-11 17:43:53
a740ec,N567AA,United States,28.3126,-81.7632,822.96,48.58,275.47,False,2026-03-11 17:43:53
a3725a,DAL1525,United States,33.6362,-84.4213,,8.75,120.94,True,2026-03-11 17:43:53
ab2ae0,AAL2157,United States,32.9195,-97.0279,,6.94,0.0,True,2026-03-11 17:43:53
ae571b,WING31,United States,34.6945,-83.459,3299.46,119.56,233.57,False,2026-03-11 17:43:53
aaaa2f,N7867T,United States,31.7072,-102.7091,11567.16,186.26,329.82,False,2026-03-11 17:43:53
acb4c1,DAL1960,United States,42.1341,-92.5097,10058.4,194.25,187.92,False,2026-03-11 17:43:53
abdd63,SKW5287,United States,37.6521,-122.3351,487.68,94.91,54.93,False,2026-03-11 17:43:53
aaaa46,N7868F,United States,26.3531,-81.8755,251.46,66.95,154.03,False,2026-03-11 17:43:53
a74e05,N57WA,United States,34.3765,-117.5084,3634.74,119.97,118.98,False,2026-03-11 17:43:53
a9dcca,N73439,United States,35.2479,-78.2258,914.4,48.04,279.87,False,2026-03-11 17:43:53
a6709b,DAL451,United States,46.7029,-90.5006,10675.62,264.56,98.95,False,2026-03-11 17:43:53
ab31d7,N820LB,United States,41.631,-71.5817,5006.34,108.67,251.22,False,2026-03-11 17:43:53
ac64cf,UAL576,United States,44.2998,-93.0086,7741.92,168.89,154.37,False,2026-03-11 17:43:53
ab2add,LLN219,United States,33.4663,-97.5745,1272.54,69.77,123.57,False,2026-03-11 17:43:53
a3857d,N326KB,United States,40.6107,-111.9916,1310.64,52.68,174.96,False,2026-03-11 17:43:53
a36b73,JBU2474,United States,37.3983,-75.9575,11277.6,229.04,30.65,False,2026-03-11 17:43:53
abdd4a,SWA1756,United States,37.1708,-107.715,11277.6,257.72,82.78,False,2026-03-11 17:43:53
a49232,FFT1474,United States,37.0405,-78.3268,11277.6,247.31,32.6,False,2026-03-11 17:43:53
ad1d3d,AAL2192,United States,36.5572,-109.9935,9144.0,202.0,296.96,False,2026-03-11 17:43:53
ac1789,SWA4112,United States,36.0754,-115.1514,,0.32,329.06,True,2026-03-11 17:43:53
ab8148,EJA840,United States,45.9574,-98.2192,13106.4,226.48,274.3,False,2026-03-11 17:43:53
ae07ce,,United States,33.5645,-81.0568,350.52,81.13,203.15,False,2026-03-11 17:43:53
a335fa,DAL2247,United States,41.9883,-87.9004,,8.75,180.0,True,2026-03-11 17:43:53
a9335a,NKS1257,United States,40.1752,-75.6537,8153.4,193.34,236.94,False,2026-03-11 17:43:53
a993ea,SCA16,United States,33.7892,-112.1699,1165.86,52.81,137.76,False,2026-03-11 17:43:53
a2ae6e,N272FG,United States,40.2865,-74.7984,144.78,31.67,226.97,False,2026-03-11 17:43:53
a50e3f,AAL2048,United States,35.3731,-105.9259,8839.2,240.43,66.01,False,2026-03-11 17:43:53
a2b562,ASA504,United States,47.4909,-114.381,10363.2,172.45,267.95,False,2026-03-11 17:43:53
ad3777,N9503Q,United States,29.9975,-90.8306,243.84,66.22,46.26,False,2026-03-11 17:43:53
abdd67,SKY5939,United States,39.6511,-102.6419,8084.82,243.83,96.42,False,2026-03-11 17:43:53
ac045e,ASH6147,United States,29.9373,-95.3088,647.7,99.47,129.12,False,2026-03-11 17:43:53
abca36,EJA859,United States,38.0464,-87.6005,10789.92,194.56,268.18,False,2026-03-11 17:43:53
ad7e6f,JBU289,United States,34.7576,-106.6712,10363.2,221.4,254.64,False,2026-03-11 17:43:53
c050ae,ACA1314,Canada,48.0978,-119.8356,9448.8,279.59,141.27,False,2026-03-11 17:43:53
a06d39,N1266U,United States,32.9097,-97.4752,1082.04,42.95,263.81,False,2026-03-11 17:43:53
a682ef,ASA1474,United States,48.0021,-98.8222,10363.2,209.5,271.97,False,2026-03-11 17:43:53
ae0881,GOAT21,United States,29.3241,-98.0547,1356.36,110.67,312.74,False,2026-03-11 17:43:53
a5fb82,N485DL,United States,40.6145,-103.7081,2415.54,42.05,352.27,False,2026-03-11 17:43:53
ac5e8d,SWA1754,United States,34.7465,-111.4731,10668.0,257.88,122.45,False,2026-03-11 17:43:53
ad2efa,DAL3013,United States,38.4921,-86.5439,8122.92,267.24,39.3,False,2026-03-11 17:43:53
c050c4,ACA1321,Canada,34.2294,-80.8119,10972.8,224.89,197.03,False,2026-03-11 17:43:53
a7a568,LXJ592,United States,30.3601,-82.1841,13106.4,221.05,196.49,False,2026-03-11 17:43:53
c050c5,ACA738,Canada,41.292,-114.1161,10668.0,268.76,71.01,False,2026-03-11 17:43:53
c050c0,ACA341,Canada,51.3474,-114.5946,10972.8,201.24,251.98,False,2026-03-11 17:43:53
86dca2,JAL66,Japan,41.5459,-127.7803,11887.2,269.69,147.07,False,2026-03-11 17:43:53
a19404,SWA2954,United States,34.9994,-81.6848,12192.0,203.75,235.91,False,2026-03-11 17:43:53
a4f59c,AAL972,United States,36.0807,-115.1349,,0.0,241.88,True,2026-03-11 17:43:53
a8ab3c,JBU2584,United States,34.5406,-77.9523,11277.6,245.14,68.71,False,2026-03-11 17:43:53
acae64,EJA916,United States,39.2929,-98.634,12496.8,264.47,88.89,False,2026-03-11 17:43:53
adc201,MTN8310,United States,40.7635,-74.1196,533.4,71.55,206.01,False,2026-03-11 17:43:53
ae4ee6,SHARK73,United States,38.9905,-104.8211,1973.58,48.38,351.44,False,2026-03-11 17:43:53
a5fb70,WUP485,United States,26.8439,-80.4984,5242.56,158.32,340.45,False,2026-03-11 17:43:53
a4e291,N41369,United States,34.2337,-118.4913,274.32,36.1,175.91,False,2026-03-11 17:43:53
a6cbe7,N537RB,United States,35.8514,-88.8042,11887.2,264.55,103.04,False,2026-03-11 17:43:53
ac6596,SWA1132,United States,32.8338,-114.5551,10363.2,210.84,287.9,False,2026-03-11 17:43:53
ae4ee1,SHARK68,United States,39.1294,-104.6244,2636.52,68.03,86.53,False,2026-03-11 17:43:53
a144a2,N181CN,United States,35.1331,-111.958,10843.26,240.71,123.32,False,2026-03-11 17:43:53
a037ee,CXK295,United States,40.0645,-74.9932,342.9,50.93,315.82,False,2026-03-11 17:43:53
a9e546,N737CH,United States,39.4072,-77.4045,426.72,46.34,67.14,False,2026-03-11 17:43:53
a157d9,RTY186,United States,40.4413,-105.0057,,0.0,247.5,True,2026-03-11 17:43:53
ab3282,SCX529,United States,38.3758,-97.2599,10363.2,218.86,201.8,False,2026-03-11 17:43:53
a6cbdd,EJA537,United States,34.0847,-82.8434,12496.8,222.56,160.98,False,2026-03-11 17:43:53
c063e1,CGLVK,Canada,43.676,-79.6276,,0.06,185.62,True,2026-03-11 17:43:53
aa72f5,,United States,38.6115,-118.3115,10340.34,198.64,284.4,False,2026-03-11 17:43:53
ae4edb,SHARK51,United States,38.7813,-104.5138,2644.14,71.38,121.74,False,2026-03-11 17:43:53
c063fa,WEN3738,Canada,50.2135,-119.4149,1958.34,104.79,170.68,False,2026-03-11 17:43:53
a9a8e3,N721SR,United States,45.0065,-93.7146,3726.18,72.53,328.34,False,2026-03-11 17:43:53
ad857e,AAL3319,United States,34.4894,-80.8283,5455.92,191.51,160.54,False,2026-03-11 17:43:53
a98219,DAL1857,United States,37.1928,-113.0662,10972.8,219.12,234.56,False,2026-03-11 17:43:53
a01db9,BPX273,United States,29.4684,-81.3609,830.58,41.24,183.58,False,2026-03-11 17:43:53
aa6bed,SWA3752,United States,32.2227,-111.0649,1516.38,112.04,134.63,False,2026-03-11 17:43:53
a9953e,N7164C,United States,28.51,-80.9715,1463.04,38.07,0.77,False,2026-03-11 17:43:53
a86259,N6396D,United States,33.5768,-117.7812,701.04,42.29,323.41,False,2026-03-11 17:43:53
c063eb,WJA1680,Canada,50.598,-105.5851,11277.6,266.98,97.08,False,2026-03-11 17:43:53
a9a8f4,CXK127,United States,30.9044,-98.5987,1219.2,51.12,339.38,False,2026-03-11 17:43:53
ae0890,MAFIA41,United States,33.2674,-87.2835,6400.8,159.16,112.42,False,2026-03-11 17:43:53
acae7c,N916RR,United States,33.6837,-117.862,-60.96,36.59,207.65,False,2026-03-11 17:43:53
a57719,GTI8594,United States,43.074,-83.3631,9144.0,204.0,249.33,False,2026-03-11 17:43:53
a05a03,UAL2679,United States,36.9858,-90.5835,10363.2,194.52,256.07,False,2026-03-11 17:43:53
a25dcc,CXK461,United States,38.6103,-104.6107,2217.42,64.8,196.13,False,2026-03-11 17:43:53
a12ac8,UAL738,United States,32.8914,-80.3639,10972.8,218.45,213.28,False,2026-03-11 17:43:53
a1dd2d,RPA5705,United States,38.9301,-75.4537,9753.6,227.64,186.1,False,2026-03-11 17:43:53
a12ac9,UAL1074,United States,47.12,-81.5761,9662.16,178.81,284.84,False,2026-03-11 17:43:53
a5c5e8,N471MD,United States,27.1606,-80.6715,464.82,117.02,311.26,False,2026-03-11 17:43:53
a0c42c,AAL1470,United States,33.435,-111.9923,,0.0,180.0,True,2026-03-11 17:43:53
ac4b9a,N8911V,United States,33.2069,-81.9039,1478.28,53.13,133.43,False,2026-03-11 17:43:53
0d07f6,VOI3291,Mexico,30.1854,-110.1591,11582.4,221.74,294.25,False,2026-03-11 17:43:53
a24aa7,KAP109,United States,41.336,-70.0609,312.42,77.52,164.21,False,2026-03-11 17:43:53
ab329e,UAL1597,United States,37.618,-122.3823,,0.9,120.94,True,2026-03-11 17:43:53
a61b43,CNS402,United States,40.0793,-75.0104,,7.2,208.12,True,2026-03-11 17:43:53
a74224,JIA5051,United States,38.9633,-77.2805,1539.24,102.59,315.81,False,2026-03-11 17:43:53
a32427,NSH301,United States,35.4146,-80.548,1181.1,112.17,309.6,False,2026-03-11 17:43:53
a67bd3,DAL389,United States,47.9422,-89.0887,10972.8,247.04,323.3,False,2026-03-11 17:43:53
a79bbb,N59GY,United States,29.7281,-81.2705,1912.62,84.91,57.37,False,2026-03-11 17:43:53
acb59c,AAL1492,United States,33.0364,-96.7116,3055.62,184.92,96.71,False,2026-03-11 17:43:53
ad7282,DAL2331,United States,40.0065,-77.2828,8564.88,213.72,276.22,False,2026-03-11 17:43:53
a12ac0,UAL2855,United States,35.3255,-109.4398,10972.8,207.12,286.0,False,2026-03-11 17:43:53
a86e47,N642SP,United States,40.5415,-74.5714,220.98,47.85,196.88,False,2026-03-11 17:43:53
a12ac1,UAL1323,United States,35.5402,-107.8615,10363.2,199.06,266.0,False,2026-03-11 17:43:53
a12ac2,UAL502,United States,43.0586,-81.3845,9144.0,206.97,267.72,False,2026-03-11 17:43:53
a12ac3,UAL1499,United States,29.6422,-97.429,6858.0,170.89,178.1,False,2026-03-11 17:43:53
a61b4e,ASA284,United States,40.9612,-97.6027,10058.4,265.07,81.07,False,2026-03-11 17:43:53
a407ab,N359QS,United States,40.059,-73.1974,10690.86,184.79,224.77,False,2026-03-11 17:43:53
acb57f,N918MJ,United States,41.8025,-97.9012,12496.8,282.67,81.21,False,2026-03-11 17:43:53
a63575,N5CE,United States,37.5186,-108.2891,5273.04,90.39,51.24,False,2026-03-11 17:43:53
a0aa2b,AAL2874,United States,28.3018,-97.5269,10363.2,196.52,180.0,False,2026-03-11 17:43:53
a17a45,N1946V,United States,40.3747,-75.9633,,4.37,289.69,True,2026-03-11 17:43:53
a562e8,SWA3804,United States,36.6984,-121.5439,9448.8,247.37,135.51,False,2026-03-11 17:43:53
a00af3,N1011N,United States,28.333,-82.1775,548.64,47.33,180.0,False,2026-03-11 17:43:53
a131b6,JPR76,United States,40.7131,-122.2175,1104.9,75.81,262.2,False,2026-03-11 17:43:53
a695ea,AAL2927,United States,40.776,-73.874,,0.0,132.19,True,2026-03-11 17:43:53
a0bd61,BPX276,United States,29.5038,-81.1758,1607.82,45.55,161.57,False,2026-03-11 17:43:53
a0bd62,N147HB,United States,33.9978,-112.2953,2506.98,56.65,283.66,False,2026-03-11 17:43:53
acfbfd,ASA390,United States,34.6121,-114.9807,10668.0,242.67,44.06,False,2026-03-11 17:43:53
c05caa,CLTST22,Canada,37.5188,-101.1511,13106.4,208.96,268.31,False,2026-03-11 17:43:53
a8ab18,N658GR,United States,35.9064,-119.1773,1828.8,131.47,351.9,False,2026-03-11 17:43:53
a0aa1b,UCA4360,United States,38.9467,-77.4547,,0.0,281.25,True,2026-03-11 17:43:53
aa72b1,RPA3654,United States,37.6465,-76.1321,10363.2,223.73,214.13,False,2026-03-11 17:43:53
a3c274,EJA341,United States,38.0113,-121.4821,10965.18,217.92,31.29,False,2026-03-11 17:43:53
a25dcb,CXK460,United States,30.2401,-98.2635,2118.36,64.9,77.18,False,2026-03-11 17:43:53
a37da0,ERU324,United States,29.1881,-81.0394,0.0,48.58,245.61,False,2026-03-11 17:43:53
a12aa4,UAL1930,United States,34.3184,-106.9036,9753.6,223.46,253.28,False,2026-03-11 17:43:53
a12aa5,UAL2207,United States,36.7879,-88.9614,10972.8,213.95,311.39,False,2026-03-11 17:43:53
a7555d,N5716U,United States,35.4596,-77.9247,480.06,53.65,65.65,False,2026-03-11 17:43:53
a682e3,,United States,30.669,-88.2244,434.34,79.63,140.24,False,2026-03-11 17:43:53
a80bd5,N6175Q,United States,27.7901,-81.967,685.8,42.71,271.38,False,2026-03-11 17:43:53
add59b,N9904V,United States,38.5649,-121.8633,60.96,45.82,118.87,False,2026-03-11 17:43:53
a4db6c,N4119B,United States,29.8775,-98.6051,1051.56,63.16,110.5,False,2026-03-11 17:43:53
adbb85,N984RP,United States,33.4625,-111.7243,,24.18,47.81,True,2026-03-11 17:43:53
ac1701,SWA3601,United States,34.7833,-116.4804,9075.42,232.88,226.43,False,2026-03-11 17:43:53
a825e3,JBU168,United States,34.332,-77.5823,10050.78,225.93,10.36,False,2026-03-11 17:43:53
aa1219,AAL3099,United States,41.9548,-91.0999,11269.98,235.99,146.38,False,2026-03-11 17:43:53
a12aa0,UAL1462,United States,28.7937,-77.6652,9753.6,252.87,177.32,False,2026-03-11 17:43:53
a12aa1,UAL1257,United States,35.8756,-120.6851,10363.2,216.18,307.36,False,2026-03-11 17:43:53
a9de00,N735DY,United States,38.362,-122.0243,609.6,65.13,233.67,False,2026-03-11 17:43:53
a7687b,ASA759,United States,46.3141,-121.9149,8130.54,229.53,170.45,False,2026-03-11 17:43:53
ad727a,ASA1368,United States,37.0272,-119.1188,10972.8,215.62,349.41,False,2026-03-11 17:43:53
a00ad3,N1010R,United States,36.6857,-76.3179,205.74,37.13,100.38,False,2026-03-11 17:43:53
a7a532,DAL745,United States,40.7747,-111.9748,,0.0,174.38,True,2026-03-11 17:43:53
c076f4,CGTBF,Canada,51.1829,-114.3309,1844.04,50.63,174.75,False,2026-03-11 17:43:53
aa6ba6,SWA4232,United States,38.7461,-77.095,1554.48,124.73,266.45,False,2026-03-11 17:43:53
a05a48,UCA4261,United States,32.5341,-101.467,7924.8,132.39,345.37,False,2026-03-11 17:43:53
a1a7c5,N2056E,United States,28.3565,-80.7165,335.28,45.3,271.95,False,2026-03-11 17:43:53
a24ade,JSX510,United States,31.7854,-93.608,11277.6,226.39,130.02,False,2026-03-11 17:43:53
a55d49,N445B,United States,40.3781,-75.1304,792.48,66.95,25.97,False,2026-03-11 17:43:53
a6e720,DAL811,United States,33.6424,-117.7975,5067.3,229.03,97.88,False,2026-03-11 17:43:53
a06176,N1232A,United States,34.0171,-118.4488,,2.83,45.0,True,2026-03-11 17:43:53
aa8752,CFS8731,United States,39.8749,-122.985,2918.46,95.0,316.97,False,2026-03-11 17:43:53
a20471,SWA1349,United States,28.4192,-81.8876,5280.66,206.41,282.96,False,2026-03-11 17:43:53
a50de8,N42477,United States,33.9376,-117.4583,464.82,42.68,105.38,False,2026-03-11 17:43:53
a17a5a,N1947F,United States,28.104,-80.6709,60.96,34.33,70.75,False,2026-03-11 17:43:53
a384f2,DAL2274,United States,44.6581,-93.6386,3192.78,178.97,237.68,False,2026-03-11 17:43:53
ac5e23,SWA4626,United States,32.5913,-91.5936,11582.4,190.38,258.78,False,2026-03-11 17:43:53
a2addf,UCA4315,United States,34.6836,-86.7815,350.52,66.37,180.89,False,2026-03-11 17:43:53
a55d54,N445BL,United States,28.3429,-81.8237,1638.3,55.08,272.14,False,2026-03-11 17:43:53
a31d67,N30EK,United States,37.2481,-92.1306,12496.8,245.54,96.74,False,2026-03-11 17:43:53
a1f77c,MXY755,United States,31.8376,-85.9352,8130.54,259.71,65.67,False,2026-03-11 17:43:53
aa8741,CFS8692,United States,45.1242,-121.9793,3253.74,92.96,128.71,False,2026-03-11 17:43:53
a57774,BTQ353,United States,45.7075,-120.4501,4785.36,98.82,271.79,False,2026-03-11 17:43:53
86e3ec,JAL062,Japan,41.6867,-127.9021,11269.98,269.54,146.92,False,2026-03-11 17:43:53
a1f792,N226CW,United States,39.6453,-104.879,2339.34,119.16,327.34,False,2026-03-11 17:43:53
a12ae6,UAL1875,United States,43.7267,-76.5752,8534.4,201.07,275.58,False,2026-03-11 17:43:53
a12ae8,UAL1885,United States,31.9141,-107.6691,9144.0,221.39,274.53,False,2026-03-11 17:43:53
a5ad46,N465ME,United States,40.9348,-74.6246,1234.44,113.89,46.28,False,2026-03-11 17:43:53
ac28e5,SWA2247,United States,35.5003,-95.5487,31638.24,185.83,199.74,False,2026-03-11 17:43:53
a0b132,N1437R,United States,32.9859,-91.5117,3017.52,55.71,222.38,False,2026-03-11 17:43:53
a74dbf,N57TF,United States,36.596,-120.688,5631.18,100.67,148.58,False,2026-03-11 17:43:53
ab9eca,AAL433,United States,30.0348,-83.8519,11277.6,247.71,150.24,False,2026-03-11 17:43:53
a12adb,CXK246,United States,33.8,-112.0603,1866.9,29.47,253.78,False,2026-03-11 17:43:53
a397f7,N330YB,United States,31.7119,-84.3039,8846.82,114.83,158.72,False,2026-03-11 17:43:53
afc66a,G21306,United States,39.2736,-75.6124,609.6,22.59,210.07,False,2026-03-11 17:43:53
a32449,AAY9,United States,40.6402,-110.2494,11285.22,250.3,44.17,False,2026-03-11 17:43:53
ad2ea4,AAL2286,United States,32.9171,-97.0327,,10.29,180.0,True,2026-03-11 17:43:53
ad2ea1,ASA274,United States,47.4503,-117.3757,9456.42,283.74,95.51,False,2026-03-11 17:43:53
a33778,N306VA,United States,30.0251,-98.3683,647.7,43.8,229.76,False,2026-03-11 17:43:53
ac7849,N902TF,United States,35.7329,-87.6282,10683.24,242.28,134.48,False,2026-03-11 17:43:53
a12ae4,UAL1500,United States,39.8287,-104.6418,1562.1,84.38,0.7,False,2026-03-11 17:43:53
a12ae5,UAL1783,United States,37.8159,-113.5954,10058.4,245.02,32.66,False,2026-03-11 17:43:53
a1d105,ENY4149,United States,33.0597,-100.299,7315.2,214.9,275.22,False,2026-03-11 17:43:53
a7b7b3,ASI58,United States,32.971,-112.0099,1607.82,43.76,287.8,False,2026-03-11 17:43:53
ac5e47,SWA2963,United States,38.5133,-94.0025,5615.94,193.88,339.5,False,2026-03-11 17:43:53
a131e1,CXK176,United States,32.9955,-111.5995,1257.3,52.03,114.54,False,2026-03-11 17:43:53
a3241d,N301MA,United States,35.2072,-83.5319,9448.8,158.21,157.44,False,2026-03-11 17:43:53
a12aeb,UAL2601,United States,37.3206,-96.9575,10668.0,255.33,114.4,False,2026-03-11 17:43:53
a4dad2,N4114Y,United States,39.4229,-77.3514,396.24,37.1,340.56,False,2026-03-11 17:43:53
ab320a,JTL820,United States,31.7987,-82.5675,12496.8,214.68,4.54,False,2026-03-11 17:43:53
a6e72d,JIA5593,United States,32.89,-97.0333,,7.72,205.31,True,2026-03-11 17:43:53
a30a0e,SWA1769,United States,34.7363,-77.1554,10972.8,222.98,220.41,False,2026-03-11 17:43:53
a32437,DAL861,United States,34.9992,-116.6235,10271.76,242.83,47.32,False,2026-03-11 17:43:53
a33766,AAL1437,United States,33.9408,-118.4056,,1.03,168.75,True,2026-03-11 17:43:53
a29a37,ENY4110,United States,25.7831,-80.3865,312.42,66.91,88.24,False,2026-03-11 17:43:53
ab2b2c,DAL569,United States,36.0003,-86.898,10546.08,241.56,134.31,False,2026-03-11 17:43:53
a0e9a9,N158U,United States,41.7797,-111.8511,,0.0,340.31,True,2026-03-11 17:43:53
ae68bd,DAGGR66,United States,38.9253,-104.6811,2941.32,128.61,359.77,False,2026-03-11 17:43:53
a43157,N3699J,United States,43.5731,-116.2516,762.0,23.47,116.0,False,2026-03-11 17:43:53
ae4eb1,,United States,27.6873,-80.9246,10675.62,213.47,350.29,False,2026-03-11 17:43:53
a1d16c,N216SR,United States,30.0158,-98.5671,1524.0,39.38,289.86,False,2026-03-11 17:43:53
a7a59f,JBU1777,United States,25.7502,-77.3715,11277.6,243.52,141.6,False,2026-03-11 17:43:53
a13f00,N18GY,United States,33.8703,-111.906,2164.08,133.49,239.68,False,2026-03-11 17:43:53
a527ab,N431JP,United States,34.1339,-117.8834,632.46,44.9,274.6,False,2026-03-11 17:43:53
aa8701,EJM78,United States,38.5084,-85.6262,10675.62,250.76,350.67,False,2026-03-11 17:43:53
ad48cd,N955SC,United States,32.7109,-97.0297,419.1,51.02,176.53,False,2026-03-11 17:43:53
ae4eaa,BRCAT13,United States,32.6262,-104.2042,4785.36,90.46,160.74,False,2026-03-11 17:43:53
a85b7e,,United States,43.3418,-94.7525,2072.64,61.08,32.62,False,2026-03-11 17:43:53
ab2b3f,ERU819,United States,28.6993,-80.8313,830.58,53.91,346.76,False,2026-03-11 17:43:53
c05d9d,WJA2090,Canada,48.7741,-121.5777,7231.38,248.96,115.72,False,2026-03-11 17:43:53
ab92c4,DAL349,United States,34.9828,-104.7118,10363.2,224.61,262.63,False,2026-03-11 17:43:53
ab588f,N830CC,United States,33.4841,-81.4499,1851.66,91.03,309.27,False,2026-03-11 17:43:53
a099a7,RPA4686,United States,35.8876,-84.0015,7421.88,182.71,258.47,False,2026-03-11 17:43:53
ad8547,ENRGY70,United States,37.4411,-76.6585,4488.18,205.27,99.96,False,2026-03-11 17:43:53
ab92d1,N845EA,United States,36.5059,-79.0173,2423.16,60.52,234.69,False,2026-03-11 17:43:53
abe2b0,N865PA,United States,27.9843,-82.7492,213.36,52.48,322.57,False,2026-03-11 17:43:53
ae4ed7,SHARK48,United States,39.0839,-104.5062,2598.42,71.4,113.79,False,2026-03-11 17:43:53
a92bec,NKS1655,United States,28.5728,-94.0151,11277.6,259.3,79.14,False,2026-03-11 17:43:53
abeeea,SWA3894,United States,28.0169,-80.1265,7498.08,235.55,110.45,False,2026-03-11 17:43:53
c05190,TSC845,Canada,29.9541,-78.6162,10058.4,220.52,8.45,False,2026-03-11 17:43:53
a647b0,BPX285,United States,26.0023,-80.2635,91.44,38.35,96.93,False,2026-03-11 17:43:53
a0b169,ATN3334,United States,28.5054,-82.4353,6050.28,203.22,334.99,False,2026-03-11 17:43:53
abe2a3,AAL1414,United States,34.3437,-111.3378,9052.56,238.75,32.59,False,2026-03-11 17:43:53
ac02c3,N873PC,United States,43.5412,-116.3428,1341.12,90.01,24.66,False,2026-03-11 17:43:53
a67d03,SCU1,United States,36.1507,-96.2157,1356.36,28.41,5.19,False,2026-03-11 17:43:53
a1dd9b,N2192M,United States,27.7276,-82.7498,91.44,18.64,152.02,False,2026-03-11 17:43:53
ad6b0f,AAL1056,United States,38.4255,-76.2838,10111.74,245.41,37.59,False,2026-03-11 17:43:53
ad6b0e,AMX646,United States,32.3109,-115.0252,12184.38,233.97,309.29,False,2026-03-11 17:43:53
aba891,AAL2988,United States,30.9144,-84.2105,10668.0,239.44,167.85,False,2026-03-11 17:43:53
a55d31,AAL492,United States,33.8756,-88.7299,10363.2,214.61,194.44,False,2026-03-11 17:43:53
a2b4ea,UAL1814,United States,40.1351,-75.0502,3276.6,177.64,33.78,False,2026-03-11 17:43:53
ac5e7d,N89635,United States,33.288,-111.8098,609.6,45.48,223.63,False,2026-03-11 17:43:53
a384f8,DAL2062,United States,36.4169,-95.9506,10972.8,196.31,192.87,False,2026-03-11 17:43:53
a3245d,EDV5032,United States,37.354,-86.2461,9448.8,210.02,196.22,False,2026-03-11 17:43:53
ad35e0,AAL3158,United States,33.0047,-97.1911,2423.16,134.83,262.77,False,2026-03-11 17:43:53
ac6573,SWA2722,United States,36.0783,-115.1333,,6.43,90.0,True,2026-03-11 17:43:53
a67d17,SKW6303,United States,42.533,-120.7891,10972.8,204.62,349.42,False,2026-03-11 17:43:53
0d07a8,VOI7760,Mexico,35.5033,-120.0448,10972.8,210.11,306.34,False,2026-03-11 17:43:53
a3d4c6,DAL2652,United States,37.6587,-84.141,11567.16,186.78,249.02,False,2026-03-11 17:43:53
a07fa5,N131HP,United States,42.116,-122.3397,7010.4,149.26,178.22,False,2026-03-11 17:43:53
a01f0d,DAL907,United States,33.6433,-84.4321,,0.0,253.12,True,2026-03-11 17:43:53
ad35cc,MTU50,United States,36.0143,-86.2663,830.58,68.73,306.78,False,2026-03-11 17:43:53
aa127e,RPA3704,United States,41.305,-87.4986,6278.88,163.66,155.29,False,2026-03-11 17:43:53
a9cb3e,N730CA,United States,28.9917,-81.1829,586.74,46.21,258.44,False,2026-03-11 17:43:53
a8b24c,N66EH,United States,34.2449,-85.0234,914.4,53.92,142.36,False,2026-03-11 17:43:53
a9bbec,TCN726,United States,32.7335,-117.1845,,7.2,92.81,True,2026-03-11 17:43:53
a1cdd8,UAL253,United States,29.1343,-97.0638,10363.2,228.15,291.01,False,2026-03-11 17:43:53
a59d09,N46078,United States,32.7252,-96.8417,518.16,51.68,9.74,False,2026-03-11 17:43:53
a0c7fb,N15BM,United States,37.126,-120.9839,2446.02,83.3,314.75,False,2026-03-11 17:43:53
a11d71,N171FR,United States,40.8697,-74.2624,441.96,87.61,30.33,False,2026-03-11 17:43:53
a184ca,N1972,United States,45.8862,-100.8254,13106.4,242.13,276.1,False,2026-03-11 17:43:53
a47d11,DAL813,United States,42.2909,-83.9209,4030.98,163.63,295.11,False,2026-03-11 17:43:53
a0179b,N105DJ,United States,28.5546,-80.9388,1143.0,52.52,150.67,False,2026-03-11 17:43:53
ad50df,R20287,United States,35.2257,-78.6868,739.14,75.86,67.26,False,2026-03-11 17:43:53
ab7ea8,N84MW,United States,37.6033,-78.389,10180.32,217.69,219.82,False,2026-03-11 17:43:53
aa78b2,ENY4183,United States,41.7653,-88.1411,3086.1,200.37,41.88,False,2026-03-11 17:43:53
a30daf,VJA296,United States,38.9487,-74.5203,12192.0,202.61,220.16,False,2026-03-11 17:43:53
a5b7a1,N468DC,United States,39.9435,-122.1531,396.24,63.69,170.23,False,2026-03-11 17:43:53
a7e58d,CXK339,United States,35.5432,-80.3534,1546.86,34.42,260.54,False,2026-03-11 17:43:53
a3772d,EJA322,United States,39.5662,-102.6208,12192.0,137.7,274.07,False,2026-03-11 17:43:53
adfc83,VANDY70,United States,38.8866,-104.4432,2827.02,114.29,193.54,False,2026-03-11 17:43:53
aa181e,N75EK,United States,34.2371,-117.2083,4754.88,207.32,119.43,False,2026-03-11 17:43:53
a1244b,UAL537,United States,34.5905,-105.001,9753.6,215.75,327.07,False,2026-03-11 17:43:53
a7d267,N603AC,United States,35.3259,-110.2637,12496.8,224.46,45.65,False,2026-03-11 17:43:53
a54db3,OXF9750,United States,33.161,-111.9649,1584.96,64.17,228.9,False,2026-03-11 17:43:53
a11d3a,N171DL,United States,32.9786,-112.0066,1234.44,79.19,236.93,False,2026-03-11 17:43:53
a3ad2d,N336MA,United States,28.8315,-81.8196,0.0,32.14,129.81,False,2026-03-11 17:43:53
ac3e13,SWA835,United States,36.4442,-112.6329,10668.0,256.71,71.78,False,2026-03-11 17:43:53
ac581a,N895CA,United States,40.121,-114.093,12496.8,252.54,165.85,False,2026-03-11 17:43:53
a01781,N105CH,United States,28.9854,-81.1842,1249.68,55.68,218.25,False,2026-03-11 17:43:53
a50757,LXJ423,United States,30.6069,-95.0623,13106.4,249.78,107.13,False,2026-03-11 17:43:53
a5b7c7,ERU468,United States,29.5498,-81.3996,723.9,47.77,221.07,False,2026-03-11 17:43:53
a0ade2,AAL2523,United States,32.2285,-81.8651,10325.1,244.8,26.19,False,2026-03-11 17:43:53
a554b1,N4422H,United States,32.9455,-117.3057,891.54,60.5,326.45,False,2026-03-11 17:43:53
a3ad50,FFY336,United States,29.8455,-81.5828,1424.94,52.12,41.4,False,2026-03-11 17:43:53
a01799,N105DG,United States,30.3163,-90.4159,723.9,76.82,253.26,False,2026-03-11 17:43:53
a1242d,UAL2050,United States,42.9852,-84.1821,9144.0,210.65,276.31,False,2026-03-11 17:43:53
a8f262,N676DW,United States,29.6173,-82.2649,1905.0,68.9,344.41,False,2026-03-11 17:43:53
71c362,AAR221,Republic of Korea,41.1153,-73.9302,5707.38,188.98,312.46,False,2026-03-11 17:43:53
ace39d,N93DB,United States,36.8165,-100.9113,11277.6,238.72,168.06,False,2026-03-11 17:43:53
a89b9b,PDT5803,United States,37.8804,-78.742,2636.52,158.29,26.23,False,2026-03-11 17:43:53
a54294,GPD438,United States,27.0126,-81.5726,4968.24,133.76,318.59,False,2026-03-11 17:43:53
a7824e,DAL2226,United States,32.9636,-86.0924,10668.0,245.56,145.84,False,2026-03-11 17:43:53
ab1203,AAL2331,United States,41.4162,-81.8476,350.52,70.09,229.76,False,2026-03-11 17:43:53
a7cb53,DAL917,United States,46.52,-90.2263,10378.44,186.64,266.21,False,2026-03-11 17:43:53
a171f7,N1920F,United States,38.4297,-121.3795,441.96,39.31,312.88,False,2026-03-11 17:43:53
a09a90,SKW4640,United States,40.0909,-104.0995,4983.48,163.49,238.51,False,2026-03-11 17:43:53
a8fe5d,NKS1751,United States,32.9457,-92.6393,10660.38,249.14,95.57,False,2026-03-11 17:43:53
ab385e,AAL2624,United States,39.1747,-74.7152,8412.48,239.56,39.95,False,2026-03-11 17:43:53
a972be,SKW4245,United States,44.7992,-92.9228,1173.48,100.6,235.42,False,2026-03-11 17:43:53
c0314c,SUT3901,Canada,50.7415,-123.8683,9151.62,175.56,336.51,False,2026-03-11 17:43:53
a6c57f,N5351D,United States,40.6199,-111.9957,,5.4,351.56,True,2026-03-11 17:43:53
a8056d,N616EA,United States,47.6918,-117.3055,586.74,47.96,234.61,False,2026-03-11 17:43:53
a54299,UAL745,United States,36.9858,-89.2298,10363.2,228.62,311.08,False,2026-03-11 17:43:53
a865ed,N640HC,United States,32.9892,-96.5021,1729.74,139.02,208.27,False,2026-03-11 17:43:53
a48438,EJA390,United States,35.675,-114.8758,7315.2,212.96,204.4,False,2026-03-11 17:43:53
a2edf2,N288Z,United States,41.3406,-73.8864,929.64,95.99,151.51,False,2026-03-11 17:43:53
c03140,ASP556,Canada,44.0874,-73.4518,10690.86,197.16,355.36,False,2026-03-11 17:43:53
ad7828,SWA3196,United States,36.517,-88.3091,10500.36,205.52,283.17,False,2026-03-11 17:43:53
a46a0b,N3839J,United States,34.9071,-77.9409,2377.44,53.36,214.0,False,2026-03-11 17:43:53
a3776f,AAL1523,United States,32.7075,-97.0271,1181.1,99.8,0.3,False,2026-03-11 17:43:53
a8f236,N676CB,United States,36.7578,-76.4639,297.18,52.72,5.6,False,2026-03-11 17:43:53
adf06d,DAL441,United States,30.9164,-91.3272,10058.4,265.3,87.0,False,2026-03-11 17:43:53
a9d5e5,UAL1212,United States,34.0878,-117.7626,11277.6,243.91,131.15,False,2026-03-11 17:43:53
a2dac0,N283SR,United States,27.5381,-80.3197,2407.92,97.06,300.23,False,2026-03-11 17:43:53
a1c1c7,RPA5615,United States,38.3866,-85.7969,1120.14,109.02,170.49,False,2026-03-11 17:43:53
a447f6,N375SH,United States,34.544,-88.8421,2575.56,121.04,248.56,False,2026-03-11 17:43:53
a28adf,N263HP,United States,39.0249,-121.5765,1851.66,53.47,7.74,False,2026-03-11 17:43:53
a47d46,FFT685,United States,39.8553,-104.6727,,0.0,90.0,True,2026-03-11 17:43:53
a7cb2a,N601CB,United States,33.3137,-84.4702,13716.0,178.73,347.36,False,2026-03-11 17:43:53
a9e8e3,N738BG,United States,35.2468,-81.0833,1341.12,37.56,283.47,False,2026-03-11 17:43:53
ab6bc6,JRE835,United States,38.8052,-94.8917,373.38,47.33,359.38,False,2026-03-11 17:43:53
a35d58,N316CL,United States,33.5614,-82.1315,8031.48,243.05,84.17,False,2026-03-11 17:43:53
a25785,EJM793,United States,33.5196,-77.9627,13106.4,224.08,195.86,False,2026-03-11 17:43:53
ab0b42,VXP324,United States,39.4155,-74.2584,7178.04,218.18,40.6,False,2026-03-11 17:43:53
ac3e3a,SWA3905,United States,37.6924,-90.8499,10972.8,179.98,217.92,False,2026-03-11 17:43:53
a91225,CXK1063,United States,26.6313,-82.2518,1554.48,54.34,161.22,False,2026-03-11 17:43:53
a6ab95,N529NM,United States,39.875,-88.0495,13106.4,162.61,224.36,False,2026-03-11 17:43:53
a6b269,N530WH,United States,40.2393,-104.8085,1402.08,11.0,259.22,False,2026-03-11 17:43:53
a23138,ENY4108,United States,25.3923,-79.6934,2979.42,155.95,260.51,False,2026-03-11 17:43:53
a1c1a0,ASA971,United States,33.7698,-119.336,5875.02,193.71,264.82,False,2026-03-11 17:43:53
a9cecd,ASA543,United States,40.98,-112.2238,10363.2,192.35,320.86,False,2026-03-11 17:43:53
a7de93,EDV5119,United States,37.1195,-77.2624,6705.6,198.34,210.56,False,2026-03-11 17:43:53
a7cb67,JIA5663,United States,36.5009,-89.3962,10363.2,201.18,281.65,False,2026-03-11 17:43:53
a22a3d,N239DC,United States,41.806,-111.9771,1973.58,62.37,298.04,False,2026-03-11 17:43:53
c0315b,ASP565,Canada,36.0819,-115.1707,,0.0,270.0,True,2026-03-11 17:43:53
aa4c87,UAL1362,United States,38.623,-96.9202,10668.0,263.53,99.66,False,2026-03-11 17:43:53
a1bac2,AAY2984,United States,31.3848,-82.5459,10660.38,231.07,7.81,False,2026-03-11 17:43:53
a50725,DAL59,United States,43.3445,-69.775,7315.2,207.91,198.17,False,2026-03-11 17:43:53
a0a1d2,N14RD,United States,35.772,-97.3897,609.6,52.43,344.05,False,2026-03-11 17:43:53
a35109,JBU1822,United States,26.8076,-82.0516,9898.38,244.44,122.89,False,2026-03-11 17:43:53
06a066,QTR23K,Qatar,45.8847,-80.7307,9448.8,307.73,61.76,False,2026-03-11 17:43:53
a6ab89,JTZ529,United States,47.4354,-117.525,13106.4,198.15,331.97,False,2026-03-11 17:43:53
a29dee,ENY4296,United States,27.4063,-82.5675,-15.24,70.22,134.11,False,2026-03-11 17:43:53
a59143,EJA458,United States,33.5416,-86.8446,1821.18,112.5,296.92,False,2026-03-11 17:43:53
a1e902,LXJ222,United States,30.2923,-92.5888,13106.4,219.55,292.6,False,2026-03-11 17:43:53
a794d9,JIA5096,United States,34.3872,-82.4454,10668.0,266.99,58.39,False,2026-03-11 17:43:53
a5079d,N423JS,United States,29.0844,-81.0405,-22.86,35.92,231.98,False,2026-03-11 17:43:53
ac4ffb,SWA1071,United States,42.5877,-96.9169,10972.8,196.61,265.5,False,2026-03-11 17:43:53
a3a155,DAL1155,United States,36.132,-86.679,,9.26,196.88,True,2026-03-11 17:43:53
a46a72,DAL1841,United States,33.2152,-83.8516,2948.94,144.9,312.7,False,2026-03-11 17:43:53
a269a6,N25469,United States,27.0371,-81.6825,998.22,52.63,320.55,False,2026-03-11 17:43:53
a0c914,NJM15,United States,35.3535,-108.2704,13716.0,252.41,104.04,False,2026-03-11 17:43:53
ac9f5f,,United States,30.6285,-97.3959,1402.08,43.52,83.21,False,2026-03-11 17:43:53
a8b73c,N66046,United States,26.5457,-80.0709,213.36,52.55,198.26,False,2026-03-11 17:43:53
ad6fef,NKS551,United States,33.4589,-84.3954,11582.4,222.67,349.08,False,2026-03-11 17:43:53
a58a67,SWA1845,United States,36.0913,-95.8894,723.9,67.49,3.06,False,2026-03-11 17:43:53
c0576b,CNK55,Canada,52.9986,-113.0743,5791.2,147.42,9.03,False,2026-03-11 17:43:53
ab6c5c,EJA835,United States,36.7751,-108.0414,10972.8,221.75,241.0,False,2026-03-11 17:43:53
aaa342,ENY4090,United States,27.6809,-97.2427,9144.0,206.28,170.96,False,2026-03-11 17:43:53
a05f31,DAL1561,United States,42.131,-74.3326,5791.2,193.72,116.84,False,2026-03-11 17:43:53
ab6020,DAL2129,United States,28.6612,-83.0418,10668.0,247.59,156.1,False,2026-03-11 17:43:53
a6aaa9,N529DA,United States,38.6451,-121.8818,1242.06,45.76,338.92,False,2026-03-11 17:43:53
aca6c0,AAL1253,United States,42.1503,-89.3181,7315.2,187.87,268.12,False,2026-03-11 17:43:53
a9741a,N619LB,United States,30.2909,-90.3638,10058.4,174.08,75.1,False,2026-03-11 17:43:53
abbc52,SWA4492,United States,33.4445,-111.8288,1036.32,102.44,241.5,False,2026-03-11 17:43:53
ab10ae,N8119H,United States,42.5679,-70.9113,297.18,50.78,256.53,False,2026-03-11 17:43:53
a9d738,N733LP,United States,28.5432,-80.7974,137.16,32.45,182.73,False,2026-03-11 17:43:53
a17f0e,CVU96,United States,35.9625,-113.8799,1760.22,76.13,96.6,False,2026-03-11 17:43:53
a661bf,DAL2399,United States,43.287,-85.6431,7010.4,239.57,104.42,False,2026-03-11 17:43:53
a48475,N390TC,United States,28.7342,-81.6223,243.84,41.47,52.56,False,2026-03-11 17:43:53
ae1c17,CARGO99,United States,31.5684,-85.3328,243.84,63.31,298.65,False,2026-03-11 17:43:53
a149c1,SKW3345,United States,44.4435,-122.4156,10363.2,177.14,353.33,False,2026-03-11 17:43:53
a2090d,FFT3293,United States,36.0876,-97.5686,10965.18,212.12,305.42,False,2026-03-11 17:43:53
a9bd18,N7266Z,United States,30.5314,-97.6841,1676.4,67.16,112.05,False,2026-03-11 17:43:53
c03109,SUT3802,Canada,51.2408,-125.0295,6096.0,118.17,324.93,False,2026-03-11 17:43:53
a794d0,N588ND,United States,28.6935,-81.7074,1036.32,59.66,277.43,False,2026-03-11 17:43:53
ac9f88,EJA912,United States,35.4987,-96.0302,13106.4,184.58,273.84,False,2026-03-11 17:43:53
a8540b,PDT5804,United States,42.2703,-71.946,556.26,64.38,92.75,False,2026-03-11 17:43:53
acb9ed,AAL886,United States,25.3304,-85.1449,9753.6,237.76,212.45,False,2026-03-11 17:43:53
ad6ff2,AAL3329,United States,34.5238,-82.5322,10363.2,199.48,235.61,False,2026-03-11 17:43:53
a96109,JIA5262,United States,41.3471,-88.0505,4831.08,168.57,193.95,False,2026-03-11 17:43:53
aca6f6,EJA914,United States,41.8778,-107.4224,13106.4,185.24,313.31,False,2026-03-11 17:43:53
a3a175,N333FD,United States,34.4649,-79.4227,4655.82,158.84,138.15,False,2026-03-11 17:43:53
a4ba76,AAL1861,United States,41.9953,-88.1248,1981.2,132.87,279.13,False,2026-03-11 17:43:53
a2e1ce,AAY4766,United States,37.8316,-92.0549,9799.32,182.41,227.4,False,2026-03-11 17:43:53
a77ae0,DAL1705,United States,34.3713,-82.7045,9144.0,230.51,343.67,False,2026-03-11 17:43:53
a7e4d6,N6079C,United States,32.7471,-111.5808,967.74,57.59,138.62,False,2026-03-11 17:43:53
a1c1f0,EJM3,United States,37.6437,-75.894,13106.4,231.59,219.77,False,2026-03-11 17:43:53
a301e7,N293PC,United States,34.6017,-81.6338,2407.92,80.85,330.66,False,2026-03-11 17:43:53
ac43cc,FFL854,United States,31.1203,-88.023,12192.0,135.4,277.42,False,2026-03-11 17:43:53
ab10d4,ASA5,United States,37.6788,-93.0642,10363.2,188.31,269.06,False,2026-03-11 17:43:53
a97401,N708TT,United States,30.1879,-97.6595,,5.14,219.38,True,2026-03-11 17:43:53
a84d62,JBU144,United States,30.4874,-78.5102,11277.6,216.66,8.05,False,2026-03-11 17:43:53
a07924,N13DA,United States,41.7827,-111.8531,,2.83,70.31,True,2026-03-11 17:43:53
ab7376,DAL1658,United States,29.465,-81.637,9448.8,239.77,354.58,False,2026-03-11 17:43:53
a804e2,N61588,United States,25.764,-80.7009,640.08,42.9,292.57,False,2026-03-11 17:43:53
a9d700,N733JH,United States,33.9391,-117.3901,441.96,44.67,7.94,False,2026-03-11 17:43:53
ab10cb,AAL1777,United States,29.5734,-89.3741,12184.38,233.62,302.5,False,2026-03-11 17:43:53
a434f9,DAL628,United States,36.1183,-108.9972,10683.24,244.77,171.05,False,2026-03-11 17:43:53
a89ab5,N6533W,United States,33.4743,-113.11,1744.98,62.5,275.19,False,2026-03-11 17:43:53
c04453,WJA2170,Canada,35.7453,-105.6093,11277.6,254.55,143.55,False,2026-03-11 17:43:53
a301d8,ENY3993,United States,42.807,-79.3101,6179.82,222.8,1.19,False,2026-03-11 17:43:53
a2dae0,N283TY,United States,32.1143,-110.9463,746.76,27.35,106.39,False,2026-03-11 17:43:53
a434de,N370M,United States,46.9067,-96.8164,220.98,50.42,0.0,False,2026-03-11 17:43:53
a0c903,N15NA,United States,30.6922,-97.6775,289.56,58.21,183.04,False,2026-03-11 17:43:53
acdc40,DAL2397,United States,37.6604,-79.4406,10972.8,213.38,227.54,False,2026-03-11 17:43:53
af4f2f,SHWK412,United States,32.5833,-117.3363,-45.72,31.7,318.29,False,2026-03-11 17:43:53
a6aaba,DAL546,United States,37.943,-85.913,10668.0,278.87,90.95,False,2026-03-11 17:43:53
ad0343,CXK240,United States,32.8306,-117.1423,457.2,38.07,90.0,False,2026-03-11 17:43:53
a421b0,N3653R,United States,35.855,-115.4305,1676.4,56.68,171.65,False,2026-03-11 17:43:53
a19910,JBU1818,United States,39.916,-73.5362,3108.96,149.7,279.49,False,2026-03-11 17:43:53
ac30c0,DAL662,United States,36.8917,-90.5168,10058.4,242.39,114.72,False,2026-03-11 17:43:53
ac801e,EDV5431,United States,38.1771,-76.4875,9829.8,233.75,26.68,False,2026-03-11 17:43:53
a97419,N708US,United States,41.8119,-87.7705,937.26,111.58,254.49,False,2026-03-11 17:43:53
ab10df,AAL3162,United States,39.9938,-82.062,9753.6,208.94,268.45,False,2026-03-11 17:43:53
acdc5a,SKW5088,United States,30.3954,-91.7809,9448.8,256.9,77.74,False,2026-03-11 17:43:53
a7f7a0,SKW6279,United States,35.0037,-111.2318,10058.4,226.25,24.88,False,2026-03-11 17:43:53
a66dc4,LFA311,United States,30.3361,-81.6209,259.08,54.03,88.91,False,2026-03-11 17:43:53
aa4bc0,N7623J,United States,33.1719,-117.3811,1028.7,48.37,336.16,False,2026-03-11 17:43:53
a149f1,AAL3039,United States,26.7566,-80.3888,1150.62,100.14,184.71,False,2026-03-11 17:43:53
c0572b,CGHAG,Canada,48.425,-123.3809,-60.96,10.3,87.14,False,2026-03-11 17:43:53
a73410,SWA655,United States,32.0121,-84.8545,11887.2,232.84,163.97,False,2026-03-11 17:43:53
abbc75,SWA1915,United States,34.0674,-79.5514,11277.6,243.7,35.64,False,2026-03-11 17:43:53
ab7394,AAL2851,United States,29.2877,-97.343,9761.22,201.94,162.81,False,2026-03-11 17:43:53
a17303,N19274,United States,33.8849,-84.2988,304.8,37.81,194.98,False,2026-03-11 17:43:53
a0664b,N125AF,United States,40.416,-76.1566,1874.52,92.62,178.73,False,2026-03-11 17:43:53
a3b454,VJA338,United States,37.3535,-121.9198,,15.95,317.81,True,2026-03-11 17:43:53
ab738b,NDU837,United States,32.9499,-111.7398,929.64,44.7,191.96,False,2026-03-11 17:43:53
a12ff9,FDX3604,United States,39.9066,-90.0676,10675.62,279.22,102.45,False,2026-03-11 17:43:53
abd69d,DAL799,United States,35.9897,-115.2853,9448.8,251.85,48.56,False,2026-03-11 17:43:53
a0af51,N143RE,United States,40.8413,-74.0616,,7.46,5.62,True,2026-03-11 17:43:53
a72d13,N56101,United States,39.2324,-74.7893,754.38,77.29,78.09,False,2026-03-11 17:43:53
ac30dc,ERU885,United States,29.2908,-81.0379,571.5,53.91,156.37,False,2026-03-11 17:43:53
a12fda,DAL767,United States,41.1643,-82.1274,9144.0,215.49,276.72,False,2026-03-11 17:43:53
aa0533,ABX5197,United States,38.6256,-119.7635,8884.92,255.85,92.07,False,2026-03-11 17:43:53
ad1697,SWA1570,United States,36.4393,-86.6842,1280.16,139.28,138.89,False,2026-03-11 17:43:53
a78da1,EJA586,United States,33.4713,-84.7762,13106.4,198.45,329.98,False,2026-03-11 17:43:53
a04c50,N1180N,United States,27.9171,-80.5585,533.4,54.07,68.81,False,2026-03-11 17:43:53
a6141b,LFA473,United States,28.5568,-81.0652,792.48,57.25,130.99,False,2026-03-11 17:43:53
a5f432,ERU483,United States,28.8653,-80.9006,571.5,58.85,337.92,False,2026-03-11 17:43:53
a5a4c1,AAL2240,United States,36.5055,-90.153,9136.38,193.72,259.29,False,2026-03-11 17:43:53
ad036e,AAL1539,United States,34.2306,-109.9837,10058.4,239.5,68.45,False,2026-03-11 17:43:53
c0440e,ACA137,Canada,50.1015,-94.8807,10355.58,222.53,295.32,False,2026-03-11 17:43:53
ad036b,ASA248,United States,31.1413,-91.4121,10980.42,197.05,235.85,False,2026-03-11 17:43:53
a46a7e,DAL2536,United States,34.5379,-77.8775,10675.62,223.08,7.42,False,2026-03-11 17:43:53
c02a12,CFPYF,Canada,51.1041,-114.3639,,0.0,303.75,True,2026-03-11 17:43:53
acd03d,N9246N,United States,32.9815,-117.0464,708.66,45.52,145.59,False,2026-03-11 17:43:53
a78dd2,FFL1216,United States,33.5789,-95.9078,2103.12,89.23,35.61,False,2026-03-11 17:43:53
a8672f,N640W,United States,38.9567,-77.4559,,11.83,180.0,True,2026-03-11 17:43:53
a59d5f,AAL824,United States,36.4633,-99.0406,9753.6,214.21,262.69,False,2026-03-11 17:43:53
ad0373,DAL1418,United States,33.1134,-86.4258,9433.56,205.87,253.15,False,2026-03-11 17:43:53
a4d44a,BYF18,United States,37.5244,-122.2636,0.0,36.1,139.04,False,2026-03-11 17:43:53
c04413,ROU1932,Canada,52.1784,-106.7166,,7.2,101.25,True,2026-03-11 17:43:53
a4848b,N390U,United States,44.9024,-94.7344,1478.28,80.84,222.42,False,2026-03-11 17:43:53
a2e1fd,EJA285,United States,31.984,-107.2723,13106.4,223.84,284.1,False,2026-03-11 17:43:53
a48499,UPS5981,United States,38.0374,-89.6301,9448.8,215.78,167.19,False,2026-03-11 17:43:53
a3a152,DAL856,United States,40.7782,-73.8802,,4.63,14.06,True,2026-03-11 17:43:53
a44969,DAL2214,United States,40.0787,-105.8446,10668.0,295.19,112.01,False,2026-03-11 17:43:53
a84187,VAR631,United States,33.7713,-113.0111,2202.18,73.67,121.58,False,2026-03-11 17:43:53
ac0912,ES805,United States,38.5339,-121.2704,213.36,48.68,54.46,False,2026-03-11 17:43:53
a003f9,N10SP,United States,38.9503,-84.7299,548.64,43.41,220.67,False,2026-03-11 17:43:53
aaaf07,N788JA,United States,28.7369,-81.6024,182.88,33.26,148.28,False,2026-03-11 17:43:53
a9bd90,N727AC,United States,40.9912,-73.0892,731.52,29.07,103.3,False,2026-03-11 17:43:53
a44960,UAL1449,United States,40.5298,-74.6409,1844.04,151.74,11.54,False,2026-03-11 17:43:53
a8a490,RPA4468,United States,41.0837,-81.9583,10668.0,251.5,83.78,False,2026-03-11 17:43:53
a3aca6,FFT1688,United States,26.3289,-81.2189,4434.84,184.04,130.01,False,2026-03-11 17:43:53
a123e0,UAL1975,United States,37.2889,-83.5885,10668.0,266.21,94.32,False,2026-03-11 17:43:53
ae21da,HOPE02,United States,41.386,-71.3287,731.52,78.61,37.02,False,2026-03-11 17:43:53
a42f3c,N369RK,United States,31.4478,-91.2767,5699.76,125.53,89.3,False,2026-03-11 17:43:53
a44963,UAL441,United States,41.0438,-87.7044,7048.5,197.49,174.32,False,2026-03-11 17:43:53
a29337,SKW4608,United States,46.3276,-117.2641,3337.56,166.26,181.95,False,2026-03-11 17:43:53
a123e3,UAL2176,United States,28.9583,-80.7354,10972.8,255.42,136.14,False,2026-03-11 17:43:53
a4dfb9,ERU413,United States,29.1807,-81.0455,-22.86,32.23,245.48,False,2026-03-11 17:43:53
a7d1ef,N6026Z,United States,39.7961,-104.5229,1813.56,37.93,20.65,False,2026-03-11 17:43:53
adb476,AAL3213,United States,26.6768,-110.7348,10050.78,238.72,172.45,False,2026-03-11 17:43:53
a6fa94,JIA5291,United States,32.036,-95.2969,8054.34,203.4,284.95,False,2026-03-11 17:43:53
a3b3a0,N338B,United States,25.7641,-79.0428,5753.1,154.58,162.77,False,2026-03-11 17:43:53
a6fa8b,N549ND,United States,39.7996,-104.2416,1965.96,56.32,253.55,False,2026-03-11 17:43:53
a3acac,LXJ336,United States,25.7334,-80.0159,3756.66,169.38,115.16,False,2026-03-11 17:43:53
a0a30e,DAL2917,United States,42.9691,-85.1824,8839.2,279.42,88.63,False,2026-03-11 17:43:53
a44943,DAL2835,United States,43.6989,-79.3475,3383.28,128.37,211.4,False,2026-03-11 17:43:53
a6893e,DAL328,United States,44.7397,-116.9105,10066.02,292.46,99.31,False,2026-03-11 17:43:53
a4dfd2,FFT2259,United States,43.8854,-122.5613,10203.18,190.53,332.33,False,2026-03-11 17:43:53
abe90e,N867CD,United States,33.8177,-116.4922,121.92,43.47,290.79,False,2026-03-11 17:43:53
a389de,N327RX,United States,38.5825,-75.501,12192.0,246.79,186.1,False,2026-03-11 17:43:53
a759cc,N573CM,United States,29.91,-91.6866,7048.5,198.16,96.11,False,2026-03-11 17:43:53
a54312,RPA4606,United States,34.6869,-83.1729,7315.2,200.14,223.54,False,2026-03-11 17:43:53
407cf7,DHK053,United Kingdom,48.159,-72.9333,11277.6,309.23,78.97,False,2026-03-11 17:43:53
a4e6d4,CTL101,United States,41.6181,-87.8184,1249.68,90.87,175.13,False,2026-03-11 17:43:53
a4d3a6,N41VD,United States,38.7578,-74.7426,13106.4,216.35,222.11,False,2026-03-11 17:43:53
ace1fe,N9290N,United States,28.7717,-81.2911,144.78,47.69,113.52,False,2026-03-11 17:43:53
abe930,DAL1826,United States,37.9242,-102.3125,10363.2,218.46,222.52,False,2026-03-11 17:43:53
a20980,N230LF,United States,38.6278,-100.3907,12192.0,196.04,292.53,False,2026-03-11 17:43:53
a1cf48,JBU177,United States,43.0266,-90.4629,9761.22,188.03,264.82,False,2026-03-11 17:43:53
a4491d,UAL1701,United States,33.8661,-77.983,10668.0,227.3,6.5,False,2026-03-11 17:43:53
a4491c,UAL2852,United States,27.3048,-83.7419,10668.0,252.84,101.86,False,2026-03-11 17:43:53
a136f6,N178AS,United States,40.9669,-84.2648,14325.6,216.63,271.22,False,2026-03-11 17:43:53
a136f7,N178AT,United States,26.1774,-80.7392,1150.62,85.2,317.45,False,2026-03-11 17:43:53
ac4fb5,SWA4003,United States,39.794,-104.3498,3032.76,172.43,114.5,False,2026-03-11 17:43:53
a4491f,DAL1002,United States,36.2584,-88.0492,10568.94,216.04,288.18,False,2026-03-11 17:43:53
aaaf2b,N788KM,United States,33.5045,-116.2687,2659.38,76.55,36.25,False,2026-03-11 17:43:53
aac954,UAL1380,United States,28.99,-96.4688,7924.8,227.11,287.94,False,2026-03-11 17:43:53
a9bd50,N7268K,United States,47.7723,-116.9771,1958.34,72.66,324.51,False,2026-03-11 17:43:53
ad292a,SWA3246,United States,37.6282,-77.4354,6705.6,205.39,14.8,False,2026-03-11 17:43:53
a2ef8e,N289BL,United States,27.669,-81.8719,990.6,54.57,8.13,False,2026-03-11 17:43:53
aa9a7a,SWA2777,United States,33.5258,-91.68,12024.36,236.6,340.3,False,2026-03-11 17:43:53
a41014,XSR361,United States,33.2054,-96.9183,1234.44,141.97,115.54,False,2026-03-11 17:43:53
a17383,N193CA,United States,33.8139,-118.1657,22.86,37.04,270.0,False,2026-03-11 17:43:53
a01805,RPA4700,United States,39.343,-79.5193,8839.2,229.68,113.64,False,2026-03-11 17:43:53
868db5,ANA8402,Japan,45.4136,-99.4937,10668.0,278.36,108.87,False,2026-03-11 17:43:53
abcf2f,DAL1571,United States,33.6334,-84.444,,15.43,295.31,True,2026-03-11 17:43:53
abd627,SWA462,United States,39.8635,-104.6664,,0.0,180.0,True,2026-03-11 17:43:53
c03bf2,WJA519,Canada,50.8607,-117.3263,11582.4,191.73,260.89,False,2026-03-11 17:43:53
c03bf5,WJA271,Canada,50.0039,-120.0465,9144.0,160.6,250.35,False,2026-03-11 17:43:53
a30f95,N297BA,United States,33.7772,-84.5226,,0.06,22.5,True,2026-03-11 17:43:53
c03bf1,WJA2152,Canada,40.2701,-115.7388,11277.6,253.84,146.83,False,2026-03-11 17:43:53
a1bc79,AVL232,United States,39.1637,-77.7173,609.6,51.68,316.61,False,2026-03-11 17:43:53
ada16f,DAL2778,United States,33.7479,-86.3778,8930.64,207.86,282.14,False,2026-03-11 17:43:53
a519b8,DAL777,United States,35.8875,-114.4124,3794.76,120.7,307.55,False,2026-03-11 17:43:53
0d0eb6,AMX622,Mexico,35.2318,-119.5629,10972.8,217.59,316.34,False,2026-03-11 17:43:53
ad0f29,SWA3881,United States,37.7633,-81.2383,11887.2,260.12,79.4,False,2026-03-11 17:43:53
a230d6,RPA5693,United States,39.083,-76.1619,6393.18,214.53,90.41,False,2026-03-11 17:43:53
a90ab9,VAR682,United States,33.4302,-112.3672,,6.43,39.38,True,2026-03-11 17:43:53
a376ec,DAL1472,United States,28.5056,-83.0196,11277.6,243.74,159.23,False,2026-03-11 17:43:53
a44988,DAL462,United States,33.6371,-111.0324,11277.6,244.43,75.99,False,2026-03-11 17:43:53
aa51dd,N764RB,United States,28.6843,-82.3424,2369.82,91.04,325.59,False,2026-03-11 17:43:53
a30f85,ASA640,United States,47.4925,-116.2282,10363.2,168.84,274.89,False,2026-03-11 17:43:53
a44982,UAL1699,United States,38.7669,-96.8184,8839.2,269.76,104.35,False,2026-03-11 17:43:53
ac56d9,SWA681,United States,39.8442,-82.6464,1623.06,144.96,4.27,False,2026-03-11 17:43:53
a44981,UAL1181,United States,30.8908,-102.7483,10058.4,246.83,107.34,False,2026-03-11 17:43:53
a7d1e8,BPX253,United States,26.0025,-80.2715,91.44,34.99,90.84,False,2026-03-11 17:43:53
a924d9,SKW4173,United States,46.7511,-96.9042,9753.6,204.26,280.01,False,2026-03-11 17:43:53
ac56ba,SWA3877,United States,30.5165,-90.9463,10972.8,210.96,299.19,False,2026-03-11 17:43:53
a243cb,ENY3672,United States,30.7841,-98.2548,8839.2,267.18,8.97,False,2026-03-11 17:43:53
ac9f52,AAL3091,United States,28.5615,-80.84,11582.4,242.24,161.3,False,2026-03-11 17:43:53
a42f65,N369TA,United States,38.8355,-76.5989,144.78,1.15,206.57,False,2026-03-11 17:43:53
aaa326,AAL95,United States,40.6442,-73.7949,,10.8,357.19,True,2026-03-11 17:43:53
a16037,AAL2321,United States,27.9006,-85.9225,9753.6,218.64,286.26,False,2026-03-11 17:43:53
a1bc3b,N21022,United States,29.0967,-81.0217,2834.64,51.41,161.93,False,2026-03-11 17:43:53
a4f9c6,N42FC,United States,40.1838,-114.2795,8534.4,114.85,350.2,False,2026-03-11 17:43:53
a7cade,N6009M,United States,32.9275,-111.5016,731.52,51.14,84.81,False,2026-03-11 17:43:53
a4dfa5,CST11,United States,31.7053,-78.0705,11887.2,201.75,8.36,False,2026-03-11 17:43:53
a0405c,N115SF,United States,40.6505,-122.398,160.02,19.56,206.57,False,2026-03-11 17:43:53
a4495d,UAL1922,United States,41.9655,-87.8879,,11.32,39.38,True,2026-03-11 17:43:53
a4495c,UAL2248,United States,32.8852,-109.4399,10972.8,219.46,282.18,False,2026-03-11 17:43:53
a3a0cc,UAL528,United States,39.6861,-96.5039,7924.8,204.29,203.92,False,2026-03-11 17:43:53
ab1122,DAL1998,United States,30.1129,-103.7524,9144.0,255.17,218.53,False,2026-03-11 17:43:53
ad7754,N967NA,United States,30.7935,-85.3739,8534.4,226.39,271.04,False,2026-03-11 17:43:53
a5f3cf,ASA645,United States,42.6659,-116.4442,10363.2,190.34,330.18,False,2026-03-11 17:43:53
aaaddc,SWA188,United States,33.0337,-93.9907,12496.8,260.41,81.02,False,2026-03-11 17:43:53
a2dc9f,N2838Q,United States,37.5796,-121.8383,975.36,44.88,25.1,False,2026-03-11 17:43:53
a9d6b3,N733FF,United States,43.0062,-106.6883,2423.16,60.33,93.91,False,2026-03-11 17:43:53
ac9de3,N9118S,United States,27.7175,-82.3351,701.04,44.77,181.32,False,2026-03-11 17:43:53
a7df61,SKW4759,United States,41.7312,-102.2338,10668.0,253.28,65.78,False,2026-03-11 17:43:53
ac5765,SWA489,United States,33.3943,-91.1804,11277.6,263.06,84.5,False,2026-03-11 17:43:53
a613e0,ASA133,United States,47.3688,-122.4555,2400.3,150.23,359.41,False,2026-03-11 17:43:53
abe7e3,,United States,36.1296,-86.6678,,0.0,39.38,True,2026-03-11 17:43:53
ad7760,AAL3024,United States,41.9883,-87.8016,655.32,71.51,269.59,False,2026-03-11 17:43:53
a866e7,N640TC,United States,40.7506,-112.4195,1554.48,40.26,259.7,False,2026-03-11 17:43:53
aaadf8,SWA2411,United States,38.7869,-81.1869,10972.8,192.62,267.24,False,2026-03-11 17:43:53
a1b084,N208JA,United States,38.2831,-77.3146,617.22,78.62,120.26,False,2026-03-11 17:43:53
ac2a33,AAL1887,United States,31.0237,-86.8114,10668.0,263.89,98.75,False,2026-03-11 17:43:53
ac576e,N8946V,United States,29.8558,-98.1048,1188.72,46.78,171.78,False,2026-03-11 17:43:53
a7e62d,NKS1498,United States,26.0844,-80.0782,762.0,120.02,40.65,False,2026-03-11 17:43:53
0d038e,XCSST,Mexico,25.6526,-100.1692,1203.96,97.58,120.76,False,2026-03-11 17:43:53
a6b324,MMY95,United States,40.3634,-122.4579,1181.1,28.8,311.38,False,2026-03-11 17:43:53
c055d2,JZA339,Canada,53.4096,-122.7551,5212.08,139.84,349.19,False,2026-03-11 17:43:53
a92664,N689TW,United States,37.3489,-110.2736,13716.0,228.73,66.26,False,2026-03-11 17:43:53
c00879,CAV113,Canada,50.585,-96.9692,5707.38,158.57,177.77,False,2026-03-11 17:43:53
a93997,PDT5817,United States,40.1787,-76.5713,4572.0,220.6,98.58,False,2026-03-11 17:43:53
a7e630,JIA5490,United States,40.3233,-79.2863,9448.8,271.67,90.98,False,2026-03-11 17:43:53
a3a0eb,UAL2037,United States,41.9364,-88.4007,3916.68,165.07,245.51,False,2026-03-11 17:43:53
a3a0ed,UAL4196,United States,26.0048,-83.9309,11582.4,256.31,88.27,False,2026-03-11 17:43:53
a29391,SWA1639,United States,38.1263,-101.7291,10668.0,269.01,104.17,False,2026-03-11 17:43:53
a8ff1b,N679W,United States,37.7418,-104.279,10195.56,206.57,267.0,False,2026-03-11 17:43:53
c055eb,JZA392,Canada,50.568,-114.6494,5836.92,107.42,343.3,False,2026-03-11 17:43:53
aa5f7c,CKS528,United States,37.96,-126.1302,11582.4,225.59,284.26,False,2026-03-11 17:43:53
a4c0db,SKW3333,United States,37.6163,-122.5303,1097.28,141.97,175.22,False,2026-03-11 17:43:53
a77035,DAL820,United States,41.0425,-111.9687,3642.36,156.81,65.79,False,2026-03-11 17:43:53
ab84ff,EJA841,United States,36.3471,-80.4311,10668.0,246.72,8.76,False,2026-03-11 17:43:53
ab6af3,CNS101,United States,34.7586,-81.3096,2712.72,138.12,34.22,False,2026-03-11 17:43:53
a7e666,EJA608,United States,38.2004,-96.9641,4655.82,164.74,217.51,False,2026-03-11 17:43:53
a483e7,PGR1390,United States,37.387,-121.7559,1744.98,132.53,103.01,False,2026-03-11 17:43:53
a733e6,AAL80G,United States,35.4147,-110.4456,9151.62,204.44,272.6,False,2026-03-11 17:43:53
a6bf7c,N534CA,United States,32.4768,-96.8964,449.58,41.41,333.43,False,2026-03-11 17:43:53
a9d6a5,N733ES,United States,33.3819,-97.1484,1074.42,66.37,179.56,False,2026-03-11 17:43:53
a6504b,ASA1,United States,47.4846,-115.4888,10972.8,172.45,255.13,False,2026-03-11 17:43:53
a6bf7e,N534CC,United States,39.2395,-84.3471,960.12,87.55,199.93,False,2026-03-11 17:43:53
a1bc92,JBU2511,United States,37.8518,-84.149,10378.44,204.08,254.35,False,2026-03-11 17:43:53
ab0a73,RPA5623,United States,40.6849,-76.9976,10972.8,188.95,262.33,False,2026-03-11 17:43:53
c055e9,JZA133,Canada,51.1261,-113.9941,1097.28,9.26,272.81,True,2026-03-11 17:43:53
a80677,EJA616,United States,38.0118,-122.3962,5394.96,182.2,20.84,False,2026-03-11 17:43:53
a4c0eb,N405TP,United States,33.7021,-112.2233,1417.32,59.91,339.39,False,2026-03-11 17:43:53
a3f06f,N353F,United States,26.8598,-80.4722,2057.4,75.02,334.84,False,2026-03-11 17:43:53
a5e0d3,SWA2368,United States,33.477,-89.4441,10972.8,199.62,269.26,False,2026-03-11 17:43:53
a496fd,N395SS,United States,45.1587,-91.738,10972.8,157.09,290.51,False,2026-03-11 17:43:53
aca760,AAL1340,United States,28.0664,-86.0654,10370.82,218.87,283.32,False,2026-03-11 17:43:53
a078aa,N12980,United States,33.6876,-117.0965,1584.96,56.54,172.68,False,2026-03-11 17:43:53
a0409c,N115UV,United States,40.1835,-111.8085,2026.92,44.88,244.9,False,2026-03-11 17:43:53
aa797d,SKW6304,United States,34.0939,-111.5308,7620.0,213.93,32.43,False,2026-03-11 17:43:53
aa4c42,UAL1452,United States,36.6484,-101.8625,10363.2,233.36,215.13,False,2026-03-11 17:43:53
a7cc2c,NKS1526,United States,34.0774,-87.8954,10142.22,246.63,135.17,False,2026-03-11 17:43:53
a7f980,N6127G,United States,28.3199,-81.4814,289.56,39.97,58.15,False,2026-03-11 17:43:53
ac578c,SWA1395,United States,41.0958,-90.8525,9144.0,184.2,252.78,False,2026-03-11 17:43:53
a91315,LFA541,United States,28.905,-81.2162,1165.86,50.46,320.79,False,2026-03-11 17:43:53
c00899,ACA1046,Canada,46.0617,-121.65,10668.0,251.55,169.63,False,2026-03-11 17:43:53
ac3d96,N888WW,United States,29.7761,-83.6936,4945.38,164.58,317.53,False,2026-03-11 17:43:53
ab2496,AAL2999,United States,41.8423,-88.6554,5730.24,170.14,248.17,False,2026-03-11 17:43:53
a4ccba,JBU1621,United States,49.5269,-65.563,10363.2,191.68,217.15,False,2026-03-11 17:43:53
ac2a69,EJA883,United States,42.4217,-101.801,13106.4,221.31,227.07,False,2026-03-11 17:43:53
ad14f9,DAL2438,United States,33.6358,-84.4143,,12.86,90.0,True,2026-03-11 17:43:53
a17ecd,DAL713,United States,35.7217,-98.8334,11574.78,219.73,271.34,False,2026-03-11 17:43:53
a01880,AAL118,United States,37.6768,-90.1969,9448.8,265.96,86.45,False,2026-03-11 17:43:53
ad512b,N9571H,United States,29.8227,-98.239,1158.24,64.96,119.41,False,2026-03-11 17:43:53
a759eb,DAL657,United States,42.7254,-108.2861,10066.02,276.38,73.45,False,2026-03-11 17:43:53
ace1af,EDV5294,United States,39.9762,-73.8907,3345.18,166.45,28.62,False,2026-03-11 17:43:53
7c806b,VH ZNH,Australia,33.9385,-118.4118,,2.57,199.69,True,2026-03-11 17:43:53
ad01ab,SWA176,United States,39.4884,-104.6904,3108.96,144.43,34.99,False,2026-03-11 17:43:53
0d0f8f,VTM7702,Mexico,32.5374,-116.9422,144.78,72.83,278.53,False,2026-03-11 17:43:53
a7a9c5,JIA5456,United States,33.6419,-84.4419,,0.06,270.0,True,2026-03-11 17:43:53
a2a823,SKW3680,United States,34.9943,-85.0281,9052.56,192.65,340.5,False,2026-03-11 17:43:53
a23e23,N24342,United States,32.841,-116.9568,396.24,48.87,90.6,False,2026-03-11 17:43:53
c04eb6,ACA7337,Canada,33.9372,-118.3844,-53.34,76.76,262.68,False,2026-03-11 17:43:53
a6c616,N5355Q,United States,45.4243,-122.322,274.32,33.63,240.69,False,2026-03-11 17:43:53
a04bbe,AAL3061,United States,35.3118,-107.6391,10668.0,251.88,98.69,False,2026-03-11 17:43:53
7c8065,QFA3,Australia,30.4151,-93.1841,11879.58,288.02,61.28,False,2026-03-11 17:43:53
a24529,UAL2091,United States,42.5746,-93.2149,10668.0,271.52,93.15,False,2026-03-11 17:43:53
aa03a2,RPA3472,United States,36.3533,-79.7392,10668.0,250.16,54.12,False,2026-03-11 17:43:53
a24526,UAL1653,United States,42.9712,-91.0398,9448.8,245.53,115.44,False,2026-03-11 17:43:53
aa4c1a,UAL2273,United States,37.6583,-100.3934,10668.0,263.37,134.68,False,2026-03-11 17:43:53
a85fb8,,United States,39.855,-104.6691,,4.89,146.25,True,2026-03-11 17:43:53
ab0a95,AAL2003,United States,41.33,-86.3949,6545.58,196.63,317.54,False,2026-03-11 17:43:53
a2d096,OXF5147,United States,33.1646,-111.6357,1592.58,51.4,48.65,False,2026-03-11 17:43:53
a65c38,B,United States,47.6889,-117.0846,640.08,49.05,74.8,False,2026-03-11 17:43:53
a8c9d4,N6655A,United States,33.4875,-116.9749,1112.52,45.13,204.23,False,2026-03-11 17:43:53
a198ea,EPI111,United States,27.2379,-80.1991,1592.58,50.41,155.27,False,2026-03-11 17:43:53
a97fc5,N711AA,United States,37.7193,-97.1487,4511.04,107.36,4.67,False,2026-03-11 17:43:53
aaea83,CXK656,United States,38.4001,-121.5796,807.72,55.68,215.6,False,2026-03-11 17:43:53
aca788,SWA4536,United States,40.9679,-89.5295,5425.44,222.44,59.88,False,2026-03-11 17:43:53
aaf179,N804HS,United States,39.5208,-104.5498,2179.32,82.99,86.45,False,2026-03-11 17:43:53
a328a1,N302VF,United States,33.4082,-117.2121,1287.78,81.9,326.01,False,2026-03-11 17:43:53
aca79d,EDV4965,United States,40.7223,-75.497,8351.52,199.71,244.03,False,2026-03-11 17:43:53
a66f82,N5134K,United States,32.6962,-111.8567,2499.36,40.77,330.52,False,2026-03-11 17:43:53
a80641,JIA5640,United States,40.9837,-72.1182,4046.22,200.24,65.08,False,2026-03-11 17:43:53
a5a659,OPT463,United States,35.5259,-85.8758,5966.46,189.58,313.57,False,2026-03-11 17:43:53
0d0373,XCGDC,Mexico,30.1152,-106.1801,8229.6,227.57,171.94,False,2026-03-11 17:43:53
ab49a8,N8261H,United States,41.4932,-73.1739,586.74,56.48,48.32,False,2026-03-11 17:43:53
ad4a6e,N9556K,United States,38.6608,-122.4408,1851.66,48.11,335.35,False,2026-03-11 17:43:53
a5ecc4,ERU481,United States,28.9846,-81.2081,541.02,50.39,122.07,False,2026-03-11 17:43:53
a24508,UAL1659,United States,37.9416,-86.0271,10058.4,233.76,152.76,False,2026-03-11 17:43:53
a4105b,DAL2013,United States,31.451,-82.6343,10668.0,227.43,7.8,False,2026-03-11 17:43:53
a6ac0d,N529TG,United States,37.0975,-81.9909,11582.4,214.05,167.37,False,2026-03-11 17:43:53
aaf183,JBU471,United States,40.5319,-73.961,3352.8,160.24,213.08,False,2026-03-11 17:43:53
acf4f9,ERU934,United States,28.9749,-81.1466,670.56,60.76,111.35,False,2026-03-11 17:43:53
a66346,AAL3195,United States,37.3881,-82.6495,9037.32,235.01,135.71,False,2026-03-11 17:43:53
ad646e,JBU387,United States,44.1055,-90.5394,10355.58,176.52,254.1,False,2026-03-11 17:43:53
a5ffeb,N486LP,United States,33.5228,-112.2972,327.66,31.76,204.9,False,2026-03-11 17:43:53
a1b092,RPA5778,United States,37.3713,-82.6167,9448.8,257.4,70.62,False,2026-03-11 17:43:53
a00547,LXJ100,United States,35.7651,-85.049,13716.0,211.74,236.19,False,2026-03-11 17:43:53
a3a0ca,UAL2302,United States,40.3454,-92.2731,9448.8,273.32,68.7,False,2026-03-11 17:43:53
a1e8a7,N222CF,United States,33.8733,-117.7061,2651.76,84.46,73.0,False,2026-03-11 17:43:53
a0b5f8,N145HF,United States,40.8374,-73.1618,853.44,68.37,13.93,False,2026-03-11 17:43:53
a302a0,SWA3907,United States,30.2173,-97.7702,1615.44,119.37,179.01,False,2026-03-11 17:43:53
a4ce28,ATN3330,United States,36.9827,-102.5602,11277.6,269.41,140.66,False,2026-03-11 17:43:53
a292aa,NIT265,United States,32.6437,-82.9547,480.06,42.82,196.04,False,2026-03-11 17:43:53
a3b529,AAL3257,United States,34.6029,-103.1465,10972.8,201.5,327.41,False,2026-03-11 17:43:53
a448db,DAL2041,United States,47.8387,-120.9579,7520.94,153.52,275.58,False,2026-03-11 17:43:53
a1122a,CXK182,United States,36.0264,-114.6111,2179.32,48.38,135.43,False,2026-03-11 17:43:53
a1388c,SKW3430,United States,45.5772,-122.1441,3268.98,130.38,286.5,False,2026-03-11 17:43:53
ab260a,N8172Q,United States,32.1651,-107.0422,2072.64,55.26,245.82,False,2026-03-11 17:43:53
ac09c2,JRE875,United States,25.8017,-80.3283,99.06,66.01,85.98,False,2026-03-11 17:43:53
a5ee13,UAL548,United States,39.9902,-102.6637,8488.68,265.15,85.77,False,2026-03-11 17:43:53
ac5920,AAL347,United States,32.8803,-97.0301,,0.0,0.0,True,2026-03-11 17:43:53
a54ec0,N441EH,United States,36.7334,-95.6909,6096.0,127.49,244.68,False,2026-03-11 17:43:53
a89076,PDT6130,United States,43.2541,-77.4961,853.44,105.73,303.69,False,2026-03-11 17:43:53
a60e14,NUS49,United States,41.7634,-87.166,6713.22,202.8,78.29,False,2026-03-11 17:43:53
0c43a8,HI1126,Dominican Republic,26.4005,-80.9664,2979.42,176.93,309.34,False,2026-03-11 17:43:53
a23e63,N2436W,United States,44.5616,-93.9999,1752.6,61.24,178.56,False,2026-03-11 17:43:53
a0fe7a,SKW5928,United States,42.3929,-91.5785,10363.2,176.16,281.11,False,2026-03-11 17:43:53
a4ce33,KAP1834,United States,43.9628,-69.3301,1798.32,60.08,227.43,False,2026-03-11 17:43:53
a3fba4,FFT4807,United States,36.959,-80.3825,10980.42,210.12,222.32,False,2026-03-11 17:43:53
a5b8c2,EJA468,United States,38.396,-111.054,12192.0,191.53,267.69,False,2026-03-11 17:43:53
a35e47,JTZ316,United States,30.2794,-82.0349,11277.6,180.06,343.74,False,2026-03-11 17:43:53
acca7b,JTZ923,United States,39.7067,-106.6089,12496.8,301.73,110.04,False,2026-03-11 17:43:53
a28bc9,SKW3928,United States,34.0812,-80.282,9144.0,156.38,258.62,False,2026-03-11 17:43:53
a448d7,UAL674,United States,41.0474,-74.2127,1531.62,116.05,135.54,False,2026-03-11 17:43:53
a448d6,UAL1435,United States,36.3085,-76.6972,10972.8,220.76,198.05,False,2026-03-11 17:43:53
a8e071,LFA530,United States,28.939,-81.6395,182.88,41.57,323.56,False,2026-03-11 17:43:53
0d0f5f,VIV5003,Mexico,29.359,-112.0217,10972.8,227.13,317.02,False,2026-03-11 17:43:53
a448d3,UAL469,United States,30.1641,-100.77,8534.4,220.91,290.59,False,2026-03-11 17:43:53
a98806,N713JM,United States,28.5251,-82.4433,11391.9,211.17,326.43,False,2026-03-11 17:43:53
ae115c,,United States,33.3561,-88.06,6545.58,109.77,148.02,False,2026-03-11 17:43:53
a53ba4,RPA4476,United States,39.5881,-74.3964,5173.98,214.33,43.54,False,2026-03-11 17:43:53
a0fe4a,EJM163,United States,27.6937,-82.8456,7505.7,222.58,158.3,False,2026-03-11 17:43:53
a3a211,N333MK,United States,34.1357,-82.0983,2423.16,92.54,351.69,False,2026-03-11 17:43:53
ad29c1,N94714,United States,45.4993,-93.5458,701.04,48.92,272.41,False,2026-03-11 17:43:53
ae1199,RCH180,United States,41.2359,-112.0488,1920.24,112.05,152.96,False,2026-03-11 17:43:53
ab99f4,N847BA,United States,45.0682,-93.5381,2598.42,105.57,261.59,False,2026-03-11 17:43:53
a568f6,CYO448,United States,27.4765,-79.7576,4434.84,184.05,193.41,False,2026-03-11 17:43:53
a555c3,,United States,42.3743,-71.0222,,0.0,42.19,True,2026-03-11 17:43:53
aaafd8,SKW6094,United States,44.4156,-88.2273,8092.44,222.27,135.47,False,2026-03-11 17:43:53
a1cecb,N2152Z,United States,40.8532,-73.4183,396.24,36.96,196.16,False,2026-03-11 17:43:53
a74847,MVJ57,United States,32.5166,-108.8322,13106.4,223.42,287.14,False,2026-03-11 17:43:53
a28baa,N263RS,United States,31.4715,-81.8554,6096.0,127.52,193.53,False,2026-03-11 17:43:53
a3a222,DAL1929,United States,28.3903,-96.5778,10972.8,184.43,225.34,False,2026-03-11 17:43:53
a3c881,N343AP,United States,34.1207,-88.2098,12496.8,268.36,118.14,False,2026-03-11 17:43:53
ac2c10,SWA2979,United States,33.4321,-111.9966,,2.57,90.0,True,2026-03-11 17:43:53
a4109a,N361GA,United States,26.5812,-80.0581,274.32,57.29,332.74,False,2026-03-11 17:43:53
a58b1a,VWA214,United States,33.6535,-111.6928,1280.16,63.13,342.45,False,2026-03-11 17:43:53
ae1193,GRZLY50,United States,35.3168,-120.9626,1150.62,98.52,82.8,False,2026-03-11 17:43:53
a90c9a,N682WA,United States,36.4026,-119.4929,2453.64,127.39,342.37,False,2026-03-11 17:43:53
a11e77,SCA17,United States,33.2696,-111.8378,548.64,38.03,203.1,False,2026-03-11 17:43:53
a7d39a,NKS948,United States,41.8802,-87.9426,1264.92,138.73,173.61,False,2026-03-11 17:43:53
a36516,FFT1887,United States,41.7897,-87.7423,,0.0,129.38,True,2026-03-11 17:43:53
ac3f2f,SWA3299,United States,39.7647,-80.7405,8107.68,203.11,282.14,False,2026-03-11 17:43:53
a2452f,UAL1865,United States,37.9208,-100.7038,8534.4,199.76,281.14,False,2026-03-11 17:43:53
a89086,AAL3254,United States,32.8971,-97.0349,,0.0,284.06,True,2026-03-11 17:43:53
a2452c,UAL1568,United States,39.3131,-113.1736,10050.78,264.88,77.66,False,2026-03-11 17:43:53
a2452a,UAL371,United States,43.7013,-94.4727,9745.98,195.33,249.66,False,2026-03-11 17:43:53
a53bc6,N4360F,United States,33.2176,-117.3539,-60.96,34.61,258.86,False,2026-03-11 17:43:53
ab3982,AAL1087,United States,29.732,-98.7273,10972.8,206.1,290.61,False,2026-03-11 17:43:53
a7e691,SKW4925,United States,32.3016,-97.8868,4267.2,171.85,70.05,False,2026-03-11 17:43:53
ab7feb,CXK1106,United States,40.7851,-103.9143,2796.54,70.76,13.03,False,2026-03-11 17:43:53
a1c2f6,N212WT,United States,25.7455,-80.1895,91.44,42.95,198.87,False,2026-03-11 17:43:53
a2e2cd,CXK566,United States,40.7802,-74.4409,411.48,44.92,299.5,False,2026-03-11 17:43:53
ab3989,AAY1034,United States,31.998,-82.0281,11582.4,239.75,176.19,False,2026-03-11 17:43:53
aa4195,AAL1511,United States,34.015,-114.7674,12192.0,219.24,281.23,False,2026-03-11 17:43:53
0d0f13,VOI3100,Mexico,30.5213,-115.1467,11277.6,231.51,142.49,False,2026-03-11 17:43:53
ab7fee,AAL1252,United States,41.9746,-87.8986,,0.0,36.56,True,2026-03-11 17:43:53
a6c69e,N5359L,United States,33.2974,-117.1855,975.36,58.21,315.72,False,2026-03-11 17:43:53
a5307f,RPA4735,United States,36.476,-85.9819,3604.26,134.02,239.3,False,2026-03-11 17:43:53
ac9ff2,AAL1557,United States,30.8245,-82.3039,10363.2,238.32,184.21,False,2026-03-11 17:43:53
a3522e,N313CF,United States,37.2463,-76.9734,12496.8,257.09,60.51,False,2026-03-11 17:43:53
a34b64,JCM311,United States,35.4209,-85.6924,6096.0,157.04,234.33,False,2026-03-11 17:43:53
ac3315,SWA3467,United States,35.1673,-78.7836,11285.22,238.59,27.06,False,2026-03-11 17:43:53
aca948,ASA208,United States,36.4852,-93.8367,9753.6,199.19,268.22,False,2026-03-11 17:43:53
a41bbb,LXJ364,United States,27.1758,-80.2193,,0.0,30.94,True,2026-03-11 17:43:53
a36576,N318KM,United States,28.3526,-81.7834,426.72,31.11,124.22,False,2026-03-11 17:43:53
aae004,N80FC,United States,34.5878,-117.8608,3444.24,93.88,123.6,False,2026-03-11 17:43:53
ae2fd6,SCORE92,United States,39.2923,-74.8342,1813.56,79.78,249.23,False,2026-03-11 17:43:53
abbcc1,SWA578,United States,34.9497,-114.0573,11285.22,241.18,62.01,False,2026-03-11 17:43:53
a90c54,TRF582,United States,33.2687,-96.7943,601.98,27.57,306.66,False,2026-03-11 17:43:53
ae2fd2,SCORE93,United States,38.6273,-75.9486,1844.04,85.55,222.81,False,2026-03-11 17:43:53
ad03a1,CAP3238,United States,35.8388,-78.501,998.22,65.49,46.27,False,2026-03-11 17:43:53
a9cfe0,N731ML,United States,31.7798,-106.0889,3459.48,87.46,103.95,False,2026-03-11 17:43:53
a47e4b,N389SB,United States,38.8831,-102.5529,7924.8,109.77,295.24,False,2026-03-11 17:43:53
a91343,NDU684,United States,33.3339,-111.6858,594.36,38.49,127.94,False,2026-03-11 17:43:53
a65086,DAL699,United States,47.4538,-115.0476,10363.2,176.47,270.67,False,2026-03-11 17:43:53
a292e6,N265PS,United States,29.0533,-81.2727,266.7,58.24,47.15,False,2026-03-11 17:43:53
a74804,N5687W,United States,41.4651,-106.3213,9448.8,206.9,148.52,False,2026-03-11 17:43:53
a35e6f,EDV4994,United States,37.8929,-76.6672,9631.68,227.34,27.49,False,2026-03-11 17:43:53
aa9afc,SWA2551,United States,37.3557,-121.9165,,10.29,140.62,True,2026-03-11 17:43:53
a7706b,LXJ579,United States,26.3865,-80.2095,678.18,113.57,146.45,False,2026-03-11 17:43:53
a42ee9,DAL1281,United States,30.6507,-81.7885,10058.4,221.27,340.72,False,2026-03-11 17:43:53
a292c9,ENY3684,United States,41.8998,-86.1583,5791.2,203.09,133.15,False,2026-03-11 17:43:53
a8f338,NKS1005,United States,37.5939,-110.3425,10424.16,202.55,250.87,False,2026-03-11 17:43:53
a4ce11,AAL2106,United States,31.958,-107.9901,9151.62,222.46,281.34,False,2026-03-11 17:43:53
ad5f3c,N9605Q,United States,34.8302,-82.4676,861.06,34.78,262.35,False,2026-03-11 17:43:53
ac2c56,SWA139,United States,38.6902,-76.7635,2849.88,172.82,43.91,False,2026-03-11 17:43:53
a973d6,SPA708,United States,36.1284,-83.5862,10363.2,192.95,287.86,False,2026-03-11 17:43:53
a3c847,UAL1451,United States,38.9623,-98.4856,11277.6,273.54,103.04,False,2026-03-11 17:43:53
a9d6e9,N733HK,United States,28.9032,-81.0635,1005.84,39.41,144.03,False,2026-03-11 17:43:53
ac8ce5,AAL402,United States,32.9072,-97.0319,,6.17,180.0,True,2026-03-11 17:43:53
a8e002,LXJ671,United States,39.8536,-91.3825,11506.2,204.92,263.8,False,2026-03-11 17:43:53
a41bb5,FFT2249,United States,28.26,-81.3202,2971.8,160.52,323.86,False,2026-03-11 17:43:53
aca94b,AAL2712,United States,30.5147,-89.5321,10972.8,205.75,261.95,False,2026-03-11 17:43:53
a448f8,UAL1450,United States,31.4173,-95.5381,9052.56,224.0,317.89,False,2026-03-11 17:43:53
ac3338,SWA3461,United States,32.2229,-86.0678,11277.6,241.5,158.24,False,2026-03-11 17:43:53
a1c2c4,N212UT,United States,33.3209,-111.6698,342.9,58.2,135.0,False,2026-03-11 17:43:53
a448f2,UAL2638,United States,40.4175,-91.6294,9753.6,190.18,219.07,False,2026-03-11 17:43:53
a3b50f,AAL2133,United States,37.2274,-90.3731,10363.2,191.81,262.91,False,2026-03-11 17:43:53
a54eb0,N441DS,United States,32.6465,-110.7537,9448.8,164.15,101.2,False,2026-03-11 17:43:53
a65095,N506DR,United States,40.9651,-112.1066,5212.08,60.08,335.19,False,2026-03-11 17:43:53
a54eb1,N441DT,United States,41.957,-87.6432,1455.42,89.0,270.33,False,2026-03-11 17:43:53
ac3dec,SWA247,United States,35.2419,-85.5118,7101.84,167.74,313.63,False,2026-03-11 17:43:53
ab24ee,N817SA,United States,32.4207,-99.7923,8534.4,147.4,258.73,False,2026-03-11 17:43:53
ac2abd,UAL652,United States,39.6812,-101.8571,10248.9,278.74,93.17,False,2026-03-11 17:43:53
ab6137,EJA832,United States,36.8405,-75.9911,13281.66,233.8,192.32,False,2026-03-11 17:43:53
ac8d68,N908FG,United States,40.092,-74.9989,76.2,31.67,226.97,False,2026-03-11 17:43:53
a7dedf,KFB606,United States,42.1648,-91.6237,13106.4,199.36,272.96,False,2026-03-11 17:43:53
a4726a,N386JP,United States,29.1586,-98.6051,1798.32,67.16,95.27,False,2026-03-11 17:43:53
a9ab05,ASA305,United States,45.1188,-107.7451,10066.02,290.09,106.38,False,2026-03-11 17:43:53
abaa1a,SWA2133,United States,30.0597,-93.5051,12192.0,192.46,225.97,False,2026-03-11 17:43:53
aab77f,N79US,United States,41.7581,-111.8604,1325.88,40.13,90.73,False,2026-03-11 17:43:53
a60e95,N49JP,United States,34.2579,-78.6304,7924.8,118.81,221.49,False,2026-03-11 17:43:53
a0b702,145TX,United States,30.0635,-97.2171,388.62,61.06,129.19,False,2026-03-11 17:43:53
a422fb,N366EA,United States,33.1513,-112.491,2324.1,39.44,300.58,False,2026-03-11 17:43:53
aaf1c1,N804LP,United States,37.8864,-78.3643,2438.4,69.74,248.36,False,2026-03-11 17:43:53
a89bab,AAL2316,United States,38.8758,-77.3988,6461.76,205.82,208.68,False,2026-03-11 17:43:53
a5f581,UAL509,United States,37.4677,-99.9673,9456.42,265.94,135.86,False,2026-03-11 17:43:53
a72249,EJA559,United States,31.6609,-97.2708,9753.6,185.31,194.96,False,2026-03-11 17:43:53
aa40c8,N76SJ,United States,39.117,-119.7062,1950.72,114.16,5.17,False,2026-03-11 17:43:53
ab11cf,MVP620,United States,26.7226,-80.1373,213.36,89.93,142.67,False,2026-03-11 17:43:53
abbd73,SWA3259,United States,33.431,-111.9938,,0.26,270.0,True,2026-03-11 17:43:53
a6bef9,N53371,United States,26.5977,-80.086,,0.0,132.19,True,2026-03-11 17:43:53
aed4a2,R43534,United States,31.9453,-106.0797,1341.12,51.79,76.79,False,2026-03-11 17:43:53
abc455,SWA1231,United States,36.0779,-115.1222,,0.77,129.38,True,2026-03-11 17:43:53
a6c5cb,N5353K,United States,40.9146,-74.3131,457.2,51.21,337.56,False,2026-03-11 17:43:53
ad5dcb,SKW5604,United States,44.2466,-88.5278,342.9,66.03,26.37,False,2026-03-11 17:43:53
a74892,N569CG,United States,41.5422,-93.44,861.06,137.68,163.05,False,2026-03-11 17:43:53
a3527b,N313FH,United States,31.6303,-81.5637,11330.94,208.99,10.07,False,2026-03-11 17:43:53
a46b6b,N384P,United States,33.5835,-111.4065,1706.88,54.53,62.47,False,2026-03-11 17:43:53
a0540a,DAL305,United States,34.0986,-77.633,10972.8,237.43,190.36,False,2026-03-11 17:43:53
a422f7,DAL1471,United States,34.0096,-77.8146,10066.02,230.75,11.84,False,2026-03-11 17:43:53
a4bb99,N404BC,United States,34.8273,-84.718,11887.2,204.91,168.27,False,2026-03-11 17:43:53
ace43d,N93KM,United States,34.7665,-116.7745,4587.24,155.95,263.18,False,2026-03-11 17:43:53
acd10b,N925DC,United States,36.0391,-86.8649,2865.12,155.77,66.65,False,2026-03-11 17:43:53
ae1117,TIGER23,United States,29.0215,-100.3551,3208.02,77.95,73.12,False,2026-03-11 17:43:53
a8feb8,SKW5285,United States,44.5009,-88.1333,601.98,71.14,356.27,False,2026-03-11 17:43:53
a422da,N366CT,United States,35.9732,-115.1364,,5.4,180.0,True,2026-03-11 17:43:53
ac9478,N91BN,United States,44.2652,-121.1008,1074.42,65.47,329.81,False,2026-03-11 17:43:53
a7d2ae,SKW3755,United States,35.6125,-119.2563,10363.2,197.08,340.0,False,2026-03-11 17:43:53
a22b8d,N239SP,United States,35.9697,-80.9187,1524.0,13.89,270.0,False,2026-03-11 17:43:53
ae110d,DEVIL63,United States,28.9094,-100.1864,3444.24,62.96,251.42,False,2026-03-11 17:43:53
abc462,N8575B,United States,31.5897,-85.4389,845.82,82.37,318.54,False,2026-03-11 17:43:53
a3526a,ERU313,United States,29.2113,-81.0101,251.46,49.31,336.64,False,2026-03-11 17:43:53
abaa43,SWA1301,United States,29.554,-98.943,8229.6,209.29,141.19,False,2026-03-11 17:43:53
a35e9c,AAL2083,United States,34.5609,-105.2516,10972.8,208.47,282.25,False,2026-03-11 17:43:53
ad64cd,AAL131R,United States,41.3185,-88.675,3749.04,204.59,42.76,False,2026-03-11 17:43:53
a85568,LBQ800,United States,40.6495,-76.2464,1234.44,119.39,150.01,False,2026-03-11 17:43:53
a6abe1,N529RN,United States,35.2011,-84.7757,1280.16,89.49,109.48,False,2026-03-11 17:43:53
aa4ce9,ABX520,United States,28.7812,-98.5006,3939.54,180.2,330.21,False,2026-03-11 17:43:53
a7def8,EJA606,United States,40.0247,-104.886,2461.26,116.92,182.77,False,2026-03-11 17:43:53
a782e4,AAL1811,United States,32.9068,-97.034,,0.9,180.0,True,2026-03-11 17:43:53
ab6177,,United States,30.3693,-95.4097,373.38,55.36,326.75,False,2026-03-11 17:43:53
abb12d,SWA4660,United States,46.6915,-118.6629,11292.84,280.24,117.32,False,2026-03-11 17:43:53
a9d830,N733WM,United States,33.9206,-116.8445,1600.2,49.9,90.0,False,2026-03-11 17:43:53
aa9000,N78US,United States,41.7796,-111.8513,,0.0,343.12,True,2026-03-11 17:43:53
adf128,JBU2152,United States,41.7067,-71.4927,3550.92,183.71,68.82,False,2026-03-11 17:43:53
a1c403,N2125M,United States,37.6109,-82.5212,1432.56,33.32,283.39,False,2026-03-11 17:43:53
a6bec6,N5336K,United States,34.6283,-106.8625,1691.64,44.8,145.76,False,2026-03-11 17:43:53
ab616f,SCX8275,United States,42.4911,-103.4282,11193.78,250.6,51.84,False,2026-03-11 17:43:53
a004d9,TWY200,United States,30.3482,-97.9444,13723.62,252.96,99.48,False,2026-03-11 17:43:53
aa4ce2,ENY3687,United States,41.9616,-87.9557,701.04,88.91,228.28,False,2026-03-11 17:43:53
ac9499,N91CW,United States,49.1839,-123.1755,,0.45,281.25,True,2026-03-11 17:43:53
a2dd09,N284C,United States,32.8573,-96.5535,556.26,57.65,147.02,False,2026-03-11 17:43:53
a1d72e,N2179Z,United States,33.9515,-117.4457,,3.6,250.31,True,2026-03-11 17:43:53
a4d545,N410MT,United States,28.7699,-81.2336,-15.24,44.24,90.0,False,2026-03-11 17:43:53
a5a5aa,N463KJ,United States,31.9481,-82.2546,2987.04,92.97,339.26,False,2026-03-11 17:43:53
a35da8,FFT25,United States,28.7637,-80.3979,10972.8,257.68,127.95,False,2026-03-11 17:43:53
a6152a,EDV5329,United States,40.7728,-73.8667,,1.03,45.0,True,2026-03-11 17:43:53
a004e8,N100CB,United States,35.8806,-78.7776,137.16,56.53,229.06,False,2026-03-11 17:43:53
a04126,N1150H,United States,27.7568,-84.5074,8534.4,117.94,281.06,False,2026-03-11 17:43:53
a925a8,LFA546,United States,28.802,-81.1823,274.32,45.84,279.04,False,2026-03-11 17:43:53
a004df,N100BT,United States,35.0308,-85.18,495.3,54.93,22.0,False,2026-03-11 17:43:53
acd135,,United States,41.982,-87.9086,,4.89,2.81,True,2026-03-11 17:43:53
aa0653,NKS1670,United States,36.046,-96.8534,10370.82,217.97,259.8,False,2026-03-11 17:43:53
a6153e,EJA491,United States,39.6449,-87.203,12496.8,211.97,156.55,False,2026-03-11 17:43:53
a86861,N64056,United States,33.3989,-112.2325,716.28,54.55,339.0,False,2026-03-11 17:43:53
a7486a,ASA1458,United States,37.9792,-118.7785,11582.4,207.54,258.27,False,2026-03-11 17:43:53
a89ba8,N654AT,United States,30.8091,-82.1181,2644.14,146.41,151.45,False,2026-03-11 17:43:53
aa9c1d,EPI783,United States,32.2212,-110.9959,1280.16,44.92,346.76,False,2026-03-11 17:43:53
a84200,FFT2507,United States,28.7945,-81.1459,2057.4,131.99,239.04,False,2026-03-11 17:43:53
ae1156,KATT13,United States,30.4762,-87.8515,4198.62,68.78,248.04,False,2026-03-11 17:43:53
a542d7,SWA3629,United States,42.5438,-96.1886,10972.8,194.46,270.15,False,2026-03-11 17:43:53
a84e3f,SKW5747,United States,33.9398,-118.3982,,6.17,351.56,True,2026-03-11 17:43:53
abb172,SWA2035,United States,41.785,-87.7479,,13.89,135.0,True,2026-03-11 17:43:53
ae114d,KATT10,United States,30.412,-88.5892,3611.88,108.85,242.1,False,2026-03-11 17:43:53
ac5904,N895MK,United States,30.5763,-98.3964,2743.2,132.95,19.91,False,2026-03-11 17:43:53
ae114f,KATT14,United States,30.6259,-87.7877,3901.44,70.8,275.42,False,2026-03-11 17:43:53
a0541b,AAL3096,United States,33.533,-100.5974,9144.0,219.18,282.47,False,2026-03-11 17:43:53
ae114a,KATT12,United States,30.3656,-87.3904,4221.48,94.14,98.48,False,2026-03-11 17:43:53
ae114b,KATT15,United States,30.6925,-84.3965,7620.0,165.11,102.78,False,2026-03-11 17:43:53
a28d12,N2634M,United States,40.7579,-73.415,205.74,37.61,176.86,False,2026-03-11 17:43:53
a23da6,N2431G,United States,32.6746,-97.5611,518.16,58.67,324.64,False,2026-03-11 17:43:53
ae1145,KATT81,United States,30.5193,-87.2504,3916.68,123.06,142.99,False,2026-03-11 17:43:53
aa195f,N75TF,United States,39.2946,-95.6835,13716.0,285.27,92.48,False,2026-03-11 17:43:53
a15a00,N1865C,United States,32.956,-80.6601,12496.8,215.17,35.86,False,2026-03-11 17:43:53
c0584f,ACA1002,Canada,26.0772,-80.197,106.68,65.85,90.0,False,2026-03-11 17:43:53
ad4afe,AAL3277,United States,37.8351,-93.3977,10668.0,287.52,48.41,False,2026-03-11 17:43:53
a74871,ATN3328,United States,34.3846,-117.7243,6248.4,212.99,85.98,False,2026-03-11 17:43:53
ad049a,AAL2876,United States,32.9213,-97.0324,,9.26,191.25,True,2026-03-11 17:43:53
ae1150,KATT16,United States,30.5642,-83.706,7513.32,163.31,99.61,False,2026-03-11 17:43:53
a9b0ed,RPA3670,United States,41.1608,-90.6404,8991.6,169.29,240.71,False,2026-03-11 17:43:53
aa79dd,N774WF,United States,30.9876,-97.256,11277.6,252.23,1.99,False,2026-03-11 17:43:53
a60e80,N49HT,United States,39.6193,-75.8256,4861.56,231.36,45.0,False,2026-03-11 17:43:53
a257b7,N250CG,United States,32.8873,-111.925,2164.08,134.63,94.16,False,2026-03-11 17:43:53
a66efc,N5130R,United States,37.7372,-120.74,243.84,41.18,290.47,False,2026-03-11 17:43:53
a5db2c,ASA682,United States,44.9881,-114.8866,10668.0,276.88,127.15,False,2026-03-11 17:43:53
a6155f,N491S,United States,28.3075,-82.3596,662.94,86.44,351.1,False,2026-03-11 17:43:53
a8683d,N64045,United States,34.0497,-117.2634,472.44,37.04,332.72,False,2026-03-11 17:43:53
ae113a,DEVIL53,United States,29.0721,-99.9928,5585.46,88.19,175.99,False,2026-03-11 17:43:53
a5f551,ULA483,United States,32.7596,-96.5308,327.66,85.42,358.62,False,2026-03-11 17:43:53
a1d76b,MXY855,United States,43.4887,-76.0957,8305.8,202.26,193.68,False,2026-03-11 17:43:53
a9ab87,FFT3211,United States,34.0155,-103.6202,10355.58,217.45,282.29,False,2026-03-11 17:43:53
a11dfc,N171ME,United States,35.9993,-86.4484,624.84,64.28,79.86,False,2026-03-11 17:43:53
a0a457,SKW4801,United States,38.9162,-97.837,10668.0,258.35,102.65,False,2026-03-11 17:43:53
a364bd,N318CB,United States,31.907,-98.5524,7315.2,139.94,287.1,False,2026-03-11 17:43:53
a0f1bb,AAL891,United States,32.7879,-77.8618,9144.0,239.98,196.18,False,2026-03-11 17:43:53
a3add3,ENY3822,United States,35.0033,-106.2279,10363.2,203.69,294.95,False,2026-03-11 17:43:53
a05494,N120KA,United States,29.6486,-83.3943,5341.62,169.97,325.11,False,2026-03-11 17:43:53
a67735,N5156J,United States,34.1457,-118.6366,1219.2,47.96,247.29,False,2026-03-11 17:43:53
a5a725,KAP106,United States,42.0312,-71.5995,1828.8,80.81,294.44,False,2026-03-11 17:43:53
a3adce,AAL2285,United States,34.8858,-113.7069,8534.4,222.38,259.47,False,2026-03-11 17:43:53
0d0dd3,VOI1820,Mexico,37.3679,-121.9285,,0.0,47.81,True,2026-03-11 17:43:53
a231b9,N240TS,United States,41.8177,-111.8855,1508.76,56.54,164.7,False,2026-03-11 17:43:53
a2a7cd,N270PM,United States,30.3133,-88.033,1287.78,51.25,340.66,False,2026-03-11 17:43:53
a3b4c8,DAL1375,United States,40.4371,-75.5258,10972.8,234.82,187.05,False,2026-03-11 17:43:53
a53d2c,AAL1609,United States,37.7436,-108.7288,9448.8,263.38,111.91,False,2026-03-11 17:43:53
a9c56a,N729EL,United States,37.4589,-122.1135,,2.83,188.44,True,2026-03-11 17:43:53
aafda1,UAL361,United States,40.6566,-99.9656,10668.0,273.29,74.94,False,2026-03-11 17:43:53
a124cc,N173EX,United States,37.3361,-121.821,,3.86,126.56,True,2026-03-11 17:43:53
a507f5,CRE423,United States,43.1041,-90.6824,9136.38,173.07,236.03,False,2026-03-11 17:43:53
a627d1,EJA496,United States,29.3339,-82.4061,12192.0,214.08,338.43,False,2026-03-11 17:43:53
a6c71c,JIA5354,United States,34.9169,-86.744,1158.24,78.33,213.48,False,2026-03-11 17:43:53
0d0de3,VIV9451,Mexico,27.4507,-99.7059,3307.08,150.17,184.52,False,2026-03-11 17:43:53
a867a6,N6400U,United States,32.2263,-111.3592,1554.48,62.27,77.11,False,2026-03-11 17:43:53
0d0de8,VIV4111,Mexico,25.7811,-100.1116,,9.26,300.94,True,2026-03-11 17:43:53
a2f739,YEL90,United States,29.6579,-94.7073,1531.62,160.43,70.52,False,2026-03-11 17:43:53
a35dc2,ENY3376,United States,42.0027,-87.825,586.74,68.42,269.57,False,2026-03-11 17:43:53
a0678d,N125PC,United States,28.408,-82.1245,1920.24,74.16,167.99,False,2026-03-11 17:43:53
c008b7,ACA095,Canada,28.5337,-77.6531,11887.2,229.67,357.43,False,2026-03-11 17:43:53
a9ab72,SKW6357,United States,32.2316,-107.9141,8839.2,254.93,97.77,False,2026-03-11 17:43:53
a27a07,N259MG,United States,32.5855,-83.1809,1310.64,64.55,354.97,False,2026-03-11 17:43:53
a05470,RPA4536,United States,38.5652,-76.8529,3208.02,156.83,145.42,False,2026-03-11 17:43:53
a3f119,N353MV,United States,34.0168,-118.449,,5.66,45.0,True,2026-03-11 17:43:53
c03e07,WJA115,Canada,50.2047,-119.1539,12184.38,195.06,251.23,False,2026-03-11 17:43:53
a22ab7,N239J,United States,34.0151,-118.4522,-38.1,43.29,224.52,False,2026-03-11 17:43:53
a04d7e,N1189,United States,36.1779,-86.8881,274.32,28.31,199.09,False,2026-03-11 17:43:53
ad1717,N9421F,United States,28.2007,-82.1338,3048.0,86.82,95.44,False,2026-03-11 17:43:53
a3f120,DAL2975,United States,45.592,-122.5985,,7.2,28.12,True,2026-03-11 17:43:53
a1c420,N2126F,United States,34.2636,-118.417,,0.0,272.81,True,2026-03-11 17:43:53
a257f8,N250EX,United States,43.1195,-89.3423,327.66,57.22,3.61,False,2026-03-11 17:43:53
ac57af,SWA1048,United States,41.6071,-87.5812,952.5,102.5,49.27,False,2026-03-11 17:43:53
aaa414,N785LA,United States,26.1642,-81.1652,2232.66,49.94,87.64,False,2026-03-11 17:43:53
a15a2c,N1866M,United States,26.2838,-79.6621,13106.4,207.39,294.79,False,2026-03-11 17:43:53
a507fc,N423NM,United States,44.3269,-93.3253,480.06,45.99,126.36,False,2026-03-11 17:43:53
ac57d2,SWA2639,United States,30.0645,-90.5685,1280.16,131.18,100.16,False,2026-03-11 17:43:53
aafdc4,VXP306,United States,33.7162,-79.7282,11277.6,260.48,70.74,False,2026-03-11 17:43:53
ab1dd5,VXP466,United States,31.0997,-81.6843,10972.8,223.73,213.18,False,2026-03-11 17:43:53
a1b158,N208SN,United States,35.0423,-78.9264,1645.92,80.8,118.52,False,2026-03-11 17:43:53
ad5da7,N960RK,United States,32.3263,-109.4966,7924.8,145.07,286.06,False,2026-03-11 17:43:53
a41131,DAL1509,United States,29.5718,-95.1523,1874.52,153.84,85.2,False,2026-03-11 17:43:53
a2d143,OXF7049,United States,33.4834,-111.6931,632.46,46.52,51.74,False,2026-03-11 17:43:53
a0190c,N105UC,United States,32.6218,-116.9316,655.32,47.89,182.46,False,2026-03-11 17:43:53
abbd0a,SWA3227,United States,39.8553,-104.6852,,11.83,180.0,True,2026-03-11 17:43:53
a351e3,N3129S,United States,27.2613,-82.033,3139.44,110.91,329.63,False,2026-03-11 17:43:53
a231da,N240V,United States,41.117,-81.084,11894.82,248.42,71.9,False,2026-03-11 17:43:53
a8557a,QXE2154,United States,41.6908,-120.5746,10668.0,236.05,170.09,False,2026-03-11 17:43:53
a27a83,N259SF,United States,40.4518,-104.6483,1729.74,40.86,259.11,False,2026-03-11 17:43:53
a9ab2d,KAPT978,United States,41.6945,-70.2372,1051.56,48.39,226.29,False,2026-03-11 17:43:53
a4111b,N361ME,United States,40.1809,-111.8271,2057.4,44.82,238.13,False,2026-03-11 17:43:53
a1b162,SKW5315,United States,39.8759,-104.5924,1943.1,88.35,95.35,False,2026-03-11 17:43:53
ab6108,AAY1195,United States,37.023,-88.3065,11582.4,210.47,317.58,False,2026-03-11 17:43:53
a364ea,DAL2119,United States,43.8107,-95.7709,9745.98,200.16,243.43,False,2026-03-11 17:43:53
a71b82,VJA557,United States,37.2887,-121.7428,2606.04,155.9,137.94,False,2026-03-11 17:43:53
c030bb,ACA997,Canada,33.6203,-117.1652,10972.8,218.26,314.62,False,2026-03-11 17:43:53
a1aa4e,SWA3050,United States,32.9168,-112.0553,11277.6,248.82,99.52,False,2026-03-11 17:43:53
a96e9a,ASA618,United States,43.988,-103.9566,10066.02,283.49,109.95,False,2026-03-11 17:43:53
a34ada,THNDR94,United States,38.9645,-104.8202,1905.0,29.26,349.88,False,2026-03-11 17:43:53
a2f77b,SWA3621,United States,31.5699,-104.8096,11894.82,236.69,101.41,False,2026-03-11 17:43:53
ad77b8,N967SA,United States,35.9653,-76.8824,1333.5,41.98,252.9,False,2026-03-11 17:43:53
a34ae6,DAL1297,United States,42.3649,-71.023,,0.06,78.75,True,2026-03-11 17:43:53
a7d2bc,DAL2032,United States,37.7289,-99.6238,10058.4,271.22,118.8,False,2026-03-11 17:43:53
a40a1e,N36BT,United States,34.3326,-84.398,868.68,51.51,309.73,False,2026-03-11 17:43:53
a3ada3,AAL390P,United States,32.6206,-97.0275,1226.82,103.92,0.28,False,2026-03-11 17:43:53
c030eb,ACA978,Canada,49.1937,-123.1923,,6.69,188.44,True,2026-03-11 17:43:53
a364e7,DAL1564,United States,43.4691,-95.4167,11277.6,265.82,94.66,False,2026-03-11 17:43:53
a8b87f,TCF661,United States,26.362,-81.6182,723.9,58.01,208.61,False,2026-03-11 17:43:53
a9ab0b,XSR722,United States,30.8171,-86.2538,13106.4,206.88,271.57,False,2026-03-11 17:43:53
abc40d,SWA4707,United States,41.4692,-85.8057,8763.0,214.39,168.93,False,2026-03-11 17:43:53
adc7b5,N9871W,United States,25.6611,-81.488,967.74,41.68,155.97,False,2026-03-11 17:43:53
a2dd59,FDX3901,United States,39.6563,-93.822,11285.22,289.57,85.31,False,2026-03-11 17:43:53
acdd17,KFB928,United States,38.8487,-79.1783,13106.4,205.49,246.39,False,2026-03-11 17:43:53
ac31a1,AAL2587,United States,31.7751,-116.0185,11887.2,233.2,134.2,False,2026-03-11 17:43:53
abc432,SWA1467,United States,33.6485,-84.41,,3.34,73.12,True,2026-03-11 17:43:53
a3adb9,AAL249,United States,27.5765,-98.3985,11582.4,201.07,174.42,False,2026-03-11 17:43:53
8695c6,ANA12,Japan,48.0954,-117.5394,10058.4,306.01,95.6,False,2026-03-11 17:43:53
a9d86c,RPA3513,United States,44.6579,-65.5511,6705.6,237.76,77.38,False,2026-03-11 17:43:53
a40a17,N36BL,United States,38.4301,-116.3099,12039.6,193.5,276.1,False,2026-03-11 17:43:53
a40a18,N36BM,United States,46.0855,-122.8561,10325.1,237.32,357.89,False,2026-03-11 17:43:53
ac9438,N9099K,United States,42.4458,-123.2468,914.4,63.23,309.39,False,2026-03-11 17:43:53
a17490,AAY2477,United States,27.8364,-83.3638,6743.7,237.72,178.88,False,2026-03-11 17:43:53
a5e29a,ASA377,United States,47.4475,-122.3179,,22.12,174.38,True,2026-03-11 17:43:53
ac2ab8,EJM883,United States,40.794,-83.2307,12496.8,263.91,69.34,False,2026-03-11 17:43:53
ab24f7,SKW4904,United States,33.4374,-111.9953,,0.0,2.81,True,2026-03-11 17:43:53
ad64a7,N962M,United States,36.2085,-85.9169,2743.2,107.55,76.16,False,2026-03-11 17:43:53
a8ebca,NKS1157,United States,33.0085,-96.3149,9761.22,186.33,209.25,False,2026-03-11 17:43:53
a1bd6a,MXY1847,United States,40.2129,-111.713,,0.77,56.25,True,2026-03-11 17:43:53
a9be4c,N727HR,United States,32.8418,-116.9518,845.82,37.91,82.2,False,2026-03-11 17:43:53
abbd47,SWA1103,United States,35.602,-112.3888,11582.4,207.89,240.01,False,2026-03-11 17:43:53
a9d7d0,N733SR,United States,37.5147,-109.6812,7010.4,134.55,31.08,False,2026-03-11 17:43:53
a17fb5,AAY1563,United States,32.1441,-85.3252,10066.02,244.46,139.44,False,2026-03-11 17:43:53
a0c9c7,N15VX,United States,33.7575,-85.2973,4518.66,198.97,287.92,False,2026-03-11 17:43:53
aaf234,N804RD,United States,38.7946,-104.7177,,9.77,180.0,True,2026-03-11 17:43:53
a89119,ABX2029,United States,27.3151,-80.3713,8442.96,233.14,160.81,False,2026-03-11 17:43:53
ae2ed5,MX088,United States,30.9345,-86.8691,2987.04,127.15,34.78,False,2026-03-11 17:43:53
ae2ed8,RFNK770,United States,26.9867,-97.3448,1082.04,109.43,187.29,False,2026-03-11 17:43:53
a25925,SKW3696,United States,39.9197,-75.8253,3810.0,153.85,271.15,False,2026-03-11 17:43:53
ae2ed3,TEXN086,United States,30.768,-86.9917,487.68,116.8,9.38,False,2026-03-11 17:43:53
a6c780,N536JA,United States,35.6822,-85.2874,12496.8,206.63,165.58,False,2026-03-11 17:43:53
a6c781,JBU1245,United States,33.9337,-79.0887,10972.8,216.76,214.56,False,2026-03-11 17:43:53
aab5f8,N79DA,United States,44.1087,-121.2002,1005.84,55.05,180.0,False,2026-03-11 17:43:53
a854d0,JBU1310,United States,41.9276,-71.2177,2301.24,141.13,20.48,False,2026-03-11 17:43:53
a471ec,DAL467,United States,37.6827,-77.2735,10668.0,238.91,47.79,False,2026-03-11 17:43:53
a79795,N589CM,United States,36.6351,-104.4241,13708.38,277.13,68.44,False,2026-03-11 17:43:53
ac92b1,EDV5011,United States,33.6202,-84.2841,868.68,82.83,270.71,False,2026-03-11 17:43:53
a5dad9,N4768E,United States,32.1121,-111.3907,1455.42,44.86,319.18,False,2026-03-11 17:43:53
abbbae,UAL1309,United States,38.4017,-81.5477,10965.18,202.47,253.31,False,2026-03-11 17:43:53
a066c7,FDX5050,United States,40.0135,-85.8915,2674.62,115.36,226.63,False,2026-03-11 17:43:53
a24609,N2458G,United States,25.598,-80.581,548.64,50.43,271.17,False,2026-03-11 17:43:53
c03cd0,00000000,Canada,49.0069,-122.7341,1158.24,100.8,133.55,False,2026-03-11 17:43:53
a23f0e,KAP60,United States,42.3233,-71.1322,1188.72,71.03,192.12,False,2026-03-11 17:43:53
a12625,AAL2595,United States,39.5782,-88.4794,10546.08,282.66,87.71,False,2026-03-11 17:43:53
a734e0,N5633R,United States,40.5439,-112.0817,1836.42,45.8,1.29,False,2026-03-11 17:43:53
ad6539,SKW420W,United States,32.5836,-103.3389,1516.38,68.42,46.83,False,2026-03-11 17:43:53
a23f0c,MXY181,United States,29.1599,-82.1276,6743.7,207.43,178.15,False,2026-03-11 17:43:53
c043b7,ACA261,Canada,47.7802,-89.7641,10355.58,213.28,296.19,False,2026-03-11 17:43:53
a79789,N589C,United States,40.2062,-111.8432,2225.04,85.0,350.59,False,2026-03-11 17:43:53
a1b190,MS5,United States,33.6162,-117.262,4206.24,56.1,305.29,False,2026-03-11 17:43:53
ad15cf,AAL1988,United States,36.5391,-92.9177,10660.38,267.47,73.69,False,2026-03-11 17:43:53
a2d168,OXF6154,United States,33.4112,-111.6076,670.56,53.51,307.97,False,2026-03-11 17:43:53
a5449a,AAL2894,United States,25.926,-80.3938,1280.16,112.13,298.8,False,2026-03-11 17:43:53
48e8f9,JDI24W,Poland,42.7803,-71.5151,,0.0,210.94,True,2026-03-11 17:43:53
a66482,N5105M,United States,41.0431,-112.1174,1828.8,48.11,311.53,False,2026-03-11 17:43:53
a50900,RPA4417,United States,29.6253,-82.1846,8298.18,219.46,173.67,False,2026-03-11 17:43:53
a6c76c,N536HF,United States,29.0267,-81.252,396.24,54.93,314.62,False,2026-03-11 17:43:53
a209c0,AAY2331,United States,43.1343,-112.1387,11582.4,195.25,356.98,False,2026-03-11 17:43:53
a84dce,NKS583,United States,29.8014,-82.0547,10668.0,240.79,170.03,False,2026-03-11 17:43:53
ac3e80,SWA1738,United States,46.1795,-113.6541,10972.8,181.56,313.74,False,2026-03-11 17:43:53
71be19,KAL017,Republic of Korea,33.9421,-118.4131,,5.92,351.56,True,2026-03-11 17:43:53
ac323b,N885US,United States,38.9176,-121.4803,640.08,56.75,171.14,False,2026-03-11 17:43:53
ac456f,DOW890,United States,25.2195,-81.1352,11582.4,217.98,346.49,False,2026-03-11 17:43:53
aa4d77,JBU1247,United States,29.2876,-82.323,6553.2,211.06,173.98,False,2026-03-11 17:43:53
ae2ef6,RFNK731,United States,27.6217,-97.2948,182.88,64.75,134.36,False,2026-03-11 17:43:53
ae35cc,R01903,United States,41.9273,-73.8992,601.98,66.07,319.74,False,2026-03-11 17:43:53
a6b470,DAL384,United States,47.5918,-117.5693,10965.18,180.88,244.75,False,2026-03-11 17:43:53
a8a4a2,N656SP,United States,32.9494,-111.7512,685.8,42.7,233.82,False,2026-03-11 17:43:53
ae2eef,BOMR823,United States,27.7088,-97.2703,251.46,63.74,312.06,False,2026-03-11 17:43:53
ac2b61,SWA1584,United States,37.963,-117.6863,11300.46,208.02,244.51,False,2026-03-11 17:43:53
adb52f,N98219,United States,33.2915,-117.552,929.64,26.92,135.0,False,2026-03-11 17:43:53
a71adb,N557QS,United States,26.2696,-79.9954,4800.6,171.54,227.8,False,2026-03-11 17:43:53
a6faca,EJA549,United States,34.685,-88.3955,9890.76,215.56,128.7,False,2026-03-11 17:43:53
aaf268,RAX123,United States,33.3138,-111.54,1424.94,90.0,298.32,False,2026-03-11 17:43:53
a77d89,EDV5094,United States,42.5257,-77.3009,7924.8,192.8,292.6,False,2026-03-11 17:43:53
a066a8,KOW25,United States,30.7635,-100.491,14325.6,227.54,285.61,False,2026-03-11 17:43:53
71be45,AIH242,Republic of Korea,45.0276,-96.907,10668.0,279.56,114.11,False,2026-03-11 17:43:53
aaf264,MVP438,United States,30.3873,-82.6713,10668.0,201.91,353.56,False,2026-03-11 17:43:53
a40a4c,N36DP,United States,28.6042,-97.1401,8427.72,221.49,76.71,False,2026-03-11 17:43:53
a0060c,N100PU,United States,32.6586,-83.6435,5151.12,183.46,354.53,False,2026-03-11 17:43:53
a7d43c,SKW5324,United States,38.2869,-101.2824,10058.4,256.77,149.94,False,2026-03-11 17:43:53
ae2ee1,TEXN100,United States,30.6405,-87.3763,4785.36,86.95,234.15,False,2026-03-11 17:43:53
ac3e9c,N8885H,United States,30.3982,-83.926,1615.44,57.72,143.33,False,2026-03-11 17:43:53
a8b7e6,N66091,United States,39.794,-104.5691,1584.96,33.96,90.87,False,2026-03-11 17:43:53
a27a94,SKW4076,United States,44.8743,-93.1779,,69.97,301.47,True,2026-03-11 17:43:53
a2ca64,UAL1147,United States,38.1193,-112.0719,12192.0,212.13,276.13,False,2026-03-11 17:43:53
a7846b,N5837S,United States,35.467,-96.2923,2430.78,74.77,237.08,False,2026-03-11 17:43:53
a7979b,N589CT,United States,33.8177,-118.1531,,4.63,135.0,True,2026-03-11 17:43:53
a2efae,SWA3273,United States,35.3928,-97.5982,,7.2,16.88,True,2026-03-11 17:43:53
a11f5a,UAL311,United States,35.4576,-103.7206,10363.2,211.8,266.66,False,2026-03-11 17:43:53
a89d0a,QXE2095,United States,45.6576,-122.951,929.64,116.97,28.93,False,2026-03-11 17:43:53
a24636,N2459S,United States,39.3564,-104.776,2491.74,53.05,177.22,False,2026-03-11 17:43:53
a987b4,CFS8673,United States,45.4326,-122.4176,2118.36,94.98,157.05,False,2026-03-11 17:43:53
ad4b73,CFS8675,United States,45.0618,-122.8009,2735.58,71.94,163.38,False,2026-03-11 17:43:53
a10c31,FDX3619,United States,39.7091,-86.2912,,5.92,47.81,True,2026-03-11 17:43:53
a1bca8,N21056,United States,39.369,-75.2488,609.6,48.9,88.19,False,2026-03-11 17:43:53
a0ec20,FDX3629,United States,38.9149,-88.6231,8999.22,275.04,87.21,False,2026-03-11 17:43:53
a1e9f4,N222RP,United States,30.5523,-81.2791,9144.0,162.75,169.44,False,2026-03-11 17:43:53
a053d1,N120BF,United States,40.8439,-111.9178,1432.56,38.92,60.72,False,2026-03-11 17:43:53
a55785,UAL1677,United States,37.1796,-89.7995,10957.56,222.78,325.06,False,2026-03-11 17:43:53
ac2b80,SWA4053,United States,31.5493,-92.8511,11277.6,246.13,123.92,False,2026-03-11 17:43:53
a0c9ec,N15XJ,United States,33.7672,-118.2609,1554.48,69.49,134.1,False,2026-03-11 17:43:53
a96da8,N7063Q,United States,28.3715,-82.3235,274.32,41.57,229.01,False,2026-03-11 17:43:53
a3f133,DAL1038,United States,33.9728,-79.4652,10210.8,223.92,205.15,False,2026-03-11 17:43:53
ad6595,SWA2248,United States,36.0775,-115.1216,,1.54,129.38,True,2026-03-11 17:43:53
a987c0,N713FS,United States,40.485,-104.9347,1912.62,47.32,258.08,False,2026-03-11 17:43:53
a209fa,N230RC,United States,43.5984,-98.8212,7901.94,211.44,90.0,False,2026-03-11 17:43:53
c069d8,WJA106,Canada,51.1273,-114.0064,1089.66,4.63,334.69,True,2026-03-11 17:43:53
a23f4d,EPI244,United States,28.9919,-81.0428,556.26,56.53,76.85,False,2026-03-11 17:43:53
ac2b8e,ASH6293,United States,31.3023,-83.9796,9319.26,252.54,79.08,False,2026-03-11 17:43:53
a5edbf,EJA481,United States,32.0018,-82.0026,12496.8,241.85,27.76,False,2026-03-11 17:43:53
acdbe7,PDT5831,United States,37.9911,-77.5079,9448.8,241.28,37.11,False,2026-03-11 17:43:53
c04fc5,CGEFK,Canada,53.5886,-114.2469,1767.84,46.81,0.0,False,2026-03-11 17:43:53
ae2efa,RNGR721,United States,27.3487,-97.3292,3429.0,112.5,50.19,False,2026-03-11 17:43:53
a199dd,,United States,28.2437,-82.154,160.02,49.56,355.24,False,2026-03-11 17:43:53
39c429,AFR342,France,46.2265,-70.2861,11574.78,205.96,237.86,False,2026-03-11 17:43:53
a05ff5,N123ML,United States,32.7637,-110.2713,8839.2,162.66,102.23,False,2026-03-11 17:43:53
c03cad,CFWZK,Canada,49.1804,-123.1714,-38.1,1.15,153.43,False,2026-03-11 17:43:53
a71aad,DAL1030,United States,28.7189,-81.4343,1623.06,109.57,132.91,False,2026-03-11 17:43:53
ad526c,AAL2254,United States,41.2182,-95.5811,9144.0,200.95,252.72,False,2026-03-11 17:43:53
a449a4,UAL2100,United States,36.7919,-78.2954,8839.2,227.91,23.27,False,2026-03-11 17:43:53
a449a2,UAL1219,United States,37.2219,-83.8245,10668.0,257.59,74.71,False,2026-03-11 17:43:53
a066cd,N125FL,United States,35.8737,-80.5394,868.68,85.75,107.46,False,2026-03-11 17:43:53
a449a8,UAL1618,United States,38.9458,-77.4528,,0.0,199.69,True,2026-03-11 17:43:53
a77111,JIA5200,United States,39.9187,-85.4424,7223.76,173.47,260.96,False,2026-03-11 17:43:53
adb581,N9824L,United States,28.0919,-82.8381,708.66,49.4,188.38,False,2026-03-11 17:43:53
a199ef,N202FA,United States,40.8893,-111.923,1272.54,34.44,256.17,False,2026-03-11 17:43:53
ad5269,ASA405,United States,43.4218,-114.0026,10668.0,282.47,118.62,False,2026-03-11 17:43:53
a4c1d8,N4052F,United States,39.9105,-105.1168,,10.29,303.75,True,2026-03-11 17:43:53
a6c756,GJS4493,United States,39.4273,-76.435,8542.02,210.99,225.4,False,2026-03-11 17:43:53
acdbee,AAL1555,United States,36.5127,-79.8563,8519.16,214.73,219.95,False,2026-03-11 17:43:53
a5313d,N4334X,United States,42.0054,-71.1842,541.02,55.6,67.71,False,2026-03-11 17:43:53
c056c6,WJA1086,Canada,36.0741,-114.5294,2773.68,122.04,260.54,False,2026-03-11 17:43:53
0d0e9c,VOI1742,Mexico,32.4415,-111.1164,11574.78,204.07,333.5,False,2026-03-11 17:43:53
a89d22,RPA4355,United States,36.0683,-93.0364,10668.0,256.72,86.32,False,2026-03-11 17:43:53
aaf29f,VXP718,United States,33.7057,-79.3904,11277.6,244.54,46.53,False,2026-03-11 17:43:53
a43ea7,UAL1079,United States,27.4445,-80.8785,10668.0,222.68,350.56,False,2026-03-11 17:43:53
ac8a7b,EJM907,United States,41.1823,-88.3955,13106.4,186.41,267.47,False,2026-03-11 17:43:53
a8fc72,UAL1739,United States,29.4475,-81.134,4594.86,205.6,186.61,False,2026-03-11 17:43:53
a12215,N172RC,United States,33.2947,-97.5965,1082.04,49.7,53.84,False,2026-03-11 17:43:53
acf486,AAL2420,United States,36.5592,-113.5728,10058.4,255.67,70.0,False,2026-03-11 17:43:53
a075df,RPA4557,United States,42.8593,-84.8251,8534.4,177.15,261.99,False,2026-03-11 17:43:53
a43ea3,UAL245,United States,38.0556,-106.0916,10972.8,193.03,307.42,False,2026-03-11 17:43:53
a9ccde,AAL1902,United States,32.8387,-97.0264,419.1,76.14,0.77,False,2026-03-11 17:43:53
a2fea7,YEL2,United States,37.8199,-87.5351,9144.0,220.22,321.07,False,2026-03-11 17:43:53
a01566,N104UV,United States,40.0688,-111.8917,1973.58,46.27,188.31,False,2026-03-11 17:43:53
a6c393,LXJ535,United States,42.9724,-84.0256,13106.4,195.71,276.49,False,2026-03-11 17:43:53
a1485c,N182CR,United States,26.0766,-80.1557,701.04,47.87,181.85,False,2026-03-11 17:43:53
abba6c,FDX6030,United States,35.1407,-89.9748,601.98,82.84,178.93,False,2026-03-11 17:43:53
abba6b,N855FC,United States,36.5345,-91.5342,13716.0,270.35,94.37,False,2026-03-11 17:43:53
a37517,JBU65,United States,41.8352,-72.5493,8382.0,211.95,234.88,False,2026-03-11 17:43:53
a8f01b,WUP675,United States,39.3841,-93.9556,4610.1,203.9,75.09,False,2026-03-11 17:43:53
a9e6ec,N737VE,United States,30.3431,-97.331,914.4,46.71,233.51,False,2026-03-11 17:43:53
aced7a,DAL1424,United States,30.002,-90.1143,1310.64,149.15,22.94,False,2026-03-11 17:43:53
abc16c,AUB146,United States,33.5097,-86.7035,830.58,44.59,129.38,False,2026-03-11 17:43:53
a12227,N172RW,United States,32.8121,-117.1332,68.58,32.9,296.97,False,2026-03-11 17:43:53
a78c8f,DAL800,United States,33.9487,-118.406,,4.37,84.38,True,2026-03-11 17:43:53
a79386,ASA2609,United States,37.125,-104.9545,11879.58,255.54,75.54,False,2026-03-11 17:43:53
a6d69f,N54LT,United States,40.054,-105.0504,8229.6,149.74,274.93,False,2026-03-11 17:43:53
a05bde,RPA4420,United States,42.9218,-78.7556,822.96,72.77,226.15,False,2026-03-11 17:43:53
a18ef8,N2SY,United States,33.1982,-94.5966,13716.0,159.5,234.05,False,2026-03-11 17:43:53
a13521,N177VZ,United States,33.8624,-112.4413,1287.78,60.28,285.34,False,2026-03-11 17:43:53
ad8901,SKW5017,United States,38.7432,-103.2572,9136.38,181.71,306.48,False,2026-03-11 17:43:53
ab3601,EJA821,United States,38.1519,-93.8584,12496.8,274.51,96.67,False,2026-03-11 17:43:53
ad8906,N971TA,United States,34.1227,-118.7868,1280.16,63.06,295.1,False,2026-03-11 17:43:53
a11b00,AAL2084,United States,30.1094,-81.4847,8305.8,233.22,353.03,False,2026-03-11 17:43:53
a9f9fd,N742AE,United States,29.3052,-98.8167,1082.04,79.48,68.75,False,2026-03-11 17:43:53
aa4a90,SKW5487,United States,36.0884,-85.8622,5791.2,208.45,152.99,False,2026-03-11 17:43:53
a2b810,UAL1817,United States,39.0773,-77.5159,1981.2,153.77,15.52,False,2026-03-11 17:43:53
a8acdf,N6580W,United States,28.4108,-80.855,777.24,33.5,266.48,False,2026-03-11 17:43:53
acf49d,OZN934,United States,26.3694,-81.3925,312.42,49.45,357.02,False,2026-03-11 17:43:53
aaa19e,RPA3501,United States,39.8956,-75.134,4526.28,190.68,13.1,False,2026-03-11 17:43:53
789213,CPA828,China,43.6802,-79.6199,,4.37,19.69,True,2026-03-11 17:43:53
a12e36,N17505,United States,34.8103,-107.3529,3444.24,98.45,72.99,False,2026-03-11 17:43:53
86d572,ANA180,Japan,36.9619,-121.167,12496.8,259.61,132.51,False,2026-03-11 17:43:53
c00700,ACA1048,Canada,48.1493,-113.7991,10066.02,299.14,102.82,False,2026-03-11 17:43:53
a9ccc4,N730TR,United States,39.1511,-105.3506,3886.2,80.78,178.91,False,2026-03-11 17:43:53
acf492,AAL869,United States,36.9803,-83.9702,9448.8,271.19,69.57,False,2026-03-11 17:43:53
a1c08b,N2117E,United States,42.5781,-70.9318,45.72,28.46,77.47,False,2026-03-11 17:43:53
a92361,UAL2672,United States,39.2089,-87.8163,10668.0,205.37,178.13,False,2026-03-11 17:43:53
a00228,N1Y,United States,39.1136,-85.1485,10325.1,268.92,18.75,False,2026-03-11 17:43:53
a18ed1,N2RJ,United States,30.1951,-83.9759,9144.0,148.84,301.0,False,2026-03-11 17:43:53
a92367,UAL2858,United States,37.6359,-77.6242,10668.0,231.89,32.77,False,2026-03-11 17:43:53
a8f00e,UAL957,United States,42.3225,-70.6289,7924.8,209.11,277.49,False,2026-03-11 17:43:53
ac692a,SWA1155,United States,34.1847,-109.8495,10591.8,243.14,67.61,False,2026-03-11 17:43:53
c04e7d,,Canada,38.5967,-112.989,12199.62,218.12,202.75,False,2026-03-11 17:43:53
a062ec,DAL2099,United States,35.1245,-84.4896,10972.8,201.94,237.48,False,2026-03-11 17:43:53
a5669f,SWA312,United States,43.055,-75.2721,11582.4,182.18,277.63,False,2026-03-11 17:43:53
a35b39,AAL2801,United States,33.4976,-116.7234,8846.82,251.1,91.17,False,2026-03-11 17:43:53
a983b7,CKS865,United States,51.0476,-118.6934,9448.8,304.06,120.17,False,2026-03-11 17:43:53
acb90d,N919KT,United States,28.3747,-81.5171,114.3,52.17,282.53,False,2026-03-11 17:43:53
aa6495,N769SP,United States,32.9379,-97.4169,853.44,59.85,94.44,False,2026-03-11 17:43:53
a062ef,DAL1730,United States,31.2038,-83.7989,10363.2,221.77,337.06,False,2026-03-11 17:43:53
a8bfeb,FFT4130,United States,33.9401,-118.4139,,0.0,264.38,True,2026-03-11 17:43:53
a2fee9,SWA2352,United States,39.3322,-94.4335,3695.7,198.26,134.68,False,2026-03-11 17:43:53
a35b42,AAL2599,United States,32.9012,-97.0488,,7.46,90.0,True,2026-03-11 17:43:53
a36e73,ENY3795,United States,34.4805,-88.6677,10363.2,211.25,183.21,False,2026-03-11 17:43:53
a48e3a,DAL1416,United States,34.8608,-79.9495,10058.4,257.36,37.85,False,2026-03-11 17:43:53
a9e6ac,N737SR,United States,37.8732,-121.2987,426.72,46.41,215.98,False,2026-03-11 17:43:53
a6c33f,VTE3002,United States,34.6882,-88.4018,2941.32,119.29,236.79,False,2026-03-11 17:43:53
a5537a,EJA442,United States,36.2217,-79.8005,13106.4,182.86,219.06,False,2026-03-11 17:43:53
a8165a,N620BD,United States,36.2068,-83.1202,10172.7,184.09,244.51,False,2026-03-11 17:43:53
a55389,N442RG,United States,31.8119,-109.9155,3383.28,79.32,59.61,False,2026-03-11 17:43:53
a6cf94,EJA538,United States,34.4205,-82.9584,12496.8,248.19,53.94,False,2026-03-11 17:43:53
a8c6e1,AAL678,United States,29.9935,-95.2041,662.94,78.71,270.37,False,2026-03-11 17:43:53
a48e46,DAL2770,United States,41.2649,-92.1057,10668.0,205.52,170.49,False,2026-03-11 17:43:53
a24e90,N248JS,United States,39.5704,-104.8729,1943.1,46.95,175.6,False,2026-03-11 17:43:53
ab3633,N821SS,United States,40.8819,-73.7882,289.56,82.84,307.94,False,2026-03-11 17:43:53
a9d3a9,NDU732,United States,32.9337,-111.8102,594.36,48.55,64.25,False,2026-03-11 17:43:53
aa6488,N769SA,United States,32.7053,-79.9952,7.62,27.54,212.8,False,2026-03-11 17:43:53
a7f63d,ASA362,United States,48.6439,-123.4263,7162.8,192.74,159.53,False,2026-03-11 17:43:53
a42ba5,N368SS,United States,32.7008,-117.1998,,3.09,270.0,True,2026-03-11 17:43:53
c03b48,CFWLR,Canada,51.0987,-114.3761,1249.68,1.85,33.69,False,2026-03-11 17:43:53
a8fc2e,UAL1866,United States,29.0745,-81.3104,6957.06,216.23,353.99,False,2026-03-11 17:43:53
a7e318,SKW5461,United States,34.4461,-118.0672,10972.8,212.03,303.42,False,2026-03-11 17:43:53
a78c60,N586BW,United States,28.2043,-80.7753,2354.58,100.94,307.34,False,2026-03-11 17:43:53
a9e6be,N737TJ,United States,37.8846,-121.1048,1714.5,54.99,333.91,False,2026-03-11 17:43:53
a36219,N317PB,United States,30.22,-85.5414,3802.38,140.42,278.43,False,2026-03-11 17:43:53
a12260,N172UC,United States,25.6314,-80.4236,335.28,44.62,249.06,False,2026-03-11 17:43:53
a3b0fe,DAL2427,United States,37.3024,-92.7955,9753.6,196.47,277.07,False,2026-03-11 17:43:53
aa779d,SWA2548,United States,33.7179,-110.9341,10972.8,222.48,242.9,False,2026-03-11 17:43:53
a35b1e,,United States,34.1996,-118.4885,,3.86,323.44,True,2026-03-11 17:43:53
a23b55,MXY131,United States,36.4803,-86.1618,10668.0,213.5,166.77,False,2026-03-11 17:43:53
a36200,DAL2541,United States,34.4984,-119.1088,5897.88,200.65,143.86,False,2026-03-11 17:43:53
a43ec9,UAL497,United States,40.0521,-107.4694,10363.2,186.46,272.85,False,2026-03-11 17:43:53
ac694f,SWA3382,United States,35.0505,-109.0409,10668.0,258.08,102.9,False,2026-03-11 17:43:53
aa5d7f,N767WB,United States,40.7841,-97.7999,10980.42,200.63,246.26,False,2026-03-11 17:43:53
a062ca,N124CK,United States,38.4684,-121.5258,152.4,56.92,29.81,False,2026-03-11 17:43:53
a91c25,N6862F,United States,34.189,-81.4883,800.1,45.4,340.13,False,2026-03-11 17:43:53
a48e1c,N393BW,United States,43.0531,-86.1547,7947.66,242.39,121.9,False,2026-03-11 17:43:53
a30bb3,N2959U,United States,28.3139,-81.5829,701.04,49.0,274.21,False,2026-03-11 17:43:53
a66c99,JIA5582,United States,41.1026,-76.0565,4122.42,143.89,231.53,False,2026-03-11 17:43:53
abf9d5,SWA4218,United States,39.8511,-104.6841,,11.83,180.0,True,2026-03-11 17:43:53
a2685b,SWA375,United States,38.8571,-77.0397,,7.72,354.38,True,2026-03-11 17:43:53
a6c358,DAL795,United States,38.7323,-109.5848,9151.62,200.3,250.49,False,2026-03-11 17:43:53
aabff1,ASI67,United States,32.9796,-112.0069,502.92,48.61,309.42,False,2026-03-11 17:43:53
ad1fbc,N945AA,United States,37.4713,-108.3009,8534.4,134.79,348.78,False,2026-03-11 17:43:53
ad8935,AAL2920,United States,30.4753,-81.8289,556.26,91.11,141.19,False,2026-03-11 17:43:53
a67399,SCX3016,United States,33.654,-113.9086,10363.2,220.54,276.43,False,2026-03-11 17:43:53
a00262,N10AG,United States,36.8475,-76.4285,2514.6,78.75,252.51,False,2026-03-11 17:43:53
ad1fc8,AAL1342,United States,35.5594,-81.1346,10972.8,207.12,217.13,False,2026-03-11 17:43:53
789269,CPA806,China,42.5394,-102.9769,11887.2,298.53,102.74,False,2026-03-11 17:43:53
aaacc3,RPA3576,United States,40.9754,-75.4457,3832.86,178.23,110.27,False,2026-03-11 17:43:53
a1dee1,N22CG,United States,36.2465,-94.8404,10066.02,155.67,105.92,False,2026-03-11 17:43:53
a12241,N172SX,United States,33.2051,-117.1453,1615.44,43.68,57.99,False,2026-03-11 17:43:53
aaad49,SWA1637,United States,39.5503,-78.5113,6728.46,232.66,115.26,False,2026-03-11 17:43:53
c06860,SN861,Canada,50.4501,-96.7071,5676.9,98.96,25.23,False,2026-03-11 17:43:53
a6d5ac,N54B,United States,28.0029,-82.3357,365.76,41.49,47.01,False,2026-03-11 17:43:53
ab975c,AAL1568,United States,38.9673,-85.7368,7970.52,160.54,257.79,False,2026-03-11 17:43:53
c005c5,ACA295,Canada,50.3578,-99.5393,9113.52,215.12,297.18,False,2026-03-11 17:43:53
a3625f,REH21,United States,32.9604,-116.7185,1097.28,66.24,173.76,False,2026-03-11 17:43:53
a698fa,BPX265,United States,33.5774,-86.3483,1188.72,43.23,268.64,False,2026-03-11 17:43:53
ad2733,ASA606,United States,39.2656,-114.6461,10668.0,253.14,145.6,False,2026-03-11 17:43:53
aab431,RPA3619,United States,40.9059,-74.1191,1234.44,99.1,156.76,False,2026-03-11 17:43:53
a23b89,N243EA,United States,33.8757,-112.0918,2171.7,32.96,22.96,False,2026-03-11 17:43:53
ad0d35,AAL2078,United States,33.0293,-97.0522,1600.2,128.63,359.08,False,2026-03-11 17:43:53
ad273b,DAL3045,United States,33.5369,-84.3774,2560.32,138.9,89.79,False,2026-03-11 17:43:53
0c218b,CMP809,Panama,34.1871,-77.6135,10668.0,225.93,10.36,False,2026-03-11 17:43:53
a8c83b,EJA665,United States,27.1438,-78.7358,11940.54,193.06,32.93,False,2026-03-11 17:43:53
a54beb,PJC40,United States,41.4283,-76.2418,7299.96,240.55,110.14,False,2026-03-11 17:43:53
aa0f6c,N74737,United States,37.3333,-121.818,,0.0,233.44,True,2026-03-11 17:43:53
a6d5b1,JNY54,United States,39.6627,-96.4686,13716.0,285.36,75.49,False,2026-03-11 17:43:53
a5c8fc,ERU472,United States,29.2624,-81.3585,845.82,59.68,359.51,False,2026-03-11 17:43:53
a445f2,UAL2271,United States,47.7,-122.1503,2087.88,147.61,349.36,False,2026-03-11 17:43:53
a6d5b2,N54BF,United States,40.1277,-111.6428,1333.5,38.45,347.64,False,2026-03-11 17:43:53
a445f8,DAL1915,United States,32.643,-84.8522,10668.0,241.8,143.74,False,2026-03-11 17:43:53
a2424d,N2448B,United States,35.9704,-115.1206,975.36,52.97,187.82,False,2026-03-11 17:43:53
c03b2d,CFWKQ,Canada,44.207,-80.5385,6751.32,84.59,311.05,False,2026-03-11 17:43:53
a4cb68,PFA327,United States,32.1283,-81.17,83.82,33.99,267.4,False,2026-03-11 17:43:53
a445f0,UAL2055,United States,38.9442,-77.45,,0.0,28.12,True,2026-03-11 17:43:53
a6bbc5,N533CA,United States,34.2128,-119.1054,1874.52,49.99,261.12,False,2026-03-11 17:43:53
ab34f3,DAL629,United States,35.428,-85.3335,9357.36,222.87,326.68,False,2026-03-11 17:43:53
0c217c,CMP440,Panama,25.5727,-80.2278,2339.34,144.72,209.85,False,2026-03-11 17:43:53
a2ebd7,N288BL,United States,28.2895,-81.876,274.32,52.23,152.43,False,2026-03-11 17:43:53
abd41a,RPA4471,United States,39.3926,-80.1918,10363.2,208.69,282.53,False,2026-03-11 17:43:53
a43eec,UAL2200,United States,41.5675,-75.8027,9845.04,211.34,290.82,False,2026-03-11 17:43:53
a43eea,UAL1117,United States,43.6549,-79.3143,11277.6,272.01,86.96,False,2026-03-11 17:43:53
a1d2dc,JBU133,United States,41.1418,-115.5355,10980.42,190.88,248.83,False,2026-03-11 17:43:53
aced2f,OZN932,United States,25.9984,-80.2695,91.44,32.43,91.82,False,2026-03-11 17:43:53
a43eed,UAL1189,United States,35.518,-121.0716,11277.6,242.25,128.01,False,2026-03-11 17:43:53
ac910f,ERU909,United States,29.4435,-81.1965,266.7,62.86,10.85,False,2026-03-11 17:43:53
a73e64,N566ND,United States,29.9595,-97.9309,1021.08,34.7,285.48,False,2026-03-11 17:43:53
aced21,ASA546,United States,31.4242,-116.0017,9974.58,246.14,138.98,False,2026-03-11 17:43:53
aa76cb,SWA539,United States,36.0764,-115.2178,1257.3,110.1,269.2,False,2026-03-11 17:43:53
aced23,AAL2451,United States,31.4263,-87.7729,10668.0,255.41,113.0,False,2026-03-11 17:43:53
a30bce,ASA327,United States,46.4025,-121.196,8473.44,273.7,124.59,False,2026-03-11 17:43:53
a1d2d1,N21648,United States,32.6731,-83.6746,205.74,41.32,71.11,False,2026-03-11 17:43:53
0c215f,CMP466,Panama,26.9628,-80.8936,10668.0,220.73,5.62,False,2026-03-11 17:43:53
a445d9,DAL1400,United States,38.7453,-90.3672,,1.8,233.44,True,2026-03-11 17:43:53
ac67fc,AAL2558,United States,29.3408,-90.3267,10675.62,250.77,130.26,False,2026-03-11 17:43:53
a73220,ASA1400,United States,45.7274,-120.1277,10401.3,279.86,126.55,False,2026-03-11 17:43:53
c04e63,CRN999,Canada,49.1819,-123.1682,,0.0,98.44,True,2026-03-11 17:43:53
ac3ac9,SWA3691,United States,39.6753,-93.7811,4671.06,162.61,238.32,False,2026-03-11 17:43:53
aced1c,PDT5842,United States,38.3634,-77.4832,9601.2,243.58,65.55,False,2026-03-11 17:43:53
a7d085,SKW5433,United States,33.7651,-115.1569,10058.4,238.5,110.58,False,2026-03-11 17:43:53
a6b096,N530BR,United States,37.8923,-113.3053,7924.8,123.78,346.54,False,2026-03-11 17:43:53
a027ca,SKW5687,United States,41.9719,-87.8972,,6.17,264.38,True,2026-03-11 17:43:53
ac41ab,SWA2318,United States,37.6201,-122.3728,,48.36,298.12,True,2026-03-11 17:43:53
a79ea8,DAL1134,United States,27.1266,-82.4315,9448.8,251.3,172.23,False,2026-03-11 17:43:53
aa1635,RPA3573,United States,38.7456,-90.3695,,0.0,36.56,True,2026-03-11 17:43:53
a87808,N645CH,United States,28.8062,-81.8066,1333.5,55.56,179.47,False,2026-03-11 17:43:53
a5c8ac,JJ72,United States,30.6426,-88.2393,571.5,48.29,284.18,False,2026-03-11 17:43:53
aa6fca,SWA754,United States,42.8597,-78.798,1493.52,113.39,198.52,False,2026-03-11 17:43:53
a74505,DAL146,United States,33.63,-84.4236,,0.0,295.31,True,2026-03-11 17:43:53
ac3adf,SWA3015,United States,33.8384,-118.1865,525.78,102.46,272.3,False,2026-03-11 17:43:53
abc12a,SWA3670,United States,40.7795,-73.8781,,0.9,30.94,True,2026-03-11 17:43:53
a4959a,ATN3321,United States,38.8456,-84.3548,2819.4,120.69,306.33,False,2026-03-11 17:43:53
adbdc9,DAL1063,United States,37.109,-87.0749,9441.18,228.58,162.18,False,2026-03-11 17:43:53
ace108,EJA929,United States,33.3457,-79.893,7254.24,211.33,212.88,False,2026-03-11 17:43:53
aecaa3,BGST331,United States,26.3885,-98.0602,2613.66,105.9,38.09,False,2026-03-11 17:43:53
a50549,RPA4371,United States,39.7922,-75.8887,6096.0,185.22,230.3,False,2026-03-11 17:43:53
ad0122,RGY937,United States,33.4839,-111.9906,1432.56,126.7,344.21,False,2026-03-11 17:43:53
aaad8f,SWA241,United States,30.0889,-90.2268,3025.14,147.75,316.69,False,2026-03-11 17:43:53
a18403,AAL2476,United States,35.4586,-105.8347,10058.4,240.96,70.68,False,2026-03-11 17:43:53
a6b07e,ASA516,United States,47.4144,-120.8007,6560.82,250.14,91.77,False,2026-03-11 17:43:53
aa76a8,SWA1507,United States,37.9693,-77.1994,4869.18,191.09,11.49,False,2026-03-11 17:43:53
a828c9,N62494,United States,36.0373,-79.5542,2484.12,88.22,94.35,False,2026-03-11 17:43:53
ac9d8a,N91158,United States,32.244,-83.4369,274.32,60.02,44.65,False,2026-03-11 17:43:53
c05512,JZA147,Canada,48.6731,-123.5515,449.58,75.05,106.32,False,2026-03-11 17:43:53
a3c558,N342GF,United States,26.6443,-81.3793,1005.84,89.53,223.14,False,2026-03-11 17:43:53
a54bab,SWA843,United States,35.3031,-110.5624,12496.8,250.52,101.61,False,2026-03-11 17:43:53
ad0d86,DAL2542,United States,30.1674,-89.7316,3070.86,154.86,247.95,False,2026-03-11 17:43:53
a4f871,STRSHP1,United States,25.9099,-80.349,251.46,68.54,86.56,False,2026-03-11 17:43:53
ac41ce,SWA1782,United States,30.0885,-97.743,960.12,112.3,117.86,False,2026-03-11 17:43:53
a4d200,N41CG,United States,36.2171,-99.8751,10058.4,230.91,55.07,False,2026-03-11 17:43:53
a3d87c,N347NA,United States,32.7783,-80.4979,11887.2,245.15,24.68,False,2026-03-11 17:43:53
a3627d,ENY3911,United States,30.4144,-103.7832,7924.8,240.17,232.22,False,2026-03-11 17:43:53
a49594,N395CF,United States,32.7836,-116.113,4183.38,138.95,293.34,False,2026-03-11 17:43:53
a4e538,RPA4613,United States,35.6884,-78.7105,10058.4,238.01,28.39,False,2026-03-11 17:43:53
a698e7,N524MK,United States,40.196,-74.1379,91.44,35.68,132.66,False,2026-03-11 17:43:53
a708bf,VOI7710,United States,33.7315,-117.3009,11574.78,207.73,314.3,False,2026-03-11 17:43:53
a3be6a,N340MJ,United States,35.1983,-111.6533,7620.0,125.39,85.53,False,2026-03-11 17:43:53
c018c8,JZA853,Canada,43.6812,-79.623,,6.94,317.81,True,2026-03-11 17:43:53
a36272,N317SR,United States,25.8654,-78.5994,2712.72,91.75,124.49,False,2026-03-11 17:43:53
abc14d,SWA2471,United States,40.9683,-88.3757,8732.52,158.12,221.83,False,2026-03-11 17:43:53
abba5f,ERU855,United States,29.2774,-81.1108,167.64,39.07,260.91,False,2026-03-11 17:43:53
a54bbf,CYO440,United States,33.2037,-95.4939,10614.66,244.73,70.35,False,2026-03-11 17:43:53
ad74f2,N9661G,United States,42.7146,-106.9161,2529.84,53.22,240.46,False,2026-03-11 17:43:53
acda41,EDV5459,United States,41.5531,-83.7893,6096.0,177.34,210.51,False,2026-03-11 17:43:53
ad5ae2,CMF1072,United States,42.0545,-71.7073,4983.48,81.28,216.51,False,2026-03-11 17:43:53
a36279,SKW3989,United States,41.8767,-92.3195,10668.0,193.66,174.97,False,2026-03-11 17:43:53
a1cd1d,N215LP,United States,40.1215,-74.9559,251.46,33.54,228.73,False,2026-03-11 17:43:53
a802fa,N615T,United States,37.7601,-119.9171,9898.38,226.42,261.24,False,2026-03-11 17:43:53
adbe91,JBU957,United States,35.5083,-108.6253,10363.2,211.95,261.06,False,2026-03-11 17:43:53
a4470e,ASA829,United States,44.9204,-102.475,11582.4,208.83,253.4,False,2026-03-11 17:43:53
a24dc1,ASA24,United States,39.0164,-100.5919,10668.0,271.61,73.04,False,2026-03-11 17:43:53
ac4279,SWA684,United States,37.4934,-108.1396,11277.6,251.46,63.64,False,2026-03-11 17:43:53
a9e899,N73784,United States,33.5109,-96.9773,1463.04,54.76,64.4,False,2026-03-11 17:43:53
a8658c,N640DF,United States,42.3338,-92.8957,4251.96,109.3,202.7,False,2026-03-11 17:43:53
a32746,EJM302,United States,38.2968,-83.8343,10134.6,256.92,133.38,False,2026-03-11 17:43:53
a04a49,DAL2958,United States,39.0796,-80.1405,10226.04,213.06,274.29,False,2026-03-11 17:43:53
a7326b,N563DS,United States,36.8393,-76.841,1508.76,81.14,43.72,False,2026-03-11 17:43:53
a3bda6,DAL1190,United States,26.6916,-80.3051,982.98,97.37,93.03,False,2026-03-11 17:43:53
a06461,AAL1985,United States,37.1991,-88.8543,9136.38,217.66,293.84,False,2026-03-11 17:43:53
a134d5,SKW3224,United States,34.9679,-118.9021,7437.12,195.83,330.4,False,2026-03-11 17:43:53
a32734,ERU302,United States,29.7783,-81.5245,1379.22,64.31,290.61,False,2026-03-11 17:43:53
a8a233,N6554B,United States,29.0037,-81.2575,320.04,61.14,120.88,False,2026-03-11 17:43:53
a014c9,AAL76,United States,47.7281,-99.6103,10363.2,207.57,261.45,False,2026-03-11 17:43:53
adab81,N980DT,United States,50.4728,-112.7136,7368.54,160.21,298.38,False,2026-03-11 17:43:53
a06435,SKW5405,United States,29.0785,-95.5514,7810.5,183.24,208.51,False,2026-03-11 17:43:53
a04a0a,N118BF,United States,40.138,-111.6575,1272.54,30.63,310.91,False,2026-03-11 17:43:53
a16a02,AAL3131,United States,32.7048,-116.8262,1722.12,134.7,251.98,False,2026-03-11 17:43:53
a0c739,N1495U,United States,32.788,-117.1163,304.8,37.04,0.0,False,2026-03-11 17:43:53
a8c88f,UAL123,United States,44.6192,-71.8306,9144.0,224.6,222.87,False,2026-03-11 17:43:53
a7e2ff,N607TX,United States,37.6361,-97.2377,838.2,71.02,7.07,False,2026-03-11 17:43:53
a17d1c,N1950F,United States,36.241,-115.2333,762.0,43.15,129.19,False,2026-03-11 17:43:53
a54d0a,OXF1296,United States,33.4406,-111.7609,495.3,41.47,52.56,False,2026-03-11 17:43:53
a9c212,N728JF,United States,33.7803,-84.2845,609.6,59.22,78.98,False,2026-03-11 17:43:53
a54d26,OXF3966,United States,33.4703,-111.7083,518.16,40.51,107.74,False,2026-03-11 17:43:53
a97251,ASA326,United States,47.3933,-121.4093,4229.1,218.06,102.4,False,2026-03-11 17:43:53
a54d25,OXF3867,United States,32.6457,-111.4749,1889.76,44.25,359.33,False,2026-03-11 17:43:53
a1973f,N201RP,United States,34.4916,-118.3834,1645.92,70.32,67.19,False,2026-03-11 17:43:53
a00df8,N102UV,United States,37.33,-79.9389,579.12,60.8,47.4,False,2026-03-11 17:43:53
0d04fd,TAA430,Mexico,34.2036,-89.7859,4236.72,109.43,231.3,False,2026-03-11 17:43:53
a00df9,AAL3321,United States,35.4343,-83.3382,10149.84,207.19,285.55,False,2026-03-11 17:43:53
ac429b,SWA639,United States,35.5675,-108.3049,11582.4,211.65,257.08,False,2026-03-11 17:43:53
a0ad1b,UAL1185,United States,27.1656,-111.865,11887.2,231.88,141.76,False,2026-03-11 17:43:53
a0ad1d,UAL2294,United States,42.5272,-91.4547,9357.36,260.31,90.0,False,2026-03-11 17:43:53
a85e6e,WIS300,United States,43.7213,-88.5439,1097.28,69.45,337.8,False,2026-03-11 17:43:53
a05162,N12AJ,United States,28.5816,-81.2678,11117.58,164.28,351.72,False,2026-03-11 17:43:53
c066fb,ACA141,Canada,44.5186,-80.3794,6454.14,193.63,318.99,False,2026-03-11 17:43:53
a35aae,AAL2456,United States,34.0886,-83.2908,10972.8,190.66,235.11,False,2026-03-11 17:43:53
a60b77,EJA489,United States,30.5001,-91.2743,11887.2,256.89,48.33,False,2026-03-11 17:43:53
a254da,UAL7,United States,30.6664,-95.2713,5105.4,228.66,23.05,False,2026-03-11 17:43:53
a802c0,EJA615,United States,34.4094,-96.5009,12496.8,242.84,89.27,False,2026-03-11 17:43:53
a1d44e,SWA4019,United States,42.255,-71.429,10363.2,219.0,215.63,False,2026-03-11 17:43:53
a28a53,MXY869,United States,32.0004,-81.2359,10058.4,228.29,3.36,False,2026-03-11 17:43:53
a29d84,N268JG,United States,38.9221,-119.787,1684.02,45.89,183.86,False,2026-03-11 17:43:53
a2b7f5,UAL2375,United States,42.3155,-110.9726,10668.0,289.35,114.7,False,2026-03-11 17:43:53
a73e80,GRB931,United States,34.6674,-111.0649,13098.78,215.18,272.06,False,2026-03-11 17:43:53
a9854e,AAL1842,United States,33.672,-83.5887,10043.16,261.89,67.11,False,2026-03-11 17:43:53
a1cd4e,ENY3614,United States,40.2385,-96.9335,7315.2,208.37,0.71,False,2026-03-11 17:43:53
ab9737,N846MA,United States,32.3848,-84.1425,6400.8,149.54,32.92,False,2026-03-11 17:43:53
c053ba,ASP501,Canada,43.144,-83.5329,1912.62,138.91,150.49,False,2026-03-11 17:43:53
ab7d21,N8397L,United States,40.742,-113.5453,2430.78,43.36,265.24,False,2026-03-11 17:43:53
a7dbaa,SKW6041,United States,43.0719,-115.0836,6545.58,225.26,136.57,False,2026-03-11 17:43:53
a0faf3,AAL1326,United States,36.623,-90.8871,9464.04,268.83,83.3,False,2026-03-11 17:43:53
c053c8,ASP609,Canada,26.7956,-80.8025,2819.4,139.06,87.24,False,2026-03-11 17:43:53
a9e868,N7377Q,United States,26.1645,-81.7455,167.64,51.51,320.27,False,2026-03-11 17:43:53
a85e61,N6384J,United States,28.0311,-81.1411,1600.2,51.97,121.64,False,2026-03-11 17:43:53
a17150,,United States,31.3601,-85.496,358.14,57.48,135.73,False,2026-03-11 17:43:53
a35ab8,EDV4921,United States,29.1112,-95.7461,10668.0,274.01,63.34,False,2026-03-11 17:43:53
ab34a7,AAL385Q,United States,44.8426,-93.4011,1935.48,151.95,208.73,False,2026-03-11 17:43:53
a4473b,N375JW,United States,37.7873,-83.9456,2743.2,114.61,49.73,False,2026-03-11 17:43:53
a0fac3,SKW5617,United States,33.9646,-116.4966,1805.94,139.95,91.05,False,2026-03-11 17:43:53
a8c855,N665RT,United States,27.5209,-80.3985,274.32,56.11,272.1,False,2026-03-11 17:43:53
a8ae2e,PDT6072,United States,33.6457,-86.6048,1661.16,96.33,188.91,False,2026-03-11 17:43:53
a1d433,ASA867,United States,37.372,-124.0975,9761.22,218.21,249.0,False,2026-03-11 17:43:53
adb29c,ASA183,United States,39.6353,-119.7361,10972.8,215.7,348.58,False,2026-03-11 17:43:53
a59b9c,SWA1368,United States,33.0026,-96.7227,1219.2,136.15,167.12,False,2026-03-11 17:43:53
a7e2d1,N607SA,United States,31.9454,-97.7213,1988.82,71.38,195.04,False,2026-03-11 17:43:53
c0068f,GLR2720,Canada,50.378,-99.1586,6111.24,125.58,293.41,False,2026-03-11 17:43:53
a387f0,JBU922,United States,42.2172,-71.0762,876.3,115.35,19.0,False,2026-03-11 17:43:53
a96b0b,KAP763,United States,42.3647,-71.0087,,9.26,292.5,True,2026-03-11 17:43:53
a1cd55,AAY728,United States,41.7336,-101.5533,10675.62,251.17,50.74,False,2026-03-11 17:43:53
aa0e90,KAP412,United States,41.5549,-70.4445,426.72,68.12,216.09,False,2026-03-11 17:43:53
a98539,DAL392,United States,35.8564,-104.1027,11277.6,242.85,77.02,False,2026-03-11 17:43:53
a2075a,N23NG,United States,42.032,-93.7272,12496.8,275.27,90.96,False,2026-03-11 17:43:53
a24deb,N248CB,United States,33.95,-117.4347,152.4,0.0,286.88,True,2026-03-11 17:43:53
a8ae3d,VAR659,United States,33.4045,-112.5806,510.54,80.6,65.89,False,2026-03-11 17:43:53
a8ae3e,AAL2187,United States,26.8004,-97.5087,10972.8,198.59,180.74,False,2026-03-11 17:43:53
a7dbcd,NEW605,United States,36.8231,-75.9832,12192.0,220.87,206.86,False,2026-03-11 17:43:53
a17d89,COL1953,United States,43.0871,-90.728,5692.14,192.82,334.39,False,2026-03-11 17:43:53
a7e2af,EJA607,United States,42.9582,-87.8988,,0.0,272.81,True,2026-03-11 17:43:53
ab34c8,N821CD,United States,38.9867,-96.4674,9723.12,140.72,266.44,False,2026-03-11 17:43:53
a6127b,N4900L,United States,33.9362,-116.9772,1592.58,46.29,104.81,False,2026-03-11 17:43:53
a254d8,UAL79,United States,42.1073,-75.3517,9395.46,244.74,329.28,False,2026-03-11 17:43:53
c1e9f1,EL18,Canada,51.1131,-114.0021,,0.06,140.62,True,2026-03-11 17:43:53
a4caba,DAL195,United States,42.4805,-63.3282,10972.8,232.36,256.95,False,2026-03-11 17:43:53
aa01b5,N744DD,United States,40.4782,-72.8558,3078.48,115.74,43.2,False,2026-03-11 17:43:53
ad38bf,DAL2380,United States,33.6322,-84.4782,762.0,97.42,246.01,False,2026-03-11 17:43:53
a494eb,UAL453,United States,38.945,-77.4495,,0.0,357.19,True,2026-03-11 17:43:53
ab1b36,N81441,United States,41.3817,-73.4439,762.0,61.79,357.61,False,2026-03-11 17:43:53
a4478d,DAL1226,United States,44.9527,-94.449,7170.42,195.3,273.32,False,2026-03-11 17:43:53
a5b764,ASA509,United States,48.0285,-112.3338,10363.2,179.19,256.72,False,2026-03-11 17:43:53
a0519f,N12CV,United States,42.076,-122.4749,10660.38,188.9,173.75,False,2026-03-11 17:43:53
a2da60,AAY1286,United States,40.4895,-89.5784,6606.54,191.91,324.05,False,2026-03-11 17:43:53
a77a04,N581EA,United States,32.2188,-103.4359,6096.0,127.98,261.45,False,2026-03-11 17:43:53
a3fa60,N35543,United States,32.6868,-96.8668,220.98,30.35,180.0,False,2026-03-11 17:43:53
aa01a6,CAP843,United States,25.6525,-80.4351,,6.69,143.44,True,2026-03-11 17:43:53
a2da59,ENY3928,United States,30.3846,-103.8274,7924.8,235.75,232.18,False,2026-03-11 17:43:53
a72aa1,N561A,United States,25.8379,-79.2861,3756.66,99.3,293.51,False,2026-03-11 17:43:53
a97dc1,N710TL,United States,29.6019,-81.5536,1432.56,32.43,88.18,False,2026-03-11 17:43:53
a997cc,DAL329,United States,34.4192,-108.2974,10972.8,219.68,270.67,False,2026-03-11 17:43:53
a47ad2,UPS2957,United States,37.2003,-91.5885,11277.6,277.19,96.82,False,2026-03-11 17:43:53
ac3b0f,SWA194,United States,35.492,-106.1213,10668.0,241.93,69.33,False,2026-03-11 17:43:53
a5413a,EJM8,United States,38.465,-115.2917,11277.6,267.28,92.65,False,2026-03-11 17:43:53
a67452,DAL367,United States,43.4734,-98.179,10668.0,273.77,76.75,False,2026-03-11 17:43:53
a31486,EDV5352,United States,33.6242,-84.434,,8.75,354.38,True,2026-03-11 17:43:53
a12f07,UAL686,United States,33.8517,-102.8381,10058.4,257.12,124.07,False,2026-03-11 17:43:53
a12f09,UAL8125,United States,36.68,-95.4923,10363.2,185.66,206.49,False,2026-03-11 17:43:53
a35af8,AAL1673,United States,33.4448,-112.194,1965.96,124.62,309.47,False,2026-03-11 17:43:53
a494e9,UAL254,United States,42.2859,-88.2895,3086.1,175.61,130.13,False,2026-03-11 17:43:53
ac3b32,SWA4768,United States,27.9839,-82.5319,,0.0,225.0,True,2026-03-11 17:43:53
ab1b3e,UAL1414,United States,36.982,-85.3739,10058.4,238.19,157.26,False,2026-03-11 17:43:53
a04a8d,N118GM,United States,41.8308,-111.8469,1600.2,43.74,1.35,False,2026-03-11 17:43:53
a23af9,CXK594,United States,39.5587,-104.8528,1691.64,39.64,357.77,False,2026-03-11 17:43:53
a78d73,DAL1208,United States,30.1868,-82.2393,7924.8,249.06,158.68,False,2026-03-11 17:43:53
c066f4,ACA2410,Canada,42.3087,-85.5456,8458.2,260.36,91.13,False,2026-03-11 17:43:53
a864c0,N64VC,United States,32.0511,-111.1682,2065.02,81.19,146.11,False,2026-03-11 17:43:53
a5b785,N468C,United States,33.8237,-79.6543,3413.76,78.91,32.76,False,2026-03-11 17:43:53
ac18fe,,United States,32.8811,-97.049,,6.94,180.0,True,2026-03-11 17:43:53
a31472,AAY202,United States,30.09,-81.5115,7597.14,224.68,352.5,False,2026-03-11 17:43:53
a7942b,N588FP,United States,32.1377,-82.2969,1676.4,130.05,131.95,False,2026-03-11 17:43:53
aab2c5,N789JH,United States,40.1899,-104.0219,1912.62,93.86,224.11,False,2026-03-11 17:43:53
a65a4d,N5082G,United States,33.648,-83.8427,457.2,52.94,124.31,False,2026-03-11 17:43:53
a2ed5a,SKW3735,United States,47.4612,-122.3062,,3.34,0.0,True,2026-03-11 17:43:53
c053b4,ASP655,Canada,36.7282,-114.319,13106.4,218.34,27.05,False,2026-03-11 17:43:53
a17170,AAL3063,United States,37.0122,-75.9426,8839.2,242.04,29.13,False,2026-03-11 17:43:53
a1ba59,RPA5828,United States,40.4104,-74.2318,2575.56,165.89,44.25,False,2026-03-11 17:43:53
a494c5,UAL2374,United States,33.5202,-114.3731,8854.44,234.98,103.03,False,2026-03-11 17:43:53
a54169,LXJ438,United States,32.8927,-97.1477,3878.58,172.87,257.45,False,2026-03-11 17:43:53
abd2a9,VTE3052,United States,38.1789,-88.8127,3009.9,115.55,200.05,False,2026-03-11 17:43:53
ac4e85,UAL1107,United States,31.0584,-99.4347,7848.6,242.82,114.94,False,2026-03-11 17:43:53
a2b919,ASA704,United States,39.1291,-119.148,10668.0,255.76,135.9,False,2026-03-11 17:43:53
a4e4a3,SKW3117,United States,33.7039,-115.956,9471.66,223.72,45.28,False,2026-03-11 17:43:53
a076c6,N129SW,United States,26.5919,-80.0818,-15.24,30.15,154.75,False,2026-03-11 17:43:53
aa5d23,SKW4781,United States,41.3055,-86.1407,7414.26,192.28,301.99,False,2026-03-11 17:43:53
a339b4,DAL2711,United States,36.2192,-78.9836,10660.38,251.28,55.59,False,2026-03-11 17:43:53
adc531,AAL2516,United States,33.1571,-82.1051,7620.0,259.2,10.75,False,2026-03-11 17:43:53
a9d59a,UAL1505,United States,45.9699,-116.8065,10668.0,277.55,125.72,False,2026-03-11 17:43:53
a3d7dc,FFT1829,United States,36.4162,-107.0643,10347.96,219.84,249.02,False,2026-03-11 17:43:53
ab82e2,N8405B,United States,32.9118,-97.634,975.36,27.34,258.06,False,2026-03-11 17:43:53
ac9be4,N911RL,United States,33.6761,-95.4512,1524.0,119.66,64.54,False,2026-03-11 17:43:53
a517dc,RPA4418,United States,35.744,-81.9589,3375.66,155.05,216.91,False,2026-03-11 17:43:53
a1360a,N17732,United States,32.8995,-86.1602,2987.04,106.85,349.18,False,2026-03-11 17:43:53
ac4237,SWA676,United States,33.8486,-109.0305,10972.8,198.48,310.59,False,2026-03-11 17:43:53
ac5569,AAL2007,United States,33.2041,-84.446,10058.4,263.32,49.12,False,2026-03-11 17:43:53
abdeec,AAL903,United States,41.9736,-87.8999,,0.0,278.44,True,2026-03-11 17:43:53
a757ae,AAL2366,United States,35.2059,-105.9711,9753.6,217.21,265.65,False,2026-03-11 17:43:53
ac3b51,SWA3992,United States,27.4607,-82.7412,7505.7,227.46,158.37,False,2026-03-11 17:43:53
ad8895,AAL2353,United States,32.1584,-107.664,11277.6,240.53,99.6,False,2026-03-11 17:43:53
c079a6,TSC253,Canada,46.384,-69.2437,11582.4,189.04,251.27,False,2026-03-11 17:43:53
a67416,VAR515,United States,33.4371,-112.6856,266.7,37.56,180.78,False,2026-03-11 17:43:53
a2919a,,United States,47.4448,-122.3062,,5.4,331.88,True,2026-03-11 17:43:53
a4f7cb,RPA4776,United States,39.0574,-77.2249,853.44,93.7,148.93,False,2026-03-11 17:43:53
a3b1a0,UPS5196,United States,36.7746,-87.5229,11582.4,186.98,257.61,False,2026-03-11 17:43:53
a18fbd,N20AU,United States,32.614,-85.4331,,0.06,180.0,True,2026-03-11 17:43:53
a219d4,N23407,United States,34.2185,-84.3099,1127.76,60.28,153.65,False,2026-03-11 17:43:53
a05cc7,SKW5484,United States,30.4304,-89.3834,10363.2,186.48,229.59,False,2026-03-11 17:43:53
a076a8,N129RR,United States,33.1605,-113.2627,1287.78,56.48,228.32,False,2026-03-11 17:43:53
ac3b78,SWA669,United States,42.9372,-78.7315,,5.92,64.69,True,2026-03-11 17:43:53
a7dd01,N6056E,United States,37.1071,-77.5866,2042.16,87.0,28.23,False,2026-03-11 17:43:53
c079d5,WJA2200,Canada,31.8618,-100.5127,11269.98,260.26,154.6,False,2026-03-11 17:43:53
aa7718,SWA4078,United States,37.532,-93.614,11582.4,173.94,242.9,False,2026-03-11 17:43:53
ad6e97,N9649B,United States,37.0629,-78.926,1203.96,50.34,191.2,False,2026-03-11 17:43:53
adab31,AAL2282,United States,36.0258,-91.336,10668.0,260.84,74.68,False,2026-03-11 17:43:53
a3bdee,N340GK,United States,30.2257,-89.8025,2087.88,91.69,29.59,False,2026-03-11 17:43:53
adab38,TAI324,United States,31.1599,-89.2313,10675.62,251.58,0.7,False,2026-03-11 17:43:53
a54d4e,OXF1791,United States,33.4564,-111.737,358.14,35.19,52.13,False,2026-03-11 17:43:53
a67439,N515CE,United States,41.4024,-72.3301,899.16,76.53,157.05,False,2026-03-11 17:43:53
a504e0,N422US,United States,26.6675,-81.9878,243.84,45.81,57.38,False,2026-03-11 17:43:53
a0161a,N1041Q,United States,33.2061,-111.797,914.4,53.38,349.45,False,2026-03-11 17:43:53
a2da6a,BPX283,United States,29.7745,-81.3,822.96,41.95,246.89,False,2026-03-11 17:43:53
ae58fa,BRCAT03,United States,33.2767,-104.1938,2286.0,131.16,242.43,False,2026-03-11 17:43:53
ad12e0,SWA755,United States,28.6036,-81.2958,838.2,112.13,132.77,False,2026-03-11 17:43:53
abd2e6,DAL931,United States,35.5512,-87.7655,10363.2,234.74,334.84,False,2026-03-11 17:43:53
a9d599,N73250,United States,33.1112,-83.294,548.64,48.02,44.13,False,2026-03-11 17:43:53
a4213f,N3650H,United States,31.3467,-97.4201,1036.32,84.31,16.67,False,2026-03-11 17:43:53
a12f6d,UAL503,United States,42.9706,-83.7236,8534.4,205.45,257.56,False,2026-03-11 17:43:53
acdb7c,ASI137,United States,33.8508,-112.0642,1280.16,53.65,145.55,False,2026-03-11 17:43:53
a12f6f,UAL556,United States,33.6495,-84.4097,,3.34,345.94,True,2026-03-11 17:43:53
a6aa7f,N529BJ,United States,42.472,-71.3016,76.2,44.16,98.04,False,2026-03-11 17:43:53
a0acbb,UAL594,United States,38.8209,-81.9634,10363.2,234.76,355.6,False,2026-03-11 17:43:53
a0c6e5,N1493E,United States,40.9289,-74.4389,792.48,55.34,286.75,False,2026-03-11 17:43:53
a9c1c8,N728FG,United States,40.2998,-74.8128,358.14,46.2,44.55,False,2026-03-11 17:43:53
a05cf3,AAL3138,United States,37.5213,-87.9166,9144.0,198.62,245.03,False,2026-03-11 17:43:53
a00353,N10KY,United States,35.2547,-118.2124,2461.26,63.88,352.13,False,2026-03-11 17:43:53
a0fc32,N1625Q,United States,35.9531,-83.8618,502.92,43.84,4.04,False,2026-03-11 17:43:53
a9d4da,N7320J,United States,33.9517,-117.4406,152.4,8.37,280.62,False,2026-03-11 17:43:53
a12f75,UAL1983,United States,26.8319,-81.2408,7924.8,214.86,312.28,False,2026-03-11 17:43:53
a66193,N510BL,United States,27.8785,-81.5879,525.78,52.5,358.32,False,2026-03-11 17:43:53
a709a9,BPX250,United States,29.3108,-81.2483,533.4,49.46,333.43,False,2026-03-11 17:43:53
a2ffc2,N29230,United States,38.829,-104.217,2537.46,62.27,91.42,False,2026-03-11 17:43:53
a851f6,SKW5851,United States,37.091,-111.4539,11582.4,193.56,226.08,False,2026-03-11 17:43:53
a61f05,ASA313,United States,47.4612,-122.3062,,3.34,0.0,True,2026-03-11 17:43:53
a3c60d,AAL611,United States,28.4967,-77.3324,10972.8,251.0,141.91,False,2026-03-11 17:43:53
a699a1,AAL2808,United States,31.603,-89.7629,10530.84,270.06,66.66,False,2026-03-11 17:43:53
adc5ff,JBU434,United States,42.6669,-111.2559,10660.38,270.36,67.63,False,2026-03-11 17:43:53
a2b93a,JTL275,United States,31.9125,-91.8941,12496.8,236.99,102.92,False,2026-03-11 17:43:53
a12f7e,ASI176,United States,33.7796,-112.2976,1394.46,45.7,301.18,False,2026-03-11 17:43:53
a6aa6e,ASA9461,United States,47.4285,-121.5845,5875.02,221.28,91.47,False,2026-03-11 17:43:53
a339e0,FFT3231,United States,40.5858,-97.4357,9761.22,195.77,256.47,False,2026-03-11 17:43:53
abc292,AAL1035,United States,29.9531,-97.473,10363.2,208.89,180.85,False,2026-03-11 17:43:53
a1dfcc,N22MS,United States,39.1568,-78.1725,548.64,47.96,234.61,False,2026-03-11 17:43:53
ab1d05,FFL938,United States,38.0144,-113.4961,11277.6,217.83,108.73,False,2026-03-11 17:43:53
86d660,ANA179,Japan,37.6471,-125.0719,11574.78,223.35,277.94,False,2026-03-11 17:43:53
a709ae,BPX251,United States,29.3004,-81.3171,396.24,43.75,87.98,False,2026-03-11 17:43:53
abc29a,DAL383,United States,37.9546,-121.9232,3901.44,185.0,47.7,False,2026-03-11 17:43:53
a4cc00,SKW3300,United States,32.2457,-108.4918,10668.0,242.17,102.26,False,2026-03-11 17:43:53
a339d4,N307FD,United States,34.2164,-118.4951,,0.0,0.0,True,2026-03-11 17:43:53
0d055c,LET7443,Mexico,29.9962,-90.2614,,0.0,199.69,True,2026-03-11 17:43:53
a8fd5a,SKW3734,United States,40.4356,-82.3207,9197.34,239.64,339.39,False,2026-03-11 17:43:53
a12f52,UAL1192,United States,27.8256,-86.1311,10058.4,253.3,108.47,False,2026-03-11 17:43:53
a96ae3,ASA18,United States,44.8079,-92.5703,10668.0,252.86,120.84,False,2026-03-11 17:43:53
a87907,JIA5216,United States,38.8191,-77.107,1905.0,107.32,327.53,False,2026-03-11 17:43:53
ac5700,SWA3430,United States,32.4106,-84.3784,11277.6,231.55,181.15,False,2026-03-11 17:43:53
a4df1c,PFA254,United States,27.7406,-80.7769,1577.34,40.68,212.08,False,2026-03-11 17:43:53
a37616,DAL901,United States,36.9291,-91.4938,10675.62,262.46,100.27,False,2026-03-11 17:43:53
c00821,ACA2353,Canada,46.3906,-73.3484,7917.18,204.24,249.97,False,2026-03-11 17:43:53
a60c09,SWA2307,United States,36.1631,-119.1398,4526.28,167.09,338.89,False,2026-03-11 17:43:53
a87904,NKS2186,United States,38.5147,-77.5825,9753.6,209.43,222.11,False,2026-03-11 17:43:53
a4cc16,VLY73,United States,36.1406,-86.3923,358.14,76.41,50.74,False,2026-03-11 17:43:53
c03084,ASP877,Canada,33.5556,-114.1666,12115.8,233.86,94.8,False,2026-03-11 17:43:53
a24f3e,N248RR,United States,37.743,-120.7938,99.06,49.52,113.9,False,2026-03-11 17:43:53
a2b91b,N275AM,United States,39.3367,-104.5764,2392.68,52.56,86.63,False,2026-03-11 17:43:53
a0acaf,N1421X,United States,33.8248,-118.2526,1158.24,98.39,299.78,False,2026-03-11 17:43:53
a12f72,UAL1439,United States,37.6223,-122.3908,,8.23,61.88,True,2026-03-11 17:43:53
aafd11,MNL45,United States,37.5147,-122.2514,,0.0,315.0,True,2026-03-11 17:43:53
a01675,N1044A,United States,27.6361,-82.1428,739.14,38.86,83.16,False,2026-03-11 17:43:53
adabfe,JBU287,United States,34.1346,-117.2641,4846.32,182.53,251.77,False,2026-03-11 17:43:53
ab1d28,AAL2630,United States,33.9952,-102.1171,9753.6,224.58,281.36,False,2026-03-11 17:43:53
a0acb6,UAL2285,United States,40.4456,-114.4167,11277.6,264.37,85.09,False,2026-03-11 17:43:53
a13650,UAL661,United States,36.6478,-109.1914,11277.6,251.8,65.11,False,2026-03-11 17:43:53
aafd0a,JTZ807,United States,43.6306,-88.591,7620.0,204.8,141.83,False,2026-03-11 17:43:53
a0acff,,United States,37.4359,-112.3228,9121.14,183.79,237.11,False,2026-03-11 17:43:53
a23028,N240BR,United States,34.5245,-118.1546,3093.72,88.52,340.3,False,2026-03-11 17:43:53
a9d4b5,RPA3450,United States,42.9538,-85.8979,7574.28,244.52,87.95,False,2026-03-11 17:43:53
a9110e,N6832V,United States,35.1685,-106.7873,1798.32,42.35,40.07,False,2026-03-11 17:43:53
a48f5d,EJA393,United States,38.2303,-79.8116,9525.0,224.89,157.54,False,2026-03-11 17:43:53
a8fd3c,AAL2721,United States,32.0578,-106.646,10347.96,221.52,274.93,False,2026-03-11 17:43:53
a48321,DAL530,United States,38.6197,-100.2594,9144.0,188.36,281.34,False,2026-03-11 17:43:53
ab1d30,DAL57,United States,50.5772,-104.5872,11582.4,238.0,204.79,False,2026-03-11 17:43:53
aaadb2,SWA1975,United States,40.7088,-74.143,11277.6,214.69,6.05,False,2026-03-11 17:43:53
a73dfe,JBU22,United States,42.3659,-71.014,,0.0,298.12,True,2026-03-11 17:43:53
a37660,N322GM,United States,33.617,-111.9195,350.52,8.73,225.0,False,2026-03-11 17:43:53
ad7701,JBU919,United States,33.4163,-111.5248,9151.62,221.62,244.86,False,2026-03-11 17:43:53
a24369,RPA5835,United States,40.6869,-73.7223,297.18,63.44,210.72,False,2026-03-11 17:43:53
a48315,DAL2419,United States,43.5376,-119.0295,11277.6,263.79,156.43,False,2026-03-11 17:43:53
a0f02a,N16JN,United States,37.9414,-101.2436,13106.4,205.45,259.76,False,2026-03-11 17:43:53
a313bf,ENY3702,United States,39.862,-86.6962,10203.18,248.98,124.05,False,2026-03-11 17:43:53
ab97e6,UAL359,United States,29.2341,-98.6701,10980.42,203.56,204.17,False,2026-03-11 17:43:53
a23030,MXY783,United States,28.3114,-80.7598,6682.74,201.68,245.59,False,2026-03-11 17:43:53
aa5269,EJM764,United States,38.8167,-80.2326,7924.8,184.81,267.93,False,2026-03-11 17:43:53
c0301a,ASP686,Canada,32.7367,-77.7583,13716.0,175.89,6.04,False,2026-03-11 17:43:53
a2b983,N275ER,United States,37.8474,-87.6483,14325.6,183.43,258.19,False,2026-03-11 17:43:53
a7f765,JIA5224,United States,35.3321,-85.3289,10668.0,263.3,52.86,False,2026-03-11 17:43:53
a3d90a,AAL3207,United States,38.03,-110.1637,10972.8,188.25,274.07,False,2026-03-11 17:43:53
a92468,N6888J,United States,28.2015,-82.3576,121.92,53.41,144.01,False,2026-03-11 17:43:53
a5f1ca,UAL1089,United States,28.6397,-94.8222,8839.2,282.65,53.73,False,2026-03-11 17:43:53
aafd1f,DAL979,United States,38.0186,-110.6965,10675.62,268.81,61.91,False,2026-03-11 17:43:53
a313bb,N298FM,United States,38.7802,-98.8876,3261.36,74.09,37.67,False,2026-03-11 17:43:53
a7f762,NKS2882,United States,42.3613,-70.9799,274.32,69.62,79.35,False,2026-03-11 17:43:53
a37651,LXJ322,United States,41.5941,-71.8713,5113.02,197.36,68.12,False,2026-03-11 17:43:53
a0acdd,UAL1269,United States,40.3159,-96.676,12192.0,181.13,253.16,False,2026-03-11 17:43:53
a1dffb,N22PP,United States,38.8199,-76.9015,274.32,27.08,194.3,False,2026-03-11 17:43:53
a48304,N390CJ,United States,39.9916,-82.8726,335.28,55.2,274.28,False,2026-03-11 17:43:53
a23000,N240AA,United States,28.693,-81.2611,525.78,51.51,267.14,False,2026-03-11 17:43:53
ab0a26,N810JB,United States,28.9389,-82.1224,5265.42,204.26,179.13,False,2026-03-11 17:43:53
ac5746,SWA882,United States,33.4321,-111.9953,,2.57,90.0,True,2026-03-11 17:43:53
ab84c9,AAL3015,United States,43.384,-74.7307,9136.38,193.93,291.8,False,2026-03-11 17:43:53
a6b14a,SIS53,United States,35.2997,-87.9512,7155.18,232.39,25.71,False,2026-03-11 17:43:53
ab1116,N812DA,United States,28.5355,-81.7679,556.26,46.95,235.27,False,2026-03-11 17:43:53
ad14a3,AAL3090,United States,36.8157,-81.4543,10363.2,213.88,238.37,False,2026-03-11 17:43:53
ab1115,N812D,United States,35.385,-120.1509,2933.7,63.63,75.96,False,2026-03-11 17:43:53
a97dcb,DAL849,United States,33.6446,-84.4339,,4.89,78.75,True,2026-03-11 17:43:53
a7dd75,N6059R,United States,26.593,-80.0831,,5.66,337.5,True,2026-03-11 17:43:53
a23018,LN240B,United States,42.8851,-77.9736,5273.04,193.62,94.88,False,2026-03-11 17:43:53
a6b140,N530JL,United States,36.2114,-115.1875,,0.19,92.81,True,2026-03-11 17:43:53
a8fd2c,PDT5987,United States,40.7963,-89.9734,3977.64,166.16,328.03,False,2026-03-11 17:43:53
a446aa,DAL1811,United States,35.1362,-89.9944,10972.8,210.5,175.65,False,2026-03-11 17:43:53
a1235b,UAL2188,United States,37.0847,-96.693,9448.8,251.73,117.51,False,2026-03-11 17:43:53
a8ea18,N6736S,United States,43.4961,-116.4994,1348.74,94.65,349.67,False,2026-03-11 17:43:53
a8fd49,N679BJ,United States,35.6389,-79.436,2110.74,101.74,22.29,False,2026-03-11 17:43:53
a446b6,DAL2347,United States,29.6846,-78.5612,10668.0,218.5,6.49,False,2026-03-11 17:43:53
ad0db6,N940FS,United States,26.1132,-81.7621,609.6,39.18,119.93,False,2026-03-11 17:43:53
a997ea,N717VA,United States,32.7591,-83.0946,5989.32,143.75,322.27,False,2026-03-11 17:43:53
a8b4c8,TCF660,United States,29.1773,-80.9621,739.14,48.33,154.8,False,2026-03-11 17:43:53
a1d3b4,MXY171,United States,28.7633,-82.2608,4008.12,162.43,174.0,False,2026-03-11 17:43:53
a851c3,QXE2448,United States,38.8633,-121.67,1684.02,141.74,186.04,False,2026-03-11 17:43:53
a6c46f,EJA535,United States,40.4634,-79.9275,1409.7,87.94,310.49,False,2026-03-11 17:43:53
a0acf8,UAL2492,United States,36.0737,-115.108,617.22,85.4,269.31,False,2026-03-11 17:43:53
a0acf9,UAL2617,United States,31.3871,-92.228,10972.8,194.12,240.99,False,2026-03-11 17:43:53
a4d33f,RAX777,United States,36.9893,-79.6144,12199.62,204.47,313.98,False,2026-03-11 17:43:53
a05e02,UAL1949,United States,36.9277,-119.964,10972.8,208.21,327.41,False,2026-03-11 17:43:53
a5a3c1,N46221,United States,36.6679,-76.363,274.32,51.17,105.15,False,2026-03-11 17:43:53
a3c68c,UPS2941,United States,39.9541,-89.4728,11894.82,280.14,85.68,False,2026-03-11 17:43:53
a72c3b,EJM561,United States,37.7764,-107.8508,13716.0,260.55,92.49,False,2026-03-11 17:43:53
a4df7d,N413CF,United States,32.8136,-96.8446,335.28,30.29,20.9,False,2026-03-11 17:43:53
a66ce0,DAL510,United States,42.1423,-89.0974,10058.4,284.58,84.92,False,2026-03-11 17:43:53
a54cfb,OXF3571,United States,33.2262,-111.42,670.56,48.38,45.43,False,2026-03-11 17:43:53
a028aa,N1091M,United States,32.9972,-111.4261,1005.84,42.12,331.56,False,2026-03-11 17:43:53
ad0e2a,N940LH,United States,32.9382,-116.7687,2065.02,53.53,160.35,False,2026-03-11 17:43:53
a7f6aa,CBC612,United States,43.5002,-96.8057,815.34,102.23,130.1,False,2026-03-11 17:43:53
aaa224,SWA1326,United States,35.5694,-115.7489,4434.84,149.75,16.57,False,2026-03-11 17:43:53
ad6ec6,AAL1979,United States,37.1953,-103.3998,9753.6,211.37,250.37,False,2026-03-11 17:43:53
aac87b,SKW5369,United States,36.3547,-94.3736,8702.04,234.94,132.07,False,2026-03-11 17:43:53
ac8b2e,SWA1920,United States,29.0341,-111.0069,12496.8,239.89,147.43,False,2026-03-11 17:43:53
acee23,LFA685,United States,29.247,-81.4344,1272.54,49.4,351.62,False,2026-03-11 17:43:53
aaae79,ENY3845,United States,35.8626,-86.8295,10972.8,208.99,178.03,False,2026-03-11 17:43:53
a673cf,N5148V,United States,34.2612,-118.8015,1280.16,47.87,98.65,False,2026-03-11 17:43:53
a923a7,UAL1620,United States,41.9674,-87.9096,,9.26,98.44,True,2026-03-11 17:43:53
a97310,JBU1021,United States,40.1159,-73.5518,6179.82,192.8,206.98,False,2026-03-11 17:43:53
a923a9,UAL1799,United States,31.5904,-105.3806,8534.4,225.43,286.57,False,2026-03-11 17:43:53
a6399b,N50WR,United States,40.8679,-73.1192,609.6,44.92,299.5,False,2026-03-11 17:43:53
a7a956,JBU2983,United States,30.6126,-81.2076,10142.22,242.83,180.49,False,2026-03-11 17:43:53
aa4ac9,AAL2266,United States,37.1868,-97.8989,9159.24,235.37,200.34,False,2026-03-11 17:43:53
a6d6d8,N54P,United States,25.7733,-100.1088,,0.0,343.12,True,2026-03-11 17:43:53
ac8b33,N907WT,United States,35.722,-89.4387,10637.52,241.92,84.39,False,2026-03-11 17:43:53
acf510,N934FP,United States,30.2679,-99.5219,4572.0,166.81,142.14,False,2026-03-11 17:43:53
aa9a30,RPA3454,United States,43.2843,-81.2923,8839.2,254.67,89.31,False,2026-03-11 17:43:53
ac920a,EJA909,United States,38.8989,-74.5769,13106.4,197.67,222.79,False,2026-03-11 17:43:53
ac9233,,United States,43.1603,-96.5547,678.18,57.62,339.62,False,2026-03-11 17:43:53
a0a0dd,N14FJ,United States,40.2015,-74.1718,304.8,69.45,53.13,False,2026-03-11 17:43:53
ac0895,N8747X,United States,33.6505,-81.8291,1630.68,51.7,185.71,False,2026-03-11 17:43:53
ab7e99,N84MF,United States,44.1199,-94.664,2667.0,116.05,134.46,False,2026-03-11 17:43:53
ad0e61,AAL1053,United States,32.5101,-97.2307,6278.88,164.41,170.27,False,2026-03-11 17:43:53
abd559,SWA3415,United States,30.5457,-83.1145,11582.4,211.72,340.11,False,2026-03-11 17:43:53
aafbdf,AAL2759,United States,37.6703,-90.2154,12489.18,298.76,72.88,False,2026-03-11 17:43:53
aa5de7,N7670F,United States,34.2053,-118.4911,,7.46,177.19,True,2026-03-11 17:43:53
a540e3,AAL1472,United States,34.5318,-111.4422,9144.0,228.0,271.68,False,2026-03-11 17:43:53
a2a686,ASA9803,United States,33.6623,-117.9547,8587.74,227.05,151.0,False,2026-03-11 17:43:53
ace212,N92908,United States,30.6243,-87.0018,213.36,48.75,315.86,False,2026-03-11 17:43:53
ac9e77,DAL794,United States,36.5018,-113.1374,9753.6,213.04,248.76,False,2026-03-11 17:43:53
a12392,N1724U,United States,40.3454,-75.093,320.04,45.92,350.33,False,2026-03-11 17:43:53
a433d1,CNS515,United States,32.8569,-97.366,739.14,78.06,354.33,False,2026-03-11 17:43:53
aaa247,SWA3140,United States,35.9279,-86.485,3192.78,153.11,306.25,False,2026-03-11 17:43:53
ac55f3,UAL2606,United States,31.1728,-90.6322,10660.38,270.08,67.49,False,2026-03-11 17:43:53
a92fc3,N691PS,United States,40.109,-111.7537,1554.48,55.45,62.96,False,2026-03-11 17:43:53
a6b0a0,BYF6,United States,37.8183,-121.4391,335.28,43.8,93.37,False,2026-03-11 17:43:53
adc5b8,MTN8976,United States,41.3809,-73.2192,1828.8,68.04,249.65,False,2026-03-11 17:43:53
0c2061,CMP228,Panama,33.1158,-89.7612,10363.2,235.88,350.33,False,2026-03-11 17:43:53
ac8b43,EDV5533,United States,43.0089,-78.163,9144.0,205.63,259.48,False,2026-03-11 17:43:53
a5ec6c,CSQ481,United States,44.81,-68.8198,,0.0,0.0,True,2026-03-11 17:43:53
a3b398,ENY3980,United States,34.5628,-81.4161,10500.36,216.51,6.69,False,2026-03-11 17:43:53
a48f85,N393SG,United States,38.8895,-108.3425,9182.1,226.94,69.43,False,2026-03-11 17:43:53
a446eb,FFT1809,United States,36.0926,-76.5273,10972.8,227.91,204.54,False,2026-03-11 17:43:53
a2ecf3,AAY1416,United States,35.2684,-104.7845,10972.8,221.43,274.66,False,2026-03-11 17:43:53
ac42bf,SWA1057,United States,33.9687,-118.2386,754.38,90.74,262.83,False,2026-03-11 17:43:53
a7f6bf,LXJ612,United States,38.6278,-77.3628,1706.88,151.33,1.95,False,2026-03-11 17:43:53
aa77f3,N774AR,United States,38.1141,-111.9876,11582.4,178.1,7.8,False,2026-03-11 17:43:53
a4cc95,RPA4406,United States,40.7748,-73.8728,,1.29,39.38,True,2026-03-11 17:43:53
a0f04b,N16KW,United States,33.6155,-100.5668,4998.72,102.03,327.35,False,2026-03-11 17:43:53
a73348,JIA5543,United States,38.1077,-77.5682,3893.82,183.82,26.78,False,2026-03-11 17:43:53
a388a9,DAL1378,United States,26.1774,-81.0194,3131.82,158.09,130.12,False,2026-03-11 17:43:53
a4839f,N390JP,United States,30.5391,-86.6152,1158.24,74.71,273.16,False,2026-03-11 17:43:53
a4df56,ASA430,United States,43.8437,-116.1494,10668.0,283.68,124.58,False,2026-03-11 17:43:53
a73f35,SWA3403,United States,38.8005,-104.7007,,3.6,182.81,True,2026-03-11 17:43:53
a80fb2,N6186T,United States,28.0093,-81.7678,533.4,58.21,266.96,False,2026-03-11 17:43:53
a0ae0e,CST44,United States,37.2858,-76.107,10058.4,229.48,57.45,False,2026-03-11 17:43:53
c03c02,WJA1482,Canada,41.0217,-112.5428,11277.6,226.45,181.69,False,2026-03-11 17:43:53
a7a90d,N593FD,United States,28.6988,-82.2036,6705.6,133.38,309.52,False,2026-03-11 17:43:53
a67fba,LXJ518,United States,33.8487,-86.2412,13716.0,227.09,171.01,False,2026-03-11 17:43:53
aaa267,UAL580,United States,30.8718,-81.29,9890.76,242.9,178.54,False,2026-03-11 17:43:53
a7d196,CXK610,United States,32.4106,-97.6257,922.02,56.18,37.18,False,2026-03-11 17:43:53
a18512,N1974B,United States,37.6532,-97.7436,1912.62,72.94,207.29,False,2026-03-11 17:43:53
ad1560,JBU2677,United States,35.4738,-112.0025,9144.0,198.34,278.8,False,2026-03-11 17:43:53
a66cb8,N513BL,United States,28.0898,-81.9235,2065.02,68.03,356.53,False,2026-03-11 17:43:53
ad0e97,EJA940,United States,36.5336,-106.3082,10363.2,204.31,268.41,False,2026-03-11 17:43:53
a06544,N1242Z,United States,29.127,-82.3039,6240.78,229.12,174.07,False,2026-03-11 17:43:53
a63975,N50VC,United States,37.3279,-122.1001,1981.2,130.98,342.63,False,2026-03-11 17:43:53
a4df4b,CNS333,United States,29.2573,-82.138,4251.96,153.11,174.02,False,2026-03-11 17:43:53
abbb5a,EJA855,United States,26.6833,-80.111,-22.86,56.13,92.63,False,2026-03-11 17:43:53
a32814,EDV5278,United States,25.9136,-79.0165,10668.0,244.8,128.77,False,2026-03-11 17:43:53
a89a9f,N65329,United States,39.5272,-76.9662,792.48,56.75,45.0,False,2026-03-11 17:43:53
a829e9,COL625,United States,26.8519,-80.0686,1143.0,113.7,217.65,False,2026-03-11 17:43:53
adb2bd,N982BT,United States,33.228,-97.2096,464.82,44.25,178.67,False,2026-03-11 17:43:53
a5198f,N428CF,United States,32.3199,-97.432,922.02,67.32,6.58,False,2026-03-11 17:43:53
a9249c,UAL1026,United States,34.337,-101.147,9448.8,253.77,149.95,False,2026-03-11 17:43:53
a4df78,CAP2149,United States,44.5184,-93.4551,1272.54,43.84,234.07,False,2026-03-11 17:43:53
c0694e,CGNWV,Canada,51.1304,-97.1186,1272.54,66.95,357.36,False,2026-03-11 17:43:53
a7462b,N568RT,United States,25.2184,-81.3084,5875.02,106.81,13.37,False,2026-03-11 17:43:53
aa5da8,N767XT,United States,38.8179,-86.0389,11475.72,141.59,275.42,False,2026-03-11 17:43:53
a5afe6,N466AA,United States,33.3193,-97.3692,861.06,32.11,234.78,False,2026-03-11 17:43:53
abbb77,RPA4527,United States,36.9592,-76.1376,388.62,60.82,218.13,False,2026-03-11 17:43:53
a0f07a,N16MT,United States,35.5345,-82.5862,1173.48,73.58,159.54,False,2026-03-11 17:43:53
a148b9,EDV5483,United States,37.0991,-76.1885,10668.0,237.68,31.01,False,2026-03-11 17:43:53
aa77c0,SWA1538,United States,38.4785,-96.3635,6263.64,163.93,239.65,False,2026-03-11 17:43:53
abbb92,SCX621,United States,27.9427,-97.4429,6400.8,185.9,182.54,False,2026-03-11 17:43:53
a6e9cd,N54448,United States,33.9572,-84.6786,1493.52,28.76,243.43,False,2026-03-11 17:43:53
aa77b3,N7738Y,United States,34.2175,-118.4954,,6.94,98.44,True,2026-03-11 17:43:53
c03c04,WJA2394,Canada,47.8437,-112.3073,10668.0,259.39,162.93,False,2026-03-11 17:43:53
a85f20,UAL2030,United States,33.6546,-101.1756,10058.4,254.84,164.79,False,2026-03-11 17:43:53
a7efa2,N610KC,United States,29.1825,-82.2734,883.92,63.79,180.0,False,2026-03-11 17:43:53
a3ac77,DAL1015,United States,47.8776,-121.5603,4130.04,133.81,275.29,False,2026-03-11 17:43:53
a85f29,UAL1115,United States,26.5138,-81.7896,76.2,80.99,51.97,False,2026-03-11 17:43:53
a148c9,N182H,United States,40.3356,-104.6049,1630.68,48.1,57.67,False,2026-03-11 17:43:53
a75966,UAL2311,United States,35.2495,-80.9836,10668.0,270.07,54.61,False,2026-03-11 17:43:53
a553ce,UAL267,United States,42.1637,-94.4692,10668.0,272.25,76.23,False,2026-03-11 17:43:53
0c2094,CMP819,Panama,28.0235,-78.344,10668.0,217.3,6.12,False,2026-03-11 17:43:53
a96c96,DAL774,United States,43.756,-101.826,10972.8,195.15,295.28,False,2026-03-11 17:43:53
c041fa,CFC0549,Canada,49.836,-98.0398,1409.7,65.84,134.68,False,2026-03-11 17:43:53
a0b550,AAL2469,United States,33.645,-118.2691,3726.18,173.89,90.34,False,2026-03-11 17:43:53
a388e4,LXJ327,United States,44.6788,-93.2602,9692.64,200.21,310.94,False,2026-03-11 17:43:53
aa7816,N774CA,United States,28.7859,-81.2741,160.02,35.68,174.21,False,2026-03-11 17:43:53
a32867,SKW3779,United States,44.2879,-123.0877,9448.8,225.96,178.17,False,2026-03-11 17:43:53
a1bb23,N210SS,United States,26.9892,-80.3953,541.02,73.25,119.45,False,2026-03-11 17:43:53
a0fbb7,UAL2625,United States,35.3088,-101.7488,9448.8,244.34,150.9,False,2026-03-11 17:43:53
a31533,SWA3657,United States,40.0514,-95.0573,10972.8,177.07,245.82,False,2026-03-11 17:43:53
a9d687,N733DM,United States,39.3855,-104.5024,2506.98,57.29,184.64,False,2026-03-11 17:43:53
a32861,AAL1382,United States,32.9101,-97.0418,,13.38,90.0,True,2026-03-11 17:43:53
a84059,N63019,United States,29.0258,-82.1989,2529.84,50.86,172.44,False,2026-03-11 17:43:53
a5e090,N478TW,United States,40.6007,-112.0155,1554.48,40.07,15.64,False,2026-03-11 17:43:53
a24ef7,AAY889,United States,32.721,-84.4165,11277.6,227.94,178.97,False,2026-03-11 17:43:53
a12efc,CXK564,United States,41.1916,-112.0307,1424.94,48.87,0.6,False,2026-03-11 17:43:53
a72078,SGE67,United States,32.9925,-97.4763,495.3,34.14,353.95,False,2026-03-11 17:43:53
a42e13,DAL894,United States,36.087,-94.813,10363.2,209.08,280.2,False,2026-03-11 17:43:53
a24ef0,ENY3784,United States,38.7395,-77.2137,1988.82,130.17,270.91,False,2026-03-11 17:43:53
a910eb,N6831V,United States,33.7855,-111.8911,1859.28,48.23,56.31,False,2026-03-11 17:43:53
a9b030,MXTEST,United States,37.7965,-76.003,12192.0,227.44,214.12,False,2026-03-11 17:43:53
a3bebd,EJA340,United States,43.427,-116.6409,12192.0,236.82,154.94,False,2026-03-11 17:43:53
ace0d2,AAL2798,United States,41.6841,-117.087,10668.0,273.66,141.79,False,2026-03-11 17:43:53
a36ec4,ERU320,United States,29.3928,-81.0984,845.82,83.13,108.77,False,2026-03-11 17:43:53
aac811,NDU794,United States,32.8544,-111.394,1280.16,64.39,257.07,False,2026-03-11 17:43:53
a96c72,SKW245G,United States,41.8611,-86.8322,3611.88,180.9,336.72,False,2026-03-11 17:43:53
ab48aa,WWI82,United States,38.1073,-105.8224,12199.62,203.77,247.9,False,2026-03-11 17:43:53
ad639e,ASA308,United States,34.6404,-118.1191,7162.8,222.08,128.04,False,2026-03-11 17:43:53
a24ec1,SKW4811,United States,35.6193,-112.1049,8336.28,215.56,354.38,False,2026-03-11 17:43:53
a32844,ENY4176,United States,32.5951,-96.9505,1524.0,113.58,317.2,False,2026-03-11 17:43:53
a4480f,N375TH,United States,39.7449,-82.528,1569.72,110.92,68.79,False,2026-03-11 17:43:53
a9b007,JIA5087,United States,30.5796,-86.9794,3413.76,168.57,3.67,False,2026-03-11 17:43:53
a505ac,N4222A,United States,35.6903,-80.1714,2194.56,117.67,255.05,False,2026-03-11 17:43:53
a12ee0,UAL595,United States,40.6674,-74.4365,3893.82,164.06,355.68,False,2026-03-11 17:43:53
a135cb,UAL1998,United States,41.9659,-87.892,,3.6,185.62,True,2026-03-11 17:43:53
0ac9ef,AVA210,Colombia,34.7068,-77.4363,10668.0,230.46,24.39,False,2026-03-11 17:43:53
ab48bf,SKW3849,United States,43.0699,-75.7565,9136.38,200.23,271.91,False,2026-03-11 17:43:53
a9d66e,N733CM,United States,28.7537,-81.2582,243.84,46.37,266.82,False,2026-03-11 17:43:53
adb35c,JBU2223,United States,33.9913,-118.0149,1615.44,122.26,263.23,False,2026-03-11 17:43:53
ac308f,AAL229,United States,32.9799,-97.4124,3970.02,175.67,263.1,False,2026-03-11 17:43:53
a0788a,N12973,United States,39.5659,-77.0837,883.92,34.82,304.16,False,2026-03-11 17:43:53
a41b2f,ASI364,United States,33.6891,-112.0901,373.38,35.56,86.68,False,2026-03-11 17:43:53
ab48cc,SCX383,United States,26.9071,-82.3464,3901.44,170.71,153.13,False,2026-03-11 17:43:53
a05281,N12MW,United States,35.3424,-113.3542,8900.16,291.18,118.38,False,2026-03-11 17:43:53
ab6b02,AAL2489,United States,42.36,-71.0181,,0.0,22.5,True,2026-03-11 17:43:53
a9d63c,N733AM,United States,34.2717,-118.4266,335.28,32.81,138.81,False,2026-03-11 17:43:53
a1725f,N1923E,United States,43.6783,-91.3437,9448.8,239.5,130.12,False,2026-03-11 17:43:53
0c202c,CMP239,Panama,25.1336,-81.1686,9448.8,232.95,166.33,False,2026-03-11 17:43:53
a42e67,LND913,United States,37.0078,-120.4724,8229.6,187.82,102.82,False,2026-03-11 17:43:53
a923cf,UAL463,United States,28.5794,-82.8123,6522.72,206.4,351.69,False,2026-03-11 17:43:53
a30246,SKW4139,United States,33.4054,-112.7886,11277.6,240.51,92.7,False,2026-03-11 17:43:53
a35be6,N3151G,United States,34.9388,-116.3621,6705.6,113.97,247.72,False,2026-03-11 17:43:53
a5f385,N4828P,United States,37.3381,-121.8319,144.78,36.38,151.26,False,2026-03-11 17:43:53
aaae1b,SWA3402,United States,36.4228,-121.6419,8031.48,204.78,327.31,False,2026-03-11 17:43:53
a23bfb,RPA5643,United States,39.8763,-83.2536,10668.0,262.84,31.64,False,2026-03-11 17:43:53
a8fce3,N6788C,United States,35.9226,-98.629,2529.84,75.23,305.54,False,2026-03-11 17:43:53
a7f6f6,JBU987,United States,31.1937,-81.1898,10706.1,240.28,180.98,False,2026-03-11 17:43:53
a2e222,N285SD,United States,38.9519,-83.1724,7010.4,128.13,170.99,False,2026-03-11 17:43:53
a72c78,AAL1412,United States,32.3976,-97.6088,3177.54,157.98,47.11,False,2026-03-11 17:43:53
a495bf,DAL2849,United States,39.8569,-104.6834,,3.6,90.0,True,2026-03-11 17:43:53
0d0fbf,XARFE,Mexico,26.3464,-100.0968,2118.36,91.23,158.5,False,2026-03-11 17:43:53
a8af98,EJA659,United States,36.8772,-117.0352,10363.2,208.93,332.43,False,2026-03-11 17:43:53
a41b20,N36393,United States,41.4902,-72.8216,251.46,32.23,163.3,False,2026-03-11 17:43:53
a4d38a,N41UA,United States,36.1178,-86.6783,,2.06,188.44,True,2026-03-11 17:43:53
a0fbfa,UAL291,United States,43.483,-120.5663,10972.8,223.65,25.62,False,2026-03-11 17:43:53
a32893,AAL398R,United States,43.2166,-91.7063,9448.8,242.59,129.67,False,2026-03-11 17:43:53
a242c3,MXY292,United States,36.7922,-76.2544,10972.8,217.7,207.9,False,2026-03-11 17:43:53
a1c229,ENY3437,United States,32.9213,-81.3216,10363.2,242.46,168.0,False,2026-03-11 17:43:53
a41b0f,N3639L,United States,28.7846,-81.4185,495.3,54.21,94.9,False,2026-03-11 17:43:53
a7337e,EJA563,United States,42.4843,-104.1869,12496.8,257.27,112.21,False,2026-03-11 17:43:53
a04b6c,N118RK,United States,39.0195,-88.3316,12192.0,188.29,217.34,False,2026-03-11 17:43:53
aa63ed,ENY3633,United States,36.2628,-88.5337,9144.0,200.64,274.12,False,2026-03-11 17:43:53
ac9e2b,N912AT,United States,32.9204,-97.4047,335.28,34.68,327.72,False,2026-03-11 17:43:53
a9bc12,RPA3645,United States,38.5113,-85.7536,8580.12,211.98,161.17,False,2026-03-11 17:43:53
a362b2,AAL3229,United States,25.1705,-78.7152,8107.68,242.79,115.21,False,2026-03-11 17:43:53
ab22a3,N81640,United States,38.1876,-122.1905,1005.84,55.03,103.52,False,2026-03-11 17:43:53
ab35d2,AAY2713,United States,38.2513,-90.4172,11277.6,229.19,135.73,False,2026-03-11 17:43:53
a9e957,BL8FY,United States,30.2847,-87.6918,121.92,43.99,10.78,False,2026-03-11 17:43:53
a8a319,AAL2332,United States,36.1571,-77.4024,10972.8,215.81,218.13,False,2026-03-11 17:43:53
a2db21,SWA1471,United States,35.4843,-98.7393,11277.6,227.29,72.34,False,2026-03-11 17:43:53
abe82c,SWA454,United States,46.6573,-97.9507,10363.2,215.88,288.05,False,2026-03-11 17:43:53
a48ebb,EJM393,United States,35.1768,-82.3415,1562.1,109.59,180.81,False,2026-03-11 17:43:53
a375cc,JTL322,United States,27.341,-82.2056,9898.38,225.5,281.85,False,2026-03-11 17:43:53
ac55c1,N894SA,United States,41.07,-112.4426,2430.78,71.3,188.71,False,2026-03-11 17:43:53
a68805,N52QT,United States,33.2827,-95.052,3779.52,90.6,10.8,False,2026-03-11 17:43:53
a8af5f,NKS8801,United States,26.0661,-80.1847,83.82,61.74,90.48,False,2026-03-11 17:43:53
a29e5c,SKW4011,United States,38.0555,-103.0485,9144.0,191.96,271.54,False,2026-03-11 17:43:53
a793fd,DAL663,United States,38.2825,-102.8852,9151.62,202.49,281.28,False,2026-03-11 17:43:53
a96c47,EJA1951,United States,38.8454,-77.0446,,2.31,275.62,True,2026-03-11 17:43:53
aaae52,TAI368,United States,29.7066,-94.5851,2766.06,148.23,308.66,False,2026-03-11 17:43:53
a6b0bf,N530DG,United States,39.6108,-76.6891,251.46,28.74,44.27,False,2026-03-11 17:43:53
a1bb30,N210TE,United States,38.7739,-119.7175,3962.4,96.26,148.77,False,2026-03-11 17:43:53
a9cf55,MTN8977,United States,39.5991,-76.386,2148.84,107.08,60.97,False,2026-03-11 17:43:53
a1857f,N1977F,United States,33.8139,-118.1492,-68.58,28.81,271.02,False,2026-03-11 17:43:53
a04b92,SKW5491,United States,37.8652,-122.3492,3794.76,137.97,326.25,False,2026-03-11 17:43:53
0d0ff3,AMX455,Mexico,30.4244,-88.9328,12496.8,260.89,58.63,False,2026-03-11 17:43:53
aa5cf8,EJA767,United States,27.1792,-80.2254,,8.75,289.69,True,2026-03-11 17:43:53
abce31,N86TK,United States,38.6247,-75.3162,6096.0,130.8,198.58,False,2026-03-11 17:43:53
ac696c,SWA2056,United States,37.6075,-90.0562,8534.4,197.03,298.37,False,2026-03-11 17:43:53
ad7631,ASA555,United States,47.2865,-114.7343,10668.0,279.45,84.82,False,2026-03-11 17:43:53
ad7634,AAL2731,United States,32.8099,-97.0103,563.88,83.35,1.06,False,2026-03-11 17:43:53
a9e8c3,DOJ43,United States,33.6959,-85.463,8138.16,201.69,268.98,False,2026-03-11 17:43:53
ad6f3b,CFS8511,United States,47.4555,-122.3111,83.82,44.76,180.0,False,2026-03-11 17:43:53
ad1fcd,DAL3164,United States,33.637,-84.4346,,6.17,14.06,True,2026-03-11 17:43:53
a13704,N178BF,United States,40.875,-111.9276,1150.62,33.95,180.0,False,2026-03-11 17:43:53
a2e276,N285VN,United States,36.3346,-76.1753,525.78,54.57,8.13,False,2026-03-11 17:43:53
ad7639,DAL3118,United States,33.6319,-84.2119,1272.54,83.86,269.3,False,2026-03-11 17:43:53
acffbc,DAL3068,United States,33.6358,-84.4097,,5.92,90.0,True,2026-03-11 17:43:53
a53b69,SWA3833,United States,32.6718,-97.5717,7970.52,201.85,272.48,False,2026-03-11 17:43:53
acb963,N919PD,United States,40.5809,-73.5677,175.26,40.51,139.64,False,2026-03-11 17:43:53
a60bcb,UAL355,United States,38.5312,-100.4413,8237.22,257.36,108.29,False,2026-03-11 17:43:53
a745db,JIA5178,United States,32.3881,-80.9635,4732.02,204.67,72.29,False,2026-03-11 17:43:53
ac4f4c,SWA3978,United States,35.8829,-77.668,10972.8,224.56,218.21,False,2026-03-11 17:43:53
a8b5b2,JTZ660,United States,32.3211,-87.1731,10058.4,245.62,10.13,False,2026-03-11 17:43:53
aa5237,AAL837,United States,25.7465,-80.8709,5516.88,222.97,253.24,False,2026-03-11 17:43:53
a72bd1,N561ND,United States,39.9656,-105.0247,2179.32,55.03,48.41,False,2026-03-11 17:43:53
a732ae,GJS4603,United States,38.9442,-77.4455,,0.0,334.69,True,2026-03-11 17:43:53
a7e522,EJM608,United States,37.5347,-85.6358,12496.8,214.26,161.96,False,2026-03-11 17:43:53
adbf26,EJA985,United States,28.2074,-81.4134,1051.56,103.82,160.31,False,2026-03-11 17:43:53
a745d2,LFA324,United States,30.4053,-81.5128,426.72,44.66,204.5,False,2026-03-11 17:43:53
a5fef4,ASA1328,United States,45.8551,-120.3044,10668.0,268.88,125.97,False,2026-03-11 17:43:53
ac3c44,N888HH,United States,41.1631,-88.1227,13106.4,218.12,222.42,False,2026-03-11 17:43:53
ad6f2d,ERU965,United States,29.2794,-81.299,845.82,58.07,352.87,False,2026-03-11 17:43:53
a8b5ad,QXE2443,United States,46.3435,-122.6586,7886.7,191.0,6.34,False,2026-03-11 17:43:53
a6623a,N510JC,United States,44.3654,-123.1839,2506.98,97.97,176.09,False,2026-03-11 17:43:53
a65b4b,N5089R,United States,27.7499,-80.7931,944.88,44.29,182.66,False,2026-03-11 17:43:53
a90b22,N682F,United States,27.1021,-82.0852,579.12,63.05,201.54,False,2026-03-11 17:43:53
a13718,N178CA,United States,27.4078,-82.5692,-22.86,43.29,134.52,False,2026-03-11 17:43:53
ac6993,SWA4043,United States,31.4325,-103.8793,10972.8,224.48,284.74,False,2026-03-11 17:43:53
a97ee2,,United States,36.3696,-79.809,883.92,55.38,144.83,False,2026-03-11 17:43:53
acb953,AAL3022,United States,35.4774,-81.084,1440.18,116.48,108.27,False,2026-03-11 17:43:53
a8eb16,FDX3646,United States,39.7653,-90.4934,10066.02,287.71,82.91,False,2026-03-11 17:43:53
a5b899,N468PA,United States,36.9172,-110.3228,7315.2,107.29,204.35,False,2026-03-11 17:43:53
a6ab27,JBU126,United States,31.4047,-82.3699,10058.4,242.07,27.6,False,2026-03-11 17:43:53
ac06f5,UAL3877,United States,31.4945,-82.1887,8983.98,242.13,19.74,False,2026-03-11 17:43:53
ab96fc,N846JS,United States,26.6708,-81.3969,2171.7,139.99,181.68,False,2026-03-11 17:43:53
ab3681,N821VV,United States,34.6278,-118.5637,4937.76,118.36,337.78,False,2026-03-11 17:43:53
a72bda,JIA5397,United States,36.2553,-82.5435,10363.2,196.34,236.98,False,2026-03-11 17:43:53
ad1fee,KAP5483,United States,41.22,-73.2186,1219.2,53.55,188.29,False,2026-03-11 17:43:53
a65b74,CSI509,United States,32.0023,-106.4765,3139.44,116.24,286.19,False,2026-03-11 17:43:53
ab83e8,DAL2273,United States,41.8822,-101.6245,10668.0,279.87,89.58,False,2026-03-11 17:43:53
a7cb35,CYO601,United States,31.6457,-99.0298,9753.6,236.72,303.21,False,2026-03-11 17:43:53
a495ef,LXJ395,United States,41.4846,-87.7016,12496.8,209.62,165.79,False,2026-03-11 17:43:53
a732d9,JBU69,United States,28.9468,-79.1501,10363.2,242.23,189.04,False,2026-03-11 17:43:53
a9b088,AAL1944,United States,38.8566,-77.0422,,0.0,199.69,True,2026-03-11 17:43:53
aa15cc,AAL1664,United States,34.6675,-97.245,6096.0,167.05,209.72,False,2026-03-11 17:43:53
a242ee,N245DS,United States,36.2123,-115.2017,,5.14,75.94,True,2026-03-11 17:43:53
ac3c3d,N888HA,United States,36.3038,-115.3396,899.16,34.34,188.62,False,2026-03-11 17:43:53
ac4f6f,SWA2697,United States,33.4321,-111.9975,,0.19,87.19,True,2026-03-11 17:43:53
a65b65,N509AF,United States,40.6016,-74.825,1104.9,42.88,280.37,False,2026-03-11 17:43:53
a0b59d,DAL1293,United States,46.0222,-122.6594,9784.08,197.31,350.24,False,2026-03-11 17:43:53
acb989,EJA919,United States,35.7748,-105.9091,13106.4,208.14,313.6,False,2026-03-11 17:43:53
a5ebe4,N48068,United States,40.5575,-112.0283,1592.58,49.24,333.97,False,2026-03-11 17:43:53
ac90a8,,United States,41.983,-87.947,624.84,87.06,266.95,False,2026-03-11 17:43:53
86d602,TZP24,Japan,35.4022,-119.8832,11330.94,254.05,144.89,False,2026-03-11 17:43:53
a7de53,JBU1923,United States,36.2466,-77.1402,11247.12,230.11,196.9,False,2026-03-11 17:43:53
86cf16,ANA101,Japan,40.4092,-77.4423,8534.4,222.77,0.66,False,2026-03-11 17:43:53
c04ddc,WJA2974,Canada,29.4037,-95.1912,10363.2,188.81,233.75,False,2026-03-11 17:43:53
c054d1,THU880,Canada,48.4746,-89.3986,1074.42,106.71,111.49,False,2026-03-11 17:43:53
a7a8ed,DAL1090,United States,44.7607,-117.078,10363.2,176.37,306.1,False,2026-03-11 17:43:53
0d0fb1,LET5963,Mexico,30.5165,-95.5669,647.7,100.48,93.23,False,2026-03-11 17:43:53
ac90a0,PDT5806,United States,42.9428,-87.9071,,9.77,73.12,True,2026-03-11 17:43:53
abd3c7,AAL1067,United States,32.7445,-110.9082,11277.6,246.13,100.11,False,2026-03-11 17:43:53
ac4f92,SWA942,United States,31.2088,-88.7001,11277.6,264.45,101.9,False,2026-03-11 17:43:53
a54e58,N441AD,United States,39.2623,-119.3561,8229.6,181.14,138.57,False,2026-03-11 17:43:53
a5fec5,N4859F,United States,32.8679,-80.4948,487.68,52.45,291.28,False,2026-03-11 17:43:53
a327a4,N302KC,United States,34.0493,-117.0261,10675.62,259.43,103.18,False,2026-03-11 17:43:53
a077e8,N1293F,United States,43.586,-116.532,647.7,27.99,126.03,False,2026-03-11 17:43:53
a13748,DAL1503,United States,48.251,-89.8395,11582.4,202.71,269.27,False,2026-03-11 17:43:53
aa6533,RPA3447,United States,35.8531,-80.583,10058.4,262.79,53.76,False,2026-03-11 17:43:53
a5685b,N448AF,United States,39.1088,-121.5984,220.98,45.24,162.8,False,2026-03-11 17:43:53
ad6f93,JBU451,United States,42.3661,-71.0148,,0.0,213.75,True,2026-03-11 17:43:53
ab236f,LLN217,United States,32.8582,-97.3651,1066.8,76.9,171.92,False,2026-03-11 17:43:53
a5a511,CFR658,United States,39.2242,-122.3208,2080.26,80.13,347.39,False,2026-03-11 17:43:53
a04aa9,RPA4365,United States,40.3961,-73.9964,3619.5,143.56,243.16,False,2026-03-11 17:43:53
a9b06f,DAL884,United States,44.6358,-99.5435,11262.36,271.95,106.82,False,2026-03-11 17:43:53
abc0c1,SWA383,United States,32.7312,-117.1898,,0.0,225.0,True,2026-03-11 17:43:53
a66e3b,SKW6490,United States,32.6471,-111.5229,6804.66,207.45,136.81,False,2026-03-11 17:43:53
a81815,SKW6014,United States,37.7484,-122.2584,1744.98,134.64,345.17,False,2026-03-11 17:43:53
a1240a,UAL369,United States,37.6439,-120.8735,6873.24,186.84,261.29,False,2026-03-11 17:43:53
a4e5be,ASI230,United States,33.8275,-112.5036,1280.16,49.4,278.38,False,2026-03-11 17:43:53
a2e28f,SWA1890,United States,38.9888,-104.5426,8641.08,241.46,173.15,False,2026-03-11 17:43:53
aab3fe,SHERPA1,United States,32.9087,-111.4865,883.92,64.13,69.82,False,2026-03-11 17:43:53
aa0ec7,RPA3676,United States,38.3745,-76.7613,8229.6,218.03,78.98,False,2026-03-11 17:43:53
a3c5ea,DAL1367,United States,38.7095,-121.5797,76.2,76.79,3.46,False,2026-03-11 17:43:53
a8a391,FFT3975,United States,30.8342,-81.8882,8846.82,209.36,333.43,False,2026-03-11 17:43:53
ad5c83,N960DT,United States,30.8126,-86.0611,12192.0,217.71,271.76,False,2026-03-11 17:43:53
ac3053,SWA1252,United States,42.3836,-70.8484,1112.52,139.67,77.45,False,2026-03-11 17:43:53
a77b0e,EJA581,United States,42.6863,-91.1549,10126.98,271.61,86.53,False,2026-03-11 17:43:53
a7e509,DAL3060,United States,33.8047,-84.5471,2697.48,157.1,60.58,False,2026-03-11 17:43:53
a4cbc8,EJA408,United States,38.2721,-113.9103,13106.4,177.4,266.01,False,2026-03-11 17:43:53
a79531,N588SA,United States,45.2713,-123.1241,1737.36,110.36,355.99,False,2026-03-11 17:43:53
c00741,WJA668,Canada,50.4325,-98.9109,10668.0,255.05,94.86,False,2026-03-11 17:43:53
a11d08,N171BL,United States,30.8285,-88.3049,876.3,54.58,293.91,False,2026-03-11 17:43:53
a9739c,JIA5383,United States,36.6467,-92.4012,8229.6,269.22,60.84,False,2026-03-11 17:43:53
a56897,N448CR,United States,36.8969,-120.9613,3680.46,112.15,294.1,False,2026-03-11 17:43:53
a3c5fd,DAL737,United States,38.8487,-77.039,,3.86,326.25,True,2026-03-11 17:43:53
aa781f,CKS243,United States,34.9402,-95.8941,10058.4,236.14,140.66,False,2026-03-11 17:43:53
a7de16,FFT2026,United States,33.5476,-79.4804,10668.0,255.39,49.41,False,2026-03-11 17:43:53
a4e5f6,ASI553,United States,33.688,-112.0742,457.2,40.69,87.1,False,2026-03-11 17:43:53
a197ac,N201VY,United States,29.107,-81.7173,1135.38,71.57,92.47,False,2026-03-11 17:43:53
a4359b,UPS2989,United States,37.6033,-88.3052,8839.2,293.04,66.41,False,2026-03-11 17:43:53
a12403,UAL1672,United States,35.4621,-109.8282,10972.8,210.0,271.82,False,2026-03-11 17:43:53
a67555,ARF5PP,United States,36.1907,-84.1328,3329.94,100.71,74.9,False,2026-03-11 17:43:53
a7950f,EJA588,United States,30.1552,-92.8327,5173.98,199.92,86.75,False,2026-03-11 17:43:53
a9b053,BTQ863,United States,44.0832,-73.1527,5783.58,143.84,126.42,False,2026-03-11 17:43:53
a9c380,RPA3480,United States,38.8803,-76.5942,7620.0,218.03,52.67,False,2026-03-11 17:43:53
a1371d,N178CF,United States,40.4734,-79.6097,12199.62,212.39,191.88,False,2026-03-11 17:43:53
0ac9c3,AVA246,Colombia,29.911,-77.7233,11879.58,220.91,357.46,False,2026-03-11 17:43:53
a9607c,JRE703,United States,30.4123,-90.206,13098.78,212.16,274.73,False,2026-03-11 17:43:53
a09a01,N138ME,United States,38.0264,-122.0348,198.12,51.08,206.31,False,2026-03-11 17:43:53
a41b89,DAL796,United States,34.1978,-98.9265,9456.42,228.08,278.04,False,2026-03-11 17:43:53
