icao24,callsign,origin_country,latitude,longitude,altitude,velocity,heading,on_ground,timestamp
39de4f,TVF50SV,France,46.1472,-1.8997,11582.4,233.7,47.14,False,2026-03-11 17:43:30
4b1815,SWR9KF,Switzerland,47.4562,8.5619,,5.92,95.62,True,2026-03-11 17:43:30
39de4d,TVF11DL,France,46.4688,1.0026,11475.72,226.48,208.19,False,2026-03-11 17:43:30
440da5,EJU59DF,Austria,45.4336,-0.115,10980.42,231.97,23.67,False,2026-03-11 17:43:30
440da6,JAR37,Austria,51.6032,6.1264,411.48,64.83,277.29,False,2026-03-11 17:43:30
39de51,TVF47ZR,France,40.7725,-2.7566,4655.82,186.49,201.19,False,2026-03-11 17:43:30
39de53,TVF68HB,France,44.0094,1.4672,10957.56,212.2,355.13,False,2026-03-11 17:43:30
39de55,TVF3825,France,48.7273,2.4017,99.06,60.07,253.58,False,2026-03-11 17:43:30
39de54,TVF67QR,France,45.4395,6.7193,11887.2,231.49,136.98,False,2026-03-11 17:43:30
4b1804,SWR,Switzerland,47.4409,8.562,388.62,0.0,244.69,True,2026-03-11 17:43:30
4b1805,SWR5MT,Switzerland,47.4543,8.5575,,0.0,185.62,True,2026-03-11 17:43:30
ae018a,DOVE88,United States,48.7016,17.2216,10355.58,222.71,296.92,False,2026-03-11 17:43:30
4b1800,SWR5GM,Switzerland,48.1024,5.2922,12192.0,208.74,303.85,False,2026-03-11 17:43:30
4a2095,TOY15,Romania,45.1498,13.8354,12192.0,200.2,69.7,False,2026-03-11 17:43:30
4b1801,SWR3YA,Switzerland,48.827,3.6745,10972.8,219.81,318.7,False,2026-03-11 17:43:30
4952cb,TAP9117,Portugal,44.959,4.0464,10972.8,247.29,61.14,False,2026-03-11 17:43:30
4952cc,TAP1906,Portugal,37.4811,-8.6999,6705.6,169.01,312.04,False,2026-03-11 17:43:30
4952d0,TAP9119,Portugal,43.6793,1.3925,10972.8,240.35,53.18,False,2026-03-11 17:43:30
01de72,BNI9U,Libyan Arab Jamahiriya,51.6935,19.4614,1546.86,49.58,112.57,False,2026-03-11 17:43:30
4b181a,SWR589X,Switzerland,47.6596,8.8727,3131.82,135.5,168.39,False,2026-03-11 17:43:30
4b181b,SWR3PT,Switzerland,48.8029,4.0016,11567.16,218.07,310.98,False,2026-03-11 17:43:30
4b181c,SWR8VD,Switzerland,52.0467,-0.1307,11574.78,219.96,319.27,False,2026-03-11 17:43:30
440daf,EJU86JE,Austria,52.359,13.5255,76.2,62.68,249.33,False,2026-03-11 17:43:30
39de45,TVF8602,France,39.0678,6.6802,11871.96,232.92,157.4,False,2026-03-11 17:43:30
440db0,EJU31NE,Austria,45.7445,-3.8425,10988.04,219.31,17.75,False,2026-03-11 17:43:30
39de48,TVF70KA,France,49.0371,4.006,9906.0,250.89,66.43,False,2026-03-11 17:43:30
39de47,TVF19XR,France,45.6925,0.7845,11879.58,226.52,212.1,False,2026-03-11 17:43:30
39de49,TVF61UE,France,43.9085,-4.6058,11277.6,228.34,214.91,False,2026-03-11 17:43:30
39de40,TVF13QL,France,45.8468,-3.1153,11269.98,230.47,219.84,False,2026-03-11 17:43:30
39de42,TVF61KC,France,40.9993,-2.6539,11894.82,248.14,192.45,False,2026-03-11 17:43:30
407a01,LOG56LK,United Kingdom,53.6966,-2.5887,5806.44,169.89,157.01,False,2026-03-11 17:43:30
511187,MBU6TH,Estonia,41.2332,-5.9987,10965.18,218.88,42.24,False,2026-03-11 17:43:30
511188,CFG433,Estonia,44.8116,19.994,10980.42,224.73,326.67,False,2026-03-11 17:43:30
aad012,UAL927,United States,50.0465,8.5693,,0.06,205.31,True,2026-03-11 17:43:30
511189,MBU8TN,Estonia,46.6345,-0.9825,10988.04,236.54,43.41,False,2026-03-11 17:43:30
408162,SRG387,United Kingdom,50.713,-1.9608,45.72,34.1,56.07,False,2026-03-11 17:43:30
4acb03,NSZ8926,Sweden,37.9784,-2.8636,12496.8,239.41,226.22,False,2026-03-11 17:43:30
408166,LJC9,United Kingdom,43.1873,7.7106,13106.4,205.27,330.42,False,2026-03-11 17:43:30
4bc8c9,PGT882N,Turkey,46.9664,19.8467,11269.98,230.02,138.72,False,2026-03-11 17:43:30
488242,BNI2LH,Poland,51.7228,19.4071,,6.69,143.44,True,2026-03-11 17:43:30
4bc8c6,PGT95XG,Turkey,49.6991,9.21,11277.6,239.01,120.82,False,2026-03-11 17:43:30
4bc8c7,PGT1102,Turkey,40.7651,12.3353,10370.82,239.73,89.75,False,2026-03-11 17:43:30
40814c,GLMHA,United Kingdom,51.3569,3.5579,10386.06,228.57,288.23,False,2026-03-11 17:43:30
4952a9,TAP298,Portugal,36.9353,-8.2292,10485.12,207.84,322.85,False,2026-03-11 17:43:30
511173,NYX389P,Estonia,49.2973,18.5005,3352.8,135.04,340.87,False,2026-03-11 17:43:30
511171,MBU6KR,Estonia,41.6765,-5.6481,10972.8,214.29,24.84,False,2026-03-11 17:43:30
511170,MBU2VF,Estonia,39.3568,-8.0654,10972.8,214.21,39.35,False,2026-03-11 17:43:30
3c666b,DLH5JW,Germany,52.1493,13.1949,2987.04,143.41,157.21,False,2026-03-11 17:43:30
4bc8d6,PGT942,Turkey,46.3227,14.8664,10058.4,239.26,113.04,False,2026-03-11 17:43:30
471efa,WZZ3TF,Hungary,42.6381,4.3688,10668.0,221.64,226.79,False,2026-03-11 17:43:30
3d7f7a,DFUNI,Germany,49.5474,6.4364,8237.22,169.02,20.86,False,2026-03-11 17:43:30
3d23be,DELUC,Germany,51.512,11.6092,731.52,78.43,82.08,False,2026-03-11 17:43:30
44029f,AUA317,Austria,49.1501,14.6425,11521.44,223.92,308.84,False,2026-03-11 17:43:30
511194,MBU6CQ,Estonia,43.5661,-6.9494,11582.4,220.62,35.99,False,2026-03-11 17:43:30
4b187e,SWR18P,Switzerland,47.4583,8.5619,,0.0,95.62,True,2026-03-11 17:43:30
4b187f,SWR52,Switzerland,47.4592,8.5621,,0.0,95.62,True,2026-03-11 17:43:30
3c65ab,DLH458,Germany,53.6225,8.9484,10972.8,257.6,340.15,False,2026-03-11 17:43:30
44023f,EJU76EY,Austria,42.9177,9.5433,9745.98,205.58,301.7,False,2026-03-11 17:43:30
ae74d8,SALTY09,United States,49.4667,10.4067,548.64,51.18,59.83,False,2026-03-11 17:43:30
3c5ee7,EWG46A,Germany,49.1148,8.8112,11277.6,225.36,155.31,False,2026-03-11 17:43:30
e8021c,LTG8503,Chile,50.1252,2.8429,8328.66,241.54,44.83,False,2026-03-11 17:43:30
3c5ee6,EWG1YA,Germany,51.3481,6.8964,594.36,82.62,232.84,False,2026-03-11 17:43:30
3c5ee9,EWG41G,Germany,51.5172,7.0642,1744.98,130.28,136.6,False,2026-03-11 17:43:30
4acb23,NSZ5715,Sweden,43.6916,-1.4225,11887.2,242.3,214.53,False,2026-03-11 17:43:30
3c65d4,DLH2RL,Germany,48.3613,11.7421,922.02,87.28,264.93,False,2026-03-11 17:43:30
3c65d2,DLH2510,Germany,52.2973,-1.5419,1226.82,106.06,296.19,False,2026-03-11 17:43:30
3c65c7,DLH3LE,Germany,50.4508,7.5942,6781.8,235.73,321.38,False,2026-03-11 17:43:30
3c65c4,DLH03X,Germany,42.6406,-0.5231,10058.4,211.42,201.26,False,2026-03-11 17:43:30
3c65c9,DLH9YX,Germany,48.0824,12.991,4107.18,192.11,280.65,False,2026-03-11 17:43:30
3c5ee4,EWG74X,Germany,48.8201,14.5885,9037.32,217.21,127.49,False,2026-03-11 17:43:30
3c5ee3,EWG22U,Germany,53.2716,6.3765,10058.4,224.42,68.91,False,2026-03-11 17:43:30
46b82d,AEE4MI,Greece,45.3762,8.8285,1485.9,139.63,256.58,False,2026-03-11 17:43:30
46b82b,AEE3LG,Greece,51.4653,-0.5443,998.22,79.69,226.31,False,2026-03-11 17:43:30
46b82c,AEE6TH,Greece,46.4392,11.9752,10965.18,210.28,314.21,False,2026-03-11 17:43:30
3c5eed,EWG64G,Germany,49.5752,6.1987,9761.22,234.87,351.05,False,2026-03-11 17:43:30
3c65e2,DAIOB,Germany,53.5302,9.8381,,0.0,205.31,True,2026-03-11 17:43:30
3c5ef0,EWG77C,Germany,40.7392,12.9655,11277.6,243.88,153.98,False,2026-03-11 17:43:30
3c65cc,DLH05E,Germany,46.997,8.2869,11582.4,242.58,57.12,False,2026-03-11 17:43:30
3c5ef5,EWG1RC,Germany,52.7921,10.3127,8572.5,208.4,161.88,False,2026-03-11 17:43:30
46b832,AEE8DT,Greece,52.3584,13.5232,68.58,66.78,248.77,False,2026-03-11 17:43:30
46b830,AEE4CA,Greece,41.5919,16.9649,10972.8,223.61,305.92,False,2026-03-11 17:43:30
440202,TAY5BS,Austria,47.7627,5.944,5486.4,174.74,287.47,False,2026-03-11 17:43:30
46b822,AEE510,Greece,47.5049,13.7361,11140.44,219.42,305.55,False,2026-03-11 17:43:30
46b826,AEE832,Greece,46.6289,14.3745,10363.2,215.36,330.68,False,2026-03-11 17:43:30
3994a5,FHFFF,France,43.5217,5.3004,320.04,52.35,112.53,False,2026-03-11 17:43:30
aa441c,UAL933,United States,49.7522,5.682,10058.4,223.58,266.97,False,2026-03-11 17:43:30
4a09b2,AEZ2360,Romania,41.487,10.9658,10363.2,209.54,337.02,False,2026-03-11 17:43:30
393323,AFR28NC,France,46.2807,1.9503,11269.98,238.28,184.09,False,2026-03-11 17:43:30
4aca93,NSZ3516,Sweden,51.3344,1.2562,3977.64,169.15,216.59,False,2026-03-11 17:43:30
4aca92,NSZ5074,Sweden,50.1027,3.0703,10972.8,239.07,23.86,False,2026-03-11 17:43:30
4aca94,NSZ5324,Sweden,51.6203,4.1367,11277.6,246.33,19.27,False,2026-03-11 17:43:30
4aca8a,NSZ3407,Sweden,45.7574,-0.2178,10972.8,225.71,25.81,False,2026-03-11 17:43:30
4aca8e,NSZ2987,Sweden,48.6372,1.4068,10972.8,246.73,37.2,False,2026-03-11 17:43:30
344498,IBS1893,Spain,46.6628,-3.9817,11582.4,224.56,2.76,False,2026-03-11 17:43:30
ae6db6,,United States,49.4715,10.4205,518.16,41.06,344.74,False,2026-03-11 17:43:30
4400ee,RVP328,Austria,39.2589,-9.0268,845.82,52.72,95.6,False,2026-03-11 17:43:30
3c5eef,EWG7RE,Germany,49.7566,3.43,11879.58,210.98,234.53,False,2026-03-11 17:43:30
3c5eee,EWG3PT,Germany,53.329,9.5734,5303.52,163.14,215.24,False,2026-03-11 17:43:30
344487,AEA61CV,Spain,39.8409,-1.7982,9753.6,232.64,105.39,False,2026-03-11 17:43:30
48597e,TRA65Q,Kingdom of the Netherlands,50.5221,7.4309,10668.0,223.33,150.01,False,2026-03-11 17:43:30
34444b,IBE08DE,Spain,45.3251,11.2529,10668.0,227.17,248.2,False,2026-03-11 17:43:30
3c6746,DLH1455,Germany,47.7708,13.6235,11582.4,219.04,318.52,False,2026-03-11 17:43:30
3c6747,DLH1HE,Germany,49.9821,8.3405,3223.26,161.08,13.86,False,2026-03-11 17:43:30
344449,IBE08VY,Spain,45.8517,0.6761,9448.8,217.27,209.66,False,2026-03-11 17:43:30
344445,EVE7114,Spain,37.4227,-5.8975,,4.63,295.31,True,2026-03-11 17:43:30
344446,AEA84DV,Spain,39.5581,2.4114,3032.76,163.38,64.65,False,2026-03-11 17:43:30
3c5426,BCS6359,Germany,41.0027,-2.4934,8115.3,226.09,76.31,False,2026-03-11 17:43:30
3c5425,BCS832,Germany,47.4372,17.6236,11582.4,229.39,319.09,False,2026-03-11 17:43:30
471f77,WMT9UX,Hungary,44.9234,13.2923,5372.1,160.43,282.03,False,2026-03-11 17:43:30
3c6758,DLH3YY,Germany,50.0407,8.5521,,11.32,250.31,True,2026-03-11 17:43:30
471f70,WZZ46,Hungary,46.486,6.9343,11269.98,215.04,214.37,False,2026-03-11 17:43:30
3c674a,DLH09H,Germany,41.2902,2.0827,,7.72,244.69,True,2026-03-11 17:43:30
3c5421,BCS6360,Germany,49.8398,7.8616,5562.6,185.06,266.33,False,2026-03-11 17:43:30
3c6751,DLH3LX,Germany,51.3933,17.7884,10355.58,210.07,238.72,False,2026-03-11 17:43:30
4400b2,EJU4072,Austria,48.3127,9.308,11879.58,223.48,151.84,False,2026-03-11 17:43:30
471f41,WZZ81BS,Hungary,36.9117,-4.5571,2636.52,135.7,280.93,False,2026-03-11 17:43:30
40804d,WUK7NH,United Kingdom,49.5075,13.3776,11277.6,233.49,105.2,False,2026-03-11 17:43:30
40804e,WUK9ND,United Kingdom,44.4961,16.6907,11277.6,236.15,139.68,False,2026-03-11 17:43:30
4030dd,GBUJO,United Kingdom,51.3932,-0.7606,373.38,46.44,265.55,False,2026-03-11 17:43:30
408051,EZY62YP,United Kingdom,43.474,-7.0405,11269.98,232.46,215.91,False,2026-03-11 17:43:30
48ca8d,SPTWN,Poland,53.0405,17.8494,1394.46,43.69,167.76,False,2026-03-11 17:43:30
471f3d,WZZ9WU,Hungary,46.3008,5.7513,11277.6,210.31,233.35,False,2026-03-11 17:43:30
344417,IBE07SP,Spain,43.7775,7.6987,10972.8,229.62,51.64,False,2026-03-11 17:43:30
3c6701,DLH713,Germany,49.5556,10.1047,5669.28,196.15,301.81,False,2026-03-11 17:43:30
440cbe,EJU7803,Austria,44.1339,11.2741,11879.58,236.62,173.51,False,2026-03-11 17:43:30
3c6709,DLH719,Germany,47.8861,13.7183,7246.62,205.4,291.3,False,2026-03-11 17:43:30
344409,VLG4FQ,Spain,48.8802,1.9552,4396.74,181.5,55.86,False,2026-03-11 17:43:30
471f35,WMT4UU,Hungary,47.9984,16.0561,11277.6,232.86,160.24,False,2026-03-11 17:43:30
440cab,AUA3AC,Austria,48.1317,16.506,266.7,66.95,115.97,False,2026-03-11 17:43:30
3c6717,DLH412,Germany,53.243,1.7266,11582.4,234.46,284.62,False,2026-03-11 17:43:30
440cac,AUA6RM,Austria,42.6888,5.4667,11582.4,235.16,57.14,False,2026-03-11 17:43:30
471f37,WZZ6530,Hungary,41.1317,2.109,1813.56,143.62,92.05,False,2026-03-11 17:43:30
471f38,WZZ236M,Hungary,48.9274,15.6557,11292.84,225.65,36.19,False,2026-03-11 17:43:30
399541,AGH04A,France,42.7118,9.4049,5455.92,95.63,324.86,False,2026-03-11 17:43:30
5003f3,T7AMY,San Marino,49.4591,-1.3391,8534.4,204.75,0.29,False,2026-03-11 17:43:30
40809b,GPJCS,United Kingdom,52.7797,1.4555,685.8,81.09,58.23,False,2026-03-11 17:43:30
3c670b,DLH723,Germany,46.4835,19.3879,12192.0,247.6,288.66,False,2026-03-11 17:43:30
3c670c,DLH8P,Germany,53.6818,-1.3146,11582.4,234.88,281.75,False,2026-03-11 17:43:30
4400a1,C9,Austria,48.3108,16.4472,358.14,60.04,192.37,False,2026-03-11 17:43:30
4008b5,BAW485G,United Kingdom,41.7933,1.6646,7368.54,202.05,341.29,False,2026-03-11 17:43:30
471f14,FCA1UA,Hungary,47.0841,18.9373,5326.38,176.32,228.07,False,2026-03-11 17:43:30
4951cb,TAP835,Portugal,41.0032,5.6415,10668.0,220.69,273.88,False,2026-03-11 17:43:30
4951cc,TAP438T,Portugal,39.5424,-8.1734,8191.5,199.8,46.77,False,2026-03-11 17:43:30
40822e,BAW573,United Kingdom,50.4083,1.5114,11399.52,215.37,314.23,False,2026-03-11 17:43:30
3c6584,DLH6KK,Germany,49.9886,16.9893,10149.84,228.26,93.23,False,2026-03-11 17:43:30
3c6583,DLH9JV,Germany,50.3645,9.2426,2903.22,150.04,189.07,False,2026-03-11 17:43:30
40822b,SXN608,United Kingdom,44.2572,4.8625,12192.0,213.0,0.83,False,2026-03-11 17:43:30
407b55,WUK7AS,United Kingdom,50.9626,13.3209,11277.6,237.57,105.96,False,2026-03-11 17:43:30
3c658d,DLH9WT,Germany,47.8728,18.2462,4610.1,213.17,118.54,False,2026-03-11 17:43:30
3c658c,DLH945,Germany,51.175,7.0133,10812.78,220.48,122.61,False,2026-03-11 17:43:30
3c658b,DLH55H,Germany,43.4429,5.2094,,8.75,118.12,True,2026-03-11 17:43:30
02a1a6,LBT572,Tunisia,40.0733,9.2267,11582.4,222.59,346.09,False,2026-03-11 17:43:30
3c6594,DLH6RM,Germany,47.4088,9.1163,9456.42,214.65,63.68,False,2026-03-11 17:43:30
39d315,TVF29SU,France,42.2342,-2.5245,11582.4,224.36,25.39,False,2026-03-11 17:43:30
40820e,EXS43L,United Kingdom,53.3557,-2.2801,,7.2,50.62,True,2026-03-11 17:43:30
40820f,EXS33K,United Kingdom,45.0706,-5.4725,11567.16,217.14,31.73,False,2026-03-11 17:43:30
407b1e,GCLWB,United Kingdom,52.8622,1.2631,1333.5,23.56,301.61,False,2026-03-11 17:43:30
408210,EXS12DR,United Kingdom,43.5018,-7.692,10972.8,208.55,22.33,False,2026-03-11 17:43:30
407b24,HKS75,United Kingdom,52.6726,2.3968,838.2,62.77,270.94,False,2026-03-11 17:43:30
a5cc3a,N47296,United States,45.6439,-0.99,944.88,56.75,67.62,False,2026-03-11 17:43:30
490688,RVP954,Portugal,40.546,-8.0564,3048.0,109.5,35.63,False,2026-03-11 17:43:30
39d30a,TVF76WP,France,45.0223,3.0653,8450.58,179.47,170.43,False,2026-03-11 17:43:30
39d30b,TRA9005,France,40.6318,-0.0728,11338.56,225.15,192.67,False,2026-03-11 17:43:30
3c6548,LHX1787,Germany,48.131,6.0184,11285.22,243.95,101.31,False,2026-03-11 17:43:30
3c7878,CFG8HL,Germany,46.9054,7.6411,10972.8,240.89,49.68,False,2026-03-11 17:43:30
4b5da6,TE25,Switzerland,47.4527,8.5603,,5.92,112.5,True,2026-03-11 17:43:30
407b8b,WUK304,United Kingdom,50.9139,13.6257,10675.62,236.07,107.76,False,2026-03-11 17:43:30
407b8e,BAW48G,United Kingdom,52.6268,9.318,11887.2,247.05,88.21,False,2026-03-11 17:43:30
4b5da8,ATL778,Switzerland,47.4541,8.5574,,0.0,225.0,True,2026-03-11 17:43:30
39e68c,AFR84YF,France,48.9962,2.6269,182.88,58.87,264.99,False,2026-03-11 17:43:30
3c6544,DLH44K,Germany,42.6992,-7.8543,10187.94,219.07,36.12,False,2026-03-11 17:43:30
39e68e,AFR16CL,France,50.6661,0.9894,7307.58,177.0,320.9,False,2026-03-11 17:43:30
3430cc,VLG8ME,Spain,40.7522,2.2893,5791.2,181.83,149.01,False,2026-03-11 17:43:30
3c787a,CFG139,Germany,48.9616,3.071,11582.4,243.52,51.6,False,2026-03-11 17:43:30
3c6551,LHX1151,Germany,36.6107,-4.3644,1790.7,116.77,45.54,False,2026-03-11 17:43:30
3c6550,LHX946,Germany,53.4236,-1.8773,1798.32,95.75,331.78,False,2026-03-11 17:43:30
40825f,EXS45TP,United Kingdom,50.8845,4.7087,11574.78,222.29,305.68,False,2026-03-11 17:43:30
39e682,AFR29UG,France,53.6333,10.0036,,0.0,87.19,True,2026-03-11 17:43:30
39e687,AFR81CE,France,47.4518,8.5575,388.62,1.03,185.62,True,2026-03-11 17:43:30
3c4b49,EWG62H,Germany,43.2713,19.0773,10363.2,222.78,325.06,False,2026-03-11 17:43:30
39e697,AFR31WZ,France,50.1063,14.2617,,0.0,61.88,True,2026-03-11 17:43:30
39e698,AFR63TL,France,51.8827,18.8988,8884.92,197.89,255.86,False,2026-03-11 17:43:30
408254,GRGAH,United Kingdom,51.9776,-0.9158,982.98,64.77,43.71,False,2026-03-11 17:43:30
39e691,AFR1235,France,49.3871,3.5663,3672.84,143.43,216.54,False,2026-03-11 17:43:30
40823c,EXS73NW,United Kingdom,51.7462,-8.1979,11277.6,242.75,41.39,False,2026-03-11 17:43:30
3c4b4b,EWG9216,Germany,54.0968,10.2675,11887.2,244.37,37.47,False,2026-03-11 17:43:30
3443d4,VLG9QY,Spain,41.2654,2.0621,426.72,88.55,189.02,False,2026-03-11 17:43:30
3443d5,VLG20TM,Spain,41.7375,0.1871,10675.62,220.8,181.74,False,2026-03-11 17:43:30
3443d1,VLG5FA,Spain,45.5135,-3.5529,10668.0,247.39,188.97,False,2026-03-11 17:43:30
506fc2,S5PGI,Slovenia,46.4968,15.6697,396.24,41.06,142.13,False,2026-03-11 17:43:30
3c5db0,KLM1823,Germany,52.0223,5.3883,5646.42,185.34,123.91,False,2026-03-11 17:43:30
4080fe,NHZ25,United Kingdom,53.846,-3.4831,327.66,54.99,296.09,False,2026-03-11 17:43:30
402087,GBKVG,United Kingdom,50.8628,-3.2571,449.58,30.37,181.94,False,2026-03-11 17:43:30
3c64b0,DLH43U,Germany,40.9663,-6.2728,10355.58,219.45,56.09,False,2026-03-11 17:43:30
4aca05,NOZ1802,Sweden,37.3445,-4.812,3954.78,159.58,177.97,False,2026-03-11 17:43:30
3d3742,DETEG,Germany,52.7551,9.4322,1828.8,86.58,356.59,False,2026-03-11 17:43:30
38151a,,France,43.6152,1.3633,,0.0,132.19,True,2026-03-11 17:43:30
4080ea,BAW402,United Kingdom,48.7371,8.462,10652.76,234.63,134.91,False,2026-03-11 17:43:30
4aca13,NSZ5372,Sweden,46.5436,0.7336,11582.4,223.61,356.83,False,2026-03-11 17:43:30
3c64ab,DLH584,Germany,43.0982,18.0622,10058.4,228.05,139.48,False,2026-03-11 17:43:30
4080f9,HGO772,United Kingdom,51.7507,-0.221,7459.98,189.51,294.2,False,2026-03-11 17:43:30
3c64aa,DLH7CF,Germany,52.9302,14.8581,10370.82,232.38,196.99,False,2026-03-11 17:43:30
4080f7,EZY24DQ,United Kingdom,51.1579,-0.1789,,0.0,348.75,True,2026-03-11 17:43:30
0a008e,DAH1119,Algeria,46.0582,2.8387,11277.6,232.69,167.75,False,2026-03-11 17:43:30
0a008f,DAH1005,Algeria,44.5413,2.6661,11277.6,228.72,173.8,False,2026-03-11 17:43:30
0a008d,DAH2057,Algeria,41.2406,2.1316,11277.6,235.12,164.78,False,2026-03-11 17:43:30
710415,SVA124,Saudi Arabia,37.1254,18.8146,11277.6,268.03,122.38,False,2026-03-11 17:43:30
402ba2,GBOTG,United Kingdom,53.1814,-0.9206,1082.04,38.66,25.2,False,2026-03-11 17:43:30
4aca75,SAS71T,Sweden,54.3443,11.6697,9563.1,204.62,192.04,False,2026-03-11 17:43:30
02a1ae,LBT397,Tunisia,50.9014,4.4902,,0.0,154.69,True,2026-03-11 17:43:30
50033d,T7OLLIE,San Marino,48.5544,17.7421,12321.54,242.35,114.99,False,2026-03-11 17:43:30
0a0079,DAH1145,Algeria,45.9375,3.0213,11277.6,239.5,160.55,False,2026-03-11 17:43:30
0a0076,DAH3017,Algeria,38.753,16.8288,10980.42,224.5,251.57,False,2026-03-11 17:43:30
471fa4,WZZ2631,Hungary,47.2902,16.0606,10668.0,225.14,170.8,False,2026-03-11 17:43:30
471fa1,WZZ427B,Hungary,43.3663,13.4252,10957.56,219.21,28.91,False,2026-03-11 17:43:30
02a1b1,LBT509,Tunisia,47.2931,2.4668,9723.12,219.67,169.61,False,2026-03-11 17:43:30
471fae,WZZ91SR,Hungary,41.3044,2.5093,1112.52,111.68,298.93,False,2026-03-11 17:43:30
46b927,SEH3XP,Greece,42.7858,14.4322,11887.2,236.54,129.26,False,2026-03-11 17:43:30
3cea40,QAJ1,Germany,50.8638,7.136,,13.89,247.5,True,2026-03-11 17:43:30
49410e,NJE365L,Portugal,46.2535,6.1317,411.48,56.75,225.73,False,2026-03-11 17:43:30
4a08e7,ROT363T,Romania,50.7547,11.9185,12192.0,219.27,297.23,False,2026-03-11 17:43:30
0a0019,DAH1149,Algeria,36.9813,2.1244,5524.5,204.3,206.31,False,2026-03-11 17:43:30
494116,NJE457W,Portugal,51.4524,1.3284,9814.56,216.5,112.79,False,2026-03-11 17:43:30
4080e9,BAW424,United Kingdom,39.3626,-4.4961,10668.0,243.78,186.3,False,2026-03-11 17:43:30
494111,NJE280D,Portugal,40.9961,3.636,10690.86,221.25,198.43,False,2026-03-11 17:43:30
4080e3,BAW507,United Kingdom,41.2545,-6.1149,10660.38,207.06,26.25,False,2026-03-11 17:43:30
4080e4,BAW510,United Kingdom,41.2385,-7.6832,11277.6,241.25,208.53,False,2026-03-11 17:43:30
4080e1,SHT9H,United Kingdom,53.5513,-2.6279,9448.8,219.11,159.52,False,2026-03-11 17:43:30
494117,NJE211P,Portugal,37.0101,-7.935,38.1,62.26,280.47,False,2026-03-11 17:43:30
0a0021,DAH2017,Algeria,37.9154,-0.3294,4427.22,190.55,165.14,False,2026-03-11 17:43:30
494108,NJE806N,Portugal,46.4749,6.4587,2308.86,77.12,225.54,False,2026-03-11 17:43:30
494106,NJE484A,Portugal,50.7445,13.6241,12496.8,192.93,174.03,False,2026-03-11 17:43:30
34324f,IBE0689,Spain,40.7157,-3.3995,3360.42,144.06,39.2,False,2026-03-11 17:43:30
3c4acd,DLH729,Germany,47.4076,17.4873,10972.8,237.52,288.04,False,2026-03-11 17:43:30
4080c2,RUK2UY,United Kingdom,52.3536,12.2287,6705.6,201.7,271.17,False,2026-03-11 17:43:30
4a08ea,ROT373D,Romania,50.6703,6.4443,5775.96,179.55,284.43,False,2026-03-11 17:43:30
4a08ec,ROT383X,Romania,48.9961,2.6257,167.64,65.07,265.01,False,2026-03-11 17:43:30
3c64ef,DLH432,Germany,50.0423,8.5671,,5.66,70.31,True,2026-03-11 17:43:30
4bc855,PGT355H,Turkey,40.5907,18.9838,11277.6,240.16,93.44,False,2026-03-11 17:43:30
4009c6,BAW41YA,United Kingdom,46.4685,3.9523,6012.18,201.36,140.49,False,2026-03-11 17:43:30
4401e8,EJU98YL,Austria,45.6459,8.7211,,4.12,30.94,True,2026-03-11 17:43:30
4401e4,EJU71TU,Austria,45.6463,8.7261,,0.0,168.75,True,2026-03-11 17:43:30
3c6634,DLH830,Germany,53.2024,10.6841,10668.0,244.8,27.0,False,2026-03-11 17:43:30
40817d,GRDWN,United Kingdom,50.914,-1.1282,449.58,74.09,242.72,False,2026-03-11 17:43:30
4401d4,BOM1,Austria,46.4636,7.3573,7574.28,236.34,36.77,False,2026-03-11 17:43:30
4b15ed,EDW118,Switzerland,41.0135,-2.3826,11582.4,220.33,32.8,False,2026-03-11 17:43:30
4b15ee,EDW201T,Switzerland,41.3678,-1.9816,10530.84,229.78,42.37,False,2026-03-11 17:43:30
4b15ef,SWR3GH,Switzerland,47.4551,8.5576,,0.0,98.44,True,2026-03-11 17:43:30
4401fa,EJU71PW,Austria,47.6907,1.4308,7284.72,216.22,19.17,False,2026-03-11 17:43:30
3c664c,DLH66U,Germany,40.9401,-3.3025,4069.08,191.09,11.49,False,2026-03-11 17:43:30
4bc841,PGT3TD,Turkey,50.0493,8.5857,,5.92,70.31,True,2026-03-11 17:43:30
408177,NJU149A,United Kingdom,47.9016,4.4914,11582.4,204.24,323.71,False,2026-03-11 17:43:30
4401ea,JTY52W,Austria,53.9844,13.4472,12192.0,219.6,203.32,False,2026-03-11 17:43:30
408170,AUR38J,United Kingdom,49.2071,-2.201,,5.92,216.56,True,2026-03-11 17:43:30
3c7982,CFG9WC,Germany,38.7385,-8.7171,10363.2,215.8,39.0,False,2026-03-11 17:43:30
3c6654,DLH26C,Germany,45.449,6.9111,10363.2,232.17,25.6,False,2026-03-11 17:43:30
3c6652,DLH1FF,Germany,50.9096,8.9237,7231.38,240.37,22.39,False,2026-03-11 17:43:30
3c7981,CFG031,Germany,46.7372,17.8815,10980.42,227.6,317.66,False,2026-03-11 17:43:30
4bc88a,PGT1136,Turkey,44.1956,19.9373,11277.6,231.05,119.48,False,2026-03-11 17:43:30
3f5d91,GAF936,Germany,52.3023,5.2052,8427.72,203.53,129.56,False,2026-03-11 17:43:30
3946e5,AFR34MD,France,48.861,-0.1151,8839.2,205.27,264.25,False,2026-03-11 17:43:30
4bc88f,PGT18N,Turkey,41.5542,12.7488,6911.34,203.91,99.44,False,2026-03-11 17:43:30
4bc89a,PGT49J,Turkey,48.1161,16.5619,,2.83,25.31,True,2026-03-11 17:43:30
44b438,JAF78N,Belgium,44.6331,-3.6689,11582.4,228.99,35.58,False,2026-03-11 17:43:30
4009db,BAW890,United Kingdom,47.7879,10.1256,10675.62,240.63,120.02,False,2026-03-11 17:43:30
4009da,BAW543Q,United Kingdom,47.2049,7.5207,10965.18,217.3,300.75,False,2026-03-11 17:43:30
44b434,OOMAT,Belgium,50.1068,3.5346,914.4,62.19,343.66,False,2026-03-11 17:43:30
4bc883,PGT1259,Turkey,52.3143,4.7555,,11.83,87.19,True,2026-03-11 17:43:30
4009cd,BWY30,United Kingdom,50.3784,-1.9875,670.56,132.05,44.53,False,2026-03-11 17:43:30
7103d7,SVA120,Saudi Arabia,38.1908,17.6636,11269.98,263.9,138.64,False,2026-03-11 17:43:30
5002cd,VAJ888,San Marino,47.88,2.9514,8107.68,212.96,151.27,False,2026-03-11 17:43:30
3cf194,PWF13,Germany,48.7779,11.9512,1851.66,124.1,281.96,False,2026-03-11 17:43:30
4bc890,PGT1264,Turkey,51.7451,8.6796,11277.6,236.22,103.22,False,2026-03-11 17:43:30
452087,UBD437,Bulgaria,48.619,18.1788,10957.56,228.59,303.15,False,2026-03-11 17:43:30
44008f,AUA33J,Austria,48.6193,14.1793,10363.2,211.05,291.0,False,2026-03-11 17:43:30
400879,BAW9MS,United Kingdom,51.4774,-0.4802,304.8,67.91,269.13,False,2026-03-11 17:43:30
3c6467,CFG6NV,Germany,50.2087,8.8443,1859.28,139.64,69.96,False,2026-03-11 17:43:30
4b5d9f,ALT777,Switzerland,47.455,8.5578,,1.8,284.06,True,2026-03-11 17:43:30
4068f0,LNX23JG,United Kingdom,46.5653,7.2796,12192.0,201.28,313.03,False,2026-03-11 17:43:30
440090,EJU167W,Austria,48.1681,6.8837,5699.76,193.95,46.4,False,2026-03-11 17:43:30
3c6474,CFG7VN,Germany,50.5226,9.2927,4038.6,172.93,194.12,False,2026-03-11 17:43:30
3c6473,CFG3YU,Germany,50.041,8.556,,2.83,160.31,True,2026-03-11 17:43:30
3c6488,DLH8M,Germany,51.4096,11.2283,10058.4,240.93,157.93,False,2026-03-11 17:43:30
3c6487,DLH99Y,Germany,41.2021,2.3918,3436.62,179.19,59.46,False,2026-03-11 17:43:30
3c6486,DLH7T,Germany,50.8735,13.3018,9144.0,214.61,16.0,False,2026-03-11 17:43:30
73805c,ELY859,Israel,44.585,18.1328,11582.4,224.18,316.67,False,2026-03-11 17:43:30
44009e,EJU63UF,Austria,52.3211,4.7333,,13.38,140.62,True,2026-03-11 17:43:30
400846,LOG4MU,United Kingdom,52.9619,-1.632,10370.82,186.59,333.65,False,2026-03-11 17:43:30
3c6490,EWG4H,Germany,40.2826,-3.5065,10660.38,231.34,211.36,False,2026-03-11 17:43:30
3c6496,EWG28N,Germany,51.1512,6.7746,3139.44,159.42,105.92,False,2026-03-11 17:43:30
3c6495,EWG55N,Germany,39.5318,-8.6916,7620.0,192.95,211.15,False,2026-03-11 17:43:30
4bb46f,MNB296,Turkey,47.7139,19.7791,10363.2,242.62,310.61,False,2026-03-11 17:43:30
39dc01,FHXAB,France,37.7516,-1.2745,182.88,31.53,264.38,False,2026-03-11 17:43:30
3c6427,CFG7FK,Germany,50.0407,8.5606,,8.23,70.31,True,2026-03-11 17:43:30
4b1617,SWR23F,Switzerland,52.3616,13.5068,,3.34,67.5,True,2026-03-11 17:43:30
398037,RPOL35,France,43.516,5.4866,609.6,72.74,126.95,False,2026-03-11 17:43:30
500292,DWC006,San Marino,43.6717,12.5763,10668.0,247.12,156.05,False,2026-03-11 17:43:30
440c96,EJU934Y,Austria,45.4404,3.363,11277.6,231.86,124.15,False,2026-03-11 17:43:30
738054,ELY1365,Israel,47.438,19.2381,,28.81,132.19,True,2026-03-11 17:43:30
440052,AUA143P,Austria,47.995,13.7412,10363.2,208.39,268.87,False,2026-03-11 17:43:30
440051,EJU93JB,Austria,45.4471,5.7503,11590.02,219.02,326.01,False,2026-03-11 17:43:30
738051,ELY428,Israel,47.8239,8.0023,10058.4,243.81,104.42,False,2026-03-11 17:43:30
3c4a14,DLH1KT,Germany,48.4404,11.6692,3345.18,178.22,83.2,False,2026-03-11 17:43:30
44006e,AUA36G,Austria,48.3139,15.0959,8191.5,210.84,287.9,False,2026-03-11 17:43:30
3c6448,DLH3YN,Germany,54.663,-1.4643,11064.24,209.81,317.98,False,2026-03-11 17:43:30
44006c,AUA405,Austria,48.1185,16.5764,,0.45,73.12,True,2026-03-11 17:43:30
4b161f,EDW31YH,Switzerland,48.5762,8.6655,7086.6,191.23,189.13,False,2026-03-11 17:43:30
3453c1,AEA1047,Spain,41.8586,12.2562,7.62,73.53,162.07,False,2026-03-11 17:43:30
484fdf,KLM1316,Kingdom of the Netherlands,52.1622,12.3351,12192.0,216.93,273.26,False,2026-03-11 17:43:30
3453c3,VLG47PA,Spain,38.4566,-2.1971,10058.4,234.53,231.95,False,2026-03-11 17:43:30
3c6441,DLH9PH,Germany,50.0458,8.5336,5920.74,63.64,249.66,False,2026-03-11 17:43:30
4b161a,SWR4MK,Switzerland,51.1921,6.862,3246.12,182.62,45.68,False,2026-03-11 17:43:30
4b161b,SWR7WA,Switzerland,46.1577,8.4961,5890.26,189.83,180.16,False,2026-03-11 17:43:30
3c6445,DLH054,Germany,50.4761,8.5636,6057.9,229.71,18.27,False,2026-03-11 17:43:30
3c6444,DLH6UX,Germany,51.1548,9.1293,9022.08,243.11,2.79,False,2026-03-11 17:43:30
484fde,KLM10X,Kingdom of the Netherlands,44.5524,6.2738,9144.0,231.98,324.48,False,2026-03-11 17:43:30
3c6443,DLH8NL,Germany,50.0347,8.5287,,3.6,247.5,True,2026-03-11 17:43:30
4b1620,EDW215P,Switzerland,41.1071,-2.2877,10957.56,223.59,38.74,False,2026-03-11 17:43:30
50028a,T7SF50,San Marino,41.1547,-1.1366,7482.84,167.18,79.0,False,2026-03-11 17:43:30
3c644d,,Germany,51.2952,6.7846,,3.09,233.44,True,2026-03-11 17:43:30
800583,AIC129,India,50.5345,5.4562,10363.2,240.49,302.33,False,2026-03-11 17:43:30
440072,EJU83UF,Austria,41.2354,2.8148,10972.8,229.83,69.7,False,2026-03-11 17:43:30
4869e8,PHDAG,Kingdom of the Netherlands,53.4474,5.5469,403.86,33.83,261.25,False,2026-03-11 17:43:30
440005,EJU76EA,Austria,47.9223,10.7562,11277.6,230.83,184.99,False,2026-03-11 17:43:30
440002,AUA62,Austria,47.0949,18.659,9525.0,229.29,310.09,False,2026-03-11 17:43:30
440001,OEARW,Austria,48.0324,15.9583,1318.26,44.83,266.71,False,2026-03-11 17:43:30
440039,AUA984,Austria,50.7503,14.5805,10668.0,238.17,145.38,False,2026-03-11 17:43:30
440036,EJU19NY,Austria,45.0272,9.1144,2286.0,139.99,32.7,False,2026-03-11 17:43:30
44002c,OEDSZ,Austria,48.1774,14.0399,,,160.31,True,2026-03-11 17:43:30
440031,EJU95RL,Austria,45.3051,4.1042,7452.36,189.97,239.75,False,2026-03-11 17:43:30
39dc85,FHXEF,France,37.7502,-1.2888,144.78,34.02,266.53,False,2026-03-11 17:43:30
44001c,,Austria,46.2317,6.1035,,4.89,323.44,True,2026-03-11 17:43:30
44001a,AUA21E,Austria,48.5323,13.0982,10363.2,208.23,288.43,False,2026-03-11 17:43:30
8960f4,UAE9H,United Arab Emirates,46.1991,14.1851,11277.6,263.14,136.82,False,2026-03-11 17:43:30
49514d,TAP836A,Portugal,40.8377,5.0988,10980.42,231.0,97.68,False,2026-03-11 17:43:30
3cfaf9,DCWIR,Germany,50.9223,7.0684,434.34,104.83,136.99,False,2026-03-11 17:43:30
8960d4,UAE46,United Arab Emirates,44.2195,16.876,9448.8,255.84,139.65,False,2026-03-11 17:43:30
495150,TAP1356,Portugal,48.9648,-2.1609,10980.42,218.78,16.39,False,2026-03-11 17:43:30
ae0b7d,SPADE08,United States,50.0453,8.3251,,0.0,244.69,True,2026-03-11 17:43:30
495146,TAP1272,Portugal,46.5849,7.1629,10363.2,237.6,74.94,False,2026-03-11 17:43:30
440c36,EJU91JU,Austria,45.875,7.392,9136.38,198.13,299.56,False,2026-03-11 17:43:30
39809c,FJLTA,France,43.4689,5.409,358.14,36.68,255.38,False,2026-03-11 17:43:30
4b027d,EZS415G,Switzerland,46.2463,6.5807,8549.64,191.48,53.19,False,2026-03-11 17:43:30
4b0281,EZS91KB,Switzerland,44.6224,3.1967,9761.22,250.96,60.12,False,2026-03-11 17:43:30
3d1c4e,DEIYW,Germany,48.3152,11.4418,975.36,50.28,352.95,False,2026-03-11 17:43:30
4b0274,EZS52VA,Switzerland,46.2518,6.129,396.24,68.03,225.92,False,2026-03-11 17:43:30
405631,EZY53TX,United Kingdom,46.7684,-4.2802,11894.82,235.14,202.92,False,2026-03-11 17:43:30
45ca65,OYRSE,Denmark,53.2029,7.2342,9144.0,172.2,42.7,False,2026-03-11 17:43:30
485779,KLM1909,Kingdom of the Netherlands,51.1433,8.1051,9456.42,241.07,119.96,False,2026-03-11 17:43:30
345597,ANE71DM,Spain,44.3196,9.7192,8214.36,219.4,83.81,False,2026-03-11 17:43:30
4b028e,SWR5TQ,Switzerland,47.4706,8.803,4678.68,173.56,92.72,False,2026-03-11 17:43:30
4b028c,SWR31D,Switzerland,48.5003,12.7848,11887.2,226.78,50.06,False,2026-03-11 17:43:30
4914c3,JME633C,Portugal,53.3372,-2.8397,,0.06,253.12,True,2026-03-11 17:43:30
3d2372,DELRE,Germany,48.5012,12.0685,914.4,45.8,75.03,False,2026-03-11 17:43:30
4b0294,SWR44L,Switzerland,45.7153,9.0333,8839.2,247.85,146.77,False,2026-03-11 17:43:30
4b0292,SWR478V,Switzerland,51.4205,0.7129,1600.2,124.16,304.88,False,2026-03-11 17:43:30
4b0291,SWR82L,Switzerland,45.5963,4.3079,11887.2,218.19,238.6,False,2026-03-11 17:43:30
471d66,WZZ576,Hungary,44.2744,7.8969,10668.0,221.67,241.59,False,2026-03-11 17:43:30
471d65,WZZ2548,Hungary,53.003,16.2059,10668.0,235.11,160.57,False,2026-03-11 17:43:30
3991e3,AFR1530,France,36.0406,0.1184,4114.8,196.57,173.99,False,2026-03-11 17:43:30
3991e6,AFR67XP,France,48.5736,3.6913,4533.9,155.46,319.56,False,2026-03-11 17:43:30
3991e5,AFR99ZR,France,47.7423,4.7414,8808.72,214.4,320.16,False,2026-03-11 17:43:30
39447c,FJVWN,France,48.8454,1.9541,434.34,33.03,307.41,False,2026-03-11 17:43:30
3991e8,AFR69NJ,France,41.3031,-2.6386,7269.48,255.25,198.69,False,2026-03-11 17:43:30
3991e9,AFR59XR,France,47.226,-1.5325,457.2,72.65,220.12,False,2026-03-11 17:43:30
471d5c,WZZ8BE,Hungary,45.1822,10.4862,11277.6,226.12,245.83,False,2026-03-11 17:43:30
34554f,FSMK3E,Spain,40.4744,-4.0172,1021.08,50.42,126.29,False,2026-03-11 17:43:30
403003,GBRND,United Kingdom,52.8621,-1.6108,60.96,23.29,223.21,False,2026-03-11 17:43:30
3d1005,DEEHX,Germany,53.2985,7.9445,259.08,60.34,129.12,False,2026-03-11 17:43:30
485734,HHE62C,Kingdom of the Netherlands,52.9178,4.8098,426.72,62.21,34.22,False,2026-03-11 17:43:30
344216,AEA54TM,Spain,41.1212,-5.9977,9144.0,231.71,113.83,False,2026-03-11 17:43:30
344218,ANE22XP,Spain,42.566,4.7778,10172.7,231.01,27.31,False,2026-03-11 17:43:30
440aba,OEDCG,Austria,48.3421,13.7414,914.4,54.65,104.17,False,2026-03-11 17:43:30
4b0dd0,HUE12P,Switzerland,47.9673,12.8915,1181.1,107.95,144.11,False,2026-03-11 17:43:30
3cc803,PWF33,Germany,49.033,11.9515,1706.88,116.46,195.63,False,2026-03-11 17:43:30
a4c2ff,CMB406,United States,41.9678,12.9915,7620.0,140.85,169.26,False,2026-03-11 17:43:30
3c6523,LHX6HX,Germany,51.6577,0.3049,3009.9,116.58,263.16,False,2026-03-11 17:43:30
842370,JAL46,Japan,48.9939,2.5194,685.8,83.57,265.76,False,2026-03-11 17:43:30
3c6522,LHX3AV,Germany,53.6988,-4.0253,9044.94,168.07,277.39,False,2026-03-11 17:43:30
3c7865,VJH713,Germany,39.6799,-7.8831,10911.84,182.41,42.6,False,2026-03-11 17:43:30
06002f,MAU15,Mauritius,41.3763,3.0683,10668.0,253.09,176.39,False,2026-03-11 17:43:30
398c07,MZY030A,France,43.7801,4.2341,1447.8,70.45,186.71,False,2026-03-11 17:43:30
896188,UAE78L,United Arab Emirates,37.5368,16.665,11277.6,259.3,139.1,False,2026-03-11 17:43:30
406909,EZY43JW,United Kingdom,53.6423,-4.1183,7010.4,201.66,127.02,False,2026-03-11 17:43:30
4a91f9,SAS2628,Sweden,43.9574,-6.7862,10980.42,225.22,43.8,False,2026-03-11 17:43:30
39dd2f,FHXJP,France,49.1814,2.3441,213.36,46.2,142.24,False,2026-03-11 17:43:30
4951ca,TAP939,Portugal,41.5103,-6.1481,10058.4,212.92,254.59,False,2026-03-11 17:43:30
4951d8,TAP35BL,Portugal,38.5297,-9.1944,1287.78,100.7,288.16,False,2026-03-11 17:43:30
40097f,BAW936D,United Kingdom,50.9663,3.4751,9441.18,247.94,98.23,False,2026-03-11 17:43:30
40097d,BAW885R,United Kingdom,51.0429,4.9188,10957.56,215.8,290.08,False,2026-03-11 17:43:30
40097c,BAW717T,United Kingdom,50.8862,0.7318,5539.74,156.43,314.47,False,2026-03-11 17:43:30
39dd41,CCM58GS,France,43.1841,6.995,8534.4,248.43,107.72,False,2026-03-11 17:43:30
39dd40,CCM60VE,France,42.788,8.7691,1447.8,133.6,125.28,False,2026-03-11 17:43:30
39dd42,CCM96LD,France,46.5733,3.2351,11262.36,227.11,157.21,False,2026-03-11 17:43:30
45d1f4,FHUBC,Denmark,43.8881,4.9067,182.88,38.65,170.04,False,2026-03-11 17:43:30
40095d,,United Kingdom,51.476,-0.4575,,10.29,90.0,True,2026-03-11 17:43:30
a08a74,N134EC,United States,51.9477,4.436,-304.8,0.0,0.0,False,2026-03-11 17:43:30
488d62,SPDLC,Poland,50.0983,17.9566,8534.4,133.13,339.88,False,2026-03-11 17:43:30
3c0cb2,TUI39B,Germany,36.7873,-8.9991,11277.6,237.96,200.24,False,2026-03-11 17:43:30
408041,WUK79,United Kingdom,45.0105,17.4939,10660.38,227.07,131.42,False,2026-03-11 17:43:30
440179,EJU35KZ,Austria,46.9489,-0.9462,4518.66,151.06,322.19,False,2026-03-11 17:43:30
440181,EJU45TZ,Austria,38.679,-9.1906,563.88,72.62,22.93,False,2026-03-11 17:43:30
488109,SPAIK,Poland,54.3626,18.5222,365.76,39.65,337.09,False,2026-03-11 17:43:30
452181,UAE9335,Bulgaria,51.5027,9.6971,11285.22,264.66,102.12,False,2026-03-11 17:43:30
3c5c41,BTX1A,Germany,48.1931,11.6372,2804.16,153.35,13.38,False,2026-03-11 17:43:30
39dd58,CCM321L,France,46.4968,-0.9446,5135.88,123.32,342.02,False,2026-03-11 17:43:30
45216e,GPX2MI,Bulgaria,42.512,19.6545,8290.56,215.6,303.12,False,2026-03-11 17:43:30
300a9d,ITY759,Italy,43.1158,17.9406,12192.0,237.26,264.4,False,2026-03-11 17:43:30
39dd54,,France,43.2418,7.6847,3352.8,123.78,116.14,False,2026-03-11 17:43:30
392af4,AFR1534,France,49.2309,4.236,9113.52,250.37,73.65,False,2026-03-11 17:43:30
440189,BCS6701,Austria,52.3037,4.7422,,9.77,149.06,True,2026-03-11 17:43:30
48940d,SPFAN,Poland,53.0712,17.9519,457.2,40.26,100.3,False,2026-03-11 17:43:30
39ca35,STH02,France,44.8121,-0.5317,22.86,39.67,350.29,False,2026-03-11 17:43:30
452166,DAH1215,Bulgaria,48.2435,2.143,7094.22,215.31,173.69,False,2026-03-11 17:43:30
45caa7,DTR1825,Denmark,36.8904,12.2079,1143.0,77.9,132.86,False,2026-03-11 17:43:30
471dbb,WZZ41,Hungary,40.754,-1.0699,8801.1,206.63,252.47,False,2026-03-11 17:43:30
440132,EJU14XA,Austria,45.6223,8.7251,144.78,52.87,349.35,False,2026-03-11 17:43:30
471dba,WZZ553,Hungary,48.9343,14.3855,10675.62,233.12,112.72,False,2026-03-11 17:43:30
440141,EZS67RM,Austria,45.1787,6.7938,7010.4,221.52,159.76,False,2026-03-11 17:43:30
300a7b,DLA6TP,Italy,46.7233,13.2153,8816.34,178.9,8.43,False,2026-03-11 17:43:30
ae6cbf,HUNT41,United States,52.3972,17.8355,1188.72,57.98,138.96,False,2026-03-11 17:43:30
ae6cbe,HUNT44,United States,52.376,17.8867,243.84,36.56,267.58,False,2026-03-11 17:43:30
49529a,TAP1455,Portugal,37.5449,-8.8463,7741.92,195.64,346.0,False,2026-03-11 17:43:30
452134,DAH1172,Bulgaria,47.5811,7.5354,350.52,63.52,335.1,False,2026-03-11 17:43:30
3909a9,FGCNJ,France,48.3787,2.0406,396.24,28.03,312.77,False,2026-03-11 17:43:30
471db6,WZZ3CA,Hungary,50.6013,9.8586,9105.9,248.41,108.47,False,2026-03-11 17:43:30
3d4824,DEZOM,Germany,52.4172,8.9187,449.58,57.76,340.76,False,2026-03-11 17:43:30
452126,GPX8KW,Bulgaria,47.4209,14.4431,10988.04,224.69,317.69,False,2026-03-11 17:43:30
495292,TAP5RP,Portugal,47.4138,-1.4708,11277.6,222.19,229.41,False,2026-03-11 17:43:30
495293,TAP687,Portugal,46.1637,-2.4761,11879.58,218.95,221.86,False,2026-03-11 17:43:30
300a3b,ITY220,Italy,45.5215,9.2462,1447.8,96.0,340.59,False,2026-03-11 17:43:30
3de65d,HSOMJ4,Germany,53.7978,7.0197,670.56,74.8,158.2,False,2026-03-11 17:43:30
400944,LOG22Y,United Kingdom,54.4314,-1.7951,10134.6,171.2,3.96,False,2026-03-11 17:43:30
3de65b,HSOMH5,Germany,53.6876,6.6643,495.3,58.49,309.29,False,2026-03-11 17:43:30
3e0687,DHTRB,Germany,49.2483,8.6259,388.62,34.1,191.31,False,2026-03-11 17:43:30
440119,LDX20,Austria,47.7253,9.532,5829.3,170.43,267.58,False,2026-03-11 17:43:30
440117,EJU51ZH,Austria,41.1501,-8.2933,2202.18,148.22,250.75,False,2026-03-11 17:43:30
495269,RZO124,Portugal,38.7618,-9.1464,45.72,72.42,22.56,False,2026-03-11 17:43:30
ab0e30,N811MK,United States,50.5568,1.7742,12192.0,250.83,318.83,False,2026-03-11 17:43:30
402a10,GBNZZ,United Kingdom,53.8369,-1.0856,571.5,36.06,165.96,False,2026-03-11 17:43:30
4007db,LOG96AQ,United Kingdom,54.7175,-1.9553,10660.38,187.57,356.7,False,2026-03-11 17:43:30
4007da,LOG4ZH,United Kingdom,53.2353,0.3373,7940.04,144.86,319.46,False,2026-03-11 17:43:30
4baad5,THY7FA,Turkey,49.497,11.0952,,6.17,104.06,True,2026-03-11 17:43:30
7105ab,SVA126,Saudi Arabia,37.5553,18.283,10668.0,271.38,135.46,False,2026-03-11 17:43:30
8017f7,AIC2027,India,50.1191,8.9202,1356.36,78.28,250.02,False,2026-03-11 17:43:30
495218,TAP1930,Portugal,41.208,-8.6708,137.16,58.82,348.4,False,2026-03-11 17:43:30
506f9b,S5DUA,Slovenia,43.0613,4.8684,1310.64,48.94,257.86,False,2026-03-11 17:43:30
48455d,KLM1960,Kingdom of the Netherlands,48.0785,16.8518,12192.0,222.14,307.19,False,2026-03-11 17:43:30
4baace,THY3WS,Turkey,41.016,16.5731,9989.82,207.68,275.26,False,2026-03-11 17:43:30
484555,KLM28W,Kingdom of the Netherlands,43.3161,-1.7992,10995.66,234.62,34.91,False,2026-03-11 17:43:30
34568d,VOE87SR,Spain,45.4152,12.2365,586.74,82.33,41.96,False,2026-03-11 17:43:30
484560,KLM844,Kingdom of the Netherlands,50.3822,12.3645,10972.8,235.34,304.94,False,2026-03-11 17:43:30
345698,ANE1279,Spain,46.3968,6.3432,1706.88,72.04,226.16,False,2026-03-11 17:43:30
345692,IBE07CT,Spain,47.0223,0.6451,11582.4,235.34,34.94,False,2026-03-11 17:43:30
485873,KLM47H,Kingdom of the Netherlands,53.2518,2.1994,10363.2,207.64,283.18,False,2026-03-11 17:43:30
abac2c,AAL81,United States,52.9516,-1.2579,9311.64,213.38,327.8,False,2026-03-11 17:43:30
485874,KLC1093,Kingdom of the Netherlands,51.3089,-2.743,1760.22,122.4,259.59,False,2026-03-11 17:43:30
485875,KLM90Y,Kingdom of the Netherlands,46.0523,11.2711,11582.4,210.26,353.4,False,2026-03-11 17:43:30
345687,ANE64SR,Spain,43.3021,-8.3803,,0.0,16.88,True,2026-03-11 17:43:30
781093,CXA811,China,52.3704,4.7126,76.2,78.3,183.01,False,2026-03-11 17:43:30
344344,IBE07HH,Spain,50.7918,-1.0576,5013.96,169.36,36.97,False,2026-03-11 17:43:30
344346,IBE0031,Spain,40.3822,-3.5459,4846.32,212.08,175.55,False,2026-03-11 17:43:30
344341,AEA9049,Spain,40.2717,-3.3862,1127.76,97.44,353.03,False,2026-03-11 17:43:30
4b5c20,ZEBRA7,Switzerland,47.4549,8.5714,,7.46,278.44,True,2026-03-11 17:43:30
484516,PHVSY,Kingdom of the Netherlands,49.9868,2.4649,601.98,58.68,31.74,False,2026-03-11 17:43:30
4ca9c1,RYR76YQ,Ireland,51.0723,19.1466,9982.2,245.09,53.71,False,2026-03-11 17:43:30
4ca9c3,RYR219K,Ireland,41.0646,15.8314,10668.0,233.76,99.63,False,2026-03-11 17:43:30
4ca9d1,RYR57MM,Ireland,38.3163,-0.4016,1760.22,117.74,57.49,False,2026-03-11 17:43:30
4ca9d0,RYR7GN,Ireland,41.0338,16.422,11582.4,219.73,278.89,False,2026-03-11 17:43:30
345642,VLG1981,Spain,47.0082,-1.6353,10675.62,227.22,218.01,False,2026-03-11 17:43:30
345645,VLG33QH,Spain,41.2909,2.6229,2575.56,133.72,274.86,False,2026-03-11 17:43:30
4ca9a9,RYR62NR,Ireland,51.7351,-3.1427,11277.6,235.84,187.02,False,2026-03-11 17:43:30
adfddf,HKY757,United States,51.5605,-0.0885,5730.24,151.11,262.17,False,2026-03-11 17:43:30
505c07,SSG04A,Slovakia,50.5719,7.0377,7193.28,196.52,284.4,False,2026-03-11 17:43:30
781c0c,CES261,China,46.2105,1.0394,11887.2,248.81,210.44,False,2026-03-11 17:43:30
4b5c65,ORION1,Switzerland,47.4518,8.5605,,0.06,109.69,True,2026-03-11 17:43:30
3dd2d5,DHACB,Germany,51.1037,12.4959,236.22,42.5,173.05,False,2026-03-11 17:43:30
4ca9ec,RYR63GC,Ireland,53.6672,3.5233,11582.4,220.05,212.69,False,2026-03-11 17:43:30
4ca9ed,RYR97AE,Ireland,52.3912,13.5844,289.56,67.83,247.71,False,2026-03-11 17:43:30
4ca9cf,RYR56UL,Ireland,52.4167,16.8262,,0.0,95.62,True,2026-03-11 17:43:30
4bb322,THY94S,Turkey,38.7938,14.5953,8976.36,208.63,253.08,False,2026-03-11 17:43:30
440bb4,OEEMA,Austria,46.8078,13.3229,5372.1,152.12,103.1,False,2026-03-11 17:43:30
a57362,GTI9591,United States,47.0988,18.8402,11277.6,253.1,117.35,False,2026-03-11 17:43:30
3451da,ANE56CP,Spain,46.4901,5.997,10363.2,237.77,1.61,False,2026-03-11 17:43:30
425936,FIRE 1,United Kingdom,51.1536,-0.1843,,7.2,165.94,True,2026-03-11 17:43:30
477d86,YELLOW15,Hungary,47.4385,19.2262,,3.09,331.88,True,2026-03-11 17:43:30
393aa1,FGOVB,France,49.106,2.7105,0.0,38.74,10.71,False,2026-03-11 17:43:30
4854cb,TRA35H,Kingdom of the Netherlands,46.2837,1.1563,11277.6,223.83,210.99,False,2026-03-11 17:43:30
4854ca,TRA78T,Kingdom of the Netherlands,38.9696,1.1814,2583.18,163.2,2.17,False,2026-03-11 17:43:30
3451d8,ANE02TH,Spain,40.7815,-3.2926,3520.44,166.43,68.99,False,2026-03-11 17:43:30
3e1859,STQ111,Germany,46.2712,0.29,12192.0,203.06,19.54,False,2026-03-11 17:43:30
3451d4,VLG21UU,Spain,50.5128,3.7633,10706.1,214.01,202.62,False,2026-03-11 17:43:30
73828b,ISR729,Israel,47.4333,19.2588,,0.0,222.19,True,2026-03-11 17:43:30
02010d,MAC481,Morocco,44.5544,8.0767,3063.24,145.98,350.67,False,2026-03-11 17:43:30
4867eb,TRA72U,Kingdom of the Netherlands,47.6347,2.1418,11269.98,230.95,193.79,False,2026-03-11 17:43:30
4867ec,TRA47Q,Kingdom of the Netherlands,47.1234,1.474,10668.0,222.82,208.4,False,2026-03-11 17:43:30
43c921,VYT79,United Kingdom,53.1128,-5.1074,2301.24,129.53,43.71,False,2026-03-11 17:43:30
43c922,VYT70,United Kingdom,53.2738,-4.5516,228.6,76.65,28.46,False,2026-03-11 17:43:30
4bab2d,THY1WM,Turkey,38.5346,19.0361,10972.8,223.59,239.9,False,2026-03-11 17:43:30
43c924,VYT61,United Kingdom,53.2825,-4.3483,373.38,63.97,301.52,False,2026-03-11 17:43:30
4841a9,TRA1R,Kingdom of the Netherlands,51.9492,4.4352,,0.0,329.06,True,2026-03-11 17:43:30
4079d1,CFE31BZ,United Kingdom,54.4333,-2.4749,10965.18,217.33,330.04,False,2026-03-11 17:43:30
4079d3,CFE844,United Kingdom,51.5044,0.0559,,5.92,92.81,True,2026-03-11 17:43:30
4bab45,THY4ZW,Turkey,47.6346,16.2541,10363.2,218.47,284.04,False,2026-03-11 17:43:30
020105,RAM740X,Morocco,38.355,-5.1448,11582.4,213.69,20.14,False,2026-03-11 17:43:30
020104,RAM811D,Morocco,50.0498,8.583,,0.0,323.44,True,2026-03-11 17:43:30
3464cc,EAX5I,Spain,41.5002,2.1409,365.76,27.28,314.24,False,2026-03-11 17:43:30
490d0a,NJE744G,Portugal,40.4666,-3.5291,548.64,65.65,322.32,False,2026-03-11 17:43:30
490d0b,NJE4XR,Portugal,47.7714,15.7424,10363.2,227.26,273.37,False,2026-03-11 17:43:30
4bb28f,THY5LH,Turkey,39.5758,-7.1492,8983.98,223.63,63.79,False,2026-03-11 17:43:30
490d09,NJE173F,Portugal,46.3283,6.4426,2255.52,133.54,43.6,False,2026-03-11 17:43:30
39912e,OYO12,France,43.9878,6.27,10294.62,118.29,295.23,False,2026-03-11 17:43:30
44cdcf,BEL1VC,Belgium,49.2484,8.201,10408.92,221.08,310.66,False,2026-03-11 17:43:30
44cdcc,BEL2YK,Belgium,48.6674,0.9153,10363.2,239.99,40.83,False,2026-03-11 17:43:30
44cdcb,BEL2ZR,Belgium,50.0685,13.2136,6278.88,227.99,74.96,False,2026-03-11 17:43:30
490d01,NJE554R,Portugal,51.4581,0.8145,7940.04,247.54,138.79,False,2026-03-11 17:43:30
4bb270,THY50V,Turkey,42.2223,14.1335,7414.26,201.02,231.55,False,2026-03-11 17:43:30
4867c4,KLM39F,Kingdom of the Netherlands,53.8502,7.6168,11170.92,259.31,57.48,False,2026-03-11 17:43:30
43ea66,VSB06,United Kingdom,52.1292,-1.8471,5494.02,175.14,137.5,False,2026-03-11 17:43:30
3c5b31,OCN5V,Germany,50.1226,9.2311,1569.72,137.37,332.57,False,2026-03-11 17:43:30
4066d0,TOM5MH,United Kingdom,42.0955,-8.4669,11582.4,207.3,21.85,False,2026-03-11 17:43:30
4867b0,TRA55R,Kingdom of the Netherlands,48.6808,1.5741,10675.62,217.59,226.34,False,2026-03-11 17:43:30
4b0d1d,HBEZD,Switzerland,47.4832,9.5786,419.1,36.31,277.33,False,2026-03-11 17:43:30
440a49,OEDAF,Austria,47.204,15.7765,2705.1,71.02,59.53,False,2026-03-11 17:43:30
3c0d0c,TUI71C,Germany,48.712,9.3385,739.14,67.91,254.17,False,2026-03-11 17:43:30
020140,MAC437,Morocco,37.0194,-1.5123,10972.8,208.28,50.41,False,2026-03-11 17:43:30
02012c,RAM602V,Morocco,39.5412,-0.2923,11582.4,224.71,37.18,False,2026-03-11 17:43:30
02012b,MAC131G,Morocco,50.985,4.6998,640.08,112.15,145.65,False,2026-03-11 17:43:30
394f07,NAK317,France,45.2803,4.8668,2133.6,55.26,204.18,False,2026-03-11 17:43:30
3cc57c,JEI232,Germany,52.6323,6.1219,4518.66,150.61,210.59,False,2026-03-11 17:43:30
02013d,RAM249,Morocco,39.6667,9.2988,11887.2,243.13,274.73,False,2026-03-11 17:43:30
02013a,RAM941J,Morocco,41.046,10.291,9875.52,234.27,251.17,False,2026-03-11 17:43:30
020142,RAM968C,Morocco,37.5991,-3.7813,5486.4,137.83,55.95,False,2026-03-11 17:43:30
345385,ANE1183,Spain,43.1486,0.4273,10363.2,253.33,54.92,False,2026-03-11 17:43:30
345388,ANE2063,Spain,42.5413,-1.1268,6713.22,179.83,298.91,False,2026-03-11 17:43:30
a81bc4,UPS15,United States,50.9798,8.6099,5875.02,191.45,276.17,False,2026-03-11 17:43:30
4ca98a,ITY2092,Ireland,43.0388,10.7567,9144.0,200.63,336.26,False,2026-03-11 17:43:30
486897,KLM96C,Kingdom of the Netherlands,48.728,15.4673,11590.02,226.87,306.61,False,2026-03-11 17:43:30
486898,KLM33K,Kingdom of the Netherlands,51.0509,4.1012,10088.88,207.6,202.43,False,2026-03-11 17:43:30
485567,PHCFR,Kingdom of the Netherlands,46.9269,6.0749,8366.76,203.11,306.35,False,2026-03-11 17:43:30
344043,7777XPML,Spain,39.5269,2.9244,,0.0,165.94,True,2026-03-11 17:43:30
34535a,VLG3WT,Spain,45.0229,2.5966,10683.24,229.45,176.14,False,2026-03-11 17:43:30
781160,CCA939,China,42.7288,12.1633,4892.04,190.57,182.79,False,2026-03-11 17:43:30
346690,VLG31FJ,Spain,52.5605,9.4548,3329.94,176.48,91.0,False,2026-03-11 17:43:30
346692,VLG93FD,Spain,37.5137,-4.8324,6271.26,203.51,78.04,False,2026-03-11 17:43:30
3e04d1,DHTAF,Germany,49.9624,8.6482,,0.32,261.56,True,2026-03-11 17:43:30
4ca973,ITY1282,Ireland,45.4189,9.2798,144.78,67.59,355.63,False,2026-03-11 17:43:30
320073,VOLP518,Italy,46.1968,11.1195,1463.04,41.16,36.87,False,2026-03-11 17:43:30
48b840,BNI69,Poland,51.7414,19.4859,472.44,41.18,249.53,False,2026-03-11 17:43:30
4ca97b,RYR882D,Ireland,38.1835,-9.1108,11887.2,248.53,185.34,False,2026-03-11 17:43:30
4ca97c,RYR81BE,Ireland,49.2771,0.1824,11887.2,239.15,161.95,False,2026-03-11 17:43:30
405455,BAW779C,United Kingdom,51.4653,-0.2888,563.88,73.57,270.0,False,2026-03-11 17:43:30
44ce6c,BEL6ZH,Belgium,45.3562,9.2867,510.54,67.01,352.06,False,2026-03-11 17:43:30
40676b,BRO25,United Kingdom,51.2738,-1.4169,723.9,71.02,268.34,False,2026-03-11 17:43:30
40676a,CFE2284,United Kingdom,51.2983,0.9564,2514.6,129.86,307.6,False,2026-03-11 17:43:30
44ce6f,BEL6VF,Belgium,50.9053,4.4903,,0.0,188.44,True,2026-03-11 17:43:30
320036,DRAG141,Italy,41.3211,13.0118,251.46,42.02,230.46,False,2026-03-11 17:43:30
48683e,TRA74M,Kingdom of the Netherlands,52.3204,4.7415,,9.77,92.81,True,2026-03-11 17:43:30
44ce62,BEL2FT,Belgium,47.4542,8.5564,,0.0,185.62,True,2026-03-11 17:43:30
44ce61,BEL6FP,Belgium,50.8461,4.4202,1295.4,104.74,143.19,False,2026-03-11 17:43:30
345314,VLG3RY,Spain,40.747,5.6557,10363.2,221.99,92.79,False,2026-03-11 17:43:30
406753,EZY64EA,United Kingdom,53.3549,-2.2735,,7.72,140.62,True,2026-03-11 17:43:30
406755,EZY12HD,United Kingdom,39.0325,-7.3638,11277.6,245.58,191.97,False,2026-03-11 17:43:30
406754,EZY46LP,United Kingdom,46.4832,5.9068,3802.38,165.77,127.69,False,2026-03-11 17:43:30
486821,HHE01D,Kingdom of the Netherlands,52.932,4.6416,335.28,60.53,289.36,False,2026-03-11 17:43:30
4017cd,GRVNX,United Kingdom,53.3558,-2.7876,297.18,39.26,174.74,False,2026-03-11 17:43:30
486802,KLM95T,Kingdom of the Netherlands,52.5142,11.1447,11887.2,233.69,88.11,False,2026-03-11 17:43:30
486803,KLM80Y,Kingdom of the Netherlands,47.9837,6.5274,11582.4,235.89,348.3,False,2026-03-11 17:43:30
34660b,IBE05TH,Spain,49.0025,2.7469,647.7,84.68,265.12,False,2026-03-11 17:43:30
4b38be,BHZ68A,Switzerland,41.8385,-5.8631,11353.8,206.23,28.29,False,2026-03-11 17:43:30
448525,AAB71A,Belgium,51.2112,-0.6856,914.4,130.45,86.16,False,2026-03-11 17:43:30
320005,DRAG182,Italy,45.6287,12.1264,998.22,79.71,246.41,False,2026-03-11 17:43:30
346610,VLG73XP,Spain,48.6276,1.6315,11582.4,233.08,25.77,False,2026-03-11 17:43:30
346612,VOE8FC,Spain,40.9945,10.3533,4175.76,139.31,245.8,False,2026-03-11 17:43:30
4ab822,NSZ80W,Sweden,43.8617,-1.4728,10972.8,237.79,24.68,False,2026-03-11 17:43:30
506e32,S5DIT,Slovenia,47.695,10.069,1577.34,84.27,71.12,False,2026-03-11 17:43:30
4bb209,THY1HB,Turkey,48.7395,9.5832,1623.06,108.86,277.06,False,2026-03-11 17:43:30
4ca8e4,RYR52FP,Ireland,54.7301,4.0401,11277.6,252.16,26.15,False,2026-03-11 17:43:30
aa1b9f,N750SF,United States,51.582,-0.2917,563.88,72.88,251.05,False,2026-03-11 17:43:30
4ca8e6,RYR40CC,Ireland,50.0374,11.9905,10241.28,221.35,235.13,False,2026-03-11 17:43:30
4bb212,THY3AM,Turkey,48.5672,18.2526,10363.2,228.63,309.89,False,2026-03-11 17:43:30
4bab29,THY4KN,Turkey,44.6942,15.1893,10972.8,211.31,282.51,False,2026-03-11 17:43:30
4ca8f4,ITY313,Ireland,47.0635,7.7417,10675.62,227.15,145.99,False,2026-03-11 17:43:30
4bb20f,THY2TL,Turkey,45.627,8.7157,,0.77,348.75,True,2026-03-11 17:43:30
4853f4,KLM21B,Kingdom of the Netherlands,53.0472,8.8009,38.1,69.5,267.88,False,2026-03-11 17:43:30
800734,AIC169,India,40.9823,19.6459,12192.0,246.25,321.19,False,2026-03-11 17:43:30
4ca8d5,RYR8621,Ireland,49.4934,2.2501,11582.4,241.03,34.74,False,2026-03-11 17:43:30
800741,AIC121,India,45.9138,16.7316,12184.38,246.82,317.2,False,2026-03-11 17:43:30
3c0ac5,CFG7UZ,Germany,49.3362,13.999,10363.2,217.58,309.15,False,2026-03-11 17:43:30
3c0ac7,CFG8CT,Germany,48.224,1.7975,10363.2,237.69,42.98,False,2026-03-11 17:43:30
3c0ac6,CFG1MW,Germany,50.0371,8.5471,,4.37,354.38,True,2026-03-11 17:43:30
4c31e1,MPC003,Serbia,42.2937,18.4548,12496.8,219.98,128.64,False,2026-03-11 17:43:30
3c0acc,CFG6YR,Germany,48.3869,11.6063,2095.5,135.29,302.42,False,2026-03-11 17:43:30
3f727c,ATLAS01,Germany,51.3309,11.3605,579.12,150.73,343.54,False,2026-03-11 17:43:30
484ee4,KLM74N,Kingdom of the Netherlands,45.8556,11.3928,9753.6,217.62,359.46,False,2026-03-11 17:43:30
488b10,BNI9I,Poland,51.5877,19.6642,762.0,36.96,163.84,False,2026-03-11 17:43:30
400795,LOG15C,United Kingdom,53.0377,-2.1095,3627.12,175.24,151.03,False,2026-03-11 17:43:30
8963e7,UAE4PY,United Arab Emirates,50.4919,5.2382,12192.0,238.47,302.49,False,2026-03-11 17:43:30
3465d4,IBB50HY,Spain,38.588,-4.0869,11582.4,216.17,33.35,False,2026-03-11 17:43:30
4041a2,GRACY,United Kingdom,52.0795,0.0687,53.34,28.54,242.05,False,2026-03-11 17:43:30
3c7425,TUI6YX,Germany,49.6916,6.2974,7391.4,234.01,64.34,False,2026-03-11 17:43:30
3c7426,TUI6NE,Germany,51.8404,8.3028,7520.94,207.38,66.61,False,2026-03-11 17:43:30
3c6d43,KLM23R,Germany,51.4291,0.2296,5486.4,181.89,254.08,False,2026-03-11 17:43:30
400772,BAW9177,United Kingdom,51.3309,-1.3992,4267.2,213.44,96.78,False,2026-03-11 17:43:30
4067f5,TOM617,United Kingdom,50.3073,7.782,12184.38,237.6,291.06,False,2026-03-11 17:43:30
3c7421,TUI7H,Germany,48.362,12.031,1348.74,90.1,263.44,False,2026-03-11 17:43:30
3df79c,NHC47,Germany,54.0879,7.5708,91.44,6.9,333.43,False,2026-03-11 17:43:30
3c618b,TUI74J,Germany,45.4911,16.7262,11582.4,225.06,327.51,False,2026-03-11 17:43:30
43c8ec,SYS50,United Kingdom,52.7952,-2.6627,68.58,0.51,180.0,False,2026-03-11 17:43:30
4ac9f0,SAS1555,Sweden,52.6004,5.8034,3352.8,139.65,206.47,False,2026-03-11 17:43:30
3cc492,DCBTA,Germany,49.9749,11.4915,2293.62,122.17,243.22,False,2026-03-11 17:43:30
4ac9f9,SAS839,Sweden,49.9438,4.0632,6515.1,157.95,208.82,False,2026-03-11 17:43:30
440b1e,,Austria,40.5159,-3.5748,571.5,89.52,359.34,False,2026-03-11 17:43:30
43c8f4,SYS28,United Kingdom,52.8149,-2.8503,358.14,49.28,143.49,False,2026-03-11 17:43:30
43c8f8,SYS29,United Kingdom,52.7982,-2.6647,83.82,3.71,236.31,False,2026-03-11 17:43:30
4bb196,THY223,Turkey,38.8872,-8.202,11277.6,238.65,244.87,False,2026-03-11 17:43:30
4ac9c6,BLX12N,Sweden,40.6739,-7.7578,10972.8,211.12,28.69,False,2026-03-11 17:43:30
020072,RAM732M,Morocco,43.4314,5.2226,-53.34,74.94,314.44,False,2026-03-11 17:43:30
43c8bf,PRF29,United Kingdom,52.8686,-0.4723,2834.64,86.59,104.45,False,2026-03-11 17:43:30
43c8c8,CWL03,United Kingdom,53.3559,-0.4348,845.82,87.22,104.69,False,2026-03-11 17:43:30
43c8c5,PRF65,United Kingdom,52.8159,-0.0971,2674.62,56.47,300.07,False,2026-03-11 17:43:30
3f7dc1,GAF868,Germany,50.866,7.1216,,4.12,286.88,True,2026-03-11 17:43:30
495039,TAP1931,Portugal,40.513,-9.0239,7010.4,217.45,192.29,False,2026-03-11 17:43:30
4ac9ef,SAS92U,Sweden,43.4374,-1.799,11582.4,224.14,25.27,False,2026-03-11 17:43:30
45d069,VKG1325,Denmark,45.9748,-2.2123,10668.0,224.93,36.16,False,2026-03-11 17:43:30
4ca92d,EIN7TE,Ireland,47.8774,-3.8252,10972.8,210.45,1.12,False,2026-03-11 17:43:30
43c8de,SYS97,United Kingdom,52.8539,-2.5299,312.42,40.14,210.84,False,2026-03-11 17:43:30
34538e,AEA37GT,Spain,37.4081,-4.0439,8343.9,207.74,13.9,False,2026-03-11 17:43:30
4ca935,EIN65A,Ireland,53.3928,-3.4337,9829.8,252.38,97.85,False,2026-03-11 17:43:30
45d066,VKG1567,Denmark,45.5753,-9.4747,10660.38,205.78,359.71,False,2026-03-11 17:43:30
45d068,VKG1217,Denmark,47.6887,-0.3355,10972.8,227.63,37.93,False,2026-03-11 17:43:30
43c8e8,SYS84,United Kingdom,52.8078,-2.563,304.8,35.63,287.65,False,2026-03-11 17:43:30
404298,GRVMZ,United Kingdom,51.5016,-1.1252,670.56,74.38,354.84,False,2026-03-11 17:43:30
43c8d8,CWL39,United Kingdom,54.1955,-0.5634,251.46,98.79,234.32,False,2026-03-11 17:43:30
4a068b,ROT237A,Romania,47.5076,19.1253,617.22,74.3,132.19,False,2026-03-11 17:43:30
43c8d1,VYT80,United Kingdom,53.2678,-4.3631,106.68,47.74,217.12,False,2026-03-11 17:43:30
48435d,3511,Kingdom of the Netherlands,38.8396,4.5933,10972.8,197.92,20.22,False,2026-03-11 17:43:30
43c8d3,VYT60,United Kingdom,53.2794,-4.5312,198.12,114.93,186.43,False,2026-03-11 17:43:30
43c8d7,CWL31,United Kingdom,53.5674,-0.2324,2065.02,106.99,205.95,False,2026-03-11 17:43:30
4d02b0,JFA14R,Luxembourg,42.1944,8.4755,1516.38,119.69,139.53,False,2026-03-11 17:43:30
3e0fe2,CHX87,Germany,47.9212,11.6978,944.88,59.73,349.08,False,2026-03-11 17:43:30
4ca892,RYR8JL,Ireland,49.5924,3.7803,3619.5,146.96,262.15,False,2026-03-11 17:43:30
4d02bd,JFA80G,Luxembourg,46.3358,6.2531,1104.9,70.57,225.59,False,2026-03-11 17:43:30
344157,VLG8NW,Spain,46.6209,-5.096,10363.2,210.33,35.94,False,2026-03-11 17:43:30
3e0fee,CHX45,Germany,47.6076,11.0091,1341.12,57.17,285.66,False,2026-03-11 17:43:30
89645b,UAE2,United Arab Emirates,36.8065,17.9946,11277.6,260.14,138.21,False,2026-03-11 17:43:30
4005a9,ETP22,United Kingdom,50.8871,-6.788,6705.6,118.05,276.51,False,2026-03-11 17:43:30
896475,UAE79Y,United Arab Emirates,49.8855,5.6548,11277.6,264.26,121.71,False,2026-03-11 17:43:30
896478,UAE98P,United Arab Emirates,50.2708,5.3224,11277.6,262.0,119.79,False,2026-03-11 17:43:30
44bc8b,OOODK,Belgium,51.0897,2.7915,320.04,50.88,335.51,False,2026-03-11 17:43:30
4ca85b,EJU51KB,Ireland,45.4569,9.2782,,5.66,0.0,True,2026-03-11 17:43:30
484308,TD96,Kingdom of the Netherlands,52.3767,4.6449,,6.17,261.56,True,2026-03-11 17:43:30
020093,CNRBS,Morocco,39.5287,14.5959,12192.0,216.62,284.86,False,2026-03-11 17:43:30
020092,RAM953Q,Morocco,44.04,7.459,11277.6,227.31,243.09,False,2026-03-11 17:43:30
406891,BAW35,United Kingdom,44.078,18.1306,11269.98,255.84,133.29,False,2026-03-11 17:43:30
02007d,RAM765B,Morocco,43.7371,-0.9521,11277.6,230.25,208.86,False,2026-03-11 17:43:30
4ca88c,RYR74SP,Ireland,47.002,8.0607,11277.6,231.29,154.86,False,2026-03-11 17:43:30
3d2c0d,DEOXX,Germany,48.7978,13.9698,6705.6,96.42,322.15,False,2026-03-11 17:43:30
4ca893,RYR67UQ,Ireland,48.9984,10.1872,10668.0,237.9,135.0,False,2026-03-11 17:43:30
4005be,BAW293,United Kingdom,51.6757,-0.6996,2941.32,134.59,356.05,False,2026-03-11 17:43:30
4005bd,BAW7CP,United Kingdom,54.2705,-2.5733,10972.8,238.25,328.06,False,2026-03-11 17:43:30
4d02e8,JFA35Q,Luxembourg,46.3836,7.8627,4953.0,106.52,248.76,False,2026-03-11 17:43:30
4005bb,BAW7TG,United Kingdom,54.6939,-6.4177,11399.52,226.15,299.13,False,2026-03-11 17:43:30
4018ec,GAYRM,United Kingdom,52.6511,-3.1129,426.72,31.3,295.3,False,2026-03-11 17:43:30
8963a1,UAE9918,United Arab Emirates,43.4202,17.6062,10058.4,244.16,138.42,False,2026-03-11 17:43:30
738443,AIZ336,Israel,41.4758,13.6071,8503.92,241.69,110.17,False,2026-03-11 17:43:30
3c0c99,TUI347,Germany,49.4545,5.557,9753.6,264.93,69.07,False,2026-03-11 17:43:30
489162,SPELC,Poland,51.7375,19.6699,403.86,63.46,168.78,False,2026-03-11 17:43:30
490d86,NJE664B,Portugal,44.7381,2.4407,11277.6,225.33,230.09,False,2026-03-11 17:43:30
490d87,NJE636G,Portugal,51.2016,6.9749,3528.06,172.81,45.84,False,2026-03-11 17:43:30
491463,RVP225,Portugal,39.6031,-7.6544,1219.2,42.1,333.12,False,2026-03-11 17:43:30
4bbd13,TKJ9GA,Turkey,50.3886,5.7374,11277.6,241.31,111.64,False,2026-03-11 17:43:30
4ca7b3,RYR9MH,Ireland,40.7745,0.4828,10972.8,230.95,10.78,False,2026-03-11 17:43:30
4040f3,GEDGI,United Kingdom,51.5327,-2.1543,441.96,27.65,315.0,False,2026-03-11 17:43:30
43c93d,BAL89,United Kingdom,50.9942,-1.9212,487.68,44.12,238.35,False,2026-03-11 17:43:30
ac1e56,FDX2,United States,51.7988,-6.8567,10668.0,272.15,90.43,False,2026-03-11 17:43:30
484bd1,KLM56D,Kingdom of the Netherlands,48.364,-0.5095,9730.74,212.6,55.85,False,2026-03-11 17:43:30
49d5b4,OKELD,Czech Republic,50.1581,13.0181,1028.7,87.36,18.54,False,2026-03-11 17:43:30
4bb025,TKJ3VK,Turkey,49.7713,9.9726,11277.6,237.46,113.9,False,2026-03-11 17:43:30
4ca6f1,ITY1733,Ireland,40.2567,12.7114,9776.46,231.86,157.7,False,2026-03-11 17:43:30
3965b4,AFR718,France,39.2748,-3.0884,10668.0,252.35,200.65,False,2026-03-11 17:43:30
4ca6c4,EIN3LK,Ireland,53.4061,-3.7632,9898.38,246.93,86.3,False,2026-03-11 17:43:30
c023c7,ACA843,Canada,49.9945,8.5265,304.8,94.66,179.69,False,2026-03-11 17:43:30
49d5c0,ABP962,Czech Republic,50.4801,14.9157,3543.3,148.99,217.42,False,2026-03-11 17:43:30
45b86a,SUS1332,Denmark,43.82,4.8582,5021.58,153.52,338.16,False,2026-03-11 17:43:30
49d5d7,AAN251,Czech Republic,50.1209,14.2899,411.48,54.54,244.89,False,2026-03-11 17:43:30
3475d5,IBE06LL,Spain,41.0837,4.4247,10668.0,224.44,278.04,False,2026-03-11 17:43:30
3c49c8,EWG3GE,Germany,49.6035,6.226,9151.62,209.0,346.48,False,2026-03-11 17:43:30
8964fa,ETD72E,United Arab Emirates,44.5913,18.0859,12192.0,247.09,316.6,False,2026-03-11 17:43:30
4bb065,THY537,Turkey,37.3905,16.9296,10660.38,222.83,230.25,False,2026-03-11 17:43:30
3c49d4,EWG89Y,Germany,49.5149,9.7147,4853.94,169.37,188.03,False,2026-03-11 17:43:30
8964fc,ETD83W,United Arab Emirates,39.5437,19.7428,11574.78,243.31,312.09,False,2026-03-11 17:43:30
4bb061,THY4SC,Turkey,40.4637,-3.5685,,0.0,295.31,True,2026-03-11 17:43:30
4077e0,BAW33CE,United Kingdom,45.0077,5.8611,10972.8,226.85,333.32,False,2026-03-11 17:43:30
4064a4,TOM89A,United Kingdom,49.222,8.0463,12192.0,219.78,307.49,False,2026-03-11 17:43:30
02a196,TAR498,Tunisia,48.3891,12.1918,1501.14,104.87,326.0,False,2026-03-11 17:43:30
02a194,TAR440,Tunisia,49.0274,2.5746,152.4,59.85,265.56,False,2026-03-11 17:43:30
40172f,GAVSI,United Kingdom,51.4583,-1.3115,1173.48,40.07,228.12,False,2026-03-11 17:43:30
43c5ed,NAPER73,United Kingdom,52.8959,1.1635,3040.38,130.84,92.93,False,2026-03-11 17:43:30
43c5ee,RRR4182,United Kingdom,37.1343,18.8515,9441.18,218.19,120.62,False,2026-03-11 17:43:30
4ca6fc,RYR43TY,Ireland,51.2288,3.3501,11582.4,216.31,285.59,False,2026-03-11 17:43:30
3ddc79,CHX80,Germany,49.6861,12.1081,449.58,20.58,143.13,False,2026-03-11 17:43:30
3ddc77,CHX62,Germany,51.1767,14.3743,510.54,52.43,254.05,False,2026-03-11 17:43:30
3ddc6b,CHX86,Germany,51.5522,7.3854,441.96,74.19,56.31,False,2026-03-11 17:43:30
3ddc76,CHX51,Germany,48.8868,9.4044,594.36,31.21,278.53,False,2026-03-11 17:43:30
4ca806,RYR57HG,Ireland,45.6907,-8.9999,10972.8,241.27,180.12,False,2026-03-11 17:43:30
40788c,AUR607Y,United Kingdom,51.0722,-0.6401,2217.42,91.96,255.42,False,2026-03-11 17:43:30
4ca802,RYR33SX,Ireland,42.6899,-8.3952,10972.8,212.14,25.88,False,2026-03-11 17:43:30
4ca804,RYR539E,Ireland,44.7006,19.5164,11277.6,235.54,86.49,False,2026-03-11 17:43:30
4ca805,RYR9296,Ireland,53.2741,0.0732,7688.58,174.46,271.52,False,2026-03-11 17:43:30
4ca801,RYR586N,Ireland,52.3206,4.7347,,9.77,101.25,True,2026-03-11 17:43:30
496c88,FM074,Portugal,37.0193,-7.9667,,2.83,275.62,True,2026-03-11 17:43:30
484c9b,TRA37G,Kingdom of the Netherlands,45.4409,0.2051,11277.6,225.04,207.5,False,2026-03-11 17:43:30
4bb06d,THY1NS,Turkey,41.9637,-4.891,10363.2,228.25,71.2,False,2026-03-11 17:43:30
40653a,EZY18NM,United Kingdom,53.3329,-2.8664,137.16,72.72,265.94,False,2026-03-11 17:43:30
40653e,EZY95LA,United Kingdom,53.6886,-2.8785,11285.22,233.86,164.95,False,2026-03-11 17:43:30
3e0f78,STLON47,Germany,51.9833,12.2713,1249.68,70.22,111.49,False,2026-03-11 17:43:30
4ca82f,EJU36UQ,Ireland,44.3715,7.931,9944.1,229.4,239.7,False,2026-03-11 17:43:30
346390,EVE803,Spain,41.2974,2.072,,5.66,185.62,True,2026-03-11 17:43:30
346391,IBB83GB,Spain,36.0988,-5.2762,11582.4,212.89,50.0,False,2026-03-11 17:43:30
4ca836,EIN756,Ireland,37.4871,-6.208,914.4,114.23,134.27,False,2026-03-11 17:43:30
4ca847,RYR41PP,Ireland,37.765,-5.5577,4053.84,188.44,25.73,False,2026-03-11 17:43:30
4ca80f,RYR9461,Ireland,51.113,6.635,10523.22,208.33,235.56,False,2026-03-11 17:43:30
345042,VLG51LL,Spain,38.2881,-0.5501,,1.03,281.25,True,2026-03-11 17:43:30
485344,KLM617,Kingdom of the Netherlands,53.2142,0.8077,11498.58,238.01,281.72,False,2026-03-11 17:43:30
484c5a,TRA5N,Kingdom of the Netherlands,40.4464,-3.3802,11887.2,245.89,211.4,False,2026-03-11 17:43:30
4ca816,RYR28FF,Ireland,44.3504,3.5119,10972.8,250.84,56.8,False,2026-03-11 17:43:30
4ca810,RYR51DF,Ireland,47.0178,1.1869,11582.4,229.98,14.91,False,2026-03-11 17:43:30
347699,ECOGH,Spain,40.3581,-3.753,762.0,41.92,29.4,False,2026-03-11 17:43:30
3e1681,CHX35,Germany,52.3883,12.3796,76.2,12.71,158.63,False,2026-03-11 17:43:30
484c50,KLM81M,Kingdom of the Netherlands,53.0402,1.7611,10081.26,205.54,278.64,False,2026-03-11 17:43:30
347693,,Spain,40.3754,-3.7912,723.9,43.95,343.69,False,2026-03-11 17:43:30
347690,VLG6UT,Spain,39.0932,-3.3218,11277.6,228.18,214.62,False,2026-03-11 17:43:30
406590,BAW60,United Kingdom,49.2554,10.6328,10972.8,234.44,296.17,False,2026-03-11 17:43:30
3e1679,CHX29,Germany,53.5967,10.0782,,5.66,163.12,True,2026-03-11 17:43:30
44c069,PGC43P,Belgium,50.1206,6.0896,8595.36,144.54,321.21,False,2026-03-11 17:43:30
484c54,KLM1791,Kingdom of the Netherlands,52.4588,9.6927,,0.39,92.81,True,2026-03-11 17:43:30
ac3857,FDX8A,United States,49.6507,-3.977,11277.6,275.21,96.98,False,2026-03-11 17:43:30
484c52,KLM15Z,Kingdom of the Netherlands,51.4211,7.0522,1082.04,96.76,234.96,False,2026-03-11 17:43:30
486660,PHZVE,Kingdom of the Netherlands,51.6532,4.6803,342.9,40.7,249.27,False,2026-03-11 17:43:30
4ca757,ITY1467,Ireland,42.728,11.9451,8168.64,204.41,353.79,False,2026-03-11 17:43:30
486649,CND4YL,Kingdom of the Netherlands,52.5221,5.1997,1790.7,124.65,272.84,False,2026-03-11 17:43:30
447c7a,,Austria,48.1153,16.5672,,10.29,292.5,True,2026-03-11 17:43:30
40780e,BAW42DB,United Kingdom,51.4651,-0.3803,236.22,67.91,269.57,False,2026-03-11 17:43:30
4ca75f,RYR46CJ,Ireland,51.9962,1.0248,3009.9,131.67,274.93,False,2026-03-11 17:43:30
461f9c,FIN1676,Finland,39.6596,-3.4732,10363.2,216.96,3.4,False,2026-03-11 17:43:30
34644d,IBS1610,Spain,39.0533,-5.0593,10134.6,215.97,47.8,False,2026-03-11 17:43:30
394c10,AFR79TT,France,47.5388,2.8529,10058.4,239.12,154.92,False,2026-03-11 17:43:30
48663e,TRA70Y,Kingdom of the Netherlands,44.6614,-4.0689,11269.98,237.15,213.14,False,2026-03-11 17:43:30
4ca762,RYR4UD,Ireland,40.9329,11.8471,7627.62,193.11,355.11,False,2026-03-11 17:43:30
394c19,AFR34FQ,France,53.9952,6.4673,11590.02,215.41,197.66,False,2026-03-11 17:43:30
394c18,AFR41CM,France,43.6998,1.2798,1257.3,101.32,302.56,False,2026-03-11 17:43:30
461f6c,FIN4AZ,Finland,52.5623,5.0128,1203.96,109.58,269.73,False,2026-03-11 17:43:30
461f6e,FIN7RA,Finland,51.1921,10.6078,6766.56,184.51,223.31,False,2026-03-11 17:43:30
4ca738,RYR545W,Ireland,49.8357,13.3887,11887.2,240.24,110.3,False,2026-03-11 17:43:30
740825,RJA112,Jordan,50.5412,5.3727,12489.18,268.74,112.39,False,2026-03-11 17:43:30
4ca73b,RYR850H,Ireland,51.887,8.291,11277.6,241.32,93.91,False,2026-03-11 17:43:30
4ca73e,RYR5361,Ireland,40.1827,5.951,11582.4,213.97,74.09,False,2026-03-11 17:43:30
3009b2,DLA1PN,Italy,50.0485,8.5927,,6.43,135.0,True,2026-03-11 17:43:30
3009b3,DLA2HT,Italy,51.7143,0.1199,9144.0,201.82,285.52,False,2026-03-11 17:43:30
48af10,LOT373,Poland,51.9584,19.642,7254.24,186.11,251.46,False,2026-03-11 17:43:30
48af11,LOT5KT,Poland,45.9413,14.8708,11277.6,235.85,213.79,False,2026-03-11 17:43:30
3009b5,DLA3RX,Italy,50.3227,6.6512,10058.4,205.24,297.46,False,2026-03-11 17:43:30
780092,CAO1047,China,50.0919,8.8047,1021.08,78.46,249.66,False,2026-03-11 17:43:30
49c43c,OKEUI10,Czech Republic,50.3281,14.2591,541.02,38.34,229.9,False,2026-03-11 17:43:30
48af07,LOT5JL,Poland,49.0315,3.4397,10972.8,253.7,60.21,False,2026-03-11 17:43:30
48af08,LOT4YJ,Poland,50.2355,7.9692,11277.6,251.01,63.86,False,2026-03-11 17:43:30
48af06,LOT164,Poland,43.4578,7.1921,11582.4,222.93,47.99,False,2026-03-11 17:43:30
48af01,LOT1MJ,Poland,50.1041,13.2399,12192.0,221.17,266.27,False,2026-03-11 17:43:30
447c50,00000000,Austria,48.118,16.5703,,4.89,210.94,True,2026-03-11 17:43:30
461f69,FIN2PG,Finland,51.299,7.0125,6560.82,170.18,233.23,False,2026-03-11 17:43:30
48af00,LOT6ED,Poland,52.1175,19.8138,5212.08,192.07,262.3,False,2026-03-11 17:43:30
44cc43,BEL6HB,Belgium,40.6358,-6.6821,11582.4,213.28,39.91,False,2026-03-11 17:43:30
461f64,FIN1RY,Finland,39.4026,-8.2685,7315.2,207.27,58.09,False,2026-03-11 17:43:30
461f65,FIN1336,Finland,51.5199,-0.6593,1577.34,129.22,330.68,False,2026-03-11 17:43:30
49c450,OKDUN77,Czech Republic,48.8509,16.6354,571.5,56.03,346.73,False,2026-03-11 17:43:30
406531,BAW73V,United Kingdom,51.3377,-0.0618,2278.38,115.11,261.0,False,2026-03-11 17:43:30
406532,BAW928,United Kingdom,51.9206,0.4944,6606.54,212.63,85.42,False,2026-03-11 17:43:30
3916ea,FGFXK,France,48.5558,-2.1127,342.9,72.12,165.96,False,2026-03-11 17:43:30
400ed8,UAH81,United Kingdom,53.0567,-0.7215,998.22,45.72,19.05,False,2026-03-11 17:43:30
400ebb,UAU44,United Kingdom,51.044,-1.7691,1790.7,45.88,252.38,False,2026-03-11 17:43:30
781eb7,CES787,China,44.7597,12.1909,11582.4,257.23,180.57,False,2026-03-11 17:43:30
40650b,CFE61X,United Kingdom,52.3646,13.5023,,0.0,157.5,True,2026-03-11 17:43:30
384684,FBRUE,France,48.4808,3.6828,1158.24,79.86,76.59,False,2026-03-11 17:43:30
346408,EAX5GS,Spain,41.5037,2.0519,838.2,42.58,258.15,False,2026-03-11 17:43:30
89653c,ETD7MA,United Arab Emirates,43.4111,19.4139,10972.8,241.39,311.03,False,2026-03-11 17:43:30
449683,JAF3WE,Belgium,50.4821,3.3655,6736.08,215.35,36.84,False,2026-03-11 17:43:30
400eb6,CWL15,United Kingdom,52.9506,-0.3962,1219.2,55.92,332.02,False,2026-03-11 17:43:30
461f56,FIN2WA,Finland,40.9361,-6.0579,13106.4,240.94,27.88,False,2026-03-11 17:43:30
40782b,AUR8LG,United Kingdom,49.4335,-2.5963,,0.0,180.0,True,2026-03-11 17:43:30
400eb9,NCKL64,United Kingdom,51.6313,-1.1793,1097.28,57.77,98.71,False,2026-03-11 17:43:30
49c495,OKMUA88,Czech Republic,50.3985,16.1283,502.92,39.45,50.29,False,2026-03-11 17:43:30
461f39,FIN5DL,Finland,48.3962,9.1525,6111.24,199.78,223.43,False,2026-03-11 17:43:30
383f9a,4Y13179,France,43.6528,1.3563,,0.0,264.38,True,2026-03-11 17:43:30
461f35,FIN3EF,Finland,49.0392,2.7995,1043.94,87.24,265.26,False,2026-03-11 17:43:30
461f31,FIN4VP,Finland,47.3786,7.6063,9372.6,206.29,216.58,False,2026-03-11 17:43:30
781f74,CSN345,China,52.5559,4.8228,632.46,104.63,258.08,False,2026-03-11 17:43:30
48b4f3,SPSMO,Poland,52.4504,16.8027,335.28,49.58,120.56,False,2026-03-11 17:43:30
39b660,FHNTA,France,45.8292,5.9835,2346.96,51.26,218.48,False,2026-03-11 17:43:30
491d83,NJE451T,Portugal,47.5811,7.6829,4450.08,171.93,124.02,False,2026-03-11 17:43:30
491d81,NJE101R,Portugal,42.5351,-8.3064,1562.1,121.62,260.26,False,2026-03-11 17:43:30
491d88,NJE101F,Portugal,44.2736,10.5762,12184.38,238.84,330.73,False,2026-03-11 17:43:30
4076e2,BAW988G,United Kingdom,51.8245,0.256,6804.66,213.54,77.34,False,2026-03-11 17:43:30
4076e3,BAW744,United Kingdom,50.5223,0.0911,7132.32,270.11,152.8,False,2026-03-11 17:43:30
8964a4,UAE181,United Arab Emirates,42.5328,19.3954,10972.8,236.08,315.09,False,2026-03-11 17:43:30
4ca6a9,RYR6852,Ireland,37.57,-2.4529,11277.6,234.23,244.22,False,2026-03-11 17:43:30
4864ee,KLM1780,Kingdom of the Netherlands,52.3326,4.7122,,10.8,163.12,True,2026-03-11 17:43:30
a21246,TWY23,United States,47.289,-2.6605,12496.8,237.25,239.65,False,2026-03-11 17:43:30
4864ed,KLM40E,Kingdom of the Netherlands,50.0738,19.7986,,4.37,81.56,True,2026-03-11 17:43:30
780019,CAO3155,China,52.3578,8.4449,11582.4,208.82,218.2,False,2026-03-11 17:43:30
3c1253,,Germany,53.544,9.8222,,0.0,14.06,True,2026-03-11 17:43:30
780c5c,CAO1040,China,52.2397,4.6802,1089.66,105.88,145.69,False,2026-03-11 17:43:30
4851ad,KLM896,Kingdom of the Netherlands,51.9813,7.8217,9738.36,213.13,291.67,False,2026-03-11 17:43:30
491116,RVP298,Portugal,39.6892,-7.6634,792.48,48.02,224.13,False,2026-03-11 17:43:30
491117,RVP206,Portugal,39.2262,-8.4931,1249.68,48.15,288.05,False,2026-03-11 17:43:30
491115,RVP283,Portugal,39.5244,-7.9548,1097.28,51.78,69.04,False,2026-03-11 17:43:30
46aa42,RJB301,Greece,41.5548,19.8299,12496.8,220.33,119.98,False,2026-03-11 17:43:30
48adac,LOT5CN,Poland,50.5599,14.1075,10972.8,227.11,246.22,False,2026-03-11 17:43:30
4050c0,GCIFY,United Kingdom,50.6131,-4.9012,762.0,64.76,38.87,False,2026-03-11 17:43:30
4ca5c8,EIN5KM,Ireland,51.6194,-1.6519,10972.8,206.71,286.63,False,2026-03-11 17:43:30
4ca5c6,EIN953,Ireland,54.1591,-6.2645,6347.46,197.79,2.83,False,2026-03-11 17:43:30
3c48f1,EWG65J,Germany,48.8966,9.5688,2125.98,128.34,167.97,False,2026-03-11 17:43:30
4a524b,TOY523,Romania,46.8734,14.9056,11132.82,233.67,122.05,False,2026-03-11 17:43:30
4853d2,TRA2H,Kingdom of the Netherlands,37.6211,-7.6139,4389.12,177.99,184.31,False,2026-03-11 17:43:30
501c13,SDR38NM,Croatia,53.0517,8.7853,,1.29,50.62,True,2026-03-11 17:43:30
3c48ea,EWG4TW,Germany,48.4751,6.8042,9144.0,216.63,263.04,False,2026-03-11 17:43:30
49130d,NJE376T,Portugal,47.3474,6.5931,10668.0,185.76,220.39,False,2026-03-11 17:43:30
496cb1,FM075,Portugal,37.0171,-7.9701,,3.09,278.44,True,2026-03-11 17:43:30
4078ae,EXS8GL,United Kingdom,51.9038,-0.7516,10927.08,208.99,349.93,False,2026-03-11 17:43:30
496cb2,FM077,Portugal,37.0196,-7.9698,,5.14,8.44,True,2026-03-11 17:43:30
501c16,CFG8KW,Croatia,45.5317,5.3245,10363.2,250.63,50.33,False,2026-03-11 17:43:30
484cc3,KLM57Y,Kingdom of the Netherlands,53.7948,-1.551,792.48,84.42,316.48,False,2026-03-11 17:43:30
496ca7,RFF07,Portugal,37.0133,-7.9555,,8.75,281.25,True,2026-03-11 17:43:30
484cba,KLM843,Kingdom of the Netherlands,52.3037,4.7752,,13.38,239.06,True,2026-03-11 17:43:30
484cb7,KLM72C,Kingdom of the Netherlands,44.4622,4.6881,10241.28,235.71,355.87,False,2026-03-11 17:43:30
484cb4,KLM14M,Kingdom of the Netherlands,44.0673,17.5571,11582.4,226.04,329.35,False,2026-03-11 17:43:30
3d68dd,DFLYR,Germany,47.5957,6.1458,8534.4,139.9,297.6,False,2026-03-11 17:43:30
399c01,FHHAB,France,47.7213,2.4112,5486.4,113.24,252.55,False,2026-03-11 17:43:30
4b1bf6,HBKPI,Switzerland,47.5999,7.6111,777.24,47.74,307.12,False,2026-03-11 17:43:30
4078fe,EXS49A,United Kingdom,52.4074,-0.2648,10972.8,209.4,327.95,False,2026-03-11 17:43:30
ae03de,CNV6551,United States,43.3822,9.898,7315.2,150.4,330.72,False,2026-03-11 17:43:30
405ee0,BAW16MT,United Kingdom,47.3675,3.8082,11582.4,223.72,340.52,False,2026-03-11 17:43:30
ae03cc,CNV3591,United States,39.3528,0.9081,7002.78,155.58,86.97,False,2026-03-11 17:43:30
49d4ef,OKSTG,Czech Republic,49.7647,16.8247,2735.58,89.65,80.75,False,2026-03-11 17:43:30
48418a,KLM80Z,Kingdom of the Netherlands,44.1198,-4.1168,11582.4,228.47,23.91,False,2026-03-11 17:43:30
43bfe1,LEADER 9,United Kingdom,51.1542,-0.1747,,3.6,171.56,True,2026-03-11 17:43:30
3e288d,DIGOB,Germany,49.2741,7.458,670.56,80.85,209.34,False,2026-03-11 17:43:30
38e69c,FJDTO,France,50.7411,3.473,129.54,44.41,71.77,False,2026-03-11 17:43:30
461fa7,FIN91Y,Finland,53.9686,10.1371,2598.42,132.62,238.16,False,2026-03-11 17:43:30
4911f3,VVV341,Portugal,44.7174,-5.7558,13106.4,211.74,44.02,False,2026-03-11 17:43:30
461fa4,FIN7WG,Finland,51.4676,-0.1385,1089.66,84.74,254.87,False,2026-03-11 17:43:30
461fa5,FIN45M,Finland,45.5553,9.1819,3307.08,179.71,225.7,False,2026-03-11 17:43:30
40799c,CFE11L,United Kingdom,50.2174,4.7912,11887.2,238.9,114.96,False,2026-03-11 17:43:30
484186,TRA17H,Kingdom of the Netherlands,45.7571,0.4446,11277.6,222.3,207.87,False,2026-03-11 17:43:30
40799b,CFE80NJ,United Kingdom,49.1684,3.5036,10972.8,221.04,322.09,False,2026-03-11 17:43:30
40666a,EZY81BJ,United Kingdom,51.3725,2.5897,8686.8,212.78,281.01,False,2026-03-11 17:43:30
48548d,KLM1329,Kingdom of the Netherlands,51.3408,11.3299,10668.0,225.92,105.59,False,2026-03-11 17:43:30
484166,KLM54G,Kingdom of the Netherlands,41.8671,12.0944,2095.5,124.44,344.41,False,2026-03-11 17:43:30
43bff8,ROVER 1,United Kingdom,51.1535,-0.1813,,9.77,177.19,True,2026-03-11 17:43:30
40665f,TOM93T,United Kingdom,51.5868,-7.6476,10972.8,238.01,33.0,False,2026-03-11 17:43:30
40798f,GCLNA,United Kingdom,52.1865,0.1669,312.42,45.11,134.08,False,2026-03-11 17:43:30
48415e,KLM60H,Kingdom of the Netherlands,43.0345,-7.8735,11811.0,225.23,41.48,False,2026-03-11 17:43:30
4d0280,JFA17W,Luxembourg,46.2683,6.1533,518.16,48.74,225.0,False,2026-03-11 17:43:30
399043,LEA018D,France,50.798,7.4355,3147.06,162.77,92.9,False,2026-03-11 17:43:30
43bfdd,LEADER 8,United Kingdom,51.1546,-0.197,,7.72,154.69,True,2026-03-11 17:43:30
c2b553,CFC2912,Canada,45.1884,8.1846,7924.8,173.65,69.9,False,2026-03-11 17:43:30
43bfdf,LEADER 6,United Kingdom,51.1471,-0.189,,5.92,255.94,True,2026-03-11 17:43:30
4ca718,ITY578,Ireland,46.0644,6.5352,4572.0,150.68,304.29,False,2026-03-11 17:43:30
484160,KLM26Y,Kingdom of the Netherlands,50.3865,12.2412,12192.0,219.16,306.6,False,2026-03-11 17:43:30
484161,KLM31G,Kingdom of the Netherlands,51.3853,-2.7101,,0.45,354.38,True,2026-03-11 17:43:30
48414d,TRA15T,Kingdom of the Netherlands,39.3016,-0.5486,6705.6,200.06,195.36,False,2026-03-11 17:43:30
48414c,TRA11U,Kingdom of the Netherlands,50.0214,3.5075,11711.94,221.56,206.03,False,2026-03-11 17:43:30
39908b,FHEEL,France,48.7543,2.1342,220.98,29.12,302.01,False,2026-03-11 17:43:30
a762cc,UPS213,United States,50.8894,4.4235,9570.72,260.61,101.73,False,2026-03-11 17:43:30
4bcdae,SXS6HR,Turkey,47.9884,9.8056,11277.6,236.76,139.32,False,2026-03-11 17:43:30
49d600,OKDPH,Czech Republic,49.6789,13.2839,350.52,32.83,237.8,False,2026-03-11 17:43:30
399074,FHEDU,France,48.5141,0.0418,2743.2,80.85,119.34,False,2026-03-11 17:43:30
896719,ABY243,United Arab Emirates,43.743,17.3591,11887.2,243.73,139.45,False,2026-03-11 17:43:30
3cce71,FCK2FT,Germany,51.3009,6.7966,121.92,58.03,232.93,False,2026-03-11 17:43:30
405385,SFU55,United Kingdom,50.945,-1.1742,586.74,41.68,88.59,False,2026-03-11 17:43:30
484127,P4BTR,Kingdom of the Netherlands,42.9267,13.0334,12496.8,253.26,150.15,False,2026-03-11 17:43:30
4ca704,RYR84FT,Ireland,40.0044,-5.8841,10972.8,224.29,69.74,False,2026-03-11 17:43:30
484131,KLM42Y,Kingdom of the Netherlands,41.0845,-3.1917,6926.58,188.85,9.56,False,2026-03-11 17:43:30
4ca700,RYR36KX,Ireland,42.0613,-3.2649,11582.4,211.65,347.08,False,2026-03-11 17:43:30
4ca701,RYR47HU,Ireland,38.3613,11.8805,8816.34,223.05,274.9,False,2026-03-11 17:43:30
3cc21e,DCAUW,Germany,49.4486,10.7506,6096.0,190.78,229.26,False,2026-03-11 17:43:30
48676a,PHKFT,Kingdom of the Netherlands,53.2702,6.6557,525.78,59.07,199.86,False,2026-03-11 17:43:30
48676b,PHKFS,Kingdom of the Netherlands,51.9542,4.4337,91.44,32.11,234.78,False,2026-03-11 17:43:30
44ba70,NHX01A,Belgium,51.5392,2.9036,144.78,32.39,349.94,False,2026-03-11 17:43:30
48676f,PHKFO,Kingdom of the Netherlands,53.1421,6.6254,251.46,38.2,224.45,False,2026-03-11 17:43:30
486769,PHKFU,Kingdom of the Netherlands,53.0953,6.568,327.66,56.1,144.71,False,2026-03-11 17:43:30
4ca63a,EIN54M,Ireland,45.085,4.3122,10576.56,237.34,137.11,False,2026-03-11 17:43:30
4ca63b,EIN636,Ireland,51.3267,0.9741,8839.2,233.67,96.83,False,2026-03-11 17:43:30
4794f2,NSZ24J,Norway,40.6431,-3.2611,10972.8,221.26,8.83,False,2026-03-11 17:43:30
4ca646,RYR28QZ,Ireland,44.9689,6.7842,10972.8,229.09,13.51,False,2026-03-11 17:43:30
4ca647,RYR83VG,Ireland,41.9838,11.0486,11277.6,237.25,203.79,False,2026-03-11 17:43:30
345248,VLG77RP,Spain,41.2932,2.0818,,0.0,67.5,True,2026-03-11 17:43:30
4ca643,RYR868E,Ireland,39.8745,-8.1198,9098.28,192.21,344.48,False,2026-03-11 17:43:30
407930,BAW816,United Kingdom,52.2343,2.178,11071.86,252.42,75.48,False,2026-03-11 17:43:30
49d62c,AAN171,Czech Republic,38.7957,-8.297,5417.82,172.04,221.36,False,2026-03-11 17:43:30
0201c4,RAM851W,Morocco,50.6526,3.7537,10988.04,222.97,221.82,False,2026-03-11 17:43:30
0201c3,RAM970H,Morocco,39.6723,-4.1229,5295.9,192.81,45.65,False,2026-03-11 17:43:30
0201c2,RAM982,Morocco,38.1259,-8.9925,3543.3,167.08,337.94,False,2026-03-11 17:43:30
0201c1,RAM806,Morocco,51.2191,-0.5688,2636.52,146.15,41.43,False,2026-03-11 17:43:30
0201c0,RAM796L,Morocco,43.057,0.2794,6888.48,204.03,53.3,False,2026-03-11 17:43:30
407924,WDK45,United Kingdom,51.5219,-0.2904,350.52,62.38,183.78,False,2026-03-11 17:43:30
4ca61f,RYR4EK,Ireland,43.3794,7.0575,10972.8,228.57,48.74,False,2026-03-11 17:43:30
486741,KLM43Y,Kingdom of the Netherlands,53.5512,-2.3574,11590.02,215.67,279.89,False,2026-03-11 17:43:30
0201b5,RAM664Y,Morocco,37.4612,-5.7419,11574.78,210.2,24.43,False,2026-03-11 17:43:30
4ca61d,RYR61KP,Ireland,42.8545,11.0982,11582.4,221.93,9.07,False,2026-03-11 17:43:30
4ca622,RYR78FP,Ireland,43.9294,6.8169,11277.6,222.77,237.45,False,2026-03-11 17:43:30
407997,LDG26,United Kingdom,52.1886,0.2181,1226.82,63.69,189.77,False,2026-03-11 17:43:30
486730,PHKFW,Kingdom of the Netherlands,53.1254,6.5912,60.96,35.19,232.13,False,2026-03-11 17:43:30
49d64c,PRG039,Czech Republic,50.1646,14.436,1028.7,72.72,244.89,False,2026-03-11 17:43:30
45da05,BIO05,Denmark,51.1087,-1.1871,601.98,58.77,299.93,False,2026-03-11 17:43:30
4b1c99,HBKVP,Switzerland,47.2053,8.8706,396.24,26.84,77.83,False,2026-03-11 17:43:30
345218,AEA5049,Spain,39.7294,-3.7276,9090.66,222.54,184.91,False,2026-03-11 17:43:30
345215,AEA6072,Spain,41.3318,2.1802,304.8,72.48,244.34,False,2026-03-11 17:43:30
345212,VLG33XN,Spain,41.2924,2.0845,,8.23,165.94,True,2026-03-11 17:43:30
407983,LDG20,United Kingdom,52.4053,-0.7306,662.94,63.29,250.53,False,2026-03-11 17:43:30
345207,VLG30AH,Spain,39.9407,-0.1576,10363.2,228.5,38.42,False,2026-03-11 17:43:30
407979,BAW171,United Kingdom,52.6063,-1.1185,7109.46,201.24,324.89,False,2026-03-11 17:43:30
49d66d,OKHTO,Czech Republic,49.9092,14.2188,586.74,54.87,51.09,False,2026-03-11 17:43:30
400fe0,EZY954C,United Kingdom,52.6275,-1.2777,10363.2,201.64,330.16,False,2026-03-11 17:43:30
407959,EZY68FL,United Kingdom,44.1293,5.903,11871.96,229.96,143.0,False,2026-03-11 17:43:30
4c3c84,FUU121E,Serbia,42.7958,16.3632,12504.42,239.42,79.1,False,2026-03-11 17:43:30
49c35f,OKBUD33,Czech Republic,49.9914,14.7719,693.42,28.57,283.54,False,2026-03-11 17:43:30
4d00f6,LGL767P,Luxembourg,48.817,2.1406,10668.0,209.29,231.19,False,2026-03-11 17:43:30
4d00d6,LGL8854,Luxembourg,49.1536,11.7971,7315.2,152.12,293.1,False,2026-03-11 17:43:30
a549ed,N44T,United States,52.7651,-2.5017,708.66,89.99,149.04,False,2026-03-11 17:43:30
4d00d5,LGL38K,Luxembourg,49.6265,6.2093,,11.83,270.0,True,2026-03-11 17:43:30
4d00d4,LGL4GV,Luxembourg,47.2165,6.1052,7315.2,178.99,7.43,False,2026-03-11 17:43:30
4077fb,UKP153,United Kingdom,53.0682,-1.3976,670.56,37.98,208.3,False,2026-03-11 17:43:30
4d00f1,LGL1E,Luxembourg,43.4223,-1.2013,11887.2,238.46,208.33,False,2026-03-11 17:43:30
4852ed,PHCCL,Kingdom of the Netherlands,51.5608,4.5749,137.16,30.29,249.1,False,2026-03-11 17:43:30
4d00f2,LGL37LM,Luxembourg,48.8834,3.5349,10668.0,207.52,234.89,False,2026-03-11 17:43:30
4bce0f,SXS4BK,Turkey,45.39,19.911,11582.4,231.79,308.42,False,2026-03-11 17:43:30
4852f6,KLM85F,Kingdom of the Netherlands,51.8379,-8.4891,,3.09,345.94,True,2026-03-11 17:43:30
3d3d54,DEVMA,Germany,48.6164,13.2303,518.16,62.93,302.65,False,2026-03-11 17:43:30
780d8f,CAO8439,China,40.2646,-3.1878,2438.4,123.14,279.62,False,2026-03-11 17:43:30
4b1bb6,HBKMW,Switzerland,46.0219,8.935,487.68,39.72,343.44,False,2026-03-11 17:43:30
3450d8,AEA1684,Spain,44.1952,8.198,12489.18,245.48,263.38,False,2026-03-11 17:43:30
4b8533,PGT41HD,Turkey,49.5296,13.8171,11582.4,216.67,305.24,False,2026-03-11 17:43:30
3473c4,QFY81D,Spain,39.6753,-4.0408,1828.8,41.7,177.88,False,2026-03-11 17:43:30
3b776c,CVEX27,France,43.0621,7.8105,8374.38,218.6,123.09,False,2026-03-11 17:43:30
3b776e,CTM0369,France,43.5214,7.6973,9136.38,195.89,293.2,False,2026-03-11 17:43:30
4bcd83,SXS5VL,Turkey,46.8254,9.369,11277.6,240.15,126.55,False,2026-03-11 17:43:30
4bcd81,SXS7HQ,Turkey,48.2631,11.6522,8084.82,197.74,290.08,False,2026-03-11 17:43:30
a2530c,N249SP,United States,53.0936,-0.6729,1927.86,81.6,166.14,False,2026-03-11 17:43:30
4ca4f5,RYR5XY,Ireland,36.8617,14.6318,4572.0,183.18,215.74,False,2026-03-11 17:43:30
4075a2,CFE1ZF,United Kingdom,52.817,-0.828,10652.76,239.46,138.57,False,2026-03-11 17:43:30
a00048,MVJ1,United States,45.5447,8.2549,12192.0,250.21,310.83,False,2026-03-11 17:43:30
040159,ETH3711,Ethiopia,50.6317,5.2241,2026.92,110.46,297.76,False,2026-03-11 17:43:30
49d3ac,BOH712,Czech Republic,41.1429,-6.345,13106.4,203.32,236.35,False,2026-03-11 17:43:30
040156,ETH3500,Ethiopia,41.642,0.7574,9448.8,233.46,289.03,False,2026-03-11 17:43:30
4d0118,CLX1G,Luxembourg,49.4783,9.0397,9144.0,217.93,280.89,False,2026-03-11 17:43:30
4d010b,ICV4093,Luxembourg,44.8598,14.7412,8839.2,260.89,105.79,False,2026-03-11 17:43:30
899039,EVA067,Taiwan,47.7916,17.2801,10972.8,239.02,289.49,False,2026-03-11 17:43:30
3989f8,FHCPY,France,45.5133,4.2996,822.96,44.29,272.66,False,2026-03-11 17:43:30
407677,GCKZD,United Kingdom,53.7433,-1.1143,701.04,31.3,334.7,False,2026-03-11 17:43:30
346191,IPL63EG,Spain,39.8962,-1.0927,1905.0,43.03,27.79,False,2026-03-11 17:43:30
48ad87,LOT3LF,Poland,49.6867,18.2467,10972.8,215.02,236.12,False,2026-03-11 17:43:30
48ad82,LOT7VA,Poland,51.4687,17.3662,10416.54,226.15,249.22,False,2026-03-11 17:43:30
407666,EZY63WU,United Kingdom,47.1643,-4.524,10355.58,221.53,36.31,False,2026-03-11 17:43:30
407667,EZY91NF,United Kingdom,51.1586,-0.1752,,0.77,348.75,True,2026-03-11 17:43:30
346186,IBE07RR,Spain,45.9515,0.6293,11285.22,223.03,208.22,False,2026-03-11 17:43:30
3e010c,SRP3,Germany,49.4575,7.5837,457.2,20.17,264.14,False,2026-03-11 17:43:30
346182,ANE41PM,Spain,39.5882,3.9104,2293.62,144.44,74.08,False,2026-03-11 17:43:30
44819b,,Belgium,50.9017,4.4928,,8.75,14.06,True,2026-03-11 17:43:30
406f74,BAW135,United Kingdom,51.2233,1.2333,6225.54,227.72,100.68,False,2026-03-11 17:43:30
400cd8,EZY93FE,United Kingdom,49.2541,-2.0186,10058.4,221.13,27.58,False,2026-03-11 17:43:30
486495,KLM89Y,Kingdom of the Netherlands,50.9057,5.6741,10393.68,210.4,160.28,False,2026-03-11 17:43:30
486494,KLM1010,Kingdom of the Netherlands,52.4155,4.4058,1996.44,142.79,102.48,False,2026-03-11 17:43:30
5140d7,GEL1903,Georgia,48.8459,16.9008,12496.8,240.73,118.04,False,2026-03-11 17:43:30
34748a,MEECOAE,Spain,39.5199,2.6579,1051.56,73.77,236.09,False,2026-03-11 17:43:30
4ca4ec,RYR84ZH,Ireland,53.1077,-0.9912,8534.4,190.67,330.95,False,2026-03-11 17:43:30
3a4494,REU9971,France,40.1514,17.6261,10363.2,240.14,308.56,False,2026-03-11 17:43:30
485122,TRA52A,Kingdom of the Netherlands,52.5307,5.3887,2308.86,129.35,281.94,False,2026-03-11 17:43:30
347481,AEA7317,Spain,40.2437,-3.7329,2766.06,138.32,109.78,False,2026-03-11 17:43:30
346147,IBE07VP,Spain,40.785,-3.6581,4419.6,164.07,6.3,False,2026-03-11 17:43:30
45a1e6,UFX63,Denmark,53.4483,-2.8359,480.06,66.97,117.94,False,2026-03-11 17:43:30
34745a,AEA6066,Spain,39.4744,2.0667,6187.44,173.32,283.21,False,2026-03-11 17:43:30
40768d,EZY32EK,United Kingdom,37.6459,-7.6718,10668.0,259.58,185.8,False,2026-03-11 17:43:30
40768a,EZY9108,United Kingdom,51.6439,-1.4344,11582.4,225.44,354.24,False,2026-03-11 17:43:30
45a1ac,BBX52E,Denmark,53.1696,4.1166,571.5,55.66,315.37,False,2026-03-11 17:43:30
34744c,VLG3YG,Spain,49.3223,2.8409,9448.8,204.55,203.73,False,2026-03-11 17:43:30
3cd43c,HHN909,Germany,43.583,-4.444,12192.0,210.77,23.75,False,2026-03-11 17:43:30
4409c0,EJU96NU,Austria,48.6128,2.1815,2156.46,146.23,170.07,False,2026-03-11 17:43:30
347454,IBE07WW,Spain,45.1059,-2.8922,10355.58,199.85,9.63,False,2026-03-11 17:43:30
3950ce,AFR89SX,France,43.3856,10.9583,11582.4,212.89,313.34,False,2026-03-11 17:43:30
347453,IBE08FR,Spain,41.1894,2.2699,10660.38,217.59,263.21,False,2026-03-11 17:43:30
3950cd,AFR89MM,France,45.2377,1.8475,11079.48,213.1,184.43,False,2026-03-11 17:43:30
407685,HLE88,United Kingdom,52.1718,0.1373,76.2,6.22,245.56,False,2026-03-11 17:43:30
3950cc,AFR81RM,France,48.4425,2.3312,6385.56,218.0,161.99,False,2026-03-11 17:43:30
48ad0c,LOT3JK,Poland,52.418,18.602,8869.68,198.37,282.13,False,2026-03-11 17:43:30
407689,EZY68DM,United Kingdom,51.3809,-2.7634,655.32,73.71,266.4,False,2026-03-11 17:43:30
3950cf,AFR87GP,France,45.9833,3.7163,11887.2,239.28,146.75,False,2026-03-11 17:43:30
3c1aeb,KLM1713,Germany,49.6305,6.2139,,5.66,331.88,True,2026-03-11 17:43:30
4409a8,OE9487,Austria,48.1735,14.2258,861.06,53.51,37.97,False,2026-03-11 17:43:30
48ad19,LOT3947,Poland,52.4223,16.8116,,5.4,160.31,True,2026-03-11 17:43:30
48ad10,LOT2WP,Poland,50.0267,11.3867,10789.92,210.94,269.16,False,2026-03-11 17:43:30
400ceb,EFW7YT,United Kingdom,40.7667,-4.2767,10058.4,244.01,186.78,False,2026-03-11 17:43:30
502daa,BTI2MZ,Latvia,38.6076,-3.5806,10774.68,202.25,4.38,False,2026-03-11 17:43:30
48ad09,LOT4MB,Poland,47.56,7.6848,10668.0,206.22,214.84,False,2026-03-11 17:43:30
48ad03,LOT389,Poland,52.4042,13.7166,815.34,84.84,249.04,False,2026-03-11 17:43:30
49d504,OKBIN,Czech Republic,50.332,14.2896,472.44,40.84,160.88,False,2026-03-11 17:43:30
502da9,SWR3AG,Latvia,47.5201,8.4766,1889.76,87.97,269.66,False,2026-03-11 17:43:30
3c496d,TUI5TA,Germany,41.2532,-5.8358,11582.4,216.34,28.09,False,2026-03-11 17:43:30
346204,IBE09AG,Spain,45.6052,0.2998,11262.36,223.65,207.39,False,2026-03-11 17:43:30
407630,EXS82EN,United Kingdom,41.7357,-8.6139,10972.8,199.69,6.06,False,2026-03-11 17:43:30
49d52c,OKFIN,Czech Republic,49.8026,17.2812,1043.94,55.24,94.81,False,2026-03-11 17:43:30
34750b,AEA85HA,Spain,42.8523,-7.5689,7239.0,202.17,132.01,False,2026-03-11 17:43:30
34750a,AEA54HL,Spain,38.6912,1.2573,7307.58,225.21,77.87,False,2026-03-11 17:43:30
394a04,AFR6J,France,49.0403,0.7883,8610.6,214.26,272.75,False,2026-03-11 17:43:30
3e0178,CHX38,Germany,50.7951,13.6523,777.24,50.41,194.18,False,2026-03-11 17:43:30
3cc187,AWH71W,Germany,52.4709,10.0202,937.26,72.06,241.42,False,2026-03-11 17:43:30
3e0175,CHX31,Germany,52.4415,13.3231,68.58,3.0,239.04,False,2026-03-11 17:43:30
394a15,AFR706,France,47.6089,-0.8302,10668.0,243.78,219.43,False,2026-03-11 17:43:30
394a12,AFR648,France,48.0938,2.7983,6294.12,191.29,151.57,False,2026-03-11 17:43:30
4ca566,RYR13GG,Ireland,43.5594,7.3205,11582.4,224.68,50.3,False,2026-03-11 17:43:30
4ca565,RYR74QD,Ireland,46.1947,-3.8605,11277.6,254.97,162.63,False,2026-03-11 17:43:30
347507,RTV4X,Spain,41.268,-8.5364,411.48,53.41,159.12,False,2026-03-11 17:43:30
395d6d,BGA331N,France,50.44,5.2908,9936.48,165.88,225.25,False,2026-03-11 17:43:30
395d6e,BGA231R,France,53.5364,9.8293,,0.0,50.62,True,2026-03-11 17:43:30
4074c9,ETP21,United Kingdom,51.1698,-1.7196,182.88,51.74,228.22,False,2026-03-11 17:43:30
394a0c,AFR008,France,49.6333,-6.5674,9144.0,220.3,271.87,False,2026-03-11 17:43:30
4074b8,EZY78NA,United Kingdom,47.4258,-5.3018,11567.16,220.49,23.51,False,2026-03-11 17:43:30
400d2d,GRATV,United Kingdom,50.8674,-0.9697,1234.44,79.33,33.9,False,2026-03-11 17:43:30
4074b6,EZY89KW,United Kingdom,49.8235,-0.0249,11887.2,229.78,167.46,False,2026-03-11 17:43:30
402752,GBMUZ,United Kingdom,51.2036,-0.2008,365.76,45.27,323.78,False,2026-03-11 17:43:30
395d68,BGA151Y,France,53.0473,8.8041,,0.45,261.56,True,2026-03-11 17:43:30
06a3b6,QTR8836,Qatar,43.4702,18.1083,10972.8,236.11,314.21,False,2026-03-11 17:43:30
3c70b8,KAY53,Germany,49.8246,12.5055,9151.62,224.86,287.44,False,2026-03-11 17:43:30
3d3c2b,DEVAP,Germany,52.4613,7.1916,76.2,29.01,232.93,False,2026-03-11 17:43:30
3cd3a9,UNI134,Germany,49.6672,-1.6598,10850.88,224.03,17.64,False,2026-03-11 17:43:30
400143,VPBWR,United Kingdom,44.0074,-0.8261,12496.8,227.08,207.09,False,2026-03-11 17:43:30
3473cd,AYR4BS,Spain,36.475,-5.8635,1318.26,81.81,230.1,False,2026-03-11 17:43:30
4074e4,BAW22B,United Kingdom,54.4787,-6.0505,11574.78,225.25,290.17,False,2026-03-11 17:43:30
48adb9,LOT34P,Poland,49.0002,16.6932,10972.8,223.92,235.11,False,2026-03-11 17:43:30
502d10,BTI84D,Latvia,54.9852,12.2795,10668.0,237.32,67.44,False,2026-03-11 17:43:30
4ba9ef,THY6415,Turkey,40.4859,9.0469,11887.2,238.28,265.91,False,2026-03-11 17:43:30
4cafc4,RYR80QN,Ireland,41.2231,6.3727,11582.4,217.72,52.78,False,2026-03-11 17:43:30
48ada6,LOT440,Poland,44.4211,9.9203,11582.4,213.79,38.55,False,2026-03-11 17:43:30
4cafce,SAS2838,Ireland,43.6984,-4.3745,11582.4,226.91,23.66,False,2026-03-11 17:43:30
4cafcf,RYR98EG,Ireland,45.1926,-4.904,11277.6,220.06,231.55,False,2026-03-11 17:43:30
3474d3,GALG006,Spain,37.0732,-5.5362,2087.88,62.15,96.65,False,2026-03-11 17:43:30
4cafd6,SAS48D,Ireland,52.8437,5.7553,7360.92,243.01,44.49,False,2026-03-11 17:43:30
44d1a6,JAF096P,Belgium,51.1826,3.6878,2476.5,131.26,294.05,False,2026-03-11 17:43:30
44d1b3,JAF7LE,Belgium,46.0693,-0.2275,11582.4,229.48,21.16,False,2026-03-11 17:43:30
44d1b4,JAF3VB,Belgium,47.4498,0.2981,8534.4,205.97,43.38,False,2026-03-11 17:43:30
4ba9e5,THY571,Turkey,36.3533,13.7962,11887.2,251.84,55.82,False,2026-03-11 17:43:30
06a36e,QQE780,Qatar,45.2471,19.7666,12192.0,252.55,319.63,False,2026-03-11 17:43:30
502d0c,BTI78F,Latvia,51.4554,14.1036,11582.4,223.83,202.14,False,2026-03-11 17:43:30
502d0f,SWR96V,Latvia,48.2742,9.3602,8404.86,210.47,1.4,False,2026-03-11 17:43:30
502d0e,BTI6D9,Latvia,53.0645,7.0374,7924.8,188.37,238.74,False,2026-03-11 17:43:30
71c006,KAL901,Republic of Korea,49.0243,3.1785,1188.72,105.23,265.79,False,2026-03-11 17:43:30
4ba9f5,THY6672,Turkey,52.4758,5.7198,3048.0,166.61,291.18,False,2026-03-11 17:43:30
4cafb5,RYR85GU,Ireland,53.6828,-5.6204,2910.84,112.35,266.59,False,2026-03-11 17:43:30
406ff0,PIPE68,United Kingdom,53.137,-2.6942,350.52,59.43,138.86,False,2026-03-11 17:43:30
402975,GGFRA,United Kingdom,53.1795,-2.6908,388.62,57.62,339.62,False,2026-03-11 17:43:30
502d43,SWR2VC,Latvia,47.4617,8.5639,396.24,0.0,317.81,True,2026-03-11 17:43:30
502d47,ASL30K,Latvia,45.5396,17.9446,10424.16,204.76,296.89,False,2026-03-11 17:43:30
4076b1,TOM70B,United Kingdom,44.6234,-8.0672,11582.4,215.94,19.77,False,2026-03-11 17:43:30
4481af,,Belgium,50.901,4.4977,,17.49,95.62,True,2026-03-11 17:43:30
502d5e,BTI8BX,Latvia,50.2222,14.5123,10363.2,230.23,229.44,False,2026-03-11 17:43:30
502d5d,BTI9AG,Latvia,50.6604,11.6744,10972.8,212.83,211.96,False,2026-03-11 17:43:30
502d5f,BTI6C3,Latvia,52.3272,8.9996,10363.2,190.36,230.37,False,2026-03-11 17:43:30
4caff7,RYR54YC,Ireland,53.9442,7.3736,11277.6,253.42,42.53,False,2026-03-11 17:43:30
4caff8,RYR25VH,Ireland,52.0331,9.9458,9433.56,244.27,53.56,False,2026-03-11 17:43:30
407797,EZY43EH,United Kingdom,51.3855,-2.7148,,0.0,357.19,True,2026-03-11 17:43:30
8990a6,CAL5686,Taiwan,48.821,14.7995,10058.4,249.47,112.81,False,2026-03-11 17:43:30
3007ee,AUA51K,Italy,48.0924,16.5896,289.56,77.38,164.58,False,2026-03-11 17:43:30
484b8f,KLM69C,Kingdom of the Netherlands,48.6627,2.7274,12496.8,232.36,193.05,False,2026-03-11 17:43:30
407793,EZY51CT,United Kingdom,48.2621,0.5885,11292.84,238.08,170.17,False,2026-03-11 17:43:30
34629a,IBB82TT,Spain,39.3219,-7.3749,11582.4,210.62,32.84,False,2026-03-11 17:43:30
40643d,EZY12YH,United Kingdom,52.9882,2.2446,10363.2,208.5,283.56,False,2026-03-11 17:43:30
3951e4,TJT1517,France,43.4293,3.4001,5791.2,134.55,273.73,False,2026-03-11 17:43:30
406445,EZY9,United Kingdom,54.5113,-1.4938,533.4,100.22,12.75,False,2026-03-11 17:43:30
406444,EZY61ZW,United Kingdom,51.1278,0.5832,4099.56,180.57,89.67,False,2026-03-11 17:43:30
406446,EZY2450,United Kingdom,50.6172,0.6822,9791.7,210.96,318.26,False,2026-03-11 17:43:30
407777,CFE6LJ,United Kingdom,52.9749,-2.5476,11277.6,256.07,116.1,False,2026-03-11 17:43:30
40775c,RUK5LY,United Kingdom,49.1399,9.914,11887.2,229.29,123.65,False,2026-03-11 17:43:30
3ccc7f,XRO1140,Germany,45.4902,6.9802,12192.0,222.48,12.01,False,2026-03-11 17:43:30
010263,MSC2974,Egypt,51.4405,12.4164,701.04,77.89,265.83,False,2026-03-11 17:43:30
3951c2,AFR6727,France,49.4445,10.1887,10363.2,230.56,277.82,False,2026-03-11 17:43:30
010265,MSC3556,Egypt,44.1127,18.7919,10668.0,235.85,150.75,False,2026-03-11 17:43:30
3964f9,TVF23FB,France,45.4643,-3.2155,11277.6,234.03,214.7,False,2026-03-11 17:43:30
3dff86,CHX25,Germany,50.6382,9.1722,525.78,57.68,272.56,False,2026-03-11 17:43:30
3ce629,DCOLT,Germany,51.5117,7.6024,,5.14,53.44,True,2026-03-11 17:43:30
39a1ef,FHIPP,France,46.822,4.8186,,6.69,171.56,True,2026-03-11 17:43:30
33fff0,IAM4682,Italy,41.566,12.5788,1226.82,102.41,207.85,False,2026-03-11 17:43:30
48520b,TRA71J,Kingdom of the Netherlands,36.7427,-4.5939,480.06,84.55,131.55,False,2026-03-11 17:43:30
484b31,KLM87E,Kingdom of the Netherlands,48.689,9.1952,,2.31,345.94,True,2026-03-11 17:43:30
48520a,TRA80L,Kingdom of the Netherlands,42.025,0.3493,11887.2,241.05,188.84,False,2026-03-11 17:43:30
48520d,TRA83R,Kingdom of the Netherlands,44.6422,1.1507,11887.2,235.75,192.73,False,2026-03-11 17:43:30
48520c,TRA49T,Kingdom of the Netherlands,45.6997,1.5439,11887.2,232.33,193.57,False,2026-03-11 17:43:30
485207,KLM34B,Kingdom of the Netherlands,42.9098,1.3178,11582.4,224.47,354.08,False,2026-03-11 17:43:30
485209,TRA5085,Kingdom of the Netherlands,42.29,-2.1382,11277.6,227.36,209.41,False,2026-03-11 17:43:30
39c801,FHSAB,France,48.5975,1.8318,563.88,51.06,175.96,False,2026-03-11 17:43:30
4b1a23,EZS65PV,Switzerland,45.1482,9.1783,11269.98,231.11,91.91,False,2026-03-11 17:43:30
485206,KLM35U,Kingdom of the Netherlands,49.5132,10.9292,838.2,98.15,97.83,False,2026-03-11 17:43:30
48ae20,LOT2E,Poland,53.5996,14.6369,10972.8,233.04,306.74,False,2026-03-11 17:43:30
479ee7,NOZ1308,Norway,51.6203,1.6425,5981.7,207.98,222.09,False,2026-03-11 17:43:30
485e2f,KLM643,Kingdom of the Netherlands,53.4575,0.4844,10363.2,238.99,282.81,False,2026-03-11 17:43:30
485e49,LIFELN3,Kingdom of the Netherlands,51.5164,5.4302,281.94,66.13,50.37,False,2026-03-11 17:43:30
3008b7,IATLS,Italy,44.1733,12.2014,198.12,64.47,317.91,False,2026-03-11 17:43:30
3d4e36,DFBWG,Germany,52.3174,13.3348,2156.46,61.46,231.12,False,2026-03-11 17:43:30
4b1a2d,EZS18WC,Switzerland,45.4493,4.3356,9448.8,192.64,240.22,False,2026-03-11 17:43:30
48ae06,LOT3,Poland,52.7232,16.5412,11231.88,236.7,308.12,False,2026-03-11 17:43:30
347659,IBE0311,Spain,40.523,-7.9921,10668.0,234.97,266.74,False,2026-03-11 17:43:30
4b1a37,EZS35MD,Switzerland,43.1371,16.003,11277.6,231.85,111.61,False,2026-03-11 17:43:30
601839,TUA424,Turkmenistan,51.223,-0.1584,1524.0,140.45,89.37,False,2026-03-11 17:43:30
4b1a34,EZS404N,Switzerland,44.0158,6.9353,6804.66,197.39,345.82,False,2026-03-11 17:43:30
34630d,ECNEQ,Spain,40.3555,-3.7675,838.2,51.51,92.86,False,2026-03-11 17:43:30
4b1a27,EJU1046,Switzerland,43.6629,-1.3789,11574.78,226.03,43.06,False,2026-03-11 17:43:30
347645,IBB6075,Spain,38.035,-8.046,10058.4,251.0,218.09,False,2026-03-11 17:43:30
4b1a28,EZS14CU,Switzerland,49.6824,6.3468,10668.0,218.67,160.63,False,2026-03-11 17:43:30
4b1a29,EJU84BQ,Switzerland,43.7181,1.0932,11277.6,220.69,220.75,False,2026-03-11 17:43:30
346316,IBE04GT,Spain,40.5663,-1.6695,7155.18,222.24,247.11,False,2026-03-11 17:43:30
502ccf,BTI1037,Latvia,53.0887,-2.7592,10668.0,220.28,203.39,False,2026-03-11 17:43:30
4b1a65,EJU78NZ,Switzerland,42.4138,5.218,11582.4,222.78,31.3,False,2026-03-11 17:43:30
4b1a66,EZS68AR,Switzerland,45.2641,3.5387,11262.36,213.17,238.42,False,2026-03-11 17:43:30
4b1a67,EZS16FY,Switzerland,45.3047,3.937,10980.42,203.02,238.36,False,2026-03-11 17:43:30
502ce5,BTI6BL,Latvia,51.1636,0.1526,1066.8,85.6,295.64,False,2026-03-11 17:43:30
502ce8,SWR32W,Latvia,47.4896,9.0663,2270.76,113.43,242.74,False,2026-03-11 17:43:30
502ce7,SWR74M,Latvia,47.4608,8.5636,,0.26,36.56,True,2026-03-11 17:43:30
40773e,HKS78,United Kingdom,53.3367,1.5292,1005.84,76.49,14.41,False,2026-03-11 17:43:30
49d423,TVS52A,Czech Republic,44.5383,8.1387,11277.6,231.45,223.38,False,2026-03-11 17:43:30
346303,IBE06SC,Spain,41.076,9.5568,10363.2,218.27,69.73,False,2026-03-11 17:43:30
502cc7,BTI762,Latvia,43.1848,-4.6831,10972.8,213.8,23.54,False,2026-03-11 17:43:30
502cd7,DLH9891,Latvia,50.9088,10.1989,5974.08,188.29,222.23,False,2026-03-11 17:43:30
76cee9,SIA318,Singapore,48.0956,16.1757,10972.8,241.99,292.37,False,2026-03-11 17:43:30
400db2,EZY65UL,United Kingdom,46.8492,5.2865,8305.8,217.11,331.25,False,2026-03-11 17:43:30
39ae37,FHLRX,France,43.8274,0.7887,12489.18,223.74,221.64,False,2026-03-11 17:43:30
400db1,EZY76VR,United Kingdom,47.6261,7.481,11894.82,217.66,141.91,False,2026-03-11 17:43:30
347615,ECGRT,Spain,36.4829,-5.9102,792.48,45.97,174.86,False,2026-03-11 17:43:30
461e1c,FIN8DM,Finland,51.733,7.3497,3322.32,127.06,251.34,False,2026-03-11 17:43:30
461e1d,FIN5SK,Finland,54.558,-1.9664,6675.12,198.31,192.74,False,2026-03-11 17:43:30
461e1e,FIN1EG,Finland,50.0731,19.8001,,0.13,168.75,True,2026-03-11 17:43:30
4b1a5f,EZS1561,Switzerland,47.6931,6.0415,9677.4,240.79,0.98,False,2026-03-11 17:43:30
49d452,OKHFH,Czech Republic,46.5761,7.3893,1691.64,80.86,193.24,False,2026-03-11 17:43:30
400235,VPCFP,United Kingdom,43.4474,1.6154,822.96,90.94,338.08,False,2026-03-11 17:43:30
4075f3,TOM6NK,United Kingdom,46.9333,-9.4866,10668.0,211.96,359.58,False,2026-03-11 17:43:30
39ae6c,FHLTM,France,44.268,-1.1113,868.68,42.71,178.62,False,2026-03-11 17:43:30
c078ba,TSC215,Canada,53.2937,6.6948,11582.4,236.18,304.8,False,2026-03-11 17:43:30
49c12f,OKQAR24,Czech Republic,49.2928,17.4197,259.08,29.95,265.07,False,2026-03-11 17:43:30
461e15,FIN5H,Finland,50.7148,18.6583,11582.4,227.79,215.16,False,2026-03-11 17:43:30
502d7d,BTI3TG,Latvia,54.2542,12.9238,10363.2,205.97,230.07,False,2026-03-11 17:43:30
400e5a,EZY12KL,United Kingdom,51.1551,-0.1769,,3.34,78.75,True,2026-03-11 17:43:30
44a8a6,JAF094P,Belgium,51.2121,2.956,251.46,59.93,258.11,False,2026-03-11 17:43:30
49d47e,WEY24D,Czech Republic,39.3872,-7.7923,967.74,40.18,87.06,False,2026-03-11 17:43:30
502d9f,BTI7HQ,Latvia,54.3948,12.7473,11582.4,209.31,227.09,False,2026-03-11 17:43:30
4ba9d3,THY42K,Turkey,51.1291,0.0784,3756.66,190.41,97.45,False,2026-03-11 17:43:30
48acab,SPLFL,Poland,51.7974,19.6214,883.92,59.43,168.01,False,2026-03-11 17:43:30
405bfc,BAW198,United Kingdom,49.4526,11.3183,11582.4,232.85,292.88,False,2026-03-11 17:43:30
48aca5,SPLFF,Poland,51.364,19.688,426.72,38.52,124.11,False,2026-03-11 17:43:30
a075a3,FDX5233,United States,48.7566,3.4046,3200.4,149.56,316.53,False,2026-03-11 17:43:30
49d28e,OKALT,Czech Republic,48.905,17.1866,1554.48,103.4,58.84,False,2026-03-11 17:43:30
4caea0,RYR98ZQ,Ireland,44.1117,-8.8824,10972.8,255.8,174.58,False,2026-03-11 17:43:30
4caead,EAI33CB,Ireland,53.3997,-2.1798,472.44,51.26,231.52,False,2026-03-11 17:43:30
4caeb0,NOS3902,Ireland,50.3336,-8.8047,10972.8,212.47,341.21,False,2026-03-11 17:43:30
400afd,EFW8ZT,United Kingdom,47.2107,-4.3976,11574.78,229.59,35.79,False,2026-03-11 17:43:30
400afc,EFW53C,United Kingdom,40.2314,-9.674,10363.2,213.61,18.83,False,2026-03-11 17:43:30
400afb,EFW22D,United Kingdom,44.7182,-3.8595,10668.0,240.13,183.32,False,2026-03-11 17:43:30
ab805a,FDX39,United States,49.6853,-4.3158,10668.0,260.66,99.31,False,2026-03-11 17:43:30
3b7545,FAF9213,France,42.8592,5.15,7924.8,138.33,310.32,False,2026-03-11 17:43:30
406d8e,EZY53YE,United Kingdom,51.7977,-0.5195,1402.08,124.5,260.97,False,2026-03-11 17:43:30
406d92,EZY89QV,United Kingdom,44.4412,-3.8667,11277.6,241.41,185.63,False,2026-03-11 17:43:30
407fc2,WUK15HT,United Kingdom,38.2136,-4.7206,11170.92,242.1,205.15,False,2026-03-11 17:43:30
3ff657,DMDGD,Germany,48.3713,12.7268,716.28,41.99,277.04,False,2026-03-11 17:43:30
4caee6,RYR86CW,Ireland,53.3593,-2.268,,2.06,112.5,True,2026-03-11 17:43:30
390d25,FGDJF,France,50.6418,2.7131,335.28,38.31,284.78,False,2026-03-11 17:43:30
4caee5,RYR18CB,Ireland,42.0256,4.7825,10972.8,228.04,16.51,False,2026-03-11 17:43:30
4caef8,CGI117,Ireland,51.6709,-8.2256,914.4,52.03,255.69,False,2026-03-11 17:43:30
4caed0,CGI116,Ireland,53.4294,-6.1408,472.44,54.77,275.39,False,2026-03-11 17:43:30
4caecb,RYR57UW,Ireland,47.001,-1.1499,11582.4,235.12,37.62,False,2026-03-11 17:43:30
4caed8,EIN172,Ireland,51.4649,-0.433,38.1,64.82,269.55,False,2026-03-11 17:43:30
347288,IBE06FZ,Spain,45.0886,5.493,9509.76,218.39,92.84,False,2026-03-11 17:43:30
39bdc8,FHPOI,France,45.0871,-0.0075,1722.12,89.87,43.84,False,2026-03-11 17:43:30
347287,IBE07DK,Spain,42.6336,-1.7638,11277.6,224.77,206.51,False,2026-03-11 17:43:30
39bdac,AFR29JM,France,48.1195,16.5559,,0.0,64.69,True,2026-03-11 17:43:30
39bdaf,AFR7464,France,44.0349,3.3682,3352.8,169.31,149.3,False,2026-03-11 17:43:30
3e1213,CHX26,Germany,53.5423,8.0793,114.3,10.42,20.22,False,2026-03-11 17:43:30
3e1211,CHX71,Germany,51.9618,13.7667,441.96,55.69,168.27,False,2026-03-11 17:43:30
39bda1,AFR97CH,France,41.3525,-6.9965,11597.64,234.48,216.79,False,2026-03-11 17:43:30
4caefe,ITY1359,Ireland,43.0751,11.9322,8366.76,221.86,7.06,False,2026-03-11 17:43:30
4caefa,ITY2061,Ireland,41.9264,12.2278,449.58,84.61,162.67,False,2026-03-11 17:43:30
4932a1,NJE130G,Portugal,43.8161,3.4426,6195.06,208.75,121.5,False,2026-03-11 17:43:30
39bdb5,AFR78GA,France,37.4827,-5.5661,10972.8,204.12,20.35,False,2026-03-11 17:43:30
4ca2cb,EIN58G,Ireland,43.549,-4.3,10675.62,246.66,182.51,False,2026-03-11 17:43:30
39bdb9,AFR53EM,France,40.3481,-7.1645,10774.68,207.37,45.8,False,2026-03-11 17:43:30
347253,HTY238,Spain,36.1842,-4.9869,967.74,80.87,221.91,False,2026-03-11 17:43:30
4ca2d5,RYR50JA,Ireland,40.1799,0.1033,10789.92,227.45,30.74,False,2026-03-11 17:43:30
39bdb1,AFR66LR,France,44.5679,-0.8404,10972.8,232.83,19.36,False,2026-03-11 17:43:30
347247,IBS1546,Spain,36.542,-7.8995,10355.58,212.23,39.79,False,2026-03-11 17:43:30
3b7567,FAF4091,France,44.3411,8.4202,9867.9,230.01,236.77,False,2026-03-11 17:43:30
486201,XRO1114,Kingdom of the Netherlands,47.9221,8.5459,3962.4,141.51,171.43,False,2026-03-11 17:43:30
405a49,BAW41HA,United Kingdom,51.9928,3.4941,7315.2,193.13,241.52,False,2026-03-11 17:43:30
3d184e,DEHLM,Germany,48.1962,14.0001,609.6,51.59,80.82,False,2026-03-11 17:43:30
406d70,TOM087,United Kingdom,51.1712,-0.023,640.08,78.9,257.96,False,2026-03-11 17:43:30
3e1209,CHX77,Germany,51.2634,7.188,426.72,61.55,192.06,False,2026-03-11 17:43:30
347219,IBE07BB,Spain,47.0055,-3.1494,11269.98,239.77,192.52,False,2026-03-11 17:43:30
3ce52c,PWF78,Germany,51.9651,11.6167,3802.38,146.06,308.57,False,2026-03-11 17:43:30
347216,ARK401Z,Spain,41.6643,2.426,853.44,54.3,242.95,False,2026-03-11 17:43:30
407446,EDC885L,United Kingdom,46.4985,-0.4869,12192.0,207.0,352.57,False,2026-03-11 17:43:30
348541,AEA1509,Spain,50.0515,8.5909,,0.39,317.81,True,2026-03-11 17:43:30
401df4,GBGVV,United Kingdom,52.9048,-2.1457,914.4,63.78,77.42,False,2026-03-11 17:43:30
4caf27,RYR26,Ireland,43.4152,9.6109,11277.6,242.28,138.18,False,2026-03-11 17:43:30
4caf28,RYR62HE,Ireland,49.3267,17.549,9075.42,226.72,236.38,False,2026-03-11 17:43:30
4caf0a,EAI18K,Ireland,51.3847,-2.7055,,3.86,112.5,True,2026-03-11 17:43:30
4caf0b,EAI2A,Ireland,51.275,-1.3087,3261.36,105.32,325.15,False,2026-03-11 17:43:30
4b3304,RGA02,Switzerland,47.6554,7.5344,662.94,55.98,216.03,False,2026-03-11 17:43:30
4caf1e,ITY1391,Ireland,41.7991,11.822,3421.38,152.32,297.34,False,2026-03-11 17:43:30
4caf1f,ITY1176,Ireland,41.3208,12.4305,10363.2,217.23,319.9,False,2026-03-11 17:43:30
4caf1c,ITY2097,Ireland,45.4538,9.2805,,0.06,270.0,True,2026-03-11 17:43:30
4caf1d,ITY3LO,Ireland,46.109,7.936,7543.8,209.39,295.62,False,2026-03-11 17:43:30
347309,AEA64EB,Spain,47.3623,1.6335,10187.94,228.76,195.26,False,2026-03-11 17:43:30
347303,SWT5777,Spain,42.5092,7.6391,7635.24,213.51,127.56,False,2026-03-11 17:43:30
347306,AEA64LR,Spain,46.2136,0.1645,11247.12,236.51,26.62,False,2026-03-11 17:43:30
400b82,BAW3AK,United Kingdom,49.104,-1.5224,11590.02,221.0,345.03,False,2026-03-11 17:43:30
4caf16,SAS1793,Ireland,53.6771,10.8215,10668.0,208.47,203.72,False,2026-03-11 17:43:30
4ba945,THY77J,Turkey,46.0001,-8.5686,9753.6,222.24,270.0,False,2026-03-11 17:43:30
86eec2,ANA223,Japan,50.04,8.5182,,13.38,64.69,True,2026-03-11 17:43:30
300687,LID641,Italy,38.0702,13.4581,190.5,70.91,326.54,False,2026-03-11 17:43:30
4d23ba,TEU01,Malta,48.9802,2.8412,12824.46,228.9,319.83,False,2026-03-11 17:43:30
4d23c4,GTR1568,Malta,43.2291,19.9455,11567.16,237.63,264.78,False,2026-03-11 17:43:30
44083c,EJU31AM,Austria,43.8131,-5.3626,11277.6,221.19,225.75,False,2026-03-11 17:43:30
407ee4,GTJPK,United Kingdom,53.4706,-2.1295,480.06,69.63,304.16,False,2026-03-11 17:43:30
4d23f6,SCO642R,Malta,43.9756,5.0627,5257.8,202.24,162.53,False,2026-03-11 17:43:30
44080b,OEDTA,Austria,48.4043,16.1693,274.32,31.4,55.01,False,2026-03-11 17:43:30
440807,FTY7,Austria,48.4467,15.189,9448.8,212.86,66.35,False,2026-03-11 17:43:30
3d3a34,DEUHG,Germany,48.6482,13.0434,1219.2,49.99,156.34,False,2026-03-11 17:43:30
3d5453,DFEEL,Germany,48.8393,9.0704,4145.28,90.75,356.1,False,2026-03-11 17:43:30
4d23fa,RYR58HG,Malta,36.355,-4.7334,11277.6,250.31,212.58,False,2026-03-11 17:43:30
44082b,AUA16N,Austria,48.0573,16.2761,2956.56,145.14,289.46,False,2026-03-11 17:43:30
44082a,AUA297W,Austria,48.396,14.9344,9037.32,197.75,292.16,False,2026-03-11 17:43:30
400b00,EFW1LJ,United Kingdom,50.8182,0.5231,3116.58,159.08,310.54,False,2026-03-11 17:43:30
4ca336,AC112,Ireland,53.3208,-6.4373,266.7,22.78,186.48,False,2026-03-11 17:43:30
407eb2,BAW466,United Kingdom,49.7685,-2.1858,10058.4,248.56,193.4,False,2026-03-11 17:43:30
440826,AUA10A,Austria,47.5073,12.7667,6819.9,198.19,262.54,False,2026-03-11 17:43:30
440824,AUA29R,Austria,50.0192,14.611,11582.4,212.37,329.58,False,2026-03-11 17:43:30
440823,AUA526,Austria,46.4343,12.3779,10363.2,215.71,68.45,False,2026-03-11 17:43:30
440822,AUA212,Austria,48.1169,16.5685,,0.0,25.31,True,2026-03-11 17:43:30
440821,AUA155,Austria,47.9886,16.4672,2118.36,111.73,235.51,False,2026-03-11 17:43:30
44081f,AUA269,Austria,48.0344,16.572,1051.56,110.03,241.52,False,2026-03-11 17:43:30
44081e,AUA11Z,Austria,46.9789,15.443,297.18,72.34,348.93,False,2026-03-11 17:43:30
48e9f6,RYR2463,Poland,45.6775,19.9071,11582.4,227.75,314.08,False,2026-03-11 17:43:30
48e9f3,RYR17BR,Poland,47.0291,-0.7485,10972.8,208.64,350.49,False,2026-03-11 17:43:30
4d23db,VJT735,Malta,36.6429,10.5679,14325.6,252.76,277.6,False,2026-03-11 17:43:30
40123f,BAW495,United Kingdom,39.9012,-3.4404,9753.6,229.04,8.79,False,2026-03-11 17:43:30
401240,EFW69H,United Kingdom,44.5536,-5.9411,10668.0,236.94,215.28,False,2026-03-11 17:43:30
3e1dd2,DICMK,Germany,50.347,11.1391,1188.72,102.35,210.17,False,2026-03-11 17:43:30
3e37d4,DIMIM,Germany,46.5649,14.7389,11887.2,209.55,175.35,False,2026-03-11 17:43:30
45ac50,SAS687,Denmark,52.8225,10.4197,11277.6,208.87,200.62,False,2026-03-11 17:43:30
a8cffd,UAL941,United States,50.515,-5.1368,7924.8,223.28,260.45,False,2026-03-11 17:43:30
34251a,ECJYT,Spain,40.7625,-2.4486,5128.26,172.8,278.73,False,2026-03-11 17:43:30
71c252,KAL9575,Republic of Korea,45.7436,9.2378,5699.76,164.27,243.6,False,2026-03-11 17:43:30
71c251,KAL539,Republic of Korea,51.2575,5.4595,9753.6,228.79,293.45,False,2026-03-11 17:43:30
34250a,IBE06GH,Spain,41.2504,-2.5109,7193.28,200.79,48.43,False,2026-03-11 17:43:30
4cadbd,RYR12CT,Ireland,41.4443,-7.7717,6309.36,203.91,87.54,False,2026-03-11 17:43:30
4cadba,RYR12QV,Ireland,41.5197,-8.6799,2682.24,145.3,8.96,False,2026-03-11 17:43:30
4cadbc,RYR230B,Ireland,45.9536,10.0188,4678.68,180.67,217.13,False,2026-03-11 17:43:30
4cadc1,RYR46UX,Ireland,44.7707,0.0011,11582.4,217.79,344.52,False,2026-03-11 17:43:30
4cadc2,RYR80RJ,Ireland,50.1174,6.706,11277.6,240.93,111.42,False,2026-03-11 17:43:30
4cadc4,RYR69LE,Ireland,51.151,-0.1825,,13.89,78.75,True,2026-03-11 17:43:30
4cade0,RYR17EF,Ireland,50.0667,19.7097,784.86,103.12,257.91,False,2026-03-11 17:43:30
4cade2,RYR3SZ,Ireland,49.3916,2.0102,11277.6,248.48,37.34,False,2026-03-11 17:43:30
4408df,AUA31S,Austria,51.9693,5.6695,6347.46,196.55,118.11,False,2026-03-11 17:43:30
4cadcb,ITY154,Ireland,45.4395,9.2804,,7.72,174.38,True,2026-03-11 17:43:30
34608e,IBE05YW,Spain,48.2936,2.0058,5143.5,183.63,188.54,False,2026-03-11 17:43:30
4408f3,OEALJ,Austria,48.4272,16.2343,487.68,57.77,39.22,False,2026-03-11 17:43:30
4cada3,RYR90VW,Ireland,43.9982,-1.3941,11582.4,228.09,24.95,False,2026-03-11 17:43:30
4cada4,RYR981M,Ireland,43.131,19.3883,11277.6,233.11,82.26,False,2026-03-11 17:43:30
4cada6,ITY1633,Ireland,41.3498,16.5555,2613.66,147.34,159.35,False,2026-03-11 17:43:30
48ac80,LOT335,Poland,50.036,9.5059,11582.4,207.83,264.32,False,2026-03-11 17:43:30
48ac81,LOT407,Poland,52.1512,17.9212,10972.8,214.6,268.49,False,2026-03-11 17:43:30
346088,VLG6264,Spain,47.0334,4.1867,10690.86,238.82,132.73,False,2026-03-11 17:43:30
780561,CES771,China,52.488,4.725,624.84,91.73,195.28,False,2026-03-11 17:43:30
744829,RJA101,Jordan,40.5621,14.7052,11277.6,240.82,109.6,False,2026-03-11 17:43:30
744828,RJA110,Jordan,36.2955,15.1479,11277.6,243.75,97.28,False,2026-03-11 17:43:30
346082,AEA82SG,Spain,39.3653,-7.7111,9616.44,223.93,66.44,False,2026-03-11 17:43:30
4cadaf,EIWST,Ireland,53.6154,-7.1457,937.26,35.52,259.99,False,2026-03-11 17:43:30
346083,AEA34BP,Spain,41.2615,-4.1752,6850.38,230.01,178.72,False,2026-03-11 17:43:30
744823,RJA116,Jordan,46.8075,17.2865,11285.22,232.84,127.1,False,2026-03-11 17:43:30
485064,KLM991,Kingdom of the Netherlands,51.861,2.4182,6812.28,172.87,257.45,False,2026-03-11 17:43:30
4cadb7,RYR57YJ,Ireland,48.0094,1.4839,10972.8,245.89,28.76,False,2026-03-11 17:43:30
406222,CFE62N,United Kingdom,54.6746,-5.8049,434.34,59.51,214.79,False,2026-03-11 17:43:30
3c7a44,CFG314,Germany,42.1384,18.8537,10668.0,245.28,146.81,False,2026-03-11 17:43:30
4cadfa,ITY758,Ireland,42.6576,16.2781,9555.48,243.06,75.79,False,2026-03-11 17:43:30
4408c9,EZS18UE,Austria,44.6989,0.174,6736.08,217.37,85.11,False,2026-03-11 17:43:30
406e69,EZY17VN,United Kingdom,51.1521,-0.1695,,3.09,78.75,True,2026-03-11 17:43:30
39c5c8,OYO6,France,46.2945,1.1154,9144.0,181.7,1.95,False,2026-03-11 17:43:30
3cf775,BTX7P,Germany,48.1595,11.4203,3048.0,139.4,8.49,False,2026-03-11 17:43:30
3c7a50,CFG282,Germany,49.6881,9.7451,4549.14,192.91,304.24,False,2026-03-11 17:43:30
4cadf2,RYR99ZZ,Ireland,51.9872,-1.4919,6400.8,244.77,149.99,False,2026-03-11 17:43:30
407537,SHT5U,United Kingdom,51.4666,-0.4689,,13.38,270.0,True,2026-03-11 17:43:30
347385,ECNXJ,Spain,41.8605,2.9958,1379.22,63.04,243.85,False,2026-03-11 17:43:30
3e0a30,BPO861,Germany,53.9406,11.5158,487.68,64.6,107.14,False,2026-03-11 17:43:30
4cadde,ITY1607,Ireland,41.5838,12.1757,3131.82,148.76,178.02,False,2026-03-11 17:43:30
486363,PHHLC,Kingdom of the Netherlands,52.4762,5.4904,464.82,52.87,190.65,False,2026-03-11 17:43:30
4cade7,RYR45SJ,Ireland,50.8146,4.1796,7772.4,198.78,222.69,False,2026-03-11 17:43:30
4cade3,RYR28TD,Ireland,41.3621,2.2003,11277.6,219.19,232.05,False,2026-03-11 17:43:30
4cade4,RYR97UM,Ireland,46.2663,6.6168,10972.8,246.25,48.05,False,2026-03-11 17:43:30
3c7a4e,CFG6KW,Germany,46.5958,15.3756,11582.4,237.25,316.41,False,2026-03-11 17:43:30
44d071,BEL1EX,Belgium,51.8643,9.0267,10668.0,254.23,60.95,False,2026-03-11 17:43:30
503cec,LYFTC,Lithuania,40.3702,-3.7773,548.64,30.42,273.88,False,2026-03-11 17:43:30
4cadec,ITY160,Ireland,50.9051,4.9911,1813.56,125.58,293.41,False,2026-03-11 17:43:30
4caded,ITY574,Ireland,45.9724,9.1934,9555.48,204.63,337.69,False,2026-03-11 17:43:30
4cadee,ITY1795,Ireland,41.7575,12.1712,853.44,116.18,206.57,False,2026-03-11 17:43:30
4cadea,ITY1704,Ireland,44.3633,9.5598,6210.3,171.27,329.89,False,2026-03-11 17:43:30
4cadf8,RYR494A,Ireland,48.6126,3.6712,10972.8,235.01,336.52,False,2026-03-11 17:43:30
4cadf9,RYR578H,Ireland,51.6019,6.1652,76.2,69.99,271.68,False,2026-03-11 17:43:30
4cadf4,RYR50UL,Ireland,53.736,-5.2247,4343.4,138.29,250.89,False,2026-03-11 17:43:30
4cadf5,RYR69PC,Ireland,45.1924,-0.6011,10972.8,225.76,25.22,False,2026-03-11 17:43:30
4cadf6,RYR79BB,Ireland,41.3601,2.3571,1150.62,90.06,268.36,False,2026-03-11 17:43:30
4cadf7,RYR80TN,Ireland,48.2629,15.2352,11277.6,238.36,117.23,False,2026-03-11 17:43:30
407597,GMACR,United Kingdom,51.0693,0.3927,899.16,84.46,27.97,False,2026-03-11 17:43:30
4ba916,THY9YH,Turkey,41.628,1.2944,11582.4,243.89,117.38,False,2026-03-11 17:43:30
4ba910,THY9SZ,Turkey,44.6883,16.1544,11582.4,221.69,278.68,False,2026-03-11 17:43:30
405b6a,EZY626Z,United Kingdom,54.6246,-5.3434,3185.16,139.52,294.39,False,2026-03-11 17:43:30
40624e,BAW486,United Kingdom,46.9205,1.0346,11285.22,237.49,171.03,False,2026-03-11 17:43:30
40624f,BAW720T,United Kingdom,48.0613,5.3854,8862.06,225.35,106.04,False,2026-03-11 17:43:30
abca08,DAL37,United States,52.6722,-5.9416,10896.6,205.39,290.07,False,2026-03-11 17:43:30
40756d,EZY936,United Kingdom,54.333,-5.7348,5341.62,188.81,124.9,False,2026-03-11 17:43:30
40756b,EZY43PR,United Kingdom,53.4542,-2.0665,1028.7,79.86,231.8,False,2026-03-11 17:43:30
40756c,EZY56FD,United Kingdom,51.1455,-0.5382,5791.2,165.18,22.33,False,2026-03-11 17:43:30
405b64,EZY49LM,United Kingdom,51.051,0.2231,1798.32,113.89,342.38,False,2026-03-11 17:43:30
406e92,GCIPY,United Kingdom,51.6561,-0.3566,411.48,35.94,246.37,False,2026-03-11 17:43:30
43c39d,RRR7211,United Kingdom,52.6128,-0.4771,83.82,57.8,253.98,False,2026-03-11 17:43:30
407575,EZY71DE,United Kingdom,37.6758,-6.3047,10797.54,241.55,134.65,False,2026-03-11 17:43:30
400bdf,GBXYO,United Kingdom,51.8441,0.9716,647.7,58.87,5.01,False,2026-03-11 17:43:30
40622d,EZY52PX,United Kingdom,48.3682,-3.3859,10675.62,239.38,177.91,False,2026-03-11 17:43:30
40622f,EZY16MK,United Kingdom,53.2916,-1.8508,2430.78,133.15,52.38,False,2026-03-11 17:43:30
407568,EZY78FM,United Kingdom,50.1558,1.6271,9174.48,197.89,314.79,False,2026-03-11 17:43:30
407569,EZY84LC,United Kingdom,41.4047,-7.5354,11269.98,236.55,209.3,False,2026-03-11 17:43:30
3423c3,IBE05KR,Spain,47.5152,1.1462,7360.92,209.85,25.56,False,2026-03-11 17:43:30
406231,CFE99B,United Kingdom,52.6471,-0.5979,10599.42,243.01,138.18,False,2026-03-11 17:43:30
346114,EVE815,Spain,40.9977,-4.1802,5143.5,202.12,298.59,False,2026-03-11 17:43:30
3424d1,VLG1QJ,Spain,38.7613,-9.1468,53.34,67.55,22.85,False,2026-03-11 17:43:30
0641ee,APPK7574,Nigeria,51.1496,-0.1797,45.72,52.57,258.14,False,2026-03-11 17:43:30
4cae12,ITY247,Ireland,51.5049,0.0657,,1.03,278.44,True,2026-03-11 17:43:30
424c9d,MASBA,United Kingdom,45.2283,13.703,13106.4,223.87,311.09,False,2026-03-11 17:43:30
4cae11,ITY112,Ireland,46.2602,7.7502,10027.92,213.62,313.34,False,2026-03-11 17:43:30
3c09f2,LHX6CN,Germany,50.5746,8.6975,9448.8,231.1,148.01,False,2026-03-11 17:43:30
4cae49,RYR7883,Ireland,46.7166,6.9482,11277.6,219.06,209.39,False,2026-03-11 17:43:30
4cae48,RYR35EC,Ireland,38.7894,-7.8,10728.96,207.03,11.76,False,2026-03-11 17:43:30
4038d8,GICRM,United Kingdom,51.5101,-1.2343,1234.44,28.76,317.17,False,2026-03-11 17:43:30
4cae54,RYR69AV,Ireland,46.7926,-2.6571,11582.4,236.29,47.38,False,2026-03-11 17:43:30
424c60,VSB97,United Kingdom,51.3794,-2.7098,,0.0,286.88,True,2026-03-11 17:43:30
4cae51,RYR34RZ,Ireland,46.2221,14.8373,11277.6,244.25,131.24,False,2026-03-11 17:43:30
424c62,MBIZZ,United Kingdom,39.6056,-6.983,14089.38,249.69,27.88,False,2026-03-11 17:43:30
424c78,JCB3,United Kingdom,51.9167,-1.6385,297.18,48.09,62.61,False,2026-03-11 17:43:30
300782,AUA187,Italy,48.0268,15.3927,7833.36,191.65,273.08,False,2026-03-11 17:43:30
300781,DLA3MK,Italy,47.0074,8.5726,10058.4,225.89,175.95,False,2026-03-11 17:43:30
4ca242,RYR74GZ,Ireland,48.2861,15.2883,11887.2,237.75,114.96,False,2026-03-11 17:43:30
406cd2,EZY62HF,United Kingdom,52.3733,8.6232,11887.2,235.58,101.33,False,2026-03-11 17:43:30
4cae6c,RYR61RX,Ireland,48.7777,2.7381,11887.2,230.11,195.03,False,2026-03-11 17:43:30
407fea,WUK78,United Kingdom,50.4428,10.5351,10515.6,239.54,112.88,False,2026-03-11 17:43:30
4cae6d,RYR75KL,Ireland,52.5859,-5.5161,5494.02,187.58,342.11,False,2026-03-11 17:43:30
4ca251,RYR300A,Ireland,51.9046,1.2004,11582.4,221.21,306.87,False,2026-03-11 17:43:30
4cae96,RYR922N,Ireland,37.9872,12.4816,11582.4,220.13,324.42,False,2026-03-11 17:43:30
39b325,FHMZF,France,47.5141,0.4907,853.44,28.33,299.36,False,2026-03-11 17:43:30
4cae98,RYR7117,Ireland,49.663,10.345,11582.4,218.8,292.83,False,2026-03-11 17:43:30
43e914,VSB08,United Kingdom,53.3589,-2.702,5791.2,160.33,144.27,False,2026-03-11 17:43:30
4cae92,RYR7GM,Ireland,38.9014,-8.7356,11277.6,252.8,189.96,False,2026-03-11 17:43:30
4cae93,RYR43EU,Ireland,48.1209,16.5556,,5.92,25.31,True,2026-03-11 17:43:30
48c4d4,SPSGW,Poland,51.7268,19.4035,22585.68,1.8,331.88,False,2026-03-11 17:43:30
4d22af,RYR51NQ,Malta,49.4791,13.2505,10363.2,218.04,300.01,False,2026-03-11 17:43:30
4d22ab,KMM308,Malta,45.2794,11.532,11582.4,210.7,352.42,False,2026-03-11 17:43:30
4d22ad,RYR35DK,Malta,40.3056,-3.3602,1668.78,118.13,311.12,False,2026-03-11 17:43:30
4cae67,RYR31DC,Ireland,42.1379,12.4419,1805.94,123.94,175.0,False,2026-03-11 17:43:30
4cae68,RYR63UV,Ireland,42.1005,17.9098,9791.7,220.01,286.99,False,2026-03-11 17:43:30
4cae69,RYR72KH,Ireland,52.1594,-1.214,3947.16,155.61,305.58,False,2026-03-11 17:43:30
4cae63,RYR16VR,Ireland,51.8225,0.2153,944.88,122.37,121.42,False,2026-03-11 17:43:30
4cae66,RYR31SF,Ireland,41.2958,2.0831,,13.89,73.12,True,2026-03-11 17:43:30
4cae60,RYR13JX,Ireland,43.4484,9.3794,10668.0,241.95,151.42,False,2026-03-11 17:43:30
4d22b2,RYR29GP,Malta,53.5125,-1.9855,10972.8,210.67,279.42,False,2026-03-11 17:43:30
4d22b4,RYR9EM,Malta,43.9569,7.9842,10972.8,227.22,51.99,False,2026-03-11 17:43:30
4d22b5,RYR265A,Malta,42.0138,-4.3682,10972.8,233.03,72.93,False,2026-03-11 17:43:30
4ca214,EIN60Y,Ireland,53.1928,0.1099,10965.18,213.62,283.37,False,2026-03-11 17:43:30
39ac06,FHLAG,France,43.2642,5.7642,426.72,43.24,124.82,False,2026-03-11 17:43:30
43e92d,MGETS,United Kingdom,51.2297,-1.3866,899.16,101.84,319.71,False,2026-03-11 17:43:30
4cae4c,RYR59FG,Ireland,41.0201,1.6843,10668.0,227.29,227.94,False,2026-03-11 17:43:30
4d22bf,RYR67LL,Malta,47.7514,15.4871,4396.74,176.81,44.06,False,2026-03-11 17:43:30
503e99,NIA222,Lithuania,45.5641,9.7681,3276.6,171.41,78.93,False,2026-03-11 17:43:30
4cae6a,RYR14HK,Ireland,50.1572,5.1503,5684.52,218.67,118.37,False,2026-03-11 17:43:30
4cae6b,RYR39LC,Ireland,44.124,0.4947,11277.6,233.73,186.95,False,2026-03-11 17:43:30
407fd7,SRD363,United Kingdom,50.7913,-1.1713,144.78,46.07,330.57,False,2026-03-11 17:43:30
34258f,VLG9KD,Spain,39.79,-0.3651,9334.5,244.3,196.64,False,2026-03-11 17:43:30
45a14c,BBX57A,Denmark,53.0925,4.239,982.98,84.77,84.43,False,2026-03-11 17:43:30
4d22c3,RYR31SG,Malta,46.2852,10.7879,9418.32,218.12,242.77,False,2026-03-11 17:43:30
4d22c6,RYR44KK,Malta,41.9095,6.5726,11277.6,233.61,223.57,False,2026-03-11 17:43:30
342591,VLG6LA,Spain,51.156,6.3252,10972.8,247.86,34.51,False,2026-03-11 17:43:30
39a00b,FHIAL,France,44.5702,0.2061,6705.6,122.87,334.19,False,2026-03-11 17:43:30
33fe0b,IEI2856,Italy,40.8689,14.4708,3665.22,124.09,272.38,False,2026-03-11 17:43:30
3cefbc,SCR378,Germany,42.5616,-3.4012,12192.0,198.01,19.42,False,2026-03-11 17:43:30
4ca293,EIN33T,Ireland,53.1048,0.1325,11285.22,248.73,94.51,False,2026-03-11 17:43:30
4ca292,EIN34G,Ireland,53.4334,-6.2564,,6.69,334.69,True,2026-03-11 17:43:30
342581,VLG2QV,Spain,48.689,2.2444,1165.86,94.31,236.57,False,2026-03-11 17:43:30
4ca295,EIN40R,Ireland,49.7769,0.9834,10683.24,241.69,143.57,False,2026-03-11 17:43:30
4073ce,VIR155M,United Kingdom,54.66,-2.9237,10355.58,233.24,321.54,False,2026-03-11 17:43:30
4073cd,GPCIZ,United Kingdom,52.9149,-2.2305,3048.0,128.24,191.81,False,2026-03-11 17:43:30
3c4668,ATV305,Germany,50.6337,11.8764,7010.4,173.68,37.18,False,2026-03-11 17:43:30
4cae9a,RYR302F,Ireland,53.4649,-6.3501,982.98,100.02,304.1,False,2026-03-11 17:43:30
3472c4,VLG91WF,Spain,43.3485,5.5818,11269.98,215.91,237.26,False,2026-03-11 17:43:30
4ca24c,RYR91QQ,Ireland,38.7171,15.0212,9646.92,224.28,349.03,False,2026-03-11 17:43:30
3ceff1,DCSEB,Germany,50.876,11.3947,1524.0,113.34,353.75,False,2026-03-11 17:43:30
4d22ff,RYR10ZB,Malta,43.4157,15.5971,11582.4,223.41,340.36,False,2026-03-11 17:43:30
3cf6c2,DCUTE,Germany,53.999,7.6735,9144.0,175.53,74.01,False,2026-03-11 17:43:30
407ffe,GSRXX,United Kingdom,51.34,0.0394,175.26,38.88,205.89,False,2026-03-11 17:43:30
4ca25b,RYR83KB,Ireland,53.3613,-2.265,,0.9,227.81,True,2026-03-11 17:43:30
abf5e9,N87VS,United States,53.9317,-3.278,8839.2,183.24,164.36,False,2026-03-11 17:43:30
39b32c,FHMZM,France,43.765,4.3825,327.66,44.35,356.01,False,2026-03-11 17:43:30
406b90,EZY875W,United Kingdom,51.3832,-2.7049,,2.57,196.88,True,2026-03-11 17:43:30
406b82,EFW45L,United Kingdom,51.1571,-0.1703,,1.29,149.06,True,2026-03-11 17:43:30
407267,EXS21U,United Kingdom,48.5632,13.3036,11582.4,215.06,313.55,False,2026-03-11 17:43:30
39b014,FHMAU,France,45.7912,4.0564,4572.0,183.37,84.85,False,2026-03-11 17:43:30
4405ea,EJU36FN,Austria,52.8377,2.2349,7871.46,196.52,106.11,False,2026-03-11 17:43:30
a8b5fc,UAL925,United States,51.1574,-1.1507,4610.1,206.77,222.78,False,2026-03-11 17:43:30
3cef03,PVD443A,Germany,51.298,7.7847,4907.28,216.73,63.8,False,2026-03-11 17:43:30
48605c,LIFELN2,Kingdom of the Netherlands,51.5465,4.6339,266.7,58.3,164.12,False,2026-03-11 17:43:30
a972ee,GTI332,United States,51.5361,-1.4281,10668.0,270.91,102.06,False,2026-03-11 17:43:30
3c56a3,GEC8307,Germany,42.1315,-1.1764,10363.2,234.3,39.39,False,2026-03-11 17:43:30
3c56a1,GEC8343,Germany,45.8929,15.4681,10370.82,226.19,325.19,False,2026-03-11 17:43:30
486072,KLM133,Kingdom of the Netherlands,51.5928,-0.2704,9745.98,245.8,257.8,False,2026-03-11 17:43:30
3002a2,SLJ504,Italy,41.2014,14.2249,2948.94,172.26,140.94,False,2026-03-11 17:43:30
34838b,VOE3ZB,Spain,41.4529,-3.0524,10363.2,211.59,7.26,False,2026-03-11 17:43:30
4cacb6,SAS72G,Ireland,53.3875,3.3334,11582.4,222.95,207.33,False,2026-03-11 17:43:30
4cacb1,FPO756,Ireland,38.8075,4.0119,6096.0,139.83,8.25,False,2026-03-11 17:43:30
4b934d,QRJ02,Turkey,43.1291,14.127,12496.8,236.88,109.14,False,2026-03-11 17:43:30
4d2303,RYR37FX,Malta,43.9457,12.3039,11582.4,223.09,15.93,False,2026-03-11 17:43:30
406b91,EZY75AH,United Kingdom,40.2463,-3.5126,1889.76,113.88,116.57,False,2026-03-11 17:43:30
3c56ef,EWG9D,Germany,43.4498,4.8492,11887.2,221.63,212.58,False,2026-03-11 17:43:30
3420cc,IBE04AY,Spain,41.4092,0.4924,8633.46,248.49,83.58,False,2026-03-11 17:43:30
39ceb9,TVF11JT,France,41.741,-6.6041,11894.82,236.85,217.14,False,2026-03-11 17:43:30
4d234a,RYR40VD,Malta,51.0768,8.8699,11277.6,233.6,112.67,False,2026-03-11 17:43:30
3d2984,DENYY,Germany,52.2963,10.5938,426.72,45.34,93.25,False,2026-03-11 17:43:30
407e33,EAG47S,United Kingdom,52.6461,-1.7609,1889.76,95.9,7.09,False,2026-03-11 17:43:30
3c56f6,EWG1FH,Germany,50.9677,9.083,11277.6,208.47,181.98,False,2026-03-11 17:43:30
3c56ec,EWG2AW,Germany,43.1257,-0.9444,11277.6,217.19,242.95,False,2026-03-11 17:43:30
4d2369,RYR894L,Malta,41.287,-4.2719,11277.6,244.48,185.55,False,2026-03-11 17:43:30
3cf62a,UNI137,Germany,51.5865,0.4128,12496.8,256.1,113.94,False,2026-03-11 17:43:30
4d2368,RYR85FM,Malta,41.2935,2.1026,,3.86,137.81,True,2026-03-11 17:43:30
39cead,TVF8285,France,38.8908,9.6081,11582.4,221.97,346.19,False,2026-03-11 17:43:30
39ceaf,TVF38TY,France,42.983,-2.0302,10363.2,223.27,36.47,False,2026-03-11 17:43:30
4d234f,RYR76YR,Malta,43.1926,6.4912,10668.0,240.66,102.34,False,2026-03-11 17:43:30
48e95d,LOT5PX,Poland,52.3249,14.8415,11582.4,223.38,271.85,False,2026-03-11 17:43:30
4d2362,MLM005,Malta,36.0097,15.6462,10972.8,208.45,280.81,False,2026-03-11 17:43:30
48e95a,LOT3ML,Poland,51.9092,13.0482,11582.4,223.75,264.59,False,2026-03-11 17:43:30
348351,IBE03DZ,Spain,40.6238,-4.7618,7467.6,212.01,268.61,False,2026-03-11 17:43:30
3985a0,DAH1012,France,41.817,1.6264,10965.18,222.19,352.28,False,2026-03-11 17:43:30
48e94b,SPNWD,Poland,51.8414,16.5377,167.64,28.71,233.75,False,2026-03-11 17:43:30
4d2348,RYR17GM,Malta,44.2164,0.1917,11582.4,218.75,345.15,False,2026-03-11 17:43:30
4d2349,RYR94BU,Malta,39.7054,-5.6505,11277.6,225.78,253.59,False,2026-03-11 17:43:30
48e959,LOT279,Poland,51.7094,1.0316,5219.7,164.53,263.9,False,2026-03-11 17:43:30
48e93d,BNI1A,Poland,51.7034,19.4209,487.68,45.97,58.27,False,2026-03-11 17:43:30
407238,GPCTW,United Kingdom,49.5641,0.6109,7132.32,107.83,323.73,False,2026-03-11 17:43:30
71c393,KAL921,Republic of Korea,41.4,10.5803,11635.74,245.03,243.97,False,2026-03-11 17:43:30
407e5f,EZY6312,United Kingdom,42.3095,-3.2063,11567.16,209.43,1.27,False,2026-03-11 17:43:30
407e68,EXS632,United Kingdom,39.9722,-8.2614,10972.8,212.02,28.55,False,2026-03-11 17:43:30
407e63,EZY6579,United Kingdom,41.3215,11.0638,11285.22,241.8,153.6,False,2026-03-11 17:43:30
4d236a,RYR46SM,Malta,46.2375,6.5939,11277.6,218.37,210.43,False,2026-03-11 17:43:30
407e53,EXS89YD,United Kingdom,53.0729,-1.8002,3749.04,129.37,320.49,False,2026-03-11 17:43:30
3985e4,EUP421,France,42.5872,-8.0219,3657.6,194.93,258.27,False,2026-03-11 17:43:30
407e3a,VCG2LE,United Kingdom,54.9855,-1.7795,1813.56,103.94,201.49,False,2026-03-11 17:43:30
4d2387,RYR75ZC,Malta,46.8016,11.6389,10668.0,247.63,189.33,False,2026-03-11 17:43:30
402ee4,GBRDF,United Kingdom,51.6183,-2.4419,563.88,63.74,42.06,False,2026-03-11 17:43:30
4703a9,DNC02RB,Hungary,36.7214,-3.6642,1341.12,66.4,268.22,False,2026-03-11 17:43:30
3c56f0,EWG1K,Germany,46.7735,2.473,11887.2,229.52,175.89,False,2026-03-11 17:43:30
3c56f3,EWG2H,Germany,53.6311,10.0019,,0.0,174.38,True,2026-03-11 17:43:30
407e45,EXS1402,United Kingdom,46.8169,-3.8169,11582.4,228.65,32.22,False,2026-03-11 17:43:30
4d2383,RYR59SC,Malta,47.8992,4.9295,10972.8,232.12,323.56,False,2026-03-11 17:43:30
300394,DLA4NK,Italy,49.9251,11.7528,8839.2,224.96,87.9,False,2026-03-11 17:43:30
348412,AEA19MG,Spain,52.3143,4.7546,,10.29,87.19,True,2026-03-11 17:43:30
3cd05d,GFD41,Germany,53.8241,10.8164,358.14,68.81,251.7,False,2026-03-11 17:43:30
3cd05e,GFD40,Germany,53.9809,10.8839,1264.92,122.02,107.67,False,2026-03-11 17:43:30
440658,MOZ10,Austria,40.6517,5.0217,8260.08,236.12,224.03,False,2026-03-11 17:43:30
348402,ANE1343,Spain,47.4481,0.6055,9144.0,211.98,18.83,False,2026-03-11 17:43:30
ab6c08,DAL4,United States,52.0865,-3.7919,9753.6,208.54,294.79,False,2026-03-11 17:43:30
440669,AUA235D,Austria,48.1199,16.5764,,4.89,104.06,True,2026-03-11 17:43:30
440668,AUA22S,Austria,49.5296,15.8666,8412.48,192.76,146.1,False,2026-03-11 17:43:30
440666,AUA141,Austria,47.6976,9.2813,3970.02,139.6,267.04,False,2026-03-11 17:43:30
407cda,GCMRC,United Kingdom,52.1047,-0.0259,685.8,47.57,158.43,False,2026-03-11 17:43:30
4cad28,RYR37VN,Ireland,44.6884,11.6451,11582.4,230.65,74.48,False,2026-03-11 17:43:30
4cad29,RYR60NY,Ireland,51.9684,5.0452,11277.6,250.86,97.9,False,2026-03-11 17:43:30
440612,EJU86PN,Austria,45.6525,9.2861,4747.26,152.65,263.81,False,2026-03-11 17:43:30
4cad26,AFZ22P,Ireland,52.2223,-6.9062,944.88,27.5,187.52,False,2026-03-11 17:43:30
48c1bb,RYR59AU,Poland,51.7093,9.3315,11582.4,220.99,276.28,False,2026-03-11 17:43:30
4cad0f,RYR72RR,Ireland,51.9162,-0.124,1051.56,80.22,250.52,False,2026-03-11 17:43:30
398601,AFR1095,France,50.7824,-0.0399,10050.78,246.09,101.94,False,2026-03-11 17:43:30
398602,AFR1202,France,45.1923,7.6456,,2.31,258.75,True,2026-03-11 17:43:30
440606,AUA214,Austria,50.0389,8.5446,,9.77,250.31,True,2026-03-11 17:43:30
3e232e,PAV621,Germany,47.7201,-2.234,10972.8,196.48,10.1,False,2026-03-11 17:43:30
4cad1e,KZR922,Ireland,49.8894,10.082,6675.12,218.26,92.03,False,2026-03-11 17:43:30
4070ef,EXS43VQ,United Kingdom,46.7978,17.4125,10972.8,226.52,309.66,False,2026-03-11 17:43:30
4070ed,EXS44S,United Kingdom,52.7481,-6.9658,11887.2,234.35,22.46,False,2026-03-11 17:43:30
4070ee,EXS31ED,United Kingdom,46.4728,16.224,10972.8,221.09,317.92,False,2026-03-11 17:43:30
3cd051,ECA3ER,Germany,46.6279,1.5208,10180.32,195.55,341.28,False,2026-03-11 17:43:30
48c1a4,RYR881D,Poland,41.3063,2.1054,-60.96,69.06,245.34,False,2026-03-11 17:43:30
48c1a1,RYR61GE,Poland,46.3509,10.942,11483.34,229.56,252.26,False,2026-03-11 17:43:30
440625,EJU68NP,Austria,42.4293,3.9664,9540.24,214.39,211.06,False,2026-03-11 17:43:30
4070de,GOTPL,United Kingdom,53.0572,0.136,8229.6,172.24,111.74,False,2026-03-11 17:43:30
4cad10,RYR1146,Ireland,44.7088,-9.385,11277.6,206.93,348.38,False,2026-03-11 17:43:30
503cb7,KLJ6184,Lithuania,44.2225,10.8222,10767.06,231.15,145.89,False,2026-03-11 17:43:30
4cad12,RYR1XE,Ireland,37.2256,-3.336,10668.0,239.96,243.38,False,2026-03-11 17:43:30
44061c,EJU87XQ,Austria,49.0757,3.0099,1722.12,120.57,236.31,False,2026-03-11 17:43:30
44061b,EJU65DW,Austria,42.7141,10.2819,11277.6,230.48,142.62,False,2026-03-11 17:43:30
4070e7,EXS31F,United Kingdom,45.8371,14.7818,10980.42,220.73,305.8,False,2026-03-11 17:43:30
4b447f,HBZYL,Switzerland,46.3183,6.9068,,0.0,329.06,True,2026-03-11 17:43:30
4cad64,RYR3ZN,Ireland,36.2699,12.7809,9525.0,217.68,289.03,False,2026-03-11 17:43:30
4cad4f,RYR84YG,Ireland,44.2446,3.0507,11582.4,239.29,59.8,False,2026-03-11 17:43:30
4c01e2,ASL58E,Serbia,43.4875,16.8816,10972.8,222.37,241.54,False,2026-03-11 17:43:30
4c01e4,ASL88K,Serbia,45.7667,19.6385,9357.36,216.5,325.06,False,2026-03-11 17:43:30
4d21d4,CXI25WD,Malta,46.8573,-0.696,11338.56,233.59,43.75,False,2026-03-11 17:43:30
4cad5f,ITY079,Ireland,40.8474,8.62,10972.8,216.86,72.04,False,2026-03-11 17:43:30
39cf07,AFR473,France,43.7629,15.7204,12192.0,243.73,292.72,False,2026-03-11 17:43:30
4cad42,SAS65D,Ireland,42.8544,4.3108,10995.66,220.39,211.06,False,2026-03-11 17:43:30
39cf00,AFR253,France,49.2879,3.3913,2849.88,143.94,217.16,False,2026-03-11 17:43:30
3c4581,BOX587,Germany,51.0385,13.6165,4251.96,192.75,308.06,False,2026-03-11 17:43:30
3949e3,AFR804,France,41.9446,-6.4244,11277.6,256.08,203.06,False,2026-03-11 17:43:30
4cad2a,RYR96KY,Ireland,41.7629,-3.2093,11582.4,206.96,347.66,False,2026-03-11 17:43:30
39cf0c,AFR096,France,47.0995,-4.098,11582.4,234.95,249.22,False,2026-03-11 17:43:30
39cf0f,AFR871,France,42.5466,-2.6222,12192.0,245.7,36.49,False,2026-03-11 17:43:30
4cad57,ITY452,Ireland,45.4345,9.2798,,3.86,264.38,True,2026-03-11 17:43:30
4cad52,ITY1435,Ireland,42.0464,11.3493,6606.54,184.58,319.29,False,2026-03-11 17:43:30
4d21a2,KMM514,Malta,36.0264,14.3076,5433.06,182.8,32.71,False,2026-03-11 17:43:30
4cad3f,RYR90ZG,Ireland,45.4585,-0.4127,11582.4,220.69,25.25,False,2026-03-11 17:43:30
4cad3d,RYR993X,Ireland,44.8819,11.1564,11582.4,226.7,66.46,False,2026-03-11 17:43:30
3949f8,AFR358P,France,49.0501,0.4551,8587.74,216.26,272.45,False,2026-03-11 17:43:30
ae6a32,DUSTY20,United States,49.7158,11.8846,419.1,23.7,242.88,False,2026-03-11 17:43:30
4cad9f,EAI57K,Ireland,54.594,-5.4612,4884.42,132.39,194.63,False,2026-03-11 17:43:30
49d12f,OKMIL,Czech Republic,50.1348,14.531,243.84,33.54,228.73,False,2026-03-11 17:43:30
4d21f7,RYR4UM,Malta,37.056,-3.8419,11574.78,216.53,50.98,False,2026-03-11 17:43:30
4d21ed,RYR354T,Malta,53.2315,-5.8473,1524.0,133.93,343.03,False,2026-03-11 17:43:30
ae34bf,SALTY07,United States,49.4735,10.4194,,42.33,339.36,False,2026-03-11 17:43:30
407cd1,BAW2MW,United Kingdom,53.4843,-2.393,10957.56,230.29,322.26,False,2026-03-11 17:43:30
4d21fd,RYR94AM,Malta,47.0653,5.7876,10972.8,221.39,324.65,False,2026-03-11 17:43:30
4d21fe,RYR998U,Malta,50.0732,16.6539,10972.8,230.22,97.19,False,2026-03-11 17:43:30
342210,PVG0908,Spain,41.0329,-0.1108,11285.22,217.28,260.05,False,2026-03-11 17:43:30
adb41e,N982RW,United States,47.122,16.0514,12588.24,261.58,264.36,False,2026-03-11 17:43:30
4cad7d,EIN718,Ireland,51.3918,-2.2349,6758.94,219.97,96.31,False,2026-03-11 17:43:30
4cad86,SAS527,Ireland,51.4649,-0.4526,,26.24,270.0,True,2026-03-11 17:43:30
4083a4,GRESS,United Kingdom,51.6102,0.7796,365.76,45.99,233.64,False,2026-03-11 17:43:30
407cb4,RUK42WM,United Kingdom,44.4311,-5.622,11887.2,244.43,195.88,False,2026-03-11 17:43:30
407cb2,RUK1AK,United Kingdom,51.8985,0.255,144.78,70.28,222.33,False,2026-03-11 17:43:30
3d15bb,DEGMD,Germany,52.1409,7.6657,327.66,46.57,343.97,False,2026-03-11 17:43:30
4d21f6,AEZ833J,Malta,45.4348,9.2808,,0.0,191.25,True,2026-03-11 17:43:30
407cb0,RUK18HG,United Kingdom,51.0333,4.4223,11582.4,222.73,303.98,False,2026-03-11 17:43:30
4cad97,SAS73C,Ireland,54.8835,11.7055,8610.6,199.98,215.37,False,2026-03-11 17:43:30
4cad98,SAS64U,Ireland,54.4688,8.702,11582.4,209.02,222.41,False,2026-03-11 17:43:30
4d21f1,RYR78WH,Malta,43.2835,10.9937,11277.6,240.23,140.82,False,2026-03-11 17:43:30
4d21db,KMM420,Malta,42.1561,10.4728,11582.4,215.81,333.07,False,2026-03-11 17:43:30
4d21dc,KMM3493,Malta,41.1449,12.3209,11269.98,237.97,165.09,False,2026-03-11 17:43:30
45d965,VKG1839,Denmark,44.7678,-3.5476,10972.8,229.17,35.87,False,2026-03-11 17:43:30
4010ea,EZY73VX,United Kingdom,51.1303,-0.3142,1188.72,111.71,257.5,False,2026-03-11 17:43:30
45d961,VKG1173,Denmark,47.1783,0.8845,10965.18,239.96,26.89,False,2026-03-11 17:43:30
4010ed,EZY65AK,United Kingdom,43.8148,-3.9099,11285.22,236.19,190.8,False,2026-03-11 17:43:30
4010ec,EZY53GZ,United Kingdom,51.1574,-0.1763,,5.92,78.75,True,2026-03-11 17:43:30
4010eb,EZY39RL,United Kingdom,46.3914,1.4135,11879.58,233.38,173.8,False,2026-03-11 17:43:30
4010dc,EFW3KF,United Kingdom,51.1568,-0.1687,,1.03,270.0,True,2026-03-11 17:43:30
4010db,EFW3TW,United Kingdom,46.3346,-4.5512,10668.0,237.51,202.68,False,2026-03-11 17:43:30
48b180,SPMMA,Poland,52.4014,17.1082,83.82,0.51,180.0,False,2026-03-11 17:43:30
4406f0,EJU509L,Austria,44.9445,0.1283,8542.02,163.93,329.65,False,2026-03-11 17:43:30
406c80,EXS38Q,United Kingdom,54.9133,-1.5147,1615.44,127.23,26.15,False,2026-03-11 17:43:30
3003ad,DLA3EJ,Italy,48.3451,11.8084,441.96,67.83,263.47,False,2026-03-11 17:43:30
3003af,DLA2WM,Italy,49.8597,8.5265,2065.02,139.49,202.78,False,2026-03-11 17:43:30
78076c,CCA937,China,54.9006,10.9822,10363.2,218.06,235.19,False,2026-03-11 17:43:30
3999e4,PEA302,France,45.737,5.8718,1005.84,67.08,175.6,False,2026-03-11 17:43:30
347187,ORO1041,Spain,40.8764,3.0221,5791.2,211.89,116.69,False,2026-03-11 17:43:30
40738a,ETP08,United Kingdom,51.1885,-1.6924,449.58,77.73,149.36,False,2026-03-11 17:43:30
4cabd1,EIN119,Ireland,53.7378,-6.8574,4815.84,166.49,299.02,False,2026-03-11 17:43:30
4d2235,RYR227P,Malta,53.5936,-3.3139,10485.12,183.19,274.51,False,2026-03-11 17:43:30
3986e5,AFR26BB,France,46.9488,1.6642,10668.0,226.47,194.6,False,2026-03-11 17:43:30
3986e7,AFR16JQ,France,47.6805,-1.0727,2788.92,130.08,321.91,False,2026-03-11 17:43:30
4d2232,RYR74SW,Malta,41.3055,-3.5764,10363.2,216.38,32.18,False,2026-03-11 17:43:30
3986e9,AFR35SA,France,52.4662,9.7249,182.88,67.94,271.74,False,2026-03-11 17:43:30
406c20,EGSL,United Kingdom,51.8901,0.7302,396.24,37.86,317.2,False,2026-03-11 17:43:30
4cabe2,EIJAM,Ireland,52.7644,-6.6914,914.4,55.41,311.24,False,2026-03-11 17:43:30
4d2244,RYR8NN,Malta,42.7735,-1.6682,11277.6,210.75,248.82,False,2026-03-11 17:43:30
4d2246,RYR9339,Malta,42.9619,-2.2631,10972.8,234.59,41.98,False,2026-03-11 17:43:30
4d223b,RYR881A,Malta,41.4676,-7.1036,9067.8,242.92,88.3,False,2026-03-11 17:43:30
4d222d,RYR34MJ,Malta,51.9217,18.6715,4259.58,172.33,101.71,False,2026-03-11 17:43:30
4d2217,RYR67XR,Malta,48.0996,13.6522,11582.4,220.99,309.81,False,2026-03-11 17:43:30
4d2211,RYR76SP,Malta,38.7553,-4.6329,11277.6,246.99,185.38,False,2026-03-11 17:43:30
485a32,KLM83A,Kingdom of the Netherlands,53.6534,9.9761,38.1,75.24,152.73,False,2026-03-11 17:43:30
4d2219,RYR86FT,Malta,53.6708,-7.0759,10058.4,249.05,97.48,False,2026-03-11 17:43:30
3c088d,CFG7HP,Germany,50.0474,8.6175,236.22,62.02,249.61,False,2026-03-11 17:43:30
407f35,EZY787Y,United Kingdom,51.1541,-0.17,,0.0,345.94,True,2026-03-11 17:43:30
485a33,KLM93B,Kingdom of the Netherlands,52.454,-1.7432,,3.6,118.12,True,2026-03-11 17:43:30
4d2229,RYR685H,Malta,49.8825,2.5277,9144.0,230.79,42.83,False,2026-03-11 17:43:30
4d2224,RYR26DU,Malta,42.1949,-6.8078,11582.4,211.22,15.83,False,2026-03-11 17:43:30
4d220b,RYR907C,Malta,49.485,1.3734,11277.6,241.91,144.96,False,2026-03-11 17:43:30
4d220c,RYR1JJ,Malta,52.4545,-1.7365,,0.51,239.06,True,2026-03-11 17:43:30
4d2278,CXI49DD,Malta,43.8202,-4.2209,10972.8,215.81,26.93,False,2026-03-11 17:43:30
4d226d,RYR2523,Malta,48.5643,2.4385,11277.6,229.61,199.77,False,2026-03-11 17:43:30
4d226e,RYR30CX,Malta,43.3868,13.4641,10668.0,236.82,125.45,False,2026-03-11 17:43:30
40600d,EZY73RG,United Kingdom,51.6477,-0.4136,3474.72,152.49,354.39,False,2026-03-11 17:43:30
4d2274,RYR321U,Malta,37.1959,2.7718,11582.4,221.65,65.16,False,2026-03-11 17:43:30
348447,ECDKC,Spain,41.6824,-0.9061,563.88,42.5,276.95,False,2026-03-11 17:43:30
4d2272,RYR83QP,Malta,44.2331,1.0083,11277.6,221.47,192.07,False,2026-03-11 17:43:30
406016,EZY64KC,United Kingdom,50.0392,1.7365,10980.42,214.19,308.47,False,2026-03-11 17:43:30
406015,EZY48QE,United Kingdom,50.035,0.6881,11285.22,237.99,140.7,False,2026-03-11 17:43:30
406018,EZY3404,United Kingdom,53.3349,-2.8582,,8.75,87.19,True,2026-03-11 17:43:30
4d2288,RYR822G,Malta,38.5801,12.8,11887.2,236.11,154.72,False,2026-03-11 17:43:30
4d2289,RYR19EZ,Malta,40.6578,15.3666,10972.8,226.64,20.74,False,2026-03-11 17:43:30
4d227c,RYR5188,Malta,49.3743,0.219,11277.6,239.92,163.43,False,2026-03-11 17:43:30
4d227f,RYR32JX,Malta,38.5925,-9.5019,2514.6,133.58,169.12,False,2026-03-11 17:43:30
407f7b,EXS8LB,United Kingdom,47.1081,-9.4883,10058.4,207.84,359.57,False,2026-03-11 17:43:30
406011,EZY35ZV,United Kingdom,41.7625,-7.9577,11269.98,253.12,179.42,False,2026-03-11 17:43:30
407f7a,EZY97XU,United Kingdom,50.8253,-1.619,11506.2,230.01,200.42,False,2026-03-11 17:43:30
4d226f,RYR2KR,Malta,41.4561,6.7691,10972.8,216.48,53.21,False,2026-03-11 17:43:30
4d2280,RYR8YK,Malta,39.2956,2.2945,4221.48,163.59,238.11,False,2026-03-11 17:43:30
3434c9,HRN127,Spain,39.4808,-0.4808,,3.09,25.31,True,2026-03-11 17:43:30
4d2257,RYR96RA,Malta,36.349,-5.9521,9570.72,234.27,189.61,False,2026-03-11 17:43:30
3c55c2,EWG5T,Germany,50.5855,8.0225,3505.2,139.93,328.53,False,2026-03-11 17:43:30
3c55c1,EWG3EF,Germany,51.662,7.1972,2225.04,121.56,196.98,False,2026-03-11 17:43:30
4d2250,RYR1QP,Malta,53.3386,-0.674,10972.8,213.0,281.99,False,2026-03-11 17:43:30
407f71,BRO62,United Kingdom,51.7757,-1.0798,769.62,88.96,113.16,False,2026-03-11 17:43:30
4d2268,RYR76VW,Malta,53.0641,10.1682,11582.4,216.41,258.34,False,2026-03-11 17:43:30
3c55c6,EWG7Z,Germany,47.8328,8.1047,9098.28,214.52,217.01,False,2026-03-11 17:43:30
407f66,EZY6583,United Kingdom,39.8418,12.0147,11277.6,229.63,154.24,False,2026-03-11 17:43:30
407f63,EZY64XA,United Kingdom,43.2535,-3.9316,11285.22,241.62,186.11,False,2026-03-11 17:43:30
3c55c9,EWG1ER,Germany,50.878,7.1265,,126.2,247.72,True,2026-03-11 17:43:30
3c55c8,EWG17X,Germany,48.6901,9.2091,,10.8,73.12,True,2026-03-11 17:43:30
4d2262,RYR19CJ,Malta,37.4511,-1.9415,10972.8,203.32,33.65,False,2026-03-11 17:43:30
407f60,EZY85CR,United Kingdom,43.0079,18.8491,11582.4,225.18,315.46,False,2026-03-11 17:43:30
493299,NJE996A,Portugal,41.2968,2.0182,13716.0,217.7,261.03,False,2026-03-11 17:43:30
493298,NJE704N,Portugal,51.0002,5.8601,708.66,88.19,212.86,False,2026-03-11 17:43:30
49328c,NJE245G,Portugal,51.1193,18.9371,10401.3,227.2,53.93,False,2026-03-11 17:43:30
300575,IXPRA,Italy,45.2075,9.3022,845.82,97.5,355.76,False,2026-03-11 17:43:30
401d8f,GBGGO,United Kingdom,53.0796,-1.1378,381.0,29.74,232.73,False,2026-03-11 17:43:30
4d216e,EWG37HB,Malta,50.1875,6.4755,8862.06,239.69,9.14,False,2026-03-11 17:43:30
4b19ef,SWR948D,Switzerland,47.4551,8.5678,396.24,0.0,132.19,True,2026-03-11 17:43:30
4071d9,EZY36XL,United Kingdom,45.5257,0.1967,10363.2,201.77,333.17,False,2026-03-11 17:43:30
348509,VLG97WN,Spain,39.247,-3.4919,10980.42,214.55,7.99,False,2026-03-11 17:43:30
493282,NJE133Q,Portugal,40.255,6.7036,12496.8,219.48,259.88,False,2026-03-11 17:43:30
493281,NJE892R,Portugal,45.5313,12.4602,1516.38,106.15,98.64,False,2026-03-11 17:43:30
4b19e6,SWR303C,Switzerland,47.4586,8.563,,6.17,5.62,True,2026-03-11 17:43:30
407f0d,RUK4ZV,United Kingdom,54.4021,-3.1212,11224.26,243.05,156.42,False,2026-03-11 17:43:30
300557,DLA7AW,Italy,47.099,9.5968,10668.0,240.19,153.54,False,2026-03-11 17:43:30
300564,DLA3PW,Italy,46.2343,6.1066,,6.43,199.69,True,2026-03-11 17:43:30
4b19fc,SWR5CY,Switzerland,44.2385,5.4317,11277.6,219.42,196.48,False,2026-03-11 17:43:30
4b19ff,SWR9TB,Switzerland,46.8955,14.4787,4038.6,186.77,100.47,False,2026-03-11 17:43:30
3f551d,GAF728,Germany,48.7305,11.5654,4533.9,197.82,352.23,False,2026-03-11 17:43:30
48c2ad,RYR9SK,Poland,47.6142,1.163,10972.8,244.25,28.56,False,2026-03-11 17:43:30
48c2ab,RYR452H,Poland,51.5151,-0.6463,12192.0,210.08,272.39,False,2026-03-11 17:43:30
48c2b9,RYR9UA,Poland,41.4865,-1.2376,11277.6,217.46,222.03,False,2026-03-11 17:43:30
48c2b7,RYR11TZ,Poland,36.9702,14.5044,6499.86,201.08,190.76,False,2026-03-11 17:43:30
48c2b3,RYR8575,Poland,50.5863,-0.8518,6553.2,168.48,15.22,False,2026-03-11 17:43:30
342398,VLG6RV,Spain,40.7395,-0.8476,10668.0,214.7,244.6,False,2026-03-11 17:43:30
400a99,BRO148A,United Kingdom,51.222,0.7662,6560.82,232.41,115.43,False,2026-03-11 17:43:30
48c2b1,RYR32PQ,Poland,45.5337,12.4707,10972.8,213.07,328.73,False,2026-03-11 17:43:30
3f4e62,GAF110,Germany,53.2055,13.1049,9144.0,195.47,241.21,False,2026-03-11 17:43:30
3c07fc,VJH727,Germany,42.9146,1.8862,9753.6,216.77,170.85,False,2026-03-11 17:43:30
48c2a6,RYR13KE,Poland,47.0062,16.8442,11277.6,236.05,126.05,False,2026-03-11 17:43:30
48c2a7,RYR4QG,Poland,38.2777,-0.5252,220.98,87.11,99.52,False,2026-03-11 17:43:30
48c2a4,RYR7195,Poland,41.0346,-7.3114,11277.6,239.43,216.53,False,2026-03-11 17:43:30
341057,P2,Spain,40.4612,-3.5732,,2.31,36.56,True,2026-03-11 17:43:30
48c2a2,RYR34NM,Poland,43.2047,5.3121,11277.6,224.43,229.56,False,2026-03-11 17:43:30
48c2a3,RYR193H,Poland,49.4576,19.2729,6118.86,186.58,206.71,False,2026-03-11 17:43:30
48c2a0,RYR40XB,Poland,36.6915,13.6212,8747.76,215.78,323.92,False,2026-03-11 17:43:30
4cac55,RYR303,Ireland,50.917,6.7949,1851.66,126.48,21.97,False,2026-03-11 17:43:30
4cac56,RYR35XX,Ireland,42.3064,2.0368,6225.54,210.48,167.87,False,2026-03-11 17:43:30
4cac53,RYR33BB,Ireland,50.5574,3.8724,11277.6,243.73,130.55,False,2026-03-11 17:43:30
71be16,AIH796,Republic of Korea,49.7903,9.0144,3154.68,169.99,119.36,False,2026-03-11 17:43:30
3e47ba,ECA2SJ,Germany,45.456,18.4473,11582.4,204.11,302.13,False,2026-03-11 17:43:30
48e8f3,SPHMA,Poland,47.0904,16.0786,548.64,60.14,280.35,False,2026-03-11 17:43:30
4cac20,RYR97QV,Ireland,38.7427,1.7665,11049.0,231.85,111.61,False,2026-03-11 17:43:30
45ab54,FIN95C,Denmark,53.8912,15.078,9791.7,229.58,213.3,False,2026-03-11 17:43:30
403723,GVCRM,United Kingdom,52.085,-0.8268,0.0,52.61,189.0,False,2026-03-11 17:43:30
3d5d4b,DFHOT,Germany,50.8656,7.132,,8.23,137.81,True,2026-03-11 17:43:30
4cac1f,RYR890P,Ireland,40.025,4.4382,11582.4,217.97,50.94,False,2026-03-11 17:43:30
49d020,OKDSH,Czech Republic,48.2188,13.0168,4930.14,86.13,355.89,False,2026-03-11 17:43:30
4cac87,RYR1HW,Ireland,50.7453,-1.4333,9540.24,236.75,216.7,False,2026-03-11 17:43:30
4cac85,RYR271X,Ireland,37.9586,-4.9112,7543.8,214.34,187.59,False,2026-03-11 17:43:30
4cac86,RYR170Y,Ireland,41.0949,0.361,11277.6,215.08,260.22,False,2026-03-11 17:43:30
401127,AUR209,United Kingdom,49.4475,-2.5058,297.18,49.81,218.29,False,2026-03-11 17:43:30
4cac8e,SAS605,Ireland,48.147,8.5717,5128.26,168.09,190.76,False,2026-03-11 17:43:30
4d20f4,WMT723,Malta,41.3846,14.9442,7559.04,197.01,25.03,False,2026-03-11 17:43:30
3483c1,ECOLT,Spain,37.0659,-7.5966,3055.62,57.16,87.42,False,2026-03-11 17:43:30
4cac7f,RYR20JF,Ireland,46.5068,1.8005,11277.6,237.07,193.55,False,2026-03-11 17:43:30
39c428,AFR291,France,47.8386,17.0697,12184.38,247.98,293.21,False,2026-03-11 17:43:30
4cac66,ABR468,Ireland,50.3676,8.9463,11277.6,213.19,190.85,False,2026-03-11 17:43:30
4cac64,ABR294,Ireland,41.3593,2.2607,685.8,94.3,247.21,False,2026-03-11 17:43:30
4d20b5,AJD18FJ,Malta,40.7368,-2.6824,13716.0,222.35,193.65,False,2026-03-11 17:43:30
39c40f,AIA6413,France,44.3317,-0.12,8168.64,162.2,13.95,False,2026-03-11 17:43:30
407dca,SRD203B,United Kingdom,50.4462,-5.0024,,0.0,194.06,True,2026-03-11 17:43:30
503c92,DMS2RV,Lithuania,49.2145,7.0522,1127.76,63.81,262.59,False,2026-03-11 17:43:30
04c11b,KQA164,Kenya,49.5909,2.7081,5958.84,208.2,23.9,False,2026-03-11 17:43:30
45ab21,JTD804,Denmark,50.7738,4.3367,10668.0,213.38,212.2,False,2026-03-11 17:43:30
3d27d2,DENIG,Germany,47.7476,9.281,1264.92,40.04,222.92,False,2026-03-11 17:43:30
40834f,GFLXZ,United Kingdom,50.9826,0.928,228.6,43.85,328.92,False,2026-03-11 17:43:30
40834d,PIPE65,United Kingdom,51.023,-1.9741,617.22,64.78,102.38,False,2026-03-11 17:43:30
408354,NEVIS03,United Kingdom,53.6341,-1.4054,1287.78,78.9,160.97,False,2026-03-11 17:43:30
a0abb2,N142SD,United States,46.0101,4.8483,685.8,80.79,173.42,False,2026-03-11 17:43:30
398495,CCM30VN,France,47.6566,2.7434,8023.86,213.27,163.75,False,2026-03-11 17:43:30
385182,FBUMC,France,47.722,-2.0016,365.76,29.49,222.88,False,2026-03-11 17:43:30
4cab80,NOS231,Ireland,42.0878,12.0851,1508.76,140.19,132.47,False,2026-03-11 17:43:30
48c12d,RYR626W,Poland,40.4251,7.0636,11582.4,221.73,75.35,False,2026-03-11 17:43:30
48cd80,SJI1,Poland,50.7249,1.0688,3596.64,168.25,34.66,False,2026-03-11 17:43:30
398465,FHBDF,France,43.9517,4.7269,548.64,44.59,163.24,False,2026-03-11 17:43:30
ab96a4,FDX4,United States,51.0048,2.9593,11887.2,268.12,98.83,False,2026-03-11 17:43:30
48c126,RYR49PP,Poland,42.182,11.5284,10972.8,219.81,41.3,False,2026-03-11 17:43:30
48c125,RYR4KX,Poland,45.6151,8.7324,,8.23,348.75,True,2026-03-11 17:43:30
3aabfe,FMY8O51,France,48.7335,1.6333,3048.0,67.32,263.42,False,2026-03-11 17:43:30
407c9c,MOG76,United Kingdom,50.8991,6.4855,11582.4,239.33,142.69,False,2026-03-11 17:43:30
60003c,FIE4001,Armenia,46.3296,10.356,10660.38,241.11,130.76,False,2026-03-11 17:43:30
40836a,GMLLR,United Kingdom,51.4977,0.7016,769.62,53.38,153.68,False,2026-03-11 17:43:30
407046,HLE94,United Kingdom,51.8611,-2.2814,358.14,54.02,270.0,False,2026-03-11 17:43:30
4691c7,AEE4084,Greece,45.8036,15.1195,3246.12,171.1,317.19,False,2026-03-11 17:43:30
451d8c,ASL51L,Bulgaria,45.2765,18.6242,9867.9,221.19,294.9,False,2026-03-11 17:43:30
3c4dd5,DLH8CT,Germany,49.9432,8.5929,1325.88,132.59,108.08,False,2026-03-11 17:43:30
3c4dd4,DLH3TT,Germany,50.0354,8.5315,,2.06,247.5,True,2026-03-11 17:43:30
710105,SVA122,Saudi Arabia,51.3105,-0.1275,1821.18,149.02,96.14,False,2026-03-11 17:43:30
4691c4,AEE808,Greece,48.6891,9.1943,,0.0,343.12,True,2026-03-11 17:43:30
4cc4c5,ABD3162,Iceland,48.4006,13.5946,10363.2,231.78,300.55,False,2026-03-11 17:43:30
4caaa7,ITY414,Ireland,45.7037,8.8649,5059.68,172.08,303.17,False,2026-03-11 17:43:30
4d2124,HAT5151,Malta,40.9519,-2.2998,8526.78,228.16,77.5,False,2026-03-11 17:43:30
440484,EJU95GD,Austria,45.3477,9.8269,11582.4,214.63,45.58,False,2026-03-11 17:43:30
4d210f,VJT630,Malta,36.4994,-5.3905,7368.54,202.18,89.85,False,2026-03-11 17:43:30
3c4dce,DLH06M,Germany,50.0347,8.5354,,7.72,250.31,True,2026-03-11 17:43:30
4d210d,VJT617,Malta,38.6061,-1.797,11582.4,219.63,71.14,False,2026-03-11 17:43:30
44047d,EJU16LZ,Austria,48.7264,2.3963,68.58,67.77,254.59,False,2026-03-11 17:43:30
3ca4ae,DCS402,Germany,43.4023,0.8832,12192.0,234.38,53.03,False,2026-03-11 17:43:30
44adeb,OOKOK,Belgium,51.0897,2.6537,411.48,41.21,267.14,False,2026-03-11 17:43:30
490732,RVP254,Portugal,39.0267,-7.8609,845.82,38.01,50.49,False,2026-03-11 17:43:30
710119,SVA9614,Saudi Arabia,47.0839,12.7818,9364.98,267.37,134.77,False,2026-03-11 17:43:30
3444c8,VOE50NN,Spain,44.8323,-0.7375,259.08,71.69,265.89,False,2026-03-11 17:43:30
3444c9,VLG8TZ,Spain,42.6861,-5.6792,10066.02,203.86,278.42,False,2026-03-11 17:43:30
710121,SVA113,Saudi Arabia,51.0756,0.4256,4564.38,177.89,314.65,False,2026-03-11 17:43:30
600bc4,AHY600,Azerbaijan,52.0465,1.4008,4983.48,157.94,290.8,False,2026-03-11 17:43:30
440461,OEANZ,Austria,47.8714,13.8853,1737.36,52.68,238.17,False,2026-03-11 17:43:30
30015b,IRVRP,Italy,43.3264,10.047,9144.0,172.37,332.06,False,2026-03-11 17:43:30
408303,GCNAX,United Kingdom,51.8944,-2.1628,15.24,26.93,263.42,False,2026-03-11 17:43:30
4d211f,9HGMF,Malta,38.7962,-8.2133,510.54,62.96,136.66,False,2026-03-11 17:43:30
4847a9,PHAEE,Kingdom of the Netherlands,40.5124,-3.8891,845.82,60.51,26.78,False,2026-03-11 17:43:30
44046d,EJU57CZ,Austria,42.8343,12.1868,11277.6,231.92,127.43,False,2026-03-11 17:43:30
3c4dc6,DLH1JA,Germany,51.4225,7.8301,7322.82,214.31,326.65,False,2026-03-11 17:43:30
3c4dc7,DLH9CL,Germany,50.3039,10.1993,7010.4,210.48,55.46,False,2026-03-11 17:43:30
440469,EJU81QB,Austria,49.4271,4.0625,5090.16,157.71,237.66,False,2026-03-11 17:43:30
4046b6,GUANT,United Kingdom,53.7715,-3.0149,670.56,34.14,186.05,False,2026-03-11 17:43:30
3c4dc2,DLH4ER,Germany,48.4612,11.9419,2125.98,165.72,83.4,False,2026-03-11 17:43:30
440418,JVW739,Austria,46.6769,-1.9989,13106.4,208.49,41.4,False,2026-03-11 17:43:30
a134bf,N177SA,United States,51.6899,0.5175,670.56,63.26,194.6,False,2026-03-11 17:43:30
4081bc,BAW834,United Kingdom,53.4335,-6.2625,,7.72,140.62,True,2026-03-11 17:43:30
4081bd,BAW560F,United Kingdom,50.4271,4.1356,11894.82,246.17,116.57,False,2026-03-11 17:43:30
4081bb,BAW33A,United Kingdom,51.2836,0.108,3429.0,130.6,315.8,False,2026-03-11 17:43:30
4b18b9,EDW289K,Switzerland,45.446,5.0772,10972.8,242.0,53.47,False,2026-03-11 17:43:30
4081c0,BAW899,United Kingdom,51.6102,0.0878,2095.5,125.0,204.56,False,2026-03-11 17:43:30
39d2b1,AFR52X,France,49.0427,-2.5008,11582.4,231.04,271.28,False,2026-03-11 17:43:30
39d2b3,AFR267,France,49.626,5.6088,10652.76,223.21,262.32,False,2026-03-11 17:43:30
4d207e,VJT720,Malta,46.7085,8.1251,13716.0,250.24,148.11,False,2026-03-11 17:43:30
407ad4,GRAZE,United Kingdom,51.5093,-1.7983,579.12,68.03,135.92,False,2026-03-11 17:43:30
4d2081,EWG79P,Malta,44.2926,5.6022,11887.2,222.39,198.06,False,2026-03-11 17:43:30
4d2085,EWG24G,Malta,49.5238,12.0601,11148.06,230.92,185.24,False,2026-03-11 17:43:30
342091,IBE0681,Spain,42.4294,5.356,10972.8,232.06,50.49,False,2026-03-11 17:43:30
342090,IBS1759,Spain,37.8177,-5.8516,3451.86,159.75,220.82,False,2026-03-11 17:43:30
401a35,GBASJ,United Kingdom,52.4286,-2.5046,1104.9,51.75,142.67,False,2026-03-11 17:43:30
4081a9,EXS7D,United Kingdom,45.5423,15.3678,10972.8,225.35,306.09,False,2026-03-11 17:43:30
3dfa5c,EDL7,Germany,48.3455,11.7445,464.82,26.83,85.6,False,2026-03-11 17:43:30
4b18bb,EDW232,Switzerland,37.9405,-6.0151,10965.18,215.73,50.81,False,2026-03-11 17:43:30
39d2a5,AFR198,France,45.8655,17.3997,11277.6,253.19,107.26,False,2026-03-11 17:43:30
4d2067,WZZ86CK,Malta,52.1244,7.0859,10965.18,210.05,267.75,False,2026-03-11 17:43:30
39d2a4,AFR199,France,49.6333,5.9129,11277.6,231.81,265.16,False,2026-03-11 17:43:30
4081fd,UFX31,United Kingdom,53.6593,-0.0742,472.44,61.22,221.59,False,2026-03-11 17:43:30
4b18f2,EDW371,Switzerland,47.5409,11.9703,11574.78,213.36,286.82,False,2026-03-11 17:43:30
4b18f3,EDW301P,Switzerland,51.0039,-0.3715,11277.6,240.43,152.89,False,2026-03-11 17:43:30
401a93,GCDCW,United Kingdom,51.1342,0.788,502.92,20.83,302.91,False,2026-03-11 17:43:30
342059,FIN08PL,Spain,54.2253,9.1676,10363.2,206.07,220.85,False,2026-03-11 17:43:30
01018d,LMU9991,Egypt,49.1771,9.8282,11277.6,239.42,123.52,False,2026-03-11 17:43:30
4b18fe,EDW65V,Switzerland,47.466,12.8587,11582.4,232.69,280.32,False,2026-03-11 17:43:30
344696,VLG8JE,Spain,44.8974,-3.0301,10622.28,235.83,185.88,False,2026-03-11 17:43:30
344699,VLG1XK,Spain,41.3095,2.1146,-15.24,62.63,245.75,False,2026-03-11 17:43:30
344695,VLG28U,Spain,39.4668,1.2283,5478.78,208.04,2.55,False,2026-03-11 17:43:30
344691,VLG2NZ,Spain,43.2575,-3.2195,5013.96,205.34,114.57,False,2026-03-11 17:43:30
392da3,TJT77JD,France,43.9124,1.0272,6271.26,150.01,222.5,False,2026-03-11 17:43:30
4402f1,EJU62JK,Austria,43.8315,7.3776,4853.94,177.41,154.4,False,2026-03-11 17:43:30
4402f0,EJU39AY,Austria,36.0853,-7.7296,11277.6,247.96,180.12,False,2026-03-11 17:43:30
392daa,TJT37DR,France,44.8513,0.5426,6096.0,105.19,331.68,False,2026-03-11 17:43:30
a2915f,N2648X,United States,49.0242,3.2491,2331.72,120.17,216.82,False,2026-03-11 17:43:30
71bf71,AAR521,Republic of Korea,49.3051,11.6685,11582.4,236.72,294.11,False,2026-03-11 17:43:30
40829a,VIP01,United Kingdom,53.671,-1.6161,5334.0,173.38,231.02,False,2026-03-11 17:43:30
a84ab1,UPS3,United States,51.1174,7.6128,3116.58,124.93,259.8,False,2026-03-11 17:43:30
a3278f,N302JG,United States,52.4794,-1.7736,464.82,66.57,323.48,False,2026-03-11 17:43:30
504e61,HYS244,Republic of Moldova,53.1453,-1.001,11887.2,253.04,100.9,False,2026-03-11 17:43:30
3d13c5,DEFSV,Germany,48.4915,12.6931,1287.78,55.96,173.14,False,2026-03-11 17:43:30
344648,IBE06MT,Spain,41.2555,-0.9539,10332.72,243.78,83.7,False,2026-03-11 17:43:30
344644,VLG1LH,Spain,39.7031,-0.1915,11117.58,234.32,226.25,False,2026-03-11 17:43:30
401a01,GBAKW,United Kingdom,51.213,-0.1292,76.2,32.08,254.18,False,2026-03-11 17:43:30
4402b9,EJU62MZ,Austria,46.8322,15.1595,11887.2,232.5,189.3,False,2026-03-11 17:43:30
46b8ad,AEE604,Greece,47.8233,5.9667,11582.4,226.15,303.4,False,2026-03-11 17:43:30
4402e8,EJU9192,Austria,51.1418,13.783,,0.0,42.19,True,2026-03-11 17:43:30
4b1939,CSW630,Switzerland,47.4598,9.0884,5273.04,199.9,93.1,False,2026-03-11 17:43:30
4b191f,SWR41G,Switzerland,50.2908,-7.818,10668.0,277.29,106.05,False,2026-03-11 17:43:30
407d90,RRR1307,United Kingdom,53.479,-1.1539,5478.78,141.27,325.38,False,2026-03-11 17:43:30
407d97,UFX61,United Kingdom,53.7573,0.6408,861.06,51.37,262.52,False,2026-03-11 17:43:30
4021cf,GFULL,United Kingdom,51.2444,-1.5616,579.12,55.66,45.37,False,2026-03-11 17:43:30
401add,GBBKB,United Kingdom,53.4662,-0.8701,937.26,52.57,101.86,False,2026-03-11 17:43:30
398579,AFR62VD,France,40.2248,-0.3275,4533.9,160.42,210.02,False,2026-03-11 17:43:30
4caa5c,RYR944E,Ireland,44.6069,-7.0803,11582.4,222.25,26.39,False,2026-03-11 17:43:30
406a3e,BAW77B,United Kingdom,51.5032,-0.0273,1607.82,102.95,178.0,False,2026-03-11 17:43:30
4caa5a,RYR65ZU,Ireland,38.0381,-4.1102,10972.8,228.19,73.36,False,2026-03-11 17:43:30
39856a,AFR54RA,France,54.7547,8.6556,10972.8,198.35,212.82,False,2026-03-11 17:43:30
06a139,QTR18N,Qatar,49.8158,15.4234,10363.2,234.03,325.3,False,2026-03-11 17:43:30
4caa60,RYR62DM,Ireland,44.5632,-3.6642,10972.8,228.91,41.36,False,2026-03-11 17:43:30
39856d,KLM44T,France,48.7862,0.5894,10363.2,233.81,38.03,False,2026-03-11 17:43:30
4caa61,RYR4819,Ireland,42.6559,1.9525,8084.82,197.38,172.06,False,2026-03-11 17:43:30
4b193a,ENT2621,Switzerland,48.4842,10.4143,7345.68,219.49,107.46,False,2026-03-11 17:43:30
3e31d8,PAV612,Germany,46.1031,5.883,4770.12,118.28,236.17,False,2026-03-11 17:43:30
407d5b,WUK91BL,United Kingdom,48.5654,13.4489,10972.8,212.84,297.49,False,2026-03-11 17:43:30
4b1942,CSW2KP,Switzerland,47.4785,8.541,472.44,85.52,316.71,False,2026-03-11 17:43:30
3dd799,PBW16,Germany,48.3654,8.9413,777.24,50.72,216.75,False,2026-03-11 17:43:30
06a149,QTR65C,Qatar,45.5663,16.1759,12192.0,248.5,327.86,False,2026-03-11 17:43:30
06a140,,Qatar,50.9017,4.4544,,1.03,334.69,True,2026-03-11 17:43:30
48e89e,BNI3MJ,Poland,51.626,19.5184,579.12,40.25,327.53,False,2026-03-11 17:43:30
48c241,SPRTB,Poland,49.9527,19.5133,609.6,37.1,273.18,False,2026-03-11 17:43:30
40717c,EXS71AS,United Kingdom,46.8401,12.7194,11582.4,215.45,309.96,False,2026-03-11 17:43:30
40717d,EXS29Y,United Kingdom,49.1777,-1.5422,10972.8,235.3,34.49,False,2026-03-11 17:43:30
40717a,EXS34NR,United Kingdom,48.8587,-1.6344,10972.8,215.2,8.25,False,2026-03-11 17:43:30
a0a0c1,N14EF,United States,52.8444,-2.7544,182.88,39.29,226.06,False,2026-03-11 17:43:30
71bf82,KAL927,Republic of Korea,45.6331,8.7189,,3.6,239.06,True,2026-03-11 17:43:30
48c232,RYR5DV,Poland,43.5596,5.2317,3124.2,160.15,182.58,False,2026-03-11 17:43:30
48c233,RYR31ZM,Poland,46.3497,14.7883,11269.98,235.36,206.34,False,2026-03-11 17:43:30
3dd732,RDF9,Germany,48.6894,11.5482,434.34,34.97,243.81,False,2026-03-11 17:43:30
406a92,EZY57RY,United Kingdom,41.9078,-3.661,9166.86,209.01,357.88,False,2026-03-11 17:43:30
4b194a,SWR262C,Switzerland,42.4623,-0.5729,10972.8,229.75,39.82,False,2026-03-11 17:43:30
4b194d,SWR2BV,Switzerland,52.3035,4.7653,,6.69,351.56,True,2026-03-11 17:43:30
407179,EXS4TP,United Kingdom,40.0222,-9.3708,10972.8,208.75,17.5,False,2026-03-11 17:43:30
48c225,RYR7AE,Poland,43.394,14.8444,11277.6,235.3,202.36,False,2026-03-11 17:43:30
48c226,RYR77LT,Poland,45.6386,10.1069,11277.6,232.2,230.84,False,2026-03-11 17:43:30
47a22c,NOZ1CE,Norway,48.9639,1.8513,11582.4,240.7,31.72,False,2026-03-11 17:43:30
34824f,DNC61LK,Spain,36.759,-4.1092,495.3,43.25,296.87,False,2026-03-11 17:43:30
34824d,FBY83E,Spain,42.2647,-3.4786,1501.14,50.08,56.31,False,2026-03-11 17:43:30
3c66ba,OCN12D,Germany,49.9121,9.3575,3147.06,158.92,15.97,False,2026-03-11 17:43:30
3c66e4,OCN313,Germany,44.2493,2.4642,10980.42,244.6,54.07,False,2026-03-11 17:43:30
3c66e1,DLH6JH,Germany,52.4543,13.8484,1226.82,87.42,247.51,False,2026-03-11 17:43:30
48e83d,SPGIT,Poland,52.9361,17.3797,609.6,54.41,76.88,False,2026-03-11 17:43:30
451e8c,GPX6NY,Bulgaria,43.63,18.3245,11506.2,226.69,316.38,False,2026-03-11 17:43:30
3c66e6,OCN7R,Germany,44.3446,2.648,10370.82,255.12,54.35,False,2026-03-11 17:43:30
3c66e9,OCN3EV,Germany,50.7151,9.466,4754.88,177.03,204.55,False,2026-03-11 17:43:30
4692d7,,Greece,50.0451,8.5636,,4.89,247.5,True,2026-03-11 17:43:30
780926,B8255,China,53.0563,7.6428,12496.8,252.88,49.54,False,2026-03-11 17:43:30
392403,FGJAD,France,47.9062,7.0001,6156.96,98.26,198.62,False,2026-03-11 17:43:30
348213,IBB3RE,Spain,36.317,-7.5298,11277.6,238.64,219.49,False,2026-03-11 17:43:30
39244d,FGJCN,France,48.4822,1.5235,426.72,56.48,110.25,False,2026-03-11 17:43:30
348208,VLG2GT,Spain,41.6613,-1.0147,,8.23,255.94,True,2026-03-11 17:43:30
44056b,EJU13XV,Austria,53.5148,0.3363,8229.6,210.59,115.0,False,2026-03-11 17:43:30
4d203c,FJO68N,Malta,42.0668,4.3735,9144.0,244.12,64.14,False,2026-03-11 17:43:30
440570,PEV106,Austria,47.5787,9.5986,2179.32,139.24,38.1,False,2026-03-11 17:43:30
407d44,WUK5G,United Kingdom,46.7037,17.5421,10980.42,228.33,308.78,False,2026-03-11 17:43:30
4d202d,SWU1919,Malta,41.3846,12.3128,5082.54,153.57,133.37,False,2026-03-11 17:43:30
3c66b1,OCN2B,Germany,46.0088,-0.0061,10965.18,234.44,26.73,False,2026-03-11 17:43:30
3c66a2,DLH8EL,Germany,50.1285,18.924,5631.18,198.9,276.68,False,2026-03-11 17:43:30
406a02,BAW983,United Kingdom,51.8415,2.8183,11269.98,214.47,263.25,False,2026-03-11 17:43:30
3c66a9,DLH6LL,Germany,42.5437,12.1278,3246.12,156.01,172.99,False,2026-03-11 17:43:30
3c66ad,DLH1687,Germany,48.3221,12.4464,2430.78,135.83,317.61,False,2026-03-11 17:43:30
3c66ac,DLH16E,Germany,43.6801,1.7189,2514.6,128.56,190.14,False,2026-03-11 17:43:30
3c66ab,DLH4TV,Germany,49.7521,11.6591,9448.8,215.59,160.48,False,2026-03-11 17:43:30
3c66ae,DLH1HN,Germany,42.0232,12.1871,1021.08,108.21,162.86,False,2026-03-11 17:43:30
4d200c,WZZ6TP,Malta,49.3155,10.2582,11277.6,235.38,134.2,False,2026-03-11 17:43:30
3c66b6,OCN4L,Germany,36.9698,-7.4577,10972.8,215.32,41.8,False,2026-03-11 17:43:30
4d2020,WZZ13YU,Malta,40.5835,-2.6163,4381.5,187.53,230.68,False,2026-03-11 17:43:30
407bee,ETP115,United Kingdom,51.1696,-1.9549,274.32,46.2,307.76,False,2026-03-11 17:43:30
44b5b4,OOMMT,Belgium,40.6148,-3.6486,3032.76,117.13,315.0,False,2026-03-11 17:43:30
4082cb,TOM8034,United Kingdom,52.9183,-1.595,4564.38,134.98,321.03,False,2026-03-11 17:43:30
407bde,EAG44H,United Kingdom,52.3796,-1.7955,2171.7,129.56,145.68,False,2026-03-11 17:43:30
300371,LSA203,Italy,49.0803,6.6531,10927.08,229.74,156.65,False,2026-03-11 17:43:30
407bdd,EAG76L,United Kingdom,53.6389,-3.4995,5189.22,161.96,104.35,False,2026-03-11 17:43:30
300347,IASAR,Italy,45.0712,8.7694,152.4,21.83,261.87,False,2026-03-11 17:43:30
4082ad,AOS51,United Kingdom,51.8931,-2.1824,99.06,29.33,268.99,False,2026-03-11 17:43:30
402236,GLFIX,United Kingdom,52.3088,-0.7903,129.54,37.09,203.72,False,2026-03-11 17:43:30
4082b5,,United Kingdom,53.9491,0.5989,121.92,17.05,264.81,False,2026-03-11 17:43:30
342188,IBS15NM,Spain,40.473,-3.5639,,49.39,320.62,True,2026-03-11 17:43:30
401b9a,GBCRL,United Kingdom,53.3632,-0.8489,883.92,52.61,351.0,False,2026-03-11 17:43:30
4b17de,SWR7EB,Switzerland,47.454,8.5612,388.62,0.0,185.62,True,2026-03-11 17:43:30
4b17df,SWR850,Switzerland,47.4566,8.5556,388.62,2.06,45.0,True,2026-03-11 17:43:30
4b17e2,SWR448G,Switzerland,46.6936,5.1434,6758.94,185.52,135.22,False,2026-03-11 17:43:30
4b17e6,SWR2GX,Switzerland,42.5328,-1.8901,11582.4,236.64,77.44,False,2026-03-11 17:43:30
7da3de,ANE2392,Australia,39.1723,-0.8177,5448.3,192.05,247.14,False,2026-03-11 17:43:30
4b17fb,SWR9AM,Switzerland,52.8199,10.0035,7574.28,209.22,354.78,False,2026-03-11 17:43:30
4b17fd,SWR465K,Switzerland,44.1354,1.6188,11277.6,217.41,233.56,False,2026-03-11 17:43:30
4403ff,LOD51V,Austria,48.1207,16.5462,,16.98,292.5,True,2026-03-11 17:43:30
88516d,THA922,Thailand,47.9744,15.2216,10972.8,237.6,291.06,False,2026-03-11 17:43:30
4a81f4,SVF675,Sweden,53.1442,2.5874,7620.0,138.72,49.81,False,2026-03-11 17:43:30
3c4222,L 1,Germany,49.4952,11.0722,,5.66,87.19,True,2026-03-11 17:43:30
484966,KLM91X,Kingdom of the Netherlands,51.613,5.9852,9799.32,219.77,136.33,False,2026-03-11 17:43:30
4acaaf,SAS827,Sweden,53.0736,6.2548,5196.84,145.9,216.83,False,2026-03-11 17:43:30
3935a0,FGNNA,France,48.8346,2.596,342.9,48.36,89.39,False,2026-03-11 17:43:30
39982e,FHGBO,France,47.4981,0.0671,1143.0,62.28,172.41,False,2026-03-11 17:43:30
458667,CAT513,Denmark,48.64,9.1072,11650.98,230.25,15.15,False,2026-03-11 17:43:30
44b661,OOMSA,Belgium,50.6414,1.514,899.16,54.02,180.0,False,2026-03-11 17:43:30
398560,KLM24F,France,45.4757,1.0515,10363.2,223.8,0.66,False,2026-03-11 17:43:30
342107,FIN01AD,Spain,51.5258,12.6497,10370.82,230.03,218.28,False,2026-03-11 17:43:30
342105,IBS16WB,Spain,40.2265,-2.8975,2857.5,151.48,279.97,False,2026-03-11 17:43:30
398564,AFR12TZ,France,49.0097,3.0309,1188.72,111.2,292.29,False,2026-03-11 17:43:30
4403bf,OEKKB,Austria,48.125,13.4352,1805.94,82.25,254.4,False,2026-03-11 17:43:30
4caa58,RYR31RM,Ireland,43.6783,1.8106,11887.2,234.78,172.07,False,2026-03-11 17:43:30
4caa53,EAI26K,Ireland,54.5634,-5.5845,4564.38,162.26,52.73,False,2026-03-11 17:43:30
3ce078,LUA470T,Germany,53.6357,9.9979,,12.35,123.75,True,2026-03-11 17:43:30
398570,AFR1100,France,46.0287,0.7198,10706.1,221.46,208.59,False,2026-03-11 17:43:30
39bb20,AFR48LF,France,40.945,-3.7297,10972.8,212.3,30.11,False,2026-03-11 17:43:30
39bb22,AFR31CR,France,51.4242,3.7912,5524.5,205.08,23.35,False,2026-03-11 17:43:30
