icao24,callsign,origin_country,latitude,longitude,altitude,velocity,heading,on_ground,timestamp
a21b74,TWY235,United States,40.7774,-73.8805,,0.0,120.94,True,2026-03-11 17:39:52
aa8c39,UAL1119,United States,25.482,-96.6598,11887.2,262.7,124.47,False,2026-03-11 17:39:52
aa3cbe,N759PA,United States,40.8853,-112.7999,2438.4,62.38,220.65,False,2026-03-11 17:39:52
a5cb05,N4721B,United States,27.6909,-81.9621,822.96,49.33,352.21,False,2026-03-11 17:39:52
a7b08d,LXJ595,United States,40.4359,-89.4312,13098.78,192.2,259.2,False,2026-03-11 17:39:52
a2e5ec,SKW3884,United States,40.5846,-91.563,7620.0,193.0,157.26,False,2026-03-11 17:39:52
ade191,DAL2007,United States,44.2932,-84.9473,7620.0,241.25,106.35,False,2026-03-11 17:39:52
a665b9,LXJ511,United States,39.3947,-74.9885,11628.12,210.63,225.49,False,2026-03-11 17:39:52
a4ab0d,,United States,34.5246,-84.3597,853.44,52.51,41.03,False,2026-03-11 17:39:52
a305fd,SKW3675,United States,43.1541,-113.3391,10668.0,278.67,119.17,False,2026-03-11 17:39:52
a678e5,JTZ516,United States,33.3647,-105.0167,3505.2,143.7,277.4,False,2026-03-11 17:39:52
a65ebc,N5097R,United States,35.9265,-76.6802,1005.84,73.46,83.97,False,2026-03-11 17:39:52
aa56d4,UAL2227,United States,29.4603,-94.0156,5570.22,180.12,285.74,False,2026-03-11 17:39:52
aa56d5,UAL217,United States,38.4677,-109.0381,9753.6,188.8,270.0,False,2026-03-11 17:39:52
a0e279,N156WM,United States,26.3299,-80.778,1203.96,58.12,79.29,False,2026-03-11 17:39:52
a5820e,N454MC,United States,32.0574,-82.2614,2377.44,71.22,175.44,False,2026-03-11 17:39:52
aaa6d0,CXK1007,United States,32.4616,-110.057,2956.56,72.51,105.22,False,2026-03-11 17:39:52
a4b20f,N401TP,United States,33.5306,-112.9986,2164.08,76.95,251.69,False,2026-03-11 17:39:52
acdfa6,AAL2273,United States,25.706,-80.0268,2598.42,143.06,110.19,False,2026-03-11 17:39:52
a33b52,N307WL,United States,28.4646,-82.8068,1310.64,80.6,65.89,False,2026-03-11 17:39:52
ac4963,DAL1357,United States,28.4601,-80.9897,10668.0,223.1,340.19,False,2026-03-11 17:39:52
aae316,AAL1013,United States,28.267,-97.5271,10972.8,203.72,180.0,False,2026-03-11 17:39:52
ac1c0e,N88FW,United States,28.5839,-87.3261,10972.8,171.5,298.49,False,2026-03-11 17:39:52
a282e5,MXY516,United States,35.7643,-102.8005,10972.8,207.01,267.44,False,2026-03-11 17:39:52
a36898,DAL2852,United States,39.4554,-84.8479,9296.4,241.17,347.68,False,2026-03-11 17:39:52
acdfa3,ASA772,United States,44.8234,-101.0975,10363.2,195.07,289.25,False,2026-03-11 17:39:52
a665c5,GJS4405,United States,40.6967,-74.1715,,5.4,331.88,True,2026-03-11 17:39:52
a1c5f3,N213PG,United States,38.5925,-78.7267,2446.02,64.67,238.33,False,2026-03-11 17:39:52
abc6bd,N858TD,United States,36.4656,-114.7757,2186.94,91.43,227.96,False,2026-03-11 17:39:52
abacb6,SCX745,United States,33.7577,-84.5411,10668.0,246.45,144.09,False,2026-03-11 17:39:52
aae327,N800PE,United States,36.5104,-100.0121,11887.2,238.75,91.11,False,2026-03-11 17:39:52
a57b3f,WUP452,United States,27.7494,-82.2767,1760.22,118.6,214.93,False,2026-03-11 17:39:52
ab63bc,N833CL,United States,41.2199,-102.9697,12192.0,194.24,276.69,False,2026-03-11 17:39:52
a21b44,MXY784,United States,37.4223,-81.8152,7917.18,232.18,2.16,False,2026-03-11 17:39:52
a41ecb,N3649R,United States,38.0004,-122.0893,2164.08,67.08,113.03,False,2026-03-11 17:39:52
aa8c10,SKW445W,United States,40.2083,-86.1162,4267.2,172.59,3.08,False,2026-03-11 17:39:52
aa56b5,UAL2153,United States,37.6144,-122.3648,-137.16,76.17,297.78,False,2026-03-11 17:39:52
a09273,N136KY,United States,42.5865,-71.7392,487.68,62.69,336.8,False,2026-03-11 17:39:52
a46e40,DAL2564,United States,34.652,-78.6472,9768.84,219.38,217.57,False,2026-03-11 17:39:52
aa56b8,UAL2318,United States,39.123,-119.8328,11582.4,215.62,349.41,False,2026-03-11 17:39:52
a1d8fd,UAL1149,United States,44.6955,-95.9589,10668.0,292.48,75.33,False,2026-03-11 17:39:52
ad5623,AAL3219,United States,34.2321,-110.1441,10500.36,243.04,64.95,False,2026-03-11 17:39:52
aa56b4,UAL2190,United States,36.5264,-89.3049,10972.8,181.78,253.05,False,2026-03-11 17:39:52
aa56b3,UAL3935,United States,35.0768,-97.1832,8839.2,222.37,191.88,False,2026-03-11 17:39:52
a6c8cd,VJA536,United States,28.0111,-81.1397,12359.64,225.32,341.36,False,2026-03-11 17:39:52
ad5628,DAL2620,United States,33.6485,-84.4094,,2.06,298.12,True,2026-03-11 17:39:52
a22248,N2368P,United States,29.0714,-80.907,121.92,17.5,155.7,False,2026-03-11 17:39:52
c02dab,HYD331,Canada,46.6474,-71.4594,3634.74,71.2,229.98,False,2026-03-11 17:39:52
acdfab,DAL2463,United States,38.9301,-88.6996,9448.8,231.3,143.41,False,2026-03-11 17:39:52
ac83aa,N905VR,United States,36.5963,-87.3592,13106.4,221.91,245.34,False,2026-03-11 17:39:52
a0e250,AAL1955,United States,32.6312,-80.8672,10066.02,237.39,19.5,False,2026-03-11 17:39:52
acf9cf,SCA35,United States,33.0275,-111.6419,1280.16,53.66,237.53,False,2026-03-11 17:39:52
a2ded8,SWA256,United States,33.6328,-84.2223,1165.86,85.15,265.5,False,2026-03-11 17:39:52
ac2f5a,SWA3372,United States,42.2597,-92.0242,10972.8,185.46,287.93,False,2026-03-11 17:39:52
ae26a1,C6575,United States,39.0947,-74.801,762.0,49.87,227.09,False,2026-03-11 17:39:52
a46e39,N385DS,United States,27.6652,-82.5202,251.46,56.77,104.16,False,2026-03-11 17:39:52
ab63d7,DAL2074,United States,44.5865,-93.7775,5219.7,172.22,238.68,False,2026-03-11 17:39:52
ab166d,N813VS,United States,27.7835,-82.2391,685.8,70.42,348.2,False,2026-03-11 17:39:52
aa69e0,JRE770,United States,34.14,-78.7806,8420.1,151.2,265.51,False,2026-03-11 17:39:52
a34215,EDV5098,United States,43.2839,-78.6077,6347.46,226.04,112.48,False,2026-03-11 17:39:52
ab5cf4,N831KB,United States,38.7939,-93.7654,9098.28,235.54,93.51,False,2026-03-11 17:39:52
a2355d,SKW3814,United States,37.6204,-122.3821,,4.12,118.12,True,2026-03-11 17:39:52
ac83b4,N905WA,United States,25.9866,-80.2412,182.88,53.11,266.11,False,2026-03-11 17:39:52
ac2f83,SWA472,United States,28.4501,-81.2826,0.0,79.22,180.0,False,2026-03-11 17:39:52
ac498d,PCM8704,United States,34.0774,-117.7402,967.74,87.04,87.29,False,2026-03-11 17:39:52
adeca5,AAL3065,United States,28.7605,-96.059,10363.2,198.1,271.19,False,2026-03-11 17:39:52
ac232e,N881ST,United States,30.1804,-97.6586,,0.0,180.0,True,2026-03-11 17:39:52
a76086,N5746Y,United States,29.0536,-80.7909,1013.46,51.06,167.78,False,2026-03-11 17:39:52
a2d2fc,BPX281,United States,25.9988,-80.2597,106.68,34.05,94.33,False,2026-03-11 17:39:52
aaef89,AAL3193,United States,39.7918,-103.7389,8526.78,192.69,289.98,False,2026-03-11 17:39:52
ae13a9,VEGA21,United States,36.1968,-97.8223,1097.28,126.93,274.42,False,2026-03-11 17:39:52
a47597,DAL1398,United States,40.5334,-75.0696,10363.2,219.28,230.52,False,2026-03-11 17:39:52
a6f0fd,N5463F,United States,38.6928,-78.5845,2186.94,86.65,137.41,False,2026-03-11 17:39:52
ab034d,AAL1787,United States,35.8924,-101.1979,12489.18,228.46,264.44,False,2026-03-11 17:39:52
ad3c1f,ASA1495,United States,34.5785,-112.9498,10668.0,252.67,72.34,False,2026-03-11 17:39:52
a8e36a,N672CT,United States,31.0137,-98.1778,861.06,49.84,348.69,False,2026-03-11 17:39:52
a7b057,DAL514,United States,37.1346,-99.9941,9761.22,202.14,256.46,False,2026-03-11 17:39:52
a17711,N194AK,United States,38.806,-104.4454,4008.12,90.03,145.95,False,2026-03-11 17:39:52
ad5647,N959BZ,United States,35.7036,-112.5122,8839.2,231.97,166.8,False,2026-03-11 17:39:52
a2d2eb,ENY3587,United States,25.9373,-80.4448,1135.38,108.61,268.1,False,2026-03-11 17:39:52
abf008,SWA3975,United States,43.7151,-89.4142,9753.6,211.28,305.59,False,2026-03-11 17:39:52
abb3be,DAL934,United States,42.4258,-83.8458,11887.2,284.31,92.8,False,2026-03-11 17:39:52
acdfcf,N929CD,United States,39.9391,-105.1739,1912.62,57.53,125.54,False,2026-03-11 17:39:52
a46e8d,ASA819,United States,37.1051,-124.9588,12192.0,216.19,248.5,False,2026-03-11 17:39:52
aa0938,N746E,United States,41.6629,-81.3338,1021.08,55.92,230.6,False,2026-03-11 17:39:52
ac83d5,EDV5442,United States,33.4671,-84.1965,4130.04,219.05,84.74,False,2026-03-11 17:39:52
a58e1e,SWA2734,United States,29.2026,-81.8215,12192.0,233.32,14.04,False,2026-03-11 17:39:52
ac1c76,TWY188,United States,38.3478,-114.1113,13708.38,289.39,106.63,False,2026-03-11 17:39:52
a1b2ee,JBU623,United States,35.2997,-104.1174,10363.2,218.73,264.2,False,2026-03-11 17:39:52
ac234f,UAL2612,United States,31.4133,-82.3646,10660.38,235.86,27.68,False,2026-03-11 17:39:52
ad5679,DAL3166,United States,33.6334,-84.4441,,11.32,295.31,True,2026-03-11 17:39:52
a35592,JBU2424,United States,28.4123,-81.3156,,0.0,157.5,True,2026-03-11 17:39:52
acdffc,DAL2755,United States,36.9085,-76.1864,15.24,74.0,218.22,False,2026-03-11 17:39:52
ae6326,R72431,United States,31.1225,-85.6681,579.12,44.43,174.69,False,2026-03-11 17:39:52
ad90a3,AAL2573,United States,35.882,-83.6539,8839.2,252.87,85.45,False,2026-03-11 17:39:52
ac70ab,N900RH,United States,37.5359,-85.7895,13098.78,253.33,343.85,False,2026-03-11 17:39:52
a21b7c,N235EE,United States,32.8174,-96.6652,914.4,99.89,190.38,False,2026-03-11 17:39:52
ad3006,EJA949,United States,32.9752,-96.8374,,0.0,92.81,True,2026-03-11 17:39:52
a52ba0,N432MA,United States,33.8115,-84.6835,868.68,112.86,86.6,False,2026-03-11 17:39:52
a59529,N459SP,United States,33.1242,-96.9174,762.0,56.84,154.83,False,2026-03-11 17:39:52
ae631c,HAWK221,United States,26.8538,-97.0358,0.0,177.16,341.72,False,2026-03-11 17:39:52
a798ad,WMN589,United States,39.3642,-75.5335,3665.22,181.53,41.32,False,2026-03-11 17:39:52
adecb6,DAL2192,United States,43.0663,-85.3764,6705.6,179.29,281.92,False,2026-03-11 17:39:52
a1fb77,N227ES,United States,34.0994,-84.5623,2392.68,96.21,359.39,False,2026-03-11 17:39:52
aae377,SKW4035,United States,44.7642,-93.2246,1927.86,114.25,121.18,False,2026-03-11 17:39:52
a59530,SCW4010,United States,40.3543,-79.9048,502.92,68.94,270.0,False,2026-03-11 17:39:52
ae6319,BLZR258,United States,27.4921,-97.7927,175.26,119.72,133.43,False,2026-03-11 17:39:52
ae6316,BLZR250,United States,27.4986,-97.801,0.0,100.04,135.21,False,2026-03-11 17:39:52
a34e97,DAL334,United States,39.1038,-109.9251,10965.18,208.44,221.6,False,2026-03-11 17:39:52
ac1042,SWA4315,United States,28.2961,-82.3492,1958.34,151.48,262.59,False,2026-03-11 17:39:52
a5951e,SCU52,United States,36.1461,-96.0476,952.5,89.07,204.94,False,2026-03-11 17:39:52
a3556f,JBU1006,United States,36.8578,-83.6261,9547.86,267.38,64.47,False,2026-03-11 17:39:52
abf025,SWA2667,United States,37.6388,-110.7862,10027.92,207.63,240.13,False,2026-03-11 17:39:52
a3b86c,DAL2320,United States,35.9484,-77.2551,10713.72,238.57,34.1,False,2026-03-11 17:39:52
a88075,JIA5406,United States,29.4656,-98.4633,7010.4,226.88,0.52,False,2026-03-11 17:39:52
a4c527,RPA4488,United States,38.6619,-78.0491,4876.8,213.9,67.81,False,2026-03-11 17:39:52
a53ee2,UAL374,United States,39.3474,-81.1176,9144.0,218.96,298.79,False,2026-03-11 17:39:52
ae630b,HAWK210,United States,27.4665,-98.8211,3779.52,175.93,29.04,False,2026-03-11 17:39:52
a9f016,N7399J,United States,34.9916,-80.8982,883.92,37.33,262.87,False,2026-03-11 17:39:52
a59537,N459TC,United States,39.7434,-103.5042,2636.52,103.75,158.78,False,2026-03-11 17:39:52
a94b51,UAL1247,United States,45.1545,-120.4796,9144.0,185.29,293.22,False,2026-03-11 17:39:52
aa8075,ENY3936,United States,41.9573,-87.8946,259.08,62.25,269.53,False,2026-03-11 17:39:52
a1c722,N2131,United States,26.6148,-82.1409,1996.44,118.73,132.19,False,2026-03-11 17:39:52
adda1e,AAL2177,United States,41.9727,-87.8993,,0.0,275.62,True,2026-03-11 17:39:52
a94b50,UAL447,United States,36.3227,-77.0063,10972.8,227.34,207.49,False,2026-03-11 17:39:52
a9522d,N7ZT,United States,36.1054,-120.1732,5212.08,125.16,40.5,False,2026-03-11 17:39:52
abad94,SWA2935,United States,32.7855,-102.8664,11277.6,234.81,118.53,False,2026-03-11 17:39:52
adda32,BHR92,United States,32.4023,-88.7651,6096.0,103.92,269.43,False,2026-03-11 17:39:52
0d11c8,XBPGZ,Mexico,29.2099,-98.6619,4373.88,146.41,190.32,False,2026-03-11 17:39:52
ad9d88,N9769F,United States,32.6071,-107.1164,2811.78,59.38,148.1,False,2026-03-11 17:39:52
a7bbe9,JBU372,United States,28.1653,-78.6851,11277.6,214.21,7.31,False,2026-03-11 17:39:52
a0a734,VJA141,United States,39.1885,-104.8969,12496.8,279.09,123.95,False,2026-03-11 17:39:52
0d0ae0,XBPCU,Mexico,32.0248,-110.9377,1287.78,57.61,190.81,False,2026-03-11 17:39:52
a7c2be,N6BZ,United States,31.2156,-85.6436,1592.58,82.29,222.47,False,2026-03-11 17:39:52
a71277,N555EW,United States,34.4062,-117.0372,7315.2,115.69,285.21,False,2026-03-11 17:39:52
a94b4d,UAL204,United States,36.9342,-100.5634,10363.2,191.08,306.13,False,2026-03-11 17:39:52
adda24,AAL195R,United States,40.9662,-111.8509,4472.94,207.02,133.89,False,2026-03-11 17:39:52
a03d54,FFL1354,United States,47.3098,-92.0654,6522.72,152.7,249.49,False,2026-03-11 17:39:52
a6a2f7,N527AH,United States,37.7779,-78.2056,8961.12,219.87,219.87,False,2026-03-11 17:39:52
accd69,DAL734,United States,47.6468,-118.5052,10972.8,167.19,277.78,False,2026-03-11 17:39:52
ad3af3,N95111,United States,27.9307,-80.8265,830.58,58.79,355.99,False,2026-03-11 17:39:52
ae0116,TEAL29,United States,30.5369,-89.0957,876.3,98.34,320.73,False,2026-03-11 17:39:52
ac7160,N900YP,United States,27.6159,-80.3555,3535.68,158.56,295.15,False,2026-03-11 17:39:52
a9656c,N704WP,United States,34.2966,-118.3412,647.7,58.92,298.13,False,2026-03-11 17:39:52
ae1443,HOBBY18,United States,32.0113,-95.429,7315.2,144.37,306.01,False,2026-03-11 17:39:52
a0f4a9,N1604Y,United States,35.3001,-78.4546,731.52,60.53,31.8,False,2026-03-11 17:39:52
a02a1a,N11CP,United States,47.5328,-122.7982,8679.18,121.6,227.4,False,2026-03-11 17:39:52
ab649c,N833MK,United States,40.28,-74.8116,137.16,41.17,271.43,False,2026-03-11 17:39:52
ae1440,OCEAN11,United States,34.9536,-120.5504,861.06,120.96,290.67,False,2026-03-11 17:39:52
a5cb96,N4725G,United States,28.0096,-82.3288,548.64,41.49,47.01,False,2026-03-11 17:39:52
0d11cc,VIV7826,Mexico,25.7788,-100.1154,,0.0,154.69,True,2026-03-11 17:39:52
a69b8f,N915AB,United States,32.2183,-100.8607,12496.8,205.3,337.61,False,2026-03-11 17:39:52
4b1881,SWR16F,Switzerland,47.6935,-67.5968,11582.4,200.79,212.55,False,2026-03-11 17:39:52
a6f23d,DAL506,United States,42.4603,-107.7541,10066.02,295.1,114.73,False,2026-03-11 17:39:52
ac1afa,SWA1363,United States,33.5022,-88.3762,11277.6,267.59,81.93,False,2026-03-11 17:39:52
a8f5be,PDT6006,United States,35.6598,-82.4526,6858.0,248.94,104.73,False,2026-03-11 17:39:52
a9520b,N7YJ,United States,28.3696,-81.362,91.44,28.0,110.43,False,2026-03-11 17:39:52
ad914b,N9731F,United States,27.1503,-80.415,1767.84,50.39,310.03,False,2026-03-11 17:39:52
aba15a,CXK1060,United States,41.2867,-103.727,3086.1,63.91,22.23,False,2026-03-11 17:39:52
a9653d,AAL3066,United States,32.7902,-81.3338,11590.02,227.21,196.71,False,2026-03-11 17:39:52
a1c708,N2130J,United States,32.4284,-111.2359,640.08,46.14,202.28,False,2026-03-11 17:39:52
acd481,AAL1515,United States,34.1223,-111.0952,5654.04,180.17,226.97,False,2026-03-11 17:39:52
ae61cc,BANDT25,United States,25.4388,-82.4786,6515.1,261.31,289.43,False,2026-03-11 17:39:52
a6f280,LXJ547,United States,38.7001,-103.2223,13708.38,260.47,110.58,False,2026-03-11 17:39:52
ad41cd,SWA3876,United States,33.3468,-100.2435,7924.8,195.28,284.81,False,2026-03-11 17:39:52
ae013b,SALTY51,United States,40.8425,-113.1929,6705.6,170.28,270.17,False,2026-03-11 17:39:52
ad41ed,AAL1649,United States,40.098,-93.242,7924.8,187.08,235.3,False,2026-03-11 17:39:52
a127bb,UAL1144,United States,40.0119,-75.1141,4015.74,197.99,18.95,False,2026-03-11 17:39:52
a94b48,UAL1071,United States,36.7432,-112.749,10058.4,252.66,47.31,False,2026-03-11 17:39:52
a9787f,N7091G,United States,41.7525,-72.2427,396.24,46.84,358.11,False,2026-03-11 17:39:52
ad8a69,N9715F,United States,41.5832,-73.0952,1402.08,36.84,234.09,False,2026-03-11 17:39:52
a5d28e,UAL1486,United States,31.0692,-84.9514,10058.4,256.01,132.31,False,2026-03-11 17:39:52
a46274,N3818C,United States,35.2588,-79.3525,373.38,54.23,313.08,False,2026-03-11 17:39:52
c0226c,WJA2562,Canada,30.6221,-82.4719,10363.2,231.51,200.69,False,2026-03-11 17:39:52
a04424,SKW5615,United States,39.4633,-104.8406,3749.04,162.58,75.52,False,2026-03-11 17:39:52
ae012e,PAT104,United States,33.4106,-81.8444,1181.1,142.46,22.95,False,2026-03-11 17:39:52
a95234,FLC70,United States,40.7482,-73.6198,563.88,70.83,191.31,False,2026-03-11 17:39:52
ae278c,LS10,United States,32.7137,-117.2125,-30.48,26.28,293.05,False,2026-03-11 17:39:52
a57b5a,UPS5833,United States,33.5554,-97.9843,7216.14,212.01,120.8,False,2026-03-11 17:39:52
a0dac5,N154TS,United States,31.2068,-103.9119,11277.6,236.58,107.33,False,2026-03-11 17:39:52
a39d41,N332AD,United States,38.6931,-76.9824,441.96,64.77,223.71,False,2026-03-11 17:39:52
a5823e,GTI8998,United States,27.6564,-94.6814,11285.22,273.5,95.72,False,2026-03-11 17:39:52
a84544,N632BA,United States,33.2269,-88.8678,12192.0,216.86,202.31,False,2026-03-11 17:39:52
a928f4,N69GA,United States,32.7942,-96.7816,640.08,68.24,310.41,False,2026-03-11 17:39:52
a41412,DAL1621,United States,30.0561,-90.4813,571.5,90.8,150.09,False,2026-03-11 17:39:52
a7254e,N56HP,United States,30.1804,-97.6594,,0.0,177.19,True,2026-03-11 17:39:52
aab9ae,JAS9,United States,38.3017,-81.3885,12496.8,198.19,252.79,False,2026-03-11 17:39:52
a091d3,DCM2011,United States,30.5374,-89.4555,571.5,40.25,147.53,False,2026-03-11 17:39:52
a94b0a,UAL1228,United States,38.2571,-101.5656,10668.0,268.78,87.59,False,2026-03-11 17:39:52
a1a110,MXY135,United States,37.0954,-76.7543,7315.2,194.67,231.22,False,2026-03-11 17:39:52
a6188e,N492LP,United States,33.3035,-112.8643,1897.38,42.95,263.81,False,2026-03-11 17:39:52
aab9c7,OUA24,United States,35.0776,-97.4719,868.68,27.9,5.29,False,2026-03-11 17:39:52
aa3cef,N759R,United States,44.1875,-94.59,10888.98,174.3,233.4,False,2026-03-11 17:39:52
a58267,EJA454,United States,33.7316,-97.0735,7437.12,227.13,6.11,False,2026-03-11 17:39:52
acd47e,ASA121,United States,34.1988,-118.3543,,4.63,270.0,True,2026-03-11 17:39:52
a52bfb,EJA432,United States,45.1757,-66.5084,7604.76,149.64,259.5,False,2026-03-11 17:39:52
ac491d,DAL2826,United States,42.0514,-86.0596,9829.8,270.24,94.04,False,2026-03-11 17:39:52
a4c592,JBU424,United States,35.6966,-115.4816,10119.36,250.07,66.86,False,2026-03-11 17:39:52
a94b29,UAL770,United States,36.1653,-95.9748,10363.2,201.08,258.49,False,2026-03-11 17:39:52
a30757,N29444,United States,45.081,-94.5041,472.44,40.85,73.16,False,2026-03-11 17:39:52
a5958c,SWA2902,United States,34.0198,-115.4622,12496.8,237.02,47.37,False,2026-03-11 17:39:52
ae61dd,CIRRUS5,United States,25.5832,-82.5005,10111.74,256.72,270.46,False,2026-03-11 17:39:52
a8f5c5,N677AM,United States,36.2252,-115.216,693.42,37.13,132.75,False,2026-03-11 17:39:52
a5f87d,N484LP,United States,32.9054,-112.2992,2194.56,47.47,150.1,False,2026-03-11 17:39:52
a785cd,N584LQ,United States,33.8306,-118.098,594.36,55.71,85.76,False,2026-03-11 17:39:52
a71e5c,JIA5130,United States,33.8224,-100.1426,7620.0,206.29,74.82,False,2026-03-11 17:39:52
a15d6e,N1873,United States,40.6414,-73.7984,,7.2,126.56,True,2026-03-11 17:39:52
a114ed,UPS2627,United States,40.28,-96.8999,10668.0,278.03,72.0,False,2026-03-11 17:39:52
a15d6c,N18728,United States,27.8568,-82.3492,236.22,47.91,266.92,False,2026-03-11 17:39:52
ae017a,TRICK13,United States,38.7856,-90.3317,5425.44,146.7,286.08,False,2026-03-11 17:39:52
a114c7,N169TA,United States,32.4487,-94.38,11856.72,261.25,120.4,False,2026-03-11 17:39:52
a09df6,N139PS,United States,40.6271,-111.9954,,1.03,64.69,True,2026-03-11 17:39:52
a2e723,N28634,United States,26.7962,-81.4873,396.24,47.38,131.48,False,2026-03-11 17:39:52
abd9b6,SWA3401,United States,33.7159,-109.6333,9753.6,207.64,256.82,False,2026-03-11 17:39:52
c02e91,JZA021,Canada,45.9123,-68.2171,7924.8,177.02,263.66,False,2026-03-11 17:39:52
a88bbc,N65PX,United States,28.5482,-81.3379,,0.0,129.38,True,2026-03-11 17:39:52
a40d07,N360HM,United States,26.6246,-81.0195,7399.02,187.49,325.96,False,2026-03-11 17:39:52
a785fd,JIA5419,United States,38.7107,-77.2175,2712.72,131.56,236.81,False,2026-03-11 17:39:52
c02e94,JZA49,Canada,45.5756,-69.3087,9189.72,190.94,276.19,False,2026-03-11 17:39:52
a7d5cc,N60372,United States,30.4743,-98.0695,662.94,42.85,4.82,False,2026-03-11 17:39:52
a091aa,FFL1537,United States,40.3698,-80.1869,1341.12,152.96,70.35,False,2026-03-11 17:39:52
0c4155,HI1055,Dominican Republic,25.9911,-80.0922,845.82,119.91,271.48,False,2026-03-11 17:39:52
a0dab2,SKW5594,United States,43.4811,-80.1751,9144.0,190.13,260.03,False,2026-03-11 17:39:52
aa9f6f,AAL2544,United States,35.9326,-85.6575,12199.62,224.96,284.16,False,2026-03-11 17:39:52
aa43c4,RPA3686,United States,39.8612,-86.4985,8839.2,261.32,110.75,False,2026-03-11 17:39:52
a69b86,JIA5186,United States,37.9169,-77.346,5105.4,196.39,13.64,False,2026-03-11 17:39:52
a69b87,CNS719,United States,32.209,-103.78,12192.0,190.49,263.64,False,2026-03-11 17:39:52
0d0abf,VOI1890,Mexico,39.0298,-119.0209,5875.02,151.33,315.55,False,2026-03-11 17:39:52
ae0178,COUGR56,United States,31.8679,-80.8083,3139.44,178.94,212.91,False,2026-03-11 17:39:52
a7cee7,N602CH,United States,40.3347,-77.5717,12854.94,273.97,151.27,False,2026-03-11 17:39:52
a29748,SWA174,United States,32.3723,-81.6448,11887.2,237.33,30.62,False,2026-03-11 17:39:52
a5827b,N454RM,United States,40.8457,-114.6678,8534.4,123.94,275.0,False,2026-03-11 17:39:52
a1775f,DAL773,United States,43.055,-89.6182,9753.6,198.69,268.07,False,2026-03-11 17:39:52
aadc11,N79919,United States,33.3915,-97.1342,1219.2,37.33,277.13,False,2026-03-11 17:39:52
a8586d,N637HA,United States,39.8398,-77.2708,396.24,42.1,51.45,False,2026-03-11 17:39:52
a2ba48,ENY4199,United States,44.1112,-97.2331,9144.0,199.12,288.53,False,2026-03-11 17:39:52
a6a407,N527ME,United States,39.9654,-75.4653,365.76,69.45,337.8,False,2026-03-11 17:39:52
aa07f9,UAL530,United States,37.6286,-107.0742,9753.6,205.32,249.16,False,2026-03-11 17:39:52
a724a8,N56AY,United States,26.0902,-81.8372,381.0,90.99,23.67,False,2026-03-11 17:39:52
a88d01,N650CW,United States,29.6345,-95.362,1943.1,124.8,258.83,False,2026-03-11 17:39:52
a4aaa1,N40DP,United States,32.5061,-96.9263,281.94,28.08,331.56,False,2026-03-11 17:39:52
a4c4aa,MAD406,United States,39.5313,-99.4838,13716.0,221.99,104.91,False,2026-03-11 17:39:52
aa4422,N76016,United States,34.5944,-78.5755,975.36,37.58,160.82,False,2026-03-11 17:39:52
a2d44b,OXF9832,United States,33.0477,-111.4816,975.36,78.23,27.41,False,2026-03-11 17:39:52
a71dc2,SKW4715,United States,41.3174,-88.6766,3642.36,216.28,42.49,False,2026-03-11 17:39:52
a00915,N101GV,United States,43.5201,-116.4116,2438.4,39.26,275.26,False,2026-03-11 17:39:52
a617e2,N492DS,United States,40.1314,-111.7306,1524.0,44.14,68.82,False,2026-03-11 17:39:52
a88d06,EJM657,United States,35.8228,-91.201,13716.0,296.28,34.96,False,2026-03-11 17:39:52
ad071d,PDT5792,United States,34.0922,-82.7639,8839.2,250.87,57.22,False,2026-03-11 17:39:52
c0481b,ROU2003,Canada,43.7588,-79.3868,3101.34,128.0,214.52,False,2026-03-11 17:39:52
a487ef,EJA391,United States,38.3198,-108.7556,13106.4,178.51,270.17,False,2026-03-11 17:39:52
a39d79,KII332,United States,37.7995,-88.8543,6705.6,161.82,262.69,False,2026-03-11 17:39:52
c0481c,ROU1897,Canada,40.3296,-82.4592,10363.2,209.07,230.59,False,2026-03-11 17:39:52
a0e1f3,ETA156,United States,36.6389,-104.0426,10363.2,224.84,255.96,False,2026-03-11 17:39:52
a1ad7b,AVCON07,United States,38.0276,-97.2764,510.54,53.5,0.0,False,2026-03-11 17:39:52
a71db6,LXJ558,United States,39.1983,-89.1661,13106.4,197.62,209.3,False,2026-03-11 17:39:52
a00929,RPA4373,United States,39.5763,-88.8932,10972.8,160.1,209.45,False,2026-03-11 17:39:52
aaa74f,N786FB,United States,26.6577,-82.1938,922.02,60.4,35.99,False,2026-03-11 17:39:52
a39113,EDV5439,United States,41.6677,-77.6746,9448.8,266.11,88.12,False,2026-03-11 17:39:52
a3a4ed,ENY3805,United States,30.3178,-97.9584,10363.2,194.74,204.67,False,2026-03-11 17:39:52
accd10,ASA300,United States,41.593,-98.8353,10668.0,273.26,98.01,False,2026-03-11 17:39:52
ad072c,TAI440,United States,32.916,-97.0279,,10.29,0.0,True,2026-03-11 17:39:52
ab5d52,DAL73,United States,48.8811,-65.5164,,207.69,219.17,True,2026-03-11 17:39:52
accd18,DAL1248,United States,39.9141,-77.5847,3893.82,202.74,50.25,False,2026-03-11 17:39:52
a091f3,EDV5126,United States,33.6447,-84.4254,,7.2,87.19,True,2026-03-11 17:39:52
a0e1c6,N156PH,United States,38.4983,-79.8974,10408.92,240.74,158.7,False,2026-03-11 17:39:52
ab5d4a,AAL2444,United States,36.0068,-98.9105,9144.0,205.47,323.24,False,2026-03-11 17:39:52
a1a116,N204CE,United States,32.9507,-116.7125,868.68,49.52,265.83,False,2026-03-11 17:39:52
a34de0,CXK1032,United States,38.3568,-121.5499,792.48,44.19,24.78,False,2026-03-11 17:39:52
c04852,,Canada,36.0837,-115.168,,6.69,25.31,True,2026-03-11 17:39:52
a39100,DAL2976,United States,28.7276,-98.1914,10027.92,201.15,179.85,False,2026-03-11 17:39:52
ad67ae,DAL2071,United States,33.6203,-84.2892,861.06,84.89,270.69,False,2026-03-11 17:39:52
a724b6,N56BM,United States,44.7466,-92.5978,868.68,89.13,134.3,False,2026-03-11 17:39:52
a42750,HPJ367,United States,26.378,-80.7081,7261.86,205.5,334.65,False,2026-03-11 17:39:52
a3ed91,AAL1099,United States,37.3086,-102.8724,8839.2,261.36,137.07,False,2026-03-11 17:39:52
aaf4c8,DAL937,United States,34.5079,-98.2557,9753.6,238.65,251.53,False,2026-03-11 17:39:52
aaeddb,JRE803,United States,35.4406,-101.5301,13700.76,213.57,136.07,False,2026-03-11 17:39:52
a0dadb,UPS5775,United States,38.3791,-85.9262,1249.68,123.9,346.31,False,2026-03-11 17:39:52
ae270a,C2312,United States,30.7513,-87.9712,3002.28,78.4,265.86,False,2026-03-11 17:39:52
ac47de,SWA869,United States,26.0959,-80.4238,1211.58,90.22,114.96,False,2026-03-11 17:39:52
ab14e6,N813EA,United States,38.3742,-93.6091,4876.8,121.6,336.04,False,2026-03-11 17:39:52
a52147,N43FE,United States,38.2176,-81.7289,12192.0,199.15,250.54,False,2026-03-11 17:39:52
a38a0f,N327TW,United States,28.7895,-79.4388,8618.22,240.77,49.33,False,2026-03-11 17:39:52
ace73e,N930SE,United States,40.2724,-98.4673,1371.6,95.89,213.18,False,2026-03-11 17:39:52
a3f401,DAL918,United States,33.6388,-84.4388,,0.0,270.0,True,2026-03-11 17:39:52
a0093b,N101JH,United States,37.2677,-122.0408,800.1,73.91,326.64,False,2026-03-11 17:39:52
a40164,N35712,United States,35.1407,-78.7164,853.44,44.14,323.53,False,2026-03-11 17:39:52
aa3d09,N759SA,United States,48.8436,-122.6136,853.44,96.88,343.97,False,2026-03-11 17:39:52
ad0750,JTL939,United States,33.8926,-83.6276,12321.54,193.53,234.96,False,2026-03-11 17:39:52
ace72e,CITT45,United States,37.0747,-100.9278,12496.8,270.84,95.56,False,2026-03-11 17:39:52
a40d8d,DAL1676,United States,28.3098,-95.7535,10066.02,278.37,75.55,False,2026-03-11 17:39:52
ab5d80,EJA831,United States,30.1844,-97.662,,1.03,357.19,True,2026-03-11 17:39:52
aa929c,TCN780,United States,39.3823,-105.8035,10058.4,272.01,86.96,False,2026-03-11 17:39:52
a39d9b,DAL447,United States,43.8149,-77.0547,9448.8,260.78,108.76,False,2026-03-11 17:39:52
a3915a,AAL2232,United States,28.8589,-96.077,10668.0,263.34,85.07,False,2026-03-11 17:39:52
adb7b8,EJA983,United States,29.7507,-81.3835,1447.8,147.34,10.05,False,2026-03-11 17:39:52
ae1439,VM714,United States,33.6059,-81.9877,883.92,84.48,187.0,False,2026-03-11 17:39:52
a94b72,UAL420,United States,29.5251,-91.8346,10058.4,264.52,108.72,False,2026-03-11 17:39:52
a3ed2a,N352KP,United States,27.9834,-80.9468,1607.82,76.71,158.77,False,2026-03-11 17:39:52
a65408,AAL1977,United States,33.552,-90.5147,10652.76,265.65,87.78,False,2026-03-11 17:39:52
ae0100,ROTTEN3,United States,34.6495,-98.7837,1051.56,218.16,268.92,False,2026-03-11 17:39:52
a64d16,LXJ505,United States,35.3931,-115.7088,5074.92,176.5,352.3,False,2026-03-11 17:39:52
a2c145,N277J,United States,34.226,-117.4149,762.0,58.08,302.7,False,2026-03-11 17:39:52
abc780,SWA310,United States,36.296,-107.9731,11582.4,224.76,221.94,False,2026-03-11 17:39:52
acba1b,SWA240,United States,35.3368,-118.9013,11887.2,237.35,161.68,False,2026-03-11 17:39:52
a2716a,N2569Q,United States,40.9131,-112.3303,1836.42,50.55,192.34,False,2026-03-11 17:39:52
a3b7f4,ENY3862,United States,26.1429,-99.8914,4846.32,187.68,143.7,False,2026-03-11 17:39:52
c04826,ROU1933,Canada,45.1535,-82.0929,10972.8,203.07,309.86,False,2026-03-11 17:39:52
acba30,EDV5254,United States,44.4113,-69.6801,6819.9,176.25,242.54,False,2026-03-11 17:39:52
a9a234,N72LG,United States,38.7028,-100.2573,7010.4,168.87,108.1,False,2026-03-11 17:39:52
ad3ad2,N95103,United States,37.1976,-80.3954,746.76,42.82,35.22,False,2026-03-11 17:39:52
a069c4,N1258Q,United States,29.5654,-81.2588,5486.4,104.45,153.69,False,2026-03-11 17:39:52
a4d7e0,XLJ411,United States,34.7699,-117.3002,10149.84,240.3,72.3,False,2026-03-11 17:39:52
ad077b,DAL3035,United States,33.6336,-84.4402,,11.83,270.0,True,2026-03-11 17:39:52
a53436,RPA4435,United States,41.5112,-81.1877,2987.04,118.51,266.76,False,2026-03-11 17:39:52
a3913b,N329RE,United States,30.2705,-86.0007,3756.66,109.47,100.83,False,2026-03-11 17:39:52
ac712d,SWA527,United States,41.9268,-80.1212,9144.0,192.99,250.21,False,2026-03-11 17:39:52
a64d22,N505GJ,United States,44.868,-93.1887,274.32,63.97,301.52,False,2026-03-11 17:39:52
a2f9c0,N291FT,United States,39.121,-102.0453,7620.0,178.49,109.53,False,2026-03-11 17:39:52
a95dfc,N702WM,United States,40.4457,-105.0025,,0.06,340.31,True,2026-03-11 17:39:52
a7d78a,EJA604,United States,35.1467,-112.4454,11582.4,207.91,241.15,False,2026-03-11 17:39:52
a63a94,N500GP,United States,40.3637,-75.1495,579.12,35.11,129.05,False,2026-03-11 17:39:52
a0dc17,N1545E,United States,33.2524,-84.755,982.98,61.81,92.86,False,2026-03-11 17:39:52
ada558,FRLD64,United States,35.8715,-107.2136,8534.4,124.52,290.31,False,2026-03-11 17:39:52
a88d89,N650JG,United States,41.0051,-73.8718,1524.0,143.98,327.1,False,2026-03-11 17:39:52
acd2be,SWA2761,United States,39.9856,-102.8242,9685.02,261.84,81.98,False,2026-03-11 17:39:52
0d0b4b,AMX693,Mexico,38.0694,-84.5099,11590.02,202.34,212.96,False,2026-03-11 17:39:52
a09329,N136TE,United States,33.6422,-111.9601,1524.0,87.89,347.83,False,2026-03-11 17:39:52
a94ae5,UAL1852,United States,29.0925,-99.3604,8229.6,248.15,124.61,False,2026-03-11 17:39:52
adfedb,PAT406,United States,38.7223,-77.5133,,6.69,340.31,True,2026-03-11 17:39:52
acd2d3,EDV5223,United States,40.3212,-73.6405,2750.82,164.8,87.32,False,2026-03-11 17:39:52
abb2d5,DAL1178,United States,33.6376,-84.4313,,9.26,357.19,True,2026-03-11 17:39:52
ae5b47,SHINR38,United States,30.3554,-97.9725,609.6,65.65,127.68,False,2026-03-11 17:39:52
a64172,VAR502,United States,33.2647,-112.5728,670.56,66.88,89.56,False,2026-03-11 17:39:52
a7b133,JIA5629,United States,33.114,-96.7101,4175.76,156.46,229.13,False,2026-03-11 17:39:52
a2f9b3,FDX3647,United States,39.7042,-86.2994,,15.43,225.0,True,2026-03-11 17:39:52
0d123a,VIV3177,Mexico,29.0935,-111.0486,,5.14,59.06,True,2026-03-11 17:39:52
a88d6f,N650HF,United States,31.6737,-113.4975,12496.8,269.24,123.39,False,2026-03-11 17:39:52
a03ce1,FFL1733,United States,34.2189,-118.4906,,5.92,264.38,True,2026-03-11 17:39:52
a9a1b6,N72FF,United States,35.589,-119.4907,342.9,47.89,272.46,False,2026-03-11 17:39:52
aa2a7f,SKW4911,United States,38.1347,-109.2064,10660.38,240.56,33.93,False,2026-03-11 17:39:52
a9ea32,EJA738,United States,40.6604,-74.5981,1234.44,119.61,234.81,False,2026-03-11 17:39:52
ada546,ASI717,United States,33.8063,-112.5546,1249.68,43.44,251.35,False,2026-03-11 17:39:52
ada547,KAP525,United States,45.9114,-108.4679,2659.38,92.76,57.46,False,2026-03-11 17:39:52
a1bfac,UAL4214,United States,35.0666,-79.3323,10668.0,261.77,10.07,False,2026-03-11 17:39:52
a03ce6,AAL2640,United States,28.8784,-79.1622,10363.2,249.58,189.13,False,2026-03-11 17:39:52
a35605,DAL1512,United States,26.0772,-80.1989,114.3,69.97,90.42,False,2026-03-11 17:39:52
adfecc,PAT839,United States,38.3739,-105.6233,6400.8,120.48,7.85,False,2026-03-11 17:39:52
adfee1,PAT158A,United States,31.4147,-105.169,5768.34,143.01,291.3,False,2026-03-11 17:39:52
ac82f8,AAL3266,United States,27.2993,-82.0003,4541.52,188.95,317.32,False,2026-03-11 17:39:52
a951e0,N7WR,United States,25.2562,-81.1737,2987.04,96.18,351.7,False,2026-03-11 17:39:52
aa2a83,N754SP,United States,38.8653,-76.2614,914.4,57.11,0.52,False,2026-03-11 17:39:52
a559c1,ERY44,United States,35.1156,-91.7959,12496.8,263.29,57.37,False,2026-03-11 17:39:52
a7b159,N595QA,United States,35.8693,-77.8813,76.2,46.8,213.34,False,2026-03-11 17:39:52
a8947e,DAL8927,United States,40.6105,-115.821,11277.6,267.21,84.48,False,2026-03-11 17:39:52
a3918f,UPS2905,United States,32.6918,-97.0557,922.02,93.12,359.68,False,2026-03-11 17:39:52
a5f90a,N484SE,United States,33.1209,-96.4141,12192.0,196.44,321.06,False,2026-03-11 17:39:52
a3b93e,N339WM,United States,26.1488,-81.7536,198.12,62.11,50.38,False,2026-03-11 17:39:52
a99a31,N718EH,United States,33.1279,-97.6099,662.94,53.08,183.33,False,2026-03-11 17:39:52
a5df05,N478CA,United States,35.544,-119.2932,1912.62,50.42,278.21,False,2026-03-11 17:39:52
c07c7b,ACA162,Canada,43.9734,-79.9557,3474.72,147.34,143.09,False,2026-03-11 17:39:52
aa8af8,CFS8690,United States,45.5565,-122.6098,464.82,29.07,193.3,False,2026-03-11 17:39:52
a9ea11,N738PJ,United States,45.7994,-108.5069,1066.8,32.1,291.63,False,2026-03-11 17:39:52
c07c7a,ACA584,Canada,41.1923,-74.3384,1844.04,137.06,150.55,False,2026-03-11 17:39:52
a8dd4b,SCU28,United States,36.1527,-95.9861,1043.94,82.58,184.65,False,2026-03-11 17:39:52
ac2287,N881LA,United States,33.4547,-111.7358,350.52,38.4,50.98,False,2026-03-11 17:39:52
a559cc,N444DH,United States,39.9326,-87.2008,9448.8,291.53,31.73,False,2026-03-11 17:39:52
a069fd,N126AA,United States,28.5018,-82.432,228.6,44.72,203.03,False,2026-03-11 17:39:52
a10308,CXK243,United States,32.8783,-111.9224,1280.16,48.57,61.53,False,2026-03-11 17:39:52
a831e4,N627SX,United States,40.1368,-111.6823,1630.68,42.75,129.63,False,2026-03-11 17:39:52
a88d8d,N650JL,United States,29.5521,-98.4985,541.02,102.89,310.54,False,2026-03-11 17:39:52
a5d1b9,UAL1478,United States,37.8823,-99.8927,10607.04,256.59,152.15,False,2026-03-11 17:39:52
ae6269,BLZR213,United States,27.4766,-98.206,0.0,137.8,278.37,False,2026-03-11 17:39:52
ae6267,ROKT21,United States,30.3664,-87.3185,-22.86,63.23,187.01,False,2026-03-11 17:39:52
a34f72,N312NG,United States,39.0713,-74.9287,1676.4,101.49,35.3,False,2026-03-11 17:39:52
a7d754,JIA5499,United States,32.923,-97.0307,,6.43,270.0,True,2026-03-11 17:39:52
a1fc3b,ENY3441,United States,37.5086,-113.2423,10668.0,256.32,154.31,False,2026-03-11 17:39:52
0d1201,VOI5553,Mexico,25.7779,-100.1119,,0.19,300.94,True,2026-03-11 17:39:52
a76d5a,JIA5644,United States,37.8581,-88.2594,8839.2,270.11,90.76,False,2026-03-11 17:39:52
0d1202,VOI3181,Mexico,32.2781,-116.0985,3771.9,164.69,289.91,False,2026-03-11 17:39:52
a57af9,EJA452,United States,39.7242,-77.14,3177.54,132.52,238.65,False,2026-03-11 17:39:52
a90419,N680KA,United States,35.1802,-78.9872,3322.32,190.62,135.22,False,2026-03-11 17:39:52
a6f1a4,N54678,United States,33.4074,-118.4117,381.0,29.25,235.75,False,2026-03-11 17:39:52
a0802e,N131PA,United States,33.6875,-96.8198,1211.58,45.18,262.15,False,2026-03-11 17:39:52
a40ca3,N360DM,United States,32.8426,-102.9246,12192.0,218.46,304.25,False,2026-03-11 17:39:52
a40ca4,DAL598,United States,25.7403,-85.0339,10980.42,230.62,212.52,False,2026-03-11 17:39:52
ada588,ERU979,United States,28.5003,-80.9936,251.46,51.78,295.29,False,2026-03-11 17:39:52
a1fc32,N227ND,United States,28.0719,-82.3293,182.88,51.57,274.0,False,2026-03-11 17:39:52
a8e428,LFA531,United States,29.0015,-81.4073,243.84,48.97,148.31,False,2026-03-11 17:39:52
a75a21,LXJ573,United States,27.977,-86.3516,13106.4,222.12,275.18,False,2026-03-11 17:39:52
a83dd0,VAR630,United States,33.1138,-112.687,556.26,64.26,194.37,False,2026-03-11 17:39:52
a9b4a4,RPA3578,United States,46.3159,-92.9355,9144.0,188.8,225.55,False,2026-03-11 17:39:52
a21c4c,ENY3699,United States,25.7848,-80.3441,91.44,69.5,87.88,False,2026-03-11 17:39:52
a23675,UCA4887,United States,32.3024,-91.9741,10058.4,264.67,50.68,False,2026-03-11 17:39:52
a82aa8,SKW5485,United States,37.7329,-120.1373,9144.0,211.87,261.2,False,2026-03-11 17:39:52
a2f9dd,GXA612,United States,26.0771,-80.1946,99.06,67.4,90.87,False,2026-03-11 17:39:52
0d0b1b,XBOUZ,Mexico,27.7101,-98.7868,13091.16,171.2,248.68,False,2026-03-11 17:39:52
0d0b1d,XAOOI,Mexico,29.4564,-94.3666,11879.58,275.99,61.62,False,2026-03-11 17:39:52
a21c53,AAY9235,United States,35.6512,-113.4894,6111.24,192.29,278.15,False,2026-03-11 17:39:52
a030a8,RPA4377,United States,31.6056,-82.5752,7612.38,197.45,322.62,False,2026-03-11 17:39:52
abc704,N858W,United States,41.5702,-70.7053,1127.76,106.49,344.02,False,2026-03-11 17:39:52
440cdc,BQB1,Austria,33.5869,-82.5835,11582.4,232.84,163.97,False,2026-03-11 17:39:52
a65484,LXJ507,United States,36.3247,-108.7967,13708.38,248.58,52.82,False,2026-03-11 17:39:52
a22315,N237FY,United States,28.357,-80.6508,304.8,46.72,241.74,False,2026-03-11 17:39:52
0d0b35,VOI5608,Mexico,27.2148,-103.1826,11574.78,212.35,296.63,False,2026-03-11 17:39:52
a163c2,SKW3330,United States,34.4074,-118.6189,10149.84,215.63,340.05,False,2026-03-11 17:39:52
a426a5,DAL947,United States,41.9812,-84.5647,5547.36,239.86,94.18,False,2026-03-11 17:39:52
a844e0,N63177,United States,34.2139,-119.1012,-15.24,33.96,270.87,False,2026-03-11 17:39:52
a1bfde,N2112G,United States,33.154,-97.7037,1036.32,52.41,121.35,False,2026-03-11 17:39:52
a8943d,AAL2875,United States,35.3883,-80.9923,1196.34,99.63,144.67,False,2026-03-11 17:39:52
a831b2,QXE2499,United States,44.9085,-116.66,7818.12,234.67,168.49,False,2026-03-11 17:39:52
a63a63,N500EQ,United States,35.4317,-106.4308,3878.58,109.15,226.15,False,2026-03-11 17:39:52
a6eacf,DAL450,United States,32.7779,-110.7435,9144.0,220.29,291.65,False,2026-03-11 17:39:52
ac9709,,United States,33.6467,-84.4234,,8.23,0.0,True,2026-03-11 17:39:52
a977bb,DAL363,United States,46.3172,-77.6084,9753.6,192.95,287.86,False,2026-03-11 17:39:52
a76d90,EJA578,United States,45.4097,-122.5047,12192.0,174.99,314.17,False,2026-03-11 17:39:52
a89442,EJM652,United States,42.9807,-88.3705,6050.28,187.74,313.89,False,2026-03-11 17:39:52
a88d62,ABX505,United States,33.9465,-118.2932,396.24,77.21,263.11,False,2026-03-11 17:39:52
a977d4,AAL1998,United States,33.4382,-111.9997,,0.0,126.56,True,2026-03-11 17:39:52
c046f7,WJA2798,Canada,32.3998,-77.7682,11277.6,259.6,168.22,False,2026-03-11 17:39:52
a857ff,ASI94,United States,33.2739,-111.8305,876.3,37.97,234.37,False,2026-03-11 17:39:52
a0934b,UPS5195,United States,36.254,-89.694,10050.78,281.28,74.95,False,2026-03-11 17:39:52
ae6284,BLZR247,United States,27.0647,-97.9741,3741.42,91.01,192.07,False,2026-03-11 17:39:52
ab772d,DAL898,United States,34.6527,-112.9197,10972.8,197.96,261.93,False,2026-03-11 17:39:52
a65490,GJS4508,United States,40.7103,-74.1535,121.92,65.34,206.16,False,2026-03-11 17:39:52
c07e2c,ACA1361,Canada,39.7653,-90.8757,11269.98,289.27,41.83,False,2026-03-11 17:39:52
ab5dd4,UAL1479,United States,39.4305,-98.7369,9464.04,251.19,95.52,False,2026-03-11 17:39:52
a4d97e,SKW3019,United States,39.4888,-112.8955,10058.4,213.66,197.08,False,2026-03-11 17:39:52
aa7a1f,RPA3405,United States,41.0208,-74.2025,1493.52,112.09,151.79,False,2026-03-11 17:39:52
a83f2b,EJA630,United States,27.4911,-80.9232,5577.84,198.18,340.44,False,2026-03-11 17:39:52
a46345,FFT1099,United States,36.2464,-93.1972,10972.8,195.51,269.1,False,2026-03-11 17:39:52
abc7c6,SWA3470,United States,33.4408,-111.9977,243.84,79.22,270.0,False,2026-03-11 17:39:52
ace7aa,SWA3312,United States,33.9147,-87.1604,11887.2,234.02,152.36,False,2026-03-11 17:39:52
ab9a0e,N847CB,United States,33.77,-112.1305,3863.34,89.89,326.67,False,2026-03-11 17:39:52
c02ed9,ACA133,Canada,51.2171,-101.5134,12184.38,232.53,276.61,False,2026-03-11 17:39:52
a4bf83,N405DD,United States,38.2366,-122.258,106.68,63.62,287.41,False,2026-03-11 17:39:52
abadc0,SWA1590,United States,41.7711,-87.7323,312.42,65.87,313.42,False,2026-03-11 17:39:52
a4c662,N4068G,United States,29.94,-95.3504,152.4,49.91,88.82,False,2026-03-11 17:39:52
c07e33,ACA1077,Canada,44.5636,-88.7522,10363.2,184.2,270.96,False,2026-03-11 17:39:52
a2cce4,GPD28,United States,40.7962,-74.6694,2293.62,151.43,69.1,False,2026-03-11 17:39:52
a8592c,EJA637,United States,33.6237,-111.9114,,0.0,315.0,True,2026-03-11 17:39:52
c048cb,,Canada,53.3524,-113.4907,2232.66,92.52,25.0,False,2026-03-11 17:39:52
a41ffe,N365MM,United States,30.7755,-83.1926,1645.92,65.73,157.45,False,2026-03-11 17:39:52
ac97e3,N910NM,United States,39.4341,-97.3805,11887.2,274.15,93.33,False,2026-03-11 17:39:52
a40cca,N360FA,United States,40.2347,-76.8686,609.6,44.45,113.9,False,2026-03-11 17:39:52
ac0a22,AAL1275,United States,32.6466,-80.6637,11887.2,234.01,25.66,False,2026-03-11 17:39:52
ae6408,MG01,United States,36.2805,-75.778,1036.32,209.34,157.15,False,2026-03-11 17:39:52
c07211,CRN888,Canada,46.1007,-113.9311,11887.2,256.92,121.24,False,2026-03-11 17:39:52
a4ac66,N40XS,United States,32.8485,-98.4731,1333.5,83.48,345.36,False,2026-03-11 17:39:52
a5cc49,N473AK,United States,38.9606,-104.8413,2240.28,35.83,237.91,False,2026-03-11 17:39:52
a2dffe,UAL792,United States,39.8291,-104.6417,1554.48,83.86,0.35,False,2026-03-11 17:39:52
a1f00e,MXY502,United States,34.405,-102.062,10972.8,212.54,282.72,False,2026-03-11 17:39:52
a6aff0,N53VA,United States,37.5907,-77.6714,358.14,57.53,121.84,False,2026-03-11 17:39:52
ae6405,BY01,United States,36.5851,-75.8774,1097.28,196.15,136.59,False,2026-03-11 17:39:52
ae6401,SY01,United States,37.119,-79.884,6949.44,207.51,267.58,False,2026-03-11 17:39:52
ab9a32,DAL2167,United States,46.1954,-96.9282,10363.2,218.78,275.94,False,2026-03-11 17:39:52
abadd6,SWA3230,United States,39.0463,-84.6801,457.2,87.46,270.67,False,2026-03-11 17:39:52
c0853f,ACA1031,Canada,43.6778,-79.6147,,0.0,47.81,True,2026-03-11 17:39:52
ae14a2,MNTNA54,United States,27.5993,-97.1207,754.38,107.43,140.44,False,2026-03-11 17:39:52
a7d6ae,LXJ604,United States,38.6439,-90.3871,929.64,75.36,321.1,False,2026-03-11 17:39:52
a71337,JIA5126,United States,30.6906,-86.463,861.06,87.84,193.55,False,2026-03-11 17:39:52
a83f56,SKW6236,United States,34.5095,-92.4576,1943.1,165.57,73.76,False,2026-03-11 17:39:52
a426e0,LXJ367,United States,43.8472,-121.0301,13716.0,222.09,167.83,False,2026-03-11 17:39:52
c07e62,WJA2560,Canada,35.1921,-77.1427,11582.4,227.96,197.33,False,2026-03-11 17:39:52
ac2439,SWA3626,United States,30.4182,-90.7054,11582.4,198.0,262.99,False,2026-03-11 17:39:52
abfd39,SWA324,United States,32.9682,-117.5597,3322.32,181.02,312.12,False,2026-03-11 17:39:52
a2d3b3,SWA3321,United States,39.2037,-80.8379,12115.8,194.62,299.28,False,2026-03-11 17:39:52
a1fc56,CXK207,United States,40.8222,-73.0681,236.22,34.56,225.6,False,2026-03-11 17:39:52
ad9db8,DAL2754,United States,36.2152,-88.8017,10058.4,259.41,91.82,False,2026-03-11 17:39:52
a7e9e7,JIA5316,United States,35.9722,-78.6809,746.76,80.03,225.0,False,2026-03-11 17:39:52
a7d6b6,N604GE,United States,25.5704,-78.8768,6103.62,186.78,292.68,False,2026-03-11 17:39:52
a9ea96,AAL2032,United States,39.9688,-86.9787,11894.82,228.7,148.24,False,2026-03-11 17:39:52
a1a0a1,JBU1770,United States,28.9441,-78.2328,11277.6,218.78,5.94,False,2026-03-11 17:39:52
abf105,N869HR,United States,33.7814,-112.0357,701.04,33.0,59.04,False,2026-03-11 17:39:52
ab5dfa,N831VP,United States,28.5552,-82.772,7924.8,210.11,4.78,False,2026-03-11 17:39:52
a73981,BPX277,United States,28.6315,-80.8496,3124.2,63.05,338.46,False,2026-03-11 17:39:52
a2ccc9,N28MV,United States,33.4198,-111.2366,1508.76,72.74,289.84,False,2026-03-11 17:39:52
a46310,DAL993,United States,34.8653,-82.967,8343.9,219.42,223.58,False,2026-03-11 17:39:52
c07e53,CGVVU,Canada,53.1822,-112.9457,1219.2,55.8,192.24,False,2026-03-11 17:39:52
a76cc0,GJS4594,United States,41.9818,-87.9086,,0.0,354.38,True,2026-03-11 17:39:52
a2101f,MXY529,United States,29.2293,-79.0827,9060.18,229.61,26.34,False,2026-03-11 17:39:52
ab64ee,EJA833,United States,39.4606,-103.985,9753.6,201.51,308.16,False,2026-03-11 17:39:52
c02ee7,ACA342,Canada,49.5055,-107.8224,10668.0,272.2,91.19,False,2026-03-11 17:39:52
a36994,EDV5172,United States,33.6434,-84.43,,1.29,87.19,True,2026-03-11 17:39:52
a34f6e,N312NC,United States,27.0101,-81.7417,4983.48,146.74,350.11,False,2026-03-11 17:39:52
c035bf,JZA691,Canada,43.0713,-76.958,9144.0,205.17,264.53,False,2026-03-11 17:39:52
ace7bf,EDV5330,United States,40.5737,-73.4362,1219.2,134.99,11.65,False,2026-03-11 17:39:52
ac377b,SWA4340,United States,40.475,-85.8128,9982.2,285.78,51.21,False,2026-03-11 17:39:52
a65fb5,N51GJ,United States,38.0586,-101.0262,12199.62,190.22,264.41,False,2026-03-11 17:39:52
0d10e4,VOI181,Mexico,32.5419,-117.0105,381.0,98.27,252.32,False,2026-03-11 17:39:52
aae465,AAL2897,United States,38.0302,-95.0746,9144.0,208.53,262.63,False,2026-03-11 17:39:52
abfd66,SWA1465,United States,36.0777,-115.1218,,1.8,129.38,True,2026-03-11 17:39:52
ad8aac,N9717C,United States,32.532,-97.7725,1066.8,54.55,51.51,False,2026-03-11 17:39:52
c048a3,KEW503,Canada,52.7814,-96.4783,11879.58,202.49,11.28,False,2026-03-11 17:39:52
abadf9,SWA1202,United States,42.8451,-113.1489,11582.4,167.33,294.91,False,2026-03-11 17:39:52
a45051,DAL2775,United States,36.331,-76.8736,10363.2,230.51,181.02,False,2026-03-11 17:39:52
ace7ee,N930ZF,United States,26.1957,-80.3286,647.7,93.83,112.91,False,2026-03-11 17:39:52
a09eb8,N139XL,United States,30.1809,-97.6586,,0.0,180.0,True,2026-03-11 17:39:52
a87a98,N6453J,United States,38.5042,-77.8218,518.16,55.68,266.29,False,2026-03-11 17:39:52
ae14c7,MNTNA46,United States,27.1478,-96.9491,2606.04,93.97,12.97,False,2026-03-11 17:39:52
ae14c0,MNTNA61,United States,27.5105,-97.2838,1226.82,83.37,234.54,False,2026-03-11 17:39:52
ae4a16,RN141,United States,30.9217,-87.0168,1440.18,134.5,336.08,False,2026-03-11 17:39:52
acd4d0,N926DS,United States,38.5549,-119.4655,3421.38,91.92,161.06,False,2026-03-11 17:39:52
ab4af1,AAL3233,United States,42.1631,-76.4056,4884.42,208.03,13.01,False,2026-03-11 17:39:52
ae4a13,TEXN715,United States,27.5967,-97.0962,2933.7,52.58,286.48,False,2026-03-11 17:39:52
ab0485,AAL2671,United States,32.1435,-94.4226,10972.8,199.59,275.77,False,2026-03-11 17:39:52
a4bf41,AAL1135,United States,32.9535,-85.4953,9761.22,212.07,245.8,False,2026-03-11 17:39:52
a4503d,DAL2776,United States,29.6895,-81.4314,11277.6,218.69,342.76,False,2026-03-11 17:39:52
a546c9,RPA4413,United States,43.7442,-78.3338,9144.0,193.22,263.27,False,2026-03-11 17:39:52
ac0a58,EJA875,United States,28.1655,-80.6584,11521.44,256.37,164.4,False,2026-03-11 17:39:52
a9f14b,N74MG,United States,38.5175,-121.1223,1234.44,74.81,234.23,False,2026-03-11 17:39:52
a4bf48,VAR405,United States,33.2529,-112.9254,1562.1,52.07,232.22,False,2026-03-11 17:39:52
a5a9bc,N464P,United States,26.9902,-81.6809,822.96,54.18,347.94,False,2026-03-11 17:39:52
ac3794,N8868E,United States,33.0765,-112.1683,624.84,45.04,256.12,False,2026-03-11 17:39:52
ab9a5c,N847FE,United States,30.4769,-98.1904,2133.6,79.23,121.73,False,2026-03-11 17:39:52
a65fae,KOW51,United States,42.0707,-81.0826,14325.6,291.51,87.27,False,2026-03-11 17:39:52
a7b169,EJA595,United States,36.8871,-76.2006,,0.0,129.38,True,2026-03-11 17:39:52
a6193b,WUP492,United States,29.9593,-93.8363,9204.96,242.8,76.02,False,2026-03-11 17:39:52
a9ea5d,SKW4305,United States,44.9,-92.7157,1828.8,150.25,224.31,False,2026-03-11 17:39:52
a89fa3,DAL8932,United States,42.958,-87.8973,,0.0,272.81,True,2026-03-11 17:39:52
a8e479,BOG72,United States,38.1649,-89.8858,12496.8,264.91,112.13,False,2026-03-11 17:39:52
a5f953,N484VC,United States,33.8898,-118.2376,-30.48,31.29,260.54,False,2026-03-11 17:39:52
a6ff0a,N55WD,United States,37.757,-92.9318,11277.6,286.83,38.88,False,2026-03-11 17:39:52
a89fa9,N655DS,United States,29.39,-98.5143,906.78,73.91,123.36,False,2026-03-11 17:39:52
a85931,QXE2134,United States,34.2911,-117.3414,3185.16,141.08,151.94,False,2026-03-11 17:39:52
a008b7,N101DA,United States,36.3376,-86.0384,1569.72,53.08,146.46,False,2026-03-11 17:39:52
ae4a1c,BRCAT11,United States,33.2566,-103.8801,3840.48,122.05,357.34,False,2026-03-11 17:39:52
ad9dfd,N977DM,United States,37.0423,-79.8657,13106.4,178.18,197.13,False,2026-03-11 17:39:52
ae4a1a,BOMR774,United States,27.8611,-97.1531,1996.44,120.89,107.59,False,2026-03-11 17:39:52
a0808f,,United States,37.607,-122.3849,,3.86,168.75,True,2026-03-11 17:39:52
a52cc8,RPA4446,United States,38.817,-80.2318,9730.74,199.73,267.93,False,2026-03-11 17:39:52
a70c08,N553RA,United States,33.0717,-97.5309,929.64,40.3,75.96,False,2026-03-11 17:39:52
abea47,EJA867,United States,27.3377,-81.6399,4739.64,188.26,156.66,False,2026-03-11 17:39:52
a9b4de,UAL1493,United States,28.4774,-87.2649,10363.2,220.76,288.05,False,2026-03-11 17:39:52
ac379a,SWA3521,United States,38.2263,-104.2558,11277.6,258.41,77.82,False,2026-03-11 17:39:52
a5cc19,UAL1742,United States,41.5266,-81.6724,1219.2,78.42,231.93,False,2026-03-11 17:39:52
ae14bc,MNTNA44,United States,27.6393,-96.7764,2446.02,69.79,341.97,False,2026-03-11 17:39:52
a5cc15,UAL1061,United States,41.7612,-89.0864,6926.58,187.84,260.38,False,2026-03-11 17:39:52
a5cc11,UAL2128,United States,34.4066,-117.9573,10668.0,255.05,106.64,False,2026-03-11 17:39:52
a008c9,DAL1433,United States,43.2653,-87.1682,7010.4,246.54,99.25,False,2026-03-11 17:39:52
ac1d9a,N88XS,United States,33.092,-84.586,2773.68,107.56,181.64,False,2026-03-11 17:39:52
ad3d84,EJA952,United States,40.578,-112.5504,4427.22,207.44,121.72,False,2026-03-11 17:39:52
a4d971,N411SK,United States,28.2365,-82.7552,1150.62,75.87,200.65,False,2026-03-11 17:39:52
ae4a23,BB154,United States,31.1289,-87.1561,3886.2,64.13,193.92,False,2026-03-11 17:39:52
ac247a,SWA426,United States,33.4504,-111.7896,1280.16,88.82,242.4,False,2026-03-11 17:39:52
acc23f,DAL1325,United States,29.6741,-78.6177,10058.4,223.66,7.53,False,2026-03-11 17:39:52
0d10a0,XBBDT,Mexico,26.0431,-100.2643,2941.32,135.42,10.29,False,2026-03-11 17:39:52
ada5ee,JBU35,United States,40.1399,-75.2697,7589.52,210.6,263.83,False,2026-03-11 17:39:52
aae2fa,N800MK,United States,39.1582,-76.3573,4579.62,198.0,50.27,False,2026-03-11 17:39:52
a7b0c4,JBU597,United States,37.6985,-75.5886,10972.8,228.69,207.03,False,2026-03-11 17:39:52
a02b2c,N11PN,United States,36.0234,-113.3078,3070.86,74.5,13.17,False,2026-03-11 17:39:52
a248d7,N2461U,United States,31.88,-81.5269,388.62,33.34,321.89,False,2026-03-11 17:39:52
a248d2,N2461P,United States,30.0357,-89.9952,365.76,47.92,75.07,False,2026-03-11 17:39:52
a45091,DAL801,United States,36.896,-80.4722,11582.4,207.73,225.7,False,2026-03-11 17:39:52
a0454a,N1163M,United States,29.8905,-98.2325,4411.98,184.97,9.12,False,2026-03-11 17:39:52
a27e43,N26SQ,United States,39.2003,-112.9354,12192.0,163.68,199.46,False,2026-03-11 17:39:52
a903cd,N680G,United States,32.9885,-112.5499,12496.8,239.32,100.78,False,2026-03-11 17:39:52
addb2b,KOW992,United States,33.4301,-111.9936,,0.0,25.31,True,2026-03-11 17:39:52
a368b4,ERU319,United States,29.5473,-81.5212,693.42,79.77,132.12,False,2026-03-11 17:39:52
a82039,N6221U,United States,37.1403,-76.5971,891.54,69.62,59.83,False,2026-03-11 17:39:52
a84699,EJA632,United States,34.2712,-79.684,12496.8,233.53,27.13,False,2026-03-11 17:39:52
ad8b61,LYM3912,United States,45.902,-89.7192,4267.2,176.76,11.24,False,2026-03-11 17:39:52
a6f367,GPD547,United States,43.4867,-70.9133,3131.82,150.13,48.33,False,2026-03-11 17:39:52
a9f0a5,N74ER,United States,33.3886,-111.5439,1287.78,58.25,144.34,False,2026-03-11 17:39:52
a9b671,N725DG,United States,27.2417,-80.8879,2042.16,69.49,25.43,False,2026-03-11 17:39:52
a235b7,SWA2948,United States,35.8808,-78.7773,129.54,63.66,224.67,False,2026-03-11 17:39:52
a8467b,N632PM,United States,39.175,-121.8243,1638.3,90.94,335.61,False,2026-03-11 17:39:52
a248e3,AVL312,United States,37.8744,-77.4464,914.4,57.49,173.32,False,2026-03-11 17:39:52
a14b1a,UAL2269,United States,39.5422,-99.0056,10668.0,270.04,93.39,False,2026-03-11 17:39:52
ad42fa,N9536D,United States,34.1971,-118.4909,,0.06,357.19,True,2026-03-11 17:39:52
ad8b92,N972FB,United States,26.4364,-79.8978,2659.38,149.83,203.04,False,2026-03-11 17:39:52
a2981e,N2663X,United States,35.6268,-81.2035,1021.08,28.1,293.75,False,2026-03-11 17:39:52
a9665f,N7044S,United States,38.7315,-77.5214,91.44,34.08,151.11,False,2026-03-11 17:39:52
ade252,JBU2829,United States,40.1791,-71.0893,9418.32,236.65,190.02,False,2026-03-11 17:39:52
a008ef,N101FG,United States,32.1635,-88.6482,8473.44,205.58,328.3,False,2026-03-11 17:39:52
aba281,AAL1932,United States,41.9732,-87.898,,4.37,326.25,True,2026-03-11 17:39:52
a7b0ce,N595JM,United States,41.4569,-70.7114,548.64,68.58,130.74,False,2026-03-11 17:39:52
a8dccc,N670MA,United States,28.721,-81.6775,121.92,35.29,82.46,False,2026-03-11 17:39:52
ae62f9,HAWK222,United States,27.4697,-98.8343,0.0,169.75,99.95,False,2026-03-11 17:39:52
a2e806,ASA298,United States,47.1146,-117.6191,10058.4,292.91,95.24,False,2026-03-11 17:39:52
a5c077,CXK305,United States,36.198,-115.1688,769.62,36.03,43.26,False,2026-03-11 17:39:52
aa8164,AAL1422,United States,33.1978,-89.987,10980.42,213.06,187.07,False,2026-03-11 17:39:52
a8f6ef,NKS1605,United States,41.1078,-87.7132,6720.84,193.39,174.2,False,2026-03-11 17:39:52
aa31ed,SKW4966,United States,32.9283,-97.8496,6324.6,196.05,290.91,False,2026-03-11 17:39:52
ae0250,HOBBY55,United States,31.2579,-92.7029,7315.2,148.86,288.12,False,2026-03-11 17:39:52
a3f518,EJA354,United States,35.1007,-85.0449,10096.5,165.01,254.45,False,2026-03-11 17:39:52
a8469e,QXE2071,United States,32.6674,-117.0913,3916.68,167.73,89.12,False,2026-03-11 17:39:52
a84663,JIA5127,United States,33.4914,-87.8015,5775.96,183.15,269.52,False,2026-03-11 17:39:52
ad928b,ASA473,United States,47.446,-122.3107,,7.2,135.0,True,2026-03-11 17:39:52
ad928e,AAL3151,United States,29.1448,-98.716,10965.18,204.97,203.99,False,2026-03-11 17:39:52
acbb9f,OST8,United States,36.2454,-97.1587,861.06,38.24,326.52,False,2026-03-11 17:39:52
a04597,N1165U,United States,29.9264,-98.3273,1386.84,48.02,224.13,False,2026-03-11 17:39:52
a88cbf,PDT5907,United States,42.9893,-76.0229,2964.18,120.85,213.89,False,2026-03-11 17:39:52
aa7a61,SWA837,United States,27.8656,-93.3896,11887.2,235.53,137.21,False,2026-03-11 17:39:52
a6ec56,AAL3068,United States,36.0098,-85.8534,11277.6,259.9,100.95,False,2026-03-11 17:39:52
a5cc4c,AAL2038,United States,34.3887,-107.6245,10066.02,249.52,89.29,False,2026-03-11 17:39:52
a9c950,N73GH,United States,35.5727,-81.2916,12496.8,239.06,6.18,False,2026-03-11 17:39:52
a916df,N685MB,United States,34.4285,-84.4518,624.84,49.49,69.3,False,2026-03-11 17:39:52
c02f6a,WJA2261,Canada,31.3567,-94.9185,10370.82,254.86,351.53,False,2026-03-11 17:39:52
a2bb10,SWA1841,United States,37.4315,-121.6048,2232.66,130.36,317.56,False,2026-03-11 17:39:52
c083aa,WJA538,Canada,49.1122,-119.2854,10058.4,299.12,85.96,False,2026-03-11 17:39:52
a9797b,N7098P,United States,33.1971,-111.8143,457.2,36.88,59.86,False,2026-03-11 17:39:52
ab77ac,SKW3910,United States,38.9478,-77.4544,,1.29,5.62,True,2026-03-11 17:39:52
a6f326,JIA5071,United States,40.6434,-74.6425,8534.4,210.82,231.34,False,2026-03-11 17:39:52
ac370b,SWA683,United States,31.8057,-104.3012,8839.2,246.72,85.34,False,2026-03-11 17:39:52
a9b62c,AAL103,United States,46.0257,-68.8372,9753.6,229.18,205.53,False,2026-03-11 17:39:52
aaf70f,N8052A,United States,32.8064,-96.1038,1737.36,48.45,311.99,False,2026-03-11 17:39:52
a83323,N6274A,United States,35.5939,-118.6955,2575.56,74.12,335.39,False,2026-03-11 17:39:52
a1a218,ENY3541,United States,41.3424,-98.4904,9144.0,201.08,252.12,False,2026-03-11 17:39:52
a5e67d,N48CL,United States,35.8653,-78.6358,1127.76,73.57,359.2,False,2026-03-11 17:39:52
a355c1,AVL314,United States,38.3653,-77.4897,1203.96,25.87,252.65,False,2026-03-11 17:39:52
ae62fd,HAWK285,United States,26.7517,-98.0676,5783.58,136.6,32.07,False,2026-03-11 17:39:52
a5cc72,N473CA,United States,32.8471,-117.2282,845.82,42.34,297.5,False,2026-03-11 17:39:52
ae62fe,BLZR286,United States,27.4768,-98.2079,3550.92,138.09,277.71,False,2026-03-11 17:39:52
a653f7,N507AF,United States,33.6045,-96.5933,457.2,47.06,164.14,False,2026-03-11 17:39:52
a1c86c,N214AP,United States,30.7195,-98.2449,655.32,39.93,194.93,False,2026-03-11 17:39:52
c01c52,ACA104,Canada,49.0707,-114.0653,11871.96,285.32,92.69,False,2026-03-11 17:39:52
a235f5,CXK230,United States,35.4642,-80.6767,754.38,40.13,202.62,False,2026-03-11 17:39:52
a8efec,N675SS,United States,31.806,-86.5099,8839.2,222.73,103.49,False,2026-03-11 17:39:52
a475a3,DAL973,United States,37.5723,-79.5615,10370.82,218.12,227.58,False,2026-03-11 17:39:52
a8e3b3,FFT4928,United States,36.0934,-111.799,11277.6,251.69,63.28,False,2026-03-11 17:39:52
a1c868,ASA420,United States,46.3043,-115.2188,9448.8,285.7,109.35,False,2026-03-11 17:39:52
a57061,N45GH,United States,33.4323,-112.0038,,4.63,143.44,True,2026-03-11 17:39:52
ad07a6,NFX102,United States,34.2149,-118.3612,175.26,51.79,166.79,False,2026-03-11 17:39:52
a9c937,N73FH,United States,35.1231,-99.3526,10058.4,190.82,100.25,False,2026-03-11 17:39:52
ac1d18,N88SM,United States,39.8459,-74.2686,487.68,58.41,185.56,False,2026-03-11 17:39:52
a355b1,ENY4102,United States,42.5208,-120.5728,9486.9,198.32,338.23,False,2026-03-11 17:39:52
a41510,N362PS,United States,28.6459,-81.8727,1135.38,59.59,243.88,False,2026-03-11 17:39:52
a28545,KAP78,United States,42.7357,-71.1925,1805.94,86.0,318.39,False,2026-03-11 17:39:52
aaa7bd,N786KM,United States,28.5629,-81.7391,822.96,66.13,13.5,False,2026-03-11 17:39:52
a1fbb2,ASA967,United States,37.7109,-122.2156,,0.0,306.56,True,2026-03-11 17:39:52
ab77d5,UAL8105,United States,36.82,-86.9813,11292.84,224.39,154.9,False,2026-03-11 17:39:52
c083f2,ACA1023,Canada,33.7665,-80.9125,11887.2,237.09,11.26,False,2026-03-11 17:39:52
a368dd,N319GG,United States,37.7298,-122.2133,,1.8,98.44,True,2026-03-11 17:39:52
a0589c,N121NG,United States,36.0855,-86.1249,1684.02,55.87,306.76,False,2026-03-11 17:39:52
a5cc8c,N473DB,United States,37.3117,-85.2463,10058.4,187.51,99.95,False,2026-03-11 17:39:52
a7134a,N555PG,United States,32.2783,-97.8576,3954.78,142.87,29.8,False,2026-03-11 17:39:52
a355a8,N31396,United States,40.9504,-74.3148,91.44,37.17,175.24,False,2026-03-11 17:39:52
aa2abc,AAL1714,United States,38.8553,-77.0402,,4.12,343.12,True,2026-03-11 17:39:52
ad929d,N974BC,United States,25.6605,-80.4121,236.22,46.94,9.46,False,2026-03-11 17:39:52
ab0425,JRE809,United States,36.12,-99.1861,13106.4,199.08,316.78,False,2026-03-11 17:39:52
ade27a,N994LA,United States,33.1765,-111.9888,1737.36,54.21,279.28,False,2026-03-11 17:39:52
ab64b8,AAL1534,United States,37.9548,-87.6712,8534.4,201.64,262.97,False,2026-03-11 17:39:52
a7bcd6,N598TP,United States,34.0164,-118.4521,,0.0,123.75,True,2026-03-11 17:39:52
a773dc,N58DB,United States,39.3982,-104.6784,2636.52,83.07,128.72,False,2026-03-11 17:39:52
c02358,JZA64,Canada,49.1342,-122.6699,3406.14,171.01,83.09,False,2026-03-11 17:39:52
a27e53,N26TF,United States,33.8276,-117.3805,891.54,38.12,266.91,False,2026-03-11 17:39:52
ad68ba,EJA963,United States,36.7779,-106.5926,11209.02,238.88,130.9,False,2026-03-11 17:39:52
a6fec4,N55TJ,United States,27.0323,-80.7456,5791.2,153.42,341.02,False,2026-03-11 17:39:52
abc843,SFY118,United States,27.7994,-80.7116,609.6,49.6,264.64,False,2026-03-11 17:39:52
a5ded5,N478AC,United States,32.1244,-97.5034,1043.94,73.17,64.16,False,2026-03-11 17:39:52
a51b58,SWA295,United States,41.4025,-82.9462,12192.0,176.89,274.0,False,2026-03-11 17:39:52
a39243,JBU2784,United States,40.1708,-73.715,2811.78,165.07,39.94,False,2026-03-11 17:39:52
ab5219,N8288X,United States,26.5627,-80.0544,152.4,40.93,104.56,False,2026-03-11 17:39:52
a53570,N4348F,United States,42.8215,-71.7196,1661.16,13.23,193.5,False,2026-03-11 17:39:52
c0360e,WJA2608,Canada,41.7523,-110.4391,10058.4,261.74,151.47,False,2026-03-11 17:39:52
a2d573,ASA9421,United States,42.7137,-112.2774,12496.8,275.08,119.59,False,2026-03-11 17:39:52
a6b840,JIA5637,United States,42.9462,-87.9001,,0.0,340.31,True,2026-03-11 17:39:52
abae2c,SWA1599,United States,32.9122,-112.3849,11277.6,247.83,100.28,False,2026-03-11 17:39:52
a5e5d1,N47965,United States,43.4871,-116.1675,1379.22,51.29,135.41,False,2026-03-11 17:39:52
a45bd7,FFT3219,United States,40.284,-111.8066,3497.58,136.55,317.6,False,2026-03-11 17:39:52
aa4535,N76091,United States,33.9514,-117.442,,0.06,239.06,True,2026-03-11 17:39:52
a38b61,JBU322,United States,34.6175,-77.6408,11277.6,230.3,26.11,False,2026-03-11 17:39:52
aa2b21,RPA3426,United States,39.8035,-86.3702,1882.14,155.82,106.1,False,2026-03-11 17:39:52
a39e7d,AAY1309,United States,28.7816,-81.3786,586.74,94.15,89.37,False,2026-03-11 17:39:52
a5dee4,N478AT,United States,26.591,-80.0843,-91.44,4.12,180.0,False,2026-03-11 17:39:52
a5dee3,ASA417,United States,38.1587,-113.8738,10668.0,253.77,149.95,False,2026-03-11 17:39:52
a64e67,VJA505,United States,37.3571,-121.9284,,0.0,84.38,True,2026-03-11 17:39:52
a21bea,RPA5741,United States,37.0917,-77.7837,9448.8,250.8,47.08,False,2026-03-11 17:39:52
a605eb,N4877D,United States,32.5887,-96.9286,769.62,54.41,139.99,False,2026-03-11 17:39:52
a3db5e,DAL1196,United States,26.5262,-81.7706,-45.72,78.82,54.03,False,2026-03-11 17:39:52
a4abde,N40SF,United States,31.5746,-84.1523,281.94,43.02,221.12,False,2026-03-11 17:39:52
a2e87e,FDX3824,United States,37.6326,-122.0979,624.84,96.21,269.39,False,2026-03-11 17:39:52
aae2a5,N800J,United States,38.8484,-77.0394,,6.69,357.19,True,2026-03-11 17:39:52
a355f4,N314CW,United States,38.0029,-105.5662,12192.0,182.05,262.69,False,2026-03-11 17:39:52
ad68f0,SKW5087,United States,31.1048,-92.6798,7620.0,198.67,250.49,False,2026-03-11 17:39:52
a52259,N43SD,United States,27.91,-82.6988,-38.1,10.91,81.87,False,2026-03-11 17:39:52
a605f0,N4877J,United States,44.5769,-93.9206,1051.56,55.34,253.25,False,2026-03-11 17:39:52
a1ae99,CXK408,United States,40.2775,-111.7662,1508.76,50.31,232.9,False,2026-03-11 17:39:52
a2c224,SKW3787,United States,33.7414,-84.2971,2087.88,133.28,101.35,False,2026-03-11 17:39:52
a63b41,N500PM,United States,28.5511,-81.3358,,0.0,188.44,True,2026-03-11 17:39:52
ab5e6c,SWA3552,United States,35.7008,-109.7977,11887.2,229.43,47.73,False,2026-03-11 17:39:52
8015a5,AIC191,India,42.6164,-67.6679,8534.4,221.38,267.74,False,2026-03-11 17:39:52
a9a399,AAL51,United States,45.3325,-95.5356,10972.8,236.82,194.34,False,2026-03-11 17:39:52
a858f6,JIA5141,United States,36.0698,-91.7539,9448.8,231.33,149.39,False,2026-03-11 17:39:52
a9a397,ASA21,United States,47.5661,-117.6392,10972.8,162.83,278.54,False,2026-03-11 17:39:52
a4abef,N40SY,United States,34.48,-82.1781,1607.82,72.43,329.25,False,2026-03-11 17:39:52
a26b4a,ENY3775,United States,35.6306,-92.8868,10058.4,255.87,78.28,False,2026-03-11 17:39:52
c01c28,WJA1110,Canada,37.1704,-76.7597,11582.4,228.83,193.79,False,2026-03-11 17:39:52
a2d549,N2819D,United States,27.4098,-82.688,1005.84,65.44,343.56,False,2026-03-11 17:39:52
acce1a,JUMP4,United States,32.8368,-111.5449,883.92,73.23,265.97,False,2026-03-11 17:39:52
a2c211,N277SD,United States,38.3674,-121.1147,365.76,56.82,137.94,False,2026-03-11 17:39:52
a5cbd9,N4727D,United States,33.6039,-117.0575,891.54,46.52,237.19,False,2026-03-11 17:39:52
a1b573,SWA1853,United States,34.0549,-117.4187,975.36,111.12,269.47,False,2026-03-11 17:39:52
abb52c,SWA4014,United States,38.8498,-91.3851,12192.0,182.31,226.49,False,2026-03-11 17:39:52
aadbe1,N7990W,United States,34.1408,-117.6589,1127.76,40.25,57.53,False,2026-03-11 17:39:52
a3ee2f,N352W,United States,32.5931,-78.9956,13716.0,269.16,114.26,False,2026-03-11 17:39:52
a0a7a0,AAL1669,United States,34.3936,-106.9192,9441.18,247.97,89.64,False,2026-03-11 17:39:52
ae1534,RHODY11,United States,41.1683,-71.6543,2880.36,167.19,29.09,False,2026-03-11 17:39:52
a6b810,N532CC,United States,31.3507,-82.2489,11277.6,222.97,339.89,False,2026-03-11 17:39:52
a057c7,DAL3123,United States,39.0742,-107.9882,10050.78,285.34,129.66,False,2026-03-11 17:39:52
a7008f,N550MS,United States,38.273,-90.9614,12192.0,162.29,266.91,False,2026-03-11 17:39:52
c07193,WJA2408,Canada,49.5777,-113.1414,9075.42,247.12,164.55,False,2026-03-11 17:39:52
adf50d,N999LA,United States,34.2231,-119.43,1325.88,54.8,212.35,False,2026-03-11 17:39:52
adf50e,N999LB,United States,32.7727,-82.2584,13716.0,241.31,162.76,False,2026-03-11 17:39:52
a3b8f5,AAL2398,United States,45.2312,-97.9136,10363.2,209.11,300.29,False,2026-03-11 17:39:52
acbb30,N9195Q,United States,35.2511,-84.6368,1036.32,96.57,14.18,False,2026-03-11 17:39:52
abae62,SWA1200,United States,31.3619,-78.3669,11887.2,220.81,8.04,False,2026-03-11 17:39:52
ac1bdb,N88DV,United States,40.6179,-111.9953,,5.14,208.12,True,2026-03-11 17:39:52
ad8b20,AAL1674,United States,35.1173,-78.8145,11277.6,232.6,26.96,False,2026-03-11 17:39:52
a70092,N550MV,United States,39.3227,-94.6697,13106.4,211.28,234.41,False,2026-03-11 17:39:52
a057cc,DAL2134,United States,44.7629,-93.8452,4130.04,161.73,72.6,False,2026-03-11 17:39:52
ac1be9,N88EJ,United States,36.9762,-109.586,13106.4,203.84,251.61,False,2026-03-11 17:39:52
ad0887,EJA939,United States,38.9932,-99.9438,13106.4,183.59,285.44,False,2026-03-11 17:39:52
ac7e80,SKW5321,United States,29.9774,-93.6185,7322.82,212.4,79.53,False,2026-03-11 17:39:52
ab5e9b,SWA819,United States,36.7973,-100.9957,10363.2,201.33,319.14,False,2026-03-11 17:39:52
0d116a,VOI1760,Mexico,39.861,-104.6851,,13.89,180.0,True,2026-03-11 17:39:52
0d116b,VOI7770,Mexico,37.0412,-90.9936,11277.6,266.16,21.31,False,2026-03-11 17:39:52
a9536a,NJM70,United States,33.9778,-97.1574,8785.86,257.64,6.07,False,2026-03-11 17:39:52
acd54d,XSR926,United States,39.1463,-83.4503,12192.0,184.81,298.06,False,2026-03-11 17:39:52
adee4d,N997T,United States,40.1975,-80.6504,11277.6,204.02,61.04,False,2026-03-11 17:39:52
acce75,EJA924,United States,41.3867,-89.6458,10972.8,164.11,241.75,False,2026-03-11 17:39:52
a2bb89,UAL1917,United States,37.0813,-103.0082,8839.2,245.99,149.73,False,2026-03-11 17:39:52
a52e50,AAL1364,United States,26.0781,-80.5254,1524.0,100.39,96.18,False,2026-03-11 17:39:52
a27299,NIT257,United States,32.273,-83.2925,883.92,70.91,61.39,False,2026-03-11 17:39:52
a64e2a,SKW4987,United States,33.4467,-112.1913,1851.66,131.59,318.65,False,2026-03-11 17:39:52
abb579,SWA3502,United States,35.5435,-111.448,11277.6,256.53,106.55,False,2026-03-11 17:39:52
a52e54,ASA708,United States,32.3613,-109.6922,9144.0,221.22,284.13,False,2026-03-11 17:39:52
a63b03,N500M,United States,36.125,-96.3729,12496.8,265.5,81.19,False,2026-03-11 17:39:52
ac8579,N906AC,United States,25.8201,-80.578,4876.8,169.37,326.65,False,2026-03-11 17:39:52
a2d58d,N282BL,United States,28.1319,-81.7222,236.22,43.05,165.47,False,2026-03-11 17:39:52
ae62b3,HAWK211,United States,26.7542,-98.0763,0.0,111.68,331.07,False,2026-03-11 17:39:52
ad9e73,JBU323,United States,37.6264,-94.5864,10355.58,186.79,263.83,False,2026-03-11 17:39:52
a8e3fa,N672JM,United States,28.5052,-81.0057,861.06,119.09,71.1,False,2026-03-11 17:39:52
abae8f,SWA2416,United States,34.7361,-113.1433,10363.2,208.74,253.98,False,2026-03-11 17:39:52
ac22ea,TWY201,United States,35.7213,-103.3029,13716.0,253.64,86.28,False,2026-03-11 17:39:52
ac857b,PDT5802,United States,37.6844,-86.8401,4861.56,187.79,119.73,False,2026-03-11 17:39:52
a1a286,SKW4663,United States,40.5629,-104.4858,6583.68,183.55,19.65,False,2026-03-11 17:39:52
a52e5b,ATN3332,United States,32.9181,-97.2132,10378.44,248.53,313.57,False,2026-03-11 17:39:52
a63b16,N500MU,United States,38.8433,-76.5938,205.74,16.46,90.0,False,2026-03-11 17:39:52
aad058,N796WW,United States,33.8139,-118.1492,-91.44,31.38,270.0,False,2026-03-11 17:39:52
ae13ca,CREEP31,United States,36.011,-97.7836,5638.8,101.11,238.74,False,2026-03-11 17:39:52
a0f73c,AAL1877,United States,32.5898,-99.1323,8534.4,233.11,265.95,False,2026-03-11 17:39:52
ac2375,CTP881,United States,34.2914,-118.6361,4053.84,150.1,337.21,False,2026-03-11 17:39:52
a1adab,SKW5292,United States,33.1024,-98.9225,10972.8,229.92,197.18,False,2026-03-11 17:39:52
adffff,KABUKI2,United States,29.6268,-99.1173,4411.98,230.21,104.63,False,2026-03-11 17:39:52
4b0ef1,N626UT,Switzerland,44.6361,-73.3134,937.26,71.63,213.58,False,2026-03-11 17:39:52
c06a75,TSC484,Canada,41.2813,-74.0735,10363.2,229.09,202.3,False,2026-03-11 17:39:52
aa328f,RPA3592,United States,43.9931,-73.9071,7620.0,224.76,347.17,False,2026-03-11 17:39:52
ae5c69,0   P,United States,36.6194,-76.907,10370.82,215.97,222.2,False,2026-03-11 17:39:52
a94bfc,UAL1732,United States,43.1961,-73.1353,9753.6,209.52,286.25,False,2026-03-11 17:39:52
c08478,CGYEH,Canada,51.499,-113.0374,2057.4,44.94,254.05,False,2026-03-11 17:39:52
a0e431,AAL2059,United States,36.1756,-90.1652,9745.98,206.48,267.57,False,2026-03-11 17:39:52
abfc97,SWA332,United States,29.6299,-98.551,1638.3,139.15,15.22,False,2026-03-11 17:39:52
ae13ba,DREAD81,United States,30.561,-87.582,4191.0,100.74,174.73,False,2026-03-11 17:39:52
ae13bb,BALL61,United States,37.5988,-97.2758,472.44,48.79,14.04,False,2026-03-11 17:39:52
abf049,N869AC,United States,37.5379,-81.3548,9753.6,210.74,326.35,False,2026-03-11 17:39:52
a9fe88,JRE743,United States,28.3532,-87.9107,13716.0,178.95,285.0,False,2026-03-11 17:39:52
a08d5d,N1347C,United States,39.1812,-78.1331,822.96,70.64,7.95,False,2026-03-11 17:39:52
0d1130,VIV100,Mexico,36.4267,-77.1243,11277.6,244.38,42.18,False,2026-03-11 17:39:52
a76277,WSN3,United States,36.6186,-119.678,6400.8,172.23,149.68,False,2026-03-11 17:39:52
a99b83,DAL479,United States,35.1833,-109.0414,10972.8,216.45,261.39,False,2026-03-11 17:39:52
ada64d,AAL2645,United States,34.983,-106.6834,2537.46,130.4,218.27,False,2026-03-11 17:39:52
a15db5,N1875A,United States,39.6891,-101.7668,13106.4,220.41,253.6,False,2026-03-11 17:39:52
a547b4,N43957,United States,34.1689,-118.6037,579.12,53.61,64.42,False,2026-03-11 17:39:52
aa92fc,UAL3904,United States,54.3898,-113.2763,12192.0,237.92,207.56,False,2026-03-11 17:39:52
a965f4,N7041Q,United States,36.1445,-76.1608,213.36,48.15,251.95,False,2026-03-11 17:39:52
c06a7d,TSC300,Canada,33.4465,-80.9681,9761.22,227.33,192.15,False,2026-03-11 17:39:52
a57d05,N4528L,United States,33.0471,-81.9814,121.92,45.0,300.96,False,2026-03-11 17:39:52
a8d224,EDV5312,United States,32.3418,-83.9756,5791.2,206.36,158.81,False,2026-03-11 17:39:52
aa92ff,UAL876,United States,38.2216,-122.7746,5920.74,209.06,151.16,False,2026-03-11 17:39:52
a52da3,N4325R,United States,26.2882,-81.3426,678.18,53.15,184.44,False,2026-03-11 17:39:52
adf3e9,OZN969,United States,25.6415,-80.4826,182.88,37.68,85.3,False,2026-03-11 17:39:52
a0a7af,N141PC,United States,36.0213,-78.7793,792.48,100.31,116.17,False,2026-03-11 17:39:52
a87b8a,PDT6114,United States,31.8248,-86.8606,9273.54,199.44,234.34,False,2026-03-11 17:39:52
ad4395,DAL2864,United States,42.646,-80.6167,9753.6,199.28,272.52,False,2026-03-11 17:39:52
0d113a,AMX681,Mexico,41.4785,-79.143,11582.4,198.04,231.43,False,2026-03-11 17:39:52
ad4390,AAL849,United States,35.2347,-93.5844,10668.0,266.96,67.09,False,2026-03-11 17:39:52
a99b56,N718SA,United States,46.2108,-121.7173,7620.0,110.67,166.29,False,2026-03-11 17:39:52
a1173c,N17ED,United States,26.6282,-80.9562,6781.8,201.43,320.7,False,2026-03-11 17:39:52
c08497,ACA138,Canada,51.1287,-114.0092,1097.28,0.0,95.62,True,2026-03-11 17:39:52
a8d231,TYSON57,United States,34.9918,-89.9999,12192.0,187.31,210.72,False,2026-03-11 17:39:52
a965fb,N7041X,United States,33.265,-111.8132,335.28,19.7,49.24,False,2026-03-11 17:39:52
aa8bfa,ENY3812,United States,42.8017,-74.0685,9144.0,210.68,301.01,False,2026-03-11 17:39:52
0d1155,VOI3141,Mexico,32.5374,-116.9425,129.54,68.76,279.04,False,2026-03-11 17:39:52
a76298,N575SM,United States,33.5748,-117.0641,1386.84,117.81,269.5,False,2026-03-11 17:39:52
a35701,EDV5190,United States,40.7729,-73.8655,,0.19,137.81,True,2026-03-11 17:39:52
c06a80,TSC207,Canada,45.1123,-78.1803,10370.82,178.45,215.61,False,2026-03-11 17:39:52
ad4386,,United States,25.6439,-80.441,,3.6,188.44,True,2026-03-11 17:39:52
a7888c,ASA4,United States,45.2845,-107.4602,10668.0,276.41,104.99,False,2026-03-11 17:39:52
aa2b79,UAL683,United States,28.6532,-88.8336,7315.2,216.26,285.03,False,2026-03-11 17:39:52
a1f10d,N224ND,United States,37.8647,-120.679,1097.28,48.78,62.35,False,2026-03-11 17:39:52
a5225b,N43SF,United States,38.8235,-98.438,13716.0,305.99,80.71,False,2026-03-11 17:39:52
ae00db,BANZAI1,United States,34.1787,-88.3505,3390.9,144.66,217.2,False,2026-03-11 17:39:52
a582f9,SWA1379,United States,36.1969,-86.634,533.4,68.81,198.3,False,2026-03-11 17:39:52
a9aebc,ASA414,United States,43.9072,-115.5536,10058.4,290.0,120.84,False,2026-03-11 17:39:52
a9aeba,N723AJ,United States,40.6028,-112.0099,1554.48,53.05,357.22,False,2026-03-11 17:39:52
c06a39,ACA845,Canada,46.2219,-72.0345,7520.94,201.95,223.66,False,2026-03-11 17:39:52
a23782,N242AW,United States,39.7119,-91.0505,13716.0,187.79,262.6,False,2026-03-11 17:39:52
a1a1b6,RPA5761,United States,41.6037,-71.8395,5151.12,221.82,68.08,False,2026-03-11 17:39:52
c06a38,ACA301,Canada,49.9758,-120.7935,11582.4,207.61,252.55,False,2026-03-11 17:39:52
aa4587,ATN3203,United States,38.7792,-87.0299,9624.06,282.14,92.3,False,2026-03-11 17:39:52
a2110d,N232MM,United States,36.3195,-78.5907,609.6,61.23,232.17,False,2026-03-11 17:39:52
a14ae0,CXK142,United States,40.0963,-103.64,2148.84,33.17,336.22,False,2026-03-11 17:39:52
ae00f3,ROTTEN1,United States,34.6344,-98.7024,1021.08,194.49,262.71,False,2026-03-11 17:39:52
a82bbd,N6254J,United States,32.7794,-117.183,1158.24,53.13,136.57,False,2026-03-11 17:39:52
a90539,N680WP,United States,37.8961,-83.6405,13106.4,228.02,348.28,False,2026-03-11 17:39:52
ad4397,AVA028,United States,27.6658,-80.9157,4732.02,175.86,328.03,False,2026-03-11 17:39:52
a89545,QXE2344,United States,42.3715,-123.2464,10668.0,232.61,178.48,False,2026-03-11 17:39:52
a65598,SKW5004,United States,41.8134,-120.204,10363.2,185.29,341.72,False,2026-03-11 17:39:52
a83ef2,NKS2059,United States,30.9896,-78.8035,9753.6,233.76,196.36,False,2026-03-11 17:39:52
a83ef5,JIA5388,United States,38.9517,-77.9356,6271.26,180.73,272.45,False,2026-03-11 17:39:52
c021a4,CFMTF,Canada,51.4646,-114.2999,1996.44,54.37,34.59,False,2026-03-11 17:39:52
aa589c,JBU1039,United States,42.3681,-71.0178,,0.0,241.88,True,2026-03-11 17:39:52
a6b87a,SKW4783,United States,31.8137,-102.3468,1958.34,126.03,174.85,False,2026-03-11 17:39:52
ae00e3,COBRA35,United States,34.9541,-117.7416,3924.3,143.66,309.33,False,2026-03-11 17:39:52
a271b0,MXY203,United States,31.2051,-81.4305,10668.0,230.62,4.35,False,2026-03-11 17:39:52
a70be8,SFY208,United States,27.523,-80.3957,259.08,54.62,273.24,False,2026-03-11 17:39:52
ad3098,SWA3578,United States,32.3961,-108.9896,11887.2,243.82,103.42,False,2026-03-11 17:39:52
ac981a,EJA910,United States,39.1917,-92.2433,6705.6,184.81,288.33,False,2026-03-11 17:39:52
a1b4ab,ENY3728,United States,27.3513,-99.4801,10972.8,186.37,203.59,False,2026-03-11 17:39:52
aa4572,N761CA,United States,28.7801,-81.1742,373.38,46.84,91.89,False,2026-03-11 17:39:52
a02ae0,N11LM,United States,35.461,-95.1213,9448.8,203.44,37.91,False,2026-03-11 17:39:52
a031bd,AAL513,United States,33.1093,-81.1638,10668.0,244.48,31.32,False,2026-03-11 17:39:52
a33d33,WOLF21,United States,34.9004,-112.9159,6705.6,176.0,324.64,False,2026-03-11 17:39:52
ae00ff,ROTTEN2,United States,34.6339,-98.7428,1043.94,210.05,272.25,False,2026-03-11 17:39:52
a3573a,REH7,United States,39.0128,-121.8571,350.52,62.22,57.49,False,2026-03-11 17:39:52
a8de33,DAL406,United States,38.5403,-90.5367,10972.8,209.92,304.82,False,2026-03-11 17:39:52
c0712e,WJA1831,Canada,46.3766,-107.3745,11582.4,194.64,309.96,False,2026-03-11 17:39:52
a4771b,UPS2945,United States,37.8008,-87.1126,6614.16,254.58,98.83,False,2026-03-11 17:39:52
a07a58,N13RJ,United States,30.3906,-82.5244,2682.24,83.04,168.2,False,2026-03-11 17:39:52
c0845b,CGYDE,Canada,51.1939,-114.3138,1996.44,44.32,9.35,False,2026-03-11 17:39:52
ac48ac,SWA3107,United States,25.4239,-77.8644,11582.4,230.65,285.52,False,2026-03-11 17:39:52
a6ebee,EJA545,United States,31.0117,-86.9096,8199.12,180.73,257.51,False,2026-03-11 17:39:52
a5d2dd,N4744C,United States,33.9948,-112.1478,1638.3,100.36,178.24,False,2026-03-11 17:39:52
a284b5,SWA1417,United States,40.0113,-94.7432,11582.4,182.28,247.78,False,2026-03-11 17:39:52
a09472,N1364U,United States,29.8783,-97.8963,853.44,47.69,200.19,False,2026-03-11 17:39:52
a75b65,AAL3082,United States,30.6877,-95.6437,9448.8,239.18,122.53,False,2026-03-11 17:39:52
ac2eaa,N884WE,United States,41.6929,-70.5606,3467.1,167.4,272.82,False,2026-03-11 17:39:52
ac48d3,SWA2782,United States,39.8691,-104.6622,,7.46,0.0,True,2026-03-11 17:39:52
a3572f,N314RL,United States,41.234,-111.7824,3101.34,73.7,330.75,False,2026-03-11 17:39:52
0d0a21,VOI1883,Mexico,33.4367,-111.9923,,0.0,180.0,True,2026-03-11 17:39:52
a0ca2d,N15ZZ,United States,38.2882,-102.1334,13106.4,164.46,258.27,False,2026-03-11 17:39:52
a3572c,AAL1327,United States,31.9332,-78.4913,10972.8,242.11,195.28,False,2026-03-11 17:39:52
c08452,PAG639,Canada,51.6395,-96.3772,7315.2,116.74,202.27,False,2026-03-11 17:39:52
a3572d,N314RJ,United States,29.003,-81.8771,701.04,86.55,288.0,False,2026-03-11 17:39:52
a7c54b,N60EA,United States,27.8603,-80.5592,1767.84,55.24,237.94,False,2026-03-11 17:39:52
abf09e,DAL2325,United States,34.2584,-83.662,4610.1,178.34,220.91,False,2026-03-11 17:39:52
a19a48,RPA5793,United States,37.6934,-78.4583,9753.6,221.52,216.98,False,2026-03-11 17:39:52
a0a7ff,SGX141,United States,29.2285,-79.0991,9753.6,242.82,189.14,False,2026-03-11 17:39:52
a77588,N58WE,United States,39.7232,-74.5566,8892.54,189.9,225.66,False,2026-03-11 17:39:52
a8de45,N6701T,United States,33.4936,-83.1953,1645.92,56.0,156.73,False,2026-03-11 17:39:52
aa9eef,SKW5657,United States,45.3948,-121.8944,10614.66,224.63,170.77,False,2026-03-11 17:39:52
a845f4,JBU2929,United States,34.5646,-78.3738,8001.0,244.47,135.68,False,2026-03-11 17:39:52
a19a2e,CHP21,United States,38.7247,-121.2747,1173.48,59.15,74.88,False,2026-03-11 17:39:52
a11f9d,UAL2381,United States,41.284,-103.2145,10668.0,245.15,47.98,False,2026-03-11 17:39:52
a4996b,DAL1511,United States,30.1358,-78.5609,10675.62,219.82,7.13,False,2026-03-11 17:39:52
a36661,AAL688,United States,35.8634,-76.6576,10972.8,228.38,204.49,False,2026-03-11 17:39:52
a3c975,SKQ65,United States,35.3801,-81.769,6400.8,166.36,69.55,False,2026-03-11 17:39:52
a0f355,SKW4809,United States,39.9072,-93.5456,10363.2,175.5,236.36,False,2026-03-11 17:39:52
ab2731,N818BD,United States,36.5414,-121.206,12115.8,227.44,133.44,False,2026-03-11 17:39:52
ab2738,N818BL,United States,32.7068,-96.8911,381.0,58.28,184.05,False,2026-03-11 17:39:52
ac2d09,DAL1901,United States,25.9203,-102.1365,11582.4,214.08,209.83,False,2026-03-11 17:39:52
a72f22,JBU1741,United States,36.8886,-76.1935,10363.2,232.1,208.89,False,2026-03-11 17:39:52
a59f53,SWA1063,United States,39.8644,-104.676,,5.4,241.88,True,2026-03-11 17:39:52
a6d9c3,AAL2763,United States,39.3065,-76.0424,10668.0,241.5,49.32,False,2026-03-11 17:39:52
a4995f,DAL372,United States,47.8748,-121.5128,4008.12,169.44,275.23,False,2026-03-11 17:39:52
c058ae,ROU1674,Canada,43.8077,-79.5179,1249.68,148.69,55.43,False,2026-03-11 17:39:52
ab0d25,N811AT,United States,32.6536,-97.0917,205.74,45.7,348.31,False,2026-03-11 17:39:52
ac4717,UAL2465,United States,37.5966,-83.5892,11910.06,244.91,151.66,False,2026-03-11 17:39:52
ac4716,OUA27,United States,35.0072,-97.2661,1333.5,43.12,72.65,False,2026-03-11 17:39:52
a88a9c,N65CJ,United States,25.3916,-98.7856,3261.36,65.93,212.57,False,2026-03-11 17:39:52
a35336,AAY2821,United States,29.112,-81.43,3276.6,181.86,353.18,False,2026-03-11 17:39:52
ab87bb,ERU842,United States,29.3659,-81.2506,693.42,54.49,97.59,False,2026-03-11 17:39:52
acd296,AAL3292,United States,32.1793,-104.1832,8526.78,219.12,263.26,False,2026-03-11 17:39:52
a58c29,AAL2930,United States,38.1667,-100.8888,8846.82,263.52,91.79,False,2026-03-11 17:39:52
a47303,EJA386,United States,32.8228,-103.5647,13106.4,201.89,339.26,False,2026-03-11 17:39:52
a58c32,AWI7767,United States,34.9732,-84.9323,10363.2,196.91,235.65,False,2026-03-11 17:39:52
a1cffd,MXY828,United States,37.0302,-86.7188,11887.2,263.09,105.42,False,2026-03-11 17:39:52
a36659,UPS2987,United States,42.4462,-91.3879,8229.6,259.49,107.9,False,2026-03-11 17:39:52
a8b914,N661MS,United States,29.4862,-92.7533,11597.64,218.57,282.37,False,2026-03-11 17:39:52
ab0d37,N811BL,United States,28.298,-81.7572,838.2,53.41,324.01,False,2026-03-11 17:39:52
a73600,N564CH,United States,38.018,-81.7224,7315.2,204.36,323.91,False,2026-03-11 17:39:52
a3fcd6,AAL2445,United States,33.4198,-85.9151,11277.6,269.17,83.64,False,2026-03-11 17:39:52
a2f6c4,BPX290,United States,29.4945,-81.3998,975.36,57.22,326.74,False,2026-03-11 17:39:52
a0b6ea,SKW5823,United States,41.9716,-87.915,,2.06,270.0,True,2026-03-11 17:39:52
ab0d2e,QHD811,United States,37.5842,-87.5482,9448.8,228.99,62.0,False,2026-03-11 17:39:52
0d0e58,XAGVT,Mexico,31.9356,-107.2918,7620.0,102.01,281.93,False,2026-03-11 17:39:52
a3795a,JBU1499,United States,40.6023,-72.7224,9669.78,221.45,230.47,False,2026-03-11 17:39:52
a449e5,DAL2507,United States,26.2577,-81.8319,7399.02,229.06,113.28,False,2026-03-11 17:39:52
c07b05,ACA1113,Canada,52.2001,-106.902,1196.34,94.56,100.03,False,2026-03-11 17:39:52
ad4d12,AAL757,United States,34.9132,-102.0579,9136.38,211.22,301.25,False,2026-03-11 17:39:52
a2f6aa,N290ND,United States,28.9973,-81.9687,1318.26,68.85,299.05,False,2026-03-11 17:39:52
a2463c,N2459Y,United States,42.0426,-71.2382,731.52,71.77,48.2,False,2026-03-11 17:39:52
a2463a,N2459W,United States,33.3983,-111.5484,822.96,62.63,335.75,False,2026-03-11 17:39:52
ac2d32,FDX6014,United States,39.8134,-86.1597,975.36,92.76,224.78,False,2026-03-11 17:39:52
a8da83,N67MS,United States,28.0317,-82.251,830.58,54.21,355.1,False,2026-03-11 17:39:52
ac340a,SWA892,United States,39.2124,-76.9293,2499.36,134.38,283.5,False,2026-03-11 17:39:52
ab0104,EJA808,United States,37.2511,-93.0783,13106.4,215.61,283.8,False,2026-03-11 17:39:52
a3661f,AAL1686,United States,33.5316,-117.319,5402.58,211.9,111.21,False,2026-03-11 17:39:52
aaa4b3,SKW5530,United States,38.1591,-84.8721,10980.42,191.71,264.61,False,2026-03-11 17:39:52
a23333,N2406K,United States,38.5247,-122.82,30.48,38.95,102.2,False,2026-03-11 17:39:52
0d0e5e,VIV2263,Mexico,29.5547,-108.3696,10668.0,242.66,111.12,False,2026-03-11 17:39:52
a186fb,N198ME,United States,38.4344,-121.789,403.86,38.6,1.53,False,2026-03-11 17:39:52
a5dc0c,CBC477,United States,47.1004,-121.5725,2971.8,101.16,304.01,False,2026-03-11 17:39:52
a36636,AAL2677,United States,33.7424,-100.4013,9144.0,219.06,299.39,False,2026-03-11 17:39:52
c02067,MAL7090,Canada,45.8161,-83.1868,11582.4,199.52,307.67,False,2026-03-11 17:39:52
ad5418,N958TR,United States,38.676,-120.6966,762.0,15.13,17.82,False,2026-03-11 17:39:52
adb723,JBU1216,United States,38.8004,-106.3677,10066.02,279.41,88.73,False,2026-03-11 17:39:52
a3536d,N313R,United States,34.0848,-117.5419,1882.14,73.52,219.04,False,2026-03-11 17:39:52
a6b48f,JIA5433,United States,41.444,-73.7808,8534.4,216.76,182.31,False,2026-03-11 17:39:52
a410b3,ASA807,United States,35.7503,-115.2704,3848.1,175.66,214.62,False,2026-03-11 17:39:52
abaaa8,SWA173,United States,44.6334,-117.2424,11582.4,182.86,312.04,False,2026-03-11 17:39:52
a2d0b9,OXF5345,United States,32.9575,-111.403,678.18,40.97,7.21,False,2026-03-11 17:39:52
a35365,EJA313,United States,43.1023,-88.2447,2331.72,150.44,113.58,False,2026-03-11 17:39:52
a04e00,DAL2610,United States,44.8188,-93.3501,2735.58,138.52,121.33,False,2026-03-11 17:39:52
a3c940,VJA343,United States,44.8212,-89.1162,13106.4,209.5,283.49,False,2026-03-11 17:39:52
0d0e01,VOI3001,Mexico,28.505,-111.1152,10972.8,225.77,317.59,False,2026-03-11 17:39:52
c0204b,CFC0536,Canada,44.8786,-100.2719,4198.62,109.79,349.74,False,2026-03-11 17:39:52
ab0d76,DAL809,United States,36.6064,-103.7544,9753.6,213.5,258.04,False,2026-03-11 17:39:52
c0337d,MAL8067,Canada,52.0441,-107.7434,3497.58,146.8,69.91,False,2026-03-11 17:39:52
a2d0b2,OXF5246,United States,33.0757,-111.4213,1668.78,39.31,353.99,False,2026-03-11 17:39:52
ab5ad4,PFA337,United States,27.6512,-80.5029,838.2,54.77,241.99,False,2026-03-11 17:39:52
aaf446,N80484,United States,39.3632,-77.0759,769.62,60.89,13.68,False,2026-03-11 17:39:52
a4732c,SLH386,United States,33.8965,-111.7137,5036.82,145.38,41.7,False,2026-03-11 17:39:52
a423d7,DAL1308,United States,38.5205,-90.0711,10652.76,231.4,130.31,False,2026-03-11 17:39:52
a961b5,N703WP,United States,33.9049,-118.1624,0.0,35.23,298.81,False,2026-03-11 17:39:52
a66fa9,BPX204,United States,29.3546,-81.2536,525.78,52.23,27.57,False,2026-03-11 17:39:52
a96def,N7065R,United States,33.0488,-111.8513,1257.3,38.58,196.26,False,2026-03-11 17:39:52
ac210e,SWA9002,United States,27.961,-97.5553,647.7,129.72,240.28,False,2026-03-11 17:39:52
a1b0c2,N208LN,United States,31.3145,-86.4049,2529.84,81.48,13.51,False,2026-03-11 17:39:52
a1bcfd,N2108L,United States,33.6512,-83.5478,1310.64,41.37,280.75,False,2026-03-11 17:39:52
a88a96,N65CC,United States,38.9545,-77.4384,,5.66,2.81,True,2026-03-11 17:39:52
abc4be,SWA2111,United States,32.5008,-96.2602,3048.0,142.97,236.6,False,2026-03-11 17:39:52
a34c68,ENY3544,United States,42.4169,-93.0143,10058.4,272.34,81.09,False,2026-03-11 17:39:52
a3534a,EDV5273,United States,39.2953,-75.5915,6964.68,208.19,48.91,False,2026-03-11 17:39:52
ad675d,DAL3116,United States,33.8377,-84.5643,2827.02,167.75,29.79,False,2026-03-11 17:39:52
ac7aaa,KEN1710,United States,47.5402,-122.3084,,2.31,323.44,True,2026-03-11 17:39:52
a423c4,DAL2800,United States,39.5442,-108.7246,10058.4,284.5,129.13,False,2026-03-11 17:39:52
a689bd,N520JG,United States,40.3498,-79.7446,822.96,80.29,271.84,False,2026-03-11 17:39:52
ac1a44,SWA1305,United States,41.0665,-79.6671,9357.36,244.77,11.64,False,2026-03-11 17:39:52
a303d8,N2936Q,United States,33.4343,-97.0401,1424.94,41.97,348.69,False,2026-03-11 17:39:52
a2dce1,ASA502,United States,43.975,-116.2345,10058.4,284.75,128.03,False,2026-03-11 17:39:52
a90d85,N68236,United States,46.0069,-123.0507,2987.04,96.99,352.69,False,2026-03-11 17:39:52
a34c57,AAL2590,United States,38.0807,-102.4174,11277.6,259.03,75.74,False,2026-03-11 17:39:52
ad04d0,EJA938,United States,35.2243,-118.6691,9441.18,206.32,359.0,False,2026-03-11 17:39:52
c02070,CFMHJ,Canada,44.1538,-84.0614,7117.08,109.64,278.09,False,2026-03-11 17:39:52
a9bddb,N727DC,United States,29.0259,-82.2651,556.26,57.11,7.77,False,2026-03-11 17:39:52
ab013c,SCX573,United States,27.9614,-89.5907,11277.6,230.31,159.74,False,2026-03-11 17:39:52
ac7aba,ASI414,United States,33.7026,-112.1611,670.56,46.37,199.44,False,2026-03-11 17:39:52
a34017,N3085F,United States,33.4503,-90.5315,2415.54,68.19,264.81,False,2026-03-11 17:39:52
800582,AIC187,India,44.5611,-78.7422,8465.82,182.34,215.93,False,2026-03-11 17:39:52
abc4d8,SWA2294,United States,27.8763,-82.6462,1965.96,148.11,316.55,False,2026-03-11 17:39:52
aa3b94,N759BC,United States,41.719,-72.6379,182.88,38.24,275.4,False,2026-03-11 17:39:52
a6acf7,N52916,United States,42.468,-71.7606,937.26,44.29,210.74,False,2026-03-11 17:39:52
a005b3,N100LE,United States,41.7797,-111.8509,,3.09,115.31,True,2026-03-11 17:39:52
a11eb7,AAL1214,United States,32.9136,-97.0319,,2.31,0.0,True,2026-03-11 17:39:52
a05521,EJA120,United States,34.3307,-77.5819,13716.0,247.92,10.4,False,2026-03-11 17:39:52
a7101e,AAL3216,United States,34.2359,-102.005,10363.2,214.41,290.65,False,2026-03-11 17:39:52
a2d0fb,OXF5744,United States,33.4573,-111.7357,350.52,36.56,50.71,False,2026-03-11 17:39:52
adc8ee,DAL1637,United States,37.7664,-97.1975,2339.34,148.43,69.93,False,2026-03-11 17:39:52
ad52c2,DAL1151,United States,39.2491,-86.2596,10972.8,218.15,334.58,False,2026-03-11 17:39:52
a0b823,UAL405,United States,37.4694,-109.3392,10972.8,206.48,235.56,False,2026-03-11 17:39:52
adfe47,PAT260,United States,37.1019,-77.791,7315.2,150.63,43.89,False,2026-03-11 17:39:52
a0b821,UAL543,United States,42.1409,-89.6445,8206.74,193.09,267.56,False,2026-03-11 17:39:52
a0b820,UAL1941,United States,41.7275,-97.2608,10058.4,265.34,67.06,False,2026-03-11 17:39:52
a73690,JBU564,United States,26.6099,-81.1596,9517.38,200.67,297.81,False,2026-03-11 17:39:52
a89ccc,NKS1641,United States,34.8652,-116.8221,7741.92,239.09,54.63,False,2026-03-11 17:39:52
a6f00d,AAL1094,United States,26.4904,-81.8255,297.18,82.95,54.34,False,2026-03-11 17:39:52
c04671,ROU1864,Canada,30.4001,-77.7491,10972.8,253.32,177.67,False,2026-03-11 17:39:52
a59398,AAL2214,United States,36.9147,-96.6648,9745.98,211.29,259.62,False,2026-03-11 17:39:52
a77cdc,N5816U,United States,36.3581,-115.3229,1005.84,62.42,156.18,False,2026-03-11 17:39:52
accb22,AAL1633,United States,32.7329,-117.1915,,2.57,104.06,True,2026-03-11 17:39:52
aaa593,UAL640,United States,43.6659,-113.6592,11277.6,272.61,136.91,False,2026-03-11 17:39:52
a005c8,TCN100,United States,39.389,-101.653,12489.18,302.17,93.9,False,2026-03-11 17:39:52
abb245,SWA3676,United States,27.9776,-83.818,11132.82,212.41,266.25,False,2026-03-11 17:39:52
c080a6,WJA2604,Canada,28.7726,-98.923,9753.6,239.54,157.12,False,2026-03-11 17:39:52
a8431a,SKW5814,United States,35.9562,-102.2923,9753.6,202.32,303.49,False,2026-03-11 17:39:52
ae1e55,KNIFE91,United States,34.2037,-98.026,3749.04,132.43,59.15,False,2026-03-11 17:39:52
a3539d,SKW3778,United States,44.3415,-93.2098,3368.04,153.53,3.07,False,2026-03-11 17:39:52
a258b7,ENY4225,United States,32.8114,-93.3828,10363.2,215.22,294.73,False,2026-03-11 17:39:52
c080a4,WJA1160,Canada,33.695,-111.9783,2628.9,156.83,161.45,False,2026-03-11 17:39:52
aaa58b,UAL2257,United States,34.9046,-106.855,10972.8,239.61,192.9,False,2026-03-11 17:39:52
c080a5,WJA1590,Canada,42.685,-98.3379,10668.0,264.32,126.69,False,2026-03-11 17:39:52
ad0562,SWA2510,United States,43.5703,-118.9033,12192.0,178.6,293.24,False,2026-03-11 17:39:52
a7f9fb,ATN3490,United States,33.3328,-118.457,4297.68,176.39,65.9,False,2026-03-11 17:39:52
a6acdd,N5291E,United States,32.8719,-116.8626,975.36,51.37,82.52,False,2026-03-11 17:39:52
adc8e6,N988AK,United States,33.5006,-99.0602,7315.2,222.7,310.13,False,2026-03-11 17:39:52
a9bf4b,DAL721,United States,37.4035,-94.2207,11231.88,258.41,100.44,False,2026-03-11 17:39:52
a8697f,FFT4315,United States,36.2967,-93.1928,9745.98,203.85,267.98,False,2026-03-11 17:39:52
a9b310,N724GT,United States,31.9125,-92.3899,13106.4,237.32,103.8,False,2026-03-11 17:39:52
a18840,RVJ19,United States,29.3505,-81.9649,10668.0,239.69,170.11,False,2026-03-11 17:39:52
ae1e50,BALL42,United States,37.3842,-97.5075,1173.48,118.32,200.09,False,2026-03-11 17:39:52
a0e086,AAL3164,United States,25.4557,-79.3884,5692.14,211.27,115.07,False,2026-03-11 17:39:52
c03372,MAL8059,Canada,50.8873,-108.3716,7620.0,161.38,97.51,False,2026-03-11 17:39:52
acd22c,N925QS,United States,27.7308,-84.3566,13106.4,194.42,280.98,False,2026-03-11 17:39:52
a95c20,JJ02,United States,30.5401,-88.2527,861.06,63.77,72.15,False,2026-03-11 17:39:52
ae1e6a,RNGR824,United States,27.1895,-98.1376,236.22,68.76,134.09,False,2026-03-11 17:39:52
ac8266,N905GS,United States,41.0991,-95.8025,1143.0,120.73,60.38,False,2026-03-11 17:39:52
a4b065,AAL621,United States,28.357,-87.9469,10668.0,263.39,107.97,False,2026-03-11 17:39:52
adaeed,DAL1686,United States,40.2537,-85.6231,10050.78,215.04,325.63,False,2026-03-11 17:39:52
a5939c,ASA537,United States,47.9935,-96.6352,10363.2,210.39,264.39,False,2026-03-11 17:39:52
ae1e88,SPADE62,United States,28.9287,-100.3533,4267.2,121.14,304.09,False,2026-03-11 17:39:52
a9bf27,SKW6433,United States,35.2359,-103.3391,10187.94,259.08,105.2,False,2026-03-11 17:39:52
a530ff,N43325,United States,41.9231,-71.4955,304.8,46.07,336.3,False,2026-03-11 17:39:52
abc56d,N858DT,United States,42.0302,-111.8335,2446.02,54.57,182.16,False,2026-03-11 17:39:52
ac32f2,SWA384,United States,36.0764,-115.1423,548.64,85.4,270.35,False,2026-03-11 17:39:52
ab5b8c,SWA1171,United States,37.4757,-90.1317,10447.02,262.48,88.32,False,2026-03-11 17:39:52
adfe4c,PAT866,United States,36.9879,-92.1081,8229.6,171.75,77.55,False,2026-03-11 17:39:52
a2d0d9,OXF5643,United States,33.0419,-111.2894,998.22,53.98,97.67,False,2026-03-11 17:39:52
c080ae,WJA502,Canada,53.2159,-113.8072,2506.98,147.5,101.47,False,2026-03-11 17:39:52
adfe4b,PAT597,United States,47.5948,-117.8887,2316.48,126.62,46.32,False,2026-03-11 17:39:52
aa3ae4,UAL1849,United States,39.4049,-112.6079,10058.4,274.12,78.42,False,2026-03-11 17:39:52
c080ac,WJA482,Canada,49.9087,-97.2319,,7.72,84.38,True,2026-03-11 17:39:52
adaef7,N981BC,United States,43.6153,-116.6385,1379.22,43.9,280.12,False,2026-03-11 17:39:52
ab627c,SWA3049,United States,37.2623,-99.3478,9753.6,204.81,246.46,False,2026-03-11 17:39:52
a6fc5f,N54947,United States,38.7439,-76.9373,312.42,43.66,45.95,False,2026-03-11 17:39:52
aa3ae2,UAL1721,United States,37.2991,-123.951,7787.64,221.73,251.61,False,2026-03-11 17:39:52
a7d3d3,EJA603,United States,36.1212,-86.6737,,0.0,227.81,True,2026-03-11 17:39:52
ad52d3,ERU958,United States,29.1554,-81.0719,236.22,48.84,113.59,False,2026-03-11 17:39:52
c0468e,ASP510,Canada,45.655,-82.1451,13716.0,219.68,126.33,False,2026-03-11 17:39:52
a89cdf,N654PD,United States,42.4949,-92.5433,13106.4,253.41,56.76,False,2026-03-11 17:39:52
a9ac07,N722LU,United States,36.2983,-79.3912,1661.16,69.12,8.13,False,2026-03-11 17:39:52
a2d0d5,OXF5542,United States,33.4026,-111.7365,975.36,49.41,211.37,False,2026-03-11 17:39:52
a138b8,AAL1071,United States,37.1979,-91.1805,7002.78,241.93,69.33,False,2026-03-11 17:39:52
ae1e75,SH023,United States,31.1636,-86.9641,4373.88,84.98,229.17,False,2026-03-11 17:39:52
a6f01c,VOS4326,United States,39.1509,-77.409,617.22,110.17,256.22,False,2026-03-11 17:39:52
ae1e71,TEXN019,United States,30.5683,-89.6724,1173.48,79.7,258.84,False,2026-03-11 17:39:52
a6bfe8,GJS4545,United States,38.9471,-84.9381,10980.42,225.56,339.99,False,2026-03-11 17:39:52
a5ef5a,N4815C,United States,27.7575,-82.6462,60.96,36.13,70.02,False,2026-03-11 17:39:52
a819f7,WCP323,United States,29.0608,-82.2149,2072.64,45.42,166.91,False,2026-03-11 17:39:52
ac7b8a,AAL1346,United States,33.3287,-80.4697,9959.34,257.27,128.02,False,2026-03-11 17:39:52
a365a8,PFT318,United States,34.885,-116.6047,11346.18,211.65,48.05,False,2026-03-11 17:39:52
acd262,VTE3011,United States,41.3237,-90.1362,6385.56,179.17,234.35,False,2026-03-11 17:39:52
a7f9e3,CXK638,United States,33.1369,-116.7654,2499.36,61.87,266.19,False,2026-03-11 17:39:52
ab628c,SWA879,United States,36.0406,-120.9923,9204.96,211.03,322.63,False,2026-03-11 17:39:52
adfe91,PAT685,United States,34.1081,-118.1181,6096.0,129.67,354.76,False,2026-03-11 17:39:52
a0b867,UAL2476,United States,34.7597,-114.4768,10668.0,243.05,55.0,False,2026-03-11 17:39:52
a0b866,UAL664,United States,41.4443,-88.88,4419.6,221.15,62.12,False,2026-03-11 17:39:52
a245b7,UAL321,United States,38.0505,-102.699,10363.2,207.77,244.32,False,2026-03-11 17:39:52
a96f2b,OME77,United States,34.2262,-76.0294,6057.9,198.58,52.68,False,2026-03-11 17:39:52
a03b56,N114CW,United States,28.7765,-98.8986,1135.38,101.44,284.39,False,2026-03-11 17:39:52
a819f5,N621AA,United States,33.5158,-97.107,906.78,52.97,11.2,False,2026-03-11 17:39:52
a35ec2,SKW3953,United States,46.3231,-122.544,5486.4,179.06,358.85,False,2026-03-11 17:39:52
a819f4,N621A,United States,33.2618,-111.7732,655.32,64.9,187.74,False,2026-03-11 17:39:52
a819e6,N6209X,United States,43.178,-89.3214,822.96,72.57,88.38,False,2026-03-11 17:39:52
a96f42,N707HD,United States,37.7301,-122.2122,,0.0,306.56,True,2026-03-11 17:39:52
0d0cda,XBRJF,Mexico,34.6904,-117.6224,5875.02,185.35,259.28,False,2026-03-11 17:39:52
ae1e7f,SH033,United States,30.8125,-86.982,1234.44,123.1,7.93,False,2026-03-11 17:39:52
a125e3,N173SA,United States,30.898,-88.0117,68.58,40.07,228.12,False,2026-03-11 17:39:52
a3b68b,N33847,United States,42.7181,-71.7566,1325.88,24.11,191.07,False,2026-03-11 17:39:52
a4380f,FFT1556,United States,35.4513,-80.9495,1188.72,81.02,197.74,False,2026-03-11 17:39:52
a97630,ASI973,United States,30.6873,-97.232,1478.28,50.54,14.74,False,2026-03-11 17:39:52
a84f38,N6342B,United States,44.3035,-96.8073,,2.31,300.94,True,2026-03-11 17:39:52
a35eb0,AAL3245,United States,33.9375,-118.3812,11948.16,79.31,262.92,False,2026-03-11 17:39:52
a03b25,AIP320,United States,35.0938,-86.53,6126.48,111.42,194.16,False,2026-03-11 17:39:52
a43815,LXJ371,United States,43.9122,-108.7943,11224.26,154.16,266.17,False,2026-03-11 17:39:52
c03330,JZA764,Canada,48.3189,-122.7136,6675.12,208.78,162.95,False,2026-03-11 17:39:52
a258be,AAY659,United States,46.1597,-98.0085,6256.02,218.73,46.81,False,2026-03-11 17:39:52
a6b3aa,N5306U,United States,37.2226,-121.644,1249.68,51.8,145.52,False,2026-03-11 17:39:52
a530c8,N4331K,United States,38.1857,-76.6583,1066.8,64.97,10.95,False,2026-03-11 17:39:52
a72f88,N562ND,United States,40.4426,-104.6315,1386.84,26.28,356.63,False,2026-03-11 17:39:52
a0b845,UAL2018,United States,35.8084,-109.6271,10058.4,238.41,52.36,False,2026-03-11 17:39:52
c03f85,WJA2304,Canada,42.5306,-106.1529,10058.4,261.67,170.72,False,2026-03-11 17:39:52
a0a514,N1400M,United States,29.9695,-82.2617,5082.54,158.29,27.06,False,2026-03-11 17:39:52
a0b844,UAL1933,United States,39.7272,-103.9175,10370.82,196.34,241.69,False,2026-03-11 17:39:52
aa67f1,N77NY,United States,40.6848,-74.0687,457.2,66.36,97.13,False,2026-03-11 17:39:52
a0feb4,FFL696,United States,25.0351,-81.145,2560.32,85.62,339.61,False,2026-03-11 17:39:52
a97608,ASA725,United States,39.8184,-123.0561,10668.0,242.2,171.82,False,2026-03-11 17:39:52
acd27a,N925TV,United States,34.0514,-118.2198,266.7,17.03,334.98,False,2026-03-11 17:39:52
a0b849,UAL1834,United States,41.9704,-87.9155,,5.14,95.62,True,2026-03-11 17:39:52
a0b848,UAL2488,United States,42.1293,-89.9976,7917.18,206.5,267.43,False,2026-03-11 17:39:52
a5d000,N474AK,United States,38.963,-104.8202,1905.0,31.82,14.04,False,2026-03-11 17:39:52
a7e6c7,UPS2915,United States,38.2922,-93.681,11887.2,289.22,88.47,False,2026-03-11 17:39:52
a0420e,VTE3934,United States,40.5196,-78.3688,1508.76,151.3,29.09,False,2026-03-11 17:39:52
a86971,N641FB,United States,27.0093,-81.814,998.22,40.77,150.52,False,2026-03-11 17:39:52
aa8a09,UAL1946,United States,36.9564,-113.4432,10058.4,259.7,53.54,False,2026-03-11 17:39:52
ad9b94,SKW5831,United States,40.7875,-98.1135,5654.04,229.54,82.14,False,2026-03-11 17:39:52
a9fa9e,ENY3406,United States,28.073,-99.2549,10058.4,237.57,15.96,False,2026-03-11 17:39:52
aa4dd2,N763MT,United States,33.6615,-98.7682,13106.4,233.61,299.56,False,2026-03-11 17:39:52
a31819,CXK1093,United States,35.4825,-77.9969,640.08,51.08,333.69,False,2026-03-11 17:39:52
ae1e9c,HOOK21,United States,35.3686,-97.3258,754.38,51.35,312.16,False,2026-03-11 17:39:52
ab2729,AAL3032,United States,37.092,-106.0304,10363.2,190.58,321.03,False,2026-03-11 17:39:52
a05559,SKW5267,United States,38.4342,-99.2577,8839.2,265.04,117.01,False,2026-03-11 17:39:52
a74992,JIA5026,United States,38.3584,-77.1982,3398.52,145.66,16.83,False,2026-03-11 17:39:52
a0a522,UAL219,United States,40.7681,-100.9485,10972.8,213.28,251.87,False,2026-03-11 17:39:52
a1be10,RPA5647,United States,42.3827,-70.857,944.88,129.29,77.12,False,2026-03-11 17:39:52
a6acbd,NGF1233,United States,42.563,-71.2937,1120.14,48.38,324.96,False,2026-03-11 17:39:52
ab271b,N818AG,United States,42.7576,-73.2062,1516.38,89.33,302.77,False,2026-03-11 17:39:52
aa0759,RPA3446,United States,40.234,-82.8401,9144.0,202.11,273.79,False,2026-03-11 17:39:52
ab0d15,AAL3169,United States,31.903,-107.5018,12192.0,232.71,274.44,False,2026-03-11 17:39:52
a73665,GJS4568,United States,41.3648,-81.7669,10668.0,248.09,98.47,False,2026-03-11 17:39:52
a3f0df,N353KM,United States,36.303,-119.9195,5212.08,126.31,26.88,False,2026-03-11 17:39:52
a67846,FRG279,United States,33.7548,-92.5317,9144.0,180.78,329.57,False,2026-03-11 17:39:52
a6c826,EJA536,United States,42.3743,-71.0217,,0.0,309.38,True,2026-03-11 17:39:52
ab38bd,ERU822,United States,28.8999,-80.8088,723.9,51.97,58.36,False,2026-03-11 17:39:52
a748c2,N569EE,United States,33.2025,-89.3774,13716.0,196.83,300.99,False,2026-03-11 17:39:52
a6782d,ERU16,United States,34.5628,-112.301,1897.38,41.15,312.47,False,2026-03-11 17:39:52
a6ae15,N53AA,United States,41.1675,-73.2757,784.86,39.83,234.46,False,2026-03-11 17:39:52
a39b39,AAL2294,United States,33.7104,-111.2043,7071.36,220.35,66.91,False,2026-03-11 17:39:52
a53207,AAL2481,United States,33.9378,-118.3783,-22.86,67.96,262.61,False,2026-03-11 17:39:52
a2d218,TWY281,United States,37.768,-121.763,4579.62,124.9,13.58,False,2026-03-11 17:39:52
aa6842,N77SD,United States,35.8431,-84.7101,7010.4,124.37,175.49,False,2026-03-11 17:39:52
a83091,N627DH,United States,41.0782,-73.7155,190.5,54.44,149.31,False,2026-03-11 17:39:52
c04604,,Canada,53.4155,-125.9721,10363.2,207.6,329.3,False,2026-03-11 17:39:52
a1d884,N218PE,United States,36.8108,-76.5805,7924.8,125.58,218.51,False,2026-03-11 17:39:52
a1be72,ENY4165,United States,33.8891,-110.6467,8229.6,236.94,69.01,False,2026-03-11 17:39:52
a1d87a,AAY1240,United States,32.0747,-81.117,10668.0,245.43,33.02,False,2026-03-11 17:39:52
a28e6c,LXJ264,United States,40.8562,-78.1529,12504.42,193.67,276.56,False,2026-03-11 17:39:52
c03f02,WJA2240,Canada,51.1316,-113.9949,1097.28,6.69,109.69,True,2026-03-11 17:39:52
a34bac,DOJ184,United States,33.8168,-118.1573,,0.06,180.0,True,2026-03-11 17:39:52
a1be79,AAY424,United States,37.0304,-95.4508,8526.78,215.5,260.38,False,2026-03-11 17:39:52
ab38e3,GLF72,United States,37.411,-85.7943,14325.6,265.01,13.93,False,2026-03-11 17:39:52
a890fe,FFT1596,United States,37.9707,-87.1862,10652.76,210.31,167.43,False,2026-03-11 17:39:52
ab25b6,N8170A,United States,25.8397,-78.8994,2674.62,81.95,128.88,False,2026-03-11 17:39:52
a83082,N627CT,United States,29.8317,-97.6733,342.9,35.21,11.8,False,2026-03-11 17:39:52
a35ef7,N316VA,United States,42.8662,-85.5669,990.6,96.92,232.77,False,2026-03-11 17:39:52
a60ee1,N49MQ,United States,40.8714,-74.304,388.62,58.67,26.57,False,2026-03-11 17:39:52
a41e2c,UAL1909,United States,40.3568,-78.9715,10363.2,203.75,271.01,False,2026-03-11 17:39:52
a1d873,ENY3785,United States,43.0854,-94.18,9144.0,196.59,285.64,False,2026-03-11 17:39:52
a0a54a,UAL945,United States,42.5584,-86.9572,3749.04,158.04,227.64,False,2026-03-11 17:39:52
c03f37,WJA1102,Canada,41.1979,-120.2745,11887.2,237.19,172.4,False,2026-03-11 17:39:52
a29551,ASA227,United States,45.8577,-75.7502,9753.6,204.08,314.49,False,2026-03-11 17:39:52
abc504,SWA2809,United States,41.4203,-97.5874,9144.0,180.0,265.9,False,2026-03-11 17:39:52
a0b889,UAL1856,United States,42.1374,-85.3188,9136.38,267.56,91.1,False,2026-03-11 17:39:52
a79852,N589LA,United States,39.8903,-74.8039,297.18,57.29,355.36,False,2026-03-11 17:39:52
a125f9,SKW3483,United States,45.1311,-122.7552,6804.66,176.5,213.23,False,2026-03-11 17:39:52
a9a037,N71924,United States,40.5708,-73.8522,121.92,68.88,68.99,False,2026-03-11 17:39:52
a23edc,N244AA,United States,28.7645,-81.1834,259.08,44.76,180.0,False,2026-03-11 17:39:52
aa18b2,N75LH,United States,33.5983,-80.0956,12496.8,243.41,26.89,False,2026-03-11 17:39:52
ab885c,N842MB,United States,32.9894,-96.7454,914.4,102.43,149.18,False,2026-03-11 17:39:52
a8e0de,EJA671,United States,43.0913,-88.2647,10363.2,197.3,329.96,False,2026-03-11 17:39:52
ac8e2a,N908PA,United States,40.1558,-111.6894,1440.18,37.04,232.33,False,2026-03-11 17:39:52
a29548,N266AA,United States,28.6701,-81.0052,403.86,50.28,277.05,False,2026-03-11 17:39:52
a9b375,N724LU,United States,37.2658,-79.4993,922.02,51.08,62.4,False,2026-03-11 17:39:52
a615d0,SWA1184,United States,36.3932,-82.2801,11582.4,204.35,237.23,False,2026-03-11 17:39:52
ac8e1d,AAL2581,United States,41.2917,-88.8576,9433.56,298.72,43.81,False,2026-03-11 17:39:52
a0f2c6,N160ME,United States,43.6653,-116.6517,815.34,40.07,240.8,False,2026-03-11 17:39:52
ad78b6,N9671V,United States,30.7366,-87.5342,1981.2,49.78,23.12,False,2026-03-11 17:39:52
a6652b,JIA5538,United States,42.1289,-83.0393,3581.4,178.27,86.86,False,2026-03-11 17:39:52
a16e7d,UAL2096,United States,35.7451,-115.6236,10668.0,241.25,48.46,False,2026-03-11 17:39:52
a15b4c,EDV5256,United States,43.6728,-79.6622,,5.4,250.31,True,2026-03-11 17:39:52
a78516,N584DG,United States,42.839,-71.6335,655.32,73.21,124.7,False,2026-03-11 17:39:52
a95c84,N702FL,United States,39.6441,-87.4083,11696.7,233.68,170.5,False,2026-03-11 17:39:52
a67805,DAL356,United States,42.5025,-102.186,10370.82,186.37,297.27,False,2026-03-11 17:39:52
ac7b19,N903J,United States,34.327,-118.6446,2979.42,89.53,339.48,False,2026-03-11 17:39:52
a6a0da,N526ST,United States,41.426,-122.4742,3208.02,85.04,356.53,False,2026-03-11 17:39:52
ab12b0,VXP558,United States,27.6241,-81.9531,7726.68,222.44,342.78,False,2026-03-11 17:39:52
a41e94,UAL1485,United States,30.203,-97.6699,,2.57,143.44,True,2026-03-11 17:39:52
ab5b2b,SWA4326,United States,32.9359,-112.8263,10668.0,246.96,80.89,False,2026-03-11 17:39:52
a6a0f2,N526TS,United States,32.8317,-81.3517,2087.88,95.31,86.91,False,2026-03-11 17:39:52
ab5b2c,,United States,38.512,-77.9305,731.52,44.04,255.8,False,2026-03-11 17:39:52
a5d068,N474EP,United States,41.5451,-73.3659,1097.28,70.49,359.16,False,2026-03-11 17:39:52
ad5ed0,N9602M,United States,37.1833,-77.4813,289.56,39.45,157.78,False,2026-03-11 17:39:52
ab6229,SWA801,United States,33.9526,-118.3979,-30.48,72.04,263.03,False,2026-03-11 17:39:52
a41e90,UAL2491,United States,32.0697,-107.8902,10363.2,216.27,280.0,False,2026-03-11 17:39:52
a890be,N651DB,United States,38.1859,-99.5976,4480.56,122.85,68.38,False,2026-03-11 17:39:52
aa9071,N78ZE,United States,37.7501,-106.4949,13716.0,223.96,302.05,False,2026-03-11 17:39:52
abb205,SWA1106,United States,28.2122,-96.1655,10363.2,188.29,255.28,False,2026-03-11 17:39:52
a12709,UAL2201,United States,41.9717,-87.8978,,6.69,241.88,True,2026-03-11 17:39:52
ad1857,ASA351,United States,47.8831,-121.6493,3642.36,143.13,275.36,False,2026-03-11 17:39:52
a2de7e,SKW3923,United States,33.6357,-84.4091,,1.29,143.44,True,2026-03-11 17:39:52
ac2bb9,ASH6239,United States,38.9153,-77.4389,518.16,77.95,196.88,False,2026-03-11 17:39:52
a508ba,N423WB,United States,34.4665,-82.9832,2385.06,74.02,287.81,False,2026-03-11 17:39:52
aaa555,RPA3572,United States,41.4313,-87.273,3421.38,147.52,317.97,False,2026-03-11 17:39:52
a352ca,N313JM,United States,39.3505,-96.8022,7932.42,112.66,269.74,False,2026-03-11 17:39:52
a9d97a,,United States,28.0847,-81.7316,274.32,51.56,294.78,False,2026-03-11 17:39:52
a3c8cb,DAL1916,United States,33.0981,-83.9948,5097.78,219.76,131.49,False,2026-03-11 17:39:52
ad185f,DAL1642,United States,30.7801,-86.355,1615.44,127.62,228.92,False,2026-03-11 17:39:52
a900dd,FLC68,United States,33.9891,-98.0682,1790.7,94.59,224.12,False,2026-03-11 17:39:52
ad185a,AAL1660,United States,33.9393,-118.4091,,1.03,292.5,True,2026-03-11 17:39:52
a9500f,N7CA,United States,39.0498,-89.0612,13716.0,276.82,64.58,False,2026-03-11 17:39:52
acf84e,DAL2417,United States,39.8589,-85.8979,8359.14,255.28,349.55,False,2026-03-11 17:39:52
a2e571,N286N,United States,33.9261,-83.2721,12192.0,199.62,180.74,False,2026-03-11 17:39:52
ac8217,DAL1815,United States,26.3579,-101.1221,10972.8,195.38,234.97,False,2026-03-11 17:39:52
a0428a,AAL238,United States,33.9416,-118.4066,,0.0,264.38,True,2026-03-11 17:39:52
a1c57e,RPA5654,United States,40.1124,-82.4834,4899.66,191.16,93.24,False,2026-03-11 17:39:52
a40b41,N36PJ,United States,33.09,-107.3087,7315.2,125.48,355.06,False,2026-03-11 17:39:52
a0428e,N116AS,United States,32.8683,-80.1658,1348.74,124.19,276.18,False,2026-03-11 17:39:52
a41e74,UAL2107,United States,35.3699,-79.303,10668.0,234.7,14.34,False,2026-03-11 17:39:52
ab6247,SWA1785,United States,36.8449,-97.8904,10507.98,212.57,253.41,False,2026-03-11 17:39:52
4246a3,AZG4872,United Kingdom,46.9515,-82.7212,10668.0,321.73,46.81,False,2026-03-11 17:39:52
c08177,ASP826,Canada,35.4888,-78.9011,12496.8,255.79,37.4,False,2026-03-11 17:39:52
a9501f,N7CS,United States,27.8618,-83.0864,13098.78,247.19,340.17,False,2026-03-11 17:39:52
c08176,CGXAR,Canada,51.4212,-114.2211,2758.44,82.51,29.92,False,2026-03-11 17:39:52
a39b56,UPS5933,United States,39.2263,-96.2218,10675.62,278.35,90.95,False,2026-03-11 17:39:52
a2e560,N286MH,United States,26.7516,-81.2826,8092.44,224.87,313.7,False,2026-03-11 17:39:52
ac2bd6,ASH6173,United States,29.7512,-91.279,10363.2,206.7,254.41,False,2026-03-11 17:39:52
a40b30,N36NS,United States,32.8882,-79.9648,2240.28,94.3,47.43,False,2026-03-11 17:39:52
adc8c7,N9879Q,United States,34.6847,-82.5626,868.68,47.61,186.2,False,2026-03-11 17:39:52
ab6e8c,,United States,33.8285,-79.9631,1638.3,85.78,32.26,False,2026-03-11 17:39:52
a7d3fe,SKW4778,United States,46.5,-96.0196,3139.44,114.3,284.6,False,2026-03-11 17:39:52
0d0d92,VOI3044,Mexico,31.6348,-115.5161,9753.6,245.51,126.22,False,2026-03-11 17:39:52
aca97c,N915CM,United States,37.6605,-122.1211,,4.37,120.94,True,2026-03-11 17:39:52
a04dac,N119AK,United States,30.6033,-94.9924,4358.64,204.84,43.88,False,2026-03-11 17:39:52
a12733,UAL587,United States,42.2497,-94.4449,10668.0,271.31,80.39,False,2026-03-11 17:39:52
a12734,UAL1053,United States,35.7276,-113.0307,10972.8,206.84,280.75,False,2026-03-11 17:39:52
ab73f5,SKW3627,United States,39.5549,-84.1005,10668.0,222.64,183.44,False,2026-03-11 17:39:52
ad03c4,DAL2252,United States,33.6384,-82.6931,8839.2,270.31,81.02,False,2026-03-11 17:39:52
abd6ed,GTI8644,United States,43.7939,-94.2129,8214.36,281.67,107.21,False,2026-03-11 17:39:52
a24711,N246J,United States,25.7771,-81.4343,990.6,68.93,32.5,False,2026-03-11 17:39:52
a0b7b8,UAL2343,United States,39.5945,-95.4394,8846.82,274.02,75.21,False,2026-03-11 17:39:52
a0b7b7,UAL1593,United States,35.3135,-109.1257,9761.22,222.99,225.09,False,2026-03-11 17:39:52
a0b7b6,UAL2354,United States,37.2851,-96.2254,8831.58,257.37,113.44,False,2026-03-11 17:39:52
a8e20f,DAL570,United States,35.4762,-86.2722,10515.6,254.55,123.21,False,2026-03-11 17:39:52
a77e8f,JIA5125,United States,35.7897,-84.9731,9448.8,266.65,84.58,False,2026-03-11 17:39:52
a6657c,N511DL,United States,28.9329,-81.8101,167.64,48.88,91.21,False,2026-03-11 17:39:52
c1ea00,ST14,Canada,51.109,-114.0258,,3.6,205.31,True,2026-03-11 17:39:52
abc3c6,SWA4031,United States,42.7901,-85.5136,11277.6,258.09,109.81,False,2026-03-11 17:39:52
a3eb9c,N3515S,United States,34.0865,-117.6822,861.06,38.16,273.87,False,2026-03-11 17:39:52
42479c,,United Kingdom,31.5606,-81.4768,11582.4,238.17,170.05,False,2026-03-11 17:39:52
ac3f92,LYM777,United States,39.8269,-104.6606,1554.48,56.08,0.53,False,2026-03-11 17:39:52
a16da0,N191TW,United States,37.663,-121.6351,2689.86,51.22,123.53,False,2026-03-11 17:39:52
ad4010,N953CT,United States,40.0705,-111.9669,2346.96,28.52,352.75,False,2026-03-11 17:39:52
ada302,SKW6074,United States,37.8955,-102.2192,7924.8,198.35,313.21,False,2026-03-11 17:39:52
acdcc0,JSX202,United States,32.9859,-98.0268,6896.1,197.38,291.08,False,2026-03-11 17:39:52
aae034,N80HA,United States,38.1757,-88.3247,10370.82,133.26,270.88,False,2026-03-11 17:39:52
ad03d5,ERU938,United States,29.314,-81.2837,693.42,56.14,41.28,False,2026-03-11 17:39:52
a722d7,N559WJ,United States,38.5452,-121.401,548.64,85.92,359.31,False,2026-03-11 17:39:52
a24720,RPA5848,United States,40.2648,-86.102,5326.38,219.08,48.71,False,2026-03-11 17:39:52
ac80ae,N9042H,United States,27.7885,-82.6591,320.04,44.35,273.99,False,2026-03-11 17:39:52
ac3f9c,DAL2236,United States,41.8076,-106.7186,10058.4,275.96,85.83,False,2026-03-11 17:39:52
a6658d,N511EC,United States,31.3422,-86.3688,12192.0,138.3,297.71,False,2026-03-11 17:39:52
a6c88e,AAL1257,United States,33.2407,-84.1062,10675.62,249.5,144.74,False,2026-03-11 17:39:52
a187ba,AAL2197,United States,25.5665,-79.6161,10660.38,246.81,162.28,False,2026-03-11 17:39:52
a71bf7,N5571R,United States,43.565,-116.5368,1127.76,62.13,25.5,False,2026-03-11 17:39:52
ac8ceb,ASI998,United States,33.8899,-112.0391,1287.78,48.44,292.48,False,2026-03-11 17:39:52
ac468d,AAL1093,United States,34.235,-95.4769,9715.5,190.62,219.96,False,2026-03-11 17:39:52
aca99c,DAL640,United States,38.4443,-106.8837,10058.4,271.68,93.69,False,2026-03-11 17:39:52
ada336,AAL2279,United States,36.7869,-87.3056,9745.98,196.54,258.22,False,2026-03-11 17:39:52
ac2038,SWA3123,United States,39.8685,-95.1942,11582.4,180.1,247.32,False,2026-03-11 17:39:52
a64b96,N5043J,United States,37.3519,-122.4087,1196.34,30.11,340.02,False,2026-03-11 17:39:52
aa423a,N760HC,United States,41.4698,-98.7436,12184.38,204.28,271.15,False,2026-03-11 17:39:52
ac335b,SWA3771,United States,40.2935,-95.7033,10668.0,270.89,76.49,False,2026-03-11 17:39:52
a71bfb,N5571V,United States,30.9509,-84.3584,510.54,64.79,32.68,False,2026-03-11 17:39:52
a8a5bf,N65624,United States,28.4937,-82.4356,152.4,32.1,201.63,False,2026-03-11 17:39:52
ad4c60,EJA956,United States,41.8899,-72.2721,3345.18,203.28,40.38,False,2026-03-11 17:39:52
a1270b,UAL784,United States,36.0486,-102.1147,9144.0,208.95,340.14,False,2026-03-11 17:39:52
4a91b3,SAS907,Sweden,48.4282,-72.8319,10972.8,205.85,187.18,False,2026-03-11 17:39:52
a7ce6c,N6018F,United States,40.7944,-74.4196,243.84,32.54,219.23,False,2026-03-11 17:39:52
a6c868,N536TH,United States,34.0264,-84.2336,868.68,41.48,203.39,False,2026-03-11 17:39:52
ac337e,SWA939,United States,28.6099,-97.659,6713.22,202.08,299.76,False,2026-03-11 17:39:52
a5eef4,N4812F,United States,32.931,-111.9423,1623.06,46.82,359.37,False,2026-03-11 17:39:52
a988d3,N713SS,United States,29.5097,-83.2646,12192.0,228.15,324.27,False,2026-03-11 17:39:52
a12778,UAL1442,United States,43.8198,-80.1237,10660.38,249.24,106.3,False,2026-03-11 17:39:52
a5dbae,LXJ477,United States,44.5158,-122.9447,13716.0,235.14,179.0,False,2026-03-11 17:39:52
ac2c9c,SWA4372,United States,32.7314,-117.1906,,0.0,196.88,True,2026-03-11 17:39:52
ad402f,DAL3107,United States,32.8932,-80.2948,2240.28,142.5,284.64,False,2026-03-11 17:39:52
a735d7,ASA1461,United States,41.7397,-89.9624,12496.8,284.58,84.92,False,2026-03-11 17:39:52
a5e2a1,ATN3333,United States,36.5911,-80.8591,10370.82,217.17,225.29,False,2026-03-11 17:39:52
aa4230,GTI8273,United States,53.6601,-120.3114,9448.8,293.44,122.32,False,2026-03-11 17:39:52
a53249,N434DD,United States,41.7856,-111.8521,,4.12,210.94,True,2026-03-11 17:39:52
a0b7de,UAL1548,United States,35.981,-99.871,10355.58,209.22,316.3,False,2026-03-11 17:39:52
a0b7dc,UAL1010,United States,39.6911,-104.0526,4152.9,213.18,114.52,False,2026-03-11 17:39:52
a4c2ad,JBU2220,United States,45.1518,-69.1502,10980.42,213.96,209.22,False,2026-03-11 17:39:52
a88b00,N65GJ,United States,28.9656,-81.1262,213.36,36.64,321.84,False,2026-03-11 17:39:52
a72ef7,GJS4577,United States,42.1758,-88.1242,2796.54,154.96,138.9,False,2026-03-11 17:39:52
ac205f,SWA1781,United States,34.9007,-84.7462,11277.6,222.67,168.4,False,2026-03-11 17:39:52
a7851c,DAL482,United States,31.2824,-104.1958,8846.82,248.8,107.2,False,2026-03-11 17:39:52
42476e,VPCVI,United Kingdom,38.0771,-112.6927,12504.42,291.31,97.82,False,2026-03-11 17:39:52
a5f5bf,SWA533,United States,33.5663,-90.8655,11582.4,189.17,224.34,False,2026-03-11 17:39:52
a0b7fa,UAL414,United States,43.996,-82.9824,9144.0,198.18,280.32,False,2026-03-11 17:39:52
a5e2b2,N479BR,United States,33.2926,-94.0863,3840.48,126.99,146.57,False,2026-03-11 17:39:52
ae6c5c,R03318,United States,31.994,-106.3255,2133.6,57.69,81.8,False,2026-03-11 17:39:52
adb65b,DAL2741,United States,42.4364,-84.5128,7162.8,174.05,272.54,False,2026-03-11 17:39:52
a041bf,LFA328,United States,28.9615,-81.8818,1219.2,47.12,259.3,False,2026-03-11 17:39:52
a868d2,N6409D,United States,32.9198,-116.7766,922.02,48.37,209.29,False,2026-03-11 17:39:52
ab38a1,DAL2901,United States,33.9374,-84.6103,3070.86,190.95,344.69,False,2026-03-11 17:39:52
a5a888,ASA514,United States,34.3324,-112.6419,7909.56,216.9,320.0,False,2026-03-11 17:39:52
adc98b,N988H,United States,42.8665,-97.5506,13106.4,212.67,245.11,False,2026-03-11 17:39:52
a66561,COL511,United States,37.2109,-107.2958,12192.0,186.91,253.86,False,2026-03-11 17:39:52
acd0c2,PDT6000,United States,41.3334,-83.2452,10058.4,244.51,105.5,False,2026-03-11 17:39:52
a91535,UAL2670,United States,27.1864,-82.8233,10058.4,246.59,120.74,False,2026-03-11 17:39:52
a91536,UAL2387,United States,40.3988,-74.7701,1836.42,156.59,14.26,False,2026-03-11 17:39:52
ad5398,AAL1082,United States,41.6399,-88.4634,3703.32,207.22,47.72,False,2026-03-11 17:39:52
a12750,UAL2396,United States,40.6853,-74.1803,,5.4,30.94,True,2026-03-11 17:39:52
c044bb,ASP567,Canada,51.7854,-114.7367,6012.18,153.65,119.48,False,2026-03-11 17:39:52
a6a226,N5264K,United States,39.0005,-76.339,335.28,41.81,288.66,False,2026-03-11 17:39:52
ad4062,CXK643,United States,40.9986,-74.8658,1097.28,66.08,73.26,False,2026-03-11 17:39:52
aa9bb6,,United States,39.569,-104.8326,,2.83,106.88,True,2026-03-11 17:39:52
0d0d75,VIV611,Mexico,25.7807,-100.1122,,3.86,213.75,True,2026-03-11 17:39:52
ac2082,SWA2833,United States,39.5974,-79.8629,6393.18,233.48,10.67,False,2026-03-11 17:39:52
acd0dc,N925BF,United States,39.5676,-77.1698,1844.04,54.91,285.21,False,2026-03-11 17:39:52
a79890,JIA5197,United States,30.9749,-87.7181,8001.0,206.1,275.16,False,2026-03-11 17:39:52
a067ec,SKW5497,United States,37.6033,-97.4605,533.4,65.27,20.29,False,2026-03-11 17:39:52
a602cd,SKW5072,United States,40.4388,-103.7904,6096.0,149.64,238.5,False,2026-03-11 17:39:52
a0b7d8,UAL1209,United States,41.9535,-86.9927,3093.72,150.44,286.08,False,2026-03-11 17:39:52
a0b7bd,UAL2124,United States,37.2204,-91.9468,6400.8,261.84,27.37,False,2026-03-11 17:39:52
a79898,DAL1240,United States,40.8999,-85.2107,7223.76,255.39,48.18,False,2026-03-11 17:39:52
a0b7bb,UAL1520,United States,28.0046,-83.4046,8709.66,231.23,260.27,False,2026-03-11 17:39:52
a592f1,N4585X,United States,31.8841,-106.7192,1310.64,39.54,302.24,False,2026-03-11 17:39:52
a16dc3,N191VF,United States,27.1914,-81.5098,11582.4,179.9,329.4,False,2026-03-11 17:39:52
a4c2f8,AAL1024,United States,33.4966,-116.6657,9044.94,244.93,91.2,False,2026-03-11 17:39:52
ab38aa,DAL1227,United States,33.4048,-84.031,1889.76,132.61,342.62,False,2026-03-11 17:39:52
a83bb7,N63DJ,United States,34.6886,-82.0682,525.78,79.14,59.1,False,2026-03-11 17:39:52
acd0ca,AAL2314,United States,38.623,-90.6334,11277.6,288.91,68.92,False,2026-03-11 17:39:52
aa4200,SKW6251,United States,33.7986,-110.8843,8221.98,239.0,70.9,False,2026-03-11 17:39:52
a08a1a,AAL2626,United States,40.9694,-112.0031,2887.98,130.84,354.13,False,2026-03-11 17:39:52
a10d40,N167SC,United States,38.6523,-121.4007,-99.06,65.85,0.0,False,2026-03-11 17:39:52
acd0cf,DAL3108,United States,33.8101,-84.6094,3611.88,130.86,138.67,False,2026-03-11 17:39:52
a96eb3,N707BL,United States,30.6103,-88.028,441.96,46.99,84.98,False,2026-03-11 17:39:52
a08a6b,DAL2502,United States,29.1499,-94.1533,6377.94,211.32,341.7,False,2026-03-11 17:39:52
a797b4,DAL400,United States,41.2109,-100.2289,10660.38,271.84,87.72,False,2026-03-11 17:39:52
a677bf,N516AF,United States,40.8882,-74.681,792.48,47.87,110.77,False,2026-03-11 17:39:52
ac2e20,EJA884,United States,31.5537,-93.4034,12192.0,220.07,294.59,False,2026-03-11 17:39:52
ab2854,AAY1233,United States,35.2378,-84.8308,10668.0,233.16,168.42,False,2026-03-11 17:39:52
a4bd34,N404TP,United States,33.5261,-112.7798,1744.98,84.68,355.12,False,2026-03-11 17:39:52
aa8b0c,CXK590,United States,33.8483,-83.5548,1455.42,55.3,12.36,False,2026-03-11 17:39:52
ae0089,KEEN92,United States,33.8716,-99.475,4168.14,207.26,163.86,False,2026-03-11 17:39:52
a3410d,N309DA,United States,33.9341,-83.6337,640.08,47.35,1.87,False,2026-03-11 17:39:52
a15aef,KOW187,United States,34.7833,-77.3857,14325.6,243.43,205.81,False,2026-03-11 17:39:52
a08a85,EDV4998,United States,41.6889,-93.8165,2895.6,126.73,327.6,False,2026-03-11 17:39:52
ab284d,AAL1838,United States,36.793,-98.0441,9144.0,232.06,201.05,False,2026-03-11 17:39:52
a60409,EJA487,United States,37.6279,-122.3842,,0.0,298.12,True,2026-03-11 17:39:52
a46d47,UAL2460,United States,28.1774,-97.6021,9448.8,210.29,152.93,False,2026-03-11 17:39:52
aa68f2,N77ZE,United States,35.8961,-78.3034,8229.6,139.49,30.35,False,2026-03-11 17:39:52
ac4836,89038,United States,44.7449,-92.7851,548.64,37.53,303.25,False,2026-03-11 17:39:52
a281d5,N2603Y,United States,37.1029,-121.6749,1127.76,59.6,173.06,False,2026-03-11 17:39:52
abbeb7,N856MB,United States,40.415,-104.6875,1501.14,54.85,246.8,False,2026-03-11 17:39:52
a40aa8,N36HF,United States,38.9686,-77.7295,419.1,77.99,8.34,False,2026-03-11 17:39:52
ae139a,AXLE11,United States,36.3333,-97.5557,2834.64,121.14,123.22,False,2026-03-11 17:39:52
aaa5b8,SWA880,United States,28.1574,-97.3728,12199.62,193.23,239.61,False,2026-03-11 17:39:52
ab1534,N813HD,United States,31.1293,-82.5566,11277.6,234.57,7.56,False,2026-03-11 17:39:52
ac95a7,N91PR,United States,33.6842,-111.87,853.44,74.85,162.81,False,2026-03-11 17:39:52
a8e29c,DAL750,United States,38.1511,-91.65,11582.4,202.46,296.57,False,2026-03-11 17:39:52
a677ca,ASA10,United States,45.1743,-107.6239,10668.0,270.13,97.99,False,2026-03-11 17:39:52
0d0d27,VOI7912,Mexico,31.2781,-97.4497,11391.9,203.57,201.96,False,2026-03-11 17:39:52
a677cd,AVL516,United States,39.1285,-78.165,944.88,35.62,280.82,False,2026-03-11 17:39:52
a08a96,EJM134,United States,44.6469,-94.3576,5349.24,196.42,70.09,False,2026-03-11 17:39:52
a33a30,EJM37,United States,38.846,-101.6873,12496.8,246.39,114.16,False,2026-03-11 17:39:52
a34d63,UCA4878,United States,29.482,-93.01,9144.0,207.14,273.27,False,2026-03-11 17:39:52
aaee43,DAL177,United States,41.2988,-72.4096,11582.4,238.56,213.66,False,2026-03-11 17:39:52
ac4843,SWA2445,United States,36.2758,-76.8079,9753.6,240.6,186.14,False,2026-03-11 17:39:52
ab5bb1,SWA131,United States,39.7905,-104.8665,2948.94,133.9,243.04,False,2026-03-11 17:39:52
a34119,DAL1341,United States,32.8113,-84.0957,6949.44,216.22,160.83,False,2026-03-11 17:39:52
a39ab4,DAL2020,United States,34.3746,-84.7632,6088.38,225.84,340.57,False,2026-03-11 17:39:52
a34113,THNDR43,United States,38.9648,-104.821,1943.1,31.48,348.69,False,2026-03-11 17:39:52
a5a7c9,N4635B,United States,34.3212,-82.9001,1021.08,67.46,357.38,False,2026-03-11 17:39:52
a0079d,N1004E,United States,37.46,-122.1135,-7.62,40.09,326.51,False,2026-03-11 17:39:52
a437cf,KOW371,United States,38.0147,-103.9567,12496.8,265.5,108.65,False,2026-03-11 17:39:52
a77dae,DAL977,United States,45.4907,-107.8088,9982.2,193.75,238.46,False,2026-03-11 17:39:52
a6c7bf,N536LP,United States,40.9318,-74.2388,426.72,28.99,207.47,False,2026-03-11 17:39:52
a12796,UAL2006,United States,28.3239,-90.0571,11277.6,218.91,177.17,False,2026-03-11 17:39:52
a12799,UAL2857,United States,40.6836,-74.182,,0.19,275.62,True,2026-03-11 17:39:52
aa9e28,SWA4406,United States,41.1173,-90.7424,12192.0,184.03,240.71,False,2026-03-11 17:39:52
0d0d36,VOI3353,Mexico,28.2356,-110.4212,10668.0,233.56,128.56,False,2026-03-11 17:39:52
a174f7,SKW3257,United States,34.4972,-118.7239,4511.04,165.53,329.77,False,2026-03-11 17:39:52
a71d34,ASA324,United States,44.0815,-99.2317,10668.0,262.2,102.81,False,2026-03-11 17:39:52
a1277b,UAL1567,United States,29.7549,-90.6566,11277.6,266.53,58.98,False,2026-03-11 17:39:52
a41dae,N3641L,United States,37.1327,-79.551,624.84,42.38,326.89,False,2026-03-11 17:39:52
a34d52,JBU1201,United States,39.6882,-73.8597,6652.26,200.16,203.8,False,2026-03-11 17:39:52
a1c4d8,MXY109,United States,38.4399,-80.1706,10363.2,217.19,197.79,False,2026-03-11 17:39:52
a33a20,VJA307,United States,34.9102,-119.9265,9753.6,196.58,319.14,False,2026-03-11 17:39:52
a0b7fd,UAL2292,United States,34.1453,-88.2729,9974.58,246.94,132.13,False,2026-03-11 17:39:52
a0b7fb,UAL2329,United States,41.8814,-96.7678,9433.56,266.17,67.5,False,2026-03-11 17:39:52
a10137,XAA8794,United States,40.9059,-85.0505,8534.4,221.64,304.98,False,2026-03-11 17:39:52
a83d18,N63TM,United States,29.1554,-90.009,13716.0,248.98,102.77,False,2026-03-11 17:39:52
a65dbc,N5090E,United States,28.0941,-80.6393,-38.1,32.04,42.4,False,2026-03-11 17:39:52
a2f7d7,N2900E,United States,33.9628,-117.6135,274.32,41.03,30.1,False,2026-03-11 17:39:52
a2477a,N246NE,United States,41.858,-70.8319,731.52,73.62,333.43,False,2026-03-11 17:39:52
a47408,N38603,United States,34.1269,-82.1892,1645.92,72.85,36.38,False,2026-03-11 17:39:52
ae008b,KEEN91,United States,33.7568,-99.4349,4038.6,201.47,164.3,False,2026-03-11 17:39:52
a2ddac,ENY4014,United States,29.4178,-97.6319,10363.2,204.71,176.11,False,2026-03-11 17:39:52
a304b2,N294DS,United States,36.2413,-115.2366,815.34,47.34,137.64,False,2026-03-11 17:39:52
aaa5d4,UAL440,United States,28.3956,-82.3591,10972.8,222.53,324.69,False,2026-03-11 17:39:52
a28de6,N264AN,United States,35.0844,-77.5124,4351.02,152.18,201.62,False,2026-03-11 17:39:52
a24782,ENY3777,United States,45.5459,-98.7318,10363.2,206.6,296.31,False,2026-03-11 17:39:52
a664c9,BPX203,United States,26.9646,-80.9341,2377.44,53.38,190.55,False,2026-03-11 17:39:52
aaf53a,JBU92,United States,42.3654,-71.0172,,0.0,303.75,True,2026-03-11 17:39:52
a4d773,OXF6514,United States,33.5577,-111.5573,1257.3,62.89,66.37,False,2026-03-11 17:39:52
a0f44c,DAL501,United States,35.3476,-100.7339,10363.2,223.72,262.34,False,2026-03-11 17:39:52
ab021b,,United States,34.9541,-80.5852,655.32,50.42,331.34,False,2026-03-11 17:39:52
ab5bd4,SWA1797,United States,29.4953,-98.4245,518.16,74.68,311.93,False,2026-03-11 17:39:52
a6fd12,,United States,40.7729,-111.962,,4.12,323.44,True,2026-03-11 17:39:52
abfb08,N871LA,United States,41.7524,-74.0762,1623.06,73.89,43.03,False,2026-03-11 17:39:52
ac486a,SWA4405,United States,34.2604,-85.7931,11277.6,231.2,165.96,False,2026-03-11 17:39:52
ab62ad,SWA1277,United States,27.5406,-82.6248,11277.6,244.88,169.47,False,2026-03-11 17:39:52
aadb37,UAL22,United States,40.8291,-74.0963,998.22,103.75,158.78,False,2026-03-11 17:39:52
abbee3,DAL15,United States,45.3862,-69.9482,11582.4,212.42,221.76,False,2026-03-11 17:39:52
a22178,N2362R,United States,37.3273,-79.9765,365.76,32.81,228.81,False,2026-03-11 17:39:52
ad552f,N9583Q,United States,39.6372,-105.0709,2209.8,72.44,168.53,False,2026-03-11 17:39:52
a139a5,N17829,United States,30.9498,-84.4461,2682.24,74.09,152.72,False,2026-03-11 17:39:52
aadb2d,,United States,32.8152,-116.9901,342.9,44.58,108.85,False,2026-03-11 17:39:52
c01a7d,ACA833,Canada,45.3262,-73.9446,944.88,112.98,53.7,False,2026-03-11 17:39:52
adfea3,CASTL28,United States,39.5204,-74.7214,609.6,75.47,115.87,False,2026-03-11 17:39:52
a11fa3,UAL2640,United States,42.7699,-76.9165,8229.6,228.46,116.91,False,2026-03-11 17:39:52
a8e262,DAL655,United States,31.1603,-83.7702,10363.2,229.41,336.19,False,2026-03-11 17:39:52
a9b2e9,FDX819,United States,44.9337,-106.7379,10668.0,275.77,127.72,False,2026-03-11 17:39:52
a7bb77,DAL492,United States,34.9121,-112.0129,10363.2,218.22,241.56,False,2026-03-11 17:39:52
a05614,DAL742,United States,34.0906,-116.4266,9372.6,231.44,262.46,False,2026-03-11 17:39:52
ae1eaa,JEDI14,United States,30.3575,-88.275,861.06,134.09,281.96,False,2026-03-11 17:39:52
ae1ead,JEDI43,United States,30.7673,-87.7567,2377.44,118.68,265.53,False,2026-03-11 17:39:52
ac3558,AAL1670,United States,32.901,-97.0338,,3.6,90.0,True,2026-03-11 17:39:52
ac4888,SWA1193,United States,36.0374,-99.1974,8839.2,245.6,83.14,False,2026-03-11 17:39:52
abbedb,AAL2548,United States,31.1336,-81.4293,11277.6,217.85,357.29,False,2026-03-11 17:39:52
a4d717,N4104U,United States,27.8205,-81.7925,998.22,37.36,128.29,False,2026-03-11 17:39:52
adfed9,VALOR77,United States,31.3578,-85.4924,335.28,58.66,138.2,False,2026-03-11 17:39:52
adfed7,VALOR64,United States,31.3872,-85.5279,541.02,67.66,135.62,False,2026-03-11 17:39:52
aae246,N800EE,United States,34.3214,-119.0798,2804.16,89.11,102.67,False,2026-03-11 17:39:52
a39ada,EDV5316,United States,38.5505,-76.1791,5189.22,206.33,43.48,False,2026-03-11 17:39:52
a9b2b3,N724D,United States,33.6053,-96.5901,403.86,49.78,71.94,False,2026-03-11 17:39:52
a557c3,SWA3286,United States,39.8576,-104.684,,2.06,180.0,True,2026-03-11 17:39:52
a2d1ad,OXF6784,United States,33.1975,-111.9067,1280.16,52.55,251.74,False,2026-03-11 17:39:52
a2d1af,OXF6039,United States,33.4578,-111.735,342.9,39.21,51.93,False,2026-03-11 17:39:52
adfed1,VALOR82,United States,31.3062,-85.4082,518.16,89.72,53.39,False,2026-03-11 17:39:52
ace5e1,N930CF,United States,38.7114,-94.8987,2385.06,132.53,36.16,False,2026-03-11 17:39:52
aaa5ff,SWA2209,United States,40.0084,-82.1144,9753.6,206.53,281.06,False,2026-03-11 17:39:52
ac8efa,EDV5347,United States,39.2691,-82.1068,10058.4,241.52,353.03,False,2026-03-11 17:39:52
ada51e,ASA1481,United States,41.1011,-122.5275,11582.4,216.35,355.09,False,2026-03-11 17:39:52
ada521,AAL279G,United States,32.9004,-97.0349,,5.4,270.0,True,2026-03-11 17:39:52
ae1ed3,BB078,United States,31.2482,-86.8604,4488.18,110.36,222.17,False,2026-03-11 17:39:52
ab62f8,SWA3297,United States,32.0254,-90.355,11887.2,259.13,27.94,False,2026-03-11 17:39:52
a9b2c8,N724DW,United States,26.6673,-82.1158,693.42,55.24,265.19,False,2026-03-11 17:39:52
a45a1c,N38MZ,United States,37.8931,-100.879,13708.38,273.32,78.16,False,2026-03-11 17:39:52
a8e247,DAL1213,United States,33.6375,-84.437,,4.37,64.69,True,2026-03-11 17:39:52
0d0d07,XBLDR,Mexico,27.9867,-96.8413,2011.68,55.36,213.25,False,2026-03-11 17:39:52
a46d4f,UAL714,United States,41.6208,-88.3133,3093.72,200.37,41.88,False,2026-03-11 17:39:52
ada526,DAL3197,United States,33.6319,-84.2906,876.3,89.51,270.0,False,2026-03-11 17:39:52
a46d4a,UAL1418,United States,39.5009,-101.3294,8839.2,284.51,99.16,False,2026-03-11 17:39:52
ace5bc,AAL3166,United States,37.0751,-91.5484,10363.2,201.04,279.87,False,2026-03-11 17:39:52
ac2247,JTL881,United States,41.1355,-82.3817,7680.96,244.11,333.06,False,2026-03-11 17:39:52
ace5bb,DAL940,United States,32.2403,-81.1808,1775.46,151.93,87.28,False,2026-03-11 17:39:52
a27aee,SWA3698,United States,36.435,-119.7698,11887.2,238.14,164.46,False,2026-03-11 17:39:52
a8ede9,N6747H,United States,34.0232,-118.465,182.88,44.4,79.99,False,2026-03-11 17:39:52
ac20c4,SWA1582,United States,41.7881,-87.7446,,0.64,132.19,True,2026-03-11 17:39:52
c02141,CFMPK,Canada,49.9002,-97.0208,1303.02,123.14,170.38,False,2026-03-11 17:39:52
a03c24,N114MB,United States,41.4835,-72.772,441.96,69.75,309.91,False,2026-03-11 17:39:52
ad53ce,EJA958,United States,43.4351,-96.4528,5669.28,180.26,137.66,False,2026-03-11 17:39:52
a23fb2,RPA5601,United States,42.1105,-75.3334,10668.0,249.62,59.95,False,2026-03-11 17:39:52
a70a67,LFA332,United States,30.2705,-81.8222,541.02,63.07,61.76,False,2026-03-11 17:39:52
a7d4e5,N6031F,United States,33.546,-111.8532,693.42,48.07,312.4,False,2026-03-11 17:39:52
a05646,UAL202,United States,41.1487,-105.0721,10972.8,208.96,254.29,False,2026-03-11 17:39:52
a05648,UAL65,United States,39.2103,-70.4,10538.46,235.73,288.71,False,2026-03-11 17:39:52
a09cad,AAL2138,United States,36.0804,-115.1349,,0.0,272.81,True,2026-03-11 17:39:52
a3c9a1,DAL2158,United States,33.8669,-96.2852,10370.82,192.7,204.44,False,2026-03-11 17:39:52
a83120,N627KA,United States,36.9181,-119.519,3390.9,92.4,150.29,False,2026-03-11 17:39:52
a28f12,ENY3693,United States,40.7787,-79.9098,8747.76,254.65,101.54,False,2026-03-11 17:39:52
a126bb,CXK561,United States,41.5252,-112.3025,2453.64,54.07,243.43,False,2026-03-11 17:39:52
a33a9d,N307PE,United States,28.2805,-83.3613,10713.72,209.5,181.97,False,2026-03-11 17:39:52
a18969,N1988X,United States,40.1683,-105.0432,2164.08,62.35,10.94,False,2026-03-11 17:39:52
0d0bff,AMX686,Mexico,35.6174,-92.7381,11277.6,268.48,24.21,False,2026-03-11 17:39:52
a11fe7,UCA4302,United States,33.5389,-87.0976,3002.28,167.36,231.62,False,2026-03-11 17:39:52
ac7044,N900ME,United States,29.9287,-81.3617,9448.8,155.07,356.96,False,2026-03-11 17:39:52
a891a7,NKS3006,United States,32.0144,-81.0201,11277.6,232.44,25.15,False,2026-03-11 17:39:52
a95d6b,EJA702,United States,42.484,-112.0506,12199.62,208.51,226.5,False,2026-03-11 17:39:52
a0a622,N1408B,United States,39.454,-121.9371,1554.48,54.65,157.3,False,2026-03-11 17:39:52
a96466,N704LB,United States,32.3316,-85.4049,13106.4,243.18,333.76,False,2026-03-11 17:39:52
a97797,SKW6503,United States,37.5165,-104.862,9144.0,218.05,308.87,False,2026-03-11 17:39:52
a126c4,UAL283,United States,33.1637,-113.651,10668.0,255.25,99.04,False,2026-03-11 17:39:52
a8443a,N6313F,United States,29.4127,-81.5081,1691.64,44.14,36.47,False,2026-03-11 17:39:52
a126c7,BPX256,United States,26.0208,-80.3119,175.26,50.93,269.42,False,2026-03-11 17:39:52
c02137,CFMPA,Canada,53.8634,-122.6607,731.52,69.27,351.03,False,2026-03-11 17:39:52
ad4cf1,N956WM,United States,34.7236,-111.274,7315.2,204.67,229.38,False,2026-03-11 17:39:52
ad4cf2,SWA3810,United States,35.3461,-119.9037,10668.0,226.2,168.59,False,2026-03-11 17:39:52
a03c41,XAA108T,United States,39.0812,-75.7554,7010.4,197.56,90.6,False,2026-03-11 17:39:52
a57a9e,N452MA,United States,40.9859,-87.9913,9144.0,107.58,271.92,False,2026-03-11 17:39:52
ad9039,EJA973,United States,34.4582,-79.22,12496.8,238.58,26.51,False,2026-03-11 17:39:52
a4615d,N3810D,United States,48.14,-117.2859,1653.54,47.02,252.16,False,2026-03-11 17:39:52
a70a87,LFA333,United States,28.7677,-81.2551,152.4,36.89,50.09,False,2026-03-11 17:39:52
acdf9a,AAL3100,United States,26.9543,-80.374,6507.48,211.76,339.67,False,2026-03-11 17:39:52
a006b6,N100WP,United States,27.2641,-82.4281,10683.24,210.65,186.31,False,2026-03-11 17:39:52
abac7e,EJA851,United States,31.3202,-92.1351,12192.0,208.74,283.83,False,2026-03-11 17:39:52
a95d48,N702PG,United States,26.8156,-81.465,304.8,81.7,323.71,False,2026-03-11 17:39:52
a5ca89,SWA4279,United States,33.4329,-112.0008,,4.37,326.25,True,2026-03-11 17:39:52
a70a89,N55294,United States,41.2202,-73.7284,876.3,48.81,147.48,False,2026-03-11 17:39:52
a4b195,N401NS,United States,32.9192,-83.2013,4267.2,151.82,317.33,False,2026-03-11 17:39:52
ae0022,SPUR15,United States,29.5366,-98.1443,3299.46,204.88,177.99,False,2026-03-11 17:39:52
a82a63,N625SC,United States,33.6082,-111.9346,693.42,106.04,258.53,False,2026-03-11 17:39:52
a5e48a,SWA404,United States,33.4539,-118.0567,3649.98,173.38,239.71,False,2026-03-11 17:39:52
a83d95,ELZ63,United States,42.6307,-77.6437,8625.84,208.47,292.64,False,2026-03-11 17:39:52
a3c9c5,AAL597Q,United States,41.7514,-95.4382,5951.22,215.73,44.32,False,2026-03-11 17:39:52
a9b402,SKW6226,United States,33.6217,-111.6088,5318.76,195.65,76.62,False,2026-03-11 17:39:52
ae73e6,LY705,United States,30.7028,-87.4596,220.98,39.43,277.5,False,2026-03-11 17:39:52
c03487,WJA2902,Canada,39.2834,-71.3426,11277.6,235.22,188.68,False,2026-03-11 17:39:52
c03488,WJA2500,Canada,29.9054,-81.1173,10363.2,243.13,182.91,False,2026-03-11 17:39:52
c01a5a,JZA117,Canada,51.1285,-118.5942,11574.78,200.43,232.72,False,2026-03-11 17:39:52
a11fc1,UAL2115,United States,38.3541,-122.7065,7376.16,182.35,220.88,False,2026-03-11 17:39:52
a95d52,JIA5140,United States,37.5245,-81.6888,8237.22,218.36,187.31,False,2026-03-11 17:39:52
adff81,SCAR21,United States,34.4218,-87.7847,4853.94,247.59,82.36,False,2026-03-11 17:39:52
acc020,N920WB,United States,29.0762,-81.2651,83.82,41.48,316.01,False,2026-03-11 17:39:52
a6a1e9,N5262U,United States,25.7812,-80.6784,236.22,62.55,301.21,False,2026-03-11 17:39:52
a3ff26,DAL1587,United States,28.4254,-82.5825,5280.66,200.69,358.68,False,2026-03-11 17:39:52
a1892e,N19868,United States,37.3068,-80.3392,1645.92,68.78,56.9,False,2026-03-11 17:39:52
a33a93,AAY7,United States,38.7644,-107.1448,11894.82,254.92,63.9,False,2026-03-11 17:39:52
a126ec,UAL1344,United States,28.6257,-79.4539,9151.62,251.99,192.62,False,2026-03-11 17:39:52
aae0fc,N80RA,United States,37.8208,-122.3422,3322.32,130.59,315.16,False,2026-03-11 17:39:52
a69a32,N5240R,United States,25.7327,-80.7008,335.28,55.41,15.07,False,2026-03-11 17:39:52
a3a479,N3338W,United States,34.149,-117.5159,1257.3,75.22,266.86,False,2026-03-11 17:39:52
ac7077,N900PF,United States,40.2004,-105.0188,2476.5,66.52,183.99,False,2026-03-11 17:39:52
a2e630,VJA286,United States,36.6421,-76.3406,13723.62,214.48,25.27,False,2026-03-11 17:39:52
a35fcc,N3162U,United States,34.1815,-117.2139,2468.88,59.48,354.04,False,2026-03-11 17:39:52
a7242c,,United States,33.1429,-85.1832,1066.8,47.95,170.74,False,2026-03-11 17:39:52
a15c54,SKW3415,United States,43.3223,-116.5329,4556.76,156.84,237.46,False,2026-03-11 17:39:52
a77de9,LXJ582,United States,29.9577,-81.4522,13716.0,234.53,9.98,False,2026-03-11 17:39:52
a1b30d,N2087E,United States,34.1179,-117.8968,1021.08,45.3,268.05,False,2026-03-11 17:39:52
aa9e85,N78330,United States,29.9449,-98.3712,1028.7,56.39,134.63,False,2026-03-11 17:39:52
ae73fd,MX713,United States,30.677,-86.9524,198.12,62.04,95.71,False,2026-03-11 17:39:52
ae73fc,LY712,United States,30.985,-86.5775,853.44,53.52,342.09,False,2026-03-11 17:39:52
ada3f2,N97811,United States,33.4205,-112.709,579.12,50.94,358.84,False,2026-03-11 17:39:52
a797ea,LXJ589,United States,35.308,-79.0935,12039.6,242.84,23.47,False,2026-03-11 17:39:52
ae003b,WIZZO1,United States,29.5191,-98.2544,769.62,153.1,331.28,False,2026-03-11 17:39:52
ae003a,KABUKI1,United States,29.5168,-98.6277,3070.86,226.85,83.36,False,2026-03-11 17:39:52
adff9c,VIPER02,United States,34.283,-89.0332,2727.96,161.4,164.28,False,2026-03-11 17:39:52
a82a06,NKS1246,United States,30.8799,-78.8407,11574.78,239.48,196.22,False,2026-03-11 17:39:52
aa9e6d,SWA1251,United States,39.869,-104.6622,,8.23,0.0,True,2026-03-11 17:39:52
a1bf3a,SWA3739,United States,38.4624,-80.47,10972.8,194.13,248.88,False,2026-03-11 17:39:52
ae2699,C6567,United States,38.0326,-122.0848,106.68,59.22,122.59,False,2026-03-11 17:39:52
c01a05,WEN3739,Canada,49.4486,-122.0979,6096.0,117.38,253.71,False,2026-03-11 17:39:52
ae2698,C6566,United States,27.7907,-97.8487,129.54,23.11,343.18,False,2026-03-11 17:39:52
ae73de,FH642,United States,30.9388,-87.5077,556.26,53.18,335.42,False,2026-03-11 17:39:52
ae2694,C6562,United States,37.9404,-122.3917,784.86,34.61,11.14,False,2026-03-11 17:39:52
ab88b6,N842QS,United States,28.6037,-95.628,11887.2,288.39,81.9,False,2026-03-11 17:39:52
ae73ec,BR020,United States,30.6,-87.3233,464.82,58.0,83.38,False,2026-03-11 17:39:52
aa8b40,JBU128,United States,28.3756,-81.1293,2667.0,151.58,16.16,False,2026-03-11 17:39:52
ae73eb,,United States,30.6057,-86.9319,99.06,38.03,156.9,False,2026-03-11 17:39:52
a03038,DAL897,United States,35.7333,-87.0754,10431.78,255.09,112.53,False,2026-03-11 17:39:52
a97754,N709PT,United States,25.6671,-80.5311,274.32,45.28,181.3,False,2026-03-11 17:39:52
adff99,SCAR21,United States,34.4099,-87.7805,4998.72,253.24,66.66,False,2026-03-11 17:39:52
a4b136,XE1180,United States,35.3428,-115.2191,4785.36,137.26,216.31,False,2026-03-11 17:39:52
ac4801,SWA3265,United States,40.4126,-94.6477,8161.02,215.59,317.71,False,2026-03-11 17:39:52
a8a748,FFT3212,United States,32.889,-97.1661,3063.24,124.73,176.45,False,2026-03-11 17:39:52
a379dd,ENY3767,United States,38.1936,-85.7336,236.22,66.15,164.67,False,2026-03-11 17:39:52
ae73f6,LY030,United States,30.6349,-87.1448,45.72,21.12,177.21,False,2026-03-11 17:39:52
aa9220,SKW5490,United States,35.5132,-98.5776,7063.74,192.37,275.83,False,2026-03-11 17:39:52
a28f48,EJA264,United States,27.134,-84.3986,10447.02,221.71,298.71,False,2026-03-11 17:39:52
a0ecb1,N159M,United States,40.1539,-100.307,12496.8,202.46,243.43,False,2026-03-11 17:39:52
a5ca46,ASI89,United States,33.2502,-111.8319,457.2,38.03,336.9,False,2026-03-11 17:39:52
a95d08,N702LT,United States,37.6656,-107.0085,8519.16,204.63,292.31,False,2026-03-11 17:39:52
a379d3,DAL853,United States,51.0493,-126.5362,10660.38,237.62,138.51,False,2026-03-11 17:39:52
ab282b,RPA5785,United States,41.9496,-73.6476,5791.2,178.99,190.6,False,2026-03-11 17:39:52
a379cd,DAL665,United States,35.509,-103.8434,10363.2,215.07,270.96,False,2026-03-11 17:39:52
a90da7,N68245,United States,38.6164,-76.2952,1821.18,75.62,193.37,False,2026-03-11 17:39:52
ab6eb9,AAL1203,United States,42.9342,-78.7334,,2.06,163.12,True,2026-03-11 17:39:52
ac481d,SWA2400,United States,37.2641,-101.4837,10058.4,245.34,64.94,False,2026-03-11 17:39:52
a259ec,N2500X,United States,28.9474,-82.6935,1470.66,42.46,160.91,False,2026-03-11 17:39:52
a29625,JSX102,United States,36.0737,-115.0954,678.18,69.96,270.0,False,2026-03-11 17:39:52
a1d93b,SWA3374,United States,41.0188,-86.4221,3550.92,190.45,343.52,False,2026-03-11 17:39:52
aa4ee9,RPA3507,United States,43.2499,-81.1213,8839.2,253.24,91.86,False,2026-03-11 17:39:52
a126e7,UAL1511,United States,41.6902,-74.3425,3482.34,193.24,126.23,False,2026-03-11 17:39:52
a499a9,CXK630,United States,35.9124,-79.0047,1188.72,32.99,259.22,False,2026-03-11 17:39:52
a126e8,UAL700,United States,32.0246,-106.7503,10668.0,238.26,100.07,False,2026-03-11 17:39:52
aa55bd,ENY3374,United States,42.5609,-87.8111,5379.72,191.53,357.69,False,2026-03-11 17:39:52
a6adda,N5298N,United States,28.9583,-81.0505,1158.24,30.69,103.57,False,2026-03-11 17:39:52
a18986,N1989R,United States,29.4326,-81.4362,2095.5,153.51,9.84,False,2026-03-11 17:39:52
a6a1a0,N5260R,United States,25.3968,-80.5771,419.1,37.06,193.65,False,2026-03-11 17:39:52
a39017,DAL1311,United States,33.6203,-84.4258,243.84,73.57,270.0,False,2026-03-11 17:39:52
a67969,N516TG,United States,30.1703,-90.9321,182.88,43.78,87.31,False,2026-03-11 17:39:52
c02d07,WSG516,Canada,48.6298,-89.3463,2423.16,102.41,1.44,False,2026-03-11 17:39:52
aaffaa,AAL2136,United States,28.6096,-99.0265,11582.4,198.68,208.62,False,2026-03-11 17:39:52
a80943,IFG617,United States,27.4548,-80.2243,777.24,29.33,158.39,False,2026-03-11 17:39:52
a869bc,JBU592,United States,37.7541,-77.0906,10668.0,236.74,29.13,False,2026-03-11 17:39:52
a41f6c,FFT3312,United States,38.132,-93.3802,10363.2,261.76,99.39,False,2026-03-11 17:39:52
a3900e,ENY3420,United States,25.5248,-79.5017,5951.22,192.49,111.97,False,2026-03-11 17:39:52
a9291f,N69HU,United States,40.5309,-105.0716,2804.16,54.69,191.94,False,2026-03-11 17:39:52
a2f998,N291EC,United States,36.2864,-76.3947,1074.42,42.75,140.37,False,2026-03-11 17:39:52
aa3c0b,CFS8204,United States,40.4812,-122.2949,144.78,59.16,0.5,False,2026-03-11 17:39:52
a41f72,LXJ365,United States,37.8367,-101.245,13716.0,239.7,65.8,False,2026-03-11 17:39:52
aa9ca8,ENY3886,United States,32.9077,-97.0426,,0.0,177.19,True,2026-03-11 17:39:52
a55985,N444AM,United States,33.2625,-79.6504,13716.0,222.19,34.72,False,2026-03-11 17:39:52
a233e7,MXY760,United States,36.6742,-79.6462,8839.2,235.17,15.74,False,2026-03-11 17:39:52
aaa621,SWA4196,United States,33.1763,-111.8497,6187.44,208.59,107.36,False,2026-03-11 17:39:52
aaffd1,KFS21,United States,35.6069,-81.9993,4625.34,145.3,262.47,False,2026-03-11 17:39:52
a96fa9,N707MG,United States,33.5476,-112.2394,891.54,62.47,30.15,False,2026-03-11 17:39:52
a4c3b4,N406JA,United States,39.9268,-105.0684,1996.44,44.04,37.41,False,2026-03-11 17:39:52
a3ec3e,N352AC,United States,27.3625,-80.454,518.16,47.47,29.9,False,2026-03-11 17:39:52
a29680,ENY3546,United States,28.3596,-97.4885,3261.36,138.44,198.64,False,2026-03-11 17:39:52
ab6f3d,N836GC,United States,36.0874,-114.2052,1021.08,68.49,87.42,False,2026-03-11 17:39:52
a353c8,AAL3218,United States,32.0912,-107.0279,11269.98,243.68,102.19,False,2026-03-11 17:39:52
a1d99b,JBU2824,United States,41.1107,-103.6867,10668.0,271.6,78.31,False,2026-03-11 17:39:52
a616ce,N49142,United States,27.9949,-82.3563,182.88,42.34,117.5,False,2026-03-11 17:39:52
a486cc,DAL1777,United States,28.4761,-79.8277,10972.8,256.45,130.69,False,2026-03-11 17:39:52
a28f8e,N264TM,United States,41.1672,-73.1447,76.2,32.1,96.44,False,2026-03-11 17:39:52
a55999,N444BG,United States,33.0234,-86.7619,6286.5,87.32,134.05,False,2026-03-11 17:39:52
a8b9c0,WUP661,United States,31.808,-85.0538,13106.4,196.05,326.56,False,2026-03-11 17:39:52
4247cd,CAY794,United Kingdom,40.6343,-73.7809,,8.75,300.94,True,2026-03-11 17:39:52
ab5c26,AAL2087,United States,30.2087,-90.2739,3246.12,176.78,335.22,False,2026-03-11 17:39:52
a486d8,DAL515,United States,37.6453,-96.6968,10050.78,261.99,98.24,False,2026-03-11 17:39:52
c04716,SDE750,Canada,40.8617,-104.4318,12496.8,293.96,143.61,False,2026-03-11 17:39:52
a603a2,N487LP,United States,33.3314,-112.3608,1280.16,47.51,197.65,False,2026-03-11 17:39:52
ac7c00,N903TF,United States,31.9997,-109.38,10904.22,267.41,93.2,False,2026-03-11 17:39:52
a9516e,N7SB,United States,34.6639,-86.7818,236.22,64.83,180.91,False,2026-03-11 17:39:52
a15027,EDV5205,United States,42.4546,-85.3097,8534.4,194.51,271.36,False,2026-03-11 17:39:52
ac46c3,EJA890,United States,36.7717,-77.0346,12496.8,258.31,45.97,False,2026-03-11 17:39:52
a0a682,N141BB,United States,33.0726,-79.8471,731.52,41.49,252.69,False,2026-03-11 17:39:52
ab1fea,N816CT,United States,33.9233,-118.3254,-53.34,41.72,267.17,False,2026-03-11 17:39:52
a2e646,SWA4435,United States,36.1765,-120.5679,9448.8,251.17,140.74,False,2026-03-11 17:39:52
acf948,LFA688,United States,28.8332,-81.2945,701.04,62.26,280.47,False,2026-03-11 17:39:52
a0ecdb,N159NS,United States,27.635,-83.3598,9715.5,245.43,178.92,False,2026-03-11 17:39:52
a7d615,N60395,United States,28.8499,-82.8555,845.82,52.54,272.81,False,2026-03-11 17:39:52
adc9b6,JBU1515,United States,48.1905,-92.7604,10370.82,208.12,267.02,False,2026-03-11 17:39:52
a593be,CAP2745,United States,36.3439,-115.2407,1752.6,46.14,300.85,False,2026-03-11 17:39:52
a7cf21,ERU2,United States,34.4139,-111.7661,2476.5,55.69,295.14,False,2026-03-11 17:39:52
ac33a3,SWA3193,United States,36.4226,-112.9115,11201.4,252.77,66.62,False,2026-03-11 17:39:52
a03c8d,N114RG,United States,38.5718,-104.548,2636.52,75.28,259.77,False,2026-03-11 17:39:52
a29661,NIT266,United States,31.2677,-82.8221,1821.18,35.94,166.76,False,2026-03-11 17:39:52
a1c64e,SKW5475,United States,49.9089,-97.2291,,10.29,84.38,True,2026-03-11 17:39:52
a72fe1,TWY562,United States,28.4636,-80.991,11887.2,205.04,340.2,False,2026-03-11 17:39:52
abbf49,SCX593,United States,44.7386,-93.4949,2834.64,160.0,196.63,False,2026-03-11 17:39:52
a3a3f6,N33345,United States,31.2003,-97.4413,1371.6,81.5,208.67,False,2026-03-11 17:39:52
ab1ffe,DAL2876,United States,40.6637,-111.9501,1790.7,101.72,355.07,False,2026-03-11 17:39:52
a54682,N439WA,United States,43.5269,-99.6312,4937.76,117.0,203.86,False,2026-03-11 17:39:52
c04738,CJT2386,Canada,43.2965,-80.2483,2080.26,120.77,135.0,False,2026-03-11 17:39:52
a593ce,N459CS,United States,36.5322,-76.232,1341.12,42.98,137.91,False,2026-03-11 17:39:52
aa19bc,N75WZ,United States,33.6132,-117.2887,3413.76,90.57,88.7,False,2026-03-11 17:39:52
ac7c21,WUP903,United States,39.7847,-90.2879,12504.42,303.1,83.18,False,2026-03-11 17:39:52
abc649,AAL2884,United States,35.4578,-77.3771,10355.58,221.52,221.8,False,2026-03-11 17:39:52
ac46e5,SGX890,United States,36.1814,-77.0665,9753.6,228.27,211.83,False,2026-03-11 17:39:52
a460d1,UPS2925,United States,41.1438,-93.3646,11277.6,293.48,73.5,False,2026-03-11 17:39:52
abd971,SWA1883,United States,39.3582,-95.0693,10972.8,185.92,253.77,False,2026-03-11 17:39:52
a39052,LXJ329,United States,39.2749,-77.1995,3497.58,202.69,63.3,False,2026-03-11 17:39:52
a8e1cc,DAL1889,United States,28.8608,-80.4123,11597.64,254.13,128.42,False,2026-03-11 17:39:52
a53f20,SWA743,United States,34.7613,-95.4391,10972.8,198.06,270.0,False,2026-03-11 17:39:52
aaf3b7,CXK532,United States,41.5727,-71.9735,1379.22,28.76,190.3,False,2026-03-11 17:39:52
abac22,N851M,United States,36.8797,-86.9017,13106.4,232.96,322.45,False,2026-03-11 17:39:52
acdf3b,N9287M,United States,41.1242,-73.4782,762.0,40.65,268.55,False,2026-03-11 17:39:52
aaf3af,CXK137,United States,37.2757,-77.4163,853.44,48.79,284.04,False,2026-03-11 17:39:52
a068c9,N1251J,United States,32.9458,-116.4644,2514.6,52.47,298.07,False,2026-03-11 17:39:52
a3afd3,N337AC,United States,36.2076,-115.1997,,0.0,47.81,True,2026-03-11 17:39:52
abb325,GTI8052,United States,43.2688,-114.5888,9448.8,299.05,141.99,False,2026-03-11 17:39:52
ab766a,DAL1933,United States,26.4246,-98.0227,10058.4,241.95,130.43,False,2026-03-11 17:39:52
a95179,N7SN,United States,30.0294,-95.0103,5372.1,214.69,6.05,False,2026-03-11 17:39:52
ab00b5,N808MN,United States,37.6347,-86.953,3139.44,157.99,107.43,False,2026-03-11 17:39:52
a82a75,TYSON45,United States,30.852,-101.2663,10668.0,242.37,120.48,False,2026-03-11 17:39:52
a1280a,N174AA,United States,50.4644,-125.667,11887.2,236.6,139.94,False,2026-03-11 17:39:52
a4267b,N367BW,United States,35.4753,-114.713,3101.34,108.43,202.31,False,2026-03-11 17:39:52
abc63a,NEW858,United States,25.9252,-80.1645,601.98,124.5,80.97,False,2026-03-11 17:39:52
ab5024,GPD828,United States,41.6939,-72.5941,906.78,132.73,32.33,False,2026-03-11 17:39:52
ac20a1,SWA2126,United States,39.1264,-97.4253,11582.4,196.92,246.11,False,2026-03-11 17:39:52
a39034,N329ES,United States,28.3849,-81.799,480.06,29.2,255.72,False,2026-03-11 17:39:52
a39033,ERU329,United States,29.1862,-81.0441,-22.86,49.26,245.31,False,2026-03-11 17:39:52
a9778d,SPA709,United States,35.826,-90.2402,10972.8,185.82,268.1,False,2026-03-11 17:39:52
a9b43f,AAL2802,United States,30.6641,-97.7352,10972.8,212.56,202.03,False,2026-03-11 17:39:52
a4000f,DAL2682,United States,42.2478,-83.4909,2499.36,138.36,28.66,False,2026-03-11 17:39:52
a2d359,SKW3818,United States,45.7967,-122.6769,1219.2,113.11,229.43,False,2026-03-11 17:39:52
a220cb,SWA4531,United States,28.2657,-82.7854,8686.8,224.3,0.26,False,2026-03-11 17:39:52
a96477,N704LU,United States,37.3292,-79.0546,746.76,44.94,254.05,False,2026-03-11 17:39:52
a749c8,EJA569,United States,36.3529,-108.6861,12496.8,223.82,49.94,False,2026-03-11 17:39:52
ad1986,AAL820,United States,45.8538,-114.2935,9761.22,183.18,268.87,False,2026-03-11 17:39:52
ac7c52,SWA3315,United States,30.955,-94.7178,9311.64,255.29,28.53,False,2026-03-11 17:39:52
a00812,DCM125,United States,29.1867,-81.0429,-15.24,60.76,244.95,False,2026-03-11 17:39:52
a4cfc7,N409TP,United States,26.5515,-82.0574,251.46,57.89,354.39,False,2026-03-11 17:39:52
ad9003,AAL2822,United States,32.2174,-81.0008,10058.4,237.08,16.0,False,2026-03-11 17:39:52
abac48,AAL1660,United States,33.9354,-118.4023,,23.66,264.38,True,2026-03-11 17:39:52
ac700e,N900KA,United States,47.6387,-122.3363,-45.72,29.18,170.87,False,2026-03-11 17:39:52
a6f17a,N54661,United States,38.4585,-121.4736,327.66,38.5,22.8,False,2026-03-11 17:39:52
ab5c85,ERU831,United States,29.4566,-81.4047,800.1,44.04,345.8,False,2026-03-11 17:39:52
a3ff61,LXJ357,United States,28.7285,-96.6965,7170.42,258.42,43.06,False,2026-03-11 17:39:52
ab635d,SWA2708,United States,35.3627,-110.3721,11277.6,251.45,103.13,False,2026-03-11 17:39:52
aba019,N8481N,United States,36.2745,-76.1446,167.64,55.34,185.87,False,2026-03-11 17:39:52
a9a120,N7199S,United States,33.9124,-118.2533,655.32,67.63,85.2,False,2026-03-11 17:39:52
ab00d6,DAL307,United States,42.4988,-99.401,10972.8,208.91,262.93,False,2026-03-11 17:39:52
a3901d,DAL873,United States,40.8725,-74.0373,4267.2,132.48,258.12,False,2026-03-11 17:39:52
ad5fef,DAL2157,United States,33.6347,-84.4106,,19.03,270.0,True,2026-03-11 17:39:52
aaa68a,SWA3913,United States,39.161,-76.6595,91.44,74.1,324.32,False,2026-03-11 17:39:52
ac7c67,EDV5340,United States,43.1251,-77.6709,,0.06,270.0,True,2026-03-11 17:39:52
ac33e2,SWA565,United States,32.3979,-99.9331,10972.8,234.75,253.71,False,2026-03-11 17:39:52
a0b8d6,ARCAT19,United States,33.2071,-116.5764,4632.96,94.66,270.31,False,2026-03-11 17:39:52
ae6d51,FH631,United States,30.6963,-87.0341,144.78,51.96,11.42,False,2026-03-11 17:39:52
aaf477,N805AG,United States,52.2871,-106.3401,13716.0,287.87,107.04,False,2026-03-11 17:39:52
ad9ac9,JBU816,United States,36.7578,-97.4848,10058.4,259.24,95.01,False,2026-03-11 17:39:52
ac212d,SWA4632,United States,30.9095,-86.4593,2506.98,159.67,64.01,False,2026-03-11 17:39:52
adfdd4,,United States,42.0343,-72.3069,396.24,116.78,314.11,False,2026-03-11 17:39:52
abbdfa,DAL444,United States,46.3979,-120.1406,8884.92,173.17,309.7,False,2026-03-11 17:39:52
ae1de3,SHWK414,United States,32.6489,-117.3622,-45.72,59.2,268.01,False,2026-03-11 17:39:52
0d001e,AMX793,Mexico,40.7778,-111.9752,,9.26,174.38,True,2026-03-11 17:39:52
a9fc34,RPA3442,United States,40.6924,-74.1716,,5.4,334.69,True,2026-03-11 17:39:52
ae7432,LY046,United States,30.8159,-87.1685,198.12,65.34,0.45,False,2026-03-11 17:39:52
c032e4,RNGR70,Canada,49.8936,-98.148,312.42,28.2,51.67,False,2026-03-11 17:39:52
ae6d59,EB016,United States,30.8204,-87.1788,152.4,45.41,4.55,False,2026-03-11 17:39:52
ae742e,EB747,United States,30.9894,-86.5646,1150.62,55.24,355.19,False,2026-03-11 17:39:52
ae6d57,LY014,United States,30.8154,-87.1532,175.26,44.43,5.31,False,2026-03-11 17:39:52
acddf8,EDV5357,United States,40.781,-73.8782,,2.57,303.75,True,2026-03-11 17:39:52
a7d673,DAL1358,United States,40.9991,-74.8737,6400.8,228.9,108.07,False,2026-03-11 17:39:52
a7bc58,JIA5282,United States,39.0039,-76.859,2461.26,102.68,222.56,False,2026-03-11 17:39:52
ae1dd9,FFAB123,United States,32.7519,-118.0884,548.64,67.59,274.37,False,2026-03-11 17:39:52
a12861,DAL549,United States,34.5328,-84.8305,6690.36,219.31,340.97,False,2026-03-11 17:39:52
a6a358,NJM527,United States,42.3327,-88.1404,10340.34,146.49,249.66,False,2026-03-11 17:39:52
a76c79,DAL332,United States,46.5631,-78.7054,9151.62,192.18,287.13,False,2026-03-11 17:39:52
aaf488,N805AZ,United States,33.6966,-118.3142,777.24,29.28,288.43,False,2026-03-11 17:39:52
a88c4e,N65VT,United States,32.4808,-102.63,3611.88,68.22,307.65,False,2026-03-11 17:39:52
a10e46,UAL1304,United States,39.6503,-102.8531,10972.8,189.65,241.84,False,2026-03-11 17:39:52
ac81cc,AAL1144,United States,41.9572,-87.593,1699.26,108.55,269.73,False,2026-03-11 17:39:52
ae7428,BR741,United States,30.627,-87.1326,198.12,47.33,0.62,False,2026-03-11 17:39:52
a64c9e,N505BB,United States,35.0717,-105.5312,11277.6,184.63,151.36,False,2026-03-11 17:39:52
ab148b,ASA581,United States,33.9364,-118.4231,,0.0,81.56,True,2026-03-11 17:39:52
ae7424,BR737,United States,30.6278,-87.1291,175.26,48.42,345.23,False,2026-03-11 17:39:52
a9accd,AAL2303,United States,34.9893,-107.0296,8831.58,252.2,72.67,False,2026-03-11 17:39:52
a6a354,JIA5446,United States,30.9643,-86.6382,3497.58,201.78,11.02,False,2026-03-11 17:39:52
ad04f2,N938SA,United States,40.8907,-74.2886,365.76,51.75,37.33,False,2026-03-11 17:39:52
a8dc4b,LXJ670,United States,33.6303,-111.9031,,0.0,45.0,True,2026-03-11 17:39:52
a830a0,N627DY,United States,33.1845,-117.4043,2377.44,82.43,348.48,False,2026-03-11 17:39:52
0d0c7c,AMX641,Mexico,35.8077,-80.9036,10972.8,213.29,217.26,False,2026-03-11 17:39:52
c07b59,CGUSM,Canada,43.6734,-79.6611,,4.63,225.0,True,2026-03-11 17:39:52
ace4bd,HER93,United States,38.6748,-85.1757,4312.92,211.49,71.57,False,2026-03-11 17:39:52
aaf47a,ASA1408,United States,37.8594,-120.677,11887.2,232.94,176.58,False,2026-03-11 17:39:52
acdde3,SWA3565,United States,36.9729,-121.6315,2545.08,132.1,341.14,False,2026-03-11 17:39:52
ae741e,FH731,United States,30.614,-86.9452,175.26,43.95,20.56,False,2026-03-11 17:39:52
a8d00a,WUP667,United States,31.2512,-93.1442,10149.84,190.83,239.01,False,2026-03-11 17:39:52
abfa65,DAL1082,United States,39.6484,-75.1467,10058.4,246.72,43.48,False,2026-03-11 17:39:52
a340fc,N309CJ,United States,43.7001,-86.5031,4244.34,165.66,154.23,False,2026-03-11 17:39:52
a830cd,TCF627,United States,27.5339,-80.7537,487.68,55.15,14.04,False,2026-03-11 17:39:52
a188af,N1983L,United States,34.7292,-79.099,1341.12,40.72,266.38,False,2026-03-11 17:39:52
c08260,,Canada,43.1765,-118.4552,10675.62,277.07,144.6,False,2026-03-11 17:39:52
abc4fa,N8579P,United States,29.6737,-95.6614,289.56,48.02,175.08,False,2026-03-11 17:39:52
a00855,N1009P,United States,39.3829,-121.4895,2773.68,63.72,21.8,False,2026-03-11 17:39:52
abaadd,SWA2074,United States,40.2669,-80.4844,3093.72,205.63,55.4,False,2026-03-11 17:39:52
a52099,N42982,United States,34.5578,-118.5446,2499.36,48.37,1.22,False,2026-03-11 17:39:52
aa568e,UAL496,United States,31.3406,-104.4152,11277.6,236.62,106.94,False,2026-03-11 17:39:52
a6a37e,JTL27,United States,32.5948,-110.628,6103.62,197.86,285.84,False,2026-03-11 17:39:52
ad04ea,N938RT,United States,32.5304,-82.3045,1775.46,83.14,310.99,False,2026-03-11 17:39:52
a96ffe,EJA707,United States,40.987,-82.0411,11887.2,225.02,175.41,False,2026-03-11 17:39:52
a9acb8,DAL724,United States,37.3223,-89.9402,11582.4,199.07,293.45,False,2026-03-11 17:39:52
a3a503,DAL1881,United States,30.5398,-89.8006,10363.2,218.03,191.02,False,2026-03-11 17:39:52
abb1de,SWA805,United States,37.4712,-105.6045,11887.2,255.88,81.56,False,2026-03-11 17:39:52
a10e23,UAL2635,United States,42.4595,-99.1375,10668.0,271.27,88.04,False,2026-03-11 17:39:52
aa5694,UAL678,United States,31.8228,-89.1691,10668.0,268.73,63.88,False,2026-03-11 17:39:52
a10e21,UAL567,United States,41.3477,-87.507,6553.2,219.93,147.61,False,2026-03-11 17:39:52
3c4a02,DLH444,Germany,47.724,-69.4327,11574.78,203.61,213.25,False,2026-03-11 17:39:52
ac2173,SWA1971,United States,32.9247,-84.0173,10668.0,247.55,153.59,False,2026-03-11 17:39:52
ae6d4d,LY627,United States,30.6131,-86.9447,205.74,39.15,86.99,False,2026-03-11 17:39:52
a3a509,DAL381,United States,31.0837,-101.7254,8526.78,212.28,281.75,False,2026-03-11 17:39:52
a04ed5,N119NG,United States,36.0587,-86.3972,601.98,47.31,226.76,False,2026-03-11 17:39:52
aae16b,TIV80,United States,39.0564,-107.7666,7475.22,197.26,69.86,False,2026-03-11 17:39:52
c032f3,RNGR29,Canada,49.9257,-98.1766,312.42,42.95,316.94,False,2026-03-11 17:39:52
a4bcec,EJA404,United States,29.523,-89.2767,5859.78,210.08,297.57,False,2026-03-11 17:39:52
a0e220,SKW4772,United States,40.5814,-99.9182,10668.0,265.74,80.87,False,2026-03-11 17:39:52
c07b0a,ACA591,Canada,31.3575,-92.6625,10363.2,194.43,240.52,False,2026-03-11 17:39:52
a976c7,JBU817,United States,41.7177,-71.0062,6705.6,194.2,218.11,False,2026-03-11 17:39:52
ae11cc,JEDI33,United States,30.2649,-87.6404,2385.06,100.25,277.96,False,2026-03-11 17:39:52
ae11cb,TIGER71,United States,28.9509,-100.5285,5402.58,104.43,0.28,False,2026-03-11 17:39:52
c032a2,WEN3667,Canada,52.3311,-117.3306,7315.2,130.01,302.56,False,2026-03-11 17:39:52
aa90a0,GTI4436,United States,47.9216,-120.1254,11102.34,175.84,275.88,False,2026-03-11 17:39:52
a8a6c0,PDT6005,United States,32.3652,-83.6375,7010.4,244.82,45.09,False,2026-03-11 17:39:52
a7cf3c,TCF602,United States,27.968,-80.5625,-22.86,31.08,155.56,False,2026-03-11 17:39:52
a34209,AAL2374,United States,41.5047,-89.9562,11582.4,176.64,236.4,False,2026-03-11 17:39:52
a89f54,ASI148,United States,33.69,-112.0395,655.32,46.48,84.92,False,2026-03-11 17:39:52
abaafe,SWA3787,United States,34.5326,-116.9083,4160.52,180.22,230.68,False,2026-03-11 17:39:52
aa90a7,JTL780,United States,37.4715,-106.3858,11887.2,247.85,58.32,False,2026-03-11 17:39:52
a34207,ASI871,United States,30.8821,-97.9516,1554.48,43.41,328.57,False,2026-03-11 17:39:52
a318ea,SWA1316,United States,32.8797,-117.4418,3200.4,153.11,306.25,False,2026-03-11 17:39:52
a7d630,AAL2462,United States,33.4378,-111.9964,,0.0,270.0,True,2026-03-11 17:39:52
a9bfc9,RPA3465,United States,32.6437,-105.1844,8404.86,245.36,211.19,False,2026-03-11 17:39:52
a0f566,AAL1547,United States,32.902,-97.0449,,0.64,123.75,True,2026-03-11 17:39:52
a5dcde,UAL1898,United States,40.1596,-95.2738,7620.0,248.4,16.48,False,2026-03-11 17:39:52
ae11be,JEDDA45,United States,28.3579,-99.6217,899.16,74.77,302.92,False,2026-03-11 17:39:52
a736e5,N564MM,United States,37.3101,-121.7997,121.92,34.99,323.97,False,2026-03-11 17:39:52
a7cf40,LXJ602,United States,41.5302,-88.1696,944.88,119.99,329.04,False,2026-03-11 17:39:52
c07b09,ACA1100,Canada,49.3105,-119.2831,9151.62,282.07,80.02,False,2026-03-11 17:39:52
a28ee7,SWA1817,United States,35.9178,-115.21,3444.24,162.13,131.78,False,2026-03-11 17:39:52
a438c3,DAL2632,United States,41.1916,-95.4266,4305.3,194.22,117.79,False,2026-03-11 17:39:52
ae11d0,JEDI69,United States,30.8737,-87.8133,563.88,118.76,307.96,False,2026-03-11 17:39:52
aab922,ENY3848,United States,41.7582,-76.4801,9814.56,203.46,290.27,False,2026-03-11 17:39:52
ae11d1,JEDI37,United States,30.2865,-87.8522,2392.68,98.79,269.1,False,2026-03-11 17:39:52
a22e62,N24HN,United States,40.4488,-105.0082,,3.09,132.19,True,2026-03-11 17:39:52
ad4d9d,N9562P,United States,35.6137,-81.6912,1950.72,34.0,259.54,False,2026-03-11 17:39:52
ad4d9e,N9562Q,United States,43.7551,-116.5602,1516.38,53.0,358.89,False,2026-03-11 17:39:52
a7cf78,N602JC,United States,41.6197,-81.1993,10828.02,221.29,120.14,False,2026-03-11 17:39:52
a91616,DAL1794,United States,33.1226,-83.7508,3360.42,169.09,318.45,False,2026-03-11 17:39:52
a88c3c,N65V,United States,34.6594,-120.1448,1889.76,74.35,341.44,False,2026-03-11 17:39:52
a8f607,LYM3712,United States,39.4671,-105.928,7924.8,172.16,250.27,False,2026-03-11 17:39:52
a593ff,ERU459,United States,29.278,-81.1102,152.4,43.12,250.48,False,2026-03-11 17:39:52
aa3c47,N759JG,United States,29.285,-82.4651,1455.42,59.88,188.9,False,2026-03-11 17:39:52
a3682b,,United States,34.9163,-80.0118,1485.9,77.53,39.08,False,2026-03-11 17:39:52
a5e3e4,EDV5415,United States,38.8861,-93.6589,11590.02,224.42,330.32,False,2026-03-11 17:39:52
acf906,JBU148,United States,40.7226,-85.7211,11277.6,274.2,89.89,False,2026-03-11 17:39:52
a96fc2,N707NG,United States,36.0799,-115.2233,1493.52,69.71,296.75,False,2026-03-11 17:39:52
c045f1,WJA2378,Canada,38.4476,-109.7923,10668.0,247.15,171.38,False,2026-03-11 17:39:52
aa06db,,United States,40.6236,-111.9963,,8.75,340.31,True,2026-03-11 17:39:52
a03bcd,RPA4630,United States,42.0025,-87.6713,1264.92,84.37,269.65,False,2026-03-11 17:39:52
ad3a7f,AAL1419,United States,35.3474,-80.9467,914.4,86.07,176.57,False,2026-03-11 17:39:52
ab7613,AAL168,United States,48.2808,-123.129,11887.2,299.78,92.85,False,2026-03-11 17:39:52
a09239,RPA4443,United States,39.9782,-82.9841,1562.1,93.87,244.0,False,2026-03-11 17:39:52
a1beb8,MDS211,United States,46.2296,-120.7142,7620.0,172.5,128.34,False,2026-03-11 17:39:52
a4b0cc,ERU401,United States,28.632,-80.8193,198.12,48.36,179.39,False,2026-03-11 17:39:52
ab1fbb,AAL1095,United States,30.1367,-83.9192,11277.6,249.56,150.21,False,2026-03-11 17:39:52
ad417b,TRF553,United States,32.7181,-96.2808,457.2,50.97,182.31,False,2026-03-11 17:39:52
a89f62,AAL633,United States,38.9582,-96.9059,9738.36,228.48,1.42,False,2026-03-11 17:39:52
ab39e3,SKW4103,United States,43.8885,-92.8594,6697.98,192.72,318.14,False,2026-03-11 17:39:52
a042d5,DAL2121,United States,38.0352,-106.9968,10378.44,207.59,241.91,False,2026-03-11 17:39:52
a96fd8,N707PD,United States,40.4739,-105.0229,1706.88,33.94,345.96,False,2026-03-11 17:39:52
c08887,WJA2536,Canada,25.9316,-97.2202,10058.4,239.57,125.74,False,2026-03-11 17:39:52
a896e0,N65221,United States,29.9044,-98.2769,1318.26,18.52,270.0,False,2026-03-11 17:39:52
a5cf82,UAL1391,United States,40.7049,-74.5939,1851.66,152.85,11.65,False,2026-03-11 17:39:52
a5cf80,N4736Y,United States,31.2874,-83.7527,381.0,46.71,191.43,False,2026-03-11 17:39:52
ac5ab7,SWA2219,United States,34.7048,-78.7802,9753.6,223.48,217.42,False,2026-03-11 17:39:52
a02e0a,AAL2942,United States,38.9386,-87.7772,10363.2,195.98,302.02,False,2026-03-11 17:39:52
a6a6f6,DAL1961,United States,40.6477,-73.7679,,7.72,30.94,True,2026-03-11 17:39:52
a3338c,SKW3830,United States,47.6236,-117.537,,1.29,343.12,True,2026-03-11 17:39:52
a260ed,SWA2578,United States,33.4287,-111.9548,487.68,72.54,270.0,False,2026-03-11 17:39:52
abf431,N87CB,United States,33.9037,-99.3862,8168.64,105.51,316.19,False,2026-03-11 17:39:52
abe101,SWA1442,United States,40.6993,-87.8759,9441.18,195.56,178.49,False,2026-03-11 17:39:52
a8496e,FFT1659,United States,38.4972,-75.5126,10363.2,236.39,186.0,False,2026-03-11 17:39:52
a69f88,DAL459,United States,44.6942,-97.9079,10058.4,263.79,99.32,False,2026-03-11 17:39:52
a6932d,N5223R,United States,25.898,-80.3076,91.44,35.44,76.57,False,2026-03-11 17:39:52
ac1448,N878CH,United States,43.9235,-101.3747,12192.0,157.66,273.18,False,2026-03-11 17:39:52
a33398,EJM515,United States,40.8795,-73.1251,3832.86,176.8,57.23,False,2026-03-11 17:39:52
abb7f7,UAL533,United States,42.3561,-71.0202,,7.72,300.94,True,2026-03-11 17:39:52
a6a6ca,N528BL,United States,35.487,-78.4185,373.38,54.26,21.7,False,2026-03-11 17:39:52
a87cb5,NDU646,United States,32.9865,-111.7499,662.94,50.66,212.56,False,2026-03-11 17:39:52
c01edf,,Canada,53.426,-113.1094,,0.51,244.69,True,2026-03-11 17:39:52
ad8dbc,CITT88,United States,37.6612,-97.9464,2956.56,110.59,15.65,False,2026-03-11 17:39:52
abf444,N87CW,United States,33.55,-112.281,365.76,42.0,210.96,False,2026-03-11 17:39:52
aae78b,N801WC,United States,33.2606,-97.0381,1219.2,129.13,217.55,False,2026-03-11 17:39:52
ad2d3d,N9480E,United States,41.1521,-75.3464,914.4,37.47,315.56,False,2026-03-11 17:39:52
aa844f,N777PB,United States,28.9291,-81.3346,906.78,76.48,227.73,False,2026-03-11 17:39:52
a69f97,N526DV,United States,34.7295,-91.4145,12192.0,171.71,293.11,False,2026-03-11 17:39:52
a70333,ASA595,United States,46.3137,-119.9931,10850.88,162.17,309.85,False,2026-03-11 17:39:52
ac74e4,SWA4622,United States,37.5379,-81.4468,11887.2,256.28,75.82,False,2026-03-11 17:39:52
a32056,ENY3479,United States,32.9075,-97.0461,,0.32,149.06,True,2026-03-11 17:39:52
a44c70,DAL787,United States,42.4636,-103.3398,9144.0,182.4,305.12,False,2026-03-11 17:39:52
ac74f9,EDV5302,United States,33.5969,-81.9134,5486.4,190.75,249.81,False,2026-03-11 17:39:52
a403df,AAL1626,United States,36.8304,-87.046,10363.2,192.3,258.27,False,2026-03-11 17:39:52
c00bf1,WEN3401,Canada,48.6751,-123.5614,548.64,76.62,104.78,False,2026-03-11 17:39:52
a0c068,N148A,United States,26.6508,-81.9216,259.08,30.95,158.55,False,2026-03-11 17:39:52
a5bc79,EJA469,United States,35.9299,-114.4157,3398.52,127.04,352.79,False,2026-03-11 17:39:52
a1e03e,N22SF,United States,38.3517,-101.3371,14325.6,226.09,246.82,False,2026-03-11 17:39:52
ad476e,N955CB,United States,36.4888,-114.7077,4015.74,98.45,56.73,False,2026-03-11 17:39:52
abda2f,N863CA,United States,26.4468,-81.5274,3291.84,179.35,52.34,False,2026-03-11 17:39:52
ac61bc,SWA3184,United States,32.1516,-104.1954,9144.0,227.99,263.13,False,2026-03-11 17:39:52
ae4d3a,DSTY610,United States,36.9552,-76.305,-38.1,3.64,171.87,False,2026-03-11 17:39:52
a7167f,JBU48,United States,40.6272,-74.046,1226.82,158.37,15.26,False,2026-03-11 17:39:52
a0d392,N152WA,United States,33.5914,-118.1228,175.26,44.83,273.29,False,2026-03-11 17:39:52
a9560d,N700RH,United States,42.8274,-87.9144,830.58,77.41,4.57,False,2026-03-11 17:39:52
a7acd6,LXJ594,United States,43.8098,-99.1345,13106.4,215.36,232.47,False,2026-03-11 17:39:52
ad81b9,ERY97,United States,40.9254,-81.742,4838.7,204.38,2.16,False,2026-03-11 17:39:52
a45353,UPS2919,United States,32.9152,-97.0614,,0.51,180.0,True,2026-03-11 17:39:52
aae79d,N801WW,United States,26.4336,-80.1794,449.58,83.2,139.51,False,2026-03-11 17:39:52
ad1a1d,WUP943,United States,38.5239,-95.5832,13106.4,192.93,254.85,False,2026-03-11 17:39:52
aa2dea,N755PJ,United States,34.2777,-105.1334,13106.4,196.84,281.46,False,2026-03-11 17:39:52
a0c075,AAL2243,United States,33.7876,-77.5463,10363.2,239.85,189.38,False,2026-03-11 17:39:52
ad7ab8,JBU2801,United States,31.5466,-104.2033,10370.82,216.69,279.02,False,2026-03-11 17:39:52
ae04aa,LOST12,United States,33.797,-118.0393,,0.0,140.62,True,2026-03-11 17:39:52
abda54,DAL2999,United States,34.0459,-84.8525,3794.76,192.23,139.23,False,2026-03-11 17:39:52
a56c9f,LXJ449,United States,33.8692,-84.3057,,4.63,289.69,True,2026-03-11 17:39:52
a81000,UAL1100,United States,39.5319,-93.7626,9448.8,272.47,82.41,False,2026-03-11 17:39:52
aa1aab,RKJ750,United States,38.9367,-118.804,14317.98,218.19,301.4,False,2026-03-11 17:39:52
a0480b,AAL2632,United States,37.8212,-84.8182,9159.24,220.38,321.44,False,2026-03-11 17:39:52
ac0143,SWA1931,United States,33.4321,-111.9954,,0.51,90.0,True,2026-03-11 17:39:52
a3201d,JCY300,United States,42.7058,-122.392,13106.4,218.88,357.31,False,2026-03-11 17:39:52
ac5ada,SWA1096,United States,39.422,-76.7703,2849.88,168.48,93.15,False,2026-03-11 17:39:52
a95635,N700SY,United States,34.3732,-80.5046,8229.6,152.47,14.46,False,2026-03-11 17:39:52
a32036,N300KC,United States,39.3579,-82.751,9723.12,213.69,285.64,False,2026-03-11 17:39:52
aba4ff,N85A,United States,30.3184,-88.4178,2286.0,83.38,88.23,False,2026-03-11 17:39:52
a6f616,N548EP,United States,30.193,-89.7663,982.98,50.34,11.2,False,2026-03-11 17:39:52
a6a6a9,SCJ52,United States,39.6736,-88.9724,12192.0,157.43,269.44,False,2026-03-11 17:39:52
ac61db,SWA1469,United States,39.8134,-104.6877,1836.42,81.29,0.73,False,2026-03-11 17:39:52
a105b0,EJA165,United States,37.3615,-121.9342,,0.0,227.81,True,2026-03-11 17:39:52
a118e0,N17WZ,United States,32.3438,-80.4746,2689.86,88.61,33.87,False,2026-03-11 17:39:52
a2be06,AAY464,United States,38.7831,-104.5695,9761.22,204.09,261.16,False,2026-03-11 17:39:52
a4fcc0,JRT20,United States,35.8953,-112.3662,9044.94,225.84,255.49,False,2026-03-11 17:39:52
a095ba,FRV137,United States,28.1319,-82.1443,9144.0,128.91,328.21,False,2026-03-11 17:39:52
aaba83,N7901C,United States,35.4354,-119.6948,2438.4,47.43,310.6,False,2026-03-11 17:39:52
acfa52,EDV5096,United States,38.5704,-82.2328,9525.0,241.11,109.05,False,2026-03-11 17:39:52
a44081,N373SA,United States,26.0658,-100.2027,952.5,62.21,226.01,False,2026-03-11 17:39:52
a6a6b7,ASA23,United States,45.4975,-75.2291,10363.2,202.98,314.79,False,2026-03-11 17:39:52
a03547,N112SX,United States,34.4902,-118.3549,1097.28,40.52,56.92,False,2026-03-11 17:39:52
c01ec5,,Canada,46.2985,-83.8561,7315.2,141.26,303.11,False,2026-03-11 17:39:52
a4c979,N4073X,United States,30.8613,-84.4127,731.52,61.66,17.98,False,2026-03-11 17:39:52
a08edf,N135MH,United States,38.4176,-77.2082,617.22,51.53,211.94,False,2026-03-11 17:39:52
a69f49,ASA338,United States,46.75,-122.5266,5402.58,174.33,352.54,False,2026-03-11 17:39:52
a523ab,FFT2748,United States,36.3268,-93.5131,11277.6,239.1,119.38,False,2026-03-11 17:39:52
c01ec6,FLE601,Canada,49.8395,-119.7551,12192.0,186.65,258.88,False,2026-03-11 17:39:52
a536f7,ASI3358,United States,33.8569,-112.0573,1615.44,58.7,221.09,False,2026-03-11 17:39:52
a08ef0,N135N,United States,35.5718,-82.58,944.88,60.77,103.21,False,2026-03-11 17:39:52
a41804,LXJ363,United States,39.1011,-94.6015,281.94,56.14,41.28,False,2026-03-11 17:39:52
ad2d99,N94822,United States,35.9825,-79.47,518.16,46.17,14.19,False,2026-03-11 17:39:52
ad81c1,N97ES,United States,31.8632,-100.42,6705.6,113.89,3.37,False,2026-03-11 17:39:52
ab6906,WUP834,United States,36.8884,-76.2004,,5.92,250.31,True,2026-03-11 17:39:52
ad479d,DAL2179,United States,33.5433,-83.3972,7010.4,255.08,80.48,False,2026-03-11 17:39:52
ad1a4e,SWA1517,United States,35.1717,-81.1631,3924.3,161.89,240.91,False,2026-03-11 17:39:52
ae543e,22558,United States,33.2637,-117.5432,518.16,115.26,333.21,False,2026-03-11 17:39:52
ac015f,SWA296,United States,33.4369,-98.9405,10523.22,226.97,293.37,False,2026-03-11 17:39:52
aa7d30,N775SF,United States,35.2528,-79.3621,342.9,44.4,316.88,False,2026-03-11 17:39:52
ac5afd,SWA4284,United States,39.9454,-93.4566,9753.6,191.06,236.87,False,2026-03-11 17:39:52
c08864,POE403,Canada,50.955,-101.0073,11582.4,211.51,289.32,False,2026-03-11 17:39:52
c08861,POE663,Canada,43.1843,-96.3472,10454.64,191.8,251.22,False,2026-03-11 17:39:52
acb1e5,AAL2773,United States,41.4741,-72.2237,5745.48,215.57,63.5,False,2026-03-11 17:39:52
c08862,POE507,Canada,43.5082,-79.5614,5097.78,149.44,200.56,False,2026-03-11 17:39:52
a380fc,N325B,United States,34.0785,-96.7149,9273.54,259.48,18.26,False,2026-03-11 17:39:52
a82300,CXK698,United States,32.5771,-97.1198,609.6,55.67,43.88,False,2026-03-11 17:39:52
ac0184,N873AJ,United States,29.4479,-81.5216,6766.56,116.36,2.28,False,2026-03-11 17:39:52
c0885e,POE571,Canada,38.3722,-78.0932,11582.4,219.02,213.5,False,2026-03-11 17:39:52
a789fb,N585RJ,United States,32.8164,-86.822,2994.66,112.93,356.08,False,2026-03-11 17:39:52
a5bc1f,N469MB,United States,29.1349,-81.0881,464.82,39.65,202.91,False,2026-03-11 17:39:52
a238a6,ENY4037,United States,29.8478,-83.1407,9677.4,209.14,337.28,False,2026-03-11 17:39:52
a5d648,UAL1973,United States,36.9214,-107.1374,10972.8,201.91,285.06,False,2026-03-11 17:39:52
c01ee6,WJA1468,Canada,42.9179,-112.6617,11277.6,246.42,171.72,False,2026-03-11 17:39:52
a5d643,UAL446,United States,37.341,-93.456,9144.0,195.8,261.08,False,2026-03-11 17:39:52
a9da5c,N734ES,United States,33.4083,-117.0816,1196.34,49.05,355.19,False,2026-03-11 17:39:52
a70328,CNS1210,United States,42.187,-71.1295,5013.96,143.35,139.22,False,2026-03-11 17:39:52
c08857,POE775,Canada,33.3185,-77.8541,11582.4,242.43,178.18,False,2026-03-11 17:39:52
a68c54,N52070,United States,34.0529,-117.654,518.16,45.8,268.71,False,2026-03-11 17:39:52
c01ebb,FLE2616,Canada,27.0046,-84.4044,11582.4,214.92,207.67,False,2026-03-11 17:39:52
add1c2,N99RA,United States,33.0585,-117.6051,2400.3,126.62,301.88,False,2026-03-11 17:39:52
a5c31b,SWA3234,United States,32.6314,-95.0767,10866.12,236.23,100.16,False,2026-03-11 17:39:52
c0750f,AHC1,Canada,49.8934,-125.1699,304.8,76.94,328.12,False,2026-03-11 17:39:52
a095aa,EDV5435,United States,34.082,-83.5171,7353.3,241.69,53.57,False,2026-03-11 17:39:52
c0751c,ROU1997,Canada,51.4796,-106.9601,10972.8,209.58,272.53,False,2026-03-11 17:39:52
c0884e,POE771,Canada,38.2939,-88.7271,11582.4,178.11,229.69,False,2026-03-11 17:39:52
c0884f,POE262,Canada,49.2825,-92.5023,11277.6,249.91,101.52,False,2026-03-11 17:39:52
a789ea,EJA585,United States,31.828,-78.1736,12192.0,224.52,195.28,False,2026-03-11 17:39:52
abda7e,CFS8699,United States,48.2225,-122.3179,1767.84,87.55,336.45,False,2026-03-11 17:39:52
ad2167,N945TC,United States,31.3065,-85.3066,350.52,52.79,105.26,False,2026-03-11 17:39:52
c08859,POE305,Canada,50.8519,-107.581,10972.8,204.56,275.19,False,2026-03-11 17:39:52
a81071,N619CT,United States,30.2217,-98.6579,1828.8,50.61,287.15,False,2026-03-11 17:39:52
c060fc,CGKSX,Canada,34.1455,-117.251,746.76,67.14,120.89,False,2026-03-11 17:39:52
a9ecff,N739FH,United States,44.6159,-93.5978,746.76,49.39,22.02,False,2026-03-11 17:39:52
a63e00,N501DP,United States,32.9001,-111.916,6294.12,172.15,154.89,False,2026-03-11 17:39:52
a37b0c,AAL2646,United States,35.1853,-103.5114,7924.8,221.4,267.6,False,2026-03-11 17:39:52
a07bef,RPA4494,United States,41.2317,-72.7351,7010.4,232.79,57.82,False,2026-03-11 17:39:52
a41840,N363JG,United States,30.5927,-115.0231,12496.8,257.87,140.18,False,2026-03-11 17:39:52
a3e51b,N350DC,United States,32.9268,-80.8789,6400.8,101.29,11.42,False,2026-03-11 17:39:52
a0e5f2,N157U,United States,41.7986,-111.9681,1844.04,51.37,262.52,False,2026-03-11 17:39:52
ade56d,N995CE,United States,41.7037,-92.0285,12192.0,189.18,258.23,False,2026-03-11 17:39:52
adde95,JBU619,United States,38.8691,-80.0077,9753.6,219.28,261.91,False,2026-03-11 17:39:52
a0cbd6,SKW5795,United States,36.7221,-95.0843,5288.28,157.6,243.02,False,2026-03-11 17:39:52
a07bfe,VJA130,United States,27.4155,-79.5562,7345.68,217.58,195.78,False,2026-03-11 17:39:52
a2886c,SWA2378,United States,38.9242,-88.308,10058.4,279.96,88.42,False,2026-03-11 17:39:52
a20bba,N2306R,United States,34.3189,-112.0321,2499.36,66.05,265.53,False,2026-03-11 17:39:52
ab0730,N81BV,United States,33.877,-118.3797,1066.8,44.24,180.0,False,2026-03-11 17:39:52
a4b5b6,SKW3306,United States,32.7352,-117.205,,5.4,230.62,True,2026-03-11 17:39:52
a33ead,N308SU,United States,45.5921,-123.1402,1112.52,49.11,337.2,False,2026-03-11 17:39:52
a3a8ef,FFT3648,United States,41.9882,-87.7434,937.26,84.37,270.35,False,2026-03-11 17:39:52
a9ecdb,N739DX,United States,34.2624,-118.4167,228.6,23.33,138.58,False,2026-03-11 17:39:52
a26e3a,EPI256,United States,28.858,-80.8388,327.66,37.56,156.6,False,2026-03-11 17:39:52
a082ac,AAL425,United States,36.7984,-106.3795,9753.6,201.52,283.43,False,2026-03-11 17:39:52
a8107d,N619DE,United States,38.0158,-121.6519,-91.44,23.78,308.85,False,2026-03-11 17:39:52
a1685e,N190CA,United States,35.4448,-77.569,6096.0,132.72,209.74,False,2026-03-11 17:39:52
a57ed4,N453SC,United States,36.1036,-93.7186,13106.4,194.1,294.26,False,2026-03-11 17:39:52
a6582c,N508FG,United States,39.9352,-74.6166,1379.22,34.94,193.63,False,2026-03-11 17:39:52
a51e3b,N429NA,United States,32.7862,-97.1751,419.1,62.38,86.22,False,2026-03-11 17:39:52
a01b56,DAL729,United States,36.8278,-90.8022,10675.62,254.97,100.7,False,2026-03-11 17:39:52
c038a7,ACA185,Canada,49.616,-121.663,8298.18,157.39,249.73,False,2026-03-11 17:39:52
a4fe48,N4202L,United States,41.1588,-74.2593,853.44,47.34,199.03,False,2026-03-11 17:39:52
a105e8,SKW5672,United States,41.8842,-87.7774,2118.36,152.28,90.0,False,2026-03-11 17:39:52
a03574,AAL2574,United States,33.4383,-112.0025,,0.0,146.25,True,2026-03-11 17:39:52
a0e5d2,N157ST,United States,44.5008,-117.9721,5913.12,109.58,331.39,False,2026-03-11 17:39:52
a105df,N165SP,United States,37.115,-113.155,1447.8,52.32,300.09,False,2026-03-11 17:39:52
a4c8de,RPA4721,United States,40.6067,-73.1736,2004.06,119.64,238.36,False,2026-03-11 17:39:52
a33eb5,AAL3029,United States,30.3029,-104.454,8839.2,255.74,134.43,False,2026-03-11 17:39:52
a8c0d2,QXE2148,United States,36.3583,-119.2334,2651.76,141.68,338.93,False,2026-03-11 17:39:52
a16883,DAL405,United States,42.5377,-95.419,10675.62,276.78,90.53,False,2026-03-11 17:39:52
a33eb1,SKW3783,United States,40.7492,-90.1158,10058.4,257.5,105.65,False,2026-03-11 17:39:52
a870ae,N643DC,United States,40.1293,-111.6452,1348.74,34.99,311.42,False,2026-03-11 17:39:52
aa6a8a,N770RM,United States,36.6503,-105.1006,12679.68,238.05,86.78,False,2026-03-11 17:39:52
c060bd,POE653,Canada,42.4759,-98.6697,10972.8,201.07,251.66,False,2026-03-11 17:39:52
c060bf,POE587,Canada,34.4823,-80.4694,11582.4,226.42,188.76,False,2026-03-11 17:39:52
a465df,UAL1310,United States,42.2081,-87.4365,1615.44,135.36,181.74,False,2026-03-11 17:39:52
c060bb,POE582,Canada,34.6708,-80.7442,11277.6,232.02,8.54,False,2026-03-11 17:39:52
a27595,N258DV,United States,32.4169,-86.9647,12496.8,252.69,124.05,False,2026-03-11 17:39:52
c060ba,POE302,Canada,44.51,-95.2718,11277.6,251.64,112.48,False,2026-03-11 17:39:52
a7f00a,N610PG,United States,26.8736,-79.8526,5135.88,184.38,160.1,False,2026-03-11 17:39:52
a2be6d,SKW3704,United States,33.9058,-118.6128,2049.78,147.64,200.39,False,2026-03-11 17:39:52
aae747,N801TK,United States,39.8395,-99.1083,7924.8,113.75,340.17,False,2026-03-11 17:39:52
a32bf6,N303RH,United States,36.8009,-121.5167,1104.9,59.61,201.25,False,2026-03-11 17:39:52
a87cf4,EJA646,United States,29.0474,-91.1185,12496.8,244.97,102.99,False,2026-03-11 17:39:52
a81c5b,N6210Q,United States,29.8719,-97.853,320.04,37.04,279.59,False,2026-03-11 17:39:52
aae751,N801TV,United States,32.8819,-96.7427,426.72,22.34,308.45,False,2026-03-11 17:39:52
a1427f,AAL1646,United States,32.4907,-109.4138,10058.4,250.73,100.64,False,2026-03-11 17:39:52
a32bcb,EDV4897,United States,42.2289,-83.3643,350.52,64.26,209.23,False,2026-03-11 17:39:52
a6e361,DAL347,United States,42.9396,-103.2427,9144.0,182.47,295.55,False,2026-03-11 17:39:52
c060c5,POE357,Canada,49.7703,-95.3827,11582.4,214.91,288.13,False,2026-03-11 17:39:52
a95694,N700WT,United States,36.3351,-105.409,8229.6,171.81,75.96,False,2026-03-11 17:39:52
a1a56d,RPA5618,United States,33.0981,-80.3968,9448.8,246.63,26.78,False,2026-03-11 17:39:52
c060c0,POE596,Canada,29.8582,-81.3574,11887.2,215.85,356.99,False,2026-03-11 17:39:52
c060c3,POE205,Canada,44.8166,-63.5755,426.72,71.65,35.06,False,2026-03-11 17:39:52
c060c2,POE570,Canada,32.6219,-80.7611,11277.6,236.29,22.94,False,2026-03-11 17:39:52
a25b75,N251CP,United States,33.8336,-117.6019,1584.96,81.01,118.03,False,2026-03-11 17:39:52
a38237,EDV5534,United States,33.6309,-84.4342,,0.06,337.5,True,2026-03-11 17:39:52
a9ecd5,N739DR,United States,45.8044,-108.5455,1059.18,32.1,291.63,False,2026-03-11 17:39:52
aa8493,N777RV,United States,35.9438,-114.9336,3535.68,80.15,228.12,False,2026-03-11 17:39:52
a38223,AAY3108,United States,35.3859,-85.37,11582.4,207.62,194.35,False,2026-03-11 17:39:52
ab8a25,N84234,United States,27.5482,-81.9376,944.88,46.2,82.32,False,2026-03-11 17:39:52
a38e69,JBU716,United States,42.935,-78.7309,,0.0,317.81,True,2026-03-11 17:39:52
ad3408,ASI642,United States,33.7454,-112.485,975.36,55.64,72.24,False,2026-03-11 17:39:52
aacd50,UAL2032,United States,35.2945,-94.3572,8534.4,204.34,216.81,False,2026-03-11 17:39:52
a3a8c0,DAL2508,United States,33.0269,-117.3529,3505.2,173.53,135.6,False,2026-03-11 17:39:52
a8d3b0,VJA668,United States,36.1173,-80.7269,12496.8,202.49,188.77,False,2026-03-11 17:39:52
a25b66,MXY730,United States,26.1507,-80.2499,1615.44,125.53,270.23,False,2026-03-11 17:39:52
a37b1c,SKW3836,United States,36.807,-107.9039,10241.28,246.32,159.33,False,2026-03-11 17:39:52
c060ca,POE513,Canada,26.6749,-79.7931,3985.26,175.24,197.42,False,2026-03-11 17:39:52
a465ac,N3824R,United States,35.039,-120.3884,1615.44,60.76,334.95,False,2026-03-11 17:39:52
a65817,N508EL,United States,39.1138,-104.4913,4152.9,131.22,286.16,False,2026-03-11 17:39:52
a3a8ba,DAL2279,United States,33.6454,-84.4244,,0.0,90.0,True,2026-03-11 17:39:52
ad340b,N95TV,United States,40.6151,-74.2429,30.48,0.51,180.0,False,2026-03-11 17:39:52
a082ff,,United States,30.1269,-81.5831,1272.54,45.86,273.22,False,2026-03-11 17:39:52
a6e376,JIA5653,United States,39.5334,-91.803,9753.6,173.12,239.85,False,2026-03-11 17:39:52
a9ecab,N739BZ,United States,41.2635,-104.7991,2651.76,33.5,356.48,False,2026-03-11 17:39:52
a27567,MXY739,United States,35.3581,-77.8045,11582.4,211.88,217.9,False,2026-03-11 17:39:52
a27569,N258CA,United States,33.3312,-117.2247,1905.0,54.21,4.9,False,2026-03-11 17:39:52
ad4747,AAL2131,United States,40.4827,-95.2765,9753.6,188.19,248.34,False,2026-03-11 17:39:52
a8102a,UAL1177,United States,34.9318,-101.5971,10668.0,258.85,164.56,False,2026-03-11 17:39:52
ab9126,N84400,United States,34.2495,-83.9623,1249.68,32.62,232.05,False,2026-03-11 17:39:52
ad4744,ASA1366,United States,29.6341,-107.9426,10668.0,248.12,113.59,False,2026-03-11 17:39:52
aaba1b,TCN790,United States,38.5588,-81.1467,13716.0,264.95,11.88,False,2026-03-11 17:39:52
a8dffc,FFT4190,United States,39.1865,-82.7177,7536.18,203.66,170.99,False,2026-03-11 17:39:52
a6d03b,00A50000,United States,41.8202,-108.6545,12192.0,184.66,274.15,False,2026-03-11 17:39:52
abed37,GTI8452,United States,25.7991,-80.3401,144.78,84.96,87.57,False,2026-03-11 17:39:52
a64578,DAL791,United States,34.9133,-108.1592,8526.78,216.52,262.22,False,2026-03-11 17:39:52
a89872,LXJ653,United States,40.7449,-73.4147,91.44,59.7,178.52,False,2026-03-11 17:39:52
a4f250,NWX418,United States,32.6113,-97.7806,1417.32,57.33,275.15,False,2026-03-11 17:39:52
a6322e,JRT99,United States,36.1301,-86.5535,2057.4,128.47,16.04,False,2026-03-11 17:39:52
a572f5,N450JS,United States,37.0235,-77.4043,13716.0,240.67,8.23,False,2026-03-11 17:39:52
c00c54,SUT3101,Canada,50.7433,-116.5389,8534.4,161.0,249.42,False,2026-03-11 17:39:52
780a67,CPA884,China,35.1841,-119.7263,9486.9,249.74,142.28,False,2026-03-11 17:39:52
a835d1,GXA6152,United States,27.4443,-96.5017,10363.2,199.95,207.42,False,2026-03-11 17:39:52
a56bfe,N4489X,United States,35.6229,-80.4833,1493.52,61.36,86.15,False,2026-03-11 17:39:52
ac0bc4,,United States,33.8132,-116.493,106.68,82.72,323.34,False,2026-03-11 17:39:52
a6322f,N499GT,United States,31.0011,-83.5325,906.78,57.65,122.98,False,2026-03-11 17:39:52
acd83d,DAL1546,United States,40.8804,-81.2719,9144.0,223.48,307.42,False,2026-03-11 17:39:52
ae1845,SB707,United States,32.9485,-118.8319,190.5,49.01,230.96,False,2026-03-11 17:39:52
acbe34,ASA368,United States,31.783,-100.7333,10668.0,253.4,138.87,False,2026-03-11 17:39:52
acbe33,N920AJ,United States,31.9422,-102.5183,1661.16,50.95,101.65,False,2026-03-11 17:39:52
aae5f7,DAL2565,United States,38.513,-106.2855,9753.6,229.75,227.45,False,2026-03-11 17:39:52
ad2baa,JBU1002,United States,38.141,-75.3777,10668.0,229.02,24.84,False,2026-03-11 17:39:52
acbe37,AAL2837,United States,33.0918,-79.8777,10972.8,213.81,219.43,False,2026-03-11 17:39:52
ae183f,SB704,United States,32.9525,-118.825,198.12,48.22,230.19,False,2026-03-11 17:39:52
a6456d,DAL295,United States,39.6975,-90.457,10363.2,262.78,334.49,False,2026-03-11 17:39:52
a09737,N137WS,United States,28.9948,-77.4563,13716.0,217.51,356.47,False,2026-03-11 17:39:52
ad7b17,AAL848,United States,32.8926,-97.0434,,3.34,115.31,True,2026-03-11 17:39:52
aa2e6f,AAL1438,United States,43.126,-77.6674,,0.0,87.19,True,2026-03-11 17:39:52
a2ab84,N271PM,United States,30.3096,-87.682,251.46,48.12,276.14,False,2026-03-11 17:39:52
c02655,WJA655,Canada,50.1286,-97.1947,10363.2,208.44,287.23,False,2026-03-11 17:39:52
ac754b,AAL533,United States,40.1371,-105.2156,8229.6,170.66,273.8,False,2026-03-11 17:39:52
ac5b43,SWA352,United States,39.8737,-104.5791,2080.26,104.87,105.95,False,2026-03-11 17:39:52
a4f24d,N418ES,United States,45.5492,-94.0295,556.26,50.58,133.76,False,2026-03-11 17:39:52
ac0bde,SWA3837,United States,33.544,-112.1474,3162.3,147.78,46.97,False,2026-03-11 17:39:52
ac12d6,SWA3159,United States,39.8763,-104.6621,,0.0,0.0,True,2026-03-11 17:39:52
abf2c2,SWA1250,United States,31.9101,-80.8249,10972.8,219.12,209.69,False,2026-03-11 17:39:52
c02683,CFOPE,Canada,44.7762,-80.164,6957.06,81.33,303.39,False,2026-03-11 17:39:52
a7fbbb,SKW5318,United States,37.6209,-122.3826,,5.66,208.12,True,2026-03-11 17:39:52
ac7573,N9011W,United States,27.6099,-82.1875,594.36,65.16,275.89,False,2026-03-11 17:39:52
ac6243,SWA1310,United States,41.2683,-95.8628,403.86,69.56,323.72,False,2026-03-11 17:39:52
c060b9,PTR2388,Canada,41.8987,-85.5497,7010.4,220.3,77.46,False,2026-03-11 17:39:52
c0267c,NOJ10,Canada,26.6289,-79.3261,7322.82,167.56,30.03,False,2026-03-11 17:39:52
a81bcc,SKW5480,United States,33.9386,-118.4017,,9.77,84.38,True,2026-03-11 17:39:52
abebbe,SWA2918,United States,34.4277,-105.8181,12504.42,235.24,87.99,False,2026-03-11 17:39:52
a4189f,DAL1012,United States,41.6006,-83.8688,6751.32,184.66,211.21,False,2026-03-11 17:39:52
aa1b39,NDU750,United States,33.1801,-111.6691,929.64,55.06,358.93,False,2026-03-11 17:39:52
a332db,N305KW,United States,28.7782,-81.7033,152.4,51.17,15.15,False,2026-03-11 17:39:52
a99e32,FWK719,United States,42.2449,-94.2107,10058.4,271.13,24.91,False,2026-03-11 17:39:52
ad953c,UAL2029,United States,38.3737,-118.4466,9753.6,273.85,80.48,False,2026-03-11 17:39:52
c0399b,CFVVE,Canada,50.6288,-113.1701,6758.94,123.35,297.85,False,2026-03-11 17:39:52
a75e7e,JIA5558,United States,38.5525,-82.463,6324.6,157.69,273.37,False,2026-03-11 17:39:52
abebe0,SWA3346,United States,33.8048,-92.4055,11887.2,266.66,38.26,False,2026-03-11 17:39:52
a2c574,AAY437,United States,36.1691,-109.1917,10058.4,237.31,46.93,False,2026-03-11 17:39:52
a702ca,N5507T,United States,37.688,-121.4415,-60.96,36.38,313.85,False,2026-03-11 17:39:52
a7c878,JIA5439,United States,35.1522,-85.7889,4960.62,186.54,319.81,False,2026-03-11 17:39:52
a2759b,N258EA,United States,33.3424,-112.5789,1897.38,45.8,268.71,False,2026-03-11 17:39:52
a4f26b,LXJ418,United States,39.8692,-86.6647,11887.2,281.4,90.21,False,2026-03-11 17:39:52
a452c4,DAL2790,United States,42.4419,-84.7505,8039.1,187.36,271.89,False,2026-03-11 17:39:52
a6a88c,VOI5852,United States,38.3808,-119.4462,11582.4,213.69,349.18,False,2026-03-11 17:39:52
a5c2dc,N470U,United States,41.6421,-71.4946,510.54,59.82,31.64,False,2026-03-11 17:39:52
780a8a,CPA830,China,40.8758,-73.546,769.62,79.84,244.43,False,2026-03-11 17:39:52
ac5b66,SWA3807,United States,33.6947,-117.5327,6614.16,234.86,77.09,False,2026-03-11 17:39:52
ac756c,AAL1463,United States,30.8547,-85.4442,11285.22,257.03,103.9,False,2026-03-11 17:39:52
a7650b,DAL619,United States,29.1675,-83.0849,10972.8,236.32,194.37,False,2026-03-11 17:39:52
a63e3a,LXJ501,United States,31.895,-104.9722,13716.0,212.49,283.87,False,2026-03-11 17:39:52
a6eeb9,JIA5254,United States,41.2939,-73.8174,914.4,78.32,189.83,False,2026-03-11 17:39:52
acd88e,DAL2102,United States,38.3218,-108.0029,9753.6,212.33,235.46,False,2026-03-11 17:39:52
a32d07,PFA323,United States,29.1365,-80.9932,1684.02,48.11,155.35,False,2026-03-11 17:39:52
ac6266,SWA1062,United States,34.7401,-78.2029,10668.0,240.31,38.22,False,2026-03-11 17:39:52
a6451b,N503AF,United States,33.0773,-96.8536,601.98,52.32,6.78,False,2026-03-11 17:39:52
adde69,N993GL,United States,37.6595,-122.1178,-121.92,1.46,315.0,False,2026-03-11 17:39:52
a4fe3a,N64RB,United States,40.1455,-112.0351,2468.88,40.51,197.74,False,2026-03-11 17:39:52
a26db7,N2559U,United States,43.653,-116.6512,670.56,27.65,135.0,False,2026-03-11 17:39:52
aa7ba7,AAL115,United States,34.5468,-111.9445,11148.06,225.88,271.04,False,2026-03-11 17:39:52
ade53c,CNS1211,United States,34.4735,-119.3582,3261.36,132.16,137.37,False,2026-03-11 17:39:52
aa7ba6,N775AM,United States,34.039,-118.7547,1226.82,44.81,102.6,False,2026-03-11 17:39:52
a06a26,N126BS,United States,39.4696,-74.9744,342.9,59.64,325.9,False,2026-03-11 17:39:52
a02dda,SKW5605,United States,34.4733,-117.4862,8526.78,219.3,54.26,False,2026-03-11 17:39:52
a7f096,SKW4653,United States,31.5522,-84.8596,10363.2,209.07,323.1,False,2026-03-11 17:39:52
ac5b89,SWA239,United States,39.9905,-75.5707,11582.4,209.26,226.69,False,2026-03-11 17:39:52
ade548,DAL2763,United States,34.2331,-84.4252,4823.46,218.39,16.98,False,2026-03-11 17:39:52
c01f28,FLE651,Canada,45.4328,-75.0341,10972.8,177.97,258.5,False,2026-03-11 17:39:52
a0e751,UAL1781,United States,30.044,-98.313,12184.38,215.08,197.83,False,2026-03-11 17:39:52
c07fb0,WJA632,Canada,45.3589,-92.9881,10668.0,265.75,101.61,False,2026-03-11 17:39:52
c07fb1,WJA473,Canada,49.6462,-120.5632,9494.52,151.02,245.44,False,2026-03-11 17:39:52
ade543,AAL1996,United States,37.898,-118.0096,10363.2,209.71,317.39,False,2026-03-11 17:39:52
aa95ac,EJA781,United States,33.8745,-85.3561,12496.8,249.18,140.36,False,2026-03-11 17:39:52
a08446,SKW5985,United States,39.7614,-103.8982,4693.92,206.36,99.18,False,2026-03-11 17:39:52
a6a82a,N528RN,United States,39.5283,-102.0761,13106.4,174.32,278.66,False,2026-03-11 17:39:52
acab3f,SWA2868,United States,47.3398,-122.313,1866.9,126.9,197.7,False,2026-03-11 17:39:52
a5d5ae,SWA334,United States,38.7301,-90.3227,304.8,61.95,302.11,False,2026-03-11 17:39:52
a968bb,SKW6227,United States,34.3143,-100.8307,9144.0,220.48,300.57,False,2026-03-11 17:39:52
a2b29c,N273LA,United States,41.7427,-73.1863,1524.0,69.96,90.0,False,2026-03-11 17:39:52
4bb0fa,,Turkey,43.0565,-111.6225,11582.4,244.73,195.23,False,2026-03-11 17:39:52
c07fb8,WJA961,Canada,51.2674,-109.2949,10972.8,205.6,273.3,False,2026-03-11 17:39:52
a19d2e,N203AF,United States,37.0688,-104.9024,11917.68,202.04,326.63,False,2026-03-11 17:39:52
aa3529,N757MM,United States,33.2729,-97.1594,662.94,36.49,201.5,False,2026-03-11 17:39:52
c01f1e,FLE700,Canada,49.1769,-120.9602,7132.32,236.89,80.37,False,2026-03-11 17:39:52
ad7b4d,EJA968,United States,34.1787,-78.6754,12496.8,243.5,65.01,False,2026-03-11 17:39:52
a287a4,ENY4026,United States,32.5735,-97.065,1691.64,110.38,58.53,False,2026-03-11 17:39:52
a7ae37,N594W,United States,38.2104,-91.3337,1821.18,75.59,246.75,False,2026-03-11 17:39:52
a167ad,N19V,United States,40.7465,-75.2896,883.92,41.39,237.69,False,2026-03-11 17:39:52
a56be4,N44886,United States,32.862,-117.2633,906.78,46.04,288.23,False,2026-03-11 17:39:52
a6eed5,GJS4512,United States,41.863,-87.9529,1813.56,135.22,175.42,False,2026-03-11 17:39:52
a7c849,EDV5418,United States,35.3756,-82.3507,9753.6,209.9,225.5,False,2026-03-11 17:39:52
c00c22,CFEPL,Canada,45.1511,-92.4672,2423.16,73.08,324.74,False,2026-03-11 17:39:52
a5255a,RPA4663,United States,41.2828,-78.127,10363.2,191.55,248.74,False,2026-03-11 17:39:52
a70eda,KOW554,United States,34.9609,-77.9917,11582.4,227.14,218.19,False,2026-03-11 17:39:52
ac6289,SWA2872,United States,40.5106,-86.2167,6515.1,211.73,343.19,False,2026-03-11 17:39:52
a5255d,CXK282,United States,39.3408,-76.433,121.92,35.66,136.17,False,2026-03-11 17:39:52
ae0583,CHILI84,United States,29.3222,-98.5711,487.68,83.32,46.25,False,2026-03-11 17:39:52
abf2ea,SWA2192,United States,41.7603,-88.0296,1455.42,130.15,281.4,False,2026-03-11 17:39:52
a06a02,CNS176,United States,42.934,-73.466,7924.8,192.9,236.31,False,2026-03-11 17:39:52
ae4bee,C2314,United States,32.7709,-83.2027,3604.26,101.0,243.7,False,2026-03-11 17:39:52
a51e7d,EJA429,United States,32.4088,-81.6932,7559.04,244.52,83.23,False,2026-03-11 17:39:52
c07fe9,WJA2412,Canada,31.1762,-99.2876,11887.2,236.74,172.26,False,2026-03-11 17:39:52
a715c6,ASA1425,United States,40.1385,-115.554,11277.6,254.75,143.29,False,2026-03-11 17:39:52
399bbb,13114R3A,France,30.631,-88.072,,0.0,90.0,True,2026-03-11 17:39:52
add21e,N99UT,United States,34.3618,-119.17,1272.54,42.71,279.01,False,2026-03-11 17:39:52
a2270f,RPA5634,United States,44.0574,-85.3217,9403.08,271.91,80.31,False,2026-03-11 17:39:52
acb258,N917TC,United States,37.9075,-77.8719,2735.58,76.79,93.46,False,2026-03-11 17:39:52
a70ee6,GJS4188,United States,44.3101,-80.065,10363.2,166.38,242.17,False,2026-03-11 17:39:52
ae4bdf,TACO65,United States,34.8498,-106.5152,1866.9,78.95,4.48,False,2026-03-11 17:39:52
a3828a,SKW4034,United States,42.7931,-93.8269,10066.02,268.54,22.29,False,2026-03-11 17:39:52
a87e26,,United States,29.1003,-98.5345,1104.9,53.79,192.71,False,2026-03-11 17:39:52
a90824,NKS268,United States,33.3855,-79.8722,10668.0,247.8,43.57,False,2026-03-11 17:39:52
a06a10,AVL126,United States,38.6901,-77.5376,601.98,33.17,246.22,False,2026-03-11 17:39:52
c06189,POE481,Canada,50.46,-117.5693,11582.4,191.29,253.76,False,2026-03-11 17:39:52
a154f2,N185TK,United States,34.9252,-120.0628,1264.92,71.65,327.91,False,2026-03-11 17:39:52
ae03fe,PAT680,United States,34.6615,-81.2646,7924.8,119.97,221.0,False,2026-03-11 17:39:52
c06183,POE551,Canada,32.0151,-81.0284,11582.4,238.73,180.86,False,2026-03-11 17:39:52
a44d1c,DAL1675,United States,36.6375,-76.803,10058.4,241.16,34.57,False,2026-03-11 17:39:52
abf396,SWA2818,United States,34.6681,-95.0728,10972.8,186.16,210.75,False,2026-03-11 17:39:52
a154e6,SKW3453,United States,32.5013,-111.5536,4488.18,188.05,118.25,False,2026-03-11 17:39:52
a26df9,MXY717,United States,36.9161,-76.3277,10668.0,233.98,30.96,False,2026-03-11 17:39:52
c0617d,POE470,Canada,43.1659,-79.925,,4.89,171.56,True,2026-03-11 17:39:52
a0713f,N12783,United States,33.0379,-96.9883,396.24,58.97,96.01,False,2026-03-11 17:39:52
c0617c,POE352,Canada,43.6583,-79.6218,274.32,69.13,46.21,False,2026-03-11 17:39:52
ade3eb,N9940V,United States,38.1955,-122.3059,152.4,49.68,21.25,False,2026-03-11 17:39:52
39a56f,FHJLP,France,45.7865,-74.4521,13106.4,199.66,277.25,False,2026-03-11 17:39:52
ac006d,SWA448,United States,36.2927,-90.0316,10972.8,182.31,256.79,False,2026-03-11 17:39:52
c0617a,POE441,Canada,51.2438,-105.8227,10972.8,209.17,277.63,False,2026-03-11 17:39:52
c06178,POE781,Canada,35.799,-80.0986,11590.02,212.84,201.85,False,2026-03-11 17:39:52
c06177,POE321,Canada,50.7823,-101.3668,10972.8,215.91,280.99,False,2026-03-11 17:39:52
ab18ac,ERU814,United States,29.1718,-81.0361,205.74,51.57,61.39,False,2026-03-11 17:39:52
c06173,POE671,Canada,43.5011,-95.888,10972.8,200.65,269.27,False,2026-03-11 17:39:52
a99290,N716CG,United States,42.9065,-62.7725,13106.4,223.7,266.44,False,2026-03-11 17:39:52
ae03ed,CAPX349,United States,38.5989,-76.8358,1219.2,102.38,5.77,False,2026-03-11 17:39:52
a657ad,JIA5602,United States,39.5185,-84.0698,6469.38,234.27,64.79,False,2026-03-11 17:39:52
a524a1,N430RM,United States,45.8153,-108.5053,1303.02,56.45,108.6,False,2026-03-11 17:39:52
a13acf,AMF1367,United States,35.26,-113.2018,6118.86,137.57,322.44,False,2026-03-11 17:39:52
abe075,SWA1669,United States,38.9692,-85.9038,9837.42,243.48,355.76,False,2026-03-11 17:39:52
a4671f,ASA815,United States,31.6836,-121.1912,11887.2,225.64,251.94,False,2026-03-11 17:39:52
a5d713,UAL1575,United States,39.8922,-103.6625,5958.84,211.64,81.61,False,2026-03-11 17:39:52
a9db6c,N734RP,United States,41.0041,-74.3902,853.44,52.27,331.16,False,2026-03-11 17:39:52
ad2c9f,RKJ948,United States,36.9587,-119.874,9403.08,255.8,75.32,False,2026-03-11 17:39:52
ab18bc,IFG814,United States,27.5155,-80.3633,243.84,47.89,357.54,False,2026-03-11 17:39:52
a657bf,AAL1878,United States,38.2939,-94.0022,9441.18,259.11,100.64,False,2026-03-11 17:39:52
a19d59,MXY249,United States,32.0122,-83.4867,11277.6,240.66,153.87,False,2026-03-11 17:39:52
a9ee84,N739WX,United States,36.3673,-115.3966,1798.32,56.79,137.2,False,2026-03-11 17:39:52
a3f7f6,N355G,United States,33.034,-116.7895,1112.52,33.18,352.87,False,2026-03-11 17:39:52
c0619b,POE543,Canada,25.8886,-80.3172,1729.74,118.33,298.57,False,2026-03-11 17:39:52
a69419,N523AF,United States,33.7753,-112.0608,1272.54,58.57,128.58,False,2026-03-11 17:39:52
ad2095,JBU2808,United States,28.9913,-93.776,10668.0,262.92,84.84,False,2026-03-11 17:39:52
a63dc1,N501BA,United States,28.3264,-81.4391,304.8,42.62,330.34,False,2026-03-11 17:39:52
c06196,POE384,Canada,45.7056,-74.0892,2667.0,141.9,136.18,False,2026-03-11 17:39:52
a98b7b,N714FW,United States,32.9244,-97.4076,274.32,29.83,327.68,False,2026-03-11 17:39:52
a9db62,N734RD,United States,44.736,-94.0769,510.54,49.14,132.88,False,2026-03-11 17:39:52
a7a28d,N591QS,United States,36.1202,-86.6721,,0.0,309.38,True,2026-03-11 17:39:52
c06197,POE641,Canada,40.47,-97.7314,10363.2,195.78,238.65,False,2026-03-11 17:39:52
a69415,N523AB,United States,40.0193,-105.0661,1737.36,58.07,352.87,False,2026-03-11 17:39:52
a63dc7,JIA5535,United States,42.3245,-77.8919,7970.52,193.17,189.81,False,2026-03-11 17:39:52
a06a54,DAL1179,United States,35.1756,-104.7169,10081.26,245.44,76.55,False,2026-03-11 17:39:52
a537ed,RPA4442,United States,39.555,-77.4961,10363.2,210.0,238.22,False,2026-03-11 17:39:52
a0c162,N148L,United States,41.8895,-88.9022,9395.46,199.62,251.05,False,2026-03-11 17:39:52
89639d,UAE5V,United Arab Emirates,41.9032,-71.3651,9189.72,261.52,75.88,False,2026-03-11 17:39:52
aae5a9,AAL2570,United States,26.3976,-80.9536,10058.4,222.93,2.25,False,2026-03-11 17:39:52
ab05aa,N8090F,United States,33.2466,-84.325,838.2,49.65,169.85,False,2026-03-11 17:39:52
aa1b9d,N750SD,United States,33.0258,-112.1776,4267.2,47.33,0.62,False,2026-03-11 17:39:52
abe09a,SWA2179,United States,33.719,-115.2221,11887.2,243.24,107.48,False,2026-03-11 17:39:52
a20153,CXK434,United States,38.7947,-104.7177,,8.75,177.19,True,2026-03-11 17:39:52
a31a54,UAL78,United States,54.0631,-123.7353,10668.0,292.11,104.79,False,2026-03-11 17:39:52
a8856d,UAL1999,United States,40.9758,-74.5191,4114.8,192.93,320.41,False,2026-03-11 17:39:52
a141ea,N180NT,United States,33.9733,-117.62,137.16,36.62,294.04,False,2026-03-11 17:39:52
a44d62,DAL1362,United States,38.222,-77.9172,10972.8,216.77,221.83,False,2026-03-11 17:39:52
ac1eba,N880KD,United States,30.9989,-81.992,9448.8,155.2,341.44,False,2026-03-11 17:39:52
a31a50,UAL2445,United States,33.9905,-117.8526,2232.66,146.63,263.15,False,2026-03-11 17:39:52
aaf8f1,JBU45,United States,37.0344,-101.2802,11590.02,183.41,316.59,False,2026-03-11 17:39:52
a822d1,EJA623,United States,43.167,-113.7765,7421.88,233.48,109.43,False,2026-03-11 17:39:52
a6327d,N499KW,United States,40.3239,-74.8856,944.88,51.53,328.06,False,2026-03-11 17:39:52
a822d6,QXE2270,United States,43.8301,-121.3421,10668.0,228.52,170.41,False,2026-03-11 17:39:52
a2147c,RPA5626,United States,39.5237,-75.2983,10668.0,240.92,43.27,False,2026-03-11 17:39:52
a7a25f,DAL1747,United States,30.4957,-81.2732,9837.42,254.15,176.29,False,2026-03-11 17:39:52
a9ee46,N739UK,United States,43.4902,-116.4497,1249.68,55.91,154.38,False,2026-03-11 17:39:52
a8ce4e,VAR667,United States,33.4288,-112.3686,,8.23,36.56,True,2026-03-11 17:39:52
c06167,POE510,Canada,28.7714,-81.1161,10302.24,212.2,340.16,False,2026-03-11 17:39:52
a37ac2,N323PH,United States,35.472,-97.4867,563.88,51.68,279.74,False,2026-03-11 17:39:52
ac25c4,FDX9007,United States,37.7371,-83.3885,10972.8,214.8,250.26,False,2026-03-11 17:39:52
ac25c5,CFS447,United States,47.8111,-122.142,1752.6,88.18,341.99,False,2026-03-11 17:39:52
ad45a4,AAL2284,United States,28.0224,-83.3108,7604.76,235.7,257.91,False,2026-03-11 17:39:52
a8859d,N6482M,United States,34.1812,-118.4982,525.78,36.79,222.17,False,2026-03-11 17:39:52
a98b2e,N714CU,United States,27.9707,-82.5423,975.36,38.07,90.0,False,2026-03-11 17:39:52
ab05e4,N80914,United States,34.3499,-118.8851,1005.84,54.35,139.22,False,2026-03-11 17:39:52
ab686f,AAL2904,United States,37.4072,-107.6989,11277.6,262.92,112.55,False,2026-03-11 17:39:52
a1e132,MXY257,United States,40.5077,-84.3448,10637.52,206.52,177.29,False,2026-03-11 17:39:52
a13af4,DAL531,United States,37.6509,-96.1434,10972.8,208.71,275.23,False,2026-03-11 17:39:52
a37ab5,AAY284,United States,40.3497,-119.3114,11894.82,251.63,149.4,False,2026-03-11 17:39:52
780a3e,CPA3504,China,38.6623,-121.2616,10668.0,261.94,160.85,False,2026-03-11 17:39:52
aa1b78,EJA750,United States,29.3483,-83.5907,8564.88,249.49,150.47,False,2026-03-11 17:39:52
a21477,N233JK,United States,44.4724,-120.3533,11887.2,205.63,198.07,False,2026-03-11 17:39:52
c06151,WEN3302,Canada,51.1348,-114.0137,,0.0,188.44,True,2026-03-11 17:39:52
a7a257,JIA5657,United States,36.454,-82.4005,7924.8,172.47,324.22,False,2026-03-11 17:39:52
ac6204,SWA4394,United States,29.7488,-98.5166,2788.92,156.34,18.61,False,2026-03-11 17:39:52
ad3ec9,N9522X,United States,37.8736,-78.4522,2468.88,65.41,357.3,False,2026-03-11 17:39:52
c0614d,WJA308,Canada,50.8081,-120.3298,8839.2,233.68,52.42,False,2026-03-11 17:39:52
a32116,AAL2986,United States,26.6031,-82.144,8557.26,236.09,139.51,False,2026-03-11 17:39:52
ac0bb9,SWA2149,United States,33.431,-111.9943,,8.23,272.81,True,2026-03-11 17:39:52
a8e87b,N673SP,United States,45.3048,-93.6279,876.3,55.41,257.12,False,2026-03-11 17:39:52
a51da1,LXJ429,United States,40.997,-110.5803,12496.8,264.67,131.22,False,2026-03-11 17:39:52
ac5b20,SWA3462,United States,27.6591,-83.1117,4541.52,203.33,263.9,False,2026-03-11 17:39:52
aa7e9b,UAL1826,United States,33.076,-116.3838,4305.3,204.77,216.01,False,2026-03-11 17:39:52
c07677,PAG14,Canada,50.7135,-98.6073,5760.72,156.36,131.4,False,2026-03-11 17:39:52
a2fa7b,BPX291,United States,29.2619,-81.3127,1310.64,65.92,330.03,False,2026-03-11 17:39:52
a14f0d,N1836T,United States,33.1196,-97.1288,922.02,85.1,75.29,False,2026-03-11 17:39:52
a44169,UAL1454,United States,26.3596,-81.9736,11277.6,252.26,118.24,False,2026-03-11 17:39:52
a68d6f,JBU2876,United States,37.5387,-75.8349,11285.22,234.57,34.0,False,2026-03-11 17:39:52
a1b917,N21VU,United States,26.9541,-80.3825,4213.86,170.81,338.07,False,2026-03-11 17:39:52
a44168,UAL529,United States,29.673,-83.7992,9494.52,236.55,150.7,False,2026-03-11 17:39:52
a55a66,N444KM,United States,45.5384,-107.6253,10965.18,192.21,291.35,False,2026-03-11 17:39:52
a44166,UAL1353,United States,37.4802,-77.7497,11277.6,236.46,32.65,False,2026-03-11 17:39:52
a4eaf5,N416FP,United States,41.8002,-111.8707,1508.76,49.6,185.36,False,2026-03-11 17:39:52
a1e194,,United States,28.5473,-81.3428,,0.06,357.19,True,2026-03-11 17:39:52
a70463,DAL466,United States,36.5529,-94.9,10972.8,197.6,268.66,False,2026-03-11 17:39:52
a69463,DAL1164,United States,35.625,-78.7779,10660.38,241.2,29.52,False,2026-03-11 17:39:52
abdb35,AAL1115,United States,33.6788,-80.6991,10972.8,258.64,134.6,False,2026-03-11 17:39:52
a28928,UAL1191,United States,35.7036,-115.7312,11277.6,235.49,50.85,False,2026-03-11 17:39:52
a8d4b0,UAL1054,United States,31.2418,-78.7183,10972.8,240.12,196.3,False,2026-03-11 17:39:52
c05004,ACA1034,Canada,45.6557,-114.7614,10668.0,280.73,130.17,False,2026-03-11 17:39:52
ad4890,N955PS,United States,36.5302,-114.755,7840.98,163.4,58.91,False,2026-03-11 17:39:52
a2fa6a,ENY3703,United States,34.2713,-79.7016,7406.64,200.08,315.63,False,2026-03-11 17:39:52
a8e7df,LFA532,United States,28.8135,-81.2403,655.32,41.99,277.04,False,2026-03-11 17:39:52
c05007,ACA977,Canada,34.5504,-100.7767,10363.2,244.41,213.76,False,2026-03-11 17:39:52
a83761,N62876,United States,39.4452,-76.9645,419.1,58.92,28.13,False,2026-03-11 17:39:52
ac289f,SWA4038,United States,36.0783,-115.1239,,0.06,90.0,True,2026-03-11 17:39:52
a4414a,DAL797,United States,37.8688,-92.223,10972.8,181.83,272.92,False,2026-03-11 17:39:52
a21fa1,RPA5678,United States,41.0015,-78.0794,9448.8,248.33,61.95,False,2026-03-11 17:39:52
ac62cc,SWA485,United States,41.7887,-87.757,,14.4,315.0,True,2026-03-11 17:39:52
c013d0,ACA785,Canada,38.3309,-109.9578,10972.8,200.65,232.4,False,2026-03-11 17:39:52
aa7e99,UAL1879,United States,33.974,-103.7994,9753.6,240.65,227.34,False,2026-03-11 17:39:52
a93d4e,PDT6080,United States,34.8239,-86.4544,1584.96,109.76,263.54,False,2026-03-11 17:39:52
a5aa3a,UAL2367,United States,47.3136,-122.7748,4251.96,153.84,255.87,False,2026-03-11 17:39:52
c06364,PTR2283,Canada,45.4614,-61.9819,7071.36,173.49,67.69,False,2026-03-11 17:39:52
c06366,PTR2722,Canada,42.5943,-78.7169,5791.2,179.41,338.29,False,2026-03-11 17:39:52
c06361,PTR2465,Canada,45.0571,-74.7728,4183.38,193.79,60.24,False,2026-03-11 17:39:52
a82467,N62348,United States,44.3147,-121.2999,1584.96,63.53,68.63,False,2026-03-11 17:39:52
a1f48f,N225LA,United States,34.0063,-118.3037,129.54,12.01,226.74,False,2026-03-11 17:39:52
aa7e7d,UAL565,United States,37.6207,-122.3743,,48.57,298.47,True,2026-03-11 17:39:52
a7a1b1,LXJ591,United States,35.782,-118.8614,13106.4,218.61,345.28,False,2026-03-11 17:39:52
a0c16a,FDL48,United States,40.9068,-73.2709,304.8,49.59,126.99,False,2026-03-11 17:39:52
c05c86,JZA7949,Canada,48.5953,-65.3932,8534.4,185.94,251.62,False,2026-03-11 17:39:52
a28904,UAL486,United States,31.3569,-81.4368,10668.0,220.21,359.06,False,2026-03-11 17:39:52
a95745,AAL677,United States,46.5686,-100.4873,10355.58,207.73,281.28,False,2026-03-11 17:39:52
c0635b,PTR2128,Canada,42.7536,-78.3625,6126.48,134.55,303.14,False,2026-03-11 17:39:52
a4eafd,LXJ416,United States,28.8594,-88.6168,13716.0,249.26,107.54,False,2026-03-11 17:39:52
c06358,PTR2942,Canada,43.4357,-74.8161,7315.2,145.71,290.67,False,2026-03-11 17:39:52
a33484,N3052A,United States,36.9734,-120.5219,762.0,71.36,158.43,False,2026-03-11 17:39:52
a7045b,JIA5552,United States,31.3104,-89.8858,9441.18,276.27,96.09,False,2026-03-11 17:39:52
aa1be0,AAL3046,United States,33.0737,-80.1563,11574.78,215.89,214.22,False,2026-03-11 17:39:52
a3479e,VJA310,United States,34.2171,-118.4898,,5.92,174.38,True,2026-03-11 17:39:52
c0501e,ACA1349,Canada,30.2538,-94.9417,10972.8,189.83,229.84,False,2026-03-11 17:39:52
a6d130,N5385D,United States,28.4871,-80.809,434.34,45.38,327.03,False,2026-03-11 17:39:52
a5617a,LXJ446,United States,28.7643,-87.7888,13098.78,209.56,300.22,False,2026-03-11 17:39:52
ab8b8c,NFX601,United States,35.9988,-120.3722,6096.0,132.92,317.67,False,2026-03-11 17:39:52
acb2ad,SWA27,United States,33.4489,-95.8094,5821.68,161.38,247.11,False,2026-03-11 17:39:52
a74ae4,N5691R,United States,33.151,-96.5645,441.96,39.53,198.2,False,2026-03-11 17:39:52
ac62f3,SWA2099,United States,28.2328,-87.436,11277.6,259.41,105.88,False,2026-03-11 17:39:52
a03618,UAL1888,United States,36.0754,-93.5211,11582.4,205.92,290.47,False,2026-03-11 17:39:52
aa6b43,RPA3667,United States,35.3263,-97.4507,1447.8,160.72,204.19,False,2026-03-11 17:39:52
a2d92a,ASA453,United States,47.1968,-121.7829,4625.34,153.53,303.8,False,2026-03-11 17:39:52
a524d8,N430TS,United States,38.7572,-121.1219,1866.9,63.88,30.49,False,2026-03-11 17:39:52
a4a439,N399AA,United States,28.2867,-81.4593,236.22,48.23,326.31,False,2026-03-11 17:39:52
abdb88,RPA4450,United States,41.1898,-77.4033,9448.8,248.89,106.45,False,2026-03-11 17:39:52
a0e6c6,UAL287,United States,43.6065,-93.183,9144.0,189.45,272.18,False,2026-03-11 17:39:52
a69424,ASA15,United States,35.1912,-103.6872,10363.2,216.67,257.38,False,2026-03-11 17:39:52
a1696b,AAY2244,United States,31.1211,-81.7155,10668.0,222.48,351.76,False,2026-03-11 17:39:52
a6a7d6,LFA315,United States,30.3423,-81.6857,381.0,54.53,90.54,False,2026-03-11 17:39:52
a68d32,FRG9521,United States,37.2147,-88.6597,3840.48,172.96,137.53,False,2026-03-11 17:39:52
aa35e1,AAL2306,United States,35.1491,-110.4812,10668.0,236.81,45.26,False,2026-03-11 17:39:52
a239e3,CXK644,United States,38.6741,-90.5623,510.54,33.2,257.47,False,2026-03-11 17:39:52
a239e0,UAL1658,United States,40.5416,-103.6376,7406.64,198.29,226.16,False,2026-03-11 17:39:52
ad3585,JSX1100,United States,30.4027,-78.8037,10972.8,236.38,195.4,False,2026-03-11 17:39:52
a4418c,UAL372,United States,35.2235,-97.4155,11277.6,238.65,130.45,False,2026-03-11 17:39:52
a2893a,N2623P,United States,45.0069,-94.2759,373.38,49.82,196.19,False,2026-03-11 17:39:52
add2ad,ASA446,United States,33.8435,-116.3183,2689.86,145.74,125.37,False,2026-03-11 17:39:52
a3d1ab,N345UH,United States,33.6403,-111.9257,487.68,38.6,158.91,False,2026-03-11 17:39:52
adcbd9,N98840,United States,32.4304,-97.2364,1219.2,64.2,173.56,False,2026-03-11 17:39:52
abf59b,N87SP,United States,30.7155,-87.8755,1653.54,86.49,310.42,False,2026-03-11 17:39:52
a63de2,N501CJ,United States,34.5201,-90.24,10363.2,127.62,277.41,False,2026-03-11 17:39:52
a6a7ae,N528LP,United States,40.9764,-74.3264,533.4,39.3,194.4,False,2026-03-11 17:39:52
a359c2,DAL2185,United States,39.0059,-108.9104,10668.0,257.85,60.21,False,2026-03-11 17:39:52
ad82e1,N97SE,United States,25.998,-80.2532,15.24,29.93,65.64,False,2026-03-11 17:39:52
a19cbb,N20267,United States,41.6822,-72.9891,1684.02,37.78,119.36,False,2026-03-11 17:39:52
a26308,N253EA,United States,33.3409,-112.4735,1623.06,39.64,267.77,False,2026-03-11 17:39:52
a083ba,N132MH,United States,41.8261,-111.8599,1341.12,35.68,174.21,False,2026-03-11 17:39:52
a13c43,SKW3487,United States,45.5877,-122.5969,,9.26,118.12,True,2026-03-11 17:39:52
c1e603,,Canada,45.4602,-73.7544,,2.57,50.62,True,2026-03-11 17:39:52
a083d1,N132NF,United States,29.7556,-95.4462,617.22,105.04,96.19,False,2026-03-11 17:39:52
4bb185,THY69W,Turkey,43.3953,-73.2394,11582.4,236.62,212.48,False,2026-03-11 17:39:52
a44197,DAL874,United States,39.5543,-100.5083,9753.6,186.34,300.53,False,2026-03-11 17:39:52
acc5fb,DAL1600,United States,36.0078,-83.8771,9326.88,252.46,7.96,False,2026-03-11 17:39:52
aa7e56,UAL2133,United States,41.9807,-87.9078,,3.86,8.44,True,2026-03-11 17:39:52
a68d44,GJS4529,United States,40.1734,-89.5704,10363.2,160.14,226.82,False,2026-03-11 17:39:52
a226c5,FFT3565,United States,42.6066,-88.8134,10363.2,176.09,272.34,False,2026-03-11 17:39:52
a359bc,DAL592,United States,33.6411,-84.424,,1.29,177.19,True,2026-03-11 17:39:52
a2d926,CNS45,United States,39.4314,-82.1835,4930.14,114.15,295.06,False,2026-03-11 17:39:52
a26f42,N256RC,United States,36.7271,-76.9084,12192.0,223.58,213.84,False,2026-03-11 17:39:52
a4417d,DAL1488,United States,32.5353,-81.4555,11277.6,244.04,30.67,False,2026-03-11 17:39:52
aa7e3a,SWA386,United States,30.3284,-83.9462,11887.2,245.33,158.6,False,2026-03-11 17:39:52
aa2ed8,RPA3632,United States,34.0396,-86.6463,8534.4,188.92,306.03,False,2026-03-11 17:39:52
a7adb2,EJA594,United States,39.1717,-112.7545,11887.2,208.41,17.67,False,2026-03-11 17:39:52
a7c7bf,FFS00,United States,29.6462,-81.6386,998.22,84.88,89.65,False,2026-03-11 17:39:52
a28947,UAL779,United States,31.5462,-98.7825,8511.54,218.38,316.91,False,2026-03-11 17:39:52
aa1ba3,SKW6225,United States,38.0762,-92.748,10972.8,179.58,245.64,False,2026-03-11 17:39:52
c00cd6,WJA2696,Canada,38.2556,-84.9131,11277.6,255.76,135.9,False,2026-03-11 17:39:52
a4eabb,N416DF,United States,39.4367,-121.6393,2484.12,74.51,18.94,False,2026-03-11 17:39:52
c01ff2,CFMCN,Canada,49.2001,-123.1852,,9.26,177.19,True,2026-03-11 17:39:52
abe28f,N865MT,United States,27.7654,-82.641,0.0,4.74,139.4,False,2026-03-11 17:39:52
a119f8,DLX170,United States,37.5148,-122.2521,,0.06,210.94,True,2026-03-11 17:39:52
a56d7b,EJA449,United States,38.5474,-75.1519,5234.94,203.69,24.95,False,2026-03-11 17:39:52
a01c37,AAL179,United States,48.2381,-90.8581,10370.82,190.4,268.61,False,2026-03-11 17:39:52
a5b10d,N466MW,United States,34.0347,-118.2452,990.6,95.73,83.83,False,2026-03-11 17:39:52
a07cc7,SUB45,United States,35.3816,-87.0256,7345.68,125.55,319.65,False,2026-03-11 17:39:52
ae4e8f,BRCAT05,United States,33.3131,-104.1486,4084.32,72.29,184.9,False,2026-03-11 17:39:52
a6dd36,N541SC,United States,34.2533,-118.3259,2644.14,138.75,154.29,False,2026-03-11 17:39:52
a106bf,CXK171,United States,37.8125,-121.7532,1386.84,61.39,76.43,False,2026-03-11 17:39:52
a70432,N551LX,United States,39.845,-77.1591,876.3,11.88,17.65,False,2026-03-11 17:39:52
abdb9a,N863SP,United States,43.5802,-96.7376,,4.37,19.69,True,2026-03-11 17:39:52
a3d302,UAL2487,United States,40.7321,-89.3805,7665.72,242.36,41.47,False,2026-03-11 17:39:52
a3a9eb,AAL1672,United States,31.7768,-106.1238,10012.68,244.71,106.11,False,2026-03-11 17:39:52
ab9e13,MTN8313,United States,40.142,-75.1837,1531.62,104.01,62.29,False,2026-03-11 17:39:52
ab4ea9,CMB548,United States,36.6458,-79.433,11582.4,226.26,216.4,False,2026-03-11 17:39:52
a27676,AAY3159,United States,34.5163,-83.273,9745.98,238.26,339.92,False,2026-03-11 17:39:52
a25c4f,NIT251,United States,32.9329,-82.9991,1150.62,61.85,11.03,False,2026-03-11 17:39:52
a1f3c8,N225CB,United States,34.4218,-119.8256,2499.36,55.48,288.94,False,2026-03-11 17:39:52
ac507e,N893AE,United States,40.9968,-72.815,11887.2,234.78,42.96,False,2026-03-11 17:39:52
ac2813,SWA2252,United States,30.8192,-86.3367,11285.22,268.62,91.43,False,2026-03-11 17:39:52
a333ae,AAL1349,United States,30.1793,-97.6584,,0.0,149.06,True,2026-03-11 17:39:52
acb39c,PFA347,United States,27.814,-80.4247,441.96,41.48,246.61,False,2026-03-11 17:39:52
a609d4,UAL1793,United States,40.3089,-87.8638,10942.32,190.9,178.76,False,2026-03-11 17:39:52
a0103b,DAL2195,United States,32.2783,-80.6925,10965.18,220.21,214.92,False,2026-03-11 17:39:52
ab68c8,N834SB,United States,34.2529,-117.3394,1508.76,54.02,0.55,False,2026-03-11 17:39:52
a32cd4,N3030E,United States,36.0096,-79.3607,1783.08,20.01,223.96,False,2026-03-11 17:39:52
a2c62c,N278WD,United States,39.0199,-75.8174,914.4,73.87,117.81,False,2026-03-11 17:39:52
a2d95e,CSB529,United States,32.7828,-116.0533,5402.58,171.07,262.92,False,2026-03-11 17:39:52
ab68d0,SKW3590,United States,36.6882,-90.6743,9563.1,179.06,188.76,False,2026-03-11 17:39:52
a3962d,DAL2412,United States,33.8961,-80.6236,10668.0,244.84,29.31,False,2026-03-11 17:39:52
a8116a,N619NS,United States,28.9424,-81.0932,289.56,47.47,175.65,False,2026-03-11 17:39:52
a53975,AAL1966,United States,35.5858,-108.5879,8534.4,219.57,257.69,False,2026-03-11 17:39:52
a26f6f,SKW4116,United States,36.1244,-86.6694,,6.17,320.62,True,2026-03-11 17:39:52
a2c635,SWA3427,United States,43.42,-95.6364,11582.4,202.1,285.81,False,2026-03-11 17:39:52
a80a97,SKW5273,United States,39.6597,-87.0158,7536.18,222.16,120.78,False,2026-03-11 17:39:52
a213d9,N233CB,United States,33.2374,-117.4088,1767.84,58.18,291.8,False,2026-03-11 17:39:52
a9e1db,N736FJ,United States,42.3599,-122.8988,617.22,49.48,154.77,False,2026-03-11 17:39:52
ac508b,DAL1286,United States,33.4997,-84.6259,3604.26,150.62,44.17,False,2026-03-11 17:39:52
abb8a0,SWA2480,United States,39.9916,-82.8718,320.04,74.77,273.95,False,2026-03-11 17:39:52
a69fac,N526ER,United States,40.9449,-73.2096,944.88,68.59,65.16,False,2026-03-11 17:39:52
a37c1c,JBU2151,United States,37.94,-75.5407,10972.8,221.18,214.58,False,2026-03-11 17:39:52
a991e5,N71562,United States,30.4091,-91.2662,3017.52,100.39,310.22,False,2026-03-11 17:39:52
a0ccd2,N1502E,United States,36.175,-76.2971,571.5,54.99,109.11,False,2026-03-11 17:39:52
a5cfba,N4738L,United States,35.9244,-80.5364,1737.36,72.09,87.55,False,2026-03-11 17:39:52
a106f5,N1652X,United States,34.6966,-118.7802,2476.5,72.06,331.42,False,2026-03-11 17:39:52
a76622,EJA576,United States,32.5493,-97.0914,6705.6,141.42,196.92,False,2026-03-11 17:39:52
a1a63d,SKW5756,United States,43.1382,-85.4368,7010.4,247.96,90.0,False,2026-03-11 17:39:52
a1fff2,ENY3517,United States,34.5159,-96.4917,10363.2,188.74,199.42,False,2026-03-11 17:39:52
ad4813,N955JS,United States,35.9772,-115.1364,,5.66,180.0,True,2026-03-11 17:39:52
a93d9f,DAL2836,United States,33.3045,-83.9585,2346.96,142.23,314.85,False,2026-03-11 17:39:52
4bb193,THY49Q,Turkey,45.8765,-98.2117,11574.78,249.68,193.46,False,2026-03-11 17:39:52
ac2836,SWA410,United States,38.5772,-92.1875,10668.0,291.28,37.03,False,2026-03-11 17:39:52
a9a798,N721DK,United States,33.7889,-111.1958,3025.14,86.02,96.87,False,2026-03-11 17:39:52
a729df,N5604S,United States,40.4507,-103.1905,2781.3,93.63,167.95,False,2026-03-11 17:39:52
a2895c,N2624N,United States,42.6824,-71.1768,342.9,30.97,41.63,False,2026-03-11 17:39:52
c07601,CGSRW,Canada,48.3758,-89.3097,,11.83,70.31,True,2026-03-11 17:39:52
a62c1a,SWA1589,United States,33.3984,-87.638,11582.4,193.93,239.56,False,2026-03-11 17:39:52
a26f58,N256S,United States,32.9939,-83.2181,2682.24,86.6,166.95,False,2026-03-11 17:39:52
ac0e33,N876SC,United States,32.3897,-97.2293,906.78,54.77,174.61,False,2026-03-11 17:39:52
a1300a,FXC33,United States,40.9057,-73.8635,312.42,78.91,247.78,False,2026-03-11 17:39:52
a63f4e,SKW6249,United States,34.2545,-119.3576,6995.16,184.73,318.27,False,2026-03-11 17:39:52
abb8c4,SWA3293,United States,37.1167,-103.3442,9144.0,215.13,248.1,False,2026-03-11 17:39:52
ab68f9,UAL2185,United States,39.5855,-101.9006,8732.52,266.18,95.55,False,2026-03-11 17:39:52
a01037,DAL596,United States,29.9934,-95.1133,1112.52,105.98,270.28,False,2026-03-11 17:39:52
a1ffe0,N228MV,United States,32.5586,-81.3775,9144.0,161.02,168.76,False,2026-03-11 17:39:52
ac0e1a,N876RC,United States,33.9029,-83.563,1325.88,81.17,149.53,False,2026-03-11 17:39:52
a69fce,CXK562,United States,35.6876,-79.2498,952.5,33.25,188.0,False,2026-03-11 17:39:52
a38367,JBU1680,United States,38.9049,-77.2084,1844.04,104.77,315.8,False,2026-03-11 17:39:52
a871cf,EJA643,United States,36.2864,-90.9556,12192.0,170.8,270.0,False,2026-03-11 17:39:52
acd8c9,N927GH,United States,28.8745,-82.1073,906.78,48.12,28.76,False,2026-03-11 17:39:52
a3a9af,AAL1823,United States,34.4304,-84.4652,10668.0,232.9,159.84,False,2026-03-11 17:39:52
a9ede9,N739QS,United States,38.0691,-75.7612,12184.38,227.53,204.02,False,2026-03-11 17:39:52
a93d7c,EDV5228,United States,41.8106,-78.9273,8839.2,262.66,44.21,False,2026-03-11 17:39:52
a871d4,QXE2285,United States,34.4913,-116.6834,5951.22,171.77,313.3,False,2026-03-11 17:39:52
a7ea3f,N609SA,United States,33.6687,-97.1902,396.24,41.54,277.83,False,2026-03-11 17:39:52
a9ede0,N739QH,United States,30.2388,-88.021,228.6,33.69,262.98,False,2026-03-11 17:39:52
ac2859,,United States,30.2003,-97.6649,,6.17,81.56,True,2026-03-11 17:39:52
a8d4f6,UAL1101,United States,38.4961,-79.5092,7551.42,240.82,75.4,False,2026-03-11 17:39:52
a7b4ea,JIA5432,United States,40.8769,-88.4247,9753.6,182.38,285.88,False,2026-03-11 17:39:52
aa6b9d,UAL1321,United States,39.67,-77.2546,9753.6,210.61,238.48,False,2026-03-11 17:39:52
a8d4ef,UAL2145,United States,42.2658,-87.9396,3291.84,162.37,5.82,False,2026-03-11 17:39:52
a1a68b,N205WA,United States,28.3405,-95.6148,10363.2,186.17,255.27,False,2026-03-11 17:39:52
a01097,RPA4382,United States,38.4705,-93.9373,5600.7,182.3,331.7,False,2026-03-11 17:39:52
a7b4f2,DAL770,United States,30.2551,-83.8761,9753.6,220.52,327.87,False,2026-03-11 17:39:52
ae4e09,CHEAT21,United States,35.69,-93.7519,3360.42,164.45,131.07,False,2026-03-11 17:39:52
a320c1,EJA300,United States,39.5416,-105.0912,5204.46,169.63,176.17,False,2026-03-11 17:39:52
a2b348,SKW4180,United States,42.0422,-114.3408,11582.4,171.41,295.8,False,2026-03-11 17:39:52
a51f0f,SWA2958,United States,32.7573,-117.2427,548.64,106.44,303.77,False,2026-03-11 17:39:52
ae4e02,C6050,United States,41.6662,-70.5123,213.36,42.82,38.66,False,2026-03-11 17:39:52
a07e01,N1303Q,United States,28.7558,-80.931,609.6,41.48,7.13,False,2026-03-11 17:39:52
a9dac2,N734JU,United States,32.5233,-78.1836,11277.6,228.63,7.11,False,2026-03-11 17:39:52
ab9e5a,EJM848,United States,38.7641,-100.4124,14325.6,226.77,196.34,False,2026-03-11 17:39:52
ad8ed7,AAL2074,United States,31.7933,-81.1412,11277.6,238.19,25.18,False,2026-03-11 17:39:52
ac62a9,SWA434,United States,43.2062,-117.5705,11582.4,176.1,313.82,False,2026-03-11 17:39:52
a3e618,N350PF,United States,30.784,-83.846,2987.04,96.83,322.34,False,2026-03-11 17:39:52
a320a6,EDV5010,United States,36.3551,-77.9028,4671.06,169.2,223.64,False,2026-03-11 17:39:52
a3df1e,DAL677,United States,37.3294,-93.2337,10668.0,249.07,108.17,False,2026-03-11 17:39:52
c061fd,CGLCU,Canada,34.9462,-115.2745,8542.02,209.59,15.81,False,2026-03-11 17:39:52
abb8ea,SWA8606,United States,41.9791,-87.9908,1874.52,144.05,0.61,False,2026-03-11 17:39:52
aa7288,AAL2639,United States,33.4331,-112.1036,1082.04,116.38,272.53,False,2026-03-11 17:39:52
a25c6e,ENY3607,United States,39.314,-93.6118,10363.2,181.53,228.68,False,2026-03-11 17:39:52
a6ca7f,ASA1325,United States,47.4477,-122.3111,,3.6,5.62,True,2026-03-11 17:39:52
acc5aa,DAL1195,United States,33.0942,-86.502,9212.58,208.29,252.91,False,2026-03-11 17:39:52
ad95c9,CAP2143,United States,45.4888,-93.9774,746.76,39.06,319.81,False,2026-03-11 17:39:52
ac5bb9,DOW896,United States,38.9695,-77.453,,0.0,92.81,True,2026-03-11 17:39:52
ae683e,0  YP,United States,35.9089,-77.6427,9753.6,221.27,218.2,False,2026-03-11 17:39:52
ac1547,AAL2600,United States,42.9334,-83.9134,9144.0,201.05,254.72,False,2026-03-11 17:39:52
a213e9,N233CT,United States,34.8055,-78.9527,1645.92,96.52,121.49,False,2026-03-11 17:39:52
abf51b,N87ML,United States,36.0462,-83.9657,1440.18,89.5,167.72,False,2026-03-11 17:39:52
a8d4d2,UAL1607,United States,39.4797,-104.3784,3246.12,140.84,297.88,False,2026-03-11 17:39:52
a2766f,ENY3709,United States,43.0658,-75.5897,7924.8,204.36,272.02,False,2026-03-11 17:39:52
a6e48a,N543RB,United States,33.1057,-85.5618,2651.76,105.23,100.71,False,2026-03-11 17:39:52
a9f4c6,RPA3685,United States,41.2036,-79.8571,7924.8,188.07,280.88,False,2026-03-11 17:39:52
ac287c,SWA813,United States,38.4443,-78.6473,8229.6,243.22,72.14,False,2026-03-11 17:39:52
a39662,LXJ330,United States,35.4614,-109.0128,13106.4,213.76,262.53,False,2026-03-11 17:39:52
a81163,NKS1530,United States,29.6737,-81.1056,5935.98,204.0,168.8,False,2026-03-11 17:39:52
ab8b56,DAL1628,United States,33.9702,-118.24,739.14,83.98,244.22,False,2026-03-11 17:39:52
aace76,N796BP,United States,47.7377,-117.6717,662.94,31.58,257.77,False,2026-03-11 17:39:52
a8d4cc,UAL403,United States,30.3134,-84.1987,11277.6,250.21,139.17,False,2026-03-11 17:39:52
acc5a5,AAL415,United States,32.9146,-97.0319,,3.6,0.0,True,2026-03-11 17:39:52
a3965c,FFT2523,United States,40.7861,-111.9767,,3.6,174.38,True,2026-03-11 17:39:52
aace85,N796CD,United States,26.7237,-81.6941,350.52,87.64,273.7,False,2026-03-11 17:39:52
a95795,,United States,32.9844,-85.0357,701.04,51.08,117.6,False,2026-03-11 17:39:52
a14380,SWA2484,United States,42.48,-97.4887,10972.8,195.76,273.01,False,2026-03-11 17:39:52
a190cf,N20MT,United States,39.5026,-111.3624,7871.46,200.17,178.67,False,2026-03-11 17:39:52
a63f16,N501QS,United States,31.0914,-116.1772,9799.32,228.07,329.5,False,2026-03-11 17:39:52
a0239f,N108NG,United States,30.7198,-87.2496,1143.0,73.77,303.91,False,2026-03-11 17:39:52
a466d2,DAL1579,United States,33.2637,-84.5596,4015.74,198.53,158.89,False,2026-03-11 17:39:52
a599ce,N460CA,United States,37.4884,-122.1256,281.94,52.08,47.8,False,2026-03-11 17:39:52
ab5687,N83FJ,United States,36.0434,-80.2649,13716.0,257.95,53.68,False,2026-03-11 17:39:52
a87f6f,CTX75,United States,33.9027,-84.3039,457.2,46.2,97.68,False,2026-03-11 17:39:52
acbf63,AAL547,United States,40.7754,-73.8746,,0.0,75.94,True,2026-03-11 17:39:52
ac13d6,SWA2083,United States,40.1991,-85.4058,9448.8,249.04,84.67,False,2026-03-11 17:39:52
a68cfd,DAL782,United States,36.6206,-111.2976,11887.2,271.0,78.95,False,2026-03-11 17:39:52
a2a072,CNS794,United States,41.3871,-91.7295,12176.76,214.94,347.56,False,2026-03-11 17:39:52
a2a070,N269AD,United States,28.4475,-80.9085,381.0,35.21,205.07,False,2026-03-11 17:39:52
a5269c,N4308P,United States,40.3471,-74.3258,182.88,25.56,220.1,False,2026-03-11 17:39:52
abecd6,N868CW,United States,42.7433,-100.3702,12496.8,254.48,117.45,False,2026-03-11 17:39:52
abb995,SWA1645,United States,35.756,-104.1121,11277.6,243.3,76.05,False,2026-03-11 17:39:52
ac6f6d,N900CQ,United States,35.6754,-120.3256,8557.26,209.95,302.29,False,2026-03-11 17:39:52
a6d0a8,SGE61,United States,31.0603,-85.1195,556.26,47.89,177.54,False,2026-03-11 17:39:52
adcc10,N9886K,United States,27.9995,-80.6941,701.04,55.32,300.14,False,2026-03-11 17:39:52
aa70c4,N772DD,United States,31.4722,-83.5104,243.84,52.02,224.6,False,2026-03-11 17:39:52
ae0632,PAT057,United States,40.6793,-103.7547,5105.4,174.48,113.09,False,2026-03-11 17:39:52
ac6f8a,DAL2342,United States,40.457,-73.9152,2385.06,128.85,235.74,False,2026-03-11 17:39:52
a6f6dd,JIA5175,United States,43.1253,-77.6722,,0.13,210.94,True,2026-03-11 17:39:52
abece7,DAL1366,United States,36.1963,-114.8401,5577.84,181.6,90.16,False,2026-03-11 17:39:52
a09852,UAL2112,United States,40.0755,-103.4515,10363.2,179.67,267.87,False,2026-03-11 17:39:52
a560f3,AMX408,United States,36.9064,-76.5816,12405.36,247.25,42.39,False,2026-03-11 17:39:52
a7c973,N600YP,United States,40.6046,-75.0286,8534.4,108.46,226.92,False,2026-03-11 17:39:52
c06ddf,NOJ55,Canada,30.2099,-81.3783,12496.8,224.1,356.97,False,2026-03-11 17:39:52
a560f4,AAL2102,United States,37.0645,-89.7273,8519.16,187.79,226.78,False,2026-03-11 17:39:52
ac0cf8,DAL1046,United States,36.808,-87.3838,10668.0,227.38,139.68,False,2026-03-11 17:39:52
aa234a,AAL847,United States,37.4778,-87.48,11559.54,275.77,89.14,False,2026-03-11 17:39:52
aa7ced,RTY775,United States,40.4457,-105.0097,1432.56,19.21,339.62,False,2026-03-11 17:39:52
a9ef3a,N73929,United States,28.6272,-81.6026,548.64,25.12,145.01,False,2026-03-11 17:39:52
a63388,SWA2242,United States,34.4494,-112.1406,10972.8,202.56,279.8,False,2026-03-11 17:39:52
aa70a8,N772CA,United States,32.8473,-117.2763,1051.56,49.97,177.05,False,2026-03-11 17:39:52
a810ac,N619FB,United States,36.8935,-113.7552,4130.04,130.73,253.78,False,2026-03-11 17:39:52
ac6364,DAL904,United States,38.0065,-109.1612,10363.2,199.09,269.7,False,2026-03-11 17:39:52
ac6f9c,N900EM,United States,32.5041,-95.1751,12496.8,252.92,103.53,False,2026-03-11 17:39:52
a09829,N1374U,United States,36.689,-76.3117,152.4,43.36,131.63,False,2026-03-11 17:39:52
adcc34,BL87L,United States,30.2911,-87.6518,121.92,36.53,89.19,False,2026-03-11 17:39:52
a8bc13,PDT6067,United States,42.7543,-74.1465,7620.0,251.06,90.59,False,2026-03-11 17:39:52
a320f0,N300SP,United States,37.766,-83.5943,7924.8,139.96,318.58,False,2026-03-11 17:39:52
45d022,MMD6030,Denmark,38.3211,-70.5744,12496.8,258.07,132.98,False,2026-03-11 17:39:52
a44cfd,DAL593,United States,30.0578,-90.2363,10668.0,265.72,55.17,False,2026-03-11 17:39:52
ad9686,LYM500,United States,35.1868,-101.7763,10347.96,230.89,232.7,False,2026-03-11 17:39:52
ad2ce1,SWA1483,United States,34.6165,-78.8619,11582.4,214.64,217.5,False,2026-03-11 17:39:52
a4068e,N359DG,United States,34.3569,-119.8811,1013.46,74.08,90.0,False,2026-03-11 17:39:52
ac767c,AAL2397,United States,32.8938,-97.0334,,4.12,236.25,True,2026-03-11 17:39:52
a87f7e,ASI96,United States,33.1354,-112.0142,1524.0,37.14,59.17,False,2026-03-11 17:39:52
c01464,LSJ9001,Canada,47.0546,-70.8404,4259.58,126.56,236.44,False,2026-03-11 17:39:52
a62063,EJA494,United States,35.5979,-80.1973,13106.4,203.86,201.77,False,2026-03-11 17:39:52
ac5041,SWA279,United States,34.3992,-104.6857,11277.6,247.68,103.57,False,2026-03-11 17:39:52
a703f5,N551JL,United States,35.1993,-80.769,1463.04,125.53,90.23,False,2026-03-11 17:39:52
a320d4,N300RL,United States,33.6303,-111.9019,,3.09,188.44,True,2026-03-11 17:39:52
a40694,DAL1592,United States,33.638,-84.4387,,0.0,270.0,True,2026-03-11 17:39:52
aac0e2,EJA792,United States,37.5721,-96.827,3992.88,142.4,253.2,False,2026-03-11 17:39:52
abf3da,SWA827,United States,39.0501,-77.1887,1066.8,87.55,203.55,False,2026-03-11 17:39:52
c05acc,JZA650,Canada,45.5914,-122.5996,,4.89,92.81,True,2026-03-11 17:39:52
a3969c,N330JE,United States,33.4969,-97.2674,1104.9,46.43,248.55,False,2026-03-11 17:39:52
a3f8a1,DAL2333,United States,34.9961,-81.6104,10073.64,237.54,355.03,False,2026-03-11 17:39:52
a7668a,AAL3070,United States,39.9188,-75.0024,922.02,75.74,256.25,False,2026-03-11 17:39:52
ab4392,SCM82,United States,32.0989,-95.5505,6278.88,138.96,296.38,False,2026-03-11 17:39:52
ac00d6,SWA4705,United States,39.3709,-94.943,3223.26,138.65,254.73,False,2026-03-11 17:39:52
a288e4,UAL1388,United States,27.6431,-85.7346,9144.0,226.45,288.68,False,2026-03-11 17:39:52
aa1c48,FDY127,United States,38.9543,-77.5591,731.52,45.0,280.54,False,2026-03-11 17:39:52
a01bbc,RPA9930,United States,38.661,-76.1359,9448.8,255.06,43.77,False,2026-03-11 17:39:52
a275b8,FDX419,United States,35.6607,-91.3101,5585.46,213.14,114.83,False,2026-03-11 17:39:52
a88626,N6486J,United States,44.0341,-116.8856,998.22,56.18,322.82,False,2026-03-11 17:39:52
a63f5e,N501TP,United States,30.3261,-91.2821,7917.18,140.44,263.06,False,2026-03-11 17:39:52
a4ff5e,N421AH,United States,29.5463,-82.9474,4968.24,101.86,314.59,False,2026-03-11 17:39:52
a418b2,DAL380,United States,37.507,-79.5063,9745.98,222.34,233.18,False,2026-03-11 17:39:52
a07228,RPA4666,United States,43.3867,-80.8987,10363.2,182.03,259.58,False,2026-03-11 17:39:52
abe0bb,SWA3868,United States,36.0426,-114.4878,2971.8,124.05,277.63,False,2026-03-11 17:39:52
ac769b,AAL2058,United States,28.5008,-81.4804,3147.06,159.82,348.11,False,2026-03-11 17:39:52
a99f1d,N719SS,United States,36.448,-114.1451,5318.76,177.5,232.3,False,2026-03-11 17:39:52
a275a8,EPI258,United States,39.4799,-104.7455,2179.32,51.31,153.18,False,2026-03-11 17:39:52
a693ae,N5227E,United States,36.212,-115.2012,,3.6,312.19,True,2026-03-11 17:39:52
a19e68,AAY1848,United States,36.1468,-86.654,259.08,62.48,197.24,False,2026-03-11 17:39:52
ad20d1,N945MC,United States,43.6489,-116.6456,624.84,28.74,135.73,False,2026-03-11 17:39:52
a68cd1,XFL330,United States,40.4049,-73.5621,9547.86,184.23,254.45,False,2026-03-11 17:39:52
aa2311,,United States,32.8861,-97.0469,,9.77,270.0,True,2026-03-11 17:39:52
ab3084,N82WP,United States,33.502,-111.7204,487.68,53.88,222.68,False,2026-03-11 17:39:52
a0e869,FDX252,United States,27.3423,-78.1318,10980.42,225.72,303.47,False,2026-03-11 17:39:52
a51358,EJA426,United States,41.1087,-81.8027,13106.4,177.24,294.71,False,2026-03-11 17:39:52
a022d3,N108EC,United States,38.8352,-76.5992,152.4,22.94,250.35,False,2026-03-11 17:39:52
a0855d,UAL709,United States,35.0287,-107.9255,8534.4,218.94,259.17,False,2026-03-11 17:39:52
a693d2,N5228F,United States,39.1279,-75.4891,274.32,42.33,115.94,False,2026-03-11 17:39:52
a5bccd,UAL1396,United States,39.3671,-103.8499,5615.94,153.67,304.22,False,2026-03-11 17:39:52
a1083b,CXK362,United States,32.3507,-97.391,678.18,46.2,134.55,False,2026-03-11 17:39:52
a75334,SWB71,United States,30.3483,-80.3314,4663.44,182.81,95.0,False,2026-03-11 17:39:52
c087f6,CGZMR,Canada,48.3739,-89.3182,,4.63,295.31,True,2026-03-11 17:39:52
c00d51,FLE609,Canada,50.3577,-98.9023,10972.8,217.59,276.79,False,2026-03-11 17:39:52
abe0df,SWA1498,United States,38.9895,-122.2562,9883.14,225.34,356.07,False,2026-03-11 17:39:52
a87f51,AAL2825,United States,33.438,-111.9997,,0.0,90.0,True,2026-03-11 17:39:52
a6e3b0,GJS4502,United States,41.7903,-87.8928,2194.56,144.54,146.76,False,2026-03-11 17:39:52
a716ee,JIA5389,United States,37.2716,-84.7864,10058.4,244.22,155.22,False,2026-03-11 17:39:52
ad7069,EB735,United States,30.8205,-87.1789,137.16,41.83,4.94,False,2026-03-11 17:39:52
a63f8b,VJA501,United States,27.6573,-79.4196,13098.78,261.59,138.19,False,2026-03-11 17:39:52
ade66f,AAL1890,United States,35.5446,-109.9988,11277.6,251.11,93.88,False,2026-03-11 17:39:52
a76651,N576SP,United States,32.813,-116.9688,335.28,43.59,101.58,False,2026-03-11 17:39:52
4005bc,BAW185,United Kingdom,49.4107,-64.0709,12192.0,209.05,227.79,False,2026-03-11 17:39:52
a1ee02,N223VA,United States,30.5753,-97.4433,228.6,31.91,358.15,False,2026-03-11 17:39:52
ae4cfe,DESERT3,United States,36.0556,-119.0604,3855.72,71.38,279.12,False,2026-03-11 17:39:52
ae4cfc,DESERT8,United States,32.9132,-114.4491,2880.36,107.53,359.18,False,2026-03-11 17:39:52
add1dd,N99SC,United States,37.4774,-78.5206,12184.38,237.06,219.81,False,2026-03-11 17:39:52
a0ce7c,CXK595,United States,40.8569,-73.0259,777.24,65.14,65.26,False,2026-03-11 17:39:52
a1f557,UAL1777,United States,47.531,-101.4447,11582.4,228.01,260.39,False,2026-03-11 17:39:52
a1e21c,,United States,34.2407,-119.1306,68.58,50.85,332.92,False,2026-03-11 17:39:52
a1089f,N166GS,United States,33.5491,-111.3887,822.96,55.29,95.34,False,2026-03-11 17:39:52
0d09f7,VIV4180,Mexico,25.0334,-100.2412,8557.26,200.66,193.04,False,2026-03-11 17:39:52
a6209f,N494TB,United States,38.814,-109.5005,13106.4,165.37,247.5,False,2026-03-11 17:39:52
a6a8b3,N528X,United States,27.3358,-79.7655,2133.6,74.06,122.81,False,2026-03-11 17:39:52
ab19d0,SLH814,United States,36.2491,-109.3185,10972.8,174.21,257.03,False,2026-03-11 17:39:52
a262d4,MXY328,United States,37.8816,-75.7345,10058.4,233.57,33.41,False,2026-03-11 17:39:52
a18b71,AAL2178,United States,38.6035,-108.8267,9151.62,200.89,311.16,False,2026-03-11 17:39:52
a9e391,RPA3490,United States,39.1571,-77.5462,2369.82,153.14,356.15,False,2026-03-11 17:39:52
a25bd7,N251GM,United States,36.2291,-94.9165,12092.94,150.23,269.41,False,2026-03-11 17:39:52
a2c5ae,N278RC,United States,35.7289,-81.9848,2286.0,82.06,34.79,False,2026-03-11 17:39:52
a4683f,UPS9307,United States,39.9911,-95.2896,11894.82,282.18,105.33,False,2026-03-11 17:39:52
a2aba2,EJA271,United States,36.1035,-104.0862,12192.0,211.59,277.26,False,2026-03-11 17:39:52
a34878,SKW3667,United States,37.3531,-121.9146,,0.0,199.69,True,2026-03-11 17:39:52
a2022f,N2288F,United States,29.8576,-84.025,2407.92,80.42,286.35,False,2026-03-11 17:39:52
a58869,N456AC,United States,33.01,-79.8097,1013.46,73.13,172.72,False,2026-03-11 17:39:52
a4b859,LXJ403,United States,40.1156,-101.1932,13098.78,197.02,255.64,False,2026-03-11 17:39:52
a9d059,N731SG,United States,43.1147,-89.7622,10058.4,158.45,126.68,False,2026-03-11 17:39:52
a9e34a,N736WA,United States,37.3359,-121.6782,3025.14,92.29,106.52,False,2026-03-11 17:39:52
aa980d,WUP670,United States,33.4299,-111.9975,,12.35,81.56,True,2026-03-11 17:39:52
a31b19,N3EW,United States,30.4743,-84.1858,11887.2,226.73,136.75,False,2026-03-11 17:39:52
a1db22,MXY803,United States,35.804,-76.9215,9144.0,229.61,206.62,False,2026-03-11 17:39:52
c1e583,RED 3,Canada,49.199,-123.1935,,0.0,191.25,True,2026-03-11 17:39:52
abb930,SWA1913,United States,39.1282,-76.3076,10668.0,234.86,49.09,False,2026-03-11 17:39:52
a44e1c,DAL2882,United States,41.158,-110.9684,7581.9,250.76,72.94,False,2026-03-11 17:39:52
ab3c12,CXK1000,United States,32.654,-97.0918,213.36,43.59,348.42,False,2026-03-11 17:39:52
ab19f2,SCM81,United States,33.6257,-111.9055,,4.12,132.19,True,2026-03-11 17:39:52
a1f543,N225TF,United States,33.8929,-117.58,198.12,40.65,1.45,False,2026-03-11 17:39:52
a2bec7,SWA3608,United States,38.7033,-121.3805,2125.98,149.76,96.91,False,2026-03-11 17:39:52
a44e24,DAL2049,United States,32.449,-77.9418,10675.62,218.92,8.38,False,2026-03-11 17:39:52
a81e15,EPI197,United States,32.1054,-110.9504,952.5,38.82,304.74,False,2026-03-11 17:39:52
a67b07,SCX3018,United States,36.0783,-115.1332,,7.46,90.0,True,2026-03-11 17:39:52
a9dc5e,UAL2310,United States,29.0994,-89.731,10668.0,266.29,103.18,False,2026-03-11 17:39:52
a3e5de,SJJ350,United States,26.0518,-81.8289,13708.38,246.17,153.43,False,2026-03-11 17:39:52
ab3c0a,ASA1364,United States,41.9216,-120.6285,11277.6,238.59,170.19,False,2026-03-11 17:39:52
a0d561,AAL750Q,United States,32.4955,-97.3216,1600.2,146.0,83.53,False,2026-03-11 17:39:52
a18b55,N199TT,United States,33.8713,-84.3029,,5.66,247.5,True,2026-03-11 17:39:52
a26ee2,NIT256,United States,32.0705,-82.8831,1386.84,57.65,34.82,False,2026-03-11 17:39:52
a3d2c0,UAL294,United States,35.994,-106.3267,10355.58,234.67,202.97,False,2026-03-11 17:39:52
a9e365,N736XC,United States,28.0318,-82.3269,68.58,36.0,239.04,False,2026-03-11 17:39:52
aa9801,AAL731,United States,44.0143,-70.518,10972.8,237.01,207.68,False,2026-03-11 17:39:52
a75eb4,EJA574,United States,38.8839,-120.1606,11277.6,215.26,24.42,False,2026-03-11 17:39:52
ab9cb0,N8473W,United States,42.1555,-72.7002,396.24,56.18,200.92,False,2026-03-11 17:39:52
a32e9b,N304EJ,United States,32.5748,-80.1626,731.52,64.72,66.08,False,2026-03-11 17:39:52
aaf9ea,UAL1874,United States,40.0712,-103.4685,6164.58,241.85,78.09,False,2026-03-11 17:39:52
a4423a,UAL1197,United States,29.3593,-82.6852,8534.4,243.18,352.83,False,2026-03-11 17:39:52
ac6f47,N900BB,United States,28.2988,-80.5527,1455.42,102.29,129.69,False,2026-03-11 17:39:52
ab19fb,UAL575,United States,30.016,-92.3511,9159.24,271.21,84.78,False,2026-03-11 17:39:52
ac1fcc,TWY249,United States,30.4328,-99.5214,10408.92,170.1,302.78,False,2026-03-11 17:39:52
ae5fa3,BACKY32,United States,33.9389,-77.8723,8206.74,221.73,179.73,False,2026-03-11 17:39:52
a2b2da,ENY3769,United States,37.5449,-88.9724,8534.4,198.13,291.64,False,2026-03-11 17:39:52
a1e270,N220QS,United States,37.7574,-122.3138,662.94,111.74,302.59,False,2026-03-11 17:39:52
a20272,CXK673,United States,40.8131,-74.3622,358.14,51.11,40.1,False,2026-03-11 17:39:52
a99364,N716LU,United States,35.9409,-79.4366,1653.54,71.3,8.71,False,2026-03-11 17:39:52
a4555e,N379BL,United States,35.4611,-78.3139,464.82,46.54,256.58,False,2026-03-11 17:39:52
aba60f,N85LX,United States,39.0029,-94.6036,3162.3,140.52,38.76,False,2026-03-11 17:39:52
a2b2e1,AAY711,United States,41.9547,-89.2804,1234.44,135.01,93.28,False,2026-03-11 17:39:52
a9802b,ECJ71,United States,29.8347,-82.0607,12192.0,229.2,170.18,False,2026-03-11 17:39:52
a810ba,FFT153,United States,33.6373,-84.4262,,0.0,90.0,True,2026-03-11 17:39:52
aad3a4,N797SP,United States,27.016,-82.1386,1767.84,64.78,325.68,False,2026-03-11 17:39:52
a44238,UAL2424,United States,39.5281,-103.5698,6583.68,236.15,110.13,False,2026-03-11 17:39:52
abb94f,SWA2630,United States,31.6098,-103.2899,11277.6,238.03,100.46,False,2026-03-11 17:39:52
ac0cb1,SKW4780,United States,42.0647,-87.9014,1828.8,149.99,71.81,False,2026-03-11 17:39:52
a382e0,EJM325,United States,32.9612,-96.8333,,34.98,340.31,True,2026-03-11 17:39:52
ad8f3e,ERU973,United States,28.7872,-81.2129,205.74,44.4,43.12,False,2026-03-11 17:39:52
acac10,N9153S,United States,42.924,-71.4544,106.68,38.2,45.55,False,2026-03-11 17:39:52
ab5668,N83EC,United States,30.6829,-83.9139,4236.72,98.83,336.37,False,2026-03-11 17:39:52
a3355e,JBU1097,United States,34.5635,-83.314,6819.9,187.77,223.45,False,2026-03-11 17:39:52
abb972,SWA2512,United States,39.0368,-103.8041,7665.72,166.87,311.75,False,2026-03-11 17:39:52
a20258,,United States,32.7676,-97.8299,762.0,56.83,99.38,False,2026-03-11 17:39:52
a2c5db,SKW4449,United States,38.3234,-104.848,4739.64,198.79,94.9,False,2026-03-11 17:39:52
ac6f4f,N900BK,United States,36.1646,-121.5859,9448.8,260.94,126.26,False,2026-03-11 17:39:52
a99f92,TCN719,United States,35.5185,-87.3524,12192.0,215.11,271.51,False,2026-03-11 17:39:52
ac0cc9,ES806,United States,38.6151,-121.1911,495.3,43.38,236.12,False,2026-03-11 17:39:52
a86064,JIA9951,United States,34.8139,-82.1642,876.3,116.63,85.45,False,2026-03-11 17:39:52
a8c32a,AAL2977,United States,36.0255,-109.4656,10668.0,234.17,32.71,False,2026-03-11 17:39:52
ad9642,ASA657,United States,38.5897,-122.5445,8702.04,229.11,170.31,False,2026-03-11 17:39:52
ad59db,EJM960,United States,42.1272,-83.354,12489.18,296.25,81.81,False,2026-03-11 17:39:52
0d09e0,XBPEO,Mexico,26.8403,-99.4619,5486.4,105.86,172.46,False,2026-03-11 17:39:52
a44212,UAL1480,United States,32.8518,-77.6249,11582.4,246.16,182.64,False,2026-03-11 17:39:52
ada9bd,N98KS,United States,33.4267,-112.0202,,5.4,126.56,True,2026-03-11 17:39:52
a382b6,DAL2519,United States,36.1756,-82.0825,9753.6,221.16,303.62,False,2026-03-11 17:39:52
a2abc5,N271SB,United States,40.472,-86.5658,7901.94,182.88,324.39,False,2026-03-11 17:39:52
aac0a3,NDU792,United States,32.9604,-111.3797,640.08,52.99,233.69,False,2026-03-11 17:39:52
a0d58f,N153CJ,United States,31.9826,-85.8844,3718.56,160.1,150.55,False,2026-03-11 17:39:52
a19272,N200EL,United States,40.6312,-74.839,1531.62,154.76,21.45,False,2026-03-11 17:39:52
ad2cb0,WUP948,United States,27.8537,-83.9296,6370.32,217.85,87.29,False,2026-03-11 17:39:52
a9a6db,N7207B,United States,28.0679,-81.7387,1905.0,66.9,280.19,False,2026-03-11 17:39:52
a9ef5c,N73938,United States,35.2109,-106.8548,2476.5,43.32,265.91,False,2026-03-11 17:39:52
acceab,SKW5306,United States,38.6716,-104.5799,2377.44,121.86,225.17,False,2026-03-11 17:39:52
a1ea70,SWA2016,United States,35.0465,-106.6139,,1.54,2.81,True,2026-03-11 17:39:52
a82d29,N626GM,United States,38.1294,-122.4273,167.64,53.62,266.15,False,2026-03-11 17:39:52
ac252a,SWA2223,United States,38.0952,-77.1665,6499.86,200.78,11.83,False,2026-03-11 17:39:52
a4c76c,N407JB,United States,43.0489,-71.7352,495.3,50.76,107.7,False,2026-03-11 17:39:52
a07a9b,N13UA,United States,39.6858,-120.2937,6400.8,146.38,38.72,False,2026-03-11 17:39:52
a5cd47,N473LP,United States,36.9212,-76.8828,899.16,54.37,110.49,False,2026-03-11 17:39:52
c01cae,WJA2324,Canada,37.8145,-108.9332,10683.24,251.59,164.83,False,2026-03-11 17:39:52
a33d97,FFT146,United States,30.4514,-82.6966,11277.6,226.58,9.01,False,2026-03-11 17:39:52
a46462,FTO382,United States,26.6066,-80.143,381.0,74.27,280.38,False,2026-03-11 17:39:52
a5711a,N45PT,United States,40.1693,-105.0977,2019.3,71.99,50.51,False,2026-03-11 17:39:52
ac6ba8,N9NB,United States,34.5973,-89.2129,5486.4,109.32,234.96,False,2026-03-11 17:39:52
aad213,AAL281,United States,33.1768,-98.2339,6553.2,220.43,293.81,False,2026-03-11 17:39:52
a151fd,N18404,United States,28.9789,-81.8121,815.34,76.03,135.27,False,2026-03-11 17:39:52
a5d421,ERU475,United States,28.8224,-80.8846,373.38,38.39,107.95,False,2026-03-11 17:39:52
c049fd,WJA2046,Canada,45.1203,-100.7172,11277.6,269.23,130.66,False,2026-03-11 17:39:52
a3f4ea,DAL2983,United States,43.6867,-90.0985,10058.4,239.49,119.04,False,2026-03-11 17:39:52
abb5bf,SWA1580,United States,34.5473,-108.4008,11582.4,209.36,273.95,False,2026-03-11 17:39:52
ac6baf,N9NJ,United States,40.6281,-74.6712,243.84,55.07,49.17,False,2026-03-11 17:39:52
c02fe2,CFSDL,Canada,45.6669,-120.7483,12496.8,271.34,143.87,False,2026-03-11 17:39:52
a654cb,JBU579,United States,27.1678,-79.968,6827.52,217.18,161.35,False,2026-03-11 17:39:52
abfe52,N872FS,United States,40.6433,-104.7423,2651.76,51.1,184.62,False,2026-03-11 17:39:52
add08e,VNT99,United States,42.1567,-71.0391,1021.08,95.72,297.53,False,2026-03-11 17:39:52
a33d88,N308FA,United States,40.1494,-75.2449,213.36,34.71,230.41,False,2026-03-11 17:39:52
a4b460,CFR210,United States,38.6915,-121.3195,731.52,78.99,94.86,False,2026-03-11 17:39:52
a414e8,DAL1368,United States,30.0281,-90.0774,2065.02,155.54,38.69,False,2026-03-11 17:39:52
a76dc6,AMF1978,United States,45.2991,-122.4119,3192.78,105.61,176.93,False,2026-03-11 17:39:52
a654d5,N507KC,United States,26.0023,-80.2719,99.06,40.14,88.53,False,2026-03-11 17:39:52
aa2bc4,UAL2410,United States,32.9329,-81.2938,11277.6,244.45,29.64,False,2026-03-11 17:39:52
ad4528,SKW4651,United States,41.5506,-88.6118,3703.32,208.72,62.23,False,2026-03-11 17:39:52
a271f1,,United States,30.2452,-84.4416,868.68,43.36,184.76,False,2026-03-11 17:39:52
aa2bc5,UAL2624,United States,29.5456,-81.7314,10378.44,231.3,16.54,False,2026-03-11 17:39:52
a40dea,N360SP,United States,26.9903,-80.0874,548.64,38.88,154.11,False,2026-03-11 17:39:52
e0b3d9,LVKOY,Argentina,41.8027,-107.4657,7620.0,214.72,154.91,False,2026-03-11 17:39:52
ab65ec,ROK30,United States,33.3044,-111.8023,1043.94,44.43,222.18,False,2026-03-11 17:39:52
abfe45,FDX457,United States,34.9465,-94.0913,10668.0,269.88,99.1,False,2026-03-11 17:39:52
a6076c,N488MH,United States,32.9322,-90.2085,10972.8,200.89,221.16,False,2026-03-11 17:39:52
ab52be,ERU829,United States,29.1832,-81.0395,30.48,37.05,244.5,False,2026-03-11 17:39:52
a38ad5,JBU678,United States,40.7323,-73.3729,1219.2,130.95,353.68,False,2026-03-11 17:39:52
abeb31,SWA1796,United States,28.2075,-82.4387,1318.26,120.1,226.74,False,2026-03-11 17:39:52
a2c1b6,ENY3399,United States,33.3225,-112.1666,2346.96,156.36,162.58,False,2026-03-11 17:39:52
a76df1,UPS216,United States,38.3825,-85.7931,1287.78,96.04,237.25,False,2026-03-11 17:39:52
ac6bd0,AXEL90,United States,43.1212,-106.2828,2301.24,113.22,12.33,False,2026-03-11 17:39:52
a56a56,SWA4433,United States,37.616,-122.3813,,0.77,118.12,True,2026-03-11 17:39:52
aa2bc1,UAL356,United States,39.4718,-95.2365,9448.8,270.06,71.22,False,2026-03-11 17:39:52
aaf87e,N806DM,United States,31.9568,-107.1089,3116.58,63.56,299.05,False,2026-03-11 17:39:52
a3311b,JBU393,United States,45.7727,-77.8615,10363.2,169.59,264.25,False,2026-03-11 17:39:52
a7276d,N560FF,United States,31.1171,-81.0477,11811.0,159.53,204.58,False,2026-03-11 17:39:52
a6ed3b,UAL789,United States,39.1999,-96.3415,9448.8,268.61,98.04,False,2026-03-11 17:39:52
a904a6,EJA680,United States,30.7834,-78.878,13106.4,209.45,195.67,False,2026-03-11 17:39:52
a4b470,DAL33,United States,39.1361,-74.3178,10363.2,235.87,220.05,False,2026-03-11 17:39:52
a401a6,N3573Y,United States,26.8097,-81.653,1470.66,63.53,148.24,False,2026-03-11 17:39:52
a76df8,AAL2248,United States,28.1504,-83.3809,9448.8,244.8,14.36,False,2026-03-11 17:39:52
ac85ce,DAL1680,United States,39.2625,-102.8206,8839.2,279.0,108.6,False,2026-03-11 17:39:52
ad9edf,AAL2156,United States,35.2533,-93.756,10972.8,190.14,245.38,False,2026-03-11 17:39:52
a69d67,VOI5586,United States,25.7491,-100.1748,1173.48,119.9,108.51,False,2026-03-11 17:39:52
a641bf,DAL868,United States,47.6671,-114.3318,10363.2,166.0,257.47,False,2026-03-11 17:39:52
ac122a,N877US,United States,36.3616,-115.3594,1089.66,48.35,249.44,False,2026-03-11 17:39:52
a641bd,N502DV,United States,40.7935,-82.6786,5494.02,250.68,43.92,False,2026-03-11 17:39:52
a69d86,GARMN12,United States,38.7924,-104.7159,1760.22,58.65,0.0,False,2026-03-11 17:39:52
a654ec,N507LA,United States,33.4568,-111.7363,342.9,35.19,52.13,False,2026-03-11 17:39:52
aacb4a,N795HC,United States,33.6174,-111.9193,,2.31,270.0,True,2026-03-11 17:39:52
a2d4d6,OXF2781,United States,32.5594,-111.1954,1752.6,44.38,315.0,False,2026-03-11 17:39:52
a33d68,DAL2785,United States,42.365,-71.0245,,0.06,253.12,True,2026-03-11 17:39:52
a009a4,AAL234,United States,45.803,-87.1968,10668.0,267.3,98.41,False,2026-03-11 17:39:52
a2bab6,SKW125X,United States,42.2908,-92.587,10363.2,227.15,325.99,False,2026-03-11 17:39:52
abb5e9,SKW4788,United States,33.9399,-118.4172,,6.69,351.56,True,2026-03-11 17:39:52
a05910,SKW5833,United States,41.13,-92.0024,9753.6,181.53,242.85,False,2026-03-11 17:39:52
ac1e6b,N880G,United States,36.366,-78.6699,8229.6,159.02,27.97,False,2026-03-11 17:39:52
a5714c,N45RT,United States,38.7521,-76.9451,2217.42,162.44,78.12,False,2026-03-11 17:39:52
aad248,N797CR,United States,39.9983,-110.7968,7109.46,189.17,283.2,False,2026-03-11 17:39:52
a5c124,N470AK,United States,39.0157,-104.8577,2880.36,37.28,117.98,False,2026-03-11 17:39:52
a271d5,N257DL,United States,41.9099,-71.3868,883.92,58.44,99.63,False,2026-03-11 17:39:52
aa7b10,SWA1028,United States,34.3557,-101.1312,12192.0,220.02,337.45,False,2026-03-11 17:39:52
abb5e6,SKW5970,United States,37.6218,-122.3825,,10.8,295.31,True,2026-03-11 17:39:52
abb5e7,SKW5536,United States,38.9333,-103.6536,5372.1,162.38,257.37,False,2026-03-11 17:39:52
acced9,AAL2748,United States,32.8988,-97.0351,,0.0,261.56,True,2026-03-11 17:39:52
ac0b50,SWA217,United States,41.6139,-87.5473,952.5,83.14,355.03,False,2026-03-11 17:39:52
86eaea,ANA6,Japan,38.3013,-122.9495,11887.2,265.91,134.92,False,2026-03-11 17:39:52
abb5ec,SKW5680,United States,43.0149,-100.8352,10363.2,175.95,270.67,False,2026-03-11 17:39:52
ad2b43,DAL2471,United States,39.4551,-94.5864,2324.1,145.74,51.59,False,2026-03-11 17:39:52
a0d19e,AAL3060,United States,28.4381,-78.765,10058.4,222.38,10.53,False,2026-03-11 17:39:52
ac1e7d,N880GT,United States,38.7084,-121.3528,114.3,72.49,193.54,False,2026-03-11 17:39:52
a8d27e,FFT2697,United States,38.4177,-105.5277,8305.8,247.55,206.41,False,2026-03-11 17:39:52
c02fb8,ACA548,Canada,48.7154,-117.2633,11277.6,307.56,97.3,False,2026-03-11 17:39:52
a129d9,UPS5955,United States,37.7315,-90.3663,9448.8,250.94,118.67,False,2026-03-11 17:39:52
a4b407,N40193,United States,26.8641,-81.4716,624.84,60.52,332.13,False,2026-03-11 17:39:52
ab9b81,SCX343,United States,35.6285,-88.0402,11277.6,230.3,153.89,False,2026-03-11 17:39:52
a7ab9a,N5935G,United States,45.0509,-94.739,1059.18,49.18,164.22,False,2026-03-11 17:39:52
a129dc,AAL2555,United States,35.2824,-80.941,541.02,72.8,175.14,False,2026-03-11 17:39:52
a27f07,ASA799,United States,44.5481,-122.2469,10363.2,232.78,39.53,False,2026-03-11 17:39:52
a72708,N560BE,United States,37.4648,-88.0685,9654.54,226.19,129.56,False,2026-03-11 17:39:52
a4ad37,GLF81,United States,30.8682,-79.1024,11056.62,180.57,195.03,False,2026-03-11 17:39:52
a04641,AAL3085,United States,36.3007,-101.0174,9753.6,210.84,260.31,False,2026-03-11 17:39:52
a3f4c6,MVK59,United States,44.2598,-93.8987,1036.32,45.33,99.14,False,2026-03-11 17:39:52
ace8ff,N9307J,United States,32.1598,-96.9552,1920.24,57.12,226.09,False,2026-03-11 17:39:52
acbbc5,N9199Z,United States,36.1797,-96.9795,,3.6,354.38,True,2026-03-11 17:39:52
abeb57,SWA690,United States,26.0779,-80.3591,952.5,90.55,90.65,False,2026-03-11 17:39:52
a72715,N560BT,United States,26.4035,-81.5269,1653.54,125.02,219.32,False,2026-03-11 17:39:52
a3f4bd,N354MA,United States,34.2046,-119.068,60.96,38.24,5.4,False,2026-03-11 17:39:52
a69d31,N525TG,United States,39.5363,-104.8493,1821.18,61.25,358.07,False,2026-03-11 17:39:52
aacb7f,N795KF,United States,37.5134,-108.2024,6096.0,155.24,336.15,False,2026-03-11 17:39:52
a03f24,DAL2105,United States,47.8275,-120.793,6629.4,166.01,275.87,False,2026-03-11 17:39:52
c08620,,Canada,53.1523,-113.0345,5189.22,146.02,8.1,False,2026-03-11 17:39:52
a05940,AAL2081,United States,33.4393,-111.8479,838.2,96.26,278.61,False,2026-03-11 17:39:52
a56a18,UAL2340,United States,37.8396,-122.1949,3185.16,145.07,8.36,False,2026-03-11 17:39:52
aad26f,N797EE,United States,30.4316,-87.8752,243.84,85.34,13.95,False,2026-03-11 17:39:52
a03f1e,DAL433,United States,26.6875,-81.6946,1447.8,143.33,352.16,False,2026-03-11 17:39:52
4077d4,VIR3N,United Kingdom,40.6692,-73.7364,190.5,68.55,211.18,False,2026-03-11 17:39:52
ade2b5,NKS3111,United States,34.214,-81.6044,11590.02,236.38,162.0,False,2026-03-11 17:39:52
a4b423,VAR402,United States,33.3864,-112.7464,533.4,65.4,12.72,False,2026-03-11 17:39:52
ae02d4,VADER24,United States,39.9923,-80.7029,6705.6,162.08,1.09,False,2026-03-11 17:39:52
a63aa5,N500HF,United States,33.6816,-102.9375,12832.08,273.99,107.48,False,2026-03-11 17:39:52
a44a61,DAL678,United States,39.5465,-86.3542,8877.3,201.83,277.47,False,2026-03-11 17:39:52
ac0b96,SWA378,United States,34.046,-117.1699,3756.66,177.07,204.18,False,2026-03-11 17:39:52
aba2ef,SCX605,United States,43.1754,-97.1124,10363.2,199.39,238.93,False,2026-03-11 17:39:52
a4b42b,N402BC,United States,37.6167,-120.8988,2461.26,80.34,353.01,False,2026-03-11 17:39:52
ac72fd,N901BA,United States,33.4588,-111.8823,4914.9,81.8,23.34,False,2026-03-11 17:39:52
a414fb,DAL414,United States,34.2286,-93.8561,10363.2,201.77,233.19,False,2026-03-11 17:39:52
a0a91e,UAL1343,United States,44.6654,-74.1231,8534.4,246.86,347.24,False,2026-03-11 17:39:52
c07f36,WEN3602,Canada,50.9449,-114.2833,3680.46,145.18,46.29,False,2026-03-11 17:39:52
ab9b9d,UAL272,United States,38.4221,-117.9473,11277.6,255.68,89.88,False,2026-03-11 17:39:52
acbbda,N92AJ,United States,28.4125,-83.1404,8229.6,226.95,162.18,False,2026-03-11 17:39:52
a29908,ASA312,United States,47.4635,-122.3063,,2.83,334.69,True,2026-03-11 17:39:52
a69d34,N525TK1,United States,35.3034,-86.0907,6179.82,193.3,13.07,False,2026-03-11 17:39:52
ac259b,DAL886,United States,33.6001,-84.1348,937.26,92.5,312.3,False,2026-03-11 17:39:52
a72732,N560CX,United States,41.9945,-117.5356,12367.26,181.89,195.92,False,2026-03-11 17:39:52
a2e93c,AAY627,United States,39.7309,-86.2896,327.66,70.21,224.7,False,2026-03-11 17:39:52
a2cf34,ENY3763,United States,39.4182,-94.3527,3383.28,146.16,234.74,False,2026-03-11 17:39:52
a3094d,AAY946,United States,40.6519,-75.4357,,0.0,25.31,True,2026-03-11 17:39:52
a66912,N512CC,United States,39.8116,-102.8699,12496.8,267.01,134.53,False,2026-03-11 17:39:52
a0a96c,UCA3281,United States,29.9934,-95.3072,144.78,72.05,268.36,False,2026-03-11 17:39:52
a369e7,SKW4041,United States,47.5245,-122.4553,1752.6,123.98,359.76,False,2026-03-11 17:39:52
a21cb3,N235SR,United States,33.7699,-117.479,990.6,54.12,323.89,False,2026-03-11 17:39:52
ae63ea,GR02,United States,37.0923,-76.3323,0.0,90.11,246.8,False,2026-03-11 17:39:52
a8214d,BPX207,United States,29.3623,-81.0685,579.12,48.24,158.09,False,2026-03-11 17:39:52
a33ca9,JBU759,United States,42.2131,-70.647,3489.96,171.31,161.08,False,2026-03-11 17:39:52
a0f6bc,N161PT,United States,25.5016,-80.6857,441.96,45.27,89.35,False,2026-03-11 17:39:52
a03f90,N115JB,United States,30.4349,-98.1203,472.44,67.44,357.81,False,2026-03-11 17:39:52
ae63f5,BY02,United States,36.5848,-75.877,0.0,213.32,125.87,False,2026-03-11 17:39:52
a0200c,N107PT,United States,36.9334,-121.8358,12496.8,207.53,128.66,False,2026-03-11 17:39:52
a6918c,N522ND,United States,39.9155,-105.1255,,0.0,213.75,True,2026-03-11 17:39:52
c02494,WJA1630,Canada,51.1283,-113.9994,,0.0,272.81,True,2026-03-11 17:39:52
a75afd,EJA573,United States,39.7328,-75.5966,289.56,61.99,185.24,False,2026-03-11 17:39:52
a369d2,N319SB,United States,33.7656,-84.3987,,1.54,174.38,True,2026-03-11 17:39:52
abf0dc,CXK219,United States,34.5116,-83.014,1356.36,39.81,244.76,False,2026-03-11 17:39:52
a7c4ef,N60AJ,United States,35.145,-100.9497,12192.0,219.18,265.96,False,2026-03-11 17:39:52
a2e935,ENY3916,United States,25.7718,-80.4993,845.82,104.91,63.81,False,2026-03-11 17:39:52
a8213b,N62287,United States,28.0817,-81.7098,1950.72,63.03,344.38,False,2026-03-11 17:39:52
a99afb,NKS579,United States,27.2987,-80.6903,7056.12,227.98,340.22,False,2026-03-11 17:39:52
aaf804,SCX3017,United States,37.5464,-91.7503,11277.6,277.99,81.91,False,2026-03-11 17:39:52
a9a465,JRE720,United States,27.6143,-79.3045,9204.96,213.77,198.09,False,2026-03-11 17:39:52
ae63e6,SLATE11,United States,39.0897,-121.4338,274.32,98.99,69.3,False,2026-03-11 17:39:52
a9ead4,N738XD,United States,33.9881,-117.422,518.16,49.52,237.3,False,2026-03-11 17:39:52
a66934,N512DM,United States,32.6484,-80.2182,8839.2,158.03,31.83,False,2026-03-11 17:39:52
a42921,N3673U,United States,37.3194,-78.0133,2141.22,102.69,127.67,False,2026-03-11 17:39:52
a7890e,LXJ585,United States,33.1333,-111.597,3017.52,125.45,337.33,False,2026-03-11 17:39:52
c07f02,WJA553,Canada,50.7437,-116.5461,12192.0,199.17,252.88,False,2026-03-11 17:39:52
a27f2e,MXY120,United States,36.1436,-95.2021,10972.8,215.63,293.63,False,2026-03-11 17:39:52
c07f01,WJA1540,Canada,30.5211,-98.3863,9753.6,193.42,184.12,False,2026-03-11 17:39:52
a369be,ENY3385,United States,33.9935,-96.4735,7002.78,249.05,28.36,False,2026-03-11 17:39:52
a02c40,AAL3,United States,40.6479,-73.7733,,11.32,120.94,True,2026-03-11 17:39:52
a4fc00,DAL83,United States,38.7004,-78.1218,11582.4,227.37,224.36,False,2026-03-11 17:39:52
a4c6b2,N407AR,United States,32.8248,-79.9443,518.16,60.62,186.82,False,2026-03-11 17:39:52
c01188,FD21,Canada,39.8952,-112.2144,8336.28,200.41,356.91,False,2026-03-11 17:39:52
a1b609,CXK116,United States,32.9586,-111.8872,1569.72,59.71,181.97,False,2026-03-11 17:39:52
a03332,UCA4369,United States,30.258,-90.3719,9433.56,266.7,74.68,False,2026-03-11 17:39:52
a1c935,RPA5865,United States,26.599,-80.9332,11277.6,221.75,5.59,False,2026-03-11 17:39:52
ae63fc,PA01,United States,37.148,-79.153,7284.72,190.94,268.3,False,2026-03-11 17:39:52
a8348b,N628G,United States,38.0497,-89.8635,1798.32,155.63,38.42,False,2026-03-11 17:39:52
ae63fa,GR01,United States,37.0944,-76.3735,335.28,124.79,70.74,False,2026-03-11 17:39:52
ae63fb,BY03,United States,36.5698,-75.8659,0.0,190.13,149.06,False,2026-03-11 17:39:52
a369af,EJA319,United States,34.7122,-114.049,13106.4,190.56,278.85,False,2026-03-11 17:39:52
aaf828,AAL93,United States,45.1099,-67.1512,12092.94,249.42,213.13,False,2026-03-11 17:39:52
a4bfc1,FFT3893,United States,28.1221,-82.1133,8534.4,228.02,355.73,False,2026-03-11 17:39:52
a236b7,N24144,United States,39.4485,-104.6437,2164.08,46.53,108.03,False,2026-03-11 17:39:52
a249e4,N2469H,United States,28.3632,-82.0992,2674.62,72.49,145.41,False,2026-03-11 17:39:52
a03f84,RPA4680,United States,41.2561,-74.9706,8542.02,191.94,299.73,False,2026-03-11 17:39:52
a9b775,JIA5336,United States,28.9036,-81.3216,7315.2,202.79,335.26,False,2026-03-11 17:39:52
a0a967,,United States,38.9482,-77.4421,,0.0,343.12,True,2026-03-11 17:39:52
a7278a,N560GK,United States,36.0063,-113.2111,11026.14,211.69,80.63,False,2026-03-11 17:39:52
02a0ad,TAR202,Tunisia,46.2894,-61.5247,11582.4,181.17,268.21,False,2026-03-11 17:39:52
ab1842,ASA699,United States,34.0086,-118.7593,5791.2,198.16,162.32,False,2026-03-11 17:39:52
a7012b,MWT552,United States,41.3767,-95.901,1615.44,104.59,6.5,False,2026-03-11 17:39:52
ab5eb2,SWA1189,United States,37.4118,-89.8483,11277.6,243.01,130.54,False,2026-03-11 17:39:52
a1f0a6,N224JA,United States,40.0059,-111.8019,1828.8,52.79,217.87,False,2026-03-11 17:39:52
a2cf6a,EJA280,United States,38.2549,-76.737,11254.74,246.26,38.04,False,2026-03-11 17:39:52
a02c8a,N110DM,United States,38.5348,-94.0666,9144.0,105.23,298.95,False,2026-03-11 17:39:52
a82128,N6228N,United States,41.4533,-73.9444,1219.2,60.21,109.98,False,2026-03-11 17:39:52
a356f6,AAL3317,United States,26.6892,-80.0381,441.96,103.3,63.69,False,2026-03-11 17:39:52
a4b483,N402ER,United States,33.6444,-112.6959,2247.9,32.45,2.73,False,2026-03-11 17:39:52
a99ab8,NIT718,United States,33.0321,-83.2251,510.54,61.01,342.33,False,2026-03-11 17:39:52
a6e131,,United States,28.6361,-93.5714,9144.0,217.06,273.81,False,2026-03-11 17:39:52
add066,N99BC,United States,45.0007,-87.9699,13106.4,174.55,272.36,False,2026-03-11 17:39:52
a88df0,NKS2196,United States,40.529,-74.6418,2080.26,157.49,11.49,False,2026-03-11 17:39:52
aaf831,ASA1442,United States,33.9268,-118.4656,464.82,111.54,240.12,False,2026-03-11 17:39:52
a1c997,ENY4123,United States,25.7885,-80.2219,632.46,105.89,118.43,False,2026-03-11 17:39:52
c06ac1,CGOLC,Canada,49.2118,-123.8691,91.44,52.48,270.56,False,2026-03-11 17:39:52
a63afa,WWI50,United States,43.7548,-121.047,12192.0,206.12,348.77,False,2026-03-11 17:39:52
a5c13e,N470BL,United States,30.7023,-88.0566,1409.7,58.96,299.25,False,2026-03-11 17:39:52
a7277d,LXJ560,United States,32.5389,-108.6816,13098.78,214.47,285.87,False,2026-03-11 17:39:52
a7d7f3,SKW5623,United States,43.5743,-116.2552,792.48,63.06,115.1,False,2026-03-11 17:39:52
ab1859,N814BH,United States,26.9788,-80.7726,2209.8,81.19,160.76,False,2026-03-11 17:39:52
a56a94,CXK351,United States,35.9201,-78.7257,434.34,41.81,235.53,False,2026-03-11 17:39:52
ac98ac,SWA3803,United States,37.2721,-102.0339,12199.62,187.23,330.9,False,2026-03-11 17:39:52
c01d72,FLE630,Canada,44.7983,-80.9914,9273.54,218.84,137.57,False,2026-03-11 17:39:52
a26025,ENY4324,United States,41.4462,-99.1207,9753.6,189.07,276.72,False,2026-03-11 17:39:52
a1a32a,N204ZM,United States,37.4634,-122.1179,-129.54,4.74,167.47,False,2026-03-11 17:39:52
a68a5d,EJA520,United States,27.8227,-78.8901,10980.42,181.47,7.17,False,2026-03-11 17:39:52
a1b65a,BECT133,United States,38.2294,-96.1875,10340.34,99.04,189.27,False,2026-03-11 17:39:52
a72790,N560GR,United States,42.0612,-90.3551,12192.0,249.59,16.16,False,2026-03-11 17:39:52
a9a426,GLF50,United States,32.7128,-81.2177,3299.46,164.11,179.46,False,2026-03-11 17:39:52
ab184d,AAL2928,United States,29.605,-98.5616,7010.4,249.7,11.29,False,2026-03-11 17:39:52
a9b755,NKS1121,United States,31.1316,-92.7373,10972.8,212.5,304.84,False,2026-03-11 17:39:52
ac98c1,EDV5531,United States,40.7773,-73.8681,15.24,67.95,122.01,False,2026-03-11 17:39:52
a0a98f,UCA4250,United States,38.9517,-77.5084,441.96,94.4,308.81,False,2026-03-11 17:39:52
780ae6,CCA985,China,43.5257,-126.7143,10668.0,264.81,153.83,False,2026-03-11 17:39:52
a29991,LXJ267,United States,30.3172,-97.3858,2141.22,148.23,72.63,False,2026-03-11 17:39:52
a33cac,N3077M,United States,41.6675,-72.0888,784.86,42.18,150.0,False,2026-03-11 17:39:52
ad5837,AAL2746,United States,32.7848,-97.0553,731.52,94.66,0.31,False,2026-03-11 17:39:52
a9673c,N705BB,United States,35.5454,-108.6178,10210.8,214.74,251.57,False,2026-03-11 17:39:52
abaeb2,SWA3221,United States,37.5384,-85.4194,10363.2,230.03,348.39,False,2026-03-11 17:39:52
a6ed7f,UAL1496,United States,30.2499,-97.7258,10355.58,247.92,335.35,False,2026-03-11 17:39:52
a904e6,TRF688,United States,33.1079,-96.3058,822.96,45.67,165.65,False,2026-03-11 17:39:52
a03367,N1118N,United States,32.8711,-112.0239,1280.16,41.47,78.55,False,2026-03-11 17:39:52
a6f482,UAL1833,United States,41.1674,-102.8053,10363.2,200.19,242.45,False,2026-03-11 17:39:52
aade42,N8MD,United States,44.0139,-122.0497,9753.6,120.08,347.63,False,2026-03-11 17:39:52
a9b70e,N725KP,United States,45.7602,-122.5014,2148.84,78.98,335.77,False,2026-03-11 17:39:52
a14010,HER18,United States,35.5232,-93.17,12496.8,272.2,91.19,False,2026-03-11 17:39:52
abfe12,SKW4981,United States,37.2934,-106.8217,11277.6,248.51,62.37,False,2026-03-11 17:39:52
a27f85,N260FL,United States,40.2871,-74.7977,152.4,43.66,225.95,False,2026-03-11 17:39:52
a7fa2d,SKW164T,United States,40.7194,-121.7208,11277.6,218.64,179.87,False,2026-03-11 17:39:52
a4b49c,FFT2575,United States,37.0773,-113.6339,7315.2,210.12,205.06,False,2026-03-11 17:39:52
a2730d,N257RY,United States,29.78,-95.6714,617.22,83.06,175.74,False,2026-03-11 17:39:52
a0dcf0,N155BW,United States,39.8058,-86.0752,4023.36,145.89,316.0,False,2026-03-11 17:39:52
ad08d7,KOW939,United States,39.4556,-73.7583,14325.6,232.76,227.96,False,2026-03-11 17:39:52
a3095b,N295PJ,United States,38.9684,-89.9572,3383.28,136.94,87.85,False,2026-03-11 17:39:52
a68a95,SKW6282,United States,35.8896,-112.1377,10363.2,205.22,354.39,False,2026-03-11 17:39:52
ac384a,ERU887,United States,29.0485,-80.9883,563.88,54.26,338.3,False,2026-03-11 17:39:52
a2bc12,UAL645,United States,29.3666,-83.3244,9639.3,232.14,337.87,False,2026-03-11 17:39:52
abfe1c,DAL578,United States,26.6788,-84.6879,10972.8,222.28,205.5,False,2026-03-11 17:39:52
a9b72c,N725LU,United States,35.7582,-80.8829,518.16,41.18,272.15,False,2026-03-11 17:39:52
a9b72d,N725LV,United States,35.9747,-115.1379,,0.0,0.0,True,2026-03-11 17:39:52
aacb16,ASI72,United States,33.2628,-111.8217,304.8,34.99,48.58,False,2026-03-11 17:39:52
ad08bd,SKW5921,United States,40.1498,-89.9669,9448.8,282.56,29.08,False,2026-03-11 17:39:52
ac1e2d,DAL812,United States,42.2294,-83.364,342.9,77.8,208.43,False,2026-03-11 17:39:52
a34fe6,SKW3740,United States,46.168,-119.7394,6705.6,135.89,309.78,False,2026-03-11 17:39:52
a9a404,SKW6476,United States,41.6349,-91.6643,10980.42,174.56,260.84,False,2026-03-11 17:39:52
a46fad,UPS2785,United States,38.2152,-86.0295,1866.9,160.57,47.47,False,2026-03-11 17:39:52
a02c91,DAL2764,United States,43.7281,-79.6426,9448.8,271.46,102.59,False,2026-03-11 17:39:52
485f83,KLM601,Kingdom of the Netherlands,51.7178,-106.6645,11574.78,249.5,204.87,False,2026-03-11 17:39:52
a369ee,AAL636,United States,41.4359,-79.4509,11277.6,256.5,69.82,False,2026-03-11 17:39:52
a94105,PDT5883,United States,37.081,-81.7229,9144.0,219.25,166.84,False,2026-03-11 17:39:52
abb5a2,ASH6256,United States,29.6819,-95.1996,3329.94,144.12,226.74,False,2026-03-11 17:39:52
a76f66,UAL1022,United States,34.9803,-100.3549,10363.2,218.95,323.02,False,2026-03-11 17:39:52
0d106e,AMX658,Mexico,25.3291,-98.8132,10668.0,250.12,4.01,False,2026-03-11 17:39:52
a69ccb,N525PE,United States,36.1386,-86.6572,198.12,50.43,198.43,False,2026-03-11 17:39:52
a3dc75,EJA348,United States,46.167,-120.8074,3276.6,184.99,25.71,False,2026-03-11 17:39:52
a2b041,N272ZZ,United States,35.8271,-77.9621,861.06,65.59,253.13,False,2026-03-11 17:39:52
a76f68,UAL2008,United States,40.9181,-87.6872,7970.52,208.9,174.21,False,2026-03-11 17:39:52
abaf47,FDX428,United States,35.285,-98.6314,11277.6,252.11,84.73,False,2026-03-11 17:39:52
a87c12,FFT1973,United States,28.2561,-88.927,10363.2,217.36,276.25,False,2026-03-11 17:39:52
a570b1,N45KN,United States,26.7149,-80.4656,10995.66,194.14,337.24,False,2026-03-11 17:39:52
ab5f6a,SWA1433,United States,35.6852,-94.1236,11582.4,194.73,264.85,False,2026-03-11 17:39:52
a846c4,SKW4886,United States,36.4591,-87.3971,10972.8,204.47,298.89,False,2026-03-11 17:39:52
c01d2d,FLE804,Canada,50.2336,-116.6898,10660.38,259.55,66.03,False,2026-03-11 17:39:52
a6ffdf,N550ER,United States,28.2073,-80.8479,548.64,45.52,214.41,False,2026-03-11 17:39:52
a9afa0,N723KP,United States,47.5291,-121.872,3352.8,116.69,69.89,False,2026-03-11 17:39:52
a45ced,OST38,United States,36.1091,-96.8275,883.92,44.25,359.33,False,2026-03-11 17:39:52
adb9c3,TCF612,United States,28.0714,-80.6389,152.4,41.15,317.53,False,2026-03-11 17:39:52
ac2fea,SWA1707,United States,31.4385,-103.7928,11582.4,210.47,280.71,False,2026-03-11 17:39:52
aa3f74,N76CU,United States,37.5448,-77.3506,327.66,73.66,114.78,False,2026-03-11 17:39:52
ab7999,N8388Y,United States,27.5572,-80.3184,1005.84,39.0,143.58,False,2026-03-11 17:39:52
abfcb6,SWA3786,United States,34.8995,-112.8575,8839.2,259.93,138.77,False,2026-03-11 17:39:52
aadcbd,N79966,United States,28.2829,-80.862,701.04,52.96,320.12,False,2026-03-11 17:39:52
aa5990,N766TW,United States,33.553,-84.3243,396.24,48.12,241.24,False,2026-03-11 17:39:52
accf1c,EDV5135,United States,39.6591,-86.2017,1882.14,165.81,72.86,False,2026-03-11 17:39:52
ad9f39,N977SC,United States,32.3328,-97.1447,1584.96,52.81,132.24,False,2026-03-11 17:39:52
ac36cc,,United States,33.4328,-111.9919,,4.89,90.0,True,2026-03-11 17:39:52
ab5f87,SWA185,United States,35.2603,-108.853,10363.2,213.41,275.39,False,2026-03-11 17:39:52
a95fe6,CTX62,United States,33.8918,-84.3183,563.88,55.19,16.24,False,2026-03-11 17:39:52
ab4c4b,N827QS,United States,31.0732,-115.489,12496.8,251.55,139.89,False,2026-03-11 17:39:52
a76f87,UAL1734,United States,35.0372,-106.9929,9753.6,219.39,267.31,False,2026-03-11 17:39:52
a6a665,N5278F,United States,29.7638,-95.4261,335.28,58.77,13.67,False,2026-03-11 17:39:52
a2602c,AAY2728,United States,39.2516,-80.2729,8260.08,216.28,186.14,False,2026-03-11 17:39:52
a700a4,JIA5651,United States,30.8216,-86.4404,3794.76,187.33,91.57,False,2026-03-11 17:39:52
aae3c6,N800VP,United States,33.6207,-111.9142,,6.43,225.0,True,2026-03-11 17:39:52
ad3cab,N952G,United States,36.0504,-87.131,1188.72,108.95,39.25,False,2026-03-11 17:39:52
a4fc6e,N420JG,United States,30.1206,-81.2217,13106.4,249.42,171.1,False,2026-03-11 17:39:52
a69cf0,EJA525,United States,33.5997,-101.4314,13106.4,188.79,283.39,False,2026-03-11 17:39:52
aa4645,N761LM,United States,35.1876,-77.7378,1013.46,92.97,13.11,False,2026-03-11 17:39:52
c06aab,TSC481,Canada,44.5357,-78.3678,9768.84,184.8,233.83,False,2026-03-11 17:39:52
a2869c,MXY658,United States,36.0812,-115.1383,,0.0,309.38,True,2026-03-11 17:39:52
a690a8,DAL2031,United States,32.6406,-89.2364,10370.82,202.71,269.13,False,2026-03-11 17:39:52
a82cbb,N626CB,United States,33.074,-84.2763,533.4,55.4,10.16,False,2026-03-11 17:39:52
a846e9,SCJ63,United States,31.4441,-82.0709,11300.46,194.32,335.61,False,2026-03-11 17:39:52
a0339f,UCA4988,United States,32.6736,-96.2361,10363.2,269.92,351.56,False,2026-03-11 17:39:52
a210c5,RPA5815,United States,41.8335,-72.9388,4617.72,153.72,240.09,False,2026-03-11 17:39:52
ad4fe1,AAL660,United States,35.7186,-84.5503,4930.14,186.49,280.01,False,2026-03-11 17:39:52
ab6687,N8335A,United States,48.6599,-122.6783,312.42,58.44,343.64,False,2026-03-11 17:39:52
c06aa4,JZA572,Canada,45.4011,-121.5293,11277.6,252.55,165.37,False,2026-03-11 17:39:52
abc992,N859JC,United States,38.1463,-77.8872,12496.8,246.21,57.8,False,2026-03-11 17:39:52
a1fcf9,N227WC,United States,33.7748,-118.0744,822.96,47.8,171.96,False,2026-03-11 17:39:52
aa8cb2,RPA3534,United States,42.7313,-85.4868,998.22,91.34,355.48,False,2026-03-11 17:39:52
adef1e,N99709,United States,40.8962,-73.413,457.2,32.99,190.78,False,2026-03-11 17:39:52
c084b9,ACA107,Canada,44.5435,-81.1011,7345.68,213.77,310.71,False,2026-03-11 17:39:52
a82cc7,N626CP,United States,40.4361,-75.1818,990.6,13.46,226.55,False,2026-03-11 17:39:52
ad9f57,N977TH,United States,41.1134,-73.7422,419.1,38.65,153.09,False,2026-03-11 17:39:52
a2c336,UAL1697,United States,41.765,-80.7505,8778.24,242.02,95.86,False,2026-03-11 17:39:52
ace965,PDT5962,United States,33.5013,-84.991,9144.0,202.21,251.61,False,2026-03-11 17:39:52
a38c66,DAL2582,United States,39.7069,-112.2726,5661.66,191.59,24.09,False,2026-03-11 17:39:52
a76f6c,UAL1768,United States,37.6249,-122.3882,,5.14,255.94,True,2026-03-11 17:39:52
a6b97d,N532ST,United States,34.2192,-118.4925,,0.0,78.75,True,2026-03-11 17:39:52
c00a0d,ACA574,Canada,47.9205,-118.8152,10668.0,278.31,113.53,False,2026-03-11 17:39:52
c00a0b,ACA258,Canada,43.6801,-79.6131,,0.0,30.94,True,2026-03-11 17:39:52
a38019,JBU1855,United States,41.1462,-73.8076,7924.8,206.48,231.47,False,2026-03-11 17:39:52
ab5365,DAL1510,United States,25.8715,-80.1539,2019.3,148.13,351.81,False,2026-03-11 17:39:52
abaf76,N852HA,United States,27.8593,-82.6936,411.48,114.5,229.01,False,2026-03-11 17:39:52
a88f59,N6502A,United States,38.1208,-76.6427,2141.22,104.43,36.59,False,2026-03-11 17:39:52
abfcda,SWA555,United States,36.0782,-115.1226,,1.8,109.69,True,2026-03-11 17:39:52
a298b2,N26675,United States,35.5479,-80.4167,1219.2,52.78,133.03,False,2026-03-11 17:39:52
acbc45,N92ER,United States,37.9799,-79.0275,5783.58,201.35,110.33,False,2026-03-11 17:39:52
acc31a,AAL316,United States,32.8987,-97.0544,,15.43,19.69,True,2026-03-11 17:39:52
a178be,N194TP,United States,31.4313,-85.3948,708.66,88.22,113.73,False,2026-03-11 17:39:52
a38082,JBU1971,United States,28.1179,-86.31,10972.8,216.63,283.18,False,2026-03-11 17:39:52
ab402b,ERU824,United States,29.0798,-81.004,579.12,57.1,341.08,False,2026-03-11 17:39:52
a3dc34,DAL2888,United States,26.6974,-79.0577,9448.8,216.62,32.78,False,2026-03-11 17:39:52
aa9fbb,ENY3712,United States,41.9883,-87.8796,297.18,69.45,270.0,False,2026-03-11 17:39:52
a58fe9,AWI2401,United States,41.6904,-91.3171,9753.6,164.14,212.2,False,2026-03-11 17:39:52
ad9f7f,AAL2496,United States,33.8667,-99.7752,8526.78,221.31,311.14,False,2026-03-11 17:39:52
a058f1,TWY42,United States,38.946,-77.4688,,0.0,0.0,True,2026-03-11 17:39:52
a63c0b,N500XP,United States,35.0425,-106.6047,,9.77,255.94,True,2026-03-11 17:39:52
a5363e,FFT1984,United States,27.9323,-80.7767,10058.4,223.41,340.36,False,2026-03-11 17:39:52
a4c6d0,N407BW,United States,41.7431,-71.2889,883.92,57.22,93.61,False,2026-03-11 17:39:52
ace96d,AAL1889,United States,34.2477,-117.8754,7010.4,241.99,56.01,False,2026-03-11 17:39:52
0d103d,,Mexico,34.4215,-107.5572,12496.8,229.93,168.51,False,2026-03-11 17:39:52
ace96c,AAL2789,United States,33.4383,-112.0017,,0.0,191.25,True,2026-03-11 17:39:52
ace96a,ASA34,United States,44.6477,-92.1965,10668.0,246.95,121.11,False,2026-03-11 17:39:52
a4acae,AAL2720,United States,36.3788,-110.0243,10363.2,207.74,256.1,False,2026-03-11 17:39:52
a08e3c,EDV5243,United States,35.9248,-92.2437,8206.74,188.21,282.63,False,2026-03-11 17:39:52
a69ca2,N525MP,United States,29.8605,-82.8069,12496.8,210.0,9.16,False,2026-03-11 17:39:52
ad3cde,N952JA,United States,33.8542,-117.9757,464.82,44.14,158.82,False,2026-03-11 17:39:52
a8a9a6,N6574G,United States,32.6791,-98.2436,1470.66,56.22,60.39,False,2026-03-11 17:39:52
a64305,SKW6271,United States,32.1094,-110.9315,,26.75,135.0,True,2026-03-11 17:39:52
a09533,,United States,33.8139,-116.4936,99.06,78.71,323.5,False,2026-03-11 17:39:52
ad56f4,JSX980,United States,32.7076,-99.5417,7543.8,216.08,270.55,False,2026-03-11 17:39:52
ac10af,DAL2980,United States,45.2565,-122.4388,10972.8,185.87,347.69,False,2026-03-11 17:39:52
a3dc47,DAL2392,United States,40.6773,-87.8942,10675.62,224.19,148.61,False,2026-03-11 17:39:52
a606c5,ERU488,United States,29.0769,-81.2664,68.58,36.12,234.27,False,2026-03-11 17:39:52
ab5383,AAL2708,United States,29.4479,-98.2442,9159.24,192.68,185.21,False,2026-03-11 17:39:52
a10520,N165JY,United States,28.0096,-82.7056,464.82,45.1,168.82,False,2026-03-11 17:39:52
a2b05b,UCA4276,United States,27.9815,-96.219,10972.8,190.38,208.57,False,2026-03-11 17:39:52
a7bf22,DAL807,United States,43.4186,-79.6179,9151.62,219.91,307.97,False,2026-03-11 17:39:52
a76f43,UAL423,United States,39.8552,-104.6832,,0.0,270.0,True,2026-03-11 17:39:52
ada6ed,AAL2257,United States,33.434,-111.9923,,2.31,180.0,True,2026-03-11 17:39:52
a39398,N33BJ,United States,36.009,-84.3771,6705.6,132.95,340.09,False,2026-03-11 17:39:52
a5e6c8,N48FL,United States,38.9771,-104.8357,2484.12,30.05,38.05,False,2026-03-11 17:39:52
a38c9b,LXJ328,United States,35.9341,-77.6076,12123.42,230.57,8.73,False,2026-03-11 17:39:52
a2bc9e,UAL1862,United States,34.5161,-84.7512,10668.0,240.55,156.56,False,2026-03-11 17:39:52
a5e6c3,N48FF,United States,40.4363,-104.7189,2202.18,51.68,226.61,False,2026-03-11 17:39:52
c0371f,,Canada,49.192,-123.203,,7.72,258.75,True,2026-03-11 17:39:52
a6ffc3,DAL683,United States,36.5707,-99.269,10355.58,211.28,263.43,False,2026-03-11 17:39:52
acc350,EJA921,United States,29.6042,-79.2071,12336.78,221.41,192.62,False,2026-03-11 17:39:52
a9f1d6,N74SW,United States,41.7801,-111.8493,1196.34,36.58,3.22,False,2026-03-11 17:39:52
a76f48,UAL1023,United States,39.241,-119.9006,10058.4,241.49,52.62,False,2026-03-11 17:39:52
a69cb1,LFA313,United States,28.6096,-80.9007,320.04,54.06,92.18,False,2026-03-11 17:39:52
a4acc4,N400BK,United States,38.6798,-94.7796,1478.28,112.05,75.64,False,2026-03-11 17:39:52
a5e6aa,N48EF,United States,34.258,-118.4115,,0.06,326.25,True,2026-03-11 17:39:52
a4fc32,LXJ420,United States,42.2265,-83.9058,9860.28,248.72,117.2,False,2026-03-11 17:39:52
a9a474,N720KG,United States,35.9111,-95.838,1333.5,104.47,261.79,False,2026-03-11 17:39:52
a52f89,ASI4589,United States,33.6879,-112.0609,579.12,44.8,92.63,False,2026-03-11 17:39:52
ad56fd,N959KF,United States,33.7261,-86.9508,12496.8,256.2,142.67,False,2026-03-11 17:39:52
a71fc8,N5582G,United States,33.5349,-112.2915,,3.6,8.44,True,2026-03-11 17:39:52
a178ae,SKW3377,United States,37.2896,-121.5025,8046.72,163.38,297.78,False,2026-03-11 17:39:52
a1a38c,N2042Q,United States,31.2863,-97.3436,1546.86,48.64,17.86,False,2026-03-11 17:39:52
a5232b,AAL2209,United States,35.9482,-100.5578,9448.8,255.84,85.85,False,2026-03-11 17:39:52
a3ef90,N3527H,United States,31.6517,-81.1692,2682.24,74.12,358.01,False,2026-03-11 17:39:52
0d1078,VOI3080,Mexico,25.4663,-96.9545,9441.18,240.33,120.63,False,2026-03-11 17:39:52
abb68c,DAL2262,United States,38.575,-110.183,10363.2,208.32,236.58,False,2026-03-11 17:39:52
a0950a,N13686,United States,43.5939,-116.5236,952.5,46.27,311.85,False,2026-03-11 17:39:52
a3dc5a,EDV5165,United States,40.7564,-73.6678,777.24,70.14,210.89,False,2026-03-11 17:39:52
ae5d84,SPUD20,United States,31.5114,-85.9841,838.2,66.41,182.22,False,2026-03-11 17:39:52
a7c69b,N60TM,United States,33.7668,-81.4282,1203.96,11.88,274.97,False,2026-03-11 17:39:52
a32b04,FFT3735,United States,32.9807,-81.3553,10675.62,220.11,356.38,False,2026-03-11 17:39:52
aa58a6,ENY3918,United States,36.0995,-86.1226,9144.0,203.12,275.52,False,2026-03-11 17:39:52
ac0a7c,N875SC,United States,32.3882,-97.1187,1059.18,53.78,194.97,False,2026-03-11 17:39:52
abfd8c,SWA159,United States,32.1958,-107.5366,11887.2,239.99,109.41,False,2026-03-11 17:39:52
a690fb,GJS4172,United States,38.8742,-77.0409,121.92,66.78,158.77,False,2026-03-11 17:39:52
ad3d92,N952RF,United States,30.4182,-86.9288,1493.52,81.71,321.9,False,2026-03-11 17:39:52
a08e82,RPA4354,United States,39.0277,-78.7407,8534.4,205.94,242.47,False,2026-03-11 17:39:52
a26bb8,SKW3822,United States,38.4933,-121.162,3901.44,175.12,126.4,False,2026-03-11 17:39:52
a52ea4,DAL215,United States,39.2173,-68.5189,11582.4,242.98,253.14,False,2026-03-11 17:39:52
acbaf8,N91934,United States,37.6587,-122.1175,,2.31,317.81,True,2026-03-11 17:39:52
ade1b3,N994CB,United States,35.8464,-119.0638,2926.08,67.41,321.82,False,2026-03-11 17:39:52
a940ce,N6958W,United States,36.1935,-115.3259,1188.72,56.1,101.1,False,2026-03-11 17:39:52
a4c811,N407QS,United States,28.8282,-98.9167,11742.42,163.59,205.92,False,2026-03-11 17:39:52
a35854,JBU1954,United States,42.317,-71.0284,228.6,61.18,19.65,False,2026-03-11 17:39:52
a0822c,UCA4930,United States,40.0847,-74.7276,9448.8,227.58,56.53,False,2026-03-11 17:39:52
a9903a,,United States,37.2692,-113.3458,2331.72,109.5,210.18,False,2026-03-11 17:39:52
a27ebd,N26XM,United States,35.945,-113.656,7620.0,148.7,90.99,False,2026-03-11 17:39:52
ac249e,SWA235,United States,27.7945,-81.7318,10972.8,219.91,337.88,False,2026-03-11 17:39:52
a308d9,N295JD,United States,34.026,-118.6032,1295.4,45.51,264.16,False,2026-03-11 17:39:52
a0de5c,N155SK,United States,27.1084,-82.3019,1455.42,29.57,139.94,False,2026-03-11 17:39:52
c06b6a,WJA2698,Canada,41.7098,-95.5782,10668.0,252.54,133.51,False,2026-03-11 17:39:52
a9ec77,N73898,United States,33.7335,-116.9973,609.6,37.44,12.7,False,2026-03-11 17:39:52
ad447d,N954L,United States,38.9698,-77.4531,,0.06,56.25,True,2026-03-11 17:39:52
a0f86b,UCA4822,United States,31.4042,-90.0636,10972.8,198.01,234.41,False,2026-03-11 17:39:52
a33e1e,N308MA,United States,40.3894,-105.0315,2476.5,68.84,189.46,False,2026-03-11 17:39:52
a9067b,UAL3922,United States,41.8443,-88.1374,10668.0,295.94,86.21,False,2026-03-11 17:39:52
af8437,BGST310,United States,27.4082,-97.3005,922.02,94.18,1.57,False,2026-03-11 17:39:52
a35843,UAL1246,United States,30.6934,-104.0442,9448.8,254.94,109.2,False,2026-03-11 17:39:52
a1c8bd,EJM67,United States,37.2619,-92.7338,11887.2,259.69,101.31,False,2026-03-11 17:39:52
aa80eb,SKW3500,United States,42.8898,-85.2516,3535.68,185.43,106.27,False,2026-03-11 17:39:52
a5ce02,UAL489,United States,35.7012,-112.2965,11277.6,247.1,63.01,False,2026-03-11 17:39:52
a23844,RPA5672,United States,42.3773,-70.753,1760.22,145.02,106.7,False,2026-03-11 17:39:52
ac1190,AAL3133,United States,33.4365,-112.0024,,0.0,90.0,True,2026-03-11 17:39:52
a058fa,N121SA,United States,37.6472,-109.2887,12496.8,266.47,71.43,False,2026-03-11 17:39:52
ad315c,N9493D,United States,28.0673,-81.6494,152.4,41.87,10.62,False,2026-03-11 17:39:52
a03ef7,MXY6353,United States,39.5407,-108.9403,11071.86,265.85,97.79,False,2026-03-11 17:39:52
aaa929,SWA3846,United States,33.7648,-117.8158,480.06,97.96,194.91,False,2026-03-11 17:39:52
a0de31,EJA155,United States,47.5329,-122.3004,,0.0,357.19,True,2026-03-11 17:39:52
a60827,N488UV,United States,39.8547,-111.8716,2057.4,57.68,177.44,False,2026-03-11 17:39:52
ae01f4,RENO71,United States,36.1637,-97.8314,1089.66,105.19,320.16,False,2026-03-11 17:39:52
ae01f1,BALL16,United States,36.6797,-97.6675,5913.12,91.62,327.38,False,2026-03-11 17:39:52
a8d33a,N668PD,United States,33.7912,-118.0519,-22.86,27.69,234.83,False,2026-03-11 17:39:52
a33e08,ENY3834,United States,36.1702,-78.6446,1600.2,123.73,133.32,False,2026-03-11 17:39:52
a72809,N560MM,United States,30.8752,-91.9251,8580.12,220.55,125.51,False,2026-03-11 17:39:52
a47809,UAL426,United States,41.1775,-87.89,7703.82,198.64,178.52,False,2026-03-11 17:39:52
a8c028,JBU251,United States,33.4789,-81.0861,10980.42,222.13,196.97,False,2026-03-11 17:39:52
a07b39,N130AH,United States,42.5786,-71.3438,419.1,60.99,129.87,False,2026-03-11 17:39:52
a953f7,N70U,United States,34.0031,-117.7312,960.12,74.71,3.16,False,2026-03-11 17:39:52
a2b093,N2722L,United States,33.2041,-97.1966,,5.14,0.0,True,2026-03-11 17:39:52
a09552,N137BG,United States,46.2555,-94.0781,1188.72,73.95,348.77,False,2026-03-11 17:39:52
aa2061,,United States,28.2848,-81.4473,30.48,20.89,52.0,False,2026-03-11 17:39:52
ae6475,KING43,United States,27.165,-80.6348,3901.44,151.11,13.18,False,2026-03-11 17:39:52
0d1030,AMX649,Mexico,28.3616,-109.8557,11277.6,236.99,129.98,False,2026-03-11 17:39:52
aa80e4,SCA77,United States,33.7101,-112.0591,670.56,46.37,266.82,False,2026-03-11 17:39:52
a19b18,SKW5419,United States,39.606,-101.1607,9814.56,268.98,94.83,False,2026-03-11 17:39:52
a10547,N165LM,United States,34.3254,-81.8613,2964.18,95.07,159.41,False,2026-03-11 17:39:52
a52ed0,N433FR,United States,33.8798,-117.6882,1036.32,67.21,264.29,False,2026-03-11 17:39:52
a69e14,N5251Z,United States,33.0553,-84.2932,1592.58,25.58,285.15,False,2026-03-11 17:39:52
a59857,N46MB,United States,31.524,-84.2042,144.78,51.7,211.16,False,2026-03-11 17:39:52
a0a8df,UAL1506,United States,39.474,-109.166,11582.4,187.33,260.36,False,2026-03-11 17:39:52
a700c3,SFY205,United States,27.2948,-80.7691,708.66,55.37,221.99,False,2026-03-11 17:39:52
ae649b,,United States,39.8339,-74.4105,144.78,50.04,165.11,False,2026-03-11 17:39:52
ab5f1b,SWA645,United States,33.2806,-84.8887,4000.5,201.34,47.38,False,2026-03-11 17:39:52
a0cb68,AAL1158,United States,40.8579,-97.7415,9753.6,206.33,303.1,False,2026-03-11 17:39:52
ad0919,SWA695,United States,34.8083,-116.602,6858.0,204.29,261.75,False,2026-03-11 17:39:52
a690bf,DAL189,United States,40.9348,-92.2976,10363.2,246.58,321.86,False,2026-03-11 17:39:52
a0de99,AAL1662,United States,36.7028,-88.5411,10363.2,209.3,290.13,False,2026-03-11 17:39:52
a4fc8c,N420KM,United States,34.1733,-117.0718,4442.46,174.84,119.43,False,2026-03-11 17:39:52
a4a0cf,LYM621,United States,40.7796,-102.14,9144.0,155.72,263.93,False,2026-03-11 17:39:52
846def,NCA134,Japan,52.8442,-111.0271,10668.0,282.09,117.36,False,2026-03-11 17:39:52
a2bbc6,UAL1679,United States,34.9261,-118.7966,10668.0,246.7,133.65,False,2026-03-11 17:39:52
a2cef7,N280LB,United States,32.7856,-97.1402,297.18,38.48,29.65,False,2026-03-11 17:39:52
c0722e,CGRGF,Canada,27.1227,-81.8365,7010.4,150.85,338.6,False,2026-03-11 17:39:52
ac2fa4,SWA274,United States,34.6743,-114.3154,9525.0,213.86,234.4,False,2026-03-11 17:39:52
ae2909,C6025,United States,27.9329,-82.8806,22.86,44.7,348.04,False,2026-03-11 17:39:52
a20b55,N2303V,United States,40.7806,-83.6478,2491.74,65.54,175.5,False,2026-03-11 17:39:52
a9f302,SKW6202,United States,33.9432,-109.4282,10668.0,238.11,78.16,False,2026-03-11 17:39:52
a570ec,EJM217,United States,48.0189,-99.7769,13106.4,214.57,271.24,False,2026-03-11 17:39:52
a7ac49,CNS524,United States,26.7887,-81.6849,5791.2,199.76,123.44,False,2026-03-11 17:39:52
ac36a9,SWA1265,United States,28.6192,-82.4926,11582.4,212.51,327.66,False,2026-03-11 17:39:52
abb601,SWA2908,United States,35.1543,-107.7381,10972.8,216.53,261.25,False,2026-03-11 17:39:52
ab4c15,AAL3108,United States,27.1758,-83.4099,7528.56,243.37,110.54,False,2026-03-11 17:39:52
a272bf,AAY364,United States,36.0208,-83.8738,10294.62,245.25,8.08,False,2026-03-11 17:39:52
a9ff4d,N743SP,United States,43.6527,-116.6255,1097.28,53.13,43.43,False,2026-03-11 17:39:52
a6a66f,N5278R,United States,25.6296,-80.3463,182.88,55.62,267.35,False,2026-03-11 17:39:52
a77687,GJS4583,United States,42.7526,-86.5316,3741.42,131.28,235.38,False,2026-03-11 17:39:52
ab5f43,SWA2255,United States,40.777,-73.8697,,8.75,300.94,True,2026-03-11 17:39:52
ac9936,N9101R,United States,41.0888,-73.882,586.74,39.7,161.1,False,2026-03-11 17:39:52
a700ac,DAL2090,United States,44.8331,-93.1079,701.04,67.95,302.01,False,2026-03-11 17:39:52
aaa954,SWA2513,United States,36.0798,-115.1458,,0.0,334.69,True,2026-03-11 17:39:52
ac860c,CXK308,United States,35.6944,-81.1231,853.44,46.99,318.11,False,2026-03-11 17:39:52
abaf1e,DAL1506,United States,31.4789,-82.3242,9448.8,246.21,27.64,False,2026-03-11 17:39:52
a5106e,,United States,38.8577,-77.04,,8.75,331.88,True,2026-03-11 17:39:52
a9c9cf,N73MK,United States,37.4772,-76.1113,2590.8,89.38,211.59,False,2026-03-11 17:39:52
c06b5d,PRO4372,Canada,46.8744,-78.9117,7299.96,104.44,179.15,False,2026-03-11 17:39:52
aa2c79,N7549A,United States,33.1364,-111.6693,807.72,33.83,241.88,False,2026-03-11 17:39:52
a1eb32,N2223B,United States,41.3145,-112.2848,1973.58,51.81,212.43,False,2026-03-11 17:39:52
a700da,EJA550,United States,33.4797,-96.46,3741.42,168.94,255.54,False,2026-03-11 17:39:52
a0e54a,SIY157,United States,28.4844,-87.2893,11582.4,209.87,287.99,False,2026-03-11 17:39:52
ab03a4,DAL754,United States,41.4655,-89.0136,10058.4,300.96,78.36,False,2026-03-11 17:39:52
ac2fc3,SWA1941,United States,34.221,-85.0405,4572.0,202.09,142.34,False,2026-03-11 17:39:52
a428e2,N36711,United States,40.318,-111.8824,1844.04,43.95,332.84,False,2026-03-11 17:39:52
a2bba8,UAL215,United States,41.7177,-90.9538,10363.2,185.24,261.37,False,2026-03-11 17:39:52
a91986,PDT5786,United States,33.1119,-85.0081,7863.84,207.33,235.72,False,2026-03-11 17:39:52
ab4c1d,DAL1070,United States,33.4398,-112.0135,,10.8,90.0,True,2026-03-11 17:39:52
a09590,DAL880,United States,40.7856,-111.9794,,0.06,354.38,True,2026-03-11 17:39:52
aa466f,SKW6422,United States,35.1649,-116.405,11064.24,231.17,47.25,False,2026-03-11 17:39:52
c07243,CGRHA,Canada,51.4666,-113.6733,1691.64,48.46,266.35,False,2026-03-11 17:39:52
a9c9f5,N73NY,United States,35.9158,-114.8729,1074.42,46.14,157.72,False,2026-03-11 17:39:52
a1aee9,N2074A,United States,33.5174,-117.0376,640.08,46.13,7.05,False,2026-03-11 17:39:52
a1057a,AAL3035,United States,32.9026,-97.0349,,4.89,205.31,True,2026-03-11 17:39:52
ae290a,C6026,United States,33.2372,-117.457,-76.2,7.0,306.03,False,2026-03-11 17:39:52
a7a016,N5902S,United States,34.0896,-117.7683,304.8,45.25,319.61,False,2026-03-11 17:39:52
ac1ca1,N88MT,United States,32.5098,-81.5991,6042.66,138.57,344.05,False,2026-03-11 17:39:52
a0de84,N155U,United States,41.7813,-111.8511,,5.66,92.81,True,2026-03-11 17:39:52
ad9f15,EJA977,United States,40.8597,-74.0588,60.96,54.1,183.27,False,2026-03-11 17:39:52
c022e5,CFNFO,Canada,40.6496,-75.442,,0.0,227.81,True,2026-03-11 17:39:52
a34535,N31HP,United States,36.2308,-80.2036,9014.46,217.43,142.21,False,2026-03-11 17:39:52
ac7f41,AAL1684,United States,39.6384,-109.5336,10972.8,188.91,250.43,False,2026-03-11 17:39:52
a8deb4,DAL1910,United States,27.8119,-82.2343,10668.0,251.5,164.46,False,2026-03-11 17:39:52
a33272,FFT73,United States,25.784,-97.9231,11277.6,215.73,309.19,False,2026-03-11 17:39:52
a0cb9e,EJA150,United States,32.2197,-78.3945,12192.0,249.88,195.52,False,2026-03-11 17:39:52
c05a0a,AKT1735,Canada,51.4219,-114.0389,2346.96,130.05,149.58,False,2026-03-11 17:39:52
a402dd,DAL1938,United States,28.0577,-80.5608,9753.6,248.98,130.14,False,2026-03-11 17:39:52
ada953,N98FL,United States,33.3589,-112.5207,1280.16,76.42,245.33,False,2026-03-11 17:39:52
ac6cd2,FLC90,United States,44.7636,-108.3771,10355.58,180.07,307.69,False,2026-03-11 17:39:52
ad93a6,N974MT,United States,42.6226,-108.6381,13106.4,192.96,317.38,False,2026-03-11 17:39:52
a63bba,N500UH,United States,33.7287,-83.8545,3611.88,103.1,207.97,False,2026-03-11 17:39:52
a4fbd9,N420CH,United States,45.1189,-123.0806,6576.06,145.86,206.84,False,2026-03-11 17:39:52
a5bb1e,VAR469,United States,33.4317,-112.6859,243.84,44.29,182.66,False,2026-03-11 17:39:52
ac1325,N8773N,United States,41.3874,-72.6265,731.52,51.56,102.09,False,2026-03-11 17:39:52
ac1327,SWA727,United States,33.9105,-118.687,10363.2,222.47,263.89,False,2026-03-11 17:39:52
abec26,SWA4332,United States,31.9213,-83.664,10988.04,219.29,339.4,False,2026-03-11 17:39:52
a8484b,BYF31,United States,37.6712,-121.7615,937.26,51.44,30.67,False,2026-03-11 17:39:52
aaf996,EJA806,United States,40.7992,-95.4764,13106.4,204.58,254.39,False,2026-03-11 17:39:52
aa7c64,JBU1527,United States,35.9037,-77.2822,10363.2,224.02,215.84,False,2026-03-11 17:39:52
a72886,N560SM,United States,32.6036,-116.9966,11285.22,218.23,150.17,False,2026-03-11 17:39:52
aa9679,RPA3556,United States,40.7216,-87.4053,8481.06,184.73,168.6,False,2026-03-11 17:39:52
ab53e4,EDV5125,United States,39.974,-74.8234,3886.2,198.08,47.53,False,2026-03-11 17:39:52
a82e2e,SKW5699,United States,38.154,-107.0379,10668.0,264.59,133.19,False,2026-03-11 17:39:52
c06d48,JZA182,Canada,51.8895,-108.142,5600.7,174.93,72.9,False,2026-03-11 17:39:52
a8f8e4,N6776A,United States,41.6679,-103.7311,4145.28,49.65,304.02,False,2026-03-11 17:39:52
c01dcb,FLE2664,Canada,25.5688,-102.3592,11582.4,209.23,209.78,False,2026-03-11 17:39:52
a5724a,N450BW,United States,33.85,-102.7246,12755.88,220.52,282.8,False,2026-03-11 17:39:52
a44b56,DAL1408,United States,28.972,-94.1789,9753.6,203.4,242.59,False,2026-03-11 17:39:52
a5c222,N470LP,United States,32.9438,-112.7427,1897.38,39.67,260.29,False,2026-03-11 17:39:52
ab9024,EJA844,United States,38.3236,-80.3601,9570.72,261.16,75.28,False,2026-03-11 17:39:52
a70215,N5502M,United States,43.5793,-116.5173,853.44,40.09,123.49,False,2026-03-11 17:39:52
a5d570,UAL1363,United States,42.0028,-87.8431,510.54,66.88,269.56,False,2026-03-11 17:39:52
ac0c64,SWA1928,United States,36.6774,-120.7508,9144.0,208.78,318.3,False,2026-03-11 17:39:52
a642cd,EJA502,United States,42.0943,-114.9148,8435.34,213.45,17.82,False,2026-03-11 17:39:52
ab53f1,SCX214,United States,29.6805,-83.1706,10599.42,225.21,346.12,False,2026-03-11 17:39:52
a2bbf2,UAL1587,United States,38.9475,-77.4386,,7.2,0.0,True,2026-03-11 17:39:52
a45233,ASA933,United States,33.3493,-123.2278,11582.4,222.22,255.93,False,2026-03-11 17:39:52
a3323d,DAL2745,United States,33.13,-85.2438,10066.02,241.22,158.74,False,2026-03-11 17:39:52
c0611f,ACA956,Canada,31.3167,-81.4374,12496.8,237.67,359.88,False,2026-03-11 17:39:52
a5c236,N470MJ,United States,34.3848,-82.8837,640.08,56.48,249.75,False,2026-03-11 17:39:52
abafff,AAL313,United States,25.4653,-80.2957,3528.06,187.34,209.8,False,2026-03-11 17:39:52
a905ad,N68005,United States,34.2179,-118.4923,,6.17,343.12,True,2026-03-11 17:39:52
ac73e9,N901LM,United States,43.5538,-70.0108,5135.88,162.09,33.74,False,2026-03-11 17:39:52
ac134a,SWA3112,United States,35.4725,-107.1423,11277.6,256.78,104.15,False,2026-03-11 17:39:52
a8dea1,N6704E,United States,29.9883,-98.1678,1684.02,54.37,110.49,False,2026-03-11 17:39:52
42450d,BMA602,United Kingdom,40.4788,-73.4351,10668.0,259.05,136.13,False,2026-03-11 17:39:52
a1a2e0,SWA1585,United States,35.7757,-90.3773,4663.44,196.61,155.58,False,2026-03-11 17:39:52
a33e85,AAL3212,United States,33.2936,-111.6822,2301.24,109.74,333.56,False,2026-03-11 17:39:52
ae5f3a,,United States,32.6974,-83.5003,853.44,126.06,89.06,False,2026-03-11 17:39:52
a4ae9b,N400WF,United States,39.3909,-105.4919,10949.94,239.23,97.54,False,2026-03-11 17:39:52
abec4d,SWA4192,United States,37.0624,-100.4062,11269.98,246.81,72.28,False,2026-03-11 17:39:52
a642e3,N502RP,United States,39.5397,-92.6681,11277.6,289.05,81.71,False,2026-03-11 17:39:52
abff87,UAL562,United States,38.9484,-121.1098,10165.08,235.89,34.7,False,2026-03-11 17:39:52
a33243,DAL483,United States,36.3515,-93.871,6705.6,162.69,264.92,False,2026-03-11 17:39:52
aa8315,AAL997P,United States,33.0495,-96.8775,2118.36,152.32,115.61,False,2026-03-11 17:39:52
ad8cec,AAL3227,United States,32.3753,-97.8276,3893.82,194.68,87.27,False,2026-03-11 17:39:52
abf351,SWA3947,United States,32.3511,-109.0274,11277.6,247.92,102.22,False,2026-03-11 17:39:52
ad2c4f,EJA948,United States,39.6002,-77.326,2446.02,126.27,223.51,False,2026-03-11 17:39:52
a9907b,N715V,United States,30.9247,-88.5634,5303.52,148.33,92.78,False,2026-03-11 17:39:52
abe00f,SWA807,United States,38.3407,-76.3666,10660.38,236.25,37.57,False,2026-03-11 17:39:52
a9ec8e,N739AV,United States,27.2085,-80.3571,426.72,48.38,91.83,False,2026-03-11 17:39:52
a72840,N560PS,United States,36.1173,-86.6782,,0.0,188.44,True,2026-03-11 17:39:52
ac136d,SWA744,United States,42.3762,-95.4765,10363.2,189.52,263.45,False,2026-03-11 17:39:52
addcc5,N9922X,United States,33.9836,-117.0209,1310.64,67.08,278.38,False,2026-03-11 17:39:52
ab40f0,AAL2819,United States,42.6041,-86.495,5356.86,170.31,255.84,False,2026-03-11 17:39:52
a4c85b,N407TR,United States,38.8484,-77.0395,,10.29,0.0,True,2026-03-11 17:39:52
aad386,N797RJ,United States,32.8228,-117.1721,335.28,44.78,227.33,False,2026-03-11 17:39:52
ac0048,SWA3688,United States,33.4595,-89.4171,11887.2,270.2,39.2,False,2026-03-11 17:39:52
aa8f3b,N78LV,United States,27.8003,-81.0672,2819.4,130.4,148.88,False,2026-03-11 17:39:52
ad201e,DAL2908,United States,39.1589,-91.3126,10965.18,200.07,298.74,False,2026-03-11 17:39:52
ab40f7,AAY504,United States,34.0018,-81.5217,10363.2,241.75,162.03,False,2026-03-11 17:39:52
ac0c8b,SWA3744,United States,33.431,-112.0427,563.88,91.62,271.93,False,2026-03-11 17:39:52
ab904f,N844SK,United States,30.3296,-81.47,2522.22,80.24,167.03,False,2026-03-11 17:39:52
ae03c4,SCORE67,United States,38.5692,-74.6078,3970.02,131.21,234.25,False,2026-03-11 17:39:52
abec6c,SWA3517,United States,39.6976,-87.5593,11277.6,280.77,82.42,False,2026-03-11 17:39:52
a72833,KPO560,United States,27.8371,-81.729,6690.36,208.62,193.69,False,2026-03-11 17:39:52
a3a87f,N335BD,United States,35.4306,-119.0468,,0.06,315.0,True,2026-03-11 17:39:52
a0475b,N117MV,United States,40.0071,-73.4296,4869.18,125.94,229.8,False,2026-03-11 17:39:52
a5bb17,AAL2740,United States,28.0668,-86.77,10363.2,219.95,296.09,False,2026-03-11 17:39:52
acc3f7,EDV4981,United States,44.7908,-91.9548,5105.4,176.18,290.87,False,2026-03-11 17:39:52
c01dac,FLE1691,Canada,32.9074,-82.1536,11277.6,229.21,2.83,False,2026-03-11 17:39:52
ab9074,N844TX,United States,32.9508,-96.4386,289.56,48.69,173.33,False,2026-03-11 17:39:52
a0d29f,FDL52,United States,40.7541,-73.4146,137.16,30.88,181.91,False,2026-03-11 17:39:52
abf375,SWA693,United States,39.8025,-104.3721,2964.18,168.35,113.98,False,2026-03-11 17:39:52
aa3fc2,FXC22,United States,40.4409,-73.9992,289.56,69.25,166.69,False,2026-03-11 17:39:52
a668f1,VAR512,United States,33.4307,-112.6859,236.22,39.11,181.51,False,2026-03-11 17:39:52
ae03ce,SCORE60,United States,30.95,-88.2964,5715.0,141.19,223.52,False,2026-03-11 17:39:52
ad93f0,EJA974,United States,35.0413,-86.3539,13106.4,179.23,207.15,False,2026-03-11 17:39:52
a0472e,,United States,40.835,-112.7449,1516.38,46.81,270.0,False,2026-03-11 17:39:52
44ccd8,BEL1CP,Belgium,47.3966,-67.8444,9753.6,211.2,206.63,False,2026-03-11 17:39:52
a6a5a6,N52720,United States,37.034,-76.6128,1066.8,38.67,229.32,False,2026-03-11 17:39:52
a9ec7f,ENY3838,United States,42.7448,-85.7316,8008.62,177.55,256.08,False,2026-03-11 17:39:52
c01294,CFHAX,Canada,49.1759,-123.4157,182.88,48.13,169.53,False,2026-03-11 17:39:52
781ed4,CKK231,China,47.4602,-122.3062,,0.45,0.0,True,2026-03-11 17:39:52
781ed3,CKK227,China,43.4951,-94.7626,10058.4,277.01,96.5,False,2026-03-11 17:39:52
aa8ea1,N78ER,United States,38.9498,-76.774,91.44,27.78,180.0,False,2026-03-11 17:39:52
a19aaa,ENY4009,United States,32.9082,-97.0423,,1.29,98.44,True,2026-03-11 17:39:52
a9f2d5,ASI53,United States,33.2488,-111.801,617.22,46.27,228.15,False,2026-03-11 17:39:52
a1675e,N19RW,United States,33.935,-84.2457,670.56,63.1,245.94,False,2026-03-11 17:39:52
a37a02,FFT2317,United States,34.3995,-87.3957,11582.4,214.8,317.33,False,2026-03-11 17:39:52
a19ab1,AAY2272,United States,39.9526,-89.1696,10058.4,284.0,74.13,False,2026-03-11 17:39:52
ac5a94,SWA157,United States,37.5793,-104.9852,11887.2,253.11,81.82,False,2026-03-11 17:39:52
a0478e,N117PW,United States,32.1179,-80.9004,8534.4,133.19,192.26,False,2026-03-11 17:39:52
a41722,UAL699,United States,28.7432,-88.8096,10972.8,202.14,283.54,False,2026-03-11 17:39:52
aadf08,N8VB,United States,38.3574,-101.7011,11887.2,285.42,78.67,False,2026-03-11 17:39:52
a1fdb4,N2272V,United States,27.1564,-80.4837,609.6,51.75,353.72,False,2026-03-11 17:39:52
a0ddda,N155ME,United States,32.8695,-98.1236,7856.22,223.16,285.51,False,2026-03-11 17:39:52
a08de0,N135BC,United States,36.5872,-105.7512,7924.8,201.54,279.85,False,2026-03-11 17:39:52
a28749,JSX655,United States,37.3825,-121.3389,7010.4,227.93,108.97,False,2026-03-11 17:39:52
a3ca04,N343SA,United States,27.5528,-82.6305,830.58,56.32,230.93,False,2026-03-11 17:39:52
a4ada2,N400LG,United States,34.7409,-107.979,11277.6,231.34,72.13,False,2026-03-11 17:39:52
acb17b,N917JG,United States,33.9075,-117.3268,3429.0,112.43,316.3,False,2026-03-11 17:39:52
a081a8,N13129,United States,28.1185,-82.0251,510.54,43.36,175.24,False,2026-03-11 17:39:52
a82298,NKS3066,United States,41.6173,-82.9087,6339.84,206.85,337.33,False,2026-03-11 17:39:52
ab79ca,AAL167,United States,47.2065,-79.4345,7924.8,237.82,330.16,False,2026-03-11 17:39:52
a3f756,N35491,United States,36.0423,-86.5128,365.76,31.42,230.31,False,2026-03-11 17:39:52
a4b4a6,GLF68,United States,31.031,-79.2611,13921.74,190.48,281.37,False,2026-03-11 17:39:52
a1b725,N20997,United States,34.9841,-80.4716,441.96,55.98,72.9,False,2026-03-11 17:39:52
a9f2c6,CKS813,United States,36.1684,-109.0363,10058.4,281.38,152.92,False,2026-03-11 17:39:52
a094e2,FFL503,United States,35.036,-117.3417,5532.12,151.33,107.2,False,2026-03-11 17:39:52
a0e4b2,FDX864,United States,36.6281,-95.6862,11285.22,254.75,106.42,False,2026-03-11 17:39:52
aae612,N801FA,United States,41.1964,-112.2227,1859.28,35.69,164.96,False,2026-03-11 17:39:52
ac7fa8,N904SR,United States,29.769,-98.3939,1219.2,94.54,101.62,False,2026-03-11 17:39:52
a094e3,N13672,United States,41.7115,-70.0476,822.96,60.39,110.44,False,2026-03-11 17:39:52
a2b10b,UAL1111,United States,36.9214,-125.3373,10363.2,223.21,250.9,False,2026-03-11 17:39:52
a2b10f,UAL785,United States,35.5133,-115.5186,10972.8,218.88,227.76,False,2026-03-11 17:39:52
ab79db,CXK1020,United States,39.161,-104.5886,3253.74,38.92,277.59,False,2026-03-11 17:39:52
ac7faf,SCX342,United States,29.4028,-83.0616,10363.2,221.19,327.34,False,2026-03-11 17:39:52
ada908,N98CL,United States,39.0302,-77.3082,365.76,50.78,256.53,False,2026-03-11 17:39:52
ac1f1a,N880P,United States,34.3579,-115.5153,7696.2,190.05,19.61,False,2026-03-11 17:39:52
ac3945,EJA887,United States,28.0716,-80.4704,4305.3,209.69,158.41,False,2026-03-11 17:39:52
a2d76a,SWA3258,United States,39.1278,-94.7536,861.06,79.09,5.6,False,2026-03-11 17:39:52
ab1971,AAL2564,United States,31.848,-82.0226,10363.2,231.68,192.31,False,2026-03-11 17:39:52
aaf960,AAL2384,United States,36.08,-115.1357,,0.0,42.19,True,2026-03-11 17:39:52
a7289d,N560TK,United States,34.8685,-91.9953,13716.0,223.64,115.92,False,2026-03-11 17:39:52
ab1978,AAY487,United States,39.9495,-73.7307,11277.6,221.09,26.68,False,2026-03-11 17:39:52
c06be3,WJA2962,Canada,26.211,-84.5574,10972.8,225.55,217.68,False,2026-03-11 17:39:52
ab1979,DAL837,United States,35.2489,-102.1507,9753.6,226.12,267.13,False,2026-03-11 17:39:52
a83569,QXE2088,United States,36.9794,-119.8304,10972.8,209.21,341.21,False,2026-03-11 17:39:52
abb6a8,ERU854,United States,29.2839,-81.3219,845.82,60.1,51.95,False,2026-03-11 17:39:52
a25a53,N2503V,United States,36.479,-78.4852,1097.28,55.11,357.32,False,2026-03-11 17:39:52
ad2c03,N948MR,United States,35.7212,-96.0447,2057.4,110.61,0.27,False,2026-03-11 17:39:52
ada935,N98EF,United States,28.9507,-89.3139,14325.6,219.79,288.14,False,2026-03-11 17:39:52
ada936,N98EG,United States,40.6163,-74.2429,22.86,5.09,225.0,False,2026-03-11 17:39:52
a38d48,AAY3082,United States,37.9356,-89.4833,6644.64,236.95,143.03,False,2026-03-11 17:39:52
a3942b,N33HF,United States,27.7197,-97.5519,68.58,10.35,206.57,False,2026-03-11 17:39:52
a5729c,JRT50,United States,39.0001,-85.6165,4754.88,162.72,324.65,False,2026-03-11 17:39:52
ac1301,SWA3615,United States,36.1447,-115.2936,2506.98,125.65,16.65,False,2026-03-11 17:39:52
ac86af,AAL2925,United States,40.7756,-73.8773,,4.12,30.94,True,2026-03-11 17:39:52
a15460,N185MP,United States,36.3969,-114.9744,1112.52,59.22,18.75,False,2026-03-11 17:39:52
a94214,N696MA,United States,40.1185,-111.7707,1744.98,49.39,67.98,False,2026-03-11 17:39:52
a33de3,N308JS,United States,33.6883,-112.1008,472.44,50.28,82.95,False,2026-03-11 17:39:52
a95549,N700HM,United States,31.9079,-83.1881,8923.02,245.27,295.87,False,2026-03-11 17:39:52
a41743,UAL1978,United States,38.8654,-97.0457,9448.8,256.53,97.84,False,2026-03-11 17:39:52
ac1f61,RPA5602,United States,37.8751,-89.198,9144.0,199.02,276.98,False,2026-03-11 17:39:52
a6e258,UAL2246,United States,26.6574,-83.7379,10972.8,218.14,290.57,False,2026-03-11 17:39:52
a6e257,N54240,United States,40.2281,-111.9263,4328.16,83.91,55.24,False,2026-03-11 17:39:52
abff3c,RGY872,United States,32.8901,-110.1877,12192.0,199.79,285.07,False,2026-03-11 17:39:52
abf308,SWA1895,United States,38.7572,-76.4982,6568.44,227.86,75.09,False,2026-03-11 17:39:52
a6ee8e,DAL594,United States,34.0716,-102.8326,10066.02,254.12,145.89,False,2026-03-11 17:39:52
a38d36,DAL2566,United States,41.3989,-81.737,7620.0,187.68,294.11,False,2026-03-11 17:39:52
a9fec4,ENY3518,United States,32.9074,-97.044,,0.19,165.94,True,2026-03-11 17:39:52
a0ddfb,AAL2357,United States,39.3308,-104.6016,5494.02,239.0,135.26,False,2026-03-11 17:39:52
ae5f15,KING70,United States,40.3551,-73.089,571.5,126.45,36.73,False,2026-03-11 17:39:52
ae5f12,RCH212,United States,42.6347,-99.0694,8534.4,124.47,296.25,False,2026-03-11 17:39:52
ae5f13,ROPER61,United States,35.2037,-97.3752,1295.4,99.63,355.26,False,2026-03-11 17:39:52
a14d7a,N183T,United States,40.9656,-94.676,13083.54,282.41,15.1,False,2026-03-11 17:39:52
a8deda,UAL963,United States,46.1877,-70.7781,9753.6,213.68,215.3,False,2026-03-11 17:39:52
a70dda,N55367,United States,35.7024,-119.2505,2468.88,77.6,331.06,False,2026-03-11 17:39:52
c07ee0,WJA1021,Canada,48.9322,-115.9282,11582.4,215.82,6.29,False,2026-03-11 17:39:52
a87d2f,VN1,United States,29.2776,-85.8481,5745.48,192.16,120.75,False,2026-03-11 17:39:52
a2b156,UAL487,United States,36.036,-125.2355,10668.0,226.56,232.84,False,2026-03-11 17:39:52
a7c748,CYO600,United States,41.9753,-87.2605,6675.12,223.61,354.98,False,2026-03-11 17:39:52
ac1dd4,N880,United States,34.2804,-118.4359,510.54,40.34,142.25,False,2026-03-11 17:39:52
c07eda,WJA1161,Canada,43.2244,-112.1334,12192.0,197.06,359.1,False,2026-03-11 17:39:52
aa7abe,UAL1803,United States,41.9565,-88.4241,4229.1,153.8,261.92,False,2026-03-11 17:39:52
a5e7ec,N48TC,United States,38.6814,-104.444,7216.14,193.21,163.45,False,2026-03-11 17:39:52
a0a9b2,UCA4225,United States,28.2924,-96.3868,6096.0,189.85,218.95,False,2026-03-11 17:39:52
c085af,CGYQG,Canada,42.4401,-83.6863,1539.24,131.86,69.44,False,2026-03-11 17:39:52
ac1ddc,N880AG,United States,30.4596,-81.8197,502.92,86.46,69.08,False,2026-03-11 17:39:52
a23914,SKW4119,United States,33.4329,-112.0055,,0.0,90.0,True,2026-03-11 17:39:52
a15fa4,AAY951,United States,35.7555,-89.5979,11582.4,213.61,319.98,False,2026-03-11 17:39:52
a2bd98,N276JK,United States,28.0779,-80.6445,1912.62,88.02,357.99,False,2026-03-11 17:39:52
aa7ac8,SWA3473,United States,33.4274,-112.4432,4396.74,178.72,280.11,False,2026-03-11 17:39:52
a691ad,N522PM,United States,39.7174,-103.7574,2636.52,107.53,126.05,False,2026-03-11 17:39:52
a2b154,UAL1383,United States,32.1202,-107.7731,9144.0,215.16,277.14,False,2026-03-11 17:39:52
a50a66,N4239Q,United States,36.2584,-76.2021,350.52,39.88,239.8,False,2026-03-11 17:39:52
a2b151,UAL2295,United States,33.5481,-77.5977,10972.8,238.93,196.64,False,2026-03-11 17:39:52
ab04f3,SCX575,United States,36.4443,-90.2479,11277.6,197.57,179.1,False,2026-03-11 17:39:52
abfdd1,AAL295,United States,34.0476,-117.3392,11582.4,229.01,263.16,False,2026-03-11 17:39:52
c085c1,CGYQY,Canada,40.2228,-72.783,8229.6,152.32,62.66,False,2026-03-11 17:39:52
c00b20,CFEFN,Canada,53.6208,-114.3517,1676.4,45.92,9.67,False,2026-03-11 17:39:52
a08f33,EJA135,United States,37.1705,-103.4721,13716.0,219.57,310.82,False,2026-03-11 17:39:52
ae1729,,United States,29.4713,-100.4116,4503.42,59.04,259.96,False,2026-03-11 17:39:52
a2b12d,UAL1072,United States,40.7819,-73.8786,,4.12,16.88,True,2026-03-11 17:39:52
aacad4,CKS253,United States,41.2115,-74.0985,6088.38,186.03,183.33,False,2026-03-11 17:39:52
ae1754,POST61,United States,36.537,-97.5059,3116.58,89.72,36.61,False,2026-03-11 17:39:52
a82df6,EJA626,United States,41.6656,-93.1691,13106.4,183.12,237.74,False,2026-03-11 17:39:52
ab678e,DAL361,United States,38.9529,-114.0405,11582.4,201.98,253.27,False,2026-03-11 17:39:52
a41795,N363BL,United States,36.2525,-76.0997,251.46,45.39,336.63,False,2026-03-11 17:39:52
a27499,N2575U,United States,35.7525,-81.1684,1028.7,56.15,103.78,False,2026-03-11 17:39:52
a2b136,UAL2446,United States,40.2758,-102.1583,9227.82,271.6,78.86,False,2026-03-11 17:39:52
a2b134,UAL794,United States,37.8566,-109.3633,9753.6,201.97,277.76,False,2026-03-11 17:39:52
ac8777,SWA1995,United States,36.0726,-90.9482,11887.2,200.49,173.22,False,2026-03-11 17:39:52
a3813b,DAL648,United States,36.36,-90.1077,10066.02,205.84,175.7,False,2026-03-11 17:39:52
ac6118,UAL1317,United States,40.6455,-91.157,8846.82,279.32,66.79,False,2026-03-11 17:39:52
a3813a,ENY3393,United States,32.8367,-97.4912,4693.92,168.34,232.32,False,2026-03-11 17:39:52
ac876b,N906WA,United States,25.9966,-80.4779,579.12,36.82,82.78,False,2026-03-11 17:39:52
c01239,CFGXK,Canada,51.1048,-114.3753,,10.29,255.94,True,2026-03-11 17:39:52
a967ae,FFT2745,United States,27.9753,-82.5398,,8.75,306.56,True,2026-03-11 17:39:52
ab3a4f,N822WT,United States,34.2722,-118.6055,1066.8,86.37,259.36,False,2026-03-11 17:39:52
a2615d,CXK368,United States,32.7337,-97.4127,937.26,60.04,102.37,False,2026-03-11 17:39:52
a38130,ERH325,United States,30.4843,-88.0726,320.04,51.98,178.3,False,2026-03-11 17:39:52
c0253f,CFOCS,Canada,29.5469,-81.2267,3230.88,151.44,177.08,False,2026-03-11 17:39:52
a6ede5,UAL660,United States,37.5199,-106.7768,10370.82,212.11,247.17,False,2026-03-11 17:39:52
a50a88,AAL2408,United States,37.9614,-88.4813,10363.2,191.9,258.87,False,2026-03-11 17:39:52
a211ef,SWA1933,United States,32.7342,-117.1923,-76.2,32.92,286.88,True,2026-03-11 17:39:52
a331d0,N3049Q,United States,32.2672,-106.8987,1493.52,45.25,81.5,False,2026-03-11 17:39:52
a3812f,N325DA,United States,38.8709,-108.649,13075.92,230.35,242.18,False,2026-03-11 17:39:52
c07eef,WJA1181,Canada,27.2994,-81.8401,5943.6,198.84,342.69,False,2026-03-11 17:39:52
addd11,N99243,United States,29.9738,-98.0752,1508.76,67.3,101.91,False,2026-03-11 17:39:52
a8e729,N673DA,United States,33.2744,-83.1441,1615.44,66.28,128.38,False,2026-03-11 17:39:52
ab4151,SKW3838,United States,43.0468,-94.3649,7315.2,195.02,200.54,False,2026-03-11 17:39:52
a5bae9,N4689C,United States,39.7152,-104.1988,2491.74,65.34,62.83,False,2026-03-11 17:39:52
c085e0,WJA2790,Canada,31.056,-81.6041,10972.8,224.84,207.97,False,2026-03-11 17:39:52
abb76d,AAL1622,United States,37.6206,-89.1096,10340.34,221.64,143.87,False,2026-03-11 17:39:52
a4ea77,AAL1418,United States,31.8907,-106.6548,10058.4,247.2,103.11,False,2026-03-11 17:39:52
a451a7,N378BL,United States,35.3222,-78.287,342.9,53.7,113.13,False,2026-03-11 17:39:52
ac11d2,N877RD,United States,38.6147,-121.8251,1828.8,74.22,237.74,False,2026-03-11 17:39:52
acb10a,DAL1945,United States,30.8926,-91.2921,10363.2,201.61,244.94,False,2026-03-11 17:39:52
c01e13,FLE1888,Canada,33.9596,-118.3276,320.04,78.29,262.83,False,2026-03-11 17:39:52
ac5a4a,SWA839,United States,37.7113,-122.213,,0.0,56.25,True,2026-03-11 17:39:52
ae77ee,,United States,35.6955,-79.646,495.3,72.8,85.14,False,2026-03-11 17:39:52
a0cc06,AAL2954,United States,38.1097,-90.7263,8839.2,262.88,93.59,False,2026-03-11 17:39:52
407992,BAW7NY,United Kingdom,44.306,-69.9838,11582.4,238.25,204.63,False,2026-03-11 17:39:52
a727c3,N560JS,United States,31.456,-97.1116,7117.08,164.32,197.87,False,2026-03-11 17:39:52
a02cc9,N110G,United States,33.1593,-97.3354,1226.82,132.29,182.01,False,2026-03-11 17:39:52
a08f62,N135SP,United States,31.6152,-81.4674,4747.26,188.82,210.27,False,2026-03-11 17:39:52
a6a711,,United States,38.8568,-77.0406,,7.72,334.69,True,2026-03-11 17:39:52
a3d112,CRE345,United States,42.469,-84.6771,13106.4,185.81,284.92,False,2026-03-11 17:39:52
a3ca1a,AAL1101,United States,34.0832,-87.2254,10363.2,220.59,326.61,False,2026-03-11 17:39:52
a5cdae,EJA473,United States,44.4444,-69.275,3596.64,211.1,41.15,False,2026-03-11 17:39:52
ab415e,SCX8205,United States,35.7185,-77.452,769.62,104.02,92.55,False,2026-03-11 17:39:52
a967a5,IFG705,United States,27.742,-80.8295,1508.76,46.01,169.7,False,2026-03-11 17:39:52
a033ae,AAL255,United States,37.5858,-97.228,9144.0,202.59,258.58,False,2026-03-11 17:39:52
acaa1c,JSX500,United States,27.6762,-79.4718,7840.98,215.6,195.93,False,2026-03-11 17:39:52
aba45b,N8495M,United States,39.0519,-121.2486,3108.96,72.34,326.31,False,2026-03-11 17:39:52
a3d10f,DAL556,United States,36.8663,-92.3315,10370.82,182.85,257.49,False,2026-03-11 17:39:52
a2b17a,UAL2664,United States,38.2347,-120.1148,9227.82,252.16,77.75,False,2026-03-11 17:39:52
a08f76,N135TJ,United States,39.7369,-75.0648,121.92,4.74,220.6,False,2026-03-11 17:39:52
a584bc,AAL2743,United States,32.9291,-97.6277,5349.24,169.5,246.0,False,2026-03-11 17:39:52
ae77f7,R21283,United States,39.8177,-74.3983,1234.44,41.18,205.92,False,2026-03-11 17:39:52
a53774,UAL1003,United States,39.8587,-104.6829,1524.0,0.0,270.0,True,2026-03-11 17:39:52
a046f2,RPA4684,United States,38.4221,-85.8313,9448.8,238.36,147.78,False,2026-03-11 17:39:52
ad2af2,DAL1708,United States,33.6423,-84.4321,,0.64,270.0,True,2026-03-11 17:39:52
a9427a,N696RC,United States,37.4369,-120.6372,624.84,46.77,309.64,False,2026-03-11 17:39:52
a059e3,UAL1458,United States,38.097,-102.3362,10363.2,202.85,277.43,False,2026-03-11 17:39:52
acb12f,JTL917,United States,36.195,-114.2589,9525.0,220.73,89.07,False,2026-03-11 17:39:52
a5d4b5,N475LP,United States,33.5038,-112.3056,647.7,37.56,179.22,False,2026-03-11 17:39:52
a63d42,AAL1530,United States,33.3861,-98.8003,9144.0,229.94,293.47,False,2026-03-11 17:39:52
a10614,AAL1396,United States,32.8805,-97.0314,,3.09,95.62,True,2026-03-11 17:39:52
ac5a73,SWA2797,United States,39.8647,-104.6676,,13.38,270.0,True,2026-03-11 17:39:52
a10611,UPS2993,United States,38.232,-85.7638,480.06,70.0,165.96,False,2026-03-11 17:39:52
ad8155,N97AJ,United States,33.5704,-86.3117,2369.82,160.55,85.22,False,2026-03-11 17:39:52
a3f792,,United States,39.154,-96.4994,1432.56,77.15,83.49,False,2026-03-11 17:39:52
a3f796,N355CD,United States,33.021,-86.6141,11887.2,235.81,141.55,False,2026-03-11 17:39:52
a82da3,N626MJ,United States,33.3116,-112.5611,1882.14,43.59,300.5,False,2026-03-11 17:39:52
a2b176,UAL2401,United States,41.9798,-87.919,,4.89,261.56,True,2026-03-11 17:39:52
a0f92e,N162AT,United States,36.1756,-76.356,1965.96,76.51,60.16,False,2026-03-11 17:39:52
a02cb4,N110FD,United States,32.9785,-82.6436,5516.88,179.09,175.39,False,2026-03-11 17:39:52
a4b4cc,JTL402,United States,41.9355,-78.926,13632.18,274.88,100.13,False,2026-03-11 17:39:52
a56acc,NWX448,United States,32.5719,-97.576,1028.7,38.24,203.81,False,2026-03-11 17:39:52
a3816b,KII835,United States,29.991,-90.272,,0.0,90.0,True,2026-03-11 17:39:52
a0e600,UPS2895,United States,38.2047,-90.1872,10058.4,245.98,117.53,False,2026-03-11 17:39:52
c01e1a,FLE2811,Canada,35.9522,-99.4185,11582.4,213.25,316.56,False,2026-03-11 17:39:52
a6a739,LXJ528,United States,27.9308,-80.9503,10012.68,219.52,342.97,False,2026-03-11 17:39:52
a1c9a7,N214PD,United States,37.3072,-77.0921,1661.16,63.63,140.91,False,2026-03-11 17:39:52
a0e607,AAL2998,United States,39.7973,-90.1124,9448.8,283.25,21.86,False,2026-03-11 17:39:52
ae5deb,C2012,United States,36.3227,-76.6322,1661.16,110.87,106.16,False,2026-03-11 17:39:52
c010ec,ACA1212,Canada,43.6748,-79.6631,,13.38,45.0,True,2026-03-11 17:39:52
a8d489,UAL1606,United States,42.6476,-87.4836,5410.2,240.91,48.55,False,2026-03-11 17:39:52
aa9600,UAL1158,United States,33.9397,-118.3996,,0.0,261.56,True,2026-03-11 17:39:52
a19c57,TWY553,United States,31.9409,-106.7942,13716.0,231.57,105.86,False,2026-03-11 17:39:52
abeb7c,SWA668,United States,36.4744,-112.6538,11026.14,250.42,72.79,False,2026-03-11 17:39:52
a2396e,SWA3414,United States,37.5371,-104.8086,9448.8,246.63,74.51,False,2026-03-11 17:39:52
a9f461,AAL2176,United States,38.855,-77.0429,,2.57,323.44,True,2026-03-11 17:39:52
a19002,N20DN,United States,28.3752,-81.8444,548.64,31.59,300.32,False,2026-03-11 17:39:52
a1ff69,ASA953,United States,37.3985,-121.8691,1470.66,120.7,131.03,False,2026-03-11 17:39:52
a020c2,,United States,29.5115,-83.0877,2682.24,80.39,113.78,False,2026-03-11 17:39:52
a5cf19,UAL2653,United States,39.1278,-84.7362,11887.2,268.36,114.94,False,2026-03-11 17:39:52
a20008,N228PK,United States,36.8533,-100.3623,13098.78,203.6,247.26,False,2026-03-11 17:39:52
c06050,CGKMH,Canada,51.4837,-112.834,1813.56,45.67,22.52,False,2026-03-11 17:39:52
a0df80,VTE3347,United States,36.7625,-110.9137,9753.6,227.27,204.19,False,2026-03-11 17:39:52
c010f6,ACA132,Canada,43.6797,-79.6194,,3.6,120.94,True,2026-03-11 17:39:52
c0737c,WJA2179,Canada,41.6719,-78.2666,10972.8,226.77,344.61,False,2026-03-11 17:39:52
a0835d,,United States,38.8544,-77.0424,,0.0,163.12,True,2026-03-11 17:39:52
a549da,N44SF,United States,41.0329,-99.5696,13716.0,291.97,92.52,False,2026-03-11 17:39:52
a1a3a9,JBU1328,United States,40.6501,-73.7637,,0.51,208.12,True,2026-03-11 17:39:52
a03fff,AAL3116,United States,27.9735,-82.5402,,2.06,87.19,True,2026-03-11 17:39:52
a5cf28,N4734E,United States,28.4288,-81.1194,121.92,56.59,90.0,False,2026-03-11 17:39:52
ad3293,PWA95,United States,42.2066,-87.7643,2613.66,148.12,85.42,False,2026-03-11 17:39:52
a3460e,N31SF,United States,26.7361,-81.0825,8915.4,110.32,336.06,False,2026-03-11 17:39:52
ad3292,N95CT,United States,42.9898,-87.73,2887.98,151.4,98.6,False,2026-03-11 17:39:52
a93adb,N694PD,United States,28.5615,-82.4924,12192.0,242.38,324.59,False,2026-03-11 17:39:52
a7d9a3,N6048Z,United States,32.6808,-97.0467,220.98,32.41,0.91,False,2026-03-11 17:39:52
a57f42,SWA1787,United States,34.1825,-116.0366,12192.0,204.08,285.65,False,2026-03-11 17:39:52
a3a977,N335MB,United States,42.8044,-117.622,7505.7,181.74,40.41,False,2026-03-11 17:39:52
aa59a5,AAL2651,United States,33.9866,-110.3906,9502.14,245.84,69.29,False,2026-03-11 17:39:52
a9da33,N734DA,United States,37.3309,-121.8167,,5.14,143.44,True,2026-03-11 17:39:52
a2d6a9,AAY3171,United States,28.2949,-82.0974,8206.74,224.35,346.47,False,2026-03-11 17:39:52
a4791d,N388BB,United States,31.2275,-101.6874,12192.0,219.23,278.91,False,2026-03-11 17:39:52
a6b9c1,VOI7932,United States,30.6916,-112.7353,9745.98,204.91,309.81,False,2026-03-11 17:39:52
a87196,NKS3508,United States,28.4349,-81.3161,,5.14,101.25,True,2026-03-11 17:39:52
a033d2,MXY340,United States,34.8342,-81.0494,10279.38,248.82,13.15,False,2026-03-11 17:39:52
a51cb3,N4287Q,United States,39.9357,-74.1029,762.0,33.82,256.81,False,2026-03-11 17:39:52
abf29f,SWA146,United States,38.6384,-90.166,1112.52,76.06,329.97,False,2026-03-11 17:39:52
a39fb7,UAL397,United States,44.1835,-95.8869,10058.4,265.68,61.3,False,2026-03-11 17:39:52
a70f11,JBU154,United States,35.7517,-77.0914,11277.6,229.17,15.63,False,2026-03-11 17:39:52
a56c24,ATN3327,United States,34.096,-117.2326,251.46,34.98,70.31,True,2026-03-11 17:39:52
a02cf1,RPA4662,United States,25.5418,-81.4966,6416.04,203.1,202.02,False,2026-03-11 17:39:52
a99d8d,XSR719,United States,29.1263,-81.6185,13716.0,229.04,4.25,False,2026-03-11 17:39:52
a22642,ASA1450,United States,46.5065,-120.3319,8343.9,159.01,309.35,False,2026-03-11 17:39:52
aa2184,AAL193,United States,36.907,-75.6159,11582.4,226.44,268.44,False,2026-03-11 17:39:52
a2cfa2,SKW4070,United States,40.9914,-120.4116,9448.8,242.35,168.12,False,2026-03-11 17:39:52
c06080,ACA169,Canada,45.5549,-81.6593,9144.0,224.88,316.48,False,2026-03-11 17:39:52
a56c30,N449BL,United States,35.7239,-78.2942,982.98,43.48,205.96,False,2026-03-11 17:39:52
a5cf1b,UAL1064,United States,37.7897,-77.5835,10957.56,240.1,44.31,False,2026-03-11 17:39:52
a02ceb,N110HJ,United States,30.9238,-83.3003,784.86,72.75,169.41,False,2026-03-11 17:39:52
a81ae1,N621KM,United States,36.0606,-87.4945,6995.16,137.18,289.73,False,2026-03-11 17:39:52
a0d374,AAL1177,United States,37.2342,-83.927,10050.78,266.9,75.37,False,2026-03-11 17:39:52
ab17ba,VWA109,United States,33.3746,-111.5664,975.36,53.35,309.52,False,2026-03-11 17:39:52
a1903c,AMF9410,United States,44.0424,-122.9245,3855.72,107.7,183.29,False,2026-03-11 17:39:52
a821bf,N623DT,United States,44.8103,-63.9223,4815.84,113.56,246.22,False,2026-03-11 17:39:52
a81ae6,N621KS,United States,37.2169,-121.1927,7840.98,142.6,134.42,False,2026-03-11 17:39:52
a8e770,LXJ673,United States,32.2457,-101.3075,12664.44,269.03,131.28,False,2026-03-11 17:39:52
a9b7f6,AAL3263,United States,25.0909,-79.523,6781.8,198.51,328.78,False,2026-03-11 17:39:52
a403c6,DAL839,United States,32.2921,-86.4987,8930.64,267.55,55.58,False,2026-03-11 17:39:52
a47991,XFL636,United States,37.3393,-75.7951,14325.6,245.33,21.4,False,2026-03-11 17:39:52
a834f0,N628LA,United States,32.9276,-111.4826,678.18,48.31,187.96,False,2026-03-11 17:39:52
a82dfb,QXE2112,United States,37.382,-122.1216,1668.78,129.2,342.86,False,2026-03-11 17:39:52
a40ffc,N36094,United States,33.758,-84.6493,731.52,34.32,246.12,False,2026-03-11 17:39:52
a5d4fb,N475PJ,United States,34.2981,-97.4344,8282.94,196.03,179.1,False,2026-03-11 17:39:52
a2cffc,SWA1919,United States,32.3525,-97.2832,3215.64,157.19,72.87,False,2026-03-11 17:39:52
a2cffd,GLF21,United States,42.0745,-107.3049,11582.4,188.07,314.67,False,2026-03-11 17:39:52
a86a2b,JIA5370,United States,38.8366,-76.1136,4884.42,226.47,75.4,False,2026-03-11 17:39:52
a7faad,JBU1144,United States,42.8148,-72.2806,3185.16,172.71,86.24,False,2026-03-11 17:39:52
a6449b,N5026U,United States,25.986,-100.8669,2766.06,67.26,186.15,False,2026-03-11 17:39:52
a9ed53,JRE739,United States,31.4252,-87.5511,13716.0,223.63,116.21,False,2026-03-11 17:39:52
a1ff90,RPA5674,United States,41.2208,-78.8438,10363.2,201.12,244.55,False,2026-03-11 17:39:52
aa7aeb,SWA3974,United States,36.0766,-115.1212,,3.86,194.06,True,2026-03-11 17:39:52
a21370,N2328T,United States,38.4106,-79.2751,2423.16,50.39,207.35,False,2026-03-11 17:39:52
ab17e1,N8137U,United States,32.8143,-97.3804,518.16,47.04,174.35,False,2026-03-11 17:39:52
ab540d,UAL1522,United States,39.3835,-103.0674,8145.78,264.03,110.41,False,2026-03-11 17:39:52
a81abe,JBU2462,United States,40.4708,-74.1582,1798.32,166.0,40.6,False,2026-03-11 17:39:52
a0c049,N1479E,United States,29.1132,-80.9493,274.32,44.17,153.73,False,2026-03-11 17:39:52
a273f5,UAL2346,United States,29.2817,-95.6989,9311.64,189.66,229.18,False,2026-03-11 17:39:52
a403b3,DAL788,United States,40.9629,-91.2412,10980.42,182.3,231.42,False,2026-03-11 17:39:52
a7c772,N600CA,United States,33.5395,-98.5155,6096.0,150.57,321.8,False,2026-03-11 17:39:52
c010cb,ACA264,Canada,50.0619,-97.0879,2514.6,150.78,96.86,False,2026-03-11 17:39:52
acbd02,N92NE,United States,29.9158,-98.4859,1341.12,74.48,174.05,False,2026-03-11 17:39:52
a45319,N378SF,United States,29.1505,-95.8537,5273.04,90.94,261.87,False,2026-03-11 17:39:52
a4ea9d,N416CA,United States,32.6553,-96.8677,434.34,38.59,180.76,False,2026-03-11 17:39:52
a45316,AAL1208,United States,33.3788,-99.2491,9144.0,230.85,290.62,False,2026-03-11 17:39:52
a08378,N132JS,United States,35.4581,-113.9702,2324.1,80.47,172.28,False,2026-03-11 17:39:52
a33339,EDV5045,United States,41.0179,-78.6278,9753.6,174.45,281.74,False,2026-03-11 17:39:52
ab674b,AAL506,United States,33.4374,-111.9964,,0.0,270.0,True,2026-03-11 17:39:52
a2e9fd,SWA3463,United States,33.4207,-97.3979,3131.82,160.17,117.96,False,2026-03-11 17:39:52
a1e015,N22QQ,United States,40.8579,-111.9111,1440.18,46.86,357.48,False,2026-03-11 17:39:52
a32c3e,AAL1746,United States,31.5423,-104.2498,10668.0,243.56,109.24,False,2026-03-11 17:39:52
a7ad7c,JIA5052,United States,38.2666,-78.2244,8534.4,211.3,218.38,False,2026-03-11 17:39:52
a4c917,N40704,United States,40.0922,-74.9987,91.44,28.46,229.4,False,2026-03-11 17:39:52
a90799,N681GW,United States,33.8269,-84.0257,1104.9,58.21,281.21,False,2026-03-11 17:39:52
a954d4,N700CV,United States,34.3399,-88.3757,7620.0,134.23,171.4,False,2026-03-11 17:39:52
a20028,EJA228,United States,39.1723,-74.5395,2125.98,157.83,27.15,False,2026-03-11 17:39:52
a38caf,N328GS,United States,33.9633,-102.0928,9144.0,142.44,297.77,False,2026-03-11 17:39:52
a9ed33,N739HK,United States,35.1336,-106.7889,1699.26,30.35,0.0,False,2026-03-11 17:39:52
a33328,AAL2,United States,42.4577,-98.9926,10058.4,271.07,86.63,False,2026-03-11 17:39:52
a1ec47,AMF2252,United States,46.6485,-122.6579,2689.86,83.3,197.99,False,2026-03-11 17:39:52
a1affa,N208CN,United States,33.7599,-84.7261,716.28,46.33,240.02,False,2026-03-11 17:39:52
ac6d1e,N90D,United States,26.8751,-98.966,2293.62,77.34,176.19,False,2026-03-11 17:39:52
c06c87,,Canada,49.9338,-122.7002,4846.32,146.32,10.12,False,2026-03-11 17:39:52
a2000d,EDV5153,United States,42.9497,-87.895,,5.92,289.69,True,2026-03-11 17:39:52
a3a93b,ENY3844,United States,27.0802,-78.752,10165.08,200.04,291.42,False,2026-03-11 17:39:52
c06c84,CGPCL,Canada,49.9404,-119.3822,701.04,77.49,224.19,False,2026-03-11 17:39:52
a8aac8,DAL851,United States,42.7293,-101.1582,10980.42,202.72,277.14,False,2026-03-11 17:39:52
a66a84,SKW6409,United States,34.9801,-116.8547,8290.56,231.39,51.5,False,2026-03-11 17:39:52
aab273,N789FA,United States,34.3718,-119.2319,2247.9,39.0,8.34,False,2026-03-11 17:39:52
a086ce,EDV5207,United States,35.4388,-77.1441,10058.4,234.67,26.57,False,2026-03-11 17:39:52
a37f12,BOE123,United States,47.4876,-122.2167,-83.82,0.0,0.0,False,2026-03-11 17:39:52
a3e917,LXJ351,United States,40.8482,-72.6567,8534.4,210.63,216.06,False,2026-03-11 17:39:52
a25f2a,N252CM,United States,39.8542,-98.1585,1935.48,84.18,98.08,False,2026-03-11 17:39:52
ab7b8c,UAL2049,United States,34.9934,-98.3708,11590.02,222.29,314.16,False,2026-03-11 17:39:52
aceb61,SWA4087,United States,41.1124,-81.3656,5707.38,181.03,158.32,False,2026-03-11 17:39:52
a79158,EJA587,United States,26.5454,-80.1025,2964.18,159.43,260.9,False,2026-03-11 17:39:52
a349be,JBU1897,United States,25.3003,-80.78,10668.0,246.13,196.39,False,2026-03-11 17:39:52
abde8c,JRE864,United States,41.4102,-83.0879,13106.4,160.87,273.85,False,2026-03-11 17:39:52
a92d6d,UAL984,United States,53.5473,-114.3698,9875.52,223.52,208.45,False,2026-03-11 17:39:52
ade8ff,DAL1119,United States,39.5887,-83.7712,8839.2,253.42,343.37,False,2026-03-11 17:39:52
a66a92,N512TM,United States,30.8774,-84.6965,1112.52,32.82,80.98,False,2026-03-11 17:39:52
a7a4e6,ASA549,United States,43.8664,-122.9247,11887.2,226.94,178.57,False,2026-03-11 17:39:52
a01f73,RPA4701,United States,39.1427,-85.7234,5585.46,173.31,321.87,False,2026-03-11 17:39:52
c04034,CFYID,Canada,40.8987,-94.7146,8534.4,128.34,263.79,False,2026-03-11 17:39:52
a80136,N6149J,United States,34.1392,-83.6924,1005.84,61.82,71.57,False,2026-03-11 17:39:52
ad124e,EJA941,United States,38.9511,-77.4385,,10.8,0.0,True,2026-03-11 17:39:52
a2c90d,ENY4212,United States,27.0329,-77.7188,7962.9,242.58,171.22,False,2026-03-11 17:39:52
adc2a4,NKS2204,United States,41.9704,-87.9058,,0.0,87.19,True,2026-03-11 17:39:52
a874e1,JBU2181,United States,44.3519,-87.6115,9761.22,187.59,279.15,False,2026-03-11 17:39:52
a80d70,STY618,United States,42.6842,-75.4586,4587.24,219.98,127.11,False,2026-03-11 17:39:52
040197,ETH501,Ethiopia,44.3283,-64.7277,10668.0,268.95,65.84,False,2026-03-11 17:39:52
ad1258,CXK330,United States,33.0703,-111.4827,1554.48,58.51,147.57,False,2026-03-11 17:39:52
a42a97,LXJ368,United States,35.6008,-109.7252,13106.4,191.9,283.96,False,2026-03-11 17:39:52
ad0b5e,EDG94,United States,38.9685,-77.4508,,0.0,180.0,True,2026-03-11 17:39:52
a8011f,N6148W,United States,41.5831,-72.0954,1645.92,66.21,57.05,False,2026-03-11 17:39:52
ab8296,N84026,United States,33.2698,-81.64,731.52,42.56,277.64,False,2026-03-11 17:39:52
abd26b,SWA3491,United States,37.4009,-106.2736,10668.0,255.25,80.96,False,2026-03-11 17:39:52
a8aaa5,SKW4229,United States,45.3505,-93.4834,5067.3,186.3,158.96,False,2026-03-11 17:39:52
a2791e,MXY791,United States,39.9782,-78.6063,9144.0,209.37,210.41,False,2026-03-11 17:39:52
a7da65,LXJ605,United States,37.9664,-77.6507,4823.46,204.5,24.05,False,2026-03-11 17:39:52
a51601,DAL183,United States,40.7371,-73.016,2567.94,121.72,237.25,False,2026-03-11 17:39:52
c0405a,ROU1701,Canada,42.8542,-106.7233,9753.6,207.04,234.1,False,2026-03-11 17:39:52
a42a85,N368FD,United States,26.4055,-81.3886,396.24,80.49,4.4,False,2026-03-11 17:39:52
a13f2c,N18JS,United States,33.9926,-111.4595,2796.54,79.16,62.1,False,2026-03-11 17:39:52
a01f56,N107GL,United States,29.5518,-83.4694,10668.0,247.39,168.97,False,2026-03-11 17:39:52
a491f1,DAL768,United States,37.1714,-96.0859,11887.2,242.85,102.98,False,2026-03-11 17:39:52
a5a17d,ERU462,United States,29.0587,-81.2721,304.8,50.63,52.43,False,2026-03-11 17:39:52
a7da55,N605FF,United States,33.0433,-117.263,998.22,63.52,261.15,False,2026-03-11 17:39:52
a27921,N259CB,United States,33.8281,-117.4627,1005.84,39.13,155.12,False,2026-03-11 17:39:52
a3117c,SWA2795,United States,35.5688,-77.4056,9753.6,225.12,218.6,False,2026-03-11 17:39:52
aceb76,EDV4901,United States,34.9359,-78.5663,9753.6,223.8,217.53,False,2026-03-11 17:39:52
c0404e,WJA2908,Canada,43.2137,-72.7997,10972.8,238.56,176.79,False,2026-03-11 17:39:52
c0404f,ROU2057,Canada,45.0596,-76.5529,8534.4,190.39,229.16,False,2026-03-11 17:39:52
c1e97a,EL31,Canada,51.1171,-113.9976,,5.4,0.0,True,2026-03-11 17:39:52
a1a986,ENY3771,United States,38.6358,-77.305,3726.18,160.14,220.7,False,2026-03-11 17:39:52
a55d7b,N445D,United States,39.3208,-75.0123,861.06,36.83,114.78,False,2026-03-11 17:39:52
c07995,TSC233,Canada,45.9637,-73.2984,11582.4,183.04,255.85,False,2026-03-11 17:39:52
a5a10a,AAL767,United States,43.1555,-115.5499,10363.2,178.78,310.57,False,2026-03-11 17:39:52
a79111,N587MW,United States,32.9709,-96.8363,,3.09,104.06,True,2026-03-11 17:39:52
a0c3c9,N1487V,United States,33.922,-117.0363,1790.7,51.08,325.67,False,2026-03-11 17:39:52
a2af59,EJA272,United States,36.3334,-116.4786,11391.9,195.38,316.17,False,2026-03-11 17:39:52
a060ae,AAL896,United States,28.8951,-98.758,7010.4,223.21,19.1,False,2026-03-11 17:39:52
a32fda,NJM304,United States,41.891,-85.0823,9304.02,152.47,156.12,False,2026-03-11 17:39:52
a00032,N1BY,United States,34.2775,-111.3659,2468.88,107.15,168.37,False,2026-03-11 17:39:52
a25f6d,N252FD,United States,28.4205,-81.5058,518.16,76.07,6.21,False,2026-03-11 17:39:52
a3c1e6,DZR341,United States,38.8141,-113.6537,13106.4,193.52,258.03,False,2026-03-11 17:39:52
a887e0,NKS1633,United States,39.3011,-97.967,9761.22,206.31,269.29,False,2026-03-11 17:39:52
a80d40,JBU2321,United States,28.2266,-79.5531,8572.5,238.32,193.74,False,2026-03-11 17:39:52
a32ff6,AAL2264,United States,33.0759,-98.3051,8260.08,210.38,290.92,False,2026-03-11 17:39:52
a00c80,DAL952,United States,40.4022,-105.7223,6888.48,239.02,101.67,False,2026-03-11 17:39:52
c04009,CFYGM,Canada,50.6008,-97.0404,670.56,81.9,196.04,False,2026-03-11 17:39:52
a514ff,N4265Q,United States,32.6618,-96.8426,487.68,48.46,3.65,False,2026-03-11 17:39:52
a0d6fb,SKW4773,United States,39.5524,-94.9664,9448.8,268.42,71.57,False,2026-03-11 17:39:52
a56485,N4469L,United States,40.6179,-111.9926,1219.2,33.18,172.87,False,2026-03-11 17:39:52
a3861f,AAL795,United States,33.5587,-111.946,3634.74,178.61,77.52,False,2026-03-11 17:39:52
a1efe7,ASA364,United States,31.2825,-99.8859,10363.2,226.88,307.26,False,2026-03-11 17:39:52
04014e,ETH553,Ethiopia,47.8897,-68.2956,10668.0,309.11,72.17,False,2026-03-11 17:39:52
a13f96,N18NY,United States,34.6488,-119.1463,3840.48,184.87,141.44,False,2026-03-11 17:39:52
a2531f,N249TH,United States,39.8192,-104.723,1569.72,25.97,82.03,False,2026-03-11 17:39:52
a874a6,TCF644,United States,27.9321,-80.6919,784.86,64.46,8.26,False,2026-03-11 17:39:52
a70778,GJS4585,United States,40.4826,-79.1036,6233.16,221.96,96.12,False,2026-03-11 17:39:52
a25f74,N252FL,United States,28.1906,-82.2545,541.02,90.05,173.77,False,2026-03-11 17:39:52
a887fd,PDT6092,United States,38.6807,-83.633,10668.0,229.65,150.62,False,2026-03-11 17:39:52
a2795f,EPI259,United States,28.8342,-80.9257,708.66,46.41,211.4,False,2026-03-11 17:39:52
ac17b0,SWA4225,United States,30.9116,-88.7407,11277.6,267.49,67.97,False,2026-03-11 17:39:52
a81453,N62EL,United States,38.565,-121.2784,-60.96,45.99,233.64,False,2026-03-11 17:39:52
a79d78,ASA656,United States,42.782,-122.0395,10972.8,210.12,2.67,False,2026-03-11 17:39:52
a6c120,AAL2150,United States,31.7556,-78.3514,9753.6,251.05,179.77,False,2026-03-11 17:39:52
a81458,N62ER,United States,37.6814,-121.2959,1874.52,64.8,253.87,False,2026-03-11 17:39:52
a1463a,AAL3149,United States,37.1785,-120.4084,6583.68,183.85,262.12,False,2026-03-11 17:39:52
a78a52,AAL2062,United States,35.5303,-101.2163,9144.0,216.42,273.27,False,2026-03-11 17:39:52
a31ca6,N3WT,United States,33.7833,-83.4916,9144.0,153.96,235.62,False,2026-03-11 17:39:52
aa6e5f,N771SS,United States,29.6726,-82.029,10058.4,200.02,170.08,False,2026-03-11 17:39:52
a0bcb2,AAL2655,United States,42.2779,-113.704,9144.0,182.8,302.71,False,2026-03-11 17:39:52
a216c4,EDG35,United States,42.4612,-99.7655,12496.8,304.22,122.99,False,2026-03-11 17:39:52
a0133b,N1037W,United States,34.97,-82.1252,11582.4,153.0,322.51,False,2026-03-11 17:39:52
a00022,N1BG,United States,32.4841,-109.8801,8534.4,237.21,292.17,False,2026-03-11 17:39:52
a2af26,N272NR,United States,38.3966,-122.1327,4739.64,179.1,58.87,False,2026-03-11 17:39:52
a073cc,ASI73,United States,32.9264,-112.0438,640.08,51.47,178.28,False,2026-03-11 17:39:52
a203a9,ENY3740,United States,26.4121,-97.3692,10363.2,206.31,180.71,False,2026-03-11 17:39:52
ab473a,AAL2531,United States,39.661,-74.8662,1828.8,162.23,27.78,False,2026-03-11 17:39:52
c05f94,ROU1721,Canada,37.6456,-105.3865,10363.2,217.68,228.93,False,2026-03-11 17:39:52
a68485,SKW4935,United States,40.118,-114.2371,10363.2,212.21,349.81,False,2026-03-11 17:39:52
a5031a,AAL2346,United States,38.027,-106.6394,10066.02,272.13,83.92,False,2026-03-11 17:39:52
a3cf6d,UAL677,United States,30.0864,-78.9043,10363.2,247.62,195.42,False,2026-03-11 17:39:52
a49f87,UAL1634,United States,34.957,-96.2145,8839.2,282.61,28.01,False,2026-03-11 17:39:52
a3b003,N337CA,United States,33.9877,-117.639,335.28,47.4,93.11,False,2026-03-11 17:39:52
a37f8d,JBU1336,United States,43.0449,-76.3194,8229.6,254.78,98.36,False,2026-03-11 17:39:52
a2b66c,N274MA,United States,28.7886,-81.6362,556.26,54.55,15.87,False,2026-03-11 17:39:52
a43ce4,N372TB,United States,35.5621,-107.8422,8229.6,171.85,83.64,False,2026-03-11 17:39:52
a43ce3,N372TA,United States,39.2234,-77.8919,541.02,43.65,171.87,False,2026-03-11 17:39:52
abe501,SWA1692,United States,37.8486,-108.3724,10363.2,195.2,265.01,False,2026-03-11 17:39:52
a2fcf2,ASA30,United States,39.6944,-119.1279,10668.0,251.67,53.06,False,2026-03-11 17:39:52
a68fe6,N5216Y,United States,36.8627,-84.9638,3017.52,68.8,317.12,False,2026-03-11 17:39:52
aa6dd8,EMD1,United States,38.0407,-96.2612,982.98,87.29,60.72,False,2026-03-11 17:39:52
ac5eb4,SWA2500,United States,41.7634,-86.9528,4762.5,214.55,89.18,False,2026-03-11 17:39:52
a52990,N43124,United States,38.7607,-121.4507,297.18,58.92,174.49,False,2026-03-11 17:39:52
a6495f,LXJ504,United States,35.1915,-109.3768,9867.9,227.38,247.38,False,2026-03-11 17:39:52
a75634,DAL336,United States,40.6348,-73.7773,,5.66,30.94,True,2026-03-11 17:39:52
c029dd,ACA1236,Canada,27.2792,-79.8105,3192.78,165.2,193.69,False,2026-03-11 17:39:52
ab3ee2,ASH3989,United States,38.4009,-91.4617,10363.2,169.66,238.77,False,2026-03-11 17:39:52
a5b3a7,AAL1057,United States,42.3596,-71.019,,0.51,118.12,True,2026-03-11 17:39:52
a74f33,JBU1086,United States,36.4722,-80.435,10668.0,245.08,19.88,False,2026-03-11 17:39:52
76cce3,SIA21,Singapore,45.8874,-60.8025,10668.0,269.18,63.19,False,2026-03-11 17:39:52
a7e18a,,United States,26.8922,-110.7703,9753.6,213.78,353.64,False,2026-03-11 17:39:52
a6496b,GJS4506,United States,38.9549,-77.4367,,5.4,95.62,True,2026-03-11 17:39:52
a3b00a,N337CH,United States,32.7699,-79.552,6400.8,92.99,208.41,False,2026-03-11 17:39:52
a3866a,UPS2971,United States,37.8367,-87.6997,7322.82,267.06,86.24,False,2026-03-11 17:39:52
aab202,AAL785,United States,47.869,-67.536,10972.8,223.02,204.97,False,2026-03-11 17:39:52
a2af80,N272SF,United States,34.5638,-110.5605,12496.8,221.8,91.46,False,2026-03-11 17:39:52
a2668b,MXY779,United States,34.3362,-80.7722,10355.58,212.68,197.16,False,2026-03-11 17:39:52
a323c8,KOW301,United States,40.1349,-74.3445,6385.56,173.73,215.48,False,2026-03-11 17:39:52
aac540,TCN793,United States,26.3351,-80.3944,3467.1,175.61,285.46,False,2026-03-11 17:39:52
ab3ef8,N8234V,United States,37.0866,-120.2375,960.12,53.57,138.5,False,2026-03-11 17:39:52
ac0535,WCP310,United States,27.3608,-80.3347,609.6,44.43,275.31,False,2026-03-11 17:39:52
a5299c,N4313F,United States,34.2069,-118.4729,0.0,49.39,0.0,False,2026-03-11 17:39:52
a00059,N1DM,United States,32.2642,-92.899,13106.4,228.16,282.5,False,2026-03-11 17:39:52
c04c36,WJA671,Canada,51.9898,-108.233,11582.4,206.36,262.84,False,2026-03-11 17:39:52
a7a60e,JIA5628,United States,34.0373,-78.604,2049.78,137.51,240.65,False,2026-03-11 17:39:52
a1dcf2,SWA3363,United States,38.7977,-78.7138,10363.2,210.48,257.87,False,2026-03-11 17:39:52
ab2bd1,N819LM,United States,37.8499,-86.5208,8839.2,147.89,162.38,False,2026-03-11 17:39:52
abcb07,N859ZA,United States,31.3762,-81.777,8473.44,167.48,168.48,False,2026-03-11 17:39:52
a37335,DAL1143,United States,33.2145,-114.3503,10675.62,250.76,99.33,False,2026-03-11 17:39:52
a39997,XSR331,United States,38.9078,-94.9323,2552.7,162.56,72.88,False,2026-03-11 17:39:52
a5034d,N422CP,United States,41.8599,-120.614,13708.38,253.81,170.08,False,2026-03-11 17:39:52
a4dc67,N412JS,United States,28.2002,-81.0313,7620.0,135.96,339.16,False,2026-03-11 17:39:52
ab32ab,WUP820,United States,34.1847,-82.4588,4838.7,182.06,75.1,False,2026-03-11 17:39:52
ad251e,N946TC,United States,36.3985,-94.0942,868.68,77.21,23.15,False,2026-03-11 17:39:52
a1a994,N206PB,United States,32.7892,-82.9119,2042.16,54.06,163.98,False,2026-03-11 17:39:52
a7a616,DAL2208,United States,38.8635,-103.6019,10363.2,211.15,229.05,False,2026-03-11 17:39:52
abd204,SWA175,United States,38.7962,-89.5779,6926.58,245.46,93.97,False,2026-03-11 17:39:52
a959b4,,United States,33.9358,-118.3858,,8.75,84.38,True,2026-03-11 17:39:52
aba8eb,N850SC,United States,33.1181,-83.898,1554.48,126.32,293.01,False,2026-03-11 17:39:52
a4095b,N3595Z,United States,33.1345,-97.0149,731.52,20.42,220.91,False,2026-03-11 17:39:52
a3b02e,DAL878,United States,34.1868,-96.3284,7802.88,254.12,34.11,False,2026-03-11 17:39:52
a85c01,FFT2264,United States,36.0825,-115.1372,,0.0,143.44,True,2026-03-11 17:39:52
a3c35d,N3410,United States,29.0811,-83.4206,10668.0,213.01,150.96,False,2026-03-11 17:39:52
ac65bb,SWA2645,United States,39.8635,-104.6784,,0.0,180.0,True,2026-03-11 17:39:52
a24c5a,,United States,33.9758,-117.6472,167.64,41.67,269.29,False,2026-03-11 17:39:52
a2fcb7,N2918X,United States,27.9176,-82.0743,1341.12,40.86,79.11,False,2026-03-11 17:39:52
a5b3ad,ASA421,United States,37.2519,-113.0987,10668.0,237.72,163.92,False,2026-03-11 17:39:52
a336dc,AAY1625,United States,37.3793,-110.9467,11894.82,245.99,55.91,False,2026-03-11 17:39:52
a4ef90,EJA417,United States,38.2242,-110.4528,13106.4,187.26,237.79,False,2026-03-11 17:39:52
aba8ff,SCX602,United States,34.2281,-111.374,9052.56,204.23,40.91,False,2026-03-11 17:39:52
ad252d,N946TT,United States,36.1567,-119.3868,2926.08,87.66,333.13,False,2026-03-11 17:39:52
ae08f8,QUESO21,United States,31.567,-98.3171,3566.16,118.35,132.36,False,2026-03-11 17:39:52
a49378,N394US,United States,33.6337,-97.2533,853.44,62.14,194.38,False,2026-03-11 17:39:52
a06e0b,DAL390,United States,35.8471,-88.2631,10043.16,260.83,93.62,False,2026-03-11 17:39:52
a74f08,SKW5223,United States,39.8524,-104.6852,,6.43,188.44,True,2026-03-11 17:39:52
ad2531,TCN946,United States,38.6645,-75.5225,11414.76,227.6,171.03,False,2026-03-11 17:39:52
a4b9bc,N403WB,United States,41.3649,-71.8119,213.36,45.92,282.95,False,2026-03-11 17:39:52
c07915,WEN3420,Canada,50.0594,-122.9956,7322.82,156.76,3.95,False,2026-03-11 17:39:52
acf207,AAL2776,United States,42.3604,-71.0208,,0.0,120.94,True,2026-03-11 17:39:52
ab45fa,N8251S,United States,39.64,-77.025,518.16,30.15,233.33,False,2026-03-11 17:39:52
a8aaff,FFT1875,United States,31.405,-105.1975,8534.4,225.65,294.23,False,2026-03-11 17:39:52
a76909,GJS4617,United States,41.9658,-87.895,,30.87,267.19,True,2026-03-11 17:39:52
a038d5,N113RF,United States,31.9771,-107.5289,4991.1,72.07,267.95,False,2026-03-11 17:39:52
a08842,ERY133,United States,40.8667,-80.4615,8839.2,256.01,102.42,False,2026-03-11 17:39:52
a63616,N5JR,United States,36.5473,-96.7732,1866.9,114.01,281.72,False,2026-03-11 17:39:52
a4dc08,N412EX,United States,33.806,-84.2432,510.54,59.22,288.75,False,2026-03-11 17:39:52
ab7b63,SKW4055,United States,41.6924,-93.3913,9593.58,268.9,69.62,False,2026-03-11 17:39:52
ad98f7,BL528,United States,30.2804,-87.6638,274.32,45.79,269.36,False,2026-03-11 17:39:52
acb5ac,N918PD,United States,40.5888,-73.8809,30.48,6.77,171.25,False,2026-03-11 17:39:52
ac65dc,SWA2100,United States,31.4499,-92.3857,11277.6,240.49,127.87,False,2026-03-11 17:39:52
a07514,BPX270,United States,26.0042,-80.3128,144.78,41.8,103.52,False,2026-03-11 17:39:52
ad1218,AAL3258,United States,29.2583,-90.8384,11277.6,260.46,108.9,False,2026-03-11 17:39:52
a01ec9,N107AV,United States,34.8325,-92.2062,12192.0,236.33,295.39,False,2026-03-11 17:39:52
ac5efa,SWA1168,United States,37.3163,-106.7886,11887.2,259.14,80.63,False,2026-03-11 17:39:52
ac4bdd,SWA1162,United States,36.1283,-86.6673,,0.0,151.88,True,2026-03-11 17:39:52
a97adb,N71MV,United States,35.7759,-115.3805,1981.2,66.9,178.68,False,2026-03-11 17:39:52
ac65fb,SWA4253,United States,32.0004,-107.2124,10668.0,250.1,102.84,False,2026-03-11 17:39:52
a2b698,AAY2180,United States,35.134,-84.8043,10058.4,241.64,348.33,False,2026-03-11 17:39:52
ab8260,N8401M,United States,41.1953,-72.5741,1950.72,68.54,262.23,False,2026-03-11 17:39:52
aca2ae,JSX880,United States,35.7011,-77.0601,10972.8,217.61,204.14,False,2026-03-11 17:39:52
aa2701,AAL2664,United States,33.8091,-84.519,9753.6,219.25,338.67,False,2026-03-11 17:39:52
abd230,SWA863,United States,38.1027,-118.8911,10972.8,206.14,259.5,False,2026-03-11 17:39:52
a0008b,N1FM,United States,25.9934,-100.0378,3116.58,123.47,53.13,False,2026-03-11 17:39:52
abcb45,N8591C,United States,27.5749,-80.4564,304.8,54.81,209.21,False,2026-03-11 17:39:52
a56fe1,N45BE,United States,42.603,-102.695,12192.0,175.15,290.46,False,2026-03-11 17:39:52
ab8266,N8401T,United States,41.537,-112.062,1181.1,36.03,358.36,False,2026-03-11 17:39:52
a443e8,DAL2787,United States,39.9804,-104.0795,3764.28,187.63,81.8,False,2026-03-11 17:39:52
c05f0e,JZA54,Canada,49.1918,-123.2052,,3.09,275.62,True,2026-03-11 17:39:52
a4ef52,CRE417,United States,43.0483,-80.658,13708.38,261.79,93.38,False,2026-03-11 17:39:52
a4dc24,00000000,United States,37.1147,-100.236,7315.2,122.71,249.89,False,2026-03-11 17:39:52
a310c5,BPX297,United States,29.4998,-81.1515,342.9,44.76,232.47,False,2026-03-11 17:39:52
c05f09,JZA843,Canada,37.6154,-122.3805,,9.26,208.12,True,2026-03-11 17:39:52
a64964,N504GB,United States,29.9908,-90.2689,,0.06,185.62,True,2026-03-11 17:39:52
a6f9b3,DAL497,United States,35.5182,-108.681,9144.0,225.37,254.92,False,2026-03-11 17:39:52
a4e307,AAL1908,United States,34.3006,-101.0562,10660.38,236.96,98.11,False,2026-03-11 17:39:52
a50329,PJC22,United States,40.8229,-74.3907,213.36,60.4,215.99,False,2026-03-11 17:39:52
a06e11,DAL2455,United States,39.5078,-101.8697,11285.22,279.45,91.58,False,2026-03-11 17:39:52
a310bb,AAY2550,United States,41.0765,-89.4686,6690.36,207.25,137.92,False,2026-03-11 17:39:52
aab267,BPX215,United States,34.3966,-84.6664,1013.46,61.51,302.36,False,2026-03-11 17:39:52
a49f89,UAL8185,United States,40.6797,-87.5505,10050.78,211.36,166.2,False,2026-03-11 17:39:52
ac9b66,N911LK,United States,25.3187,-80.2807,-38.1,16.07,39.81,False,2026-03-11 17:39:52
a9cc41,NKS1755,United States,35.4555,-77.6256,10652.76,226.06,15.71,False,2026-03-11 17:39:52
add667,AAL2095,United States,32.8843,-97.0301,,38.07,0.0,True,2026-03-11 17:39:52
a8a017,JBU37,United States,35.2457,-78.125,10370.82,231.44,215.77,False,2026-03-11 17:39:52
c051cc,TSC238,Canada,40.227,-74.6761,11582.4,228.15,199.91,False,2026-03-11 17:39:52
abdcfd,ASH6222,United States,27.0776,-98.2136,9258.3,277.63,61.44,False,2026-03-11 17:39:52
a13ed6,N18FF,United States,25.2647,-80.4496,30.48,25.25,56.63,False,2026-03-11 17:39:52
a7ecef,N61FN,United States,35.494,-89.4071,2849.88,114.58,243.9,False,2026-03-11 17:39:52
ad6c71,EJA964,United States,29.3587,-96.0922,2049.78,149.81,31.23,False,2026-03-11 17:39:52
ac4040,N889LB,United States,40.163,-95.8311,13098.78,175.96,270.84,False,2026-03-11 17:39:52
a06e4a,N127GA,United States,45.2608,-96.4343,4191.0,119.99,275.91,False,2026-03-11 17:39:52
a038fd,N113SW,United States,44.7565,-93.7423,29016.96,63.84,177.69,False,2026-03-11 17:39:52
a8634f,N64EJ,United States,42.5954,-111.85,6393.18,142.87,103.54,False,2026-03-11 17:39:52
a32509,GLF24,United States,33.283,-111.6242,982.98,114.24,133.91,False,2026-03-11 17:39:52
a670da,N514FT,United States,26.5716,-81.9733,3299.46,154.64,223.79,False,2026-03-11 17:39:52
a038ff,SKW5876,United States,41.473,-90.9363,9448.8,160.37,257.21,False,2026-03-11 17:39:52
a145b7,EDV4936,United States,33.6868,-84.8018,8831.58,264.78,75.37,False,2026-03-11 17:39:52
c051e0,PBR635,Canada,49.8136,-97.2687,731.52,64.61,20.02,False,2026-03-11 17:39:52
a5fc9b,EJA485,United States,39.208,-76.6582,13106.4,201.53,225.0,False,2026-03-11 17:39:52
c051e2,ACA303,Canada,52.1061,-104.7629,11582.4,227.9,270.26,False,2026-03-11 17:39:52
ac668d,SWA2660,United States,34.6868,-115.7493,11582.4,214.63,245.95,False,2026-03-11 17:39:52
a7302f,AAL2470,United States,36.2982,-89.1743,9753.6,203.83,271.88,False,2026-03-11 17:39:52
a1f822,RPA5774,United States,37.854,-81.7712,10058.4,244.67,97.98,False,2026-03-11 17:39:52
ac4c8a,SWA2422,United States,36.3375,-110.2294,9753.6,214.73,256.0,False,2026-03-11 17:39:52
a7ecde,N61EW,United States,39.6876,-74.7994,502.92,78.37,15.22,False,2026-03-11 17:39:52
ad7f96,SWA3281,United States,38.4887,-121.5971,845.82,112.83,316.85,False,2026-03-11 17:39:52
adc30c,PJC45,United States,39.1514,-97.2654,12496.8,278.21,85.33,False,2026-03-11 17:39:52
c0179d,,Canada,54.5909,-128.715,0.0,31.34,203.2,False,2026-03-11 17:39:52
a06e71,RPA4607,United States,36.8504,-78.4565,9448.8,227.79,62.57,False,2026-03-11 17:39:52
ac669c,N89887,United States,27.8709,-81.7673,396.24,41.11,8.64,False,2026-03-11 17:39:52
ac536c,SWA4590,United States,32.7313,-117.1902,,0.0,196.88,True,2026-03-11 17:39:52
a8d988,N67BR,United States,33.0802,-85.9418,2712.72,83.11,31.33,False,2026-03-11 17:39:52
a07522,AAL1146,United States,38.3999,-119.62,9220.2,263.36,80.56,False,2026-03-11 17:39:52
a6c0dc,SCU4,United States,36.1444,-96.1068,1181.1,31.65,352.53,False,2026-03-11 17:39:52
ad10d1,N9409X,United States,33.0755,-97.3265,487.68,67.09,101.05,False,2026-03-11 17:39:52
a25ea2,CXK416,United States,40.1733,-111.8345,2095.5,41.0,246.33,False,2026-03-11 17:39:52
add66c,DAL1253,United States,34.0141,-83.9589,2987.04,133.84,236.92,False,2026-03-11 17:39:52
a18e0b,HOB1,United States,36.5501,-94.8858,13106.4,200.97,254.26,False,2026-03-11 17:39:52
ac537f,ASH6236,United States,31.6022,-86.0734,10363.2,205.08,246.65,False,2026-03-11 17:39:52
a8bf73,AAL2289,United States,38.7421,-90.3614,,0.0,225.0,True,2026-03-11 17:39:52
a18e31,N2JZ,United States,36.4774,-108.4652,8237.22,135.86,51.61,False,2026-03-11 17:39:52
ad10e9,ASA334,United States,44.36,-107.5337,10058.4,284.53,112.76,False,2026-03-11 17:39:52
a0d82a,N1533W,United States,35.3214,-80.2242,1737.36,96.87,59.35,False,2026-03-11 17:39:52
c051da,TSC643,Canada,28.7169,-78.6835,10668.0,219.39,9.99,False,2026-03-11 17:39:52
aa60bb,ENY3355,United States,41.9939,-82.7541,9989.82,249.8,95.91,False,2026-03-11 17:39:52
acfcff,LFA689,United States,30.3284,-81.716,701.04,76.94,66.35,False,2026-03-11 17:39:52
ac538f,SWA120,United States,41.5875,-94.7108,9753.6,197.76,256.0,False,2026-03-11 17:39:52
a05b20,N122A,United States,25.6481,-80.4337,,0.0,126.56,True,2026-03-11 17:39:52
a13ec0,N18EJ,United States,41.8067,-72.8008,571.5,60.03,136.04,False,2026-03-11 17:39:52
a2eb19,PFA319,United States,27.4591,-80.3468,320.04,40.26,153.43,False,2026-03-11 17:39:52
aa001c,FTT6,United States,26.8628,-81.6997,967.74,56.81,282.02,False,2026-03-11 17:39:52
a1e546,N221FS,United States,31.0182,-83.7682,701.04,62.05,220.29,False,2026-03-11 17:39:52
a1e53b,LVA221,United States,42.2796,-91.4312,13716.0,224.47,274.47,False,2026-03-11 17:39:52
aa60af,EJA768,United States,32.3642,-90.3344,12496.8,281.17,70.44,False,2026-03-11 17:39:52
0d06d5,XAARO,Mexico,33.5258,-90.1782,12496.8,273.19,53.89,False,2026-03-11 17:39:52
a813aa,BYF30,United States,37.629,-121.8833,807.72,60.84,191.21,False,2026-03-11 17:39:52
a385c8,DAL521,United States,33.9461,-118.4443,350.52,82.26,263.9,False,2026-03-11 17:39:52
a31216,UAL554,United States,38.6182,-76.5428,10126.98,240.57,43.18,False,2026-03-11 17:39:52
a0757f,DAL2667,United States,34.2627,-97.5604,11231.88,222.99,166.8,False,2026-03-11 17:39:52
a05b78,DAL387,United States,36.4344,-88.5631,10363.2,207.55,285.38,False,2026-03-11 17:39:52
a1f884,ENY3491,United States,30.3925,-98.3263,7620.0,267.18,8.97,False,2026-03-11 17:39:52
aff011,R43536,United States,31.8865,-106.3697,1493.52,64.23,144.78,False,2026-03-11 17:39:52
a5f022,N482BB,United States,27.1756,-84.4218,12496.8,236.46,111.04,False,2026-03-11 17:39:52
a19566,EPI770,United States,28.9513,-81.1885,990.6,46.69,108.63,False,2026-03-11 17:39:52
a37ed3,SKW4097,United States,40.7578,-86.1523,7589.52,163.31,170.39,False,2026-03-11 17:39:52
a3bc8e,N34SJ,United States,34.2548,-114.023,13708.38,193.34,69.93,False,2026-03-11 17:39:52
a9e61c,AVL117,United States,38.4189,-77.4617,274.32,39.29,135.0,False,2026-03-11 17:39:52
c01761,WEN3376,Canada,54.3131,-112.7092,7620.0,175.74,9.43,False,2026-03-11 17:39:52
c0174d,ACA34,Canada,49.1919,-123.2036,,2.06,258.75,True,2026-03-11 17:39:52
aa1350,N7485G,United States,32.8475,-96.422,685.8,45.4,340.13,False,2026-03-11 17:39:52
0d06e5,SLI978,Mexico,33.6292,-84.434,,6.69,0.0,True,2026-03-11 17:39:52
aa86fb,CKS551,United States,47.3829,-97.9934,9448.8,272.04,128.47,False,2026-03-11 17:39:52
c0174f,ACA4,Canada,49.2113,-124.2939,3162.3,172.74,66.11,False,2026-03-11 17:39:52
aa6cf1,N771CA,United States,27.569,-82.3144,845.82,61.41,31.29,False,2026-03-11 17:39:52
c0175a,ACA304,Canada,49.1886,-123.1949,-38.1,60.56,99.78,False,2026-03-11 17:39:52
ab58c1,N830EC,United States,29.3084,-93.7096,10668.0,189.8,79.7,False,2026-03-11 17:39:52
a670b4,CXK519,United States,41.082,-74.3549,784.86,46.25,117.14,False,2026-03-11 17:39:52
a706ea,ASA659,United States,38.7694,-114.1921,11285.22,253.12,146.44,False,2026-03-11 17:39:52
a12bc7,ASI142,United States,33.4265,-112.8139,1295.4,50.43,341.57,False,2026-03-11 17:39:52
a44502,DAL2100,United States,37.7065,-101.5586,10637.52,268.52,119.12,False,2026-03-11 17:39:52
a5fc87,EDV5268,United States,41.5368,-73.3877,3977.64,199.61,349.91,False,2026-03-11 17:39:52
c051c6,TSC595,Canada,29.9667,-82.8493,10066.02,232.83,14.59,False,2026-03-11 17:39:52
aba8a7,N850PK,United States,36.8579,-82.6322,9448.8,170.67,107.72,False,2026-03-11 17:39:52
a7f3ab,NKS197,United States,39.1407,-76.7505,975.36,131.53,156.24,False,2026-03-11 17:39:52
a7f3ae,JIA5385,United States,37.8454,-83.5011,8534.4,229.7,324.39,False,2026-03-11 17:39:52
a1f860,N226MB,United States,33.2721,-111.5306,1607.82,88.76,82.34,False,2026-03-11 17:39:52
a959df,SKW6307,United States,33.4288,-112.0044,259.08,67.39,270.44,False,2026-03-11 17:39:52
a37ec4,AAL540,United States,41.9883,-87.8702,335.28,68.94,270.0,False,2026-03-11 17:39:52
a37eb0,AAL2933,United States,34.3656,-116.8553,10972.8,214.41,285.3,False,2026-03-11 17:39:52
a85c3e,JBU1606,United States,31.945,-82.0383,10668.0,240.7,27.77,False,2026-03-11 17:39:52
ad1e05,SWA570,United States,30.2376,-95.0549,6842.76,246.88,32.66,False,2026-03-11 17:39:52
a05b59,N122CG,United States,26.8872,-80.2227,396.24,65.85,216.42,False,2026-03-11 17:39:52
a8bf2d,N6628X,United States,33.5181,-83.4523,1645.92,70.81,139.71,False,2026-03-11 17:39:52
a1954b,N20065,United States,25.5026,-80.5645,0.0,29.84,90.0,False,2026-03-11 17:39:52
a07579,DAL1570,United States,37.0938,-76.1607,10363.2,223.62,222.2,False,2026-03-11 17:39:52
a06e7b,N127J,United States,30.9931,-83.2966,693.42,82.16,202.07,False,2026-03-11 17:39:52
a1954d,EPI779,United States,29.071,-81.2713,91.44,39.67,313.42,False,2026-03-11 17:39:52
a132b3,CXK601,United States,33.3235,-111.6681,434.34,37.47,135.56,False,2026-03-11 17:39:52
a06e97,N127KC,United States,41.8434,-111.9747,1562.1,58.03,24.07,False,2026-03-11 17:39:52
a790b3,JBU1098,United States,29.2842,-81.3243,7795.26,219.39,357.31,False,2026-03-11 17:39:52
a33843,JBU312,United States,42.7034,-73.2013,9570.72,258.48,92.4,False,2026-03-11 17:39:52
a4d04c,RPA4560,United States,40.4248,-74.0334,3810.0,155.58,205.04,False,2026-03-11 17:39:52
c05da4,WJA2214,Canada,49.1316,-118.9122,7818.12,245.04,150.85,False,2026-03-11 17:39:52
a61bb1,ERU493,United States,29.3246,-81.126,106.68,42.33,73.77,False,2026-03-11 17:39:52
ab2c0b,AAY3914,United States,37.5262,-75.8829,7612.38,212.91,32.77,False,2026-03-11 17:39:52
ab09ea,N810FS,United States,25.5027,-80.5635,30.48,24.71,92.39,False,2026-03-11 17:39:52
a44565,UAL1891,United States,40.2159,-104.1641,5631.18,159.73,219.38,False,2026-03-11 17:39:52
aa25d9,CXK162,United States,33.3314,-111.6539,640.08,40.39,316.55,False,2026-03-11 17:39:52
a62ee6,GTI8592,United States,29.6246,-93.5176,10972.8,219.97,282.15,False,2026-03-11 17:39:52
a44560,UAL1994,United States,46.1488,-96.6114,10363.2,220.28,288.94,False,2026-03-11 17:39:52
a6ce36,ASA355,United States,47.5944,-114.3822,9761.22,169.59,261.45,False,2026-03-11 17:39:52
a80e20,VN2,United States,29.6675,-85.7069,2773.68,175.59,250.13,False,2026-03-11 17:39:52
a385ee,EDV5262,United States,40.4588,-73.8984,3939.54,153.13,147.48,False,2026-03-11 17:39:52
a70848,EJA552,United States,42.7097,-84.9034,13106.4,169.9,258.83,False,2026-03-11 17:39:52
ad36a8,SWA2766,United States,37.2266,-120.118,11887.2,241.26,161.99,False,2026-03-11 17:39:52
ac5f42,SWA787,United States,34.7302,-116.9897,9563.1,235.1,48.64,False,2026-03-11 17:39:52
a0ab8d,N142QS,United States,29.1015,-110.4409,13106.4,246.88,168.95,False,2026-03-11 17:39:52
a9c093,N72749,United States,34.6311,-118.5093,3413.76,74.05,130.77,False,2026-03-11 17:39:52
a31e86,REH3,United States,38.0838,-121.9659,640.08,65.12,297.78,False,2026-03-11 17:39:52
a43e5b,UAL2629,United States,42.0023,-87.3872,5494.02,197.65,101.87,False,2026-03-11 17:39:52
a5521c,ASA1492,United States,38.4673,-106.5225,10119.36,243.58,50.05,False,2026-03-11 17:39:52
a68546,MMY82,United States,40.3416,-122.1453,1143.0,36.03,358.36,False,2026-03-11 17:39:52
a43e5e,UAL444,United States,34.9921,-120.174,10668.0,239.57,125.74,False,2026-03-11 17:39:52
3d4365,N57UP,Germany,25.5836,-80.4936,1127.76,60.65,237.12,False,2026-03-11 17:39:52
899017,CAL5312,Taiwan,52.5509,-121.2856,10058.4,291.53,124.5,False,2026-03-11 17:39:52
aa8859,SKW3986,United States,41.9894,-84.7202,4655.82,193.38,93.97,False,2026-03-11 17:39:52
a18284,DAL273,United States,41.3075,-68.8467,8534.4,229.96,266.15,False,2026-03-11 17:39:52
aa38db,N758MG,United States,30.6254,-84.0332,12192.0,215.16,337.36,False,2026-03-11 17:39:52
a42b32,DAL3080,United States,45.9194,-97.6082,10965.18,209.68,275.07,False,2026-03-11 17:39:52
a4453e,UAL1912,United States,35.3333,-113.1701,10668.0,242.53,62.46,False,2026-03-11 17:39:52
a7b8e1,N597RB,United States,37.1431,-120.7193,5105.4,170.9,262.04,False,2026-03-11 17:39:52
ac4c21,SWA2474,United States,39.8615,-104.6965,1516.38,64.82,0.45,False,2026-03-11 17:39:52
a44548,DAL1016,United States,47.4148,-122.3086,579.12,84.9,181.04,False,2026-03-11 17:39:52
a385da,AAY973,United States,25.7025,-81.5007,5486.4,190.15,328.16,False,2026-03-11 17:39:52
a43e60,UAL601,United States,48.0956,-94.9423,10363.2,216.73,265.51,False,2026-03-11 17:39:52
aa883e,ENY3894,United States,41.9573,-87.5,2004.06,105.46,270.0,False,2026-03-11 17:39:52
a4a897,N4GT,United States,29.4067,-83.4404,8839.2,156.2,150.4,False,2026-03-11 17:39:52
ab9fef,N8480F,United States,27.7609,-82.5709,175.26,44.32,279.35,False,2026-03-11 17:39:52
a44540,UAL1339,United States,39.5221,-101.7874,9380.22,273.11,101.08,False,2026-03-11 17:39:52
a44544,UAL1883,United States,42.0062,-87.3411,1264.92,109.69,232.43,False,2026-03-11 17:39:52
acc954,PDT5878,United States,37.7585,-75.7625,4160.52,197.53,19.47,False,2026-03-11 17:39:52
a768fd,LXJ577,United States,44.4012,-93.1063,2103.12,153.76,138.26,False,2026-03-11 17:39:52
ad7f42,N969TD,United States,35.222,-113.6426,8229.6,153.25,57.06,False,2026-03-11 17:39:52
ac7968,AAL1211,United States,30.7444,-89.476,7200.9,241.45,55.33,False,2026-03-11 17:39:52
a2aef2,N272LP,United States,41.2263,-74.2863,1036.32,48.33,168.33,False,2026-03-11 17:39:52
c01753,ACA105,Canada,51.493,-112.5272,10972.8,217.2,268.24,False,2026-03-11 17:39:52
abefba,SWA2119,United States,30.1971,-97.659,,8.75,180.0,True,2026-03-11 17:39:52
acc955,CNS423,United States,33.5771,-84.3878,1478.28,112.27,182.63,False,2026-03-11 17:39:52
a622bc,ASA735,United States,43.8126,-121.3216,10363.2,176.56,335.38,False,2026-03-11 17:39:52
a49ecb,N397WN,United States,32.0733,-83.578,1341.12,41.3,193.69,False,2026-03-11 17:39:52
a4e2d5,N41387,United States,32.1895,-82.9371,982.98,49.31,339.86,False,2026-03-11 17:39:52
ae4fa7,VVAG710,United States,30.3312,-81.7938,228.6,58.95,290.97,False,2026-03-11 17:39:52
a1e54b,LXJ221,United States,26.6833,-80.111,-22.86,56.19,93.67,False,2026-03-11 17:39:52
a8a083,NKS1634,United States,36.974,-117.0982,10370.82,204.33,332.4,False,2026-03-11 17:39:52
abdcb5,ASH4031,United States,31.5639,-95.8831,9159.24,228.44,325.74,False,2026-03-11 17:39:52
a81525,STV5,United States,29.6483,-94.669,5509.26,224.59,75.68,False,2026-03-11 17:39:52
a44533,DAL2530,United States,45.4395,-122.4061,11582.4,180.77,337.23,False,2026-03-11 17:39:52
ac6645,SWA2709,United States,40.6718,-90.4083,8511.54,271.42,65.48,False,2026-03-11 17:39:52
c077d6,RS502,Canada,52.7316,-106.246,2674.62,146.46,35.42,False,2026-03-11 17:39:52
aac3c1,N793GA,United States,38.2547,-104.3727,13716.0,295.03,98.62,False,2026-03-11 17:39:52
aad6f1,N798NH,United States,44.1633,-123.2195,167.64,45.79,179.36,False,2026-03-11 17:39:52
a1d233,N2160Q,United States,33.1479,-116.8833,1897.38,47.73,329.57,False,2026-03-11 17:39:52
ac0ff9,SWA4499,United States,30.2204,-97.6548,563.88,86.52,25.35,False,2026-03-11 17:39:52
ad2fd0,AAL2878,United States,28.6299,-81.324,1028.7,105.61,176.93,False,2026-03-11 17:39:52
a2f280,N2895Q,United States,30.711,-98.2802,2926.08,53.68,140.05,False,2026-03-11 17:39:52
a920f0,N688AA,United States,28.3397,-81.4654,243.84,40.02,252.03,False,2026-03-11 17:39:52
a9704d,DAL855,United States,42.3643,-71.0129,,8.75,199.69,True,2026-03-11 17:39:52
ac4c44,SWA4655,United States,32.6881,-94.9182,7284.72,187.48,263.38,False,2026-03-11 17:39:52
a528d6,SWA2970,United States,26.0774,-80.2204,220.98,67.91,90.0,False,2026-03-11 17:39:52
ad23a5,N946CA,United States,40.1968,-104.2895,2125.98,89.51,152.26,False,2026-03-11 17:39:52
a02730,N109LU,United States,26.6499,-80.3412,670.56,60.02,308.74,False,2026-03-11 17:39:52
a920ed,N68799,United States,28.9599,-80.9435,342.9,39.04,288.43,False,2026-03-11 17:39:52
ac5326,SWA4669,United States,35.3961,-119.2057,11582.4,209.53,314.8,False,2026-03-11 17:39:52
ac5f5f,ASA1404,United States,34.3306,-118.9132,7658.1,224.5,151.09,False,2026-03-11 17:39:52
a4a82a,CITT96,United States,37.6015,-97.6787,5120.64,69.97,0.84,False,2026-03-11 17:39:52
ac6658,N89869,United States,33.5387,-97.2992,2255.52,38.67,319.32,False,2026-03-11 17:39:52
a85072,N635BK,United States,36.0639,-79.9009,1021.08,67.38,42.21,False,2026-03-11 17:39:52
a4f5a0,ASA798,United States,37.768,-119.4317,10363.2,220.65,350.47,False,2026-03-11 17:39:52
a5f07b,ERU482,United States,29.1218,-81.0231,388.62,52.0,334.2,False,2026-03-11 17:39:52
a06db4,AAL2559,United States,32.8845,-97.032,,7.46,180.0,True,2026-03-11 17:39:52
ab80b2,JRE840,United States,29.7742,-95.9651,1531.62,144.03,25.83,False,2026-03-11 17:39:52
a97076,N707VM,United States,36.545,-100.5916,13106.4,222.56,289.02,False,2026-03-11 17:39:52
acc961,DAL3052,United States,33.6485,-84.4089,,2.83,270.0,True,2026-03-11 17:39:52
acc960,TOG923,United States,36.055,-119.4095,5852.16,154.49,157.28,False,2026-03-11 17:39:52
ac6668,SWA2175,United States,36.0784,-115.1451,,8.23,87.19,True,2026-03-11 17:39:52
a44591,DAL2411,United States,32.4234,-86.8266,11285.22,261.77,58.75,False,2026-03-11 17:39:52
aca309,AAL1001,United States,25.0887,-95.9347,11277.6,242.19,121.36,False,2026-03-11 17:39:52
a70812,JIA5650,United States,30.0785,-81.4192,10058.4,223.29,359.21,False,2026-03-11 17:39:52
a6981a,DAL429,United States,46.4998,-96.7959,10660.38,266.87,97.76,False,2026-03-11 17:39:52
0a8020,FSS112,Bahamas,25.9306,-79.4315,3093.72,66.49,116.17,False,2026-03-11 17:39:52
acb636,AAL1954,United States,33.919,-109.9986,10363.2,224.89,247.54,False,2026-03-11 17:39:52
ac4c67,SWA1478,United States,30.1528,-90.2151,10972.8,213.38,299.78,False,2026-03-11 17:39:52
a768c2,DAL693,United States,38.0666,-113.2267,10355.58,193.21,281.52,False,2026-03-11 17:39:52
a55e48,N445ME,United States,40.354,-79.8992,601.98,37.96,296.57,False,2026-03-11 17:39:52
abdcdc,ASH4023,United States,29.4899,-92.3569,9144.0,207.07,249.49,False,2026-03-11 17:39:52
a7b8a1,JIA5550,United States,29.8735,-99.0288,8221.98,229.29,144.31,False,2026-03-11 17:39:52
ae4ff8,SHWK422,United States,32.5665,-117.1171,53.34,40.18,103.32,False,2026-03-11 17:39:52
abdcda,ASH4066,United States,38.5485,-103.4601,5821.68,168.65,306.07,False,2026-03-11 17:39:52
a54b11,ERU440,United States,29.3906,-81.3918,853.44,53.47,329.98,False,2026-03-11 17:39:52
a44585,UAL501,United States,36.2433,-113.8275,8343.9,247.43,81.75,False,2026-03-11 17:39:52
ac5349,SWA2321,United States,35.739,-106.5226,10965.18,193.85,262.99,False,2026-03-11 17:39:52
a920ce,PFA334,United States,28.0398,-80.6739,541.02,42.63,171.67,False,2026-03-11 17:39:52
a9969b,FFT2446,United States,33.9397,-118.4139,,0.0,264.38,True,2026-03-11 17:39:52
a56531,LXJ447,United States,40.8571,-74.059,45.72,58.24,183.54,False,2026-03-11 17:39:52
abe3c8,SWA582,United States,38.5394,-78.6063,11887.2,256.51,77.61,False,2026-03-11 17:39:52
ac03e2,SWA715,United States,34.4824,-105.5099,11887.2,243.69,85.16,False,2026-03-11 17:39:52
c01714,CFITF,Canada,48.6974,-123.2545,243.84,61.43,26.35,False,2026-03-11 17:39:52
a14700,UAL2743,United States,40.7696,-98.4049,10668.0,279.18,78.09,False,2026-03-11 17:39:52
a2a2e3,UAL2268,United States,36.1471,-114.2929,10668.0,261.12,72.1,False,2026-03-11 17:39:52
aab0ba,SWA1869,United States,32.6671,-97.4561,6819.9,199.33,272.81,False,2026-03-11 17:39:52
a5b50b,EJA467,United States,32.9433,-86.572,7566.66,180.84,163.47,False,2026-03-11 17:39:52
a14706,CXK495,United States,40.3252,-104.626,1912.62,39.67,357.03,False,2026-03-11 17:39:52
a1e58f,RPA5638,United States,39.5174,-75.7242,10058.4,241.56,49.49,False,2026-03-11 17:39:52
ad1cde,,United States,47.9271,-86.713,9745.98,194.52,281.13,False,2026-03-11 17:39:52
a7081a,DAL725,United States,32.7915,-115.809,6301.74,171.32,259.09,False,2026-03-11 17:39:52
a7081f,N552PA,United States,28.8855,-81.7343,701.04,59.32,101.5,False,2026-03-11 17:39:52
a55218,AAL776,United States,38.1638,-94.378,10248.9,268.3,85.6,False,2026-03-11 17:39:52
a44570,DAL354,United States,47.7813,-120.1479,10972.8,166.17,276.4,False,2026-03-11 17:39:52
ad1ce8,N944KC,United States,27.9306,-80.4986,7955.28,34.79,38.4,False,2026-03-11 17:39:52
ab2c8e,UAL307,United States,38.3176,-80.8224,9456.42,254.44,92.78,False,2026-03-11 17:39:52
ab93fc,N845S,United States,32.6862,-82.9076,5775.96,117.84,151.87,False,2026-03-11 17:39:52
ac03f2,ASH3990,United States,32.9517,-87.9523,10668.0,254.78,50.65,False,2026-03-11 17:39:52
ad6c3b,AAL2778,United States,38.1827,-82.3275,10972.8,232.51,156.67,False,2026-03-11 17:39:52
ac667a,N89878,United States,33.028,-97.7767,1097.28,47.72,11.19,False,2026-03-11 17:39:52
39b44e,DJT100,France,49.859,-65.1721,10965.18,177.28,217.34,False,2026-03-11 17:39:52
a70831,SFY207,United States,27.5107,-80.6094,678.18,50.72,229.52,False,2026-03-11 17:39:52
a4455e,UAL326,United States,39.8724,-104.1152,4084.32,199.11,90.74,False,2026-03-11 17:39:52
a0275c,AAL1243,United States,34.5903,-113.3451,9753.6,223.08,259.23,False,2026-03-11 17:39:52
a80264,N615M,United States,34.0911,-96.0846,1630.68,60.21,88.53,False,2026-03-11 17:39:52
aaa05d,N784LA,United States,40.1721,-74.7845,708.66,37.44,257.3,False,2026-03-11 17:39:52
a01448,N104HJ,United States,30.5021,-89.8873,7086.6,178.54,27.08,False,2026-03-11 17:39:52
a6d58e,N53996,United States,25.9979,-80.2598,30.48,35.11,79.02,False,2026-03-11 17:39:52
a05aaf,UCA4839,United States,32.6417,-97.8735,10363.2,231.6,306.69,False,2026-03-11 17:39:52
abc058,SWA1304,United States,43.6837,-115.4084,11582.4,168.14,293.82,False,2026-03-11 17:39:52
c03a5a,WJA705,Canada,49.2106,-123.2483,152.4,65.89,100.34,False,2026-03-11 17:39:52
a7db51,N605RH,United States,39.0308,-104.1227,4709.16,164.69,289.91,False,2026-03-11 17:39:52
a00d5b,AAL373,United States,37.8907,-93.9247,10972.8,181.68,263.66,False,2026-03-11 17:39:52
0c21b6,CMP446,Panama,28.4154,-81.3189,,8.75,202.5,True,2026-03-11 17:39:52
aaa06f,N784LU,United States,37.48,-79.0994,1257.3,56.68,203.54,False,2026-03-11 17:39:52
a26738,JSX170,United States,35.8176,-119.7687,9144.0,208.03,326.19,False,2026-03-11 17:39:52
a742ec,SWA1744,United States,39.6441,-73.6821,7787.64,217.93,210.5,False,2026-03-11 17:39:52
0c21b9,CMP704,Panama,34.1387,-77.7073,11277.6,227.37,21.22,False,2026-03-11 17:39:52
a14761,N18141,United States,32.5688,-96.7089,175.26,25.51,318.27,False,2026-03-11 17:39:52
a982b1,BRW149,United States,44.8957,-93.1099,876.3,39.85,39.24,False,2026-03-11 17:39:52
a862fc,N64BA,United States,40.7672,-74.9686,1127.76,92.49,32.28,False,2026-03-11 17:39:52
a7e270,NDU607,United States,32.9713,-112.1143,1592.58,58.26,119.05,False,2026-03-11 17:39:52
a92e72,PDT5950,United States,34.9481,-84.2151,5356.86,170.8,270.17,False,2026-03-11 17:39:52
a7db85,TWY777,United States,28.8536,-79.3963,9144.0,250.26,192.46,False,2026-03-11 17:39:52
a97bd2,N71XS,United States,26.0323,-80.0074,1760.22,135.9,311.78,False,2026-03-11 17:39:52
a9e5ac,N737GK,United States,36.2123,-115.2031,,3.6,87.19,True,2026-03-11 17:39:52
a80275,N615MS,United States,38.2958,-106.1642,8229.6,271.25,63.53,False,2026-03-11 17:39:52
ae2036,SHADW34,United States,42.2459,-72.8334,731.52,35.89,152.7,False,2026-03-11 17:39:52
c0549d,NOJ88,Canada,44.6009,-65.7494,13007.34,184.63,258.75,False,2026-03-11 17:39:52
a6bb97,JIA5592,United States,41.1627,-86.1315,6713.22,200.07,315.0,False,2026-03-11 17:39:52
a98ece,N715BW,United States,41.665,-70.9729,60.96,32.7,70.71,False,2026-03-11 17:39:52
a4dbef,DAL169,United States,40.9041,-73.4249,1211.58,102.23,310.1,False,2026-03-11 17:39:52
c04d5c,CGDHR,Canada,53.5911,-113.3175,960.12,62.96,78.69,False,2026-03-11 17:39:52
a36d48,N32PM,United States,43.6951,-116.3065,13708.38,198.62,224.79,False,2026-03-11 17:39:52
a54b75,N440JR,United States,32.2269,-86.0121,11209.02,219.28,52.24,False,2026-03-11 17:39:52
c004e9,WJA1740,Canada,48.8144,-123.1231,4358.64,174.14,173.04,False,2026-03-11 17:39:52
a4dbf5,N412EC,United States,36.8872,-77.0756,7010.4,204.08,230.93,False,2026-03-11 17:39:52
a0fa34,MMY33,United States,40.6017,-122.1837,1127.76,50.67,29.17,False,2026-03-11 17:39:52
a4e2ce,N41380,United States,34.2175,-118.4955,,6.94,98.44,True,2026-03-11 17:39:52
c004f3,WJA2580,Canada,43.6026,-79.4347,3284.22,132.37,191.66,False,2026-03-11 17:39:52
a9deb5,N735MD,United States,37.6554,-122.1131,,0.0,120.94,True,2026-03-11 17:39:52
a1f7fb,ASA963,United States,33.9383,-118.4132,,8.23,261.56,True,2026-03-11 17:39:52
a55e9f,EJM445,United States,36.9097,-76.0755,975.36,114.31,36.77,False,2026-03-11 17:39:52
a23a27,CXK455,United States,40.1156,-105.1078,1897.38,48.89,188.47,False,2026-03-11 17:39:52
a36105,EDV5350,United States,33.5362,-84.347,2293.62,136.84,90.0,False,2026-03-11 17:39:52
a5c892,N472AK,United States,39.0332,-104.8835,3101.34,43.52,241.01,False,2026-03-11 17:39:52
aa5c84,N767LA,United States,40.0439,-75.0469,373.38,51.03,142.78,False,2026-03-11 17:39:52
ad0074,JBU857,United States,33.4105,-111.7648,1341.12,97.21,293.72,False,2026-03-11 17:39:52
a2b759,SWA2189,United States,40.8693,-73.906,914.4,151.56,36.44,False,2026-03-11 17:39:52
a3c2fa,N341WA,United States,25.5132,-78.5675,4251.96,142.97,79.22,False,2026-03-11 17:39:52
a74eed,N570FG,United States,40.4176,-74.9357,784.86,48.98,53.97,False,2026-03-11 17:39:52
780f3b,CES583,China,33.9524,-118.3992,-30.48,79.83,262.97,False,2026-03-11 17:39:52
a2544a,,United States,34.2175,-118.495,152.4,2.57,90.0,False,2026-03-11 17:39:52
a01491,N104LG,United States,27.2121,-81.3423,1615.44,77.24,103.48,False,2026-03-11 17:39:52
ace063,JBU300,United States,31.8431,-106.4207,10668.0,247.82,103.2,False,2026-03-11 17:39:52
c03a28,CFWAP,Canada,38.2525,-80.317,8534.4,141.41,195.4,False,2026-03-11 17:39:52
a324b0,SKW3736,United States,42.0071,-122.8954,10668.0,230.75,177.19,False,2026-03-11 17:39:52
a80e4e,SKW5370,United States,33.4385,-112.0121,,2.57,253.12,True,2026-03-11 17:39:52
a204e5,BPX271,United States,29.2369,-81.2615,960.12,50.85,295.79,False,2026-03-11 17:39:52
a93518,N6924R,United States,33.6,-114.5145,3764.28,73.57,276.83,False,2026-03-11 17:39:52
abc09e,SWA894,United States,34.7623,-118.3398,10972.8,204.89,299.98,False,2026-03-11 17:39:52
a6ce90,JIA5033,United States,44.4028,-73.1778,1668.78,102.25,223.57,False,2026-03-11 17:39:52
89912d,EVA658,Taiwan,43.4644,-80.9166,4236.72,208.37,90.71,False,2026-03-11 17:39:52
a6ce7d,DAL2794,United States,39.2758,-74.1666,8206.74,220.47,220.27,False,2026-03-11 17:39:52
a7db41,EJA605,United States,35.3243,-85.8295,11163.3,213.74,117.06,False,2026-03-11 17:39:52
a29aa5,SKW3694,United States,36.1882,-114.8074,8229.6,234.28,69.3,False,2026-03-11 17:39:52
a31dc6,VJA30,United States,34.0522,-99.3854,12481.56,231.43,138.51,False,2026-03-11 17:39:52
aa0cf4,N747EE,United States,40.7308,-74.1172,30.48,12.89,28.61,False,2026-03-11 17:39:52
a1ddbb,JBU224,United States,44.6243,-86.7531,10066.02,287.56,86.62,False,2026-03-11 17:39:52
acb827,AAL2367,United States,29.6798,-91.4167,10668.0,261.6,107.86,False,2026-03-11 17:39:52
acb824,ASA506,United States,32.7297,-117.1781,,6.43,106.88,True,2026-03-11 17:39:52
a194bf,N20025,United States,28.1248,-81.323,121.92,48.81,147.48,False,2026-03-11 17:39:52
a23a03,UAL1116,United States,37.575,-122.2731,381.0,93.7,301.07,False,2026-03-11 17:39:52
a23a02,UAL480,United States,40.3795,-99.5675,11277.6,280.19,80.38,False,2026-03-11 17:39:52
a0d7fb,XBHCG,United States,32.536,-116.9476,213.36,47.01,293.2,False,2026-03-11 17:39:52
c06796,CGNFX,Canada,49.7966,-119.7057,1950.72,40.25,215.11,False,2026-03-11 17:39:52
a79e7d,N590MC,United States,34.1971,-101.665,12824.46,207.35,297.96,False,2026-03-11 17:39:52
c004ea,WJA268,Canada,48.8366,-122.8453,4686.3,198.71,58.12,False,2026-03-11 17:39:52
a5527f,ERU442,United States,29.215,-81.068,114.3,47.22,156.23,False,2026-03-11 17:39:52
a80232,N615K,United States,44.3583,-90.3806,2141.22,101.88,146.95,False,2026-03-11 17:39:52
a3871e,JBU1029,United States,26.6252,-81.4589,1424.94,143.05,234.37,False,2026-03-11 17:39:52
a23a0a,,United States,30.3721,-81.5257,708.66,46.79,14.65,False,2026-03-11 17:39:52
a12d67,SKW3455,United States,32.7304,-117.181,,5.66,106.88,True,2026-03-11 17:39:52
a92203,N688MA,United States,38.5633,-92.4576,9144.0,96.55,274.89,False,2026-03-11 17:39:52
a37401,N321WF,United States,33.4918,-97.0313,1059.18,38.56,13.11,False,2026-03-11 17:39:52
a36d0a,N32M,United States,41.8488,-88.6435,1257.3,144.78,140.77,False,2026-03-11 17:39:52
8990a5,CAL5142,Taiwan,42.138,-88.1065,3398.52,184.69,138.05,False,2026-03-11 17:39:52
a3b124,EDV4957,United States,40.7802,-73.8781,,1.8,303.75,True,2026-03-11 17:39:52
a5fd2d,SWA2426,United States,38.9782,-103.0494,9646.92,189.88,301.71,False,2026-03-11 17:39:52
8990a4,CAL5346,Taiwan,37.473,-122.2865,2308.86,121.94,152.89,False,2026-03-11 17:39:52
a3bd5f,XSR340,United States,39.6281,-103.02,12192.0,170.95,272.41,False,2026-03-11 17:39:52
a697db,ASA702,United States,43.3541,-121.0343,11582.4,195.93,335.66,False,2026-03-11 17:39:52
aaac21,SKW5260,United States,39.8344,-104.6605,1546.86,66.37,0.44,False,2026-03-11 17:39:52
a54aaa,AAL2961,United States,31.8014,-80.9483,10142.22,244.11,39.53,False,2026-03-11 17:39:52
a54aae,ASA718,United States,36.0799,-115.1424,,9.77,0.0,True,2026-03-11 17:39:52
ac66aa,SWA1725,United States,39.8393,-104.4799,2667.0,143.7,114.09,False,2026-03-11 17:39:52
a947b7,N69743,United States,43.0407,-97.3237,1287.78,72.96,322.16,False,2026-03-11 17:39:52
a5ea14,N480RD,United States,40.4983,-74.6494,312.42,65.78,56.81,False,2026-03-11 17:39:52
aba9e7,SWA965,United States,36.9089,-89.9442,10972.8,199.28,280.41,False,2026-03-11 17:39:52
a181eb,N1968F,United States,39.1964,-119.7529,1386.84,45.44,285.77,False,2026-03-11 17:39:52
a2a466,N27CS,United States,28.3573,-80.6798,274.32,51.49,272.29,False,2026-03-11 17:39:52
a74429,N5676V,United States,32.8248,-116.921,426.72,45.58,200.48,False,2026-03-11 17:39:52
a79dc4,DAL1422,United States,33.219,-77.8064,11277.6,215.28,8.38,False,2026-03-11 17:39:52
ac4ca8,SWA914,United States,34.285,-85.2285,11277.6,232.78,169.56,False,2026-03-11 17:39:52
c05416,WJA2506,Canada,36.7858,-76.5301,11277.6,243.16,148.5,False,2026-03-11 17:39:52
a0fa73,N162PT,United States,40.5811,-112.0481,1737.36,47.12,100.7,False,2026-03-11 17:39:52
ad0c17,N94PC,United States,33.6322,-99.4698,13106.4,251.71,125.77,False,2026-03-11 17:39:52
a36130,DAL1116,United States,40.7854,-111.9815,,0.06,354.38,True,2026-03-11 17:39:52
aa88fb,RPA3706,United States,42.0703,-75.3303,5859.78,214.93,120.49,False,2026-03-11 17:39:52
a1d1d0,SWA3520,United States,42.9519,-87.9004,,3.6,261.56,True,2026-03-11 17:39:52
a3bd81,EDV4630,United States,34.0967,-84.6616,3009.9,177.95,344.92,False,2026-03-11 17:39:52
a24d9f,N2479M,United States,32.5352,-96.9061,609.6,42.2,181.4,False,2026-03-11 17:39:52
ad3959,N951LA,United States,34.0305,-118.0187,236.22,65.12,297.78,False,2026-03-11 17:39:52
a3d78d,AJT8341,United States,25.1616,-78.5241,10561.32,246.13,114.32,False,2026-03-11 17:39:52
a2fdea,N292LH,United States,28.7699,-81.2367,-15.24,36.53,90.0,False,2026-03-11 17:39:52
ac53a0,ASH6309,United States,29.844,-95.1676,2103.12,140.18,125.44,False,2026-03-11 17:39:52
aab325,NDU789,United States,32.9524,-111.6319,594.36,46.61,222.32,False,2026-03-11 17:39:52
c05430,ROU1675,Canada,30.5565,-81.3986,8816.34,243.57,357.46,False,2026-03-11 17:39:52
a61120,N490LP,United States,33.2085,-112.4082,1805.94,53.52,197.91,False,2026-03-11 17:39:52
aab31a,N789MT,United States,37.9657,-122.0486,213.36,41.56,74.93,False,2026-03-11 17:39:52
ac66cd,N899AK,United States,31.1926,-103.8586,12496.8,258.71,107.35,False,2026-03-11 17:39:52
a5ea37,CXK328,United States,37.9196,-121.5382,1249.68,43.02,48.88,False,2026-03-11 17:39:52
a194fa,EPI444,United States,29.0644,-80.9381,7.62,29.74,239.89,False,2026-03-11 17:39:52
ad73a9,AAL1628,United States,41.9883,-87.9006,220.98,72.54,270.41,False,2026-03-11 17:39:52
ac1988,UAL425,United States,30.6409,-88.6495,10972.8,200.59,251.15,False,2026-03-11 17:39:52
a2679a,AAY843,United States,31.5773,-82.4894,10058.4,235.97,7.26,False,2026-03-11 17:39:52
a80daf,JIA5055,United States,33.6206,-84.4411,,14.92,289.69,True,2026-03-11 17:39:52
a85d1b,SKW4798,United States,39.5633,-106.324,6134.1,154.84,255.96,False,2026-03-11 17:39:52
a00181,N1RH,United States,35.263,-80.4811,1188.72,116.16,345.9,False,2026-03-11 17:39:52
a11a81,SKW3739,United States,42.2316,-83.7187,3345.18,141.61,294.24,False,2026-03-11 17:39:52
aa6ed1,AAL864,United States,40.6759,-89.4926,9151.62,273.7,55.41,False,2026-03-11 17:39:52
a2fde3,N292LA,United States,40.371,-75.0848,358.14,41.16,216.87,False,2026-03-11 17:39:52
a947a3,N6974H,United States,33.2183,-117.3475,,0.0,70.31,True,2026-03-11 17:39:52
a73d45,ASA1446,United States,32.1589,-111.2716,11887.2,239.79,161.49,False,2026-03-11 17:39:52
a80dc4,OKC618,United States,28.2263,-96.3921,7269.48,212.43,20.41,False,2026-03-11 17:39:52
ae09d9,BOSOX06,United States,41.8055,-70.5345,914.4,67.4,324.0,False,2026-03-11 17:39:52
ade9c0,JBU52,United States,36.8111,-76.5854,10668.0,245.83,31.83,False,2026-03-11 17:39:52
ac66dc,N899B,United States,29.1951,-98.195,7856.22,174.4,152.98,False,2026-03-11 17:39:52
ad99f9,ASA433,United States,32.7191,-111.4375,9144.0,222.87,283.07,False,2026-03-11 17:39:52
a6377a,N5YX,United States,32.037,-106.7375,1813.56,45.34,356.75,False,2026-03-11 17:39:52
a814a2,N62HQ,United States,40.2661,-87.8705,3703.32,103.57,220.97,False,2026-03-11 17:39:52
a324ce,AAL1676,United States,26.1796,-101.9712,11582.4,209.23,209.78,False,2026-03-11 17:39:52
abf96c,SWA1536,United States,38.005,-85.2672,2430.78,126.07,318.31,False,2026-03-11 17:39:52
ad6cb1,TRF564,United States,32.8594,-96.4887,601.98,62.67,128.0,False,2026-03-11 17:39:52
adcfe6,N9897F,United States,33.1297,-117.271,22.86,33.5,259.38,False,2026-03-11 17:39:52
ac53d5,SWA3903,United States,36.3744,-111.5907,11887.2,256.11,86.66,False,2026-03-11 17:39:52
abe65a,AAL2972,United States,31.8098,-94.3551,9806.94,181.89,285.92,False,2026-03-11 17:39:52
abf995,SWA2332,United States,33.6743,-86.59,11277.6,223.88,178.29,False,2026-03-11 17:39:52
a707a3,JBU605,United States,38.8679,-75.46,10340.34,238.53,190.44,False,2026-03-11 17:39:52
ab967b,DAL2474,United States,28.9331,-79.701,9448.8,249.87,64.12,False,2026-03-11 17:39:52
ac53be,SKW5481,United States,39.5015,-101.1073,9448.8,277.56,100.79,False,2026-03-11 17:39:52
ac9c50,N911VU,United States,39.9397,-94.3332,7589.52,142.18,131.19,False,2026-03-11 17:39:52
a8028a,JIA5391,United States,36.3111,-86.1472,10203.18,269.78,68.52,False,2026-03-11 17:39:52
aa88d2,AAL3056,United States,26.6855,-80.158,220.98,63.33,92.33,False,2026-03-11 17:39:52
acff5c,CXK579,United States,34.075,-117.7616,480.06,38.1,55.45,False,2026-03-11 17:39:52
ad1f5c,N9447L,United States,28.2323,-81.5803,609.6,45.8,271.29,False,2026-03-11 17:39:52
c06709,ACA1504,Canada,43.6793,-79.6125,,0.0,90.0,True,2026-03-11 17:39:52
a25fa9,N252HP,United States,31.3826,-82.6743,1615.44,77.95,16.88,False,2026-03-11 17:39:52
aca3a3,AAL2944,United States,35.5049,-102.899,9151.62,214.03,308.85,False,2026-03-11 17:39:52
ad99fc,AAL3128,United States,38.9412,-96.2541,10972.8,191.92,237.03,False,2026-03-11 17:39:52
ad398c,N951NB,United States,33.7506,-114.419,8321.04,221.58,282.2,False,2026-03-11 17:39:52
a63735,N5WC,United States,32.6775,-96.7666,861.06,90.03,306.87,False,2026-03-11 17:39:52
a577d4,SWA1324,United States,38.508,-78.4007,8237.22,254.77,72.0,False,2026-03-11 17:39:52
868012,JAL56,Japan,48.4367,-121.7748,10058.4,319.79,92.58,False,2026-03-11 17:39:52
abc012,SWA1049,United States,41.2408,-96.8494,10980.42,194.69,262.26,False,2026-03-11 17:39:52
a35a92,DAL2476,United States,38.8573,-77.0398,,7.2,351.56,True,2026-03-11 17:39:52
a7e279,JIA5557,United States,38.2994,-82.009,8549.64,231.57,347.82,False,2026-03-11 17:39:52
ac53f8,SWA400,United States,30.1824,-97.6586,,4.89,177.19,True,2026-03-11 17:39:52
a4dd35,SKW3225,United States,43.9759,-116.525,7223.76,158.61,315.53,False,2026-03-11 17:39:52
ae2007,G72248,United States,32.2798,-106.9323,1242.06,0.0,0.0,False,2026-03-11 17:39:52
aca3d1,SWA421,United States,34.1262,-109.5503,10668.0,236.23,70.93,False,2026-03-11 17:39:52
ad000d,DAL775,United States,41.594,-81.7105,1866.9,147.03,53.25,False,2026-03-11 17:39:52
ace011,SKW5022,United States,38.9499,-77.4436,,1.8,180.0,True,2026-03-11 17:39:52
ac9c6d,N911WY,United States,36.2237,-115.033,640.08,41.96,220.53,False,2026-03-11 17:39:52
ab20e6,AAY2941,United States,39.5986,-89.4034,11277.6,236.83,134.21,False,2026-03-11 17:39:52
aac69d,N7938C,United States,32.8151,-116.9728,335.28,40.68,99.46,False,2026-03-11 17:39:52
a12191,N172KW,United States,32.8117,-117.1285,91.44,33.85,294.23,False,2026-03-11 17:39:52
a564ab,AAL614,United States,36.0813,-115.1359,,0.0,244.69,True,2026-03-11 17:39:52
a06f22,EJA127,United States,37.7001,-102.9296,13106.4,206.62,262.27,False,2026-03-11 17:39:52
a79da4,N590CL,United States,32.4867,-77.6284,12496.8,248.89,149.3,False,2026-03-11 17:39:52
a8b2f3,N66M,United States,35.8456,-114.6175,12496.8,237.92,48.24,False,2026-03-11 17:39:52
c06724,ACA7124,Canada,50.0764,-116.5865,10538.46,270.87,73.56,False,2026-03-11 17:39:52
ab20df,AAL2486,United States,36.0681,-86.3337,10363.2,207.5,283.62,False,2026-03-11 17:39:52
ac40d8,N889SD,United States,44.3034,-96.8085,,4.63,129.38,True,2026-03-11 17:39:52
a564c2,N447BL,United States,35.4602,-78.3157,335.28,62.45,306.96,False,2026-03-11 17:39:52
ab704b,SCX8470,United States,42.1201,-95.5958,8199.12,174.4,214.91,False,2026-03-11 17:39:52
a18f12,N2TZ,United States,38.3668,-105.0775,8534.4,128.81,279.42,False,2026-03-11 17:39:52
a431be,N37DA,United States,36.9803,-84.3828,6400.8,139.38,67.88,False,2026-03-11 17:39:52
a0d90c,AAL1820,United States,34.055,-117.5303,441.96,78.2,269.62,False,2026-03-11 17:39:52
a08948,N1334P,United States,26.5131,-80.0298,2819.4,48.31,172.04,False,2026-03-11 17:39:52
a3aa32,UPS2929,United States,37.1926,-89.4619,10591.8,288.71,65.58,False,2026-03-11 17:39:52
a7e297,N607PT,United States,25.4996,-80.6792,883.92,44.8,34.24,False,2026-03-11 17:39:52
71c044,KAL8258,Republic of Korea,40.7015,-72.4547,8801.1,263.22,71.78,False,2026-03-11 17:39:52
ad0022,SKW6085,United States,41.051,-89.9232,7772.4,254.8,66.44,False,2026-03-11 17:39:52
ab7067,UAL1350,United States,34.8329,-100.1822,8846.82,227.72,135.0,False,2026-03-11 17:39:52
a25fca,JSX100,United States,34.1968,-118.3605,,8.23,270.0,True,2026-03-11 17:39:52
a97d85,RGY710,United States,34.6356,-118.0481,9144.0,211.2,296.32,False,2026-03-11 17:39:52
a19648,N201FS,United States,33.4969,-113.1168,1950.72,54.37,299.48,False,2026-03-11 17:39:52
abd1e3,SWA2212,United States,31.19,-83.0219,10668.0,248.74,154.39,False,2026-03-11 17:39:52
a146ce,SWA3278,United States,28.5396,-82.1964,10165.08,224.04,325.29,False,2026-03-11 17:39:52
a801de,FFT3511,United States,40.296,-75.4442,10972.8,214.4,230.16,False,2026-03-11 17:39:52
a4819b,N39MZ,United States,36.2024,-87.4409,7894.32,77.74,272.28,False,2026-03-11 17:39:52
ab349f,AAL1709,United States,27.9007,-85.0186,12192.0,227.54,265.59,False,2026-03-11 17:39:52
ab349e,N821AM,United States,40.7964,-73.8616,106.68,63.8,212.15,False,2026-03-11 17:39:52
a7dadc,EDV4978,United States,36.7528,-79.3999,3992.88,167.37,214.23,False,2026-03-11 17:39:52
ab349c,ASA245,United States,44.6971,-125.4533,11277.6,208.05,212.79,False,2026-03-11 17:39:52
a1f94c,SWA3492,United States,34.3179,-86.0029,6355.08,164.24,232.13,False,2026-03-11 17:39:52
a266bf,N254EA,United States,32.9625,-112.3356,1897.38,52.93,152.19,False,2026-03-11 17:39:52
adc43a,N9863L,United States,40.6885,-73.3209,746.76,44.39,122.22,False,2026-03-11 17:39:52
a3e9c5,DAL2655,United States,43.7546,-79.8683,10058.4,263.42,104.82,False,2026-03-11 17:39:52
aa017c,ABX814,United States,47.4632,-122.3078,,4.37,188.44,True,2026-03-11 17:39:52
a37fb0,JBU1940,United States,39.7242,-75.0585,10668.0,238.88,40.9,False,2026-03-11 17:39:52
a8b476,PDT6076,United States,37.9482,-84.1207,2148.84,142.45,351.69,False,2026-03-11 17:39:52
a05c59,AAL2349,United States,33.4348,-111.9923,,0.0,180.0,True,2026-03-11 17:39:52
a266b9,N254DV,United States,42.2329,-79.9085,12496.8,276.55,102.9,False,2026-03-11 17:39:52
ad5a50,N96FF,United States,39.9115,-105.1118,,4.37,216.56,True,2026-03-11 17:39:52
a74491,N5679U,United States,33.2655,-84.7224,670.56,45.13,136.85,False,2026-03-11 17:39:52
a45922,N38BZ,United States,42.3096,-71.1088,243.84,46.07,23.7,False,2026-03-11 17:39:52
485e2e,KLM623,Kingdom of the Netherlands,41.4061,-73.7037,11574.78,234.47,229.0,False,2026-03-11 17:39:52
a2195d,SWA2164,United States,37.5501,-117.899,10622.28,191.92,280.35,False,2026-03-11 17:39:52
ac3a83,SWA2440,United States,39.8556,-82.8661,11582.4,188.75,262.8,False,2026-03-11 17:39:52
ad7471,SWA3496,United States,36.0725,-114.6752,2476.5,120.39,270.73,False,2026-03-11 17:39:52
a4a929,BL4NP,United States,30.4409,-87.7018,60.96,33.6,168.52,False,2026-03-11 17:39:52
ad5a4b,N96FA,United States,34.3295,-119.1045,1882.14,54.48,280.89,False,2026-03-11 17:39:52
a0633d,N124H,United States,28.6756,-98.0846,7620.0,224.35,96.85,False,2026-03-11 17:39:52
a5f176,EJA482,United States,37.3336,-79.9657,,0.0,320.62,True,2026-03-11 17:39:52
a97d63,JIA5422,United States,38.9183,-77.104,495.3,74.49,147.41,False,2026-03-11 17:39:52
acf1da,LFA686,United States,28.9586,-82.3346,1615.44,56.29,210.78,False,2026-03-11 17:39:52
a12ca4,N175KC,United States,41.3024,-94.5124,4069.08,159.85,81.11,False,2026-03-11 17:39:52
a399b9,EDV5157,United States,32.8913,-89.3227,9144.0,215.08,261.06,False,2026-03-11 17:39:52
a06310,FDX5047,United States,36.3291,-88.0179,9608.82,182.09,260.4,False,2026-03-11 17:39:52
a17c12,EDV5058,United States,43.2746,-86.7432,7620.0,257.03,87.13,False,2026-03-11 17:39:52
a0d93e,N154CA,United States,36.3219,-82.9554,7025.64,120.33,152.78,False,2026-03-11 17:39:52
a67f04,SCX3090,United States,40.0308,-85.3769,7688.58,228.44,325.74,False,2026-03-11 17:39:52
a84a7b,SKW4995,United States,43.0481,-90.833,6858.0,197.89,305.8,False,2026-03-11 17:39:52
a516b6,N427MC,United States,42.6624,-88.6572,13106.4,160.6,252.67,False,2026-03-11 17:39:52
a5c91b,LXJ472,United States,37.8519,-113.441,9448.8,244.56,33.59,False,2026-03-11 17:39:52
a0d94e,N154CS,United States,41.3892,-73.4921,335.28,43.03,152.21,False,2026-03-11 17:39:52
ad614c,EJA961,United States,41.6671,-75.2601,10363.2,185.1,307.09,False,2026-03-11 17:39:52
a3e9f3,EJA351,United States,33.2801,-117.1182,4724.4,157.6,66.53,False,2026-03-11 17:39:52
a8b44e,AAL1279,United States,39.9424,-83.6017,5737.86,177.65,235.62,False,2026-03-11 17:39:52
a56621,N447RM,United States,45.6886,-108.4998,1988.82,57.61,10.81,False,2026-03-11 17:39:52
a48172,JUMP9,United States,32.8589,-111.6516,3444.24,63.17,139.96,False,2026-03-11 17:39:52
a4ca66,AAL2216,United States,32.7446,-97.0269,944.88,101.86,0.0,False,2026-03-11 17:39:52
a000d6,N1JM,United States,28.2387,-97.3235,914.4,105.89,189.51,False,2026-03-11 17:39:52
a84a1a,JIA5412,United States,29.7839,-81.2375,4305.3,187.87,178.12,False,2026-03-11 17:39:52
ab8f0d,DAL1401,United States,26.1734,-79.8617,2994.66,148.99,53.57,False,2026-03-11 17:39:52
a0bf8c,UAL2454,United States,33.4486,-90.4817,11887.2,268.85,85.5,False,2026-03-11 17:39:52
c1e8db,CAR1,Canada,43.5713,-79.8297,,30.35,216.56,True,2026-03-11 17:39:52
a85119,JBU2066,United States,42.3682,-71.0045,,11.32,351.56,True,2026-03-11 17:39:52
a120c4,N172BR,United States,33.6866,-117.8348,152.4,39.58,8.97,False,2026-03-11 17:39:52
a8642d,N64PF,United States,25.877,-81.005,2529.84,82.34,181.43,False,2026-03-11 17:39:52
a4462e,DAL1112,United States,29.5804,-99.1702,9456.42,263.45,122.48,False,2026-03-11 17:39:52
a24ce0,UAL1823,United States,31.3865,-95.5217,9921.24,231.49,316.98,False,2026-03-11 17:39:52
a6c1b8,N5340Y,United States,34.6663,-120.0053,2225.04,87.38,137.39,False,2026-03-11 17:39:52
c05efd,JZA376,Canada,49.2788,-121.1589,6393.18,222.27,78.25,False,2026-03-11 17:39:52
a671ba,EJA514,United States,32.9738,-96.837,,0.39,255.94,True,2026-03-11 17:39:52
c05efc,JZA215,Canada,45.4715,-73.7498,,12.35,70.31,True,2026-03-11 17:39:52
a671c4,N514RB,United States,31.3018,-87.1921,876.3,63.47,19.9,False,2026-03-11 17:39:52
a43f51,DAL706,United States,33.7202,-84.5823,1691.64,149.7,359.8,False,2026-03-11 17:39:52
a2ec31,N288FA,United States,37.2621,-77.3695,12199.62,240.43,6.88,False,2026-03-11 17:39:52
a791c0,AAL3275,United States,34.688,-88.1421,10675.62,259.46,94.21,False,2026-03-11 17:39:52
a91ab7,NKS205,United States,40.5733,-82.3618,9151.62,231.48,338.62,False,2026-03-11 17:39:52
a000e7,N1KD,United States,40.8496,-96.7496,,8.23,180.0,True,2026-03-11 17:39:52
ac79c7,AAL1743,United States,42.3989,-97.4356,11597.64,196.65,274.65,False,2026-03-11 17:39:52
a9d40b,N732SB,United States,36.1089,-86.6259,8229.6,137.76,150.47,False,2026-03-11 17:39:52
a43f3c,DAL2978,United States,33.6434,-84.4387,,0.0,270.0,True,2026-03-11 17:39:52
a4ca6a,ASA311,United States,38.873,-109.7399,10058.4,247.25,49.05,False,2026-03-11 17:39:52
a92ddf,UAL345,United States,35.4745,-112.6526,9753.6,222.68,260.56,False,2026-03-11 17:39:52
a75786,N572TF,United States,32.8745,-96.2142,822.96,49.2,173.4,False,2026-03-11 17:39:52
a2c9ec,SWA3225,United States,37.7352,-79.1247,11605.26,203.94,232.38,False,2026-03-11 17:39:52
a1cc47,N215C,United States,27.5129,-82.142,1569.72,49.14,100.25,False,2026-03-11 17:39:52
a19691,RPA5731,United States,40.7073,-75.356,3962.4,188.92,104.83,False,2026-03-11 17:39:52
c065e3,CGMPE,Canada,52.6415,-109.6511,7924.8,114.97,285.84,False,2026-03-11 17:39:52
ac1934,EJA879,United States,31.9556,-106.2677,13106.4,212.82,297.18,False,2026-03-11 17:39:52
c052ca,WJA2194,Canada,40.578,-111.7056,11277.6,266.3,142.38,False,2026-03-11 17:39:52
a013e8,DAL2858,United States,41.3722,-83.5638,6278.88,190.18,198.78,False,2026-03-11 17:39:52
a97d21,N710MA,United States,33.0233,-117.4197,1287.78,82.12,285.26,False,2026-03-11 17:39:52
a06f8a,AAL3167,United States,30.9312,-82.1813,10972.8,239.53,182.95,False,2026-03-11 17:39:52
acff02,N9365H,United States,33.4583,-82.0475,213.36,34.07,231.75,False,2026-03-11 17:39:52
acc9b2,DAL1979,United States,34.8043,-84.2372,10058.4,247.79,138.37,False,2026-03-11 17:39:52
a4460e,UAL1416,United States,32.1628,-107.6164,10058.4,252.89,100.08,False,2026-03-11 17:39:52
a4460d,UAL1469,United States,26.3156,-81.9927,8801.1,233.01,112.32,False,2026-03-11 17:39:52
a99744,NKS1491,United States,39.5246,-74.8185,7627.62,212.81,225.49,False,2026-03-11 17:39:52
a146f9,UAL571,United States,33.058,-88.4166,9753.6,197.43,242.37,False,2026-03-11 17:39:52
a98412,N712GA,United States,33.6687,-111.9931,670.56,59.13,190.53,False,2026-03-11 17:39:52
a97d1a,N710LU,United States,37.1457,-79.0902,1318.26,69.25,54.07,False,2026-03-11 17:39:52
ab3fcc,AAL1572,United States,43.6861,-79.6258,,6.17,45.0,True,2026-03-11 17:39:52
aa1455,N749DS,United States,40.2563,-111.7555,1440.18,45.52,145.59,False,2026-03-11 17:39:52
a0634c,RPA4433,United States,40.7762,-73.8723,,0.0,185.62,True,2026-03-11 17:39:52
a814f4,XEN62,United States,35.4932,-79.0567,11148.06,240.13,24.42,False,2026-03-11 17:39:52
a0bf5d,CXK426,United States,40.1277,-112.056,2087.88,59.76,357.04,False,2026-03-11 17:39:52
a92dc6,N6905J,United States,42.0027,-72.3372,1371.6,35.29,233.3,False,2026-03-11 17:39:52
aa276a,RPA3400,United States,42.252,-76.4311,10363.2,200.96,293.22,False,2026-03-11 17:39:52
a61173,EDV5046,United States,36.0187,-80.2669,5242.56,162.09,213.74,False,2026-03-11 17:39:52
a0bf7c,N1473K,United States,34.5162,-83.3827,3329.94,86.46,169.02,False,2026-03-11 17:39:52
a1e632,N221RC,United States,38.0269,-121.9167,2049.78,79.36,54.76,False,2026-03-11 17:39:52
0d05e4,SLI2710,Mexico,31.3116,-88.1493,11277.6,260.71,55.37,False,2026-03-11 17:39:52
a17c65,SKW3450,United States,37.6115,-122.3831,,5.92,202.5,True,2026-03-11 17:39:52
a399e5,N331DV,United States,33.9406,-100.7172,13106.4,196.36,108.01,False,2026-03-11 17:39:52
a4ca8c,N408CA,United States,32.9659,-117.3143,1584.96,50.41,194.18,False,2026-03-11 17:39:52
a399e4,DAL2482,United States,49.3856,-109.6902,10363.2,186.64,275.69,False,2026-03-11 17:39:52
c052d7,WJA2964,Canada,45.4589,-73.7412,,2.83,132.19,True,2026-03-11 17:39:52
a120a6,N172AL,United States,37.458,-122.1137,,4.89,180.0,True,2026-03-11 17:39:52
c052d3,WJA2912,Canada,45.4432,-73.4745,3124.2,136.43,153.82,False,2026-03-11 17:39:52
ac1951,RPA5683,United States,38.0935,-77.0123,9753.6,257.07,77.05,False,2026-03-11 17:39:52
aaac0a,N787RM,United States,32.7512,-80.2687,1767.84,68.85,231.67,False,2026-03-11 17:39:52
ac5fc9,ERU897,United States,29.1865,-81.0433,0.0,35.68,245.28,False,2026-03-11 17:39:52
a266e0,N254FJ,United States,31.0787,-102.1952,9753.6,237.15,282.53,False,2026-03-11 17:39:52
a399de,DAL862,United States,34.959,-82.0563,10218.42,258.05,54.82,False,2026-03-11 17:39:52
a5ea5c,UAL1297,United States,40.4019,-92.3155,9144.0,183.83,237.69,False,2026-03-11 17:39:52
407719,EDC722L,United Kingdom,46.4232,-64.4121,13106.4,194.62,246.15,False,2026-03-11 17:39:52
c078cd,CGTTK,Canada,50.6216,-113.0181,2545.08,74.11,1.59,False,2026-03-11 17:39:52
a756d2,LAE1827,United States,25.3574,-79.7029,4869.18,190.7,327.9,False,2026-03-11 17:39:52
aa1ffc,RPA3499,United States,42.0028,-87.8911,289.56,69.45,270.42,False,2026-03-11 17:39:52
a8bfb6,DAL8946,United States,49.8951,-97.2342,,2.31,309.38,True,2026-03-11 17:39:52
a5a30a,SWA2241,United States,38.4204,-115.4984,11582.4,195.2,274.99,False,2026-03-11 17:39:52
a503d7,N422JB,United States,42.1475,-85.2181,4640.58,116.55,312.14,False,2026-03-11 17:39:52
aac4a4,N793RC,United States,38.4336,-81.3524,12192.0,186.28,255.77,False,2026-03-11 17:39:52
aa5000,N7637F,United States,33.5259,-111.7043,838.2,53.78,345.03,False,2026-03-11 17:39:52
a43357,N37VK,United States,32.6436,-97.0893,274.32,53.47,348.91,False,2026-03-11 17:39:52
a9360e,SKW3863,United States,38.6997,-90.261,670.56,66.8,302.1,False,2026-03-11 17:39:52
a3c3e6,UAL1886,United States,31.4269,-87.4131,11277.6,268.35,49.9,False,2026-03-11 17:39:52
a44682,N375BL,United States,35.3793,-78.4052,1097.28,29.52,228.53,False,2026-03-11 17:39:52
a42020,DAL1103,United States,43.2073,-74.5991,9144.0,199.38,280.56,False,2026-03-11 17:39:52
a6cf55,LFA317,United States,30.3387,-81.5692,304.8,53.11,98.91,False,2026-03-11 17:39:52
a98fc0,N715MN,United States,40.1086,-110.013,10058.4,248.69,155.82,False,2026-03-11 17:39:52
a5c973,N472KK,United States,39.9508,-74.8243,144.78,27.34,168.06,False,2026-03-11 17:39:52
a6863b,N5197R,United States,39.3209,-119.4238,2827.02,44.04,337.33,False,2026-03-11 17:39:52
040102,ETH575,Ethiopia,45.001,-83.0239,11277.6,310.03,61.78,False,2026-03-11 17:39:52
a5fcd0,N485SV,United States,33.3617,-79.7897,2095.5,101.68,17.98,False,2026-03-11 17:39:52
a92f2d,N691HS,United States,39.7663,-74.0838,579.12,80.22,340.52,False,2026-03-11 17:39:52
aa763f,AAL1097,United States,32.8923,-97.0332,,7.2,180.0,True,2026-03-11 17:39:52
89911c,CAL5234,Taiwan,41.9641,-87.3838,1569.72,114.48,353.29,False,2026-03-11 17:39:52
a98fbe,N715ML,United States,37.4548,-122.1149,,0.0,0.0,True,2026-03-11 17:39:52
a360b7,JBU1191,United States,42.3163,-70.7629,2567.94,126.4,247.51,False,2026-03-11 17:39:52
ac4d1a,DAL1392,United States,29.3978,-78.4003,10668.0,220.72,6.83,False,2026-03-11 17:39:52
ac6744,FDX3648,United States,40.0058,-95.6402,10058.4,297.95,88.61,False,2026-03-11 17:39:52
ad1da9,SKW5460,United States,37.5886,-122.2763,327.66,80.53,292.14,False,2026-03-11 17:39:52
c05eac,ACA782,Canada,40.9602,-103.2812,10058.4,257.25,66.05,False,2026-03-11 17:39:52
a240dc,SWA3638,United States,40.8048,-111.0994,10668.0,277.5,94.15,False,2026-03-11 17:39:52
899133,EVA634,Taiwan,52.1047,-120.2393,9448.8,300.45,125.24,False,2026-03-11 17:39:52
ad6d03,SWA2742,United States,32.7315,-117.1911,,0.0,196.88,True,2026-03-11 17:39:52
a8fc09,UAL558,United States,43.6745,-81.4227,10668.0,273.04,96.82,False,2026-03-11 17:39:52
aa630b,TAI444,United States,31.6854,-82.1335,11269.98,232.62,22.08,False,2026-03-11 17:39:52
c05eb6,ACA163,Canada,50.9936,-98.0115,9745.98,222.92,292.96,False,2026-03-11 17:39:52
a120fe,DAL2856,United States,33.6378,-84.4405,,6.43,5.62,True,2026-03-11 17:39:52
abf7c5,N870QS,United States,27.6023,-83.628,13106.4,221.46,281.39,False,2026-03-11 17:39:52
a70975,N55218,United States,36.0833,-97.0895,739.14,33.47,2.64,False,2026-03-11 17:39:52
ac541b,SWA3457,United States,41.6713,-90.3288,5791.2,186.43,139.36,False,2026-03-11 17:39:52
a386fb,JBU2097,United States,26.1705,-81.0104,3162.3,152.22,130.2,False,2026-03-11 17:39:52
a0a02f,N13986,United States,28.0869,-80.772,358.14,41.21,92.86,False,2026-03-11 17:39:52
ac04ae,SWA3760,United States,37.3653,-121.9256,,0.0,47.81,True,2026-03-11 17:39:52
ab1a1e,VXP1197,United States,35.4003,-80.7063,220.98,71.33,191.23,False,2026-03-11 17:39:52
aac4c4,SKW5333,United States,36.4697,-103.5854,11277.6,252.16,153.07,False,2026-03-11 17:39:52
a1836c,AAY3031,United States,34.5449,-84.0118,7696.2,210.97,4.2,False,2026-03-11 17:39:52
a3133c,ASA211,United States,42.5811,-88.3321,11277.6,275.26,90.86,False,2026-03-11 17:39:52
a4f6fe,EJA419,United States,37.1327,-81.9614,7620.0,244.68,76.26,False,2026-03-11 17:39:52
c05edf,ACA575,Canada,46.5899,-116.1589,10363.2,175.84,300.99,False,2026-03-11 17:39:52
acb741,N91834,United States,33.9425,-117.4437,1752.6,51.78,244.71,False,2026-03-11 17:39:52
899105,CAL5266,Taiwan,39.3128,-103.8477,10668.0,299.27,118.55,False,2026-03-11 17:39:52
c05edb,ACA739,Canada,39.295,-112.5402,10972.8,193.21,253.45,False,2026-03-11 17:39:52
a80f63,N6184J,United States,33.4,-84.3142,281.94,35.82,234.94,False,2026-03-11 17:39:52
ab8df7,N8434W,United States,35.3921,-80.4796,822.96,44.76,270.0,False,2026-03-11 17:39:52
ac04c2,SKW5654,United States,34.4063,-117.598,6362.7,220.32,54.12,False,2026-03-11 17:39:52
a1e695,N221VB,United States,36.6363,-114.2873,2209.8,89.68,228.72,False,2026-03-11 17:39:52
a7ef3c,N610FA,United States,40.2254,-75.3654,922.02,68.33,63.63,False,2026-03-11 17:39:52
ad1db0,N944TC,United States,31.2051,-85.4937,487.68,53.2,37.53,False,2026-03-11 17:39:52
a85cad,JIA5285,United States,32.3798,-96.4407,3596.64,141.21,313.23,False,2026-03-11 17:39:52
a93604,SKW5139,United States,37.9315,-107.2677,10058.4,230.37,43.28,False,2026-03-11 17:39:52
a92f0e,N691GL,United States,32.8215,-87.9093,12489.18,264.2,129.55,False,2026-03-11 17:39:52
ac04be,ASH6367,United States,33.5561,-87.2974,9753.6,199.93,243.9,False,2026-03-11 17:39:52
a0a056,TASI314,United States,32.8991,-97.2988,678.18,70.45,350.33,False,2026-03-11 17:39:52
ac5442,DAL2490,United States,35.4959,-95.8579,7597.14,259.33,79.72,False,2026-03-11 17:39:52
aa26c8,SKW6315,United States,35.8884,-106.0447,8534.4,212.17,313.33,False,2026-03-11 17:39:52
a80307,N615TN,United States,26.1696,-79.6931,845.82,87.84,275.38,False,2026-03-11 17:39:52
ab477d,DAL649,United States,37.9824,-108.3202,10058.4,275.53,145.81,False,2026-03-11 17:39:52
a5536c,NEW442,United States,30.6172,-78.8851,11574.78,244.85,196.23,False,2026-03-11 17:39:52
ac4107,UAL1515,United States,34.367,-104.0327,10675.62,251.34,132.01,False,2026-03-11 17:39:52
a98fb8,N715ME,United States,33.036,-87.0554,13716.0,213.74,144.21,False,2026-03-11 17:39:52
ac17ee,ES809,United States,38.5709,-121.2746,0.0,40.25,231.23,False,2026-03-11 17:39:52
a6bc31,SKW4688,United States,40.8451,-104.3197,8549.64,206.6,26.31,False,2026-03-11 17:39:52
ac04d3,SWA2677,United States,28.1565,-82.6121,7376.16,224.93,257.58,False,2026-03-11 17:39:52
c05ed8,ACA7116,Canada,45.6779,-74.0309,,0.26,101.25,True,2026-03-11 17:39:52
abe4b9,SWA3223,United States,28.232,-86.6783,11277.6,258.28,104.06,False,2026-03-11 17:39:52
a31344,N298AT,United States,31.0779,-84.2848,3284.22,87.73,137.14,False,2026-03-11 17:39:52
c05ed9,ACA455,Canada,43.6905,-79.6289,,1.54,70.31,True,2026-03-11 17:39:52
ad8769,AAL885,United States,44.4596,-98.3894,8839.2,261.65,102.26,False,2026-03-11 17:39:52
a218a2,N234PA,United States,26.5982,-80.0854,-60.96,3.92,113.2,False,2026-03-11 17:39:52
ad1dd4,WUP944,United States,38.2211,-104.6814,11879.58,277.21,114.33,False,2026-03-11 17:39:52
aceaa6,N931PA,United States,32.9579,-111.4289,662.94,51.18,239.83,False,2026-03-11 17:39:52
aab1af,SWA1464,United States,36.4077,-90.8623,10363.2,212.81,296.26,False,2026-03-11 17:39:52
ab7ae4,DAL109,United States,40.1719,-74.8854,9144.0,224.47,264.08,False,2026-03-11 17:39:52
a62fd1,SWA2240,United States,34.1852,-117.6353,7010.4,210.26,50.86,False,2026-03-11 17:39:52
ab213e,SLH816,United States,33.8893,-86.7021,1714.5,127.04,151.98,False,2026-03-11 17:39:52
a82903,EDV5110,United States,27.482,-80.2994,10363.2,250.18,166.56,False,2026-03-11 17:39:52
ae57d2,C2008,United States,43.4467,-69.9196,7010.4,185.51,38.81,False,2026-03-11 17:39:52
ac04f5,SWA2006,United States,46.9463,-115.673,7894.32,183.34,301.46,False,2026-03-11 17:39:52
a74fa2,JIA5020,United States,41.347,-78.4424,10058.4,229.54,178.33,False,2026-03-11 17:39:52
c05ea2,ACA292,Canada,49.5017,-110.0371,10675.62,265.97,89.78,False,2026-03-11 17:39:52
a360de,N317AM,United States,39.7907,-104.5526,1615.44,4.63,90.0,False,2026-03-11 17:39:52
acfdf4,SWA643,United States,33.6839,-117.8637,-45.72,69.96,208.07,False,2026-03-11 17:39:52
a4dcb6,,United States,33.5766,-79.1791,4823.46,125.0,235.39,False,2026-03-11 17:39:52
a67f41,N518BA,United States,33.7868,-85.7131,1935.48,71.3,216.79,False,2026-03-11 17:39:52
a74fd8,EJA570,United States,29.8528,-82.3319,7604.76,223.85,166.44,False,2026-03-11 17:39:52
ab2169,UAL2148,United States,42.0028,-87.8617,419.1,61.22,270.0,False,2026-03-11 17:39:52
a61cc0,N493RM,United States,40.3997,-74.6322,152.4,39.11,296.57,False,2026-03-11 17:39:52
a7ef08,SKW3718,United States,32.7076,-111.7614,5311.14,202.8,145.02,False,2026-03-11 17:39:52
ad6116,AAL3206,United States,25.566,-79.6943,4876.8,187.73,119.37,False,2026-03-11 17:39:52
a2e045,UAL740,United States,34.129,-97.6357,10363.2,232.52,302.07,False,2026-03-11 17:39:52
aaaaee,N787EC,United States,29.1664,-98.2163,1348.74,56.38,152.27,False,2026-03-11 17:39:52
a9d46f,N732WB,United States,31.9107,-105.8535,3291.84,162.9,244.16,False,2026-03-11 17:39:52
a1d37a,N21692,United States,29.2189,-80.973,518.16,46.92,183.77,False,2026-03-11 17:39:52
a42c75,N36800,United States,26.6738,-81.3189,838.2,37.98,114.83,False,2026-03-11 17:39:52
a503bf,N422HC,United States,35.3103,-116.1429,9982.2,131.7,45.95,False,2026-03-11 17:39:52
a57997,AAL2506,United States,37.0307,-87.4823,11277.6,272.33,94.12,False,2026-03-11 17:39:52
a9eebc,N739ZC,United States,39.7616,-104.5147,1783.08,35.17,95.88,False,2026-03-11 17:39:52
a8d5bd,AAL2143,United States,33.4376,-111.9948,,0.0,104.06,True,2026-03-11 17:39:52
ae06db,REY53,United States,34.0552,-112.1252,6705.6,124.15,350.46,False,2026-03-11 17:39:52
a107b4,CXK556,United States,32.4266,-111.5966,2202.18,59.59,116.12,False,2026-03-11 17:39:52
a15729,N186CA,United States,27.577,-82.0519,1676.4,72.24,104.43,False,2026-03-11 17:39:52
a4ebfe,N416SD,United States,28.7186,-81.67,60.96,37.61,266.86,False,2026-03-11 17:39:52
a31b9e,525C0063,United States,32.86,-113.3806,13716.0,234.61,80.66,False,2026-03-11 17:39:52
abdc76,ASH3985,United States,32.138,-96.3383,9502.14,234.4,322.4,False,2026-03-11 17:39:52
a56285,N446SP,United States,37.3325,-121.8372,182.88,46.66,145.78,False,2026-03-11 17:39:52
a097cc,UAL1929,United States,41.9725,-87.9149,,7.72,5.62,True,2026-03-11 17:39:52
a7fe51,N614HH,United States,37.6747,-108.4783,3284.22,50.46,23.43,False,2026-03-11 17:39:52
a752bf,SKW5214,United States,36.2862,-103.0844,9669.78,252.53,159.24,False,2026-03-11 17:39:52
a8bbbc,AAL2411,United States,36.8651,-121.5216,7193.28,260.4,129.07,False,2026-03-11 17:39:52
a632f6,EJA499,United States,40.6728,-104.818,9585.96,159.42,347.89,False,2026-03-11 17:39:52
a07dc8,UAL995,United States,43.9617,-72.6739,10355.58,229.85,222.01,False,2026-03-11 17:39:52
ae06e4,FOXX836,United States,37.3332,-79.9657,,0.0,33.75,True,2026-03-11 17:39:52
abef98,SWA546,United States,37.528,-96.2694,11582.4,202.44,192.62,False,2026-03-11 17:39:52
aa735a,SWA708,United States,27.4378,-97.9189,11887.2,218.96,167.79,False,2026-03-11 17:39:52
c001da,ASP827,Canada,35.837,-76.9787,12192.0,225.18,204.28,False,2026-03-11 17:39:52
a67b94,N517BL,United States,30.7643,-87.4266,937.26,47.37,124.38,False,2026-03-11 17:39:52
a6959b,N523RS,United States,39.1655,-77.5955,632.46,54.99,160.89,False,2026-03-11 17:39:52
a8cec7,FFT4797,United States,33.6439,-84.4242,,0.0,0.0,True,2026-03-11 17:39:52
a43b85,DAL1996,United States,28.5818,-80.1725,10972.8,253.14,124.4,False,2026-03-11 17:39:52
ad1c78,ERU944,United States,29.2462,-80.9796,685.8,54.08,101.52,False,2026-03-11 17:39:52
aa10ba,SKW6469,United States,33.4381,-111.9923,,4.63,182.81,True,2026-03-11 17:39:52
ab30f0,AAL3044,United States,42.3616,-71.0217,,0.0,106.88,True,2026-03-11 17:39:52
a20297,N229BP,United States,29.5648,-95.7219,2575.56,133.73,55.03,False,2026-03-11 17:39:52
a7fe85,N614KK,United States,31.4843,-81.0594,2994.66,90.38,202.77,False,2026-03-11 17:39:52
a99ed2,JIA9950,United States,38.5873,-78.3102,5882.64,212.43,77.41,False,2026-03-11 17:39:52
a44262,DAL2623,United States,26.8723,-79.776,3169.92,163.33,48.83,False,2026-03-11 17:39:52
adcccc,N989CG,United States,41.7762,-81.3771,2720.34,167.58,65.32,False,2026-03-11 17:39:52
a45592,DAL525,United States,33.6058,-84.5408,1196.34,127.56,245.71,False,2026-03-11 17:39:52
a872d4,N64303,United States,34.0132,-84.6089,426.72,28.3,268.96,False,2026-03-11 17:39:52
abf67f,ES800,United States,38.5794,-121.2897,220.98,39.3,52.98,False,2026-03-11 17:39:52
a79b80,EJM5,United States,42.9631,-102.4129,12496.8,288.75,93.88,False,2026-03-11 17:39:52
abdc91,ASH4024,United States,33.8163,-95.5007,9753.6,181.26,212.25,False,2026-03-11 17:39:52
abe36a,N865WM,United States,47.6358,-119.0109,2362.2,74.94,275.51,False,2026-03-11 17:39:52
abdc96,ASH4065,United States,38.1461,-87.3729,10363.2,180.55,234.86,False,2026-03-11 17:39:52
c05d7b,WJA231,Canada,50.2938,-100.719,10972.8,216.01,283.08,False,2026-03-11 17:39:52
aa7f8d,CKS255,United States,38.966,-84.1765,2545.08,138.26,326.07,False,2026-03-11 17:39:52
aa7f8c,N776CJ,United States,37.8172,-75.64,7620.0,223.73,23.44,False,2026-03-11 17:39:52
c001e6,ASP524,Canada,25.995,-80.278,838.2,134.32,271.54,False,2026-03-11 17:39:52
a885f4,UAL1155,United States,38.3569,-78.368,9761.22,214.42,238.14,False,2026-03-11 17:39:52
adccd0,KPO989,United States,27.9888,-80.8254,5135.88,196.34,331.69,False,2026-03-11 17:39:52
aa600a,JBU2834,United States,31.7612,-81.159,10668.0,235.45,24.94,False,2026-03-11 17:39:52
a25d36,SWA4306,United States,41.9633,-71.8771,5791.2,185.64,287.58,False,2026-03-11 17:39:52
c027da,CJT301,Canada,45.3971,-82.4264,9144.0,226.63,314.72,False,2026-03-11 17:39:52
a0baa1,SKW5905,United States,39.609,-101.8247,9753.6,188.1,247.99,False,2026-03-11 17:39:52
a7fe27,FFT2272,United States,26.1124,-81.4925,5783.58,200.17,115.91,False,2026-03-11 17:39:52
a68e4c,SKW6212,United States,32.8105,-111.1399,10668.0,232.78,100.44,False,2026-03-11 17:39:52
a68214,N5184J,United States,33.9517,-117.4437,,0.0,174.38,True,2026-03-11 17:39:52
a79b20,N59AT,United States,38.4407,-121.4943,2156.46,83.06,26.09,False,2026-03-11 17:39:52
a55b3c,UAL1237,United States,42.0077,-87.4429,1264.92,111.19,237.85,False,2026-03-11 17:39:52
a06aba,RPA4530,United States,40.7862,-74.5568,5189.22,161.46,255.61,False,2026-03-11 17:39:52
a214a0,N233LA,United States,34.173,-118.518,297.18,60.67,140.51,False,2026-03-11 17:39:52
a3e5fa,DAL2409,United States,42.7128,-73.8554,9144.0,218.54,301.03,False,2026-03-11 17:39:52
a7c8c7,N600RS,United States,28.9464,-81.9306,182.88,74.05,310.77,False,2026-03-11 17:39:52
a347b1,ENY3739,United States,38.8792,-94.9507,7620.0,226.32,22.31,False,2026-03-11 17:39:52
aab07a,RPA3467,United States,41.9705,-87.9051,,3.6,61.88,True,2026-03-11 17:39:52
add3d9,NKS1681,United States,29.1907,-81.6334,11277.6,216.26,355.36,False,2026-03-11 17:39:52
a3d2e5,UAL1036,United States,27.4565,-82.6916,7018.02,214.26,154.85,False,2026-03-11 17:39:52
abd063,RPA5749,United States,38.9809,-77.166,929.64,92.92,147.89,False,2026-03-11 17:39:52
abdc9b,SWA2200,United States,43.0566,-113.4933,10058.4,295.77,112.28,False,2026-03-11 17:39:52
a9a80f,N721JD,United States,34.1312,-117.8371,1310.64,51.95,262.03,False,2026-03-11 17:39:52
a18ab0,N199MC,United States,37.978,-120.6797,1524.0,59.02,165.36,False,2026-03-11 17:39:52
a95850,N701AL,United States,31.9877,-86.4757,2209.8,113.3,281.26,False,2026-03-11 17:39:52
a0d4c2,N15255,United States,36.465,-76.0455,914.4,57.52,10.3,False,2026-03-11 17:39:52
a4ebd9,EJA416,United States,32.9614,-85.2891,6278.88,168.65,20.54,False,2026-03-11 17:39:52
a6cb01,LXJ537,United States,45.582,-87.0259,13098.78,210.76,279.55,False,2026-03-11 17:39:52
a18ab4,N199MG,United States,35.0216,-77.8876,3162.3,92.1,179.04,False,2026-03-11 17:39:52
a95855,N701AR,United States,34.5224,-116.8605,3390.9,92.78,43.88,False,2026-03-11 17:39:52
a00a50,N101VK,United States,29.7166,-98.0348,518.16,53.41,125.99,False,2026-03-11 17:39:52
a071c2,DAL935,United States,42.4462,-84.9366,7459.98,187.86,271.73,False,2026-03-11 17:39:52
ad2384,DAL3198,United States,33.6406,-84.4288,,1.29,247.5,True,2026-03-11 17:39:52
a8d5a0,UAL1371,United States,28.6864,-98.4398,4579.62,204.32,330.6,False,2026-03-11 17:39:52
a39723,EDV5372,United States,37.9019,-85.6357,8763.0,198.8,205.77,False,2026-03-11 17:39:52
a75eef,N574TA,United States,29.5135,-81.1248,236.22,103.44,240.5,False,2026-03-11 17:39:52
a13d1c,N1791E,United States,40.7112,-112.1085,5181.6,102.91,88.85,False,2026-03-11 17:39:52
a097e9,UAL2684,United States,43.4831,-102.7196,10363.2,185.87,267.62,False,2026-03-11 17:39:52
aba804,N850GX,United States,33.9795,-83.9589,266.7,26.92,243.92,False,2026-03-11 17:39:52
a82542,N624BR,United States,34.4549,-120.045,1615.44,131.32,135.48,False,2026-03-11 17:39:52
a03760,N113AH,United States,33.7795,-84.5171,,4.37,208.12,True,2026-03-11 17:39:52
a03765,AAL307,United States,37.9425,-106.6489,9448.8,256.18,77.95,False,2026-03-11 17:39:52
a63efe,N501PT,United States,35.2631,-80.9397,480.06,57.73,176.42,False,2026-03-11 17:39:52
a6f880,AVL515,United States,39.0696,-78.1033,1082.04,40.09,188.86,False,2026-03-11 17:39:52
a27737,SWA265,United States,38.7379,-90.358,,1.8,151.88,True,2026-03-11 17:39:52
c00dea,ACA165,Canada,51.2498,-94.8369,9745.98,216.39,285.16,False,2026-03-11 17:39:52
aa7f4e,UAL2464,United States,37.1906,-76.3543,10972.8,235.67,200.18,False,2026-03-11 17:39:52
a07dcd,UAL905,United States,40.7652,-74.1185,464.82,82.15,205.6,False,2026-03-11 17:39:52
ac7809,EJA902,United States,35.571,-82.6023,1402.08,112.74,161.65,False,2026-03-11 17:39:52
c05d3c,JZA840,Canada,43.1547,-123.2767,11277.6,242.4,178.42,False,2026-03-11 17:39:52
ac5e01,SWA906,United States,36.1157,-76.829,10363.2,232.36,186.23,False,2026-03-11 17:39:52
a07de2,N1302U,United States,28.1142,-82.1723,518.16,51.37,57.26,False,2026-03-11 17:39:52
a06ab1,N126HF,United States,40.8323,-72.859,60.96,33.47,223.75,False,2026-03-11 17:39:52
a01112,AAL12,United States,35.5689,-107.258,10675.62,249.98,86.46,False,2026-03-11 17:39:52
a68e7c,AAL1225,United States,32.9086,-97.0331,,5.66,180.0,True,2026-03-11 17:39:52
a00a31,N101UD,United States,30.5955,-95.9864,13700.76,217.42,280.91,False,2026-03-11 17:39:52
a25d10,N251V,United States,25.7017,-80.2282,182.88,47.02,252.16,False,2026-03-11 17:39:52
a467f1,N383RL,United States,40.5929,-73.7104,6987.54,151.4,57.07,False,2026-03-11 17:39:52
a88700,DAL8954,United States,36.2168,-92.5593,11582.4,197.64,271.79,False,2026-03-11 17:39:52
ae6903,SB21,United States,32.7579,-118.1288,426.72,67.32,279.68,False,2026-03-11 17:39:52
a18ada,AAY542,United States,36.0169,-83.5045,10363.2,231.07,347.79,False,2026-03-11 17:39:52
a321a9,XSR300,United States,38.8069,-84.8929,4267.2,220.41,48.12,False,2026-03-11 17:39:52
aa0b10,RPA3601,United States,43.1427,-84.4289,10668.0,264.34,83.97,False,2026-03-11 17:39:52
a3d425,FFT3364,United States,32.3539,-83.4082,11285.22,241.88,170.7,False,2026-03-11 17:39:52
a4b7d3,AAL1219,United States,38.9136,-102.9142,8534.4,182.63,301.41,False,2026-03-11 17:39:52
ac0f26,SWA2066,United States,41.5624,-87.6455,960.12,93.09,69.96,False,2026-03-11 17:39:52
a12a64,N1740C,United States,28.4196,-81.9963,541.02,50.85,205.79,False,2026-03-11 17:39:52
ab56b4,N83HD,United States,38.8376,-120.0366,5844.54,194.69,260.26,False,2026-03-11 17:39:52
a51425,RPA4533,United States,38.7429,-90.3643,,0.19,92.81,True,2026-03-11 17:39:52
aacf1f,N796JH,United States,34.3554,-115.7717,7924.8,225.22,189.33,False,2026-03-11 17:39:52
ab9f38,SCX421,United States,35.8146,-114.6601,10972.8,218.61,228.24,False,2026-03-11 17:39:52
a18ae2,N199PC,United States,30.4205,-83.2628,1310.64,76.55,143.75,False,2026-03-11 17:39:52
a37d3c,N324AR,United States,33.6777,-103.6552,5463.54,115.95,318.96,False,2026-03-11 17:39:52
ac76a7,AAL867,United States,30.8313,-84.2658,10972.8,213.1,322.36,False,2026-03-11 17:39:52
ab69dc,N8342H,United States,33.3811,-82.9798,2529.84,43.08,191.71,False,2026-03-11 17:39:52
a1314a,SJJ176,United States,35.6243,-110.19,12496.8,239.61,77.1,False,2026-03-11 17:39:52
ab0968,N810AM,United States,39.4501,-104.3148,2065.02,41.7,87.88,False,2026-03-11 17:39:52
a1447f,N181BC,United States,26.9113,-82.1547,1455.42,76.42,136.64,False,2026-03-11 17:39:52
a1314e,AAL1667,United States,34.4335,-99.482,9448.8,245.41,123.89,False,2026-03-11 17:39:52
a3d42b,LXJ346,United States,41.7322,-87.6779,678.18,79.31,313.95,False,2026-03-11 17:39:52
a55aa9,WCP253,United States,27.4375,-80.5147,365.76,38.48,150.35,False,2026-03-11 17:39:52
a52768,LXJ431,United States,36.7942,-96.7794,9829.8,192.35,285.67,False,2026-03-11 17:39:52
a4f414,RPA4380,United States,41.3138,-81.3962,10058.4,248.02,91.19,False,2026-03-11 17:39:52
a1f4cd,ENY3983,United States,32.1339,-98.0946,5844.54,195.55,57.9,False,2026-03-11 17:39:52
a2644a,SKW3874,United States,40.785,-111.9787,,7.2,261.56,True,2026-03-11 17:39:52
add490,N990VT,United States,33.3334,-84.7003,883.92,43.33,150.09,False,2026-03-11 17:39:52
a49d22,DAL2465,United States,32.7873,-78.1449,10668.0,218.8,7.16,False,2026-03-11 17:39:52
ac76b2,OZN902,United States,25.6404,-80.5112,182.88,45.27,89.35,False,2026-03-11 17:39:52
a4da13,RPA4697,United States,37.803,-83.7247,10668.0,254.17,102.15,False,2026-03-11 17:39:52
ab0971,AAL2839,United States,25.8298,-80.6492,7894.32,227.9,179.61,False,2026-03-11 17:39:52
aabc11,ENY3604,United States,42.8108,-85.2785,7711.44,179.41,261.59,False,2026-03-11 17:39:52
a3973e,EJA330,United States,26.5385,-82.5179,10568.94,236.94,114.23,False,2026-03-11 17:39:52
a56dcf,UAL2287,United States,41.9522,-87.9488,731.52,98.92,197.87,False,2026-03-11 17:39:52
a24a0a,ASA1365,United States,44.2681,-121.6596,10972.8,201.24,358.24,False,2026-03-11 17:39:52
a51445,N4260D,United States,30.3993,-81.4485,533.4,65.29,210.81,False,2026-03-11 17:39:52
c027d0,ABK336,Canada,45.6856,-74.0202,,0.0,135.0,True,2026-03-11 17:39:52
ad4930,EJM95,United States,31.8445,-82.0925,2987.04,161.56,1.09,False,2026-03-11 17:39:52
a467c5,,United States,41.9924,-111.8759,2438.4,48.36,269.39,False,2026-03-11 17:39:52
a14452,SWA2682,United States,32.7962,-83.7177,10668.0,249.05,150.42,False,2026-03-11 17:39:52
a49d16,DAL511,United States,30.0122,-83.2197,10972.8,220.7,337.38,False,2026-03-11 17:39:52
a00a65,N101WF,United States,35.3108,-102.9968,12192.0,212.44,273.89,False,2026-03-11 17:39:52
a06ade,N126KA,United States,34.9231,-83.6732,4518.66,139.1,161.23,False,2026-03-11 17:39:52
a9327a,DAL755,United States,33.6318,-84.4346,,34.98,270.0,True,2026-03-11 17:39:52
c07721,TSC106,Canada,40.86,-77.635,10363.2,204.59,230.31,False,2026-03-11 17:39:52
abb9df,SWA1652,United States,38.6799,-121.6016,-91.44,66.37,0.89,False,2026-03-11 17:39:52
ad2f39,N949GM,United States,40.0051,-76.5399,4937.76,192.25,238.9,False,2026-03-11 17:39:52
a49d10,CAP4537,United States,38.5466,-78.6434,1524.0,86.31,95.47,False,2026-03-11 17:39:52
a0d4db,N1526V,United States,25.4502,-80.701,518.16,39.67,56.1,False,2026-03-11 17:39:52
ac89f9,N907JD,United States,33.9153,-112.2455,1135.38,76.53,247.05,False,2026-03-11 17:39:52
ac89f7,JBU1851,United States,28.0732,-80.116,10363.2,240.02,205.25,False,2026-03-11 17:39:52
ad493b,SWA1940,United States,33.7811,-95.1397,9098.28,193.26,243.09,False,2026-03-11 17:39:52
a01151,N103RA,United States,33.5652,-111.4623,1645.92,66.31,131.86,False,2026-03-11 17:39:52
a9dbfc,N734XH,United States,36.2323,-115.197,853.44,47.04,311.01,False,2026-03-11 17:39:52
abef2f,SWA993,United States,40.493,-116.0045,11582.4,182.31,276.64,False,2026-03-11 17:39:52
a19dff,RPA5723,United States,40.3446,-74.3152,2750.82,166.99,44.13,False,2026-03-11 17:39:52
ab9f61,WUP848,United States,33.2169,-80.0748,5151.12,142.2,356.89,False,2026-03-11 17:39:52
a1577f,N186FM,United States,29.7085,-98.0616,510.54,50.93,134.18,False,2026-03-11 17:39:52
a01d8f,N1061X,United States,28.1576,-81.2879,853.44,50.43,91.17,False,2026-03-11 17:39:52
a1311e,SKW3344,United States,47.4406,-122.3102,,5.92,149.06,True,2026-03-11 17:39:52
ad3616,EJA950,United States,37.6281,-122.3833,,0.64,300.94,True,2026-03-11 17:39:52
a68dd1,JTZ521,United States,36.2659,-86.6064,906.78,75.83,196.96,False,2026-03-11 17:39:52
a15795,EDV5288,United States,33.5097,-83.2436,3322.32,204.19,96.95,False,2026-03-11 17:39:52
ab0993,N810CE,United States,33.8224,-117.733,449.58,18.59,75.58,False,2026-03-11 17:39:52
ad1c16,DAL876,United States,33.6054,-82.4158,9311.64,267.63,76.1,False,2026-03-11 17:39:52
abe305,,United States,33.8041,-118.3396,-7.62,31.42,309.69,False,2026-03-11 17:39:52
ab43c6,DAL741,United States,37.5807,-95.3351,10058.4,251.07,98.25,False,2026-03-11 17:39:52
acbfd4,CXK114,United States,33.0626,-111.8433,1524.0,54.08,78.48,False,2026-03-11 17:39:52
ac5cb2,N896MA,United States,28.9991,-80.8391,11582.4,216.6,137.21,False,2026-03-11 17:39:52
ad2f2d,CXK419,United States,29.2667,-81.3514,556.26,46.53,275.71,False,2026-03-11 17:39:52
a3e70e,COL350,United States,44.3644,-92.4677,1752.6,120.35,297.77,False,2026-03-11 17:39:52
a6d26f,LXJ539,United States,48.0865,-114.937,3886.2,189.8,63.43,False,2026-03-11 17:39:52
a24a99,N247GC,United States,26.7461,-81.4639,312.42,70.57,134.41,False,2026-03-11 17:39:52
aabc3a,N791FA,United States,32.8194,-117.1527,160.02,40.04,290.3,False,2026-03-11 17:39:52
a22900,N2383G,United States,41.9701,-71.1171,457.2,36.77,287.93,False,2026-03-11 17:39:52
a441ab,UAL1146,United States,29.5521,-82.0184,6667.5,227.93,162.26,False,2026-03-11 17:39:52
ad495b,AAL2511,United States,30.9532,-97.601,10355.58,200.61,201.83,False,2026-03-11 17:39:52
a8c2db,N6638N,United States,29.6899,-81.671,2499.36,81.49,322.7,False,2026-03-11 17:39:52
a2a140,N269JM,United States,30.8571,-98.9537,2133.6,86.67,113.06,False,2026-03-11 17:39:52
a79b93,N59FH,United States,32.8754,-85.0965,4389.12,169.13,354.06,False,2026-03-11 17:39:52
acfc00,AAL2829,United States,40.6489,-73.7669,,4.12,42.19,True,2026-03-11 17:39:52
abef54,SWA2407,United States,41.6779,-87.6005,960.12,82.21,315.51,False,2026-03-11 17:39:52
aa3804,N758CS,United States,27.3375,-97.8396,213.36,63.21,56.96,False,2026-03-11 17:39:52
a4077d,DAL317,United States,33.6202,-84.2163,861.06,87.46,270.34,False,2026-03-11 17:39:52
a80b9c,N61733,United States,25.6516,-80.4392,,4.63,267.19,True,2026-03-11 17:39:52
adcca5,DAL1743,United States,33.6336,-84.4446,,16.98,281.25,True,2026-03-11 17:39:52
a24a65,,United States,33.5338,-112.2921,,5.66,28.12,True,2026-03-11 17:39:52
a12a80,UAL230,United States,31.9024,-86.7584,9753.6,211.77,229.93,False,2026-03-11 17:39:52
a9a879,NKS1693,United States,37.9523,-109.4803,10066.02,260.43,68.81,False,2026-03-11 17:39:52
a00a8a,N101XT,United States,31.2596,-92.4956,12390.12,187.74,244.0,False,2026-03-11 17:39:52
a12a81,UAL1896,United States,36.3929,-121.0062,8839.2,248.03,130.79,False,2026-03-11 17:39:52
c1e5da,RED 9,Canada,49.1994,-123.1927,,1.29,345.94,True,2026-03-11 17:39:52
a6cb9e,N537ND,United States,40.1946,-104.9006,1722.12,50.0,86.46,False,2026-03-11 17:39:52
a5b29e,N46622,United States,30.1624,-98.838,914.4,42.07,258.0,False,2026-03-11 17:39:52
a8d5db,EDV4920,United States,26.3325,-79.0744,9928.86,207.5,111.22,False,2026-03-11 17:39:52
ad96e2,N975GV,United States,28.704,-81.6005,220.98,53.66,327.53,False,2026-03-11 17:39:52
ae06d9,EASY61,United States,30.0595,-89.9102,1485.9,96.26,131.1,False,2026-03-11 17:39:52
ac0f6c,SWA4555,United States,38.1012,-111.8113,10972.8,192.8,273.67,False,2026-03-11 17:39:52
a1e1d8,RPA5606,United States,42.9127,-72.5081,8488.68,191.63,277.87,False,2026-03-11 17:39:52
c1e5e0,SER481,Canada,45.4569,-73.7456,,5.66,236.25,True,2026-03-11 17:39:52
ab8024,N840D,United States,31.2538,-98.2307,3657.6,94.33,312.13,False,2026-03-11 17:39:52
a44ddc,AMX703,United States,28.7902,-110.9997,3825.24,181.27,140.53,False,2026-03-11 17:39:52
a2a10b,N269GJ,United States,37.707,-81.8008,11277.6,222.93,182.25,False,2026-03-11 17:39:52
a9eeef,N73904,United States,37.69,-121.6738,701.04,49.77,277.13,False,2026-03-11 17:39:52
ac0f93,SWA4126,United States,36.6476,-79.2226,4625.34,199.48,137.09,False,2026-03-11 17:39:52
a6d27b,GJS4178,United States,40.3334,-77.1479,7178.04,186.0,266.83,False,2026-03-11 17:39:52
a92b66,RTY690,United States,40.4412,-105.0056,,0.0,253.12,True,2026-03-11 17:39:52
a6cb9b,EJM537,United States,32.0141,-107.2502,13716.0,264.29,103.28,False,2026-03-11 17:39:52
a3711a,JBU2033,United States,42.3664,-71.0139,,0.0,244.69,True,2026-03-11 17:39:52
a9dbc7,N734VE,United States,41.7752,-111.8708,1501.14,42.38,185.57,False,2026-03-11 17:39:52
a32dfa,N3038U,United States,40.3353,-74.34,106.68,33.47,225.0,False,2026-03-11 17:39:52
ad83a8,N970AC,United States,26.1263,-81.7753,243.84,50.93,23.2,False,2026-03-11 17:39:52
ad2328,N94577,United States,40.6499,-75.4418,,7.46,306.56,True,2026-03-11 17:39:52
acfc0b,OZN936,United States,25.6528,-80.4371,-91.44,22.66,87.4,False,2026-03-11 17:39:52
a93257,SKW3990,United States,43.8511,-86.9475,8534.4,208.0,295.8,False,2026-03-11 17:39:52
c1e5f1,WLD65,Canada,49.1948,-123.2068,,0.06,151.88,True,2026-03-11 17:39:52
a93e8f,N695PA,United States,32.4187,-87.7131,9448.8,203.17,84.33,False,2026-03-11 17:39:52
a12a7d,UAL2156,United States,38.9463,-77.4501,,1.03,168.75,True,2026-03-11 17:39:52
a12a7f,UAL564,United States,33.8212,-115.6119,10668.0,251.56,107.25,False,2026-03-11 17:39:52
a7b76f,ASI150,United States,33.6871,-112.0932,358.14,37.73,84.52,False,2026-03-11 17:39:52
a9942e,AAL2340,United States,31.9926,-78.1203,9753.6,245.36,195.32,False,2026-03-11 17:39:52
a46909,N38316,United States,41.3466,-72.55,1219.2,31.38,169.61,False,2026-03-11 17:39:52
a2519f,MXY318,United States,34.3002,-80.0999,7551.42,222.02,26.27,False,2026-03-11 17:39:52
aa1d9c,VJA759,United States,34.2699,-78.1364,13716.0,263.71,161.81,False,2026-03-11 17:39:52
ab313c,DAL562,United States,41.7963,-103.6999,10668.0,289.51,132.34,False,2026-03-11 17:39:52
a8bd56,TRF562,United States,33.6899,-96.6757,358.14,40.85,53.71,False,2026-03-11 17:39:52
a441fb,DAL1715,United States,37.4967,-122.1728,1059.18,111.02,323.29,False,2026-03-11 17:39:52
a4e14b,N413WT,United States,33.6007,-117.6013,838.2,73.84,320.65,False,2026-03-11 17:39:52
ac4a44,AAL1766,United States,37.3689,-82.553,10668.0,258.28,74.16,False,2026-03-11 17:39:52
a6cacb,DAL504,United States,31.0057,-103.8284,8549.64,227.65,291.75,False,2026-03-11 17:39:52
a561fb,N446MA,United States,42.1366,-70.6842,731.52,62.16,280.01,False,2026-03-11 17:39:52
a97a32,MXTST,United States,33.4836,-110.9753,12496.8,244.46,75.0,False,2026-03-11 17:39:52
a73a47,JBU53,United States,37.2494,-75.9619,10363.2,226.8,204.24,False,2026-03-11 17:39:52
c062aa,CGLJL,Canada,51.1013,-114.3693,,4.37,180.0,True,2026-03-11 17:39:52
c00e6c,FLE2800,Canada,36.8872,-112.8705,11887.2,250.13,154.54,False,2026-03-11 17:39:52
c05bd2,ACA103,Canada,49.2782,-123.4187,838.2,105.49,218.27,False,2026-03-11 17:39:52
abe1c2,DAL2651,United States,45.0282,-97.0133,10363.2,211.0,271.54,False,2026-03-11 17:39:52
aa113d,N748LA,United States,40.3504,-79.9428,609.6,39.07,189.09,False,2026-03-11 17:39:52
a88774,JBU1715,United States,28.6311,-79.8327,6431.28,201.08,206.76,False,2026-03-11 17:39:52
a1094c,EDV5472,United States,34.4251,-82.9547,8877.3,257.54,53.61,False,2026-03-11 17:39:52
a20f1a,UCA4258,United States,29.8754,-94.8175,1935.48,140.24,307.25,False,2026-03-11 17:39:52
a441ef,UAL716,United States,45.1458,-91.8917,10363.2,193.95,270.3,False,2026-03-11 17:39:52
a48a83,DAL1421,United States,34.3789,-119.0043,4831.08,201.0,144.48,False,2026-03-11 17:39:52
a09977,N138FS,United States,25.939,-79.7189,632.46,86.36,278.56,False,2026-03-11 17:39:52
a2a186,NIT269,United States,32.4898,-83.008,487.68,54.55,15.87,False,2026-03-11 17:39:52
a07311,SKW4703,United States,39.6258,-102.4349,7901.94,253.77,98.39,False,2026-03-11 17:39:52
ade72b,N995WA,United States,37.3471,-77.2877,327.66,77.24,103.48,False,2026-03-11 17:39:52
aac1e5,N79201,United States,34.1438,-118.1283,1005.84,44.2,230.19,False,2026-03-11 17:39:52
a92ad6,N690BG,United States,39.0956,-92.6637,7315.2,108.88,241.5,False,2026-03-11 17:39:52
a49d9b,N397JJ,United States,28.2248,-82.1254,13106.4,225.94,323.05,False,2026-03-11 17:39:52
a07f60,EDV4939,United States,40.7596,-74.0142,1226.82,156.88,15.4,False,2026-03-11 17:39:52
a3c198,LXJ341,United States,25.5509,-78.7202,5791.2,196.03,117.17,False,2026-03-11 17:39:52
a8d76b,UAL31,United States,45.7606,-71.1957,10972.8,209.5,214.9,False,2026-03-11 17:39:52
adba1f,N984BF,United States,42.9226,-113.164,13106.4,182.88,344.17,False,2026-03-11 17:39:52
a98d32,N714ZK,United States,36.2367,-83.2939,2278.38,100.5,59.89,False,2026-03-11 17:39:52
a4e181,RPA4381,United States,41.9013,-89.1786,8061.96,173.05,267.27,False,2026-03-11 17:39:52
a61a93,N4925F,United States,26.5972,-80.2588,800.1,46.84,91.89,False,2026-03-11 17:39:52
a944b9,PDT6048,United States,39.922,-74.896,1051.56,107.95,349.01,False,2026-03-11 17:39:52
acb468,PDT5986,United States,40.0296,-73.4268,6096.0,183.54,215.07,False,2026-03-11 17:39:52
a79afa,N5899R,United States,32.4382,-96.7723,1104.9,50.48,2.92,False,2026-03-11 17:39:52
adba21,N984BH,United States,41.3396,-107.2367,13106.4,198.96,318.35,False,2026-03-11 17:39:52
acad6d,SKW5884,United States,39.9696,-104.4266,4023.36,148.88,218.97,False,2026-03-11 17:39:52
a09947,DAL2101,United States,33.7162,-118.6547,4023.36,184.41,173.27,False,2026-03-11 17:39:52
ad21af,RAX1073,United States,42.6378,-83.1602,1021.08,106.85,355.31,False,2026-03-11 17:39:52
ab3171,CXK520,United States,36.0039,-78.3306,495.3,46.93,102.67,False,2026-03-11 17:39:52
a87468,N644DF,United States,27.0616,-80.6353,693.42,46.79,165.35,False,2026-03-11 17:39:52
add436,N990SC,United States,32.6453,-97.0021,762.0,51.14,174.81,False,2026-03-11 17:39:52
adba0a,ASA186,United States,45.6485,-122.7591,609.6,79.86,118.05,False,2026-03-11 17:39:52
a957f9,N70075,United States,40.7351,-112.4882,1981.2,53.94,57.07,False,2026-03-11 17:39:52
a74d8d,NOAA57,United States,40.978,-70.1735,365.76,44.35,273.99,False,2026-03-11 17:39:52
a19f14,N203VS,United States,35.1076,-117.6492,3200.4,152.17,141.04,False,2026-03-11 17:39:52
a01ca5,SKW5236,United States,36.4856,-84.7781,10972.8,235.14,1.0,False,2026-03-11 17:39:52
a43adf,N3717R,United States,38.7124,-121.7827,495.3,54.59,182.7,False,2026-03-11 17:39:52
aa244a,N7523T,United States,28.333,-81.5141,45.72,43.81,80.54,False,2026-03-11 17:39:52
ad21bc,SWA2651,United States,31.631,-93.6064,10972.8,207.05,292.81,False,2026-03-11 17:39:52
acb46d,ASA395,United States,45.5245,-118.0019,10972.8,155.62,285.14,False,2026-03-11 17:39:52
c088db,ASB485,Canada,52.0887,-114.26,2560.32,100.94,267.37,False,2026-03-11 17:39:52
a73a10,LXJ565,United States,30.1729,-83.8192,13098.78,216.32,317.7,False,2026-03-11 17:39:52
aa376d,N7577X,United States,36.0894,-77.8157,1676.4,59.8,8.41,False,2026-03-11 17:39:52
a1e302,SWA3424,United States,39.8028,-104.2761,3467.1,178.98,98.6,False,2026-03-11 17:39:52
a06010,AAL1584,United States,35.7013,-113.7962,6073.14,189.88,281.25,False,2026-03-11 17:39:52
aa2452,PFA335,United States,27.9034,-80.4201,731.52,55.19,343.76,False,2026-03-11 17:39:52
a07341,AAL2676,United States,38.0049,-75.4851,7620.0,231.46,34.68,False,2026-03-11 17:39:52
ae54ed,BOMR850,United States,27.6447,-97.3266,137.16,67.09,52.16,False,2026-03-11 17:39:52
aa7df3,SWA1799,United States,43.0925,-77.7015,845.82,91.07,212.07,False,2026-03-11 17:39:52
a25cc7,N251SB,United States,31.7591,-84.6341,2377.44,93.43,337.67,False,2026-03-11 17:39:52
aa0a1a,ASI586,United States,32.9727,-112.2769,1889.76,38.06,9.33,False,2026-03-11 17:39:52
a8bd16,EJA662,United States,32.027,-90.4368,12192.0,196.48,296.1,False,2026-03-11 17:39:52
c01533,ASP511,Canada,49.723,-122.3049,7429.5,200.08,45.63,False,2026-03-11 17:39:52
a1ef57,PFA315,United States,27.7305,-82.3927,373.38,45.34,86.75,False,2026-03-11 17:39:52
a74107,N567BC,United States,38.1592,-121.2233,1577.34,88.69,352.67,False,2026-03-11 17:39:52
a61a2c,N4922H,United States,32.6825,-83.6261,137.16,46.13,277.05,False,2026-03-11 17:39:52
a6ddb9,VJA541,United States,35.5377,-120.038,13632.18,234.37,140.79,False,2026-03-11 17:39:52
a3cd7d,AAL3154,United States,28.625,-94.9371,10363.2,197.67,242.23,False,2026-03-11 17:39:52
adba2f,N984BX,United States,27.0769,-81.4881,12496.8,235.24,339.39,False,2026-03-11 17:39:52
acad84,N916FT,United States,35.435,-119.0506,,0.06,2.81,False,2026-03-11 17:39:52
a81db1,CNS2000,United States,27.1097,-82.3759,2240.28,104.71,172.94,False,2026-03-11 17:39:52
ae54dc,BOMR776,United States,27.8653,-97.2275,2621.28,109.33,212.12,False,2026-03-11 17:39:52
ae54dd,BB203,United States,30.7782,-87.0989,457.2,137.86,80.12,False,2026-03-11 17:39:52
c0150d,ACA1012,Canada,29.327,-81.9602,9974.58,249.08,170.13,False,2026-03-11 17:39:52
ad846f,JBU883,United States,37.634,-75.7829,10355.58,225.42,210.9,False,2026-03-11 17:39:52
a143c6,SWA3735,United States,34.3056,-116.4762,12199.62,210.74,284.27,False,2026-03-11 17:39:52
a55ada,KPO444,United States,26.5919,-78.251,7909.56,228.32,142.69,False,2026-03-11 17:39:52
a681a4,BSM36,United States,33.8086,-96.4937,1318.26,55.3,44.25,False,2026-03-11 17:39:52
a837c0,VAR629,United States,36.8338,-113.3743,2926.08,69.06,273.42,False,2026-03-11 17:39:52
c05bc6,ROU1709,Canada,42.4582,-107.4609,11597.64,204.86,233.48,False,2026-03-11 17:39:52
c05bc8,ROU1895,Canada,36.375,-84.802,9151.62,220.23,218.07,False,2026-03-11 17:39:52
a6e4bb,N543TA,United States,37.0933,-80.4151,6614.16,176.46,180.17,False,2026-03-11 17:39:52
a7fdbe,N614BL,United States,35.6716,-78.1502,853.44,48.97,189.07,False,2026-03-11 17:39:52
c0153b,WJA2050,Canada,46.6066,-116.8884,10058.4,278.66,127.8,False,2026-03-11 17:39:52
a25ca4,EJA251,United States,39.062,-98.3585,12504.42,268.03,103.32,False,2026-03-11 17:39:52
c062b0,CGLJR,Canada,49.0555,-122.352,274.32,26.69,207.55,False,2026-03-11 17:39:52
aa84b2,N777TA,United States,28.9374,-82.7964,8534.4,153.75,324.4,False,2026-03-11 17:39:52
a1b9e9,N210EC,United States,36.7814,-84.6348,7010.4,142.76,69.54,False,2026-03-11 17:39:52
aae924,N80187,United States,31.9478,-111.2704,1859.28,46.03,28.0,False,2026-03-11 17:39:52
a276a5,EJA258,United States,37.129,-95.3958,12489.18,256.99,110.14,False,2026-03-11 17:39:52
aa7dad,AAL587Q,United States,40.2841,-75.6532,4998.72,164.78,311.2,False,2026-03-11 17:39:52
a7fdab,ASA83,United States,49.1254,-124.867,11582.4,200.32,323.25,False,2026-03-11 17:39:52
c00e55,FLE9400,Canada,36.4268,-80.5974,12496.8,225.57,184.71,False,2026-03-11 17:39:52
a3c15d,DAL2238,United States,43.9749,-95.5355,8983.98,198.73,253.3,False,2026-03-11 17:39:52
a08663,AAL1055,United States,32.348,-98.4867,6560.82,180.78,87.23,False,2026-03-11 17:39:52
ab4fab,N828ME,United States,25.1899,-81.1505,1752.6,84.6,346.64,False,2026-03-11 17:39:52
ab4fae,DAL187,United States,33.6334,-84.1516,1508.76,81.68,247.8,False,2026-03-11 17:39:52
a26fc9,SWA3669,United States,35.1312,-120.4089,12496.8,244.0,125.73,False,2026-03-11 17:39:52
a681c6,MMY93,United States,39.6862,-122.2406,1546.86,53.24,174.45,False,2026-03-11 17:39:52
a81dbc,ASA82,United States,48.606,-123.3711,6987.54,225.6,148.52,False,2026-03-11 17:39:52
a38fa4,JBU1593,United States,25.5276,-78.5325,4404.36,196.45,125.73,False,2026-03-11 17:39:52
a86d36,FFT2506,United States,30.7647,-81.4096,10058.4,218.86,357.44,False,2026-03-11 17:39:52
a0c362,N1484X,United States,35.4907,-80.4865,883.92,62.15,53.41,False,2026-03-11 17:39:52
c05099,WEN3515,Canada,50.9877,-108.3108,7315.2,149.61,283.32,False,2026-03-11 17:39:52
a37ce0,N32375,United States,32.9111,-112.1539,1584.96,44.25,305.54,False,2026-03-11 17:39:52
aa7f46,UAL1827,United States,39.8766,-97.6695,10058.4,270.67,73.32,False,2026-03-11 17:39:52
aa49f3,N762LC,United States,30.4588,-84.3926,990.6,25.0,233.37,False,2026-03-11 17:39:52
c05095,WEN3565,Canada,51.3696,-113.2554,4335.78,153.3,249.98,False,2026-03-11 17:39:52
aae7a0,N801WZ,United States,33.0379,-80.9957,13106.4,210.35,203.49,False,2026-03-11 17:39:52
ac27a6,SWA4289,United States,40.9534,-76.3754,6423.66,226.8,107.7,False,2026-03-11 17:39:52
a32f82,EDV4987,United States,39.1727,-84.4135,1562.1,132.7,326.86,False,2026-03-11 17:39:52
a263dc,ENY4131,United States,29.8236,-97.6047,10972.8,206.81,179.86,False,2026-03-11 17:39:52
a3dfed,NDU349,United States,32.6227,-111.3671,1379.22,65.08,140.77,False,2026-03-11 17:39:52
a3d3b3,ENY3695,United States,40.0128,-93.0791,7315.2,184.22,212.8,False,2026-03-11 17:39:52
a1d00e,EJM122,United States,35.8157,-114.8386,2057.4,142.08,267.92,False,2026-03-11 17:39:52
a3ccbd,LXJ344,United States,28.8012,-111.0808,13106.4,212.2,4.87,False,2026-03-11 17:39:52
ab3d17,RPA5621,United States,36.3293,-86.5594,914.4,75.91,235.77,False,2026-03-11 17:39:52
a383be,N32531,United States,36.0493,-80.7948,1348.74,40.38,214.09,False,2026-03-11 17:39:52
a779c1,N581BJ,United States,28.3699,-81.955,419.1,40.04,69.7,False,2026-03-11 17:39:52
ab4406,N825GB,United States,29.0754,-81.021,2674.62,87.21,340.71,False,2026-03-11 17:39:52
ab5730,N83NC,United States,26.748,-79.9705,2156.46,126.98,6.98,False,2026-03-11 17:39:52
a5ac14,ASA2608,United States,40.5476,-87.0671,9281.16,204.66,143.79,False,2026-03-11 17:39:52
a9a901,DAL639,United States,38.5161,-107.3791,11277.6,258.94,60.48,False,2026-03-11 17:39:52
aae7b3,VXP203,United States,28.7227,-82.1179,4122.42,202.71,179.27,False,2026-03-11 17:39:52
aa7f2a,UAL343,United States,41.4479,-106.2806,10972.8,191.37,247.23,False,2026-03-11 17:39:52
0d08e7,XARWS,Mexico,30.183,-98.1192,3368.04,177.42,62.17,False,2026-03-11 17:39:52
a646bc,SKW281V,United States,36.0242,-115.2372,10668.0,236.17,48.53,False,2026-03-11 17:39:52
a3dffe,DAL2671,United States,39.1103,-108.2753,10668.0,273.23,134.01,False,2026-03-11 17:39:52
a4b971,N403TB,United States,38.0886,-113.4831,13716.0,198.87,282.09,False,2026-03-11 17:39:52
aa36a2,N75714,United States,38.8725,-121.3313,220.98,42.63,98.33,False,2026-03-11 17:39:52
a44308,DAL990,United States,39.9304,-76.1371,10126.98,218.59,236.42,False,2026-03-11 17:39:52
aa7f28,UAL1674,United States,36.8874,-83.1168,10668.0,249.69,152.12,False,2026-03-11 17:39:52
aa7f27,UAL583,United States,34.3506,-117.7252,10058.4,253.97,106.23,False,2026-03-11 17:39:52
a20338,OXF8988,United States,32.8548,-113.3743,2354.58,71.12,255.76,False,2026-03-11 17:39:52
a83953,SKW4669,United States,42.5271,-91.365,10058.4,255.68,90.0,False,2026-03-11 17:39:52
a1933c,ENY3947,United States,34.6415,-86.6222,11277.6,211.86,176.38,False,2026-03-11 17:39:52
a1099f,SKW5642,United States,40.8799,-111.9893,2034.54,118.56,353.52,False,2026-03-11 17:39:52
a2fc1b,N2914F,United States,34.1153,-117.6764,426.72,37.75,250.08,False,2026-03-11 17:39:52
ab3d30,NDU823,United States,33.3217,-111.666,373.38,35.29,135.59,False,2026-03-11 17:39:52
c00e24,ACA964,Canada,33.3318,-77.5996,10363.2,241.0,182.57,False,2026-03-11 17:39:52
a4fff6,N421GK,United States,29.7557,-82.4076,4297.68,84.37,22.97,False,2026-03-11 17:39:52
a779eb,DAL494,United States,39.3263,-102.0971,10066.02,273.72,78.84,False,2026-03-11 17:39:52
a81f1f,QXE2324,United States,43.4001,-116.4221,3886.2,150.53,239.84,False,2026-03-11 17:39:52
a3d3d8,N346CP,United States,33.2441,-117.4703,822.96,46.95,302.47,False,2026-03-11 17:39:52
ab3d39,AAL3113,United States,37.3651,-78.7674,11582.4,208.35,216.87,False,2026-03-11 17:39:52
a25cdc,SKW3876,United States,36.0326,-103.3672,10058.4,255.42,152.4,False,2026-03-11 17:39:52
c00e17,ACA1257,Canada,30.3748,-78.5271,10058.4,225.39,7.87,False,2026-03-11 17:39:52
a1801c,SKW3368,United States,38.6782,-121.5806,-68.58,63.28,0.47,False,2026-03-11 17:39:52
a20347,RPA5598,United States,40.8173,-75.6153,7162.8,192.48,252.58,False,2026-03-11 17:39:52
a31c25,N3RP,United States,38.9461,-77.4696,,0.0,0.0,True,2026-03-11 17:39:52
ab3d40,AAY981,United States,43.58,-96.7332,,0.06,50.62,True,2026-03-11 17:39:52
a75fbf,UAL2135,United States,30.6921,-102.6219,10058.4,258.23,128.29,False,2026-03-11 17:39:52
a1801e,N196T,United States,35.9425,-115.1358,838.2,44.24,0.0,False,2026-03-11 17:39:52
a81f1a,EJA622,United States,43.1259,-91.7216,12496.8,263.43,89.1,False,2026-03-11 17:39:52
a276dd,SKW107K,United States,30.2714,-97.6624,1005.84,107.76,349.55,False,2026-03-11 17:39:52
c0509f,WEN3532,Canada,50.622,-105.1699,7627.62,171.69,99.66,False,2026-03-11 17:39:52
a6f93b,N5489D,United States,35.5914,-97.7058,381.0,29.88,357.04,False,2026-03-11 17:39:52
acc707,EJA922,United States,37.3268,-85.9174,12192.0,190.27,206.5,False,2026-03-11 17:39:52
a43c03,N372JB,United States,26.6469,-98.6691,2133.6,153.29,141.13,False,2026-03-11 17:39:52
aa7f08,UAL1276,United States,33.3441,-117.8583,6659.88,211.39,138.55,False,2026-03-11 17:39:52
aa7f06,UAL2395,United States,38.0538,-113.4662,10668.0,266.21,105.35,False,2026-03-11 17:39:52
aa7f05,UAL454,United States,33.2054,-96.5882,4724.4,163.72,228.95,False,2026-03-11 17:39:52
c05056,ACA1331,Canada,27.7446,-79.9683,11582.4,243.96,196.79,False,2026-03-11 17:39:52
ac5d38,SKW4900,United States,34.0407,-108.7561,11269.98,251.05,77.82,False,2026-03-11 17:39:52
ab07ea,N81KF,United States,40.7309,-98.3034,9448.8,191.01,115.18,False,2026-03-11 17:39:52
aa7f02,UAL366,United States,36.0842,-103.096,9753.6,206.01,300.79,False,2026-03-11 17:39:52
c05054,ACA2156,Canada,32.2353,-81.8737,10972.8,224.53,200.8,False,2026-03-11 17:39:52
a20395,N229MT,United States,33.4255,-112.138,365.76,54.57,182.16,False,2026-03-11 17:39:52
aa7f09,UAL515,United States,38.6562,-77.8514,10363.2,222.45,222.66,False,2026-03-11 17:39:52
ab575b,N83PW,United States,27.5764,-80.0649,2057.4,120.61,189.82,False,2026-03-11 17:39:52
c0637c,WJA2700,Canada,43.6847,-79.6448,,11.83,225.0,True,2026-03-11 17:39:52
ac27f0,SWA3634,United States,36.1958,-114.6871,5585.46,198.06,90.15,False,2026-03-11 17:39:52
acad02,AAL2800,United States,41.973,-87.8965,,4.89,59.06,True,2026-03-11 17:39:52
a1807e,SKYVAN6,United States,33.6673,-117.3154,1493.52,54.57,135.0,False,2026-03-11 17:39:52
c05044,ACA741,Canada,43.9376,-84.2281,9753.6,194.12,267.57,False,2026-03-11 17:39:52
abedc8,AAL2993,United States,29.9496,-77.9726,10972.8,252.42,174.03,False,2026-03-11 17:39:52
a8b14f,N65956,United States,32.9885,-96.8331,441.96,48.24,68.09,False,2026-03-11 17:39:52
a0609a,N123UA,United States,28.0373,-81.9487,1927.86,49.2,186.6,False,2026-03-11 17:39:52
a3e6b0,N350VH,United States,36.486,-114.6168,1089.66,43.68,237.99,False,2026-03-11 17:39:52
ad971a,N975KA,United States,43.602,-96.7445,731.52,80.4,7.35,False,2026-03-11 17:39:52
c0636a,PTR2683,Canada,43.9343,-79.4591,2819.4,132.43,307.58,False,2026-03-11 17:39:52
a9d138,N73105,United States,29.4878,-98.5566,1371.6,38.57,313.92,False,2026-03-11 17:39:52
c1e64f,WLD63,Canada,49.2026,-123.1573,,6.43,278.44,True,2026-03-11 17:39:52
a49cdf,N397AW,United States,46.7871,-98.7515,2362.2,80.77,270.36,False,2026-03-11 17:39:52
a1804c,AAL3051,United States,38.223,-75.3429,7193.28,228.55,24.89,False,2026-03-11 17:39:52
a944f5,EJM697,United States,36.4538,-102.7836,11833.86,208.99,255.9,False,2026-03-11 17:39:52
ad34b4,AAL1501,United States,36.0831,-98.2592,7924.8,219.42,226.42,False,2026-03-11 17:39:52
ad47e4,N955GV,United States,33.6123,-118.2719,800.1,63.78,70.69,False,2026-03-11 17:39:52
a20376,CXK200,United States,41.3188,-74.5766,1813.56,30.98,215.54,False,2026-03-11 17:39:52
a32367,DAL2140,United States,32.121,-87.5986,10668.0,267.18,59.83,False,2026-03-11 17:39:52
a92ae9,EDV4949,United States,42.1743,-83.4081,1089.66,96.25,231.29,False,2026-03-11 17:39:52
a9f760,N741MM,United States,40.9188,-107.2928,13106.4,175.05,281.87,False,2026-03-11 17:39:52
ab3133,DAL1095,United States,35.9642,-114.4539,10972.8,217.54,228.36,False,2026-03-11 17:39:52
a32f9d,EJA304,United States,34.3895,-111.3391,8610.6,196.42,28.98,False,2026-03-11 17:39:52
aa0a93,N746TX,United States,40.705,-78.2592,11788.14,185.72,300.83,False,2026-03-11 17:39:52
a396fd,DAL739,United States,34.8275,-103.1688,9464.04,248.13,140.47,False,2026-03-11 17:39:52
c05067,ACA999,Canada,31.2624,-90.3657,11582.4,195.21,245.39,False,2026-03-11 17:39:52
a3ccb7,FFT2532,United States,32.4777,-97.5078,2628.9,153.61,70.23,False,2026-03-11 17:39:52
a06089,N123TJ,United States,29.0174,-81.6027,1150.62,67.63,274.8,False,2026-03-11 17:39:52
a0b063,N1431U,United States,33.1885,-84.9162,670.56,47.02,233.0,False,2026-03-11 17:39:52
c1e676,STF88,Canada,49.2003,-123.1936,,0.06,306.56,True,2026-03-11 17:39:52
c1e669,RED4,Canada,49.1989,-123.1934,,0.06,196.88,True,2026-03-11 17:39:52
a50cb7,RPA4552,United States,41.4805,-74.1516,6096.0,193.17,158.77,False,2026-03-11 17:39:52
a44f77,EJM377,United States,37.4839,-80.1065,12192.0,199.77,237.09,False,2026-03-11 17:39:52
a03816,RPA4676,United States,37.3818,-82.5801,9448.8,260.16,70.6,False,2026-03-11 17:39:52
a9f771,NDU741,United States,32.8044,-111.6721,647.7,49.29,161.75,False,2026-03-11 17:39:52
ac5d61,UAL764,United States,51.3159,-110.9554,6934.2,155.95,276.82,False,2026-03-11 17:39:52
ae07fe,RCH577,United States,42.8773,-107.3415,10363.2,175.44,255.39,False,2026-03-11 17:39:52
a25e18,CXK192,United States,33.4104,-97.3084,1165.86,39.31,186.01,False,2026-03-11 17:39:52
ae07fa,RHINO19,United States,36.5784,-81.035,8229.6,231.17,341.85,False,2026-03-11 17:39:52
ae5774,WING53,United States,31.3118,-88.5826,5791.2,141.99,90.0,False,2026-03-11 17:39:52
adcdcc,AAL2509,United States,36.3241,-88.1731,8770.62,184.89,261.04,False,2026-03-11 17:39:52
a67040,N51390,United States,33.1185,-84.3229,1623.06,48.31,333.43,False,2026-03-11 17:39:52
a81f93,N622VN,United States,32.6804,-83.6256,137.16,42.75,309.63,False,2026-03-11 17:39:52
3a5400,,France,33.9457,-118.4256,,6.17,253.12,True,2026-03-11 17:39:52
ad84cd,N970MW,United States,27.6034,-80.5711,2209.8,84.21,153.9,False,2026-03-11 17:39:52
aa6d9a,ENY3619,United States,33.5401,-86.7973,716.28,92.76,235.16,False,2026-03-11 17:39:52
a1a810,N2058K,United States,29.8806,-83.3259,3284.22,101.37,125.71,False,2026-03-11 17:39:52
a6837d,GJS4429,United States,41.9848,-87.8904,,9.77,180.0,True,2026-03-11 17:39:52
a9a97f,RPA3666,United States,38.3163,-79.5231,10058.4,244.46,68.13,False,2026-03-11 17:39:52
a7ff72,SKW5317,United States,39.7646,-104.6423,1950.72,83.35,358.94,False,2026-03-11 17:39:52
a1d07f,N216HD,United States,38.4456,-75.9507,502.92,55.68,106.09,False,2026-03-11 17:39:52
c0523f,ROU1658,Canada,42.3376,-79.7215,8907.78,218.87,184.72,False,2026-03-11 17:39:52
a8bcdd,NKS981,United States,37.5293,-76.0269,10972.8,237.35,200.56,False,2026-03-11 17:39:52
ade7e4,N9952R,United States,30.6246,-85.941,1920.24,70.55,309.38,False,2026-03-11 17:39:52
acadf5,N916LF,United States,28.3145,-81.4544,129.54,51.62,150.11,False,2026-03-11 17:39:52
ab8173,SKW3931,United States,41.7557,-83.7503,5875.02,170.28,207.73,False,2026-03-11 17:39:52
c002e4,CRN444,Canada,54.6185,-122.2878,5295.9,140.42,204.69,False,2026-03-11 17:39:52
acfd62,EJA936,United States,40.5399,-88.221,11170.92,166.77,164.25,False,2026-03-11 17:39:52
abe475,SWA1713,United States,33.2985,-112.6309,4785.36,164.53,83.9,False,2026-03-11 17:39:52
71c226,KAL278,Republic of Korea,30.7389,-110.2076,10972.8,230.09,336.13,False,2026-03-11 17:39:52
aab169,SWA3098,United States,28.2627,-86.5278,10447.02,244.19,108.17,False,2026-03-11 17:39:52
a0ceb4,N151JF,United States,40.0039,-111.9535,2606.04,32.91,335.04,False,2026-03-11 17:39:52
ac047d,ASH6218,United States,28.7496,-95.7519,8747.76,182.54,208.44,False,2026-03-11 17:39:52
abca71,ACES1,United States,33.5486,-112.3659,274.32,65.54,222.46,False,2026-03-11 17:39:52
a8d6bd,PDT6073,United States,39.9801,-75.282,594.36,78.72,158.13,False,2026-03-11 17:39:52
a6e69b,N54381,United States,26.3132,-81.916,693.42,60.04,282.37,False,2026-03-11 17:39:52
a6705c,ASA781,United States,30.6137,-103.0581,11277.6,215.73,294.36,False,2026-03-11 17:39:52
ad0a68,N9397C,United States,28.0484,-81.5487,1493.52,55.24,85.19,False,2026-03-11 17:39:52
c05271,ASP595,Canada,27.1301,-79.1961,9311.64,156.8,12.12,False,2026-03-11 17:39:52
a02510,N1082F,United States,29.9438,-97.9894,1043.94,61.14,104.62,False,2026-03-11 17:39:52
a620f5,SWA4073,United States,33.43,-112.0136,,10.8,90.0,True,2026-03-11 17:39:52
ac9a70,N911AP,United States,38.9003,-76.6336,350.52,37.98,24.83,False,2026-03-11 17:39:52
ae578f,G20671,United States,44.8443,-93.0111,624.84,53.35,353.35,False,2026-03-11 17:39:52
a31076,N297LA,United States,28.5733,-81.2589,274.32,48.64,246.96,False,2026-03-11 17:39:52
ac048d,SWA1085,United States,30.1544,-91.1531,4198.62,173.65,102.14,False,2026-03-11 17:39:52
ad1142,DAL2261,United States,43.1273,-98.9495,9753.6,196.03,251.33,False,2026-03-11 17:39:52
a14502,EDV5511,United States,33.6437,-84.4306,,0.0,0.0,True,2026-03-11 17:39:52
a8e9fd,UAL417,United States,33.7914,-121.2373,10668.0,219.38,255.05,False,2026-03-11 17:39:52
acf131,DAL2724,United States,37.8506,-86.9348,9250.68,242.73,347.14,False,2026-03-11 17:39:52
a01e36,N1066P,United States,32.1501,-85.0221,2689.86,83.26,140.01,False,2026-03-11 17:39:52
a588a9,N456CS,United States,38.0095,-121.5788,3375.66,64.56,40.8,False,2026-03-11 17:39:52
a0e8b3,N158JD,United States,27.1978,-80.279,259.08,50.77,109.54,False,2026-03-11 17:39:52
ae5785,SHINR28,United States,31.0017,-97.9594,609.6,65.9,2.24,False,2026-03-11 17:39:52
a01e2a,N1066B,United States,33.1475,-117.2783,670.56,56.02,44.26,False,2026-03-11 17:39:52
a993ad,JIA5442,United States,39.117,-77.2385,1249.68,123.79,59.81,False,2026-03-11 17:39:52
a80c75,N618,United States,34.2019,-111.9478,7315.2,99.21,354.64,False,2026-03-11 17:39:52
a32396,FFT9501,United States,29.6435,-98.7202,2446.02,148.82,156.36,False,2026-03-11 17:39:52
ab09b4,DAL895,United States,36.4061,-90.2008,9144.0,203.25,268.84,False,2026-03-11 17:39:52
ad84fc,N970PT,United States,32.5232,-89.458,12778.74,184.47,353.11,False,2026-03-11 17:39:52
a1d074,N216GT,United States,31.4183,-87.7797,2385.06,68.81,295.22,False,2026-03-11 17:39:52
aa11c9,ENY3653,United States,35.4973,-83.8564,7924.8,202.01,266.64,False,2026-03-11 17:39:52
a15888,N186SB,United States,26.5899,-80.0813,,4.37,281.25,True,2026-03-11 17:39:52
acea6c,LFA684,United States,28.7787,-81.496,411.48,61.14,67.75,False,2026-03-11 17:39:52
aaaa9b,N787AV,United States,33.6873,-112.7115,1897.38,72.57,268.38,False,2026-03-11 17:39:52
0d097a,LET7028,Mexico,25.8617,-100.2407,,4.12,165.94,True,2026-03-11 17:39:52
a3d3f0,DAL2011,United States,28.845,-96.0865,9753.6,197.39,247.31,False,2026-03-11 17:39:52
a24b0e,N247LV,United States,30.2662,-83.197,1615.44,70.51,172.87,False,2026-03-11 17:39:52
a886bf,AAL649,United States,34.4859,-96.4102,8862.06,274.55,25.17,False,2026-03-11 17:39:52
a4ecf3,N4161P,United States,28.0865,-81.7784,213.36,38.67,220.68,False,2026-03-11 17:39:52
a7197d,ASA459,United States,47.5093,-116.5236,11193.78,164.37,275.57,False,2026-03-11 17:39:52
a67009,,United States,33.9688,-87.3177,1981.2,25.29,175.33,False,2026-03-11 17:39:52
aab18c,SWA3636,United States,40.659,-91.0049,11582.4,174.09,232.93,False,2026-03-11 17:39:52
a2b513,N2738B,United States,39.5512,-80.4112,2743.2,126.08,71.93,False,2026-03-11 17:39:52
0d0997,VOI760,Mexico,33.7252,-107.2823,10492.74,210.92,359.86,False,2026-03-11 17:39:52
a20ecb,CXK523,United States,33.6939,-117.9792,830.58,59.09,277.0,False,2026-03-11 17:39:52
a56355,N4460X,United States,30.4543,-87.1083,304.8,50.46,92.34,False,2026-03-11 17:39:52
c05218,ROU1673,Canada,38.2914,-80.1259,10668.0,242.93,6.69,False,2026-03-11 17:39:52
a24b15,N247MB,United States,42.7966,-86.626,13106.4,197.17,285.12,False,2026-03-11 17:39:52
a99fd7,N7190C,United States,33.1593,-111.8875,457.2,39.15,266.99,False,2026-03-11 17:39:52
c05217,CGFCG,Canada,51.6141,-113.0569,1706.88,44.38,315.0,False,2026-03-11 17:39:52
c05219,ROU1706,Canada,37.2681,-110.5038,10058.4,251.98,66.16,False,2026-03-11 17:39:52
a1a853,CNS316,United States,34.0164,-118.4527,,0.0,315.0,True,2026-03-11 17:39:52
ab5933,JRE830,United States,35.9513,-112.1832,12496.8,227.75,55.3,False,2026-03-11 17:39:52
a6e636,N54355,United States,36.2475,-76.141,297.18,55.07,98.05,False,2026-03-11 17:39:52
a56364,N4461B,United States,33.2657,-117.0867,1219.2,81.8,328.11,False,2026-03-11 17:39:52
aca1da,ASA1367,United States,32.7324,-117.2028,,1.29,199.69,True,2026-03-11 17:39:52
a7ff34,SKW6467,United States,31.8937,-99.1287,10934.7,222.7,313.5,False,2026-03-11 17:39:52
a5ac53,N465BM,United States,33.7837,-84.37,502.92,48.49,265.74,False,2026-03-11 17:39:52
a7ec02,N6097G,United States,40.7425,-73.4145,121.92,30.36,180.97,False,2026-03-11 17:39:52
0d098f,XARAN,Mexico,37.8669,-88.9187,13106.4,192.24,222.61,False,2026-03-11 17:39:52
a02585,N1085T,United States,33.0406,-118.5523,129.54,42.82,218.66,False,2026-03-11 17:39:52
a75fdf,UAL1873,United States,40.0629,-97.1389,10058.4,275.32,74.61,False,2026-03-11 17:39:52
a74cc4,N57HE,United States,42.4398,-78.1984,12893.04,270.14,86.29,False,2026-03-11 17:39:52
a2b501,UAL1960,United States,39.3507,-121.0589,10972.8,215.57,243.19,False,2026-03-11 17:39:52
aca1dd,AAL3332,United States,39.2972,-95.239,4526.28,160.99,254.81,False,2026-03-11 17:39:52
adbaca,JBU588,United States,38.1976,-95.0605,10058.4,264.97,80.5,False,2026-03-11 17:39:52
a5502b,AAL2852,United States,33.9688,-94.3319,10058.4,269.0,64.51,False,2026-03-11 17:39:52
a5ac3b,AAL1816,United States,31.4354,-104.7778,10058.4,250.46,106.83,False,2026-03-11 17:39:52
a192af,N200GX,United States,35.3514,-83.6252,12192.0,210.34,308.94,False,2026-03-11 17:39:52
a202a1,MXY715,United States,34.2798,-78.6923,10058.4,255.59,59.25,False,2026-03-11 17:39:52
a25e53,NWX251,United States,33.0377,-97.2318,312.42,37.73,354.52,False,2026-03-11 17:39:52
a40820,VJA359,United States,30.9974,-96.131,7917.18,211.66,322.41,False,2026-03-11 17:39:52
aedaaf,EVAL47,United States,34.6852,-86.6863,198.12,44.32,170.65,False,2026-03-11 17:39:52
ac791d,AAL894,United States,41.6014,-90.0669,11399.52,175.38,245.01,False,2026-03-11 17:39:52
0d099a,,Mexico,31.6195,-114.8781,9753.6,222.31,308.33,False,2026-03-11 17:39:52
a82662,N624PD,United States,33.812,-118.146,,8.23,132.19,True,2026-03-11 17:39:52
aa0aab,AAL1332,United States,25.2877,-80.7091,6804.66,235.82,194.4,False,2026-03-11 17:39:52
a1a849,N20597,United States,39.9063,-76.1359,929.64,45.48,313.63,False,2026-03-11 17:39:52
a5635d,N44605,United States,32.5312,-84.9907,518.16,45.93,318.63,False,2026-03-11 17:39:52
a2c81e,N279CA,United States,41.3777,-73.4126,1981.2,37.26,215.45,False,2026-03-11 17:39:52
a1584a,EDV4968,United States,41.9825,-87.9087,,9.26,67.5,True,2026-03-11 17:39:52
0c6060,BWA484,Trinidad and Tobago,25.6241,-80.092,2895.6,155.01,305.27,False,2026-03-11 17:39:52
0c6062,BWA482,Trinidad and Tobago,27.1236,-80.657,6256.02,191.77,339.43,False,2026-03-11 17:39:52
a620b7,UAL2259,United States,42.5912,-122.2479,10386.06,211.44,359.86,False,2026-03-11 17:39:52
a8264f,NKS2355,United States,43.1334,-87.5368,10744.2,294.86,67.1,False,2026-03-11 17:39:52
aa1dcd,AAL142,United States,42.7025,-62.6946,11277.6,247.81,75.33,False,2026-03-11 17:39:52
a9a929,VXP8511,United States,36.1395,-89.2047,12192.0,181.62,269.19,False,2026-03-11 17:39:52
abd19e,SWA3375,United States,35.6226,-119.671,11277.6,245.75,131.1,False,2026-03-11 17:39:52
aa6103,UAL1049,United States,39.8563,-104.6635,,6.94,180.0,True,2026-03-11 17:39:52
a7ec24,N6098F,United States,40.8116,-74.4045,175.26,32.9,189.9,False,2026-03-11 17:39:52
ac5f28,N89681,United States,33.58,-97.2672,944.88,36.19,264.29,False,2026-03-11 17:39:52
a500e9,N421SC,United States,27.8631,-92.32,12192.0,201.77,268.1,False,2026-03-11 17:39:52
aba91b,UAL2033,United States,42.4057,-99.3282,10363.2,198.4,262.1,False,2026-03-11 17:39:52
a13e56,,United States,44.4226,-120.7399,2011.68,39.56,249.44,False,2026-03-11 17:39:52
a7f308,LXJ611,United States,32.0112,-78.4628,13106.4,228.53,195.54,False,2026-03-11 17:39:52
aa7426,UAL1254,United States,28.1556,-87.8134,10363.2,214.0,281.93,False,2026-03-11 17:39:52
a6cc45,AAL2169,United States,35.8621,-83.3252,8839.2,243.24,105.33,False,2026-03-11 17:39:52
a085f9,N1327N,United States,30.0591,-90.0441,266.7,52.56,3.37,False,2026-03-11 17:39:52
a95952,N701LU,United States,35.6106,-79.5428,1653.54,67.96,7.39,False,2026-03-11 17:39:52
a67c78,N517LP,United States,35.8618,-115.2431,1280.16,41.38,38.44,False,2026-03-11 17:39:52
a86cae,PDT6134,United States,37.8605,-77.0139,2392.68,125.58,240.28,False,2026-03-11 17:39:52
a07efc,N131AV,United States,43.8417,-116.516,906.78,26.03,127.78,False,2026-03-11 17:39:52
a072fd,MMY37,United States,40.5029,-122.2949,22.86,29.84,0.99,False,2026-03-11 17:39:52
a63526,N4999M,United States,38.8694,-75.4768,739.14,70.2,236.66,False,2026-03-11 17:39:52
a335f4,DAL1384,United States,40.8449,-80.0361,9761.22,210.91,208.88,False,2026-03-11 17:39:52
ab44a7,AAL2220,United States,40.4664,-96.0786,9753.6,210.27,200.03,False,2026-03-11 17:39:52
a37e82,N324PS,United States,33.7195,-117.2318,3169.92,52.16,95.09,False,2026-03-11 17:39:52
a36b50,JBU68,United States,42.3688,-71.0156,,0.0,185.62,True,2026-03-11 17:39:52
aba7ad,N850DK,United States,40.7724,-74.6098,4282.44,97.07,255.89,False,2026-03-11 17:39:52
a37e5a,DAL611,United States,31.6169,-98.1682,11582.4,213.76,187.47,False,2026-03-11 17:39:52
a88819,EJA649,United States,37.2827,-75.9037,12192.0,217.07,208.45,False,2026-03-11 17:39:52
c05e09,CGJPW,Canada,42.2686,-88.1864,12496.8,276.38,117.85,False,2026-03-11 17:39:52
aad72c,N798QS,United States,27.1203,-81.5477,12192.0,231.23,297.14,False,2026-03-11 17:39:52
abdd09,SWA3762,United States,37.8265,-122.3651,876.3,111.31,15.0,False,2026-03-11 17:39:52
aba7b5,CYT85,United States,30.6215,-85.5862,4244.34,105.19,3.93,False,2026-03-11 17:39:52
a8007e,N6144,United States,40.682,-96.6567,822.96,83.82,318.48,False,2026-03-11 17:39:52
a575e0,AAL2722,United States,35.7041,-103.6119,10035.54,218.75,256.81,False,2026-03-11 17:39:52
a0c2f7,N1481V,United States,28.1986,-82.3563,213.36,40.13,202.62,False,2026-03-11 17:39:52
a6f8b0,N5485E,United States,37.2706,-108.2743,3352.8,51.32,42.97,False,2026-03-11 17:39:52
a455c7,FFT9579,United States,37.0192,-91.7375,10668.0,283.46,61.02,False,2026-03-11 17:39:52
aba7b0,DAL1336,United States,33.6336,-84.4446,,12.35,270.0,True,2026-03-11 17:39:52
a36b2d,JBU2105,United States,42.0027,-87.7971,723.9,80.25,270.0,False,2026-03-11 17:39:52
a61b14,N49285,United States,33.6148,-117.8069,975.36,45.06,161.36,False,2026-03-11 17:39:52
ad7da2,AAL1884,United States,25.7821,-80.4101,449.58,87.06,86.95,False,2026-03-11 17:39:52
a3c235,NDU341,United States,33.049,-112.1324,2491.74,48.05,307.61,False,2026-03-11 17:39:52
a3e895,RAX131,United States,47.9303,-122.2861,190.5,59.17,179.0,False,2026-03-11 17:39:52
ac77d3,AAL1976,United States,33.3235,-90.6553,9144.0,200.16,246.2,False,2026-03-11 17:39:52
ac0417,ASH6267,United States,27.1257,-96.6875,10363.2,198.8,207.43,False,2026-03-11 17:39:52
a3c233,DAL2972,United States,35.2774,-96.6438,10668.0,259.41,14.59,False,2026-03-11 17:39:52
a24b40,,United States,33.3173,-111.6723,,8.23,90.0,True,2026-03-11 17:39:52
a3d568,UPS5975,United States,41.9784,-89.5089,1722.12,140.88,137.22,False,2026-03-11 17:39:52
a1a87e,MXY244,United States,30.3497,-100.9538,8625.84,212.31,289.09,False,2026-03-11 17:39:52
a3d55e,N346UD,United States,31.4753,-84.4321,952.5,59.71,271.97,False,2026-03-11 17:39:52
a7e09c,BPX278,United States,26.0019,-80.2648,53.34,33.02,85.53,False,2026-03-11 17:39:52
a7b832,JBU94,United States,37.8449,-75.6569,11277.6,229.44,27.94,False,2026-03-11 17:39:52
a3e88d,N351AJ,United States,39.9995,-104.4073,9014.46,159.71,281.71,False,2026-03-11 17:39:52
a562aa,UAL1586,United States,28.8081,-94.3743,8839.2,264.88,66.17,False,2026-03-11 17:39:52
a24b39,ENY4103,United States,32.788,-96.8756,1028.7,96.4,315.22,False,2026-03-11 17:39:52
a49e39,EJA397,United States,32.1779,-96.3778,13106.4,218.54,322.94,False,2026-03-11 17:39:52
aa2629,N753LA,United States,32.9931,-111.433,2194.56,65.63,174.6,False,2026-03-11 17:39:52
a3c246,DAL2951,United States,39.3782,-77.1014,10370.82,219.35,219.29,False,2026-03-11 17:39:52
abca00,AAL2941,United States,33.1169,-108.0232,8534.4,196.92,310.97,False,2026-03-11 17:39:52
a192e0,N200JW,United States,41.5849,-106.1605,12496.8,282.01,88.54,False,2026-03-11 17:39:52
a32ecc,N304GH,United States,35.825,-82.188,2065.02,36.45,351.07,False,2026-03-11 17:39:52
a575f4,N451BH,United States,36.8813,-105.2974,12496.8,266.8,138.6,False,2026-03-11 17:39:52
a4db2c,N4117H,United States,36.2253,-115.2127,670.56,35.66,136.17,False,2026-03-11 17:39:52
0d0984,VOI7800,Mexico,30.4909,-112.4585,10972.8,221.25,310.1,False,2026-03-11 17:39:52
c00ec2,WJA2612,Canada,47.8234,-97.1912,10668.0,236.74,181.62,False,2026-03-11 17:39:52
c00ec7,CFFPM,Canada,51.0206,-114.6383,3642.36,83.69,223.51,False,2026-03-11 17:39:52
a6353e,N5A,United States,37.4077,-75.9542,13716.0,230.36,31.21,False,2026-03-11 17:39:52
c028cd,WJA2132,Canada,36.5622,-80.8248,10972.8,217.52,189.53,False,2026-03-11 17:39:52
a37279,EPI385,United States,29.6542,-81.4788,1211.58,59.38,301.9,False,2026-03-11 17:39:52
a442f3,DAL946,United States,30.7946,-98.7707,6301.74,195.58,97.41,False,2026-03-11 17:39:52
a81395,N61972,United States,28.3571,-82.0479,1767.84,58.72,348.89,False,2026-03-11 17:39:52
aabd54,N791SH,United States,33.6802,-83.9484,609.6,30.56,306.1,False,2026-03-11 17:39:52
abe40a,SWA1627,United States,35.7225,-76.8106,10972.8,230.99,202.11,False,2026-03-11 17:39:52
ac042a,SWA2032,United States,38.7929,-121.6171,967.74,115.58,298.73,False,2026-03-11 17:39:52
a6c05d,N534MA,United States,38.125,-120.3146,2278.38,88.19,298.96,False,2026-03-11 17:39:52
a037b2,DAL1770,United States,35.0362,-77.1216,10972.8,231.09,203.48,False,2026-03-11 17:39:52
aa99b7,UAL2402,United States,33.9937,-83.4539,11277.6,276.12,50.14,False,2026-03-11 17:39:52
ab44dd,EJA825,United States,44.0018,-105.5387,13106.4,208.35,270.14,False,2026-03-11 17:39:52
ab2ad9,N819AP,United States,40.8809,-75.3464,7284.72,193.16,252.96,False,2026-03-11 17:39:52
a037b9,DAL2396,United States,33.2484,-79.6624,10972.8,217.39,215.27,False,2026-03-11 17:39:52
a93393,EJA692,United States,33.8055,-115.7548,7437.12,210.77,276.59,False,2026-03-11 17:39:52
a740ec,N567AA,United States,28.3108,-81.6957,716.28,33.57,74.9,False,2026-03-11 17:39:52
a3725a,DAL1525,United States,33.6407,-84.4412,,3.6,180.0,True,2026-03-11 17:39:52
ab2ae0,AAL2157,United States,32.893,-97.0261,,37.04,0.0,True,2026-03-11 17:39:52
ae571b,WING31,United States,34.8484,-83.2063,4457.7,122.13,233.56,False,2026-03-11 17:39:52
aaaa2f,N7867T,United States,31.358,-102.4727,11567.16,184.86,329.94,False,2026-03-11 17:39:52
acb4c1,DAL1960,United States,42.5479,-92.4328,10058.4,191.63,187.87,False,2026-03-11 17:39:52
aaaa46,N7868F,United States,26.4744,-81.8749,259.08,63.47,196.97,False,2026-03-11 17:39:52
a74e05,N57WA,United States,34.5014,-117.7796,4450.08,110.08,119.08,False,2026-03-11 17:39:52
a9dcca,N73439,United States,35.2272,-78.1188,640.08,35.06,284.44,False,2026-03-11 17:39:52
a6709b,DAL451,United States,46.7898,-91.3256,10675.62,264.17,98.4,False,2026-03-11 17:39:52
ab31d7,N820LB,United States,41.7056,-71.2859,5006.34,106.23,251.65,False,2026-03-11 17:39:52
ac64cf,UAL576,United States,44.6065,-93.3157,4747.26,168.65,143.93,False,2026-03-11 17:39:52
a3857d,N326KB,United States,40.627,-111.995,,0.06,50.62,True,2026-03-11 17:39:52
a36b73,JBU2474,United States,36.969,-76.2733,11277.6,227.11,30.34,False,2026-03-11 17:39:52
abdd4a,SWA1756,United States,37.0975,-108.4091,11277.6,259.08,82.24,False,2026-03-11 17:39:52
a2ae7d,LXJ272,United States,39.8812,-75.1926,160.02,64.13,256.08,False,2026-03-11 17:39:52
a49232,FFT1474,United States,36.5882,-78.6851,11269.98,245.61,32.43,False,2026-03-11 17:39:52
ad1d3d,AAL2192,United States,36.3524,-109.5003,9144.0,208.0,297.39,False,2026-03-11 17:39:52
ac1789,SWA4112,United States,36.0737,-114.9716,1264.92,102.38,270.58,False,2026-03-11 17:39:52
ab8148,EJA840,United States,45.9128,-97.5199,13106.4,226.85,283.37,False,2026-03-11 17:39:52
a335fa,DAL2247,United States,42.0028,-87.8913,289.56,68.94,270.0,False,2026-03-11 17:39:52
a9335a,NKS1257,United States,40.4395,-75.2184,6210.3,190.43,230.59,False,2026-03-11 17:39:52
aaaa4a,SWA3785,United States,32.8258,-96.834,220.98,70.22,315.89,False,2026-03-11 17:39:52
a993ea,SCA16,United States,33.8399,-112.198,1295.4,52.96,230.12,False,2026-03-11 17:39:52
a2ae6e,N272FG,United States,40.2659,-74.7933,365.76,53.82,54.33,False,2026-03-11 17:39:52
a50e3f,AAL2048,United States,35.2434,-106.28,8839.2,240.38,65.74,False,2026-03-11 17:39:52
a2b562,ASA504,United States,47.5009,-113.8407,10363.2,169.82,268.61,False,2026-03-11 17:39:52
ad3777,N9503Q,United States,30.0486,-90.7697,213.36,58.24,273.54,False,2026-03-11 17:39:52
abdd67,SKY5939,United States,39.7064,-103.2944,6614.16,227.64,96.1,False,2026-03-11 17:39:52
abca36,EJA859,United States,38.0031,-87.0688,12580.62,213.88,275.24,False,2026-03-11 17:39:52
ad7e6f,JBU289,United States,34.8833,-106.1052,10378.44,225.11,255.17,False,2026-03-11 17:39:52
c050ae,ACA1314,Canada,48.4503,-120.5628,8336.28,275.87,117.19,False,2026-03-11 17:39:52
a06d39,N1266U,United States,32.8962,-97.3851,990.6,34.68,327.72,False,2026-03-11 17:39:52
a682ef,ASA1474,United States,47.9855,-98.1514,10363.2,207.46,272.13,False,2026-03-11 17:39:52
a5fb82,N485DL,United States,40.5691,-103.7394,2796.54,68.22,52.35,False,2026-03-11 17:39:52
ac5e8d,SWA1754,United States,35.0163,-112.0663,10668.0,256.07,116.36,False,2026-03-11 17:39:52
ad2efa,DAL3013,United States,38.0328,-87.0196,9753.6,276.12,39.86,False,2026-03-11 17:39:52
c050c4,ACA1321,Canada,34.7012,-80.6585,10972.8,234.62,178.99,False,2026-03-11 17:39:52
a7a568,LXJ592,United States,30.8228,-82.0255,13106.4,221.69,196.58,False,2026-03-11 17:39:52
adce52,JTZ989,United States,37.772,-82.7505,3291.84,143.54,0.62,False,2026-03-11 17:39:52
c050c5,ACA738,Canada,41.1007,-114.8436,10668.0,267.81,70.59,False,2026-03-11 17:39:52
c050c0,ACA341,Canada,51.4834,-113.9182,10980.42,206.97,252.65,False,2026-03-11 17:39:52
86dca2,JAL66,Japan,41.5459,-127.7803,11887.2,269.69,147.07,False,2026-03-11 17:39:52
a19404,SWA2954,United States,35.348,-81.3299,12184.38,212.67,217.04,False,2026-03-11 17:39:52
a8ab3c,JBU2584,United States,34.38,-78.5448,11285.22,236.97,37.59,False,2026-03-11 17:39:52
acae64,EJA916,United States,39.2793,-99.3901,12496.8,258.87,88.41,False,2026-03-11 17:39:52
adc201,MTN8310,United States,40.9088,-74.0704,1234.44,72.04,181.23,False,2026-03-11 17:39:52
a5fb70,WUP485,United States,26.5479,-80.3008,2971.8,176.18,283.51,False,2026-03-11 17:39:52
a4e291,N41369,United States,34.1845,-118.481,365.76,38.88,107.72,False,2026-03-11 17:39:52
a6cbe7,N537RB,United States,35.9926,-89.4909,12367.26,259.81,99.57,False,2026-03-11 17:39:52
ac6596,SWA1132,United States,32.7755,-114.0252,10363.2,209.4,269.16,False,2026-03-11 17:39:52
ae4ee1,SHARK68,United States,39.0717,-104.7616,2545.08,58.55,53.94,False,2026-03-11 17:39:52
a144a2,N181CN,United States,35.4265,-112.506,10668.0,247.71,122.96,False,2026-03-11 17:39:52
a037ee,CXK295,United States,40.0661,-75.0392,373.38,37.56,233.91,False,2026-03-11 17:39:52
a9e546,N737CH,United States,39.3607,-77.5336,853.44,56.6,7.84,False,2026-03-11 17:39:52
a157d9,RTY186,United States,40.4413,-105.0057,,0.06,247.5,True,2026-03-11 17:39:52
ab3282,SCX529,United States,38.8062,-97.0327,10363.2,211.91,202.71,False,2026-03-11 17:39:52
a6cbdd,EJA537,United States,34.5379,-83.0316,12496.8,223.21,160.9,False,2026-03-11 17:39:52
c063e1,CGLVK,Canada,43.676,-79.6276,,0.06,185.62,True,2026-03-11 17:39:52
ae4edb,SHARK51,United States,38.7784,-104.6962,2476.5,66.97,93.08,False,2026-03-11 17:39:52
a62298,N4949S,United States,27.0331,-82.072,670.56,72.62,149.8,False,2026-03-11 17:39:52
a9a8e3,N721SR,United States,44.8828,-93.6078,1813.56,65.66,330.42,False,2026-03-11 17:39:52
ad857e,AAL3319,United States,34.8772,-80.8779,3177.54,159.92,172.23,False,2026-03-11 17:39:52
a98219,DAL1857,United States,37.4661,-112.5818,10980.42,217.21,235.03,False,2026-03-11 17:39:52
a01db9,BPX273,United States,29.5282,-81.3272,1013.46,47.22,330.64,False,2026-03-11 17:39:52
aa6bed,SWA3752,United States,32.3865,-111.3211,2636.52,144.25,121.14,False,2026-03-11 17:39:52
a9953e,N7164C,United States,28.5477,-80.9436,1402.08,47.03,190.08,False,2026-03-11 17:39:52
a86259,N6396D,United States,33.5,-117.7208,731.52,45.0,329.04,False,2026-03-11 17:39:52
c063eb,WJA1680,Canada,50.6682,-106.4818,11269.98,264.12,96.6,False,2026-03-11 17:39:52
a9a8f4,CXK127,United States,30.8099,-98.5309,1211.58,52.88,340.68,False,2026-03-11 17:39:52
ae0890,MAFIA41,United States,33.4037,-87.6521,6400.8,146.16,114.76,False,2026-03-11 17:39:52
acae7c,N916RR,United States,33.6837,-117.862,-60.96,36.59,207.65,False,2026-03-11 17:39:52
a57719,GTI8594,United States,43.2279,-82.8013,10020.3,201.35,249.67,False,2026-03-11 17:39:52
a05a03,UAL2679,United States,37.0857,-90.0726,10363.2,194.15,256.52,False,2026-03-11 17:39:52
adbb39,AAL3280,United States,41.9248,-72.7061,121.92,76.76,44.19,False,2026-03-11 17:39:52
a25dcc,CXK461,United States,38.7142,-104.5272,2316.48,56.79,227.2,False,2026-03-11 17:39:52
a12ac8,UAL738,United States,33.2849,-80.0551,10972.8,216.73,213.58,False,2026-03-11 17:39:52
a1dd2d,RPA5705,United States,39.3027,-75.1086,8488.68,214.26,225.29,False,2026-03-11 17:39:52
a12ac9,UAL1074,United States,47.019,-81.0295,9753.6,180.34,285.38,False,2026-03-11 17:39:52
a3c259,EDV5474,United States,30.6167,-85.7016,1120.14,107.3,249.22,False,2026-03-11 17:39:52
a5c5e8,N471MD,United States,27.1606,-80.6715,464.82,117.02,311.26,False,2026-03-11 17:39:52
a0c42c,AAL1470,United States,33.4391,-111.9935,,6.43,90.0,True,2026-03-11 17:39:52
ac4b9a,N8911V,United States,33.2841,-82.0004,1478.28,50.22,133.34,False,2026-03-11 17:39:52
0d07f6,VOI3291,Mexico,30.0014,-109.6939,11574.78,221.69,294.54,False,2026-03-11 17:39:52
a24aa7,KAP109,United States,41.4868,-70.1261,579.12,76.17,159.85,False,2026-03-11 17:39:52
ab329e,UAL1597,United States,37.618,-122.3823,,0.9,120.94,True,2026-03-11 17:39:52
a61b43,CNS402,United States,40.0921,-74.9989,76.2,49.9,227.92,False,2026-03-11 17:39:52
a74224,JIA5051,United States,38.7948,-77.0874,2034.54,109.33,327.88,False,2026-03-11 17:39:52
a32427,NSH301,United States,35.1602,-80.451,1287.78,140.37,346.22,False,2026-03-11 17:39:52
a67bd3,DAL389,United States,47.5111,-88.6154,10523.22,249.1,323.65,False,2026-03-11 17:39:52
a79bbb,N59GY,United States,29.5669,-81.3705,2522.22,100.06,4.13,False,2026-03-11 17:39:52
acb59c,AAL1492,United States,32.9722,-97.0261,861.06,129.19,1.83,False,2026-03-11 17:39:52
ad7282,DAL2331,United States,39.9555,-76.6741,7147.56,215.26,276.17,False,2026-03-11 17:39:52
a12ac0,UAL2855,United States,35.1991,-108.9105,10972.8,211.44,286.54,False,2026-03-11 17:39:52
a86e47,,United States,40.5132,-74.6165,259.08,33.15,221.86,False,2026-03-11 17:39:52
a12ac1,UAL1323,United States,35.5703,-107.3332,10363.2,202.11,266.21,False,2026-03-11 17:39:52
a12ac2,UAL502,United States,43.0743,-80.774,9144.0,207.43,268.15,False,2026-03-11 17:39:52
a12ac3,UAL1499,United States,29.9945,-97.4425,4229.1,159.62,177.6,False,2026-03-11 17:39:52
a61b4e,ASA284,United States,40.8705,-98.3493,10058.4,265.31,80.74,False,2026-03-11 17:39:52
a407ab,N359QS,United States,40.3277,-72.8498,7985.76,168.43,224.63,False,2026-03-11 17:39:52
acb57f,N918MJ,United States,41.7072,-98.7005,12504.42,276.3,80.68,False,2026-03-11 17:39:52
a63575,N5CE,United States,37.3978,-108.4703,3474.72,84.58,53.41,False,2026-03-11 17:39:52
a0aa2b,AAL2874,United States,28.7235,-97.5275,10363.2,191.89,180.0,False,2026-03-11 17:39:52
a17a45,N1946V,United States,40.3847,-75.9626,121.92,35.87,171.75,False,2026-03-11 17:39:52
a0b123,N1437A,United States,27.9951,-82.7689,91.44,46.03,154.87,False,2026-03-11 17:39:52
a562e8,SWA3804,United States,37.0803,-122.0132,8580.12,247.73,135.25,False,2026-03-11 17:39:52
a00af3,N1011N,United States,28.2898,-82.148,396.24,46.95,355.6,False,2026-03-11 17:39:52
a131b6,JPR76,United States,40.6663,-122.0511,1447.8,87.38,354.26,False,2026-03-11 17:39:52
a695ea,AAL2927,United States,40.776,-73.874,,0.0,132.19,True,2026-03-11 17:39:52
a0bd61,BPX276,United States,29.5999,-81.2107,1607.82,44.26,160.3,False,2026-03-11 17:39:52
a0bd62,N147HB,United States,33.9659,-112.1449,2484.12,62.14,284.38,False,2026-03-11 17:39:52
acfbfd,ASA390,United States,34.2047,-115.3555,10195.56,237.64,29.01,False,2026-03-11 17:39:52
c05caa,CLTST22,Canada,37.5285,-100.5852,13114.02,207.35,269.0,False,2026-03-11 17:39:52
a8ab18,N658GR,United States,35.6511,-119.002,3223.26,147.81,310.34,False,2026-03-11 17:39:52
a0aa1b,,United States,38.9472,-77.4428,,0.77,118.12,True,2026-03-11 17:39:52
aa72b1,RPA3654,United States,38.0464,-75.7883,10363.2,221.31,214.39,False,2026-03-11 17:39:52
a3c274,EJA341,United States,37.5984,-121.7923,7940.04,213.5,26.63,False,2026-03-11 17:39:52
a25dcb,CXK460,United States,30.2101,-98.419,2141.22,61.27,76.9,False,2026-03-11 17:39:52
a37da0,ERU324,United States,29.1881,-81.0394,0.0,48.58,245.61,False,2026-03-11 17:39:52
a12aa4,UAL1930,United States,34.4577,-106.3365,9753.6,227.26,253.7,False,2026-03-11 17:39:52
a12aa5,UAL2207,United States,36.4811,-88.5334,10972.8,212.89,311.28,False,2026-03-11 17:39:52
a80bd5,N6175Q,United States,27.805,-81.9167,678.18,40.17,99.58,False,2026-03-11 17:39:52
add59b,N9904V,United States,38.5674,-121.857,-60.96,29.33,358.99,False,2026-03-11 17:39:52
a4db6c,N4119B,United States,29.9248,-98.7513,1287.78,67.06,124.06,False,2026-03-11 17:39:52
adbb85,N984RP,United States,33.4495,-111.7434,411.48,56.77,43.53,False,2026-03-11 17:39:52
ac1701,SWA3601,United States,35.1205,-116.0388,7719.06,223.52,227.24,False,2026-03-11 17:39:52
a825e3,JBU168,United States,33.8486,-77.6884,10058.4,227.63,10.55,False,2026-03-11 17:39:52
aa1219,AAL3099,United States,42.3806,-91.4823,11285.22,236.57,146.17,False,2026-03-11 17:39:52
a12aa0,UAL1462,United States,29.1516,-77.685,9753.6,251.82,177.42,False,2026-03-11 17:39:52
a12aa1,UAL1257,United States,35.6119,-120.2144,10363.2,214.74,303.77,False,2026-03-11 17:39:52
a7687b,ASA759,United States,46.7797,-122.0517,5547.36,218.15,164.69,False,2026-03-11 17:39:52
ad727a,ASA1368,United States,36.5676,-119.0116,10972.8,215.21,349.25,False,2026-03-11 17:39:52
c063c8,CWA927,Canada,51.1316,-114.0265,1089.66,1.03,357.19,True,2026-03-11 17:39:52
a7a532,DAL745,United States,40.784,-111.9764,,4.89,174.38,True,2026-03-11 17:39:52
c076f4,CGTBF,Canada,51.2919,-114.3313,1851.66,52.54,177.19,False,2026-03-11 17:39:52
a05a48,UCA4261,United States,32.2519,-101.38,8244.84,134.77,344.96,False,2026-03-11 17:39:52
a24ade,JSX510,United States,32.0929,-94.0427,10774.68,218.81,129.75,False,2026-03-11 17:39:52
a6e720,DAL811,United States,33.6474,-118.3486,3337.56,186.16,104.07,False,2026-03-11 17:39:52
aa8752,CFS8731,United States,39.7324,-122.8128,2918.46,95.38,317.19,False,2026-03-11 17:39:52
a20471,SWA1349,United States,28.33,-81.4496,2118.36,154.97,283.44,False,2026-03-11 17:39:52
a50de8,N42477,United States,33.9403,-117.4057,365.76,32.68,331.82,False,2026-03-11 17:39:52
a17a5a,N1947F,United States,28.0693,-80.7043,213.36,51.61,336.5,False,2026-03-11 17:39:52
a384f2,DAL2274,United States,44.8822,-93.3235,1066.8,113.57,254.77,False,2026-03-11 17:39:52
ac5e23,SWA4626,United States,32.669,-91.1207,11582.4,189.58,259.21,False,2026-03-11 17:39:52
a2addf,UCA4315,United States,34.8431,-86.7809,876.3,102.36,98.09,False,2026-03-11 17:39:52
a55d54,N445BL,United States,28.2786,-81.7078,1363.98,72.48,332.53,False,2026-03-11 17:39:52
a31d67,N30EK,United States,37.3098,-92.8026,12496.8,248.49,96.42,False,2026-03-11 17:39:52
a1f77c,MXY755,United States,31.5408,-86.4296,7033.26,234.45,32.82,False,2026-03-11 17:39:52
aa8741,CFS8692,United States,45.2536,-122.2,3268.98,80.19,131.36,False,2026-03-11 17:39:52
a18d9a,N2CY,United States,25.6432,-80.4347,-60.96,30.42,86.12,False,2026-03-11 17:39:52
a31d5e,N30EA,United States,27.8283,-80.4792,137.16,74.51,170.86,False,2026-03-11 17:39:52
ac28be,SWA1979,United States,39.8641,-104.6684,,0.0,185.62,True,2026-03-11 17:39:52
86e3ec,JAL062,Japan,42.1404,-128.2986,11277.6,270.1,146.73,False,2026-03-11 17:39:52
a12ae6,UAL1875,United States,43.6831,-75.9845,8534.4,196.57,276.01,False,2026-03-11 17:39:52
a12ae8,UAL1885,United States,31.8765,-107.1097,9144.0,220.4,274.69,False,2026-03-11 17:39:52
a5ad46,N465ME,United States,40.7366,-74.7774,1348.74,108.31,4.09,False,2026-03-11 17:39:52
ac28e5,SWA2247,United States,35.8765,-95.2457,11574.78,191.72,200.09,False,2026-03-11 17:39:52
a0b132,N1437R,United States,32.9859,-91.5117,3017.52,55.71,222.38,False,2026-03-11 17:39:52
a74dbf,N57TF,United States,36.7857,-120.8245,5135.88,98.72,152.37,False,2026-03-11 17:39:52
ab9eca,AAL433,United States,30.5147,-84.1112,11277.6,241.95,167.97,False,2026-03-11 17:39:52
a12adb,CXK246,United States,33.7937,-111.9874,1836.42,36.63,280.52,False,2026-03-11 17:39:52
a407da,N359SP,United States,44.0006,-117.0973,1127.76,38.95,282.2,False,2026-03-11 17:39:52
a397f7,N330YB,United States,31.9403,-84.4079,7833.36,109.29,158.75,False,2026-03-11 17:39:52
afc66a,G21306,United States,39.3102,-75.582,609.6,21.41,215.22,False,2026-03-11 17:39:52
a32449,AAY9,United States,40.2552,-110.7348,11269.98,247.06,43.73,False,2026-03-11 17:39:52
ad2ea4,AAL2286,United States,32.9114,-97.028,,11.83,0.0,True,2026-03-11 17:39:52
ad2ea1,ASA274,United States,47.4892,-118.2741,9448.8,281.72,92.72,False,2026-03-11 17:39:52
a33778,N306VA,United States,30.0914,-98.284,640.08,45.58,233.26,False,2026-03-11 17:39:52
ac7849,N902TF,United States,36.1001,-88.0893,11277.6,240.47,134.22,False,2026-03-11 17:39:52
a12ae4,UAL1500,United States,39.8287,-104.6418,1562.1,84.38,0.7,False,2026-03-11 17:39:52
a12ae5,UAL1783,United States,37.462,-113.88,10058.4,247.31,32.6,False,2026-03-11 17:39:52
a1d105,ENY4149,United States,33.0167,-99.7454,7315.2,217.56,275.43,False,2026-03-11 17:39:52
a7b7b3,ASI58,United States,33.034,-111.9729,1653.54,26.42,263.29,False,2026-03-11 17:39:52
ac5e47,SWA2963,United States,38.089,-93.8016,8488.68,223.5,339.52,False,2026-03-11 17:39:52
a131e1,CXK176,United States,33.0221,-111.5547,1264.92,50.35,262.37,False,2026-03-11 17:39:52
a3241d,N301MA,United States,35.5259,-83.6934,9448.8,158.88,157.34,False,2026-03-11 17:39:52
a12aeb,UAL2601,United States,37.5511,-97.6018,10668.0,263.47,113.96,False,2026-03-11 17:39:52
ab320a,JTL820,United States,31.3436,-82.6099,12420.6,201.27,4.54,False,2026-03-11 17:39:52
a6e72d,JIA5593,United States,32.9045,-97.0319,,8.75,182.81,True,2026-03-11 17:39:52
a30a0e,SWA1769,United States,35.1964,-77.1763,10972.8,232.13,181.78,False,2026-03-11 17:39:52
a32437,DAL861,United States,34.6779,-117.1406,9067.8,243.1,54.56,False,2026-03-11 17:39:52
a33766,AAL1437,United States,33.9403,-118.4062,,0.0,261.56,True,2026-03-11 17:39:52
a29a37,ENY4110,United States,25.704,-80.4652,937.26,119.94,268.03,False,2026-03-11 17:39:52
ab2b2c,DAL569,United States,36.3593,-87.3555,11887.2,249.2,130.56,False,2026-03-11 17:39:52
a0e9a9,N158U,United States,41.7817,-111.8519,,3.86,160.31,True,2026-03-11 17:39:52
ae68bd,DAGGR66,United States,38.7332,-104.686,2049.78,80.77,0.0,False,2026-03-11 17:39:52
a43157,N3699J,United States,43.5986,-116.311,1112.52,42.34,117.5,False,2026-03-11 17:39:52
ae4eb1,,United States,27.2283,-80.8645,10675.62,215.56,5.62,False,2026-03-11 17:39:52
a1d16c,N216SR,United States,29.9862,-98.4971,1402.08,63.38,93.26,False,2026-03-11 17:39:52
a7a59f,JBU1777,United States,25.7502,-77.3715,11277.6,243.52,141.6,False,2026-03-11 17:39:52
a13f00,N18GY,United States,34.1726,-111.7482,3931.92,169.44,194.42,False,2026-03-11 17:39:52
a527ab,N431JP,United States,34.1264,-117.7735,830.58,43.88,274.71,False,2026-03-11 17:39:52
aa8701,EJM78,United States,37.987,-85.5183,13075.92,248.65,350.71,False,2026-03-11 17:39:52
ad48cd,N955SC,United States,32.6953,-97.0276,403.86,45.27,180.0,False,2026-03-11 17:39:52
ae4eaa,BRCAT13,United States,32.6032,-104.2476,3924.3,74.35,278.35,False,2026-03-11 17:39:52
acae2e,AAL2528,United States,41.9726,-87.9149,,7.72,2.81,True,2026-03-11 17:39:52
ab2b3f,ERU819,United States,28.5813,-80.8008,784.86,51.28,346.66,False,2026-03-11 17:39:52
c05d9d,WJA2090,Canada,48.9773,-122.2638,4884.42,210.42,102.71,False,2026-03-11 17:39:52
ab92c4,DAL349,United States,35.0438,-104.128,10363.2,220.84,262.91,False,2026-03-11 17:39:52
ab588f,N830CC,United States,33.3669,-81.2807,1965.96,85.76,310.38,False,2026-03-11 17:39:52
a099a7,RPA4686,United States,36.0389,-83.5382,8641.08,192.44,245.35,False,2026-03-11 17:39:52
ad8547,ENRGY70,United States,37.4861,-77.2148,5158.74,207.63,95.12,False,2026-03-11 17:39:52
ab92d1,N845EA,United States,36.5814,-78.8849,2423.16,59.8,234.81,False,2026-03-11 17:39:52
ae4ed7,SHARK48,United States,39.13,-104.6931,2659.38,65.4,65.85,False,2026-03-11 17:39:52
a92bec,NKS1655,United States,28.4652,-94.6411,11285.22,260.1,78.82,False,2026-03-11 17:39:52
abeeea,SWA3894,United States,28.1843,-80.6385,5288.28,205.87,110.02,False,2026-03-11 17:39:52
ae4ed1,SHARK42,United States,38.9718,-104.8143,,3.34,73.12,True,2026-03-11 17:39:52
c05190,TSC845,Canada,29.4797,-78.6964,10058.4,222.55,8.37,False,2026-03-11 17:39:52
a647b0,BPX285,United States,26.0023,-80.2635,91.44,38.35,96.93,False,2026-03-11 17:39:52
a0b169,ATN3334,United States,28.1313,-82.2857,2689.86,154.21,298.27,False,2026-03-11 17:39:52
abe2a3,AAL1414,United States,33.9464,-111.6766,7162.8,217.25,48.65,False,2026-03-11 17:39:52
ac02c3,N873PC,United States,43.4388,-116.1324,2263.14,92.56,294.29,False,2026-03-11 17:39:52
a67d03,SCU1,United States,36.1105,-96.0939,1203.96,43.57,292.93,False,2026-03-11 17:39:52
a1dd9b,N2192M,United States,27.7608,-82.772,91.44,18.7,148.5,False,2026-03-11 17:39:52
ad6b0f,AAL1056,United States,37.9832,-76.6105,10668.0,234.21,26.34,False,2026-03-11 17:39:52
ad6b0e,AMX646,United States,31.9869,-114.5615,12192.0,236.07,309.52,False,2026-03-11 17:39:52
aba891,AAL2988,United States,31.4241,-84.3385,10668.0,238.83,167.94,False,2026-03-11 17:39:52
c05186,WEN4081,Canada,51.1324,-114.0144,,0.32,36.56,True,2026-03-11 17:39:52
a55d31,AAL492,United States,34.3214,-88.592,10363.2,211.49,194.51,False,2026-03-11 17:39:52
a2b4ea,UAL1814,United States,39.7385,-75.179,5044.44,197.69,25.1,False,2026-03-11 17:39:52
ac5e7d,N89635,United States,33.3706,-111.7544,624.84,42.5,218.12,False,2026-03-11 17:39:52
a384f8,DAL2062,United States,36.8325,-95.8326,10965.18,196.31,192.87,False,2026-03-11 17:39:52
a3245d,EDV5032,United States,37.7895,-86.0855,9448.8,209.67,196.39,False,2026-03-11 17:39:52
ad35e0,AAL3158,United States,32.8811,-97.0509,,0.0,0.0,True,2026-03-11 17:39:52
ac6573,SWA2722,United States,36.0787,-115.1493,,8.75,95.62,True,2026-03-11 17:39:52
a67d17,SKW6303,United States,42.0911,-120.6789,10972.8,206.65,349.53,False,2026-03-11 17:39:52
0d07a8,VOI7760,Mexico,35.2328,-119.5979,11391.9,205.57,306.55,False,2026-03-11 17:39:52
a3d4c6,DAL2652,United States,37.8036,-83.6606,11582.4,190.15,249.41,False,2026-03-11 17:39:52
a07fa5,N131HP,United States,42.4381,-122.3574,7010.4,147.2,178.2,False,2026-03-11 17:39:52
a01f0d,DAL907,United States,33.6434,-84.432,,1.03,255.94,True,2026-03-11 17:39:52
ad35cc,MTU50,United States,35.8642,-86.2798,1333.5,84.26,12.34,False,2026-03-11 17:39:52
aa127e,RPA3704,United States,41.6097,-87.7162,3680.46,151.49,149.6,False,2026-03-11 17:39:52
a9cb3e,N730CA,United States,28.9861,-81.1172,198.12,53.5,359.45,False,2026-03-11 17:39:52
a8b24c,N66EH,United States,34.322,-85.1043,914.4,53.51,142.03,False,2026-03-11 17:39:52
a9bbec,TCN726,United States,32.7181,-117.1261,266.7,69.18,286.41,False,2026-03-11 17:39:52
a1cdd8,UAL253,United States,28.9563,-96.5368,9974.58,231.1,291.14,False,2026-03-11 17:39:52
a59d09,N46078,United States,32.6494,-96.7871,518.16,41.64,242.8,False,2026-03-11 17:39:52
a0c7fb,N15BM,United States,36.9926,-120.8309,2461.26,82.67,317.77,False,2026-03-11 17:39:52
a184ca,N1972,United States,45.8272,-100.0743,13106.4,243.95,276.66,False,2026-03-11 17:39:52
a47d11,DAL813,United States,42.1631,-83.5552,2034.54,125.63,295.73,False,2026-03-11 17:39:52
a0179b,N105DJ,United States,28.652,-81.0002,1158.24,48.37,150.71,False,2026-03-11 17:39:52
ad50df,R20287,United States,35.1664,-78.8657,266.7,71.08,67.89,False,2026-03-11 17:39:52
ab7ea8,N84MW,United States,37.965,-78.0075,8351.52,213.61,220.02,False,2026-03-11 17:39:52
aa78b2,ENY4183,United States,41.4352,-88.5346,3398.52,205.49,41.75,False,2026-03-11 17:39:52
a30daf,VJA296,United States,39.2792,-74.1624,12192.0,196.75,220.23,False,2026-03-11 17:39:52
a7e58d,CXK339,United States,35.583,-80.2997,1211.58,34.39,231.07,False,2026-03-11 17:39:52
a3772d,EJA322,United States,39.5452,-102.2441,12192.0,135.69,274.35,False,2026-03-11 17:39:52
adfc83,VANDY70,United States,38.883,-104.4306,2941.32,111.61,154.62,False,2026-03-11 17:39:52
aa181e,N75EK,United States,34.4621,-117.6942,5935.98,223.6,119.04,False,2026-03-11 17:39:52
a1244b,UAL537,United States,34.1986,-104.6929,9753.6,213.04,326.92,False,2026-03-11 17:39:52
a7d267,N603AC,United States,34.9796,-110.6896,10668.0,240.45,45.26,False,2026-03-11 17:39:52
a54db3,OXF9750,United States,33.2527,-111.8387,1143.0,55.13,229.92,False,2026-03-11 17:39:52
a11d3c,DAL835,United States,40.8742,-110.4574,8938.26,281.21,97.46,False,2026-03-11 17:39:52
a3ad2d,N336MA,United States,28.8331,-81.8218,15.24,33.26,129.35,False,2026-03-11 17:39:52
ac3e13,SWA835,United States,36.2676,-113.288,10668.0,256.39,71.27,False,2026-03-11 17:39:52
ac581a,N895CA,United States,40.6538,-114.2697,12496.8,258.03,165.69,False,2026-03-11 17:39:52
a01781,N105CH,United States,29.1026,-81.1235,792.48,51.31,206.82,False,2026-03-11 17:39:52
a37738,ENY3935,United States,25.0726,-78.4742,9243.06,215.85,115.4,False,2026-03-11 17:39:52
a50757,LXJ423,United States,30.7455,-95.6767,13106.4,257.7,99.54,False,2026-03-11 17:39:52
a5b7c7,ERU468,United States,29.5296,-81.3793,708.66,55.9,14.93,False,2026-03-11 17:39:52
a0ade2,AAL2523,United States,31.7572,-82.154,10058.4,245.52,27.59,False,2026-03-11 17:39:52
a5074f,N423FP,United States,41.784,-111.8544,,0.06,28.12,True,2026-03-11 17:39:52
a554b1,N4422H,United States,32.8404,-117.2268,327.66,61.2,295.92,False,2026-03-11 17:39:52
a3ad50,FFY336,United States,29.806,-81.6593,1638.3,57.49,46.45,False,2026-03-11 17:39:52
a01799,N105DG,United States,30.3673,-90.2227,1196.34,86.88,252.42,False,2026-03-11 17:39:52
a1242d,UAL2050,United States,42.9324,-83.5596,9144.0,212.42,276.82,False,2026-03-11 17:39:52
a8f262,N676DW,United States,29.4688,-82.2025,1973.58,71.65,344.17,False,2026-03-11 17:39:52
71c362,AAR221,Republic of Korea,40.811,-73.5703,3398.52,187.5,333.43,False,2026-03-11 17:39:52
ace39d,N93DB,United States,37.3463,-101.0615,11277.6,240.82,166.41,False,2026-03-11 17:39:52
a89b9b,PDT5803,United States,37.8804,-78.742,2636.52,158.52,25.98,False,2026-03-11 17:39:52
a54294,GPD438,United States,26.8124,-81.3304,4960.62,134.48,286.22,False,2026-03-11 17:39:52
a7824e,DAL2226,United States,33.4049,-86.4504,10668.0,247.57,145.58,False,2026-03-11 17:39:52
ab1203,AAL2331,United States,41.4243,-81.8349,426.72,65.74,230.08,False,2026-03-11 17:39:52
a7cb53,DAL917,United States,46.5461,-89.6421,10347.96,184.52,266.48,False,2026-03-11 17:39:52
a171f7,N1920F,United States,38.3866,-121.3296,335.28,40.02,307.16,False,2026-03-11 17:39:52
a09a90,SKW4640,United States,40.229,-103.6677,6438.9,169.44,255.58,False,2026-03-11 17:39:52
a8fe5d,NKS1751,United States,32.9744,-93.2818,10683.24,256.81,91.61,False,2026-03-11 17:39:52
a47d4c,LXJ389,United States,30.0346,-90.0279,,0.0,233.44,True,2026-03-11 17:39:52
ab385e,AAL2624,United States,38.7571,-75.1287,10050.78,240.68,31.01,False,2026-03-11 17:39:52
a972be,SKW4245,United States,44.9624,-93.1058,2316.48,131.55,121.08,False,2026-03-11 17:39:52
c0314c,SUT3901,Canada,50.426,-123.652,8633.46,151.85,336.65,False,2026-03-11 17:39:52
a96be5,N706LU,United States,37.2427,-79.206,693.42,62.79,7.53,False,2026-03-11 17:39:52
a8056d,N616EA,United States,47.7616,-117.1452,1546.86,61.84,233.8,False,2026-03-11 17:39:52
a54299,UAL745,United States,36.6612,-88.7669,9745.98,225.67,311.21,False,2026-03-11 17:39:52
a865ed,N640HC,United States,33.2262,-96.3099,1836.42,132.95,273.33,False,2026-03-11 17:39:52
a48438,EJA390,United States,36.1017,-114.6367,7315.2,217.31,204.62,False,2026-03-11 17:39:52
a2edf2,N288Z,United States,41.4502,-74.1466,937.26,123.41,97.18,False,2026-03-11 17:39:52
c03140,ASP556,Canada,43.6793,-73.406,11666.22,182.5,356.28,False,2026-03-11 17:39:52
ad7828,SWA3196,United States,36.4157,-87.7809,8663.94,196.65,283.31,False,2026-03-11 17:39:52
a46a0b,N3839J,United States,34.9983,-77.866,2377.44,54.5,213.84,False,2026-03-11 17:39:52
a3776f,AAL1523,United States,32.5931,-97.1523,1836.42,126.01,140.13,False,2026-03-11 17:39:52
a8f236,N676CB,United States,36.6356,-76.4734,868.68,60.27,346.68,False,2026-03-11 17:39:52
adf06d,DAL441,United States,30.8834,-91.9953,10058.4,266.51,86.35,False,2026-03-11 17:39:52
a9d5e5,UAL1212,United States,34.4363,-118.2457,11277.6,244.4,130.73,False,2026-03-11 17:39:52
a2dac0,N283SR,United States,27.4315,-80.1153,2407.92,97.32,300.5,False,2026-03-11 17:39:52
a1c1c7,RPA5615,United States,38.2902,-85.5995,1257.3,133.61,317.34,False,2026-03-11 17:39:52
a447f6,N375SH,United States,34.6497,-88.5325,3870.96,146.93,247.57,False,2026-03-11 17:39:52
a28adf,N263HP,United States,38.9108,-121.5428,1844.04,74.62,326.53,False,2026-03-11 17:39:52
a47d46,FFT685,United States,39.8553,-104.6727,,0.0,90.0,True,2026-03-11 17:39:52
a7cb2a,N601CB,United States,32.9355,-84.3692,13716.0,178.22,347.33,False,2026-03-11 17:39:52
a9e8e3,N738BG,United States,35.2414,-80.9929,1242.06,33.13,295.77,False,2026-03-11 17:39:52
ab6bc6,JRE835,United States,38.7496,-94.8917,701.04,51.96,0.0,False,2026-03-11 17:39:52
ab72b3,DAL889,United States,47.4093,-100.9388,10363.2,213.0,275.68,False,2026-03-11 17:39:52
a35d58,N316CL,United States,33.5995,-82.7603,9144.0,248.5,110.99,False,2026-03-11 17:39:52
a25785,EJM793,United States,33.9753,-77.808,13106.4,216.59,195.85,False,2026-03-11 17:39:52
ab0b42,VXP324,United States,39.0396,-74.6658,9601.2,217.11,39.42,False,2026-03-11 17:39:52
ac3e3a,SWA3905,United States,37.9997,-90.5497,10972.8,178.54,217.86,False,2026-03-11 17:39:52
a91225,CXK1063,United States,26.6732,-82.2689,1584.96,66.75,353.81,False,2026-03-11 17:39:52
a6ab95,N529NM,United States,40.1264,-87.7308,13106.4,162.25,224.23,False,2026-03-11 17:39:52
ab3895,N822DA,United States,29.6727,-95.6611,274.32,57.25,175.88,False,2026-03-11 17:39:52
a6b269,N530WH,United States,40.2383,-104.7865,1524.0,1.46,135.0,False,2026-03-11 17:39:52
a23138,ENY4108,United States,25.5489,-79.4198,2583.18,148.55,209.23,False,2026-03-11 17:39:52
a1c1a0,ASA971,United States,33.7977,-118.8517,3566.16,178.21,280.14,False,2026-03-11 17:39:52
a9cecd,ASA543,United States,40.6527,-111.8744,10363.2,196.12,321.18,False,2026-03-11 17:39:52
a7de93,EDV5119,United States,37.5173,-77.0501,6720.84,201.92,199.5,False,2026-03-11 17:39:52
a7cb67,JIA5663,United States,36.4117,-88.8653,10363.2,200.89,281.97,False,2026-03-11 17:39:52
a22a3d,N239DC,United States,41.828,-111.8452,1600.2,38.81,345.41,False,2026-03-11 17:39:52
c0315b,ASP565,Canada,36.0819,-115.1707,,0.0,270.0,True,2026-03-11 17:39:52
aa4c87,UAL1362,United States,38.7176,-97.6455,10668.0,266.33,99.23,False,2026-03-11 17:39:52
a1bac2,AAY2984,United States,30.8914,-82.6258,10660.38,230.12,7.97,False,2026-03-11 17:39:52
a50725,DAL59,United States,43.7698,-69.5774,7315.2,204.0,203.01,False,2026-03-11 17:39:52
a0a1d2,N14RD,United States,35.6642,-97.3475,853.44,67.49,303.81,False,2026-03-11 17:39:52
a35109,JBU1822,United States,27.0944,-82.5488,10058.4,243.88,122.68,False,2026-03-11 17:39:52
06a066,QTR23K,Qatar,45.5663,-81.5682,9448.8,307.81,61.34,False,2026-03-11 17:39:52
a6ab89,JTZ529,United States,47.0607,-117.234,13106.4,196.07,332.16,False,2026-03-11 17:39:52
a29dee,ENY4296,United States,27.4547,-82.6231,381.0,68.76,134.09,False,2026-03-11 17:39:52
a1e902,LXJ222,United States,30.1072,-92.08,13106.4,221.57,292.81,False,2026-03-11 17:39:52
a794d9,JIA5096,United States,34.0822,-83.0369,10668.0,265.51,58.07,False,2026-03-11 17:39:52
a5079d,N423JS,United States,29.0844,-81.0405,-22.86,35.92,231.98,False,2026-03-11 17:39:52
ac4ffb,SWA1071,United States,42.6197,-96.3431,10972.8,197.01,265.96,False,2026-03-11 17:39:52
a46a72,DAL1841,United States,32.9395,-83.5592,4838.7,185.12,318.38,False,2026-03-11 17:39:52
a269a6,N25469,United States,26.9637,-81.6165,1005.84,52.08,317.8,False,2026-03-11 17:39:52
a0c914,NJM15,United States,35.4799,-108.9106,13716.0,252.56,97.26,False,2026-03-11 17:39:52
ac9f5f,,United States,30.6147,-97.524,1310.64,50.63,84.75,False,2026-03-11 17:39:52
a8b73c,N66046,United States,26.5974,-80.0857,,4.37,331.88,True,2026-03-11 17:39:52
ad6fef,NKS551,United States,32.988,-84.287,11574.78,220.55,349.11,False,2026-03-11 17:39:52
a58a67,SWA1845,United States,35.9563,-95.9708,1485.9,79.7,50.76,False,2026-03-11 17:39:52
c0576b,CNK55,Canada,52.6872,-113.1699,5791.2,146.49,13.4,False,2026-03-11 17:39:52
ab6c5c,EJA835,United States,37.0066,-107.5167,10972.8,222.16,241.36,False,2026-03-11 17:39:52
aaa342,ENY4090,United States,28.123,-97.3221,9144.0,203.74,170.85,False,2026-03-11 17:39:52
a05f31,DAL1561,United States,42.3184,-74.8359,6522.72,197.63,116.43,False,2026-03-11 17:39:52
ab6020,DAL2129,United States,29.1527,-83.29,10668.0,246.65,156.0,False,2026-03-11 17:39:52
a6aaa9,N529DA,United States,38.5503,-121.8403,1242.06,45.73,342.99,False,2026-03-11 17:39:52
aca6c0,AAL1253,United States,42.1571,-88.783,6080.76,176.8,283.63,False,2026-03-11 17:39:52
a9741a,N619LB,United States,30.1931,-90.7839,10058.4,173.21,74.85,False,2026-03-11 17:39:52
abbc52,SWA4492,United States,33.5798,-111.9319,2186.94,153.9,161.69,False,2026-03-11 17:39:52
a9d738,N733LP,United States,28.5211,-80.8258,220.98,49.91,358.82,False,2026-03-11 17:39:52
a17f0e,CVU96,United States,35.9736,-113.9844,2065.02,78.8,97.13,False,2026-03-11 17:39:52
a661bf,DAL2399,United States,43.3789,-86.3928,7010.4,264.79,94.68,False,2026-03-11 17:39:52
ae1c17,CARGO99,United States,31.5182,-85.223,144.78,40.65,178.55,False,2026-03-11 17:39:52
a149c1,SKW3345,United States,44.3004,-122.0276,10363.2,152.65,286.85,False,2026-03-11 17:39:52
a2090d,FFT3293,United States,35.8177,-97.1032,10980.42,216.73,305.73,False,2026-03-11 17:39:52
a9bd18,N7266Z,United States,30.5825,-97.7453,1645.92,71.2,139.98,False,2026-03-11 17:39:52
c03109,SUT3802,Canada,51.0325,-124.7987,6096.0,114.59,325.24,False,2026-03-11 17:39:52
a794d0,N588ND,United States,28.688,-81.5741,243.84,43.08,229.84,False,2026-03-11 17:39:52
ac9f88,EJA912,United States,35.4709,-95.5459,13106.4,183.12,274.19,False,2026-03-11 17:39:52
a8540b,PDT5804,United States,42.2077,-72.1828,1074.42,145.66,8.53,False,2026-03-11 17:39:52
acb9ed,AAL886,United States,25.8638,-84.9627,9745.98,237.76,212.45,False,2026-03-11 17:39:52
ad6ff2,AAL3329,United States,34.7636,-82.1063,10363.2,195.91,235.81,False,2026-03-11 17:39:52
a96109,JIA5262,United States,41.6871,-87.9924,2743.2,130.69,185.19,False,2026-03-11 17:39:52
aca6f6,EJA914,United States,41.6035,-107.0355,13106.4,184.49,313.53,False,2026-03-11 17:39:52
a3a175,N333FD,United States,34.6561,-79.6296,5135.88,150.81,138.04,False,2026-03-11 17:39:52
a2e1ce,AAY4766,United States,38.0892,-91.7006,10972.8,171.13,227.44,False,2026-03-11 17:39:52
a77ae0,DAL1705,United States,33.8898,-82.5357,9144.0,231.99,343.78,False,2026-03-11 17:39:52
a7e4d6,N6079C,United States,32.7471,-111.5808,967.74,57.59,138.62,False,2026-03-11 17:39:52
a1c1f0,EJM3,United States,38.0276,-75.4907,13106.4,229.02,219.81,False,2026-03-11 17:39:52
a301e7,N293PC,United States,34.4487,-81.5309,2407.92,81.75,331.02,False,2026-03-11 17:39:52
ac43cc,FFL854,United States,31.0844,-87.7001,12192.0,118.24,277.25,False,2026-03-11 17:39:52
ab10d4,ASA5,United States,37.6829,-92.5524,10363.2,186.75,269.53,False,2026-03-11 17:39:52
a97401,N708TT,United States,30.1328,-97.6538,388.62,72.74,345.67,False,2026-03-11 17:39:52
a84d62,JBU144,United States,30.0199,-78.5779,11277.6,216.12,6.97,False,2026-03-11 17:39:52
a07924,N13DA,United States,41.7827,-111.8534,,0.0,157.5,True,2026-03-11 17:39:52
ab7376,DAL1658,United States,28.9458,-81.581,7185.66,231.48,354.64,False,2026-03-11 17:39:52
a804e2,N61588,United States,25.7146,-80.6468,518.16,58.93,343.78,False,2026-03-11 17:39:52
a9d700,N733JH,United States,33.9436,-117.4881,449.58,44.92,103.24,False,2026-03-11 17:39:52
ab10cb,AAL1777,United States,29.2995,-88.8871,12184.38,232.88,302.92,False,2026-03-11 17:39:52
a434f9,DAL628,United States,36.639,-109.0996,10668.0,242.73,170.98,False,2026-03-11 17:39:52
a89ab5,N6533W,United States,33.4617,-112.9513,1744.98,60.92,274.84,False,2026-03-11 17:39:52
a9d718,N733KG,United States,40.9573,-74.3156,121.92,31.02,174.29,False,2026-03-11 17:39:52
a84112,N6307J,United States,32.8082,-97.3587,243.84,32.1,353.56,False,2026-03-11 17:39:52
c04453,WJA2170,Canada,35.8575,-105.7114,11277.6,255.58,143.43,False,2026-03-11 17:39:52
a301d8,ENY3993,United States,42.3036,-79.3505,8503.92,247.93,3.57,False,2026-03-11 17:39:52
a2dae0,N283TY,United States,32.1308,-111.0524,868.68,41.34,106.63,False,2026-03-11 17:39:52
a434de,N370M,United States,46.8768,-96.8167,419.1,55.57,1.06,False,2026-03-11 17:39:52
a0c903,N15NA,United States,30.6922,-97.6775,289.56,58.21,183.04,False,2026-03-11 17:39:52
acdc40,DAL2397,United States,37.9684,-78.9951,10972.8,216.8,232.42,False,2026-03-11 17:39:52
af4f2f,SHWK412,United States,32.5774,-117.2979,-91.44,1.03,270.0,False,2026-03-11 17:39:52
a6aaba,DAL546,United States,37.951,-86.6813,10675.62,281.93,90.52,False,2026-03-11 17:39:52
a3a190,N333GF,United States,30.6942,-97.6773,297.18,48.46,183.65,False,2026-03-11 17:39:52
a421b0,N3653R,United States,35.858,-115.4311,1699.26,56.54,172.68,False,2026-03-11 17:39:52
a19910,JBU1818,United States,39.8514,-73.0409,5516.88,189.28,279.39,False,2026-03-11 17:39:52
ac30c0,DAL662,United States,37.1128,-91.1186,10058.4,245.19,114.41,False,2026-03-11 17:39:52
ac801e,EDV5431,United States,37.7264,-76.7792,10058.4,233.59,27.98,False,2026-03-11 17:39:52
ab10df,AAL3162,United States,40.0063,-81.4844,10965.18,201.21,268.53,False,2026-03-11 17:39:52
acdc5a,SKW5088,United States,30.2763,-92.4118,9448.8,252.38,77.52,False,2026-03-11 17:39:52
a7f7a0,SKW6279,United States,34.5668,-111.4779,8877.3,222.34,24.9,False,2026-03-11 17:39:52
a66dc4,LFA311,United States,30.3033,-81.7517,845.82,55.85,58.95,False,2026-03-11 17:39:52
aa4bc0,N7623J,United States,33.1226,-117.3047,220.98,45.17,255.49,False,2026-03-11 17:39:52
a149f1,AAL3039,United States,26.8039,-80.14,1150.62,118.3,264.76,False,2026-03-11 17:39:52
c0572b,CGHAG,Canada,48.4243,-123.3945,0.0,33.02,71.85,False,2026-03-11 17:39:52
a73410,SWA655,United States,32.4994,-85.0187,11887.2,233.33,164.0,False,2026-03-11 17:39:52
abbc75,SWA1915,United States,33.6314,-79.926,11277.6,248.96,35.5,False,2026-03-11 17:39:52
ab7394,AAL2851,United States,29.705,-97.4165,9761.22,189.62,189.05,False,2026-03-11 17:39:52
a17303,N19274,United States,33.8849,-84.2988,304.8,37.81,194.98,False,2026-03-11 17:39:52
a817b1,QXE2199,United States,43.5026,-115.0553,6461.76,240.9,124.91,False,2026-03-11 17:39:52
a0664b,N125AF,United States,40.6145,-76.1734,2011.68,95.09,166.87,False,2026-03-11 17:39:52
a3b454,VJA338,United States,37.3618,-121.9308,,4.12,120.94,True,2026-03-11 17:39:52
ab738b,NDU837,United States,32.9236,-111.8314,701.04,49.27,61.29,False,2026-03-11 17:39:52
a44917,,United States,33.9423,-118.3992,,0.51,261.56,True,2026-03-11 17:39:52
a12ff9,FDX3604,United States,40.0347,-90.8425,10675.62,281.3,101.93,False,2026-03-11 17:39:52
abd69d,DAL799,United States,35.6297,-115.7828,9448.8,248.36,47.69,False,2026-03-11 17:39:52
a0af51,N143RE,United States,40.8413,-74.0616,,7.46,5.62,True,2026-03-11 17:39:52
a72d13,N56101,United States,39.1976,-74.9985,1432.56,87.38,77.76,False,2026-03-11 17:39:52
ac30dc,ERU885,United States,29.4039,-81.0937,571.5,54.38,156.59,False,2026-03-11 17:39:52
a12fda,DAL767,United States,41.1076,-81.5097,9151.62,217.72,277.06,False,2026-03-11 17:39:52
aa0533,ABX5197,United States,38.6428,-120.4382,6804.66,230.55,91.53,False,2026-03-11 17:39:52
ad1697,SWA1570,United States,36.6371,-86.9879,2887.98,132.76,154.03,False,2026-03-11 17:39:52
a78da1,EJA586,United States,33.0978,-84.52,13106.4,199.79,330.2,False,2026-03-11 17:39:52
a04c50,N1180N,United States,28.0054,-80.5966,541.02,48.83,200.34,False,2026-03-11 17:39:52
a6141b,LFA473,United States,28.6737,-81.0806,822.96,63.31,178.14,False,2026-03-11 17:39:52
a5f432,ERU483,United States,28.7474,-80.8446,571.5,59.52,337.65,False,2026-03-11 17:39:52
a5a4c1,AAL2240,United States,36.5365,-89.6278,9144.0,201.66,270.0,False,2026-03-11 17:39:52
ad036e,AAL1539,United States,34.1292,-110.2912,10058.4,241.02,68.2,False,2026-03-11 17:39:52
c0440e,ACA137,Canada,49.8929,-94.2034,10370.82,224.56,295.8,False,2026-03-11 17:39:52
ad036b,ASA248,United States,31.3785,-91.0027,10980.42,195.33,236.06,False,2026-03-11 17:39:52
a46a7e,DAL2536,United States,34.0588,-77.9531,10668.0,221.99,7.32,False,2026-03-11 17:39:52
c02a12,CFPYF,Canada,51.1037,-114.3641,,0.0,8.44,True,2026-03-11 17:39:52
a3ad88,EJA336,United States,40.7747,-111.962,1143.0,57.62,0.0,False,2026-03-11 17:39:52
acd03d,N9246N,United States,33.0674,-117.0995,1463.04,45.18,149.93,False,2026-03-11 17:39:52
a78dd2,FFL1216,United States,33.4196,-96.0463,2103.12,90.55,36.22,False,2026-03-11 17:39:52
a8672f,N640W,United States,38.9688,-77.453,,0.0,129.38,True,2026-03-11 17:39:52
a59d5f,AAL824,United States,36.5214,-98.4665,9761.22,216.63,263.04,False,2026-03-11 17:39:52
ad0373,DAL1418,United States,33.2428,-85.9195,8069.58,202.47,253.31,False,2026-03-11 17:39:52
a4d44a,BYF18,United States,37.5059,-122.3331,792.48,56.38,117.73,False,2026-03-11 17:39:52
aa183b,N75FP,United States,36.006,-95.7181,1432.56,58.73,3.01,False,2026-03-11 17:39:52
c04413,ROU1932,Canada,52.1734,-106.7021,,8.75,281.25,True,2026-03-11 17:39:52
a4848b,N390U,United States,45.0128,-94.5512,1325.88,72.04,281.95,False,2026-03-11 17:39:52
a2e1fd,EJA285,United States,31.8654,-106.7253,13098.78,218.73,284.3,False,2026-03-11 17:39:52
a48499,UPS5981,United States,38.3893,-90.1293,9456.42,249.67,131.41,False,2026-03-11 17:39:52
a4d454,N410CB,United States,32.6885,-96.8668,236.22,36.01,180.0,False,2026-03-11 17:39:52
a3a152,DAL856,United States,40.7721,-73.8596,,5.4,300.94,True,2026-03-11 17:39:52
a44969,DAL2214,United States,40.3164,-106.6214,10675.62,295.19,111.47,False,2026-03-11 17:39:52
a84187,VAR631,United States,33.8555,-113.1746,2202.18,74.29,120.83,False,2026-03-11 17:39:52
ac0912,ES805,United States,38.4474,-121.346,342.9,47.03,19.82,False,2026-03-11 17:39:52
a003f9,N10SP,United States,38.9238,-84.7715,518.16,52.1,350.91,False,2026-03-11 17:39:52
aaaf07,N788JA,United States,28.8045,-81.6501,441.96,44.88,154.9,False,2026-03-11 17:39:52
a9bd90,N727AC,United States,40.9857,-73.1888,701.04,69.43,39.59,False,2026-03-11 17:39:52
a44960,UAL1449,United States,40.2566,-74.9031,2667.0,172.45,45.97,False,2026-03-11 17:39:52
a8a490,RPA4468,United States,41.0223,-82.68,10668.0,260.54,83.31,False,2026-03-11 17:39:52
a3aca6,FFT1688,United States,26.593,-81.5986,6743.7,214.42,126.51,False,2026-03-11 17:39:52
a123e0,UAL1975,United States,37.3298,-84.3128,10668.0,265.55,93.89,False,2026-03-11 17:39:52
ae21da,HOPE02,United States,41.4066,-71.4815,762.0,76.74,76.43,False,2026-03-11 17:39:52
a42f3c,N369RK,United States,31.4424,-91.5894,5821.68,117.32,88.74,False,2026-03-11 17:39:52
a44963,UAL441,United States,41.4448,-87.7382,5135.88,185.39,159.7,False,2026-03-11 17:39:52
a123e3,UAL2176,United States,29.3814,-81.1305,10972.8,249.7,168.71,False,2026-03-11 17:39:52
a1b001,N208CV,United States,33.4069,-118.4126,381.0,40.67,235.3,False,2026-03-11 17:39:52
a4dfb9,ERU413,United States,29.1807,-81.0455,-22.86,32.23,245.48,False,2026-03-11 17:39:52
a7d1ef,N6026Z,United States,39.8091,-104.5441,1874.52,50.73,276.4,False,2026-03-11 17:39:52
adb476,AAL3213,United States,26.6768,-110.7348,10050.78,238.72,172.45,False,2026-03-11 17:39:52
a6fa94,JIA5291,United States,31.9183,-94.7942,9890.76,200.62,285.93,False,2026-03-11 17:39:52
a3b3a0,N338B,United States,26.04,-79.2065,4183.38,144.45,122.05,False,2026-03-11 17:39:52
a29328,N265SH,United States,34.0942,-80.7569,1181.1,156.21,72.76,False,2026-03-11 17:39:52
a6fa8b,N549ND,United States,39.8215,-104.1485,2712.72,34.7,344.52,False,2026-03-11 17:39:52
a0a30e,DAL2917,United States,42.9519,-85.9814,7795.26,265.1,88.0,False,2026-03-11 17:39:52
ae6a96,KNIFE88,United States,33.7926,-118.0533,,0.0,168.75,True,2026-03-11 17:39:52
a44943,DAL2835,United States,43.719,-79.6093,769.62,107.47,35.06,False,2026-03-11 17:39:52
a6893e,DAL328,United States,44.8548,-117.7866,10066.02,295.4,110.17,False,2026-03-11 17:39:52
a4dfd2,FFT2259,United States,43.5162,-122.2971,10363.2,193.05,332.55,False,2026-03-11 17:39:52
abe90e,N867CD,United States,33.8395,-116.5036,396.24,73.84,50.65,False,2026-03-11 17:39:52
a389de,N327RX,United States,39.0791,-75.3698,11567.16,215.24,222.19,False,2026-03-11 17:39:52
a759cc,N573CM,United States,29.9594,-92.1801,7040.88,198.7,97.44,False,2026-03-11 17:39:52
a54312,RPA4606,United States,35.0105,-82.797,8671.56,214.64,224.22,False,2026-03-11 17:39:52
ada167,ASA522,United States,46.2327,-114.0677,10668.0,283.76,104.92,False,2026-03-11 17:39:52
407cf7,DHK053,United Kingdom,48.0267,-73.9157,11277.6,310.05,78.22,False,2026-03-11 17:39:52
a4e6d4,CTL101,United States,41.7743,-87.788,609.6,67.92,213.57,False,2026-03-11 17:39:52
a4d3a6,N41VD,United States,39.1143,-74.3412,13098.78,222.7,220.13,False,2026-03-11 17:39:52
ace1fe,N9290N,United States,28.7589,-81.2034,251.46,45.56,263.52,False,2026-03-11 17:39:52
abe930,DAL1826,United States,38.2687,-101.9085,10363.2,215.12,222.96,False,2026-03-11 17:39:52
a20980,N230LF,United States,38.4688,-99.8955,12192.0,193.76,290.84,False,2026-03-11 17:39:52
a1cf48,JBU177,United States,43.0613,-89.9118,9753.6,187.89,265.29,False,2026-03-11 17:39:52
a4491d,UAL1701,United States,33.3733,-78.0575,10668.0,227.1,7.16,False,2026-03-11 17:39:52
a4491c,UAL2852,United States,27.415,-84.3447,10668.0,253.54,101.47,False,2026-03-11 17:39:52
a136f6,N178AS,United States,40.9546,-83.6517,14325.6,211.53,271.67,False,2026-03-11 17:39:52
a136f7,N178AT,United States,26.0809,-80.6402,1158.24,84.47,317.47,False,2026-03-11 17:39:52
ac4fb5,SWA4003,United States,39.8776,-104.6617,,0.0,90.0,True,2026-03-11 17:39:52
a4491f,DAL1002,United States,36.1435,-87.5009,9753.6,209.38,270.28,False,2026-03-11 17:39:52
aaaf2b,N788KM,United States,33.3725,-116.3841,2659.38,73.98,36.23,False,2026-03-11 17:39:52
aac954,UAL1380,United States,29.0335,-95.9595,7924.8,207.76,228.61,False,2026-03-11 17:39:52
a9bd50,N7268K,United States,47.6577,-117.1351,2049.78,80.05,52.84,False,2026-03-11 17:39:52
ad292a,SWA3246,United States,37.2652,-77.8439,8839.2,239.74,44.39,False,2026-03-11 17:39:52
a2ef8e,N289BL,United States,27.6688,-81.8737,990.6,49.46,198.81,False,2026-03-11 17:39:52
aa9a7a,SWA2777,United States,33.0607,-91.4819,11582.4,225.7,340.28,False,2026-03-11 17:39:52
a41014,XSR361,United States,33.3508,-97.2429,2049.78,147.07,118.18,False,2026-03-11 17:39:52
a01805,RPA4700,United States,39.54,-80.1049,8839.2,229.74,113.35,False,2026-03-11 17:39:52
868db5,ANA8402,Japan,45.6075,-100.3171,10668.0,284.37,108.24,False,2026-03-11 17:39:52
abcf2f,DAL1571,United States,33.6319,-84.3769,464.82,79.23,270.37,False,2026-03-11 17:39:52
abd627,SWA462,United States,39.8634,-104.6664,,0.0,180.0,True,2026-03-11 17:39:52
c03bf2,WJA519,Canada,50.9235,-116.6826,11582.4,190.91,261.48,False,2026-03-11 17:39:52
c03bf5,WJA271,Canada,50.1204,-119.5331,9144.0,161.23,250.81,False,2026-03-11 17:39:52
a17390,,United States,28.0958,-81.7029,213.36,43.12,324.22,False,2026-03-11 17:39:52
a1bc79,AVL232,United States,39.0911,-77.5985,419.1,57.12,308.42,False,2026-03-11 17:39:52
ada16f,DAL2778,United States,33.6909,-85.8509,7467.6,199.11,269.11,False,2026-03-11 17:39:52
a519b8,DAL777,United States,35.749,-114.0691,4892.04,170.97,278.13,False,2026-03-11 17:39:52
0d0eb6,AMX622,Mexico,34.9556,-119.1023,10972.8,216.61,305.92,False,2026-03-11 17:39:52
ad0f29,SWA3881,United States,37.6567,-81.9393,11887.2,259.09,78.78,False,2026-03-11 17:39:52
a230d6,RPA5693,United States,38.9948,-76.6784,3832.86,186.14,41.98,False,2026-03-11 17:39:52
a90ab9,VAR682,United States,33.4302,-112.3672,,6.43,39.38,True,2026-03-11 17:39:52
a376ec,DAL1472,United States,29.0003,-83.232,11269.98,243.74,159.23,False,2026-03-11 17:39:52
a44988,DAL462,United States,33.5075,-111.6452,11277.6,243.68,75.7,False,2026-03-11 17:39:52
aa51dd,N764RB,United States,28.5216,-82.2177,2369.82,90.46,326.13,False,2026-03-11 17:39:52
a30f85,ASA640,United States,47.4595,-115.6899,10370.82,170.05,275.56,False,2026-03-11 17:39:52
a44982,UAL1699,United States,38.9106,-97.5446,8839.2,269.88,104.01,False,2026-03-11 17:39:52
ac56d9,SWA681,United States,39.561,-82.924,3512.82,203.65,55.19,False,2026-03-11 17:39:52
a44981,UAL1181,United States,31.0521,-103.3394,10058.4,246.16,107.64,False,2026-03-11 17:39:52
a7d1e8,BPX253,United States,26.0184,-80.2642,175.26,54.02,270.55,False,2026-03-11 17:39:52
a924d9,SKW4173,United States,46.5102,-96.3481,9753.6,216.13,305.51,False,2026-03-11 17:39:52
ac56ba,SWA3877,United States,30.2946,-90.4922,11582.4,205.27,299.58,False,2026-03-11 17:39:52
a243cb,ENY3672,United States,30.2074,-98.3599,8846.82,269.21,8.9,False,2026-03-11 17:39:52
ac9f52,AAL3091,United States,29.0458,-81.0958,11582.4,250.31,153.38,False,2026-03-11 17:39:52
a42f65,N369TA,United States,38.8387,-76.5994,213.36,15.78,70.97,False,2026-03-11 17:39:52
aaa326,AAL95,United States,40.6307,-73.7728,,7.72,300.94,True,2026-03-11 17:39:52
a16037,AAL2321,United States,27.764,-85.3965,9189.72,223.66,286.43,False,2026-03-11 17:39:52
a1bc3b,N21022,United States,29.1967,-81.0698,2834.64,50.15,153.17,False,2026-03-11 17:39:52
a4f9c6,N42FC,United States,39.9392,-114.2245,8534.4,113.84,350.11,False,2026-03-11 17:39:52
a7cade,N6009M,United States,32.9195,-111.61,891.54,51.61,85.43,False,2026-03-11 17:39:52
a4dfa5,CST11,United States,31.2426,-78.1513,11887.2,204.01,8.7,False,2026-03-11 17:39:52
a0405c,N115SF,United States,40.6818,-122.3485,205.74,27.5,277.52,False,2026-03-11 17:39:52
a4495d,UAL1922,United States,41.9573,-87.895,259.08,67.39,270.0,False,2026-03-11 17:39:52
a4495c,UAL2248,United States,32.7836,-108.8916,10972.8,216.56,282.48,False,2026-03-11 17:39:52
abcf58,FDX630,United States,45.3946,-114.3146,11887.2,298.69,117.71,False,2026-03-11 17:39:52
a3a0cc,UAL528,United States,40.0909,-96.2701,7924.8,207.22,204.34,False,2026-03-11 17:39:52
ab1122,DAL1998,United States,30.1129,-103.7524,9144.0,255.17,218.53,False,2026-03-11 17:39:52
ad7754,N967NA,United States,30.6507,-84.8309,8534.4,232.92,298.21,False,2026-03-11 17:39:52
aaf111,DAL411,United States,27.4059,-82.567,-15.24,77.48,134.73,False,2026-03-11 17:39:52
aaaddc,SWA188,United States,32.9615,-94.6554,12397.74,263.94,83.73,False,2026-03-11 17:39:52
a2dc9f,N2838Q,United States,37.4899,-121.8438,975.36,39.45,337.78,False,2026-03-11 17:39:52
a9d6b3,N733FF,United States,43.0534,-106.8286,2560.32,50.79,173.02,False,2026-03-11 17:39:52
ac9de3,N9118S,United States,27.8292,-82.3653,259.08,49.49,136.68,False,2026-03-11 17:39:52
a7df61,SKW4759,United States,41.5018,-102.8882,10668.0,239.81,54.61,False,2026-03-11 17:39:52
ac5765,SWA489,United States,33.3365,-91.8645,11277.6,266.9,84.03,False,2026-03-11 17:39:52
a613e0,ASA133,United States,47.0338,-122.5203,4175.76,165.51,16.8,False,2026-03-11 17:39:52
ad7760,AAL3024,United States,41.9877,-87.5394,1569.72,103.92,270.28,False,2026-03-11 17:39:52
a866e7,N640TC,United States,40.7442,-112.4003,1767.84,72.83,351.47,False,2026-03-11 17:39:52
aaadf8,SWA2411,United States,38.8046,-80.6507,10972.8,195.15,267.58,False,2026-03-11 17:39:52
a1b084,N208JA,United States,38.2669,-77.2114,594.36,73.63,117.46,False,2026-03-11 17:39:52
ac2a33,AAL1887,United States,31.1287,-87.4645,10668.0,262.06,105.02,False,2026-03-11 17:39:52
ac576e,N8946V,United States,29.8153,-98.0969,1158.24,35.17,5.88,False,2026-03-11 17:39:52
0d038e,XCSST,Mexico,25.8327,-100.2351,1196.34,90.91,214.86,False,2026-03-11 17:39:52
a6b324,MMY95,United States,40.2955,-122.4274,1211.58,30.46,15.68,False,2026-03-11 17:39:52
c055d2,JZA339,Canada,53.1023,-122.6717,5433.06,142.37,349.38,False,2026-03-11 17:39:52
a92664,N689TW,United States,37.1496,-110.837,13716.0,224.76,65.96,False,2026-03-11 17:39:52
c00879,CAV113,Canada,50.9296,-97.0117,7467.6,148.04,175.82,False,2026-03-11 17:39:52
a93997,PDT5817,United States,40.2486,-77.1968,5516.88,233.83,98.09,False,2026-03-11 17:39:52
a7e630,JIA5490,United States,40.3309,-80.0514,9448.8,269.06,90.44,False,2026-03-11 17:39:52
a3a0eb,UAL2037,United States,41.9872,-88.0242,1150.62,111.98,274.48,False,2026-03-11 17:39:52
a3a0ed,UAL4196,United States,25.8805,-84.0957,11582.4,200.04,263.06,False,2026-03-11 17:39:52
a29391,SWA1639,United States,38.2737,-102.4604,10058.4,268.63,103.85,False,2026-03-11 17:39:52
a8ff1b,N679W,United States,37.7642,-103.7001,9753.6,211.66,267.35,False,2026-03-11 17:39:52
c055eb,JZA392,Canada,50.7124,-114.6322,7612.38,186.41,80.15,False,2026-03-11 17:39:52
aa5f7c,CKS528,United States,37.8677,-125.6751,11582.4,224.85,284.58,False,2026-03-11 17:39:52
a4c0db,SKW3333,United States,37.8329,-122.4272,1097.28,111.48,248.05,False,2026-03-11 17:39:52
ab113e,ERU812,United States,28.1049,-80.6721,53.34,27.27,88.92,False,2026-03-11 17:39:52
aa4c3e,UAL2637,United States,41.733,-101.512,11277.6,268.98,78.3,False,2026-03-11 17:39:52
a77035,DAL820,United States,40.7902,-111.9749,1143.0,86.26,354.87,False,2026-03-11 17:39:52
ab84ff,EJA841,United States,35.8264,-80.5298,11437.62,237.84,8.71,False,2026-03-11 17:39:52
ab6af3,CNS101,United States,34.5433,-81.5498,2712.72,141.53,59.89,False,2026-03-11 17:39:52
a7e666,EJA608,United States,38.4852,-96.6839,5821.68,168.25,217.92,False,2026-03-11 17:39:52
a483e7,PGR1390,United States,37.3584,-121.9252,,61.73,320.62,True,2026-03-11 17:39:52
a733e6,AAL80G,United States,35.3941,-109.8976,9151.62,205.01,272.88,False,2026-03-11 17:39:52
a6bf7c,N534CA,United States,32.468,-96.9097,281.94,35.12,264.96,False,2026-03-11 17:39:52
a9d6a5,N733ES,United States,33.5215,-97.152,1059.18,64.41,176.79,False,2026-03-11 17:39:52
a6504b,ASA1,United States,47.5812,-114.9353,10972.8,180.42,255.81,False,2026-03-11 17:39:52
a6bf7e,N534CC,United States,39.3838,-84.4757,1074.42,127.06,108.66,False,2026-03-11 17:39:52
a1bc92,JBU2511,United States,37.9694,-83.6125,10363.2,201.55,254.76,False,2026-03-11 17:39:52
ab0a73,RPA5623,United States,40.7002,-76.4657,10972.8,184.53,281.09,False,2026-03-11 17:39:52
c055e9,JZA133,Canada,51.2618,-113.989,1783.08,97.85,182.71,False,2026-03-11 17:39:52
a80677,EJA616,United States,37.678,-122.5067,1950.72,128.45,313.54,False,2026-03-11 17:39:52
a4c0eb,N405TP,United States,33.5729,-112.2046,1112.52,64.11,22.66,False,2026-03-11 17:39:52
a3f06f,N353F,United States,26.7114,-80.403,2057.4,72.65,356.75,False,2026-03-11 17:39:52
a5e0d3,SWA2368,United States,33.4823,-88.9612,10972.8,194.47,269.55,False,2026-03-11 17:39:52
a496fd,N395SS,United States,45.0376,-91.2879,10972.8,156.49,291.0,False,2026-03-11 17:39:52
aca760,AAL1340,United States,27.9714,-85.6166,10355.58,218.6,283.61,False,2026-03-11 17:39:52
a078aa,N12980,United States,33.8035,-117.1108,1584.96,50.79,173.02,False,2026-03-11 17:39:52
aa797d,SKW6304,United States,33.7644,-111.8856,5532.12,190.62,44.78,False,2026-03-11 17:39:52
aa4c42,UAL1452,United States,37.0445,-101.5132,10363.2,228.27,215.55,False,2026-03-11 17:39:52
a7cc2c,NKS1526,United States,34.4528,-88.3491,8679.18,245.18,134.83,False,2026-03-11 17:39:52
a7f980,N6127G,United States,28.3015,-81.5515,632.46,41.83,106.43,False,2026-03-11 17:39:52
ac578c,SWA1395,United States,41.2668,-90.3892,9144.0,177.78,240.91,False,2026-03-11 17:39:52
a91315,LFA541,United States,28.8114,-81.2041,396.24,49.12,46.27,False,2026-03-11 17:39:52
c00899,ACA1046,Canada,46.5965,-121.8415,10675.62,263.31,159.05,False,2026-03-11 17:39:52
ac3d96,N888WW,United States,29.5117,-83.4169,6713.22,140.19,317.53,False,2026-03-11 17:39:52
ab2496,AAL2999,United States,41.9687,-88.2298,2918.46,132.12,248.53,False,2026-03-11 17:39:52
a4ccba,JBU1621,United States,49.8537,-65.18,10355.58,188.29,217.34,False,2026-03-11 17:39:52
ac2a69,EJA883,United States,42.802,-101.3286,13106.4,218.88,222.24,False,2026-03-11 17:39:52
a17ecd,DAL713,United States,35.7077,-98.2446,11582.4,222.89,271.98,False,2026-03-11 17:39:52
a01880,AAL118,United States,37.6384,-90.9209,9448.8,266.61,86.02,False,2026-03-11 17:39:52
ad512b,N9571H,United States,29.8851,-98.3714,1676.4,55.36,123.25,False,2026-03-11 17:39:52
ace1af,EDV5294,United States,39.6443,-74.204,5082.54,206.18,40.45,False,2026-03-11 17:39:52
a41096,LXJ361,United States,42.4624,-71.2944,,6.17,253.12,True,2026-03-11 17:39:52
7c806b,VH ZNH,Australia,33.9404,-118.4119,,0.9,163.12,True,2026-03-11 17:39:52
ad01ab,SWA176,United States,39.3084,-105.0544,4472.94,188.95,81.23,False,2026-03-11 17:39:52
0d0f8f,VTM7702,Mexico,32.4909,-116.8297,845.82,100.31,296.17,False,2026-03-11 17:39:52
a7a9c5,JIA5456,United States,33.6419,-84.4416,,3.34,270.0,True,2026-03-11 17:39:52
a2a823,SKW3680,United States,34.6139,-84.8653,7520.94,185.0,340.51,False,2026-03-11 17:39:52
a23e23,N24342,United States,32.8409,-117.0204,518.16,54.17,94.36,False,2026-03-11 17:39:52
c04eb6,ACA7337,Canada,33.959,-118.1704,1005.84,96.86,263.29,False,2026-03-11 17:39:52
a6c616,N5355Q,United States,45.4154,-122.312,304.8,37.22,139.48,False,2026-03-11 17:39:52
a04bbe,AAL3061,United States,35.3925,-108.2986,10668.0,251.58,98.23,False,2026-03-11 17:39:52
7c8065,QFA3,Australia,30.113,-93.8151,11879.58,288.76,61.01,False,2026-03-11 17:39:52
a24529,UAL2091,United States,42.6025,-94.0041,10668.0,268.78,92.41,False,2026-03-11 17:39:52
aa03a2,RPA3472,United States,35.9882,-80.2095,10165.08,244.79,36.2,False,2026-03-11 17:39:52
a24526,UAL1653,United States,43.1746,-91.7252,9799.32,270.43,96.77,False,2026-03-11 17:39:52
aa4c1a,UAL2273,United States,38.0727,-100.8837,10668.0,262.82,140.64,False,2026-03-11 17:39:52
a85fb8,FFT3156,United States,39.8553,-104.6751,,2.83,106.88,False,2026-03-11 17:39:52
aaea6a,N802MM,United States,30.6376,-81.5856,556.26,86.51,63.13,False,2026-03-11 17:39:52
ab0a95,AAL2003,United States,41.0015,-85.9992,6705.6,212.34,317.85,False,2026-03-11 17:39:52
a2d096,OXF5147,United States,33.0993,-111.7423,1584.96,49.94,48.76,False,2026-03-11 17:39:52
a65c38,B,United States,47.6738,-117.2105,609.6,46.58,96.34,False,2026-03-11 17:39:52
a8c9d4,N6655A,United States,33.4971,-117.0428,1135.38,40.51,107.74,False,2026-03-11 17:39:52
a198ea,EPI111,United States,27.3425,-80.2483,1592.58,52.76,156.43,False,2026-03-11 17:39:52
a97fc5,N711AA,United States,37.487,-97.1764,4511.04,107.87,4.65,False,2026-03-11 17:39:52
aaea83,CXK656,United States,38.4947,-121.5313,426.72,46.52,209.12,False,2026-03-11 17:39:52
aca788,SWA4536,United States,40.7573,-90.134,7696.2,243.99,68.74,False,2026-03-11 17:39:52
aaf179,N804HS,United States,39.5462,-104.7591,2186.94,73.69,108.31,False,2026-03-11 17:39:52
a328a1,N302VF,United States,33.2662,-117.0887,1280.16,82.14,329.1,False,2026-03-11 17:39:52
aca79d,EDV4965,United States,40.8222,-74.9532,6400.8,187.71,261.65,False,2026-03-11 17:39:52
a66f82,N5134K,United States,32.6243,-111.8041,2529.84,41.88,322.99,False,2026-03-11 17:39:52
a80641,JIA5640,United States,40.7833,-72.6672,6316.98,221.33,63.79,False,2026-03-11 17:39:52
a5a659,OPT463,United States,35.2122,-85.4749,7315.2,211.72,314.41,False,2026-03-11 17:39:52
0d0373,XCGDC,Mexico,30.6093,-106.2596,8229.6,230.12,172.03,False,2026-03-11 17:39:52
c055c1,JZA171,Canada,53.9257,-126.2265,6705.6,172.57,334.2,False,2026-03-11 17:39:52
ab49a8,N8261H,United States,41.4373,-73.2844,838.2,65.57,333.43,False,2026-03-11 17:39:52
ad4a6e,N9556K,United States,38.5634,-122.3853,1874.52,50.06,337.65,False,2026-03-11 17:39:52
a5ecc4,ERU481,United States,29.0148,-81.335,541.02,51.01,131.73,False,2026-03-11 17:39:52
a24508,UAL1659,United States,38.3917,-86.3214,10058.4,233.54,152.59,False,2026-03-11 17:39:52
a4105b,DAL2013,United States,30.9644,-82.7118,10668.0,226.85,7.69,False,2026-03-11 17:39:52
a6ac0d,N529TG,United States,37.5484,-82.1165,11582.4,212.82,167.58,False,2026-03-11 17:39:52
aaf183,JBU471,United States,40.755,-73.8334,556.26,79.96,158.88,False,2026-03-11 17:39:52
acf4f9,ERU934,United States,28.9724,-81.1608,777.24,57.27,19.41,False,2026-03-11 17:39:52
a66346,AAL3195,United States,37.8241,-82.9457,9144.0,224.3,163.48,False,2026-03-11 17:39:52
ad646e,JBU387,United States,44.2097,-90.0217,10370.82,179.71,254.73,False,2026-03-11 17:39:52
a1b092,RPA5778,United States,37.1642,-83.2665,9448.8,259.79,64.55,False,2026-03-11 17:39:52
a00547,LXJ100,United States,36.0143,-84.5881,13716.0,207.89,236.51,False,2026-03-11 17:39:52
a3a0ca,UAL2302,United States,40.1324,-92.984,9448.8,266.53,68.49,False,2026-03-11 17:39:52
a1e8a7,N222CF,United States,33.8247,-117.895,1996.44,71.11,72.74,False,2026-03-11 17:39:52
a302a0,SWA3907,United States,30.4942,-97.8951,3246.12,140.81,154.0,False,2026-03-11 17:39:52
a4ce28,ATN3330,United States,37.4329,-103.024,11277.6,270.72,140.32,False,2026-03-11 17:39:52
a292aa,NIT265,United States,32.6437,-82.9547,480.06,42.82,196.04,False,2026-03-11 17:39:52
a3b529,AAL3257,United States,34.2307,-102.8602,10972.8,203.51,327.6,False,2026-03-11 17:39:52
a448db,DAL2041,United States,47.8041,-120.4595,9898.38,157.82,276.18,False,2026-03-11 17:39:52
a1122a,CXK182,United States,36.0971,-114.7138,1600.2,57.7,129.94,False,2026-03-11 17:39:52
a1388c,SKW3430,United States,45.5305,-121.7506,4381.5,130.24,272.04,False,2026-03-11 17:39:52
ab260a,N8172Q,United States,32.2637,-106.969,1630.68,51.97,178.87,False,2026-03-11 17:39:52
ac09c2,JRE875,United States,25.8121,-80.4806,769.62,88.75,111.06,False,2026-03-11 17:39:52
a5ee13,UAL548,United States,39.9261,-103.3641,7132.32,232.96,81.62,False,2026-03-11 17:39:52
ac5920,AAL347,United States,32.8798,-97.0321,,3.09,90.0,True,2026-03-11 17:39:52
a54ec0,N441EH,United States,36.8505,-95.3813,6096.0,125.43,245.01,False,2026-03-11 17:39:52
a89076,PDT6130,United States,42.9996,-77.5018,1752.6,144.71,2.65,False,2026-03-11 17:39:52
a60e14,NUS49,United States,41.7494,-87.7155,4572.0,181.16,88.37,False,2026-03-11 17:39:52
0c43a8,HI1126,Dominican Republic,26.2045,-80.6297,2987.04,182.9,300.6,False,2026-03-11 17:39:52
a23e63,N2436W,United States,44.606,-93.9808,1783.08,61.63,127.54,False,2026-03-11 17:39:52
a840ec,N6306F,United States,40.8225,-73.0677,259.08,32.12,238.09,False,2026-03-11 17:39:52
a0fe7a,SKW5928,United States,42.3189,-91.0833,10363.2,173.33,281.64,False,2026-03-11 17:39:52
a2f5b8,,United States,33.9354,-118.3805,,1.03,87.19,True,2026-03-11 17:39:52
a4ce33,KAP1834,United States,44.0271,-69.2342,1798.32,60.08,227.43,False,2026-03-11 17:39:52
a3fba4,FFT4807,United States,37.2722,-79.972,10965.18,208.98,227.39,False,2026-03-11 17:39:52
a5b8c2,EJA468,United States,38.4112,-110.5299,12192.0,188.9,268.13,False,2026-03-11 17:39:52
a35e47,JTZ316,United States,29.9033,-81.9085,11277.6,180.55,343.79,False,2026-03-11 17:39:52
acca7b,JTZ923,United States,39.9285,-107.41,12496.8,299.54,109.46,False,2026-03-11 17:39:52
a28bc9,SKW3928,United States,34.148,-79.8798,9144.0,158.9,258.8,False,2026-03-11 17:39:52
a448d7,UAL674,United States,40.8608,-74.4957,1577.34,158.2,38.4,False,2026-03-11 17:39:52
a448d6,UAL1435,United States,36.7709,-76.5103,10972.8,229.06,198.19,False,2026-03-11 17:39:52
a8e071,LFA530,United States,28.93,-81.639,251.46,53.51,358.9,False,2026-03-11 17:39:52
0d0f5f,VIV5003,Mexico,28.9928,-111.634,10980.42,232.25,317.15,False,2026-03-11 17:39:52
a448d3,UAL469,United States,29.9939,-100.2535,8534.4,218.03,290.87,False,2026-03-11 17:39:52
a98806,N713JM,United States,28.1345,-82.151,10416.54,222.06,325.09,False,2026-03-11 17:39:52
a53ba4,RPA4476,United States,39.3324,-74.9092,5181.6,218.36,58.78,False,2026-03-11 17:39:52
a448d1,UAL1249,United States,29.9935,-95.2957,182.88,91.06,270.0,False,2026-03-11 17:39:52
a0fe4a,EJM163,United States,28.154,-83.0463,8229.6,237.36,162.08,False,2026-03-11 17:39:52
a3a211,N333MK,United States,33.9358,-82.0664,2354.58,92.33,352.64,False,2026-03-11 17:39:52
ad29c1,N94714,United States,45.5283,-93.4114,807.72,50.28,228.32,False,2026-03-11 17:39:52
ae1199,RCH180,United States,41.5014,-112.0857,3139.44,148.27,216.39,False,2026-03-11 17:39:52
ab99f4,N847BA,United States,45.0902,-93.1837,2087.88,114.76,268.46,False,2026-03-11 17:39:52
a568f6,CYO448,United States,27.9553,-79.6286,7086.6,241.32,193.56,False,2026-03-11 17:39:52
a555c3,,United States,42.374,-71.0222,,0.0,42.19,True,2026-03-11 17:39:52
aaafd8,SKW6094,United States,44.771,-88.7159,8839.2,229.54,135.45,False,2026-03-11 17:39:52
a1cecb,N2152Z,United States,40.9238,-73.3906,472.44,24.62,206.03,False,2026-03-11 17:39:52
a74847,MVJ57,United States,32.3781,-108.3097,13106.4,208.1,287.4,False,2026-03-11 17:39:52
a28baa,N263RS,United States,31.7391,-81.7808,6096.0,127.52,193.53,False,2026-03-11 17:39:52
a3a222,DAL1929,United States,28.6719,-96.2557,10972.8,184.8,225.45,False,2026-03-11 17:39:52
a3c881,N343AP,United States,34.3935,-88.8288,12496.8,272.23,117.82,False,2026-03-11 17:39:52
ac2c10,SWA2979,United States,33.4321,-111.9972,,1.29,90.0,True,2026-03-11 17:39:52
a4109a,N361GA,United States,26.5169,-80.1086,274.32,48.87,90.6,False,2026-03-11 17:39:52
a58b1a,VWA214,United States,33.5309,-111.6713,1104.9,49.24,10.84,False,2026-03-11 17:39:52
a688f0,N520AB,United States,30.3403,-91.6969,853.44,86.47,284.12,False,2026-03-11 17:39:52
ae1193,GRZLY50,United States,35.3055,-120.8897,1158.24,96.15,288.73,False,2026-03-11 17:39:52
a90c9a,N682WA,United States,36.2328,-119.4257,2468.88,125.43,342.09,False,2026-03-11 17:39:52
a11e77,SCA17,United States,33.261,-111.8339,449.58,35.77,139.67,False,2026-03-11 17:39:52
a7d39a,NKS948,United States,41.9729,-87.8969,,4.63,61.88,True,2026-03-11 17:39:52
a36516,FFT1887,United States,41.7897,-87.7423,,0.0,129.38,True,2026-03-11 17:39:52
ac3f2f,SWA3299,United States,39.963,-80.3769,5798.82,185.11,187.18,False,2026-03-11 17:39:52
a2452f,UAL1865,United States,37.8923,-100.1479,8519.16,200.02,273.69,False,2026-03-11 17:39:52
a89086,AAL3254,United States,32.8971,-97.0349,,0.0,284.06,True,2026-03-11 17:39:52
a2452c,UAL1568,United States,39.2102,-113.9034,10043.16,265.08,79.72,False,2026-03-11 17:39:52
a2452a,UAL371,United States,43.8471,-93.9225,9753.6,195.94,250.04,False,2026-03-11 17:39:52
a53bc6,N4360F,United States,33.2205,-117.3382,-15.24,36.25,235.41,False,2026-03-11 17:39:52
ab3982,AAL1087,United States,29.6008,-98.2467,10972.8,199.66,283.11,False,2026-03-11 17:39:52
a7e691,SKW4925,United States,32.1695,-98.3155,6240.78,186.84,69.87,False,2026-03-11 17:39:52
ab7feb,CXK1106,United States,40.6415,-103.9541,2788.92,67.08,8.38,False,2026-03-11 17:39:52
a1c2f6,N212WT,United States,25.7882,-80.1706,91.44,45.16,227.77,False,2026-03-11 17:39:52
ab3989,AAY1034,United States,32.5112,-82.0678,11582.4,234.58,176.23,False,2026-03-11 17:39:52
aa4195,AAL1511,United States,33.9212,-114.2081,12192.0,220.15,281.73,False,2026-03-11 17:39:52
0d0f13,VOI3100,Mexico,30.8636,-115.4507,10888.98,230.7,142.34,False,2026-03-11 17:39:52
ab7fee,AAL1252,United States,41.9747,-87.8987,,0.0,36.56,True,2026-03-11 17:39:52
a6c69e,N5359L,United States,33.204,-117.0783,1005.84,60.03,313.96,False,2026-03-11 17:39:52
a5307f,RPA4735,United States,36.6443,-85.6277,5532.12,156.34,239.55,False,2026-03-11 17:39:52
ac9ff2,AAL1557,United States,31.3373,-82.2599,10363.2,237.29,184.23,False,2026-03-11 17:39:52
a3522e,N313CF,United States,36.9709,-77.5775,12496.8,256.7,60.2,False,2026-03-11 17:39:52
a34b64,JCM311,United States,35.6529,-85.3722,6096.0,185.48,257.51,False,2026-03-11 17:39:52
ac3315,SWA3467,United States,34.7107,-79.0653,11277.6,234.21,26.9,False,2026-03-11 17:39:52
aca948,ASA208,United States,36.4976,-93.2936,9753.6,202.77,268.4,False,2026-03-11 17:39:52
a41bbb,LXJ364,United States,27.1758,-80.2193,,0.0,30.94,True,2026-03-11 17:39:52
a36576,N318KM,United States,28.3886,-81.8439,228.6,32.01,135.0,False,2026-03-11 17:39:52
aae004,N80FC,United States,34.7018,-118.0672,3444.24,94.03,124.3,False,2026-03-11 17:39:52
aae003,N80FB,United States,26.7056,-82.0083,845.82,71.09,131.19,False,2026-03-11 17:39:52
ae2fd6,SCORE92,United States,39.3517,-74.6293,1805.94,81.71,249.74,False,2026-03-11 17:39:52
abbcc1,SWA578,United States,34.6984,-114.6074,11285.22,236.29,58.35,False,2026-03-11 17:39:52
a90c54,TRF582,United States,33.1776,-96.7981,601.98,55.24,4.81,False,2026-03-11 17:39:52
ae2fd2,SCORE93,United States,38.7665,-75.7905,1844.04,85.66,221.35,False,2026-03-11 17:39:52
ad03a1,CAP3238,United States,35.7987,-78.5209,1013.46,46.37,183.18,False,2026-03-11 17:39:52
a9cfe0,N731ML,United States,31.8247,-106.304,3451.86,88.34,103.47,False,2026-03-11 17:39:52
a47e4b,N389SB,United States,38.7789,-102.2791,7924.8,110.9,295.85,False,2026-03-11 17:39:52
a91343,NDU684,United States,33.2576,-111.6688,693.42,51.96,0.57,False,2026-03-11 17:39:52
a65086,DAL699,United States,47.4479,-114.4941,10370.82,173.41,271.19,False,2026-03-11 17:39:52
a292e6,N265PS,United States,28.9487,-81.4215,937.26,80.36,50.19,False,2026-03-11 17:39:52
a74804,N5687W,United States,41.8509,-106.6375,9448.8,210.44,148.29,False,2026-03-11 17:39:52
a35e6f,EDV4994,United States,37.4512,-76.997,10058.4,247.04,52.7,False,2026-03-11 17:39:52
aa9afc,SWA2551,United States,37.3652,-121.9268,,0.0,135.0,True,2026-03-11 17:39:52
a42ee9,DAL1281,United States,30.1697,-81.7241,10058.4,225.53,355.42,False,2026-03-11 17:39:52
a292c9,ENY3684,United States,41.9493,-86.794,5791.2,227.95,88.84,False,2026-03-11 17:39:52
a8f338,NKS1005,United States,37.7353,-109.8275,10972.8,200.59,251.15,False,2026-03-11 17:39:52
a4ce11,AAL2106,United States,31.8983,-107.4278,9151.62,223.44,274.49,False,2026-03-11 17:39:52
ad5f3c,,United States,34.8279,-82.3652,563.88,41.18,282.99,False,2026-03-11 17:39:52
ac2c56,SWA139,United States,38.3674,-77.0895,4853.94,193.38,24.52,False,2026-03-11 17:39:52
a973d6,SPA708,United States,36.0869,-83.0935,10363.2,185.05,264.42,False,2026-03-11 17:39:52
0d0f40,XAVGN,Mexico,26.8004,-99.815,769.62,62.86,208.87,False,2026-03-11 17:39:52
a3c847,UAL1451,United States,39.0948,-99.2324,11277.6,274.7,102.66,False,2026-03-11 17:39:52
a9d6e9,N733HK,United States,28.9566,-81.1265,914.4,23.71,130.6,False,2026-03-11 17:39:52
ac8ce5,,United States,32.9129,-97.0336,,2.31,180.0,True,2026-03-11 17:39:52
a8e002,LXJ671,United States,39.9012,-90.7914,14325.6,213.56,264.19,False,2026-03-11 17:39:52
a41bb5,FFT2249,United States,27.9496,-81.1089,3733.8,177.3,338.2,False,2026-03-11 17:39:52
aca94b,AAL2712,United States,30.5745,-89.0269,10972.8,201.39,262.37,False,2026-03-11 17:39:52
a448f8,UAL1450,United States,31.0318,-95.2353,7787.64,221.39,355.47,False,2026-03-11 17:39:52
ac3338,SWA3461,United States,32.7055,-86.2952,11277.6,236.63,158.18,False,2026-03-11 17:39:52
a1c2c4,N212UT,United States,33.3355,-111.6871,472.44,57.93,138.24,False,2026-03-11 17:39:52
a435c0,N370WA,United States,26.0628,-80.7879,685.8,60.36,108.9,False,2026-03-11 17:39:52
a448f2,UAL2638,United States,40.7342,-91.2903,9753.6,186.41,219.4,False,2026-03-11 17:39:52
a3b50f,AAL2133,United States,37.2772,-89.8516,10363.2,195.2,263.49,False,2026-03-11 17:39:52
a54eb0,N441DS,United States,32.7142,-111.1647,9448.8,162.94,100.92,False,2026-03-11 17:39:52
a65095,N506DR,United States,40.8527,-112.0381,5181.6,53.84,332.7,False,2026-03-11 17:39:52
a54eb1,N441DT,United States,41.9543,-87.3773,2179.32,104.13,273.68,False,2026-03-11 17:39:52
ac3dec,SWA247,United States,34.9472,-85.2415,8534.4,170.1,327.22,False,2026-03-11 17:39:52
ab24ee,N817SA,United States,32.4823,-99.4266,8534.4,143.07,259.01,False,2026-03-11 17:39:52
ac2abd,UAL652,United States,39.7115,-102.6336,8747.76,272.44,92.71,False,2026-03-11 17:39:52
ab6137,EJA832,United States,37.3206,-75.8129,13716.0,228.93,205.99,False,2026-03-11 17:39:52
ac8d68,N908FG,United States,40.1493,-74.9427,335.28,51.97,111.49,False,2026-03-11 17:39:52
a7dedf,KFB606,United States,42.1399,-91.0486,13106.4,196.87,273.45,False,2026-03-11 17:39:52
a4726a,N386JP,United States,29.1836,-98.6627,1409.7,57.15,103.54,False,2026-03-11 17:39:52
a9ab05,ASA305,United States,45.2504,-108.3878,10058.4,293.75,105.96,False,2026-03-11 17:39:52
abaa1a,SWA2133,United States,30.3528,-93.1532,12192.0,195.38,226.17,False,2026-03-11 17:39:52
aab77f,N79US,United States,41.8358,-111.9355,1546.86,54.01,130.36,False,2026-03-11 17:39:52
a60e95,N49JP,United States,34.4563,-78.4177,7924.8,119.15,221.67,False,2026-03-11 17:39:52
a0b702,145TX,United States,30.1429,-97.3333,358.14,32.83,122.2,False,2026-03-11 17:39:52
a422fb,N366EA,United States,33.1704,-112.4224,1935.48,55.31,198.43,False,2026-03-11 17:39:52
aaf1c1,N804LP,United States,37.9395,-78.1954,2400.3,54.26,248.3,False,2026-03-11 17:39:52
a89bab,AAL2316,United States,39.2199,-77.1219,4312.92,156.61,254.96,False,2026-03-11 17:39:52
a5f581,UAL509,United States,37.8797,-100.4736,9441.18,265.2,135.55,False,2026-03-11 17:39:52
a72249,EJA559,United States,32.0582,-97.2164,8839.2,191.57,186.48,False,2026-03-11 17:39:52
aa40c8,N76SJ,United States,38.8767,-119.752,3147.06,117.43,2.76,False,2026-03-11 17:39:52
ab11cf,MVP620,United States,26.9124,-80.0171,1135.38,121.92,217.11,False,2026-03-11 17:39:52
abbd73,SWA3259,United States,33.4321,-111.9942,,0.9,90.0,True,2026-03-11 17:39:52
a6bef9,N53371,United States,26.5937,-80.0835,,6.43,331.88,True,2026-03-11 17:39:52
aed4a2,R43534,United States,31.9978,-106.243,1249.68,65.68,95.84,False,2026-03-11 17:39:52
abc455,SWA1231,United States,36.0783,-115.1259,,0.32,90.0,True,2026-03-11 17:39:52
ad5dcb,SKW5604,United States,44.2181,-88.5469,541.02,64.65,26.97,False,2026-03-11 17:39:52
a72232,SFY552,United States,27.8142,-80.6761,777.24,48.42,104.77,False,2026-03-11 17:39:52
a74892,N569CG,United States,41.8509,-93.5783,2133.6,155.04,161.63,False,2026-03-11 17:39:52
a3527b,N313FH,United States,31.1764,-81.5707,9852.66,217.25,357.83,False,2026-03-11 17:39:52
a46b6b,N384P,United States,33.5245,-111.5363,1242.06,61.07,60.2,False,2026-03-11 17:39:52
a0540a,DAL305,United States,34.593,-77.4977,10972.8,231.04,205.31,False,2026-03-11 17:39:52
a422f7,DAL1471,United States,33.5175,-77.9306,10058.4,230.25,10.56,False,2026-03-11 17:39:52
a4bb99,N404BC,United States,35.2643,-84.8285,11887.2,203.91,168.21,False,2026-03-11 17:39:52
ace43d,N93KM,United States,34.7868,-116.5669,5524.5,154.36,263.3,False,2026-03-11 17:39:52
acd10b,N925DC,United States,35.8842,-87.309,3657.6,192.86,66.58,False,2026-03-11 17:39:52
ae1117,TIGER23,United States,29.0215,-100.3551,3208.02,77.95,73.12,False,2026-03-11 17:39:52
ac9478,N91BN,United States,44.2601,-121.0976,1120.14,72.96,28.19,False,2026-03-11 17:39:52
a7d2ae,SKW3755,United States,35.209,-119.0769,9601.2,203.59,340.05,False,2026-03-11 17:39:52
a22b8d,N239SP,United States,36.0159,-80.9005,1409.7,36.19,174.29,False,2026-03-11 17:39:52
ae110d,DEVIL63,United States,28.8951,-100.1047,2918.46,96.64,54.53,False,2026-03-11 17:39:52
abc462,N8575B,United States,31.4493,-85.2946,1135.38,99.5,318.56,False,2026-03-11 17:39:52
a3526a,ERU313,United States,29.2823,-81.0314,563.88,54.8,147.65,False,2026-03-11 17:39:52
abaa43,SWA1301,United States,29.9163,-99.2806,8229.6,220.8,140.67,False,2026-03-11 17:39:52
a35e9c,AAL2083,United States,34.4659,-104.725,10972.8,205.45,282.44,False,2026-03-11 17:39:52
ad64cd,AAL131R,United States,40.9656,-89.1007,6111.24,235.28,42.16,False,2026-03-11 17:39:52
a85568,LBQ800,United States,40.8851,-76.4254,2758.44,126.53,150.0,False,2026-03-11 17:39:52
a6abe1,N529RN,United States,35.2661,-85.0034,1188.72,105.26,108.52,False,2026-03-11 17:39:52
0d0f07,VIV1001,Mexico,29.0058,-105.2277,10668.0,241.12,149.06,False,2026-03-11 17:39:52
aa4ce9,ABX520,United States,28.4099,-98.2518,6690.36,201.89,310.14,False,2026-03-11 17:39:52
a7def8,EJA606,United States,40.2748,-104.8389,2941.32,120.5,227.25,False,2026-03-11 17:39:52
a782e4,AAL1811,United States,32.9082,-97.0334,,3.6,230.62,True,2026-03-11 17:39:52
ab6177,,United States,30.3687,-95.4107,381.0,55.08,325.27,False,2026-03-11 17:39:52
abb12d,SWA4660,United States,46.9654,-119.4488,10622.28,285.51,116.66,False,2026-03-11 17:39:52
ac7a69,OZN903,United States,25.6431,-80.4369,-45.72,27.82,86.82,False,2026-03-11 17:39:52
a9d830,N733WM,United States,33.9276,-116.9131,1584.96,52.84,96.71,False,2026-03-11 17:39:52
aa9000,N78US,United States,41.7828,-111.8524,,4.89,160.31,True,2026-03-11 17:39:52
adf128,JBU2152,United States,41.5422,-72.0388,5715.0,216.05,64.17,False,2026-03-11 17:39:52
a6bec6,N5336K,United States,34.6573,-106.8368,1996.44,44.42,283.39,False,2026-03-11 17:39:52
ab616f,SCX8275,United States,42.1544,-103.9983,11277.6,248.58,51.47,False,2026-03-11 17:39:52
a004d9,TWY200,United States,30.4357,-98.5785,13716.0,258.81,98.92,False,2026-03-11 17:39:52
ac9499,N91CW,United States,49.1855,-123.1836,,8.23,137.81,True,2026-03-11 17:39:52
a2dd09,N284C,United States,32.9621,-96.6382,632.46,56.55,158.1,False,2026-03-11 17:39:52
a1d72e,N2179Z,United States,33.9517,-117.401,472.44,41.18,102.99,False,2026-03-11 17:39:52
a4d545,N410MT,United States,28.7691,-81.3301,434.34,50.95,91.74,False,2026-03-11 17:39:52
a5a5aa,N463KJ,United States,31.7537,-82.1685,2987.04,92.97,339.26,False,2026-03-11 17:39:52
a35da8,FFT25,United States,29.1323,-80.8697,10972.8,256.31,147.46,False,2026-03-11 17:39:52
a004e8,N100CB,United States,35.8806,-78.7776,137.16,56.53,229.06,False,2026-03-11 17:39:52
a04126,N1150H,United States,27.7074,-84.222,8534.4,119.56,281.16,False,2026-03-11 17:39:52
a925a8,LFA546,United States,28.7818,-81.2635,30.48,36.01,90.0,False,2026-03-11 17:39:52
a004df,N100BT,United States,35.0546,-85.1959,312.42,36.81,213.02,False,2026-03-11 17:39:52
aa0653,NKS1670,United States,36.1258,-96.2969,10347.96,204.67,260.16,False,2026-03-11 17:39:52
ae111b,DEVIL62,United States,28.8184,-100.4143,2659.38,89.14,6.96,False,2026-03-11 17:39:52
a6153e,EJA491,United States,40.03,-87.4076,12085.32,165.18,170.86,False,2026-03-11 17:39:52
a86861,N64056,United States,33.2893,-112.1791,716.28,52.74,339.44,False,2026-03-11 17:39:52
a7486a,ASA1458,United States,38.0695,-118.2213,11582.4,206.22,258.63,False,2026-03-11 17:39:52
a89ba8,N654AT,United States,30.8091,-82.1181,2644.14,146.41,151.45,False,2026-03-11 17:39:52
aa9c1d,EPI783,United States,32.1345,-110.938,1181.1,39.0,323.58,False,2026-03-11 17:39:52
a84200,FFT2507,United States,29.0809,-81.1228,3383.28,154.14,159.69,False,2026-03-11 17:39:52
ae1156,KATT13,United States,30.4662,-87.803,4503.42,113.28,81.91,False,2026-03-11 17:39:52
a542d7,SWA3629,United States,42.543,-95.6126,10972.8,194.98,270.3,False,2026-03-11 17:39:52
a84e3f,SKW5747,United States,33.9377,-118.4103,,0.0,81.56,True,2026-03-11 17:39:52
abb172,SWA2035,United States,41.785,-87.7479,,13.89,135.0,True,2026-03-11 17:39:52
ae114d,KATT10,United States,30.4242,-88.3213,3611.88,118.28,289.3,False,2026-03-11 17:39:52
a8b805,AAL2663,United States,42.7179,-73.8034,259.08,71.55,357.94,False,2026-03-11 17:39:52
ae114f,KATT14,United States,30.6068,-87.8405,4511.04,59.38,162.35,False,2026-03-11 17:39:52
a0541b,AAL3096,United States,33.4284,-100.0434,9136.38,219.52,282.86,False,2026-03-11 17:39:52
ae114a,KATT12,United States,30.3741,-87.3819,5501.64,122.09,77.84,False,2026-03-11 17:39:52
ae114b,KATT15,United States,30.7705,-84.8022,7627.62,164.35,101.56,False,2026-03-11 17:39:52
a28d12,N2634M,United States,40.838,-73.4167,320.04,37.04,180.0,False,2026-03-11 17:39:52
a23da6,N2431G,United States,32.551,-97.5322,487.68,61.67,340.51,False,2026-03-11 17:39:52
ae1145,KATT81,United States,30.5093,-87.215,3909.06,143.19,352.57,False,2026-03-11 17:39:52
aa195f,N75TF,United States,39.3197,-96.4775,13716.0,285.74,92.27,False,2026-03-11 17:39:52
a15a00,N1865C,United States,32.5781,-80.982,12496.8,213.86,35.6,False,2026-03-11 17:39:52
c0584f,ACA1002,Canada,26.0772,-80.2181,220.98,67.39,90.44,False,2026-03-11 17:39:52
ad4afe,AAL3277,United States,37.4175,-93.9662,10668.0,284.23,46.69,False,2026-03-11 17:39:52
a74871,ATN3328,United States,34.1582,-117.881,3185.16,150.71,319.57,False,2026-03-11 17:39:52
ad049a,AAL2876,United States,32.9035,-97.028,,10.29,0.0,True,2026-03-11 17:39:52
ae1150,KATT16,United States,30.645,-84.0901,7620.0,159.14,102.51,False,2026-03-11 17:39:52
a9b0ed,RPA3670,United States,41.3369,-90.2228,8534.4,182.13,241.12,False,2026-03-11 17:39:52
aa79dd,N774WF,United States,30.446,-97.2772,11277.6,247.6,2.02,False,2026-03-11 17:39:52
a60e80,N49HT,United States,39.2601,-76.2867,5189.22,234.64,44.56,False,2026-03-11 17:39:52
a257b7,N250CG,United States,32.9284,-112.3667,4488.18,192.53,96.29,False,2026-03-11 17:39:52
a66efc,N5130R,United States,37.7266,-120.7062,419.1,40.35,289.36,False,2026-03-11 17:39:52
a5db2c,ASA682,United States,45.3493,-115.5602,10668.0,277.08,126.85,False,2026-03-11 17:39:52
a6155f,N491S,United States,28.1207,-82.3484,640.08,83.87,1.05,False,2026-03-11 17:39:52
a8683d,N64045,United States,34.0119,-117.1772,693.42,44.56,323.92,False,2026-03-11 17:39:52
ae113a,DEVIL53,United States,29.2197,-99.9513,5006.34,58.46,353.94,False,2026-03-11 17:39:52
a5f551,,United States,32.7391,-96.5316,,4.89,180.0,True,2026-03-11 17:39:52
a1d76b,MXY855,United States,43.8997,-75.9576,7018.02,189.53,193.66,False,2026-03-11 17:39:52
a9ab87,FFT3211,United States,33.9142,-103.0653,10363.2,219.79,282.57,False,2026-03-11 17:39:52
a0a457,SKW4801,United States,39.0374,-98.5375,10668.0,260.14,102.33,False,2026-03-11 17:39:52
a364bd,N318CB,United States,31.8165,-98.2071,7315.2,142.55,287.0,False,2026-03-11 17:39:52
a83b9e,N63CJ,United States,31.6431,-81.8853,2926.08,133.19,139.54,False,2026-03-11 17:39:52
a0f1bb,AAL891,United States,32.7879,-77.8618,9144.0,239.98,196.18,False,2026-03-11 17:39:52
a3add3,ENY3822,United States,34.8414,-105.7222,10363.2,210.65,282.98,False,2026-03-11 17:39:52
a05494,N120KA,United States,29.3506,-83.1573,6705.6,178.95,325.3,False,2026-03-11 17:39:52
a67735,N5156J,United States,34.1753,-118.5123,701.04,42.63,250.25,False,2026-03-11 17:39:52
a5a725,KAP106,United States,41.9591,-71.387,1798.32,80.81,294.44,False,2026-03-11 17:39:52
a3adce,AAL2285,United States,34.9727,-113.1277,8534.4,221.09,259.81,False,2026-03-11 17:39:52
0d0dd3,VOI1820,Mexico,37.367,-121.9291,,3.86,22.5,True,2026-03-11 17:39:52
a231b9,N240TS,United States,41.7848,-111.849,1181.1,33.97,1.74,False,2026-03-11 17:39:52
a2a7cd,N270PM,United States,30.2856,-88.0998,1226.82,47.43,126.62,False,2026-03-11 17:39:52
a3b4c8,DAL1375,United States,40.9426,-75.444,10233.66,234.88,187.17,False,2026-03-11 17:39:52
a53d2c,AAL1609,United States,37.869,-109.4359,9448.8,264.68,98.38,False,2026-03-11 17:39:52
a9c56a,N729EL,United States,37.4518,-122.085,106.68,47.45,170.64,False,2026-03-11 17:39:52
a124cc,N173EX,United States,37.3017,-121.7658,297.18,56.08,181.05,False,2026-03-11 17:39:52
aafda1,UAL361,United States,40.4965,-100.7265,10523.22,267.61,74.39,False,2026-03-11 17:39:52
a1aa10,UAL838,United States,37.623,-122.3914,,8.75,244.69,True,2026-03-11 17:39:52
a507f5,CRE423,United States,43.312,-90.2581,9136.38,171.36,236.26,False,2026-03-11 17:39:52
a627d1,EJA496,United States,28.8956,-82.2099,12192.0,219.92,338.6,False,2026-03-11 17:39:52
a6c71c,JIA5354,United States,34.9617,-86.4874,1470.66,122.99,258.17,False,2026-03-11 17:39:52
0d0de3,VIV9451,Mexico,27.4443,-99.5705,144.78,66.56,330.86,False,2026-03-11 17:39:52
a867a6,N6400U,United States,32.2795,-111.2885,1463.04,56.65,219.47,False,2026-03-11 17:39:52
0d0de8,VIV4111,Mexico,25.7054,-99.9738,1074.42,87.53,301.54,False,2026-03-11 17:39:52
a2f739,YEL90,United States,29.5567,-95.0295,1531.62,159.16,68.58,False,2026-03-11 17:39:52
a35dc2,ENY3376,United States,42.0022,-87.5838,1264.92,87.46,270.34,False,2026-03-11 17:39:52
a0678d,N125PC,United States,28.5617,-82.1633,1912.62,73.15,167.82,False,2026-03-11 17:39:52
c008b7,ACA095,Canada,28.2177,-77.6373,11887.2,231.19,357.58,False,2026-03-11 17:39:52
a9ab72,SKW6357,United States,32.3019,-108.5595,8839.2,253.9,96.87,False,2026-03-11 17:39:52
a27a07,N259MG,United States,32.4488,-83.1664,1303.02,64.55,354.97,False,2026-03-11 17:39:52
a05470,RPA4536,United States,38.8148,-77.0268,624.84,78.75,197.49,False,2026-03-11 17:39:52
a3f119,N353MV,United States,34.0129,-118.454,,0.06,137.81,True,2026-03-11 17:39:52
c03e07,WJA115,Canada,50.3402,-118.5295,12192.0,194.73,251.52,False,2026-03-11 17:39:52
a22ab7,N239J,United States,34.0185,-118.4468,,2.31,70.31,True,2026-03-11 17:39:52
a04d7e,N1189,United States,36.1773,-86.8752,365.76,28.8,318.62,False,2026-03-11 17:39:52
ad1717,N9421F,United States,28.2967,-82.1331,3352.8,56.24,261.05,False,2026-03-11 17:39:52
a3f120,DAL2975,United States,45.6044,-122.6452,45.72,65.82,117.97,False,2026-03-11 17:39:52
a1c420,N2126F,United States,34.2636,-118.417,,0.0,272.81,True,2026-03-11 17:39:52
a257f8,N250EX,United States,42.9682,-89.3495,937.26,95.24,2.17,False,2026-03-11 17:39:52
ac57af,SWA1048,United States,41.5402,-87.9215,1569.72,144.08,83.03,False,2026-03-11 17:39:52
aaa414,N785LA,United States,26.158,-81.2855,2225.04,50.44,88.25,False,2026-03-11 17:39:52
a15a2c,N1866M,United States,26.0933,-79.2081,13106.4,209.44,294.99,False,2026-03-11 17:39:52
a507fc,N423NM,United States,44.3381,-93.3495,518.16,44.4,116.86,False,2026-03-11 17:39:52
ac57d2,SWA2639,United States,30.138,-90.9342,3162.3,169.13,102.47,False,2026-03-11 17:39:52
aafdc4,VXP306,United States,33.5164,-80.3559,11277.6,256.86,61.79,False,2026-03-11 17:39:52
ab1dd5,VXP466,United States,31.5065,-81.3746,10972.8,225.16,213.25,False,2026-03-11 17:39:52
a1b158,N208SN,United States,35.0731,-78.8663,1645.92,80.33,357.43,False,2026-03-11 17:39:52
ad5da7,N960RK,United States,32.2575,-109.1374,7924.8,143.9,276.36,False,2026-03-11 17:39:52
a0190c,N105UC,United States,32.7137,-116.9035,815.34,42.7,180.0,False,2026-03-11 17:39:52
a9be75,N727KG,United States,37.6289,-97.4327,426.72,51.57,18.62,False,2026-03-11 17:39:52
a351e3,N3129S,United States,27.0446,-81.8937,4351.02,113.58,330.42,False,2026-03-11 17:39:52
a231da,N240V,United States,40.9449,-81.7676,11902.44,257.36,71.35,False,2026-03-11 17:39:52
a8557a,QXE2154,United States,42.661,-120.8046,10668.0,243.5,169.9,False,2026-03-11 17:39:52
a27a83,N259SF,United States,40.3894,-104.6292,1577.34,32.74,351.87,False,2026-03-11 17:39:52
a9ab2d,KAPT978,United States,41.7298,-70.1825,1036.32,58.93,225.0,False,2026-03-11 17:39:52
a4111b,N361ME,United States,40.211,-111.7241,1318.26,40.17,189.58,False,2026-03-11 17:39:52
ab6108,AAY1195,United States,36.6861,-87.9241,11582.4,210.16,317.88,False,2026-03-11 17:39:52
a364ea,DAL2119,United States,44.0035,-95.2335,8999.22,196.95,243.97,False,2026-03-11 17:39:52
a71b82,VJA557,United States,37.4135,-121.9804,1226.82,104.56,345.76,False,2026-03-11 17:39:52
c030bb,ACA997,Canada,33.2891,-116.7645,10972.8,218.26,314.62,False,2026-03-11 17:39:52
a1aa4e,SWA3050,United States,33.0051,-112.6886,11277.6,248.65,99.29,False,2026-03-11 17:39:52
a34ada,THNDR94,United States,38.9446,-104.8421,2339.34,32.9,116.97,False,2026-03-11 17:39:52
a2f77b,SWA3621,United States,31.6701,-105.3956,11894.82,236.39,101.04,False,2026-03-11 17:39:52
ad77b8,N967SA,United States,35.9988,-76.7833,1325.88,40.65,231.68,False,2026-03-11 17:39:52
a34ae6,DAL2098,United States,42.3649,-71.023,,0.06,78.75,True,2026-03-11 17:39:52
a7d2bc,DAL2032,United States,38.0119,-100.2769,10058.4,273.93,118.49,False,2026-03-11 17:39:52
a40a1e,N36BT,United States,34.3283,-84.4129,899.16,54.96,316.9,False,2026-03-11 17:39:52
a3ada3,AAL390P,United States,32.501,-97.1959,1531.62,121.8,94.6,False,2026-03-11 17:39:52
c030eb,ACA978,Canada,49.2002,-123.1784,,3.09,357.19,True,2026-03-11 17:39:52
a364e7,DAL1564,United States,43.5127,-96.2049,11277.6,266.13,94.1,False,2026-03-11 17:39:52
a8b87f,TCF661,United States,26.4681,-81.5433,1219.2,58.08,212.7,False,2026-03-11 17:39:52
a9ab0b,XSR722,United States,30.8034,-85.7315,13106.4,207.94,271.84,False,2026-03-11 17:39:52
abc40d,SWA4707,United States,41.7682,-86.3383,6934.2,268.03,89.56,False,2026-03-11 17:39:52
adc7b5,N9871W,United States,25.7384,-81.5248,937.26,38.88,154.11,False,2026-03-11 17:39:52
a2dd59,FDX3901,United States,39.6034,-94.6282,11285.22,286.72,84.75,False,2026-03-11 17:39:52
acdd17,KFB928,United States,39.0533,-78.6772,13106.4,202.25,242.59,False,2026-03-11 17:39:52
ac31a1,AAL2587,United States,32.1288,-116.4456,11887.2,235.76,133.94,False,2026-03-11 17:39:52
a04183,VTE3422,United States,37.4259,-81.1297,3589.02,183.69,1.12,False,2026-03-11 17:39:52
c030dc,CFSNB,Canada,52.3357,-112.8833,1554.48,49.31,69.86,False,2026-03-11 17:39:52
abc432,SWA1467,United States,33.6447,-84.4228,,8.75,84.38,True,2026-03-11 17:39:52
a3adb9,AAL249,United States,28.0194,-98.4491,11582.4,208.96,174.06,False,2026-03-11 17:39:52
a9d86c,RPA3513,United States,44.3814,-67.1405,6705.6,236.08,70.66,False,2026-03-11 17:39:52
8695c6,ANA12,Japan,48.1551,-118.5234,10058.4,305.64,94.83,False,2026-03-11 17:39:52
a40a17,N36BL,United States,38.4301,-116.3099,12039.6,193.5,276.1,False,2026-03-11 17:39:52
a40a18,N36BM,United States,45.5682,-122.8077,13053.06,248.04,353.45,False,2026-03-11 17:39:52
ac9438,N9099K,United States,42.4458,-123.2468,914.4,63.23,309.39,False,2026-03-11 17:39:52
a17490,AAY2477,United States,28.3521,-83.3582,7010.4,238.31,181.86,False,2026-03-11 17:39:52
a5e29a,ASA377,United States,47.6061,-122.3165,929.64,92.61,180.64,False,2026-03-11 17:39:52
ac2ab8,EJM883,United States,40.5039,-83.8669,12489.18,263.82,55.97,False,2026-03-11 17:39:52
ab24f7,SKW4904,United States,33.4374,-111.9953,,0.0,2.81,True,2026-03-11 17:39:52
ad64a7,N962M,United States,36.1537,-86.1931,2743.2,108.05,76.23,False,2026-03-11 17:39:52
a8ebca,NKS1157,United States,33.3577,-96.0815,9738.36,182.88,209.31,False,2026-03-11 17:39:52
a1bd6a,MXY1847,United States,40.2114,-111.714,,2.83,53.44,True,2026-03-11 17:39:52
abbd47,SWA1103,United States,35.8217,-111.9147,11582.4,204.47,241.11,False,2026-03-11 17:39:52
0d0db8,AMX402,Mexico,26.5786,-94.3767,11277.6,273.88,50.03,False,2026-03-11 17:39:52
a9d7d0,N733SR,United States,37.2594,-109.8742,7010.4,138.43,30.85,False,2026-03-11 17:39:52
a17fb5,AAY1563,United States,32.5433,-85.7298,10058.4,241.84,139.23,False,2026-03-11 17:39:52
a0c9c7,N15VX,United States,33.8237,-84.8255,3002.28,183.64,257.87,False,2026-03-11 17:39:52
aaf234,N804RD,United States,38.8056,-104.7173,,7.72,180.0,True,2026-03-11 17:39:52
a89119,ABX2029,United States,27.8107,-80.5525,10652.76,242.08,165.23,False,2026-03-11 17:39:52
ae2ed8,RFNK770,United States,27.1553,-97.2057,1965.96,68.8,186.01,False,2026-03-11 17:39:52
a25925,SKW3696,United States,39.8523,-75.4469,1676.4,129.27,290.74,False,2026-03-11 17:39:52
a6c780,N536JA,United States,36.1215,-85.426,12496.8,211.99,165.53,False,2026-03-11 17:39:52
a6c781,JBU1245,United States,34.3239,-78.766,10980.42,223.58,213.84,False,2026-03-11 17:39:52
aab5f8,N79DA,United States,44.1894,-121.1912,1432.56,99.65,200.87,False,2026-03-11 17:39:52
a854d0,JBU1310,United States,41.6954,-71.531,3771.9,202.15,68.66,False,2026-03-11 17:39:52
a471ec,DAL467,United States,37.3361,-77.7519,10660.38,237.43,47.63,False,2026-03-11 17:39:52
a79795,N589CM,United States,36.4195,-105.1775,13716.0,277.08,73.72,False,2026-03-11 17:39:52
ac92b1,EDV5011,United States,33.5359,-84.1634,1325.88,138.39,90.21,False,2026-03-11 17:39:52
a5dad9,N4768E,United States,32.115,-111.3884,1440.18,47.67,316.31,False,2026-03-11 17:39:52
abbbae,UAL1309,United States,38.5241,-81.0192,10957.56,198.29,253.73,False,2026-03-11 17:39:52
a066c7,FDX5050,United States,40.1644,-85.5626,4183.38,156.15,240.82,False,2026-03-11 17:39:52
a24609,N2458G,United States,25.6095,-80.4557,548.64,50.17,241.86,False,2026-03-11 17:39:52
c03cd0,00000000,Canada,49.2026,-122.7666,548.64,80.02,190.37,False,2026-03-11 17:39:52
a23f0e,KAP60,United States,42.4619,-71.0851,1493.52,60.08,204.81,False,2026-03-11 17:39:52
a12625,AAL2595,United States,39.5503,-89.2718,10050.78,285.88,87.11,False,2026-03-11 17:39:52
a734e0,N5633R,United States,40.5169,-112.0789,1836.42,38.42,153.78,False,2026-03-11 17:39:52
ad6539,SKW420W,United States,32.5042,-103.3344,2065.02,97.34,334.65,False,2026-03-11 17:39:52
a23f0c,MXY181,United States,29.6232,-82.1842,8382.0,221.05,173.59,False,2026-03-11 17:39:52
c043b7,ACA261,Canada,47.5796,-89.1612,10363.2,207.98,296.44,False,2026-03-11 17:39:52
a79789,N589C,United States,40.1413,-111.7134,1737.36,48.8,251.57,False,2026-03-11 17:39:52
a1b190,MS5,United States,33.6353,-117.228,3185.16,55.41,121.33,False,2026-03-11 17:39:52
ad15cf,AAL1988,United States,36.373,-93.6085,10660.38,273.43,73.27,False,2026-03-11 17:39:52
a2d168,OXF6154,United States,33.3656,-111.4848,998.22,52.48,271.12,False,2026-03-11 17:39:52
a5449a,AAL2894,United States,25.9084,-80.1199,2644.14,127.49,227.94,False,2026-03-11 17:39:52
48e8f9,JDI24W,Poland,42.7803,-71.5151,,0.0,210.94,True,2026-03-11 17:39:52
a66482,N5105M,United States,41.0181,-111.9971,1706.88,35.21,281.8,False,2026-03-11 17:39:52
a50900,RPA4417,United States,30.1173,-82.2479,9738.36,233.86,175.2,False,2026-03-11 17:39:52
a6c76c,N536HF,United States,28.9865,-81.1298,975.36,55.8,282.24,False,2026-03-11 17:39:52
a209c0,AAY2331,United States,42.9768,-112.1276,11582.4,197.3,357.01,False,2026-03-11 17:39:52
a84dce,NKS583,United States,30.3159,-82.1158,10972.8,236.5,186.24,False,2026-03-11 17:39:52
71be19,KAL017,Republic of Korea,33.9421,-118.4131,,5.92,351.56,True,2026-03-11 17:39:52
c03cd9,N,Canada,49.6954,-124.8628,83.82,69.86,316.19,False,2026-03-11 17:39:52
ac323b,N885US,United States,38.9017,-121.4834,640.08,48.31,296.57,False,2026-03-11 17:39:52
aa4d77,JBU1247,United States,29.7582,-82.3564,8793.48,231.26,177.19,False,2026-03-11 17:39:52
ae2ef6,RFNK731,United States,27.634,-97.3274,228.6,70.32,318.26,False,2026-03-11 17:39:52
ae35cc,R01903,United States,41.8979,-73.8671,861.06,63.17,319.96,False,2026-03-11 17:39:52
a6b470,DAL384,United States,47.8024,-117.0719,10965.18,182.68,237.65,False,2026-03-11 17:39:52
a8a4a2,N656SP,United States,32.9528,-111.789,502.92,40.29,174.87,False,2026-03-11 17:39:52
ae2eef,BOMR823,United States,27.683,-97.2674,320.04,71.67,314.13,False,2026-03-11 17:39:52
adb52f,N98219,United States,33.3365,-117.595,952.5,31.96,273.69,False,2026-03-11 17:39:52
a71adb,N557QS,United States,26.5004,-79.6335,4800.6,191.65,243.02,False,2026-03-11 17:39:52
a6faca,EJA549,United States,34.9171,-88.8916,8191.5,215.48,106.79,False,2026-03-11 17:39:52
aaf268,RAX123,United States,33.5093,-111.3633,2407.92,155.77,233.05,False,2026-03-11 17:39:52
a77d89,EDV5094,United States,42.3644,-76.7824,7924.8,191.03,293.32,False,2026-03-11 17:39:52
a066a8,KOW25,United States,30.6292,-99.9429,14325.6,226.69,285.8,False,2026-03-11 17:39:52
71be45,AIH242,Republic of Korea,45.2741,-97.6953,10668.0,282.23,113.53,False,2026-03-11 17:39:52
aaf264,MVP438,United States,29.9457,-82.6148,10683.24,213.78,353.64,False,2026-03-11 17:39:52
a53196,N4337F,United States,32.4316,-111.2406,640.08,39.63,181.49,False,2026-03-11 17:39:52
a40a4c,N36DP,United States,28.495,-97.6601,8839.2,218.6,76.39,False,2026-03-11 17:39:52
a0060c,N100PU,United States,32.2524,-83.5982,6096.0,170.56,354.46,False,2026-03-11 17:39:52
a7d43c,SKW5324,United States,38.7746,-101.6433,10058.4,259.84,149.68,False,2026-03-11 17:39:52
ae2ee1,TEXN100,United States,30.661,-87.4579,4983.48,79.57,319.72,False,2026-03-11 17:39:52
ac3e9c,N8885H,United States,30.4967,-84.019,1615.44,57.31,139.73,False,2026-03-11 17:39:52
a27a94,SKW4076,United States,44.8114,-93.0278,1028.7,88.82,295.38,False,2026-03-11 17:39:52
a2ca64,UAL1147,United States,38.0809,-111.6311,12184.38,212.76,276.39,False,2026-03-11 17:39:52
a7846b,N5837S,United States,35.5552,-96.1267,2423.16,74.34,236.86,False,2026-03-11 17:39:52
a7979b,N589CT,United States,33.8133,-118.1459,-83.82,40.38,314.48,False,2026-03-11 17:39:52
a2efae,SWA3273,United States,35.3922,-97.5901,,9.26,272.81,True,2026-03-11 17:39:52
a11f5a,UAL311,United States,35.4829,-103.1613,10363.2,211.74,266.94,False,2026-03-11 17:39:52
a89d0a,QXE2095,United States,45.5143,-122.7678,1432.56,101.5,310.07,False,2026-03-11 17:39:52
a24636,N2459S,United States,39.4672,-104.7971,2407.92,46.31,167.82,False,2026-03-11 17:39:52
a987b4,CFS8673,United States,45.5768,-122.5745,312.42,75.26,121.3,False,2026-03-11 17:39:52
ad4b73,CFS8675,United States,45.1951,-122.8101,2186.94,54.06,196.02,False,2026-03-11 17:39:52
a10c31,FDX3619,United States,39.755,-86.2346,594.36,74.94,224.44,False,2026-03-11 17:39:52
a1bca8,N21056,United States,39.3293,-75.3947,640.08,69.12,45.0,False,2026-03-11 17:39:52
a0ec20,FDX3629,United States,38.8829,-89.3877,10195.56,275.21,86.57,False,2026-03-11 17:39:52
a1e9f4,N222RP,United States,30.9,-81.354,9144.0,162.24,169.4,False,2026-03-11 17:39:52
a053d1,N120BF,United States,40.881,-111.9107,1402.08,34.98,0.0,False,2026-03-11 17:39:52
a55785,UAL1677,United States,36.7781,-89.4516,10965.18,225.18,325.33,False,2026-03-11 17:39:52
ac2b80,SWA4053,United States,31.8495,-93.377,11277.6,248.55,123.69,False,2026-03-11 17:39:52
a0c9ec,N15XJ,United States,33.8661,-118.3724,670.56,61.32,142.84,False,2026-03-11 17:39:52
a96da8,N7063Q,United States,28.2937,-82.3284,396.24,43.97,353.96,False,2026-03-11 17:39:52
a3f133,DAL1038,United States,34.4167,-79.2138,8953.5,225.29,205.28,False,2026-03-11 17:39:52
ad6595,SWA2248,United States,36.0783,-115.1248,,0.0,90.0,True,2026-03-11 17:39:52
a987c0,N713FS,United States,40.4872,-104.8186,2186.94,39.11,271.51,False,2026-03-11 17:39:52
a209fa,N230RC,United States,43.5962,-99.4277,8839.2,202.7,89.56,False,2026-03-11 17:39:52
c069d8,WJA106,Canada,51.1304,-113.9903,,44.24,182.81,True,2026-03-11 17:39:52
a23f4d,EPI244,United States,28.9934,-81.1752,541.02,51.02,93.47,False,2026-03-11 17:39:52
ac2b8e,ASH6293,United States,31.1979,-84.6026,10058.4,251.22,78.78,False,2026-03-11 17:39:52
a5edbf,EJA481,United States,31.5379,-82.2882,12496.8,241.61,27.66,False,2026-03-11 17:39:52
acdbe7,PDT5831,United States,37.5668,-77.8845,9448.8,236.22,23.21,False,2026-03-11 17:39:52
c04fc5,CGEFK,Canada,53.552,-114.1269,1318.26,40.02,313.96,False,2026-03-11 17:39:52
ae2efa,RNGR721,United States,27.3119,-97.3222,3147.06,114.58,184.64,False,2026-03-11 17:39:52
a6b435,ASA792,United States,45.5903,-122.5967,,4.89,118.12,True,2026-03-11 17:39:52
39c429,AFR342,France,46.5024,-69.7667,11574.78,208.68,232.31,False,2026-03-11 17:39:52
a05ff5,N123ML,United States,32.8386,-110.6792,8839.2,161.54,102.13,False,2026-03-11 17:39:52
a71aad,DAL1030,United States,28.8913,-81.6818,2705.1,140.77,127.87,False,2026-03-11 17:39:52
ad526c,AAL2254,United States,41.344,-95.0346,9144.0,196.61,253.27,False,2026-03-11 17:39:52
a449a4,UAL2100,United States,36.3398,-78.5421,9121.14,232.6,26.11,False,2026-03-11 17:39:52
a449a2,UAL1219,United States,37.0698,-84.507,10660.38,266.12,74.3,False,2026-03-11 17:39:52
a066cd,N125FL,United States,35.9074,-80.7448,1005.84,86.26,5.13,False,2026-03-11 17:39:52
a449a8,UAL1618,United States,38.9458,-77.4528,,0.0,199.69,True,2026-03-11 17:39:52
a77111,JIA5200,United States,39.9749,-84.9713,5448.3,162.83,261.46,False,2026-03-11 17:39:52
adb581,N9824L,United States,28.1209,-82.8487,708.66,56.92,353.77,False,2026-03-11 17:39:52
adfbf0,ISAT1,United States,39.5203,-74.6833,792.48,64.2,201.63,False,2026-03-11 17:39:52
a199ef,N202FA,United States,40.8709,-111.9006,1447.8,43.63,52.18,False,2026-03-11 17:39:52
ad5269,ASA405,United States,43.7165,-114.7513,10668.0,286.09,118.22,False,2026-03-11 17:39:52
a6c756,GJS4493,United States,39.7202,-75.988,8526.78,212.83,230.89,False,2026-03-11 17:39:52
acdbee,AAL1555,United States,36.8799,-79.4664,9753.6,223.64,220.62,False,2026-03-11 17:39:52
a5313d,N4334X,United States,41.9537,-71.3732,1196.34,69.66,69.69,False,2026-03-11 17:39:52
c056c6,WJA1086,Canada,36.3149,-114.3554,4008.12,154.23,228.92,False,2026-03-11 17:39:52
0d0e9c,VOI1742,Mexico,32.0426,-110.8876,11590.02,207.11,336.43,False,2026-03-11 17:39:52
a89d22,RPA4355,United States,36.0303,-93.7264,10668.0,264.08,85.87,False,2026-03-11 17:39:52
aaf29f,VXP718,United States,33.3365,-79.8547,11277.6,248.16,46.34,False,2026-03-11 17:39:52
a43ea7,UAL1079,United States,26.9601,-80.894,10668.0,225.39,5.63,False,2026-03-11 17:39:52
ac8a7b,EJM907,United States,41.1981,-87.8587,13106.4,190.44,268.14,False,2026-03-11 17:39:52
a8fc72,UAL1739,United States,29.9093,-81.1535,7086.6,224.79,168.38,False,2026-03-11 17:39:52
a12215,N172RC,United States,33.225,-97.6984,1082.04,49.87,42.91,False,2026-03-11 17:39:52
a12216,N172RD,United States,33.8901,-117.581,213.36,38.07,288.92,False,2026-03-11 17:39:52
acf486,AAL2420,United States,36.368,-114.2166,10058.4,254.75,69.55,False,2026-03-11 17:39:52
a075df,RPA4557,United States,42.9129,-84.3008,8534.4,181.16,262.33,False,2026-03-11 17:39:52
a43ea3,UAL245,United States,37.8479,-105.6356,10972.8,193.77,297.86,False,2026-03-11 17:39:52
a9ccde,AAL1902,United States,32.6261,-97.0338,1531.62,118.27,25.78,False,2026-03-11 17:39:52
a2fea7,YEL2,United States,37.449,-87.16,9144.0,215.56,321.3,False,2026-03-11 17:39:52
a01566,N104UV,United States,40.1675,-111.8169,1836.42,56.38,244.6,False,2026-03-11 17:39:52
a6c393,LXJ535,United States,42.9234,-83.4544,13106.4,194.3,276.84,False,2026-03-11 17:39:52
abba6c,FDX6030,United States,35.189,-89.9759,609.6,83.89,178.24,False,2026-03-11 17:39:52
abba6b,N855FC,United States,36.5763,-92.2519,13716.0,266.06,93.88,False,2026-03-11 17:39:52
a37517,JBU65,United States,42.0392,-72.0367,7444.74,195.63,258.78,False,2026-03-11 17:39:52
a8f01b,WUP675,United States,39.2477,-94.4188,2049.78,143.1,68.05,False,2026-03-11 17:39:52
a36e1e,N32YA,United States,26.4259,-81.2875,822.96,47.12,100.7,False,2026-03-11 17:39:52
a9e6ec,N737VE,United States,30.439,-97.2885,914.4,42.63,197.56,False,2026-03-11 17:39:52
aced7a,DAL1424,United States,29.9981,-90.2784,,12.86,284.06,True,2026-03-11 17:39:52
a12227,N172RW,United States,32.7988,-117.1134,243.84,40.21,16.35,False,2026-03-11 17:39:52
a78c8f,DAL800,United States,33.9487,-118.406,,4.37,84.38,True,2026-03-11 17:39:52
a79386,ASA2609,United States,36.982,-105.633,11887.2,256.69,75.02,False,2026-03-11 17:39:52
a6d69f,N54LT,United States,40.0729,-104.6173,8778.24,171.14,251.78,False,2026-03-11 17:39:52
a05bde,RPA4420,United States,42.9381,-78.7306,,7.72,42.19,True,2026-03-11 17:39:52
a18ef8,N2SY,United States,33.4018,-94.2598,13716.0,159.92,234.16,False,2026-03-11 17:39:52
a13521,N177VZ,United States,33.8472,-112.2805,1287.78,63.79,270.0,False,2026-03-11 17:39:52
ad8901,SKW5017,United States,38.5063,-102.8461,9753.6,185.0,306.52,False,2026-03-11 17:39:52
ab3601,EJA821,United States,38.2176,-94.603,11407.14,270.08,96.12,False,2026-03-11 17:39:52
ad8906,N971TA,United States,34.0746,-118.6319,1303.02,61.5,289.04,False,2026-03-11 17:39:52
a11b00,AAL2084,United States,29.6232,-81.3448,7216.14,223.58,356.97,False,2026-03-11 17:39:52
aa4a90,SKW5487,United States,36.5334,-86.1461,7315.2,239.06,152.72,False,2026-03-11 17:39:52
a2b810,UAL1817,United States,38.935,-77.4554,,4.89,202.5,True,2026-03-11 17:39:52
a8acdf,N6580W,United States,28.4125,-80.836,807.72,30.08,77.15,False,2026-03-11 17:39:52
acf49d,OZN934,United States,26.3268,-81.4393,647.7,45.54,48.21,False,2026-03-11 17:39:52
aaa19e,RPA3501,United States,39.5266,-75.3707,6126.48,213.47,51.56,False,2026-03-11 17:39:52
789213,CPA828,China,43.6728,-79.6118,,8.75,233.44,True,2026-03-11 17:39:52
a12e36,,United States,34.7295,-107.6198,3413.76,89.15,71.15,False,2026-03-11 17:39:52
86d572,ANA180,Japan,37.3428,-121.6895,12496.8,261.86,132.21,False,2026-03-11 17:39:52
c00700,ACA1048,Canada,48.2905,-114.7553,10066.02,301.99,102.09,False,2026-03-11 17:39:52
a9ccc4,N730TR,United States,39.2856,-105.248,3512.82,63.71,227.29,False,2026-03-11 17:39:52
a9dffd,N7350G,United States,33.3977,-84.3182,297.18,32.67,236.56,False,2026-03-11 17:39:52
acf492,AAL869,United States,36.7788,-84.6433,10104.12,257.22,69.39,False,2026-03-11 17:39:52
a1c08b,N2117E,United States,42.5773,-70.9361,83.82,30.26,72.18,False,2026-03-11 17:39:52
a92361,UAL2672,United States,39.6519,-87.8352,10668.0,203.85,177.98,False,2026-03-11 17:39:52
a00228,N1Y,United States,38.5626,-85.388,10668.0,272.17,18.74,False,2026-03-11 17:39:52
a18ed1,N2RJ,United States,30.0301,-83.6609,9144.0,147.45,302.03,False,2026-03-11 17:39:52
a92367,UAL2858,United States,37.1939,-77.9534,10668.0,239.22,29.93,False,2026-03-11 17:39:52
a8f00e,UAL957,United States,42.2611,-70.0218,7924.8,213.53,278.03,False,2026-03-11 17:39:52
ac692a,SWA1155,United States,34.1074,-110.0751,10096.5,244.96,67.53,False,2026-03-11 17:39:52
c04e7d,,Canada,38.9586,-112.7941,12192.0,216.5,202.79,False,2026-03-11 17:39:52
a062ec,DAL2099,United States,35.3562,-84.0438,10972.8,202.53,237.76,False,2026-03-11 17:39:52
a5669f,SWA312,United States,43.0016,-74.7437,11582.4,179.77,278.06,False,2026-03-11 17:39:52
a35b39,AAL2801,United States,33.5252,-117.3674,7155.18,244.7,100.29,False,2026-03-11 17:39:52
a983b7,CKS865,United States,51.3757,-119.6051,9448.8,304.31,119.47,False,2026-03-11 17:39:52
aa6495,N769SP,United States,32.9773,-97.5278,1066.8,56.36,185.76,False,2026-03-11 17:39:52
a062ef,DAL1730,United States,30.7513,-83.577,9761.22,227.78,337.14,False,2026-03-11 17:39:52
a35b42,AAL2599,United States,32.8545,-97.055,320.04,79.22,0.0,False,2026-03-11 17:39:52
a36e73,ENY3795,United States,34.9379,-88.6371,10363.2,210.74,183.22,False,2026-03-11 17:39:52
a48e3a,DAL1416,United States,34.4155,-80.3665,10058.4,260.75,37.71,False,2026-03-11 17:39:52
a6c33f,VTE3002,United States,34.8757,-88.0682,4648.2,178.63,224.18,False,2026-03-11 17:39:52
a5537a,EJA442,United States,36.531,-79.4888,13106.4,184.64,219.23,False,2026-03-11 17:39:52
a8165a,N620BD,United States,36.3766,-82.6764,11399.52,190.79,244.96,False,2026-03-11 17:39:52
a55389,N442RG,United States,31.7631,-110.0168,3383.28,77.49,57.47,False,2026-03-11 17:39:52
a6cf94,EJA538,United States,34.1032,-83.4812,12496.8,248.38,53.68,False,2026-03-11 17:39:52
a8c6e1,AAL678,United States,30.0369,-94.9551,1409.7,121.2,220.18,False,2026-03-11 17:39:52
a48e46,DAL2770,United States,41.7014,-92.2034,10668.0,203.91,170.56,False,2026-03-11 17:39:52
a30baf,PFA322,United States,27.5007,-80.6239,670.56,48.37,212.85,False,2026-03-11 17:39:52
a24e90,N248JS,United States,39.557,-104.8527,1706.88,47.89,357.54,False,2026-03-11 17:39:52
ab3633,N821SS,United States,40.7551,-73.6228,320.04,83.48,318.75,False,2026-03-11 17:39:52
a9d3a9,NDU732,United States,32.8889,-111.9028,1051.56,50.79,56.15,False,2026-03-11 17:39:52
aa6488,N769SA,United States,32.6789,-80.0138,144.78,37.38,214.35,False,2026-03-11 17:39:52
a7f63d,ASA362,United States,49.0623,-123.8452,9220.2,259.79,144.67,False,2026-03-11 17:39:52
a42ba5,N368SS,United States,32.6921,-117.2059,,9.26,92.81,True,2026-03-11 17:39:52
c03b48,CFWLR,Canada,51.098,-114.3773,1249.68,9.83,317.12,False,2026-03-11 17:39:52
a8fc2e,UAL1866,United States,28.6475,-81.196,4754.88,192.8,337.4,False,2026-03-11 17:39:52
a7e318,SKW5461,United States,34.3381,-117.528,10972.8,213.29,281.69,False,2026-03-11 17:39:52
a78c60,N586BW,United States,28.1354,-80.5592,792.48,97.42,23.99,False,2026-03-11 17:39:52
a9e6be,N737TJ,United States,37.7807,-121.0368,1722.12,50.63,332.13,False,2026-03-11 17:39:52
a36219,N317PB,United States,30.1735,-85.1869,4884.42,144.13,278.62,False,2026-03-11 17:39:52
a12260,N172UC,United States,25.6529,-80.4336,-30.48,31.45,86.25,False,2026-03-11 17:39:52
a3b0fe,DAL2427,United States,37.2471,-92.2646,9761.22,199.79,277.55,False,2026-03-11 17:39:52
aa779d,SWA2548,United States,33.9348,-110.4219,10972.8,219.94,243.32,False,2026-03-11 17:39:52
a23b55,MXY131,United States,36.93,-86.2933,10668.0,211.5,166.64,False,2026-03-11 17:39:52
a36200,DAL2541,United States,34.8775,-119.4423,8542.02,228.94,143.77,False,2026-03-11 17:39:52
a43ec9,UAL497,United States,40.0457,-107.3026,10363.2,186.97,272.84,False,2026-03-11 17:39:52
ac694f,SWA3382,United States,35.1662,-109.6644,10668.0,256.62,102.5,False,2026-03-11 17:39:52
aa5d7f,N767WB,United States,40.9597,-97.2698,10980.42,202.31,246.63,False,2026-03-11 17:39:52
a062ca,N124CK,United States,38.3811,-121.5902,335.28,45.44,30.63,False,2026-03-11 17:39:52
a91c25,N6862F,United States,34.103,-81.4366,762.0,46.03,334.87,False,2026-03-11 17:39:52
a48e1c,N393BW,United States,43.334,-86.7796,8229.6,248.45,121.45,False,2026-03-11 17:39:52
a30bb3,N2959U,United States,28.3042,-81.4876,579.12,46.72,298.26,False,2026-03-11 17:39:52
a66c99,JIA5582,United States,41.2692,-75.7819,1630.68,89.68,228.72,False,2026-03-11 17:39:52
a2685b,SWA375,United States,38.8487,-77.0395,,8.23,354.38,True,2026-03-11 17:39:52
a6c358,DAL795,United States,38.8762,-109.0603,9144.0,201.58,250.78,False,2026-03-11 17:39:52
aabff1,ASI67,United States,32.9681,-112.0119,632.46,41.97,258.69,False,2026-03-11 17:39:52
ad1fbc,N945AA,United States,37.1838,-108.2303,8534.4,133.68,348.91,False,2026-03-11 17:39:52
ad8935,AAL2920,United States,30.6574,-81.6902,769.62,130.46,242.53,False,2026-03-11 17:39:52
a67399,SCX3016,United States,33.5159,-113.364,10363.2,221.09,287.89,False,2026-03-11 17:39:52
a79363,N5878K,United States,40.5028,-89.4353,5334.0,102.81,193.9,False,2026-03-11 17:39:52
a00262,N10AG,United States,36.8732,-76.2337,495.3,69.93,247.96,False,2026-03-11 17:39:52
ad1fc8,AAL1342,United States,35.921,-80.7978,10972.8,212.16,217.31,False,2026-03-11 17:39:52
ab1c47,DAL1688,United States,33.6431,-84.4286,,2.83,270.0,True,2026-03-11 17:39:52
789269,CPA806,China,42.6772,-103.8242,11887.2,299.37,102.1,False,2026-03-11 17:39:52
aaacc3,RPA3576,United States,41.1166,-75.9541,5425.44,196.6,110.05,False,2026-03-11 17:39:52
a1dee1,N22CG,United States,36.3384,-95.2451,10058.4,157.02,105.58,False,2026-03-11 17:39:52
a12241,N172SX,United States,33.1909,-117.219,1554.48,52.58,106.48,False,2026-03-11 17:39:52
aaad49,SWA1637,United States,39.7725,-79.128,7010.4,242.39,114.72,False,2026-03-11 17:39:52
c06860,SN861,Canada,50.2677,-96.8421,3528.06,89.97,25.39,False,2026-03-11 17:39:52
ab975c,AAL1568,United States,39.0379,-85.3113,5372.1,147.76,257.12,False,2026-03-11 17:39:52
a67ef3,BSM32,United States,33.8092,-96.4201,784.86,39.08,16.05,False,2026-03-11 17:39:52
c005c5,ACA295,Canada,50.1469,-98.9068,7749.54,201.82,297.81,False,2026-03-11 17:39:52
a3625f,REH21,United States,33.0928,-116.6583,2202.18,74.79,187.91,False,2026-03-11 17:39:52
a698fa,BPX265,United States,33.5782,-86.286,1181.1,40.16,267.8,False,2026-03-11 17:39:52
ad2733,ASA606,United States,39.7305,-115.0584,10668.0,261.43,145.34,False,2026-03-11 17:39:52
aab431,RPA3619,United States,40.9719,-74.3986,1539.24,148.17,37.67,False,2026-03-11 17:39:52
a23b89,N243EA,United States,33.8085,-112.1008,1889.76,29.69,351.03,False,2026-03-11 17:39:52
a2f2d9,OXF4857,United States,33.4551,-111.7353,350.52,35.11,50.95,False,2026-03-11 17:39:52
ad0d35,AAL2078,United States,32.8893,-97.0489,,6.17,180.0,True,2026-03-11 17:39:52
ad273b,DAL3045,United States,33.4269,-84.7123,3604.26,189.89,44.78,False,2026-03-11 17:39:52
0c218b,CMP809,Panama,33.6997,-77.7201,10668.0,221.46,8.28,False,2026-03-11 17:39:52
a8c83b,EJA665,United States,26.797,-78.986,10530.84,193.06,32.93,False,2026-03-11 17:39:52
a54beb,PJC40,United States,41.3988,-76.8957,8229.6,245.41,60.21,False,2026-03-11 17:39:52
a6d5b1,JNY54,United States,39.5049,-97.2411,13716.0,287.64,74.97,False,2026-03-11 17:39:52
a5c8fc,ERU472,United States,29.2118,-81.2523,845.82,53.04,288.08,False,2026-03-11 17:39:52
a445f2,UAL2271,United States,47.3698,-122.1627,3573.78,128.41,307.51,False,2026-03-11 17:39:52
a6d5b2,N54BF,United States,40.1109,-111.6582,1516.38,39.65,134.47,False,2026-03-11 17:39:52
710104,SVA021,Saudi Arabia,40.6423,-73.7909,,0.0,337.5,True,2026-03-11 17:39:52
a445f8,DAL1915,United States,33.0654,-85.2255,10668.0,248.5,136.09,False,2026-03-11 17:39:52
a2424d,N2448B,United States,35.9613,-115.1213,937.26,48.87,179.4,False,2026-03-11 17:39:52
c03b2d,CFWKQ,Canada,44.0883,-80.3489,5905.5,81.75,310.41,False,2026-03-11 17:39:52
a4cb68,PFA327,United States,32.1277,-81.1022,472.44,42.26,273.49,False,2026-03-11 17:39:52
a86540,PDT5998,United States,35.2563,-80.9386,396.24,72.29,175.1,False,2026-03-11 17:39:52
a2ebe6,KAP689,United States,45.8008,-108.512,1005.84,44.72,293.03,False,2026-03-11 17:39:52
a6bbc5,N533CA,United States,34.2301,-118.9776,1874.52,49.0,274.21,False,2026-03-11 17:39:52
a1226b,UPS5837,United States,38.187,-85.7488,205.74,71.99,166.36,False,2026-03-11 17:39:52
ab34f3,DAL629,United States,35.0108,-85.0349,7856.22,239.5,340.55,False,2026-03-11 17:39:52
a2ebd7,N288BL,United States,28.2682,-81.8555,274.32,42.34,207.5,False,2026-03-11 17:39:52
abd41a,RPA4471,United States,39.3521,-79.6481,10972.8,197.55,281.72,False,2026-03-11 17:39:52
a43eec,UAL2200,United States,41.3772,-75.2517,8450.58,207.83,299.67,False,2026-03-11 17:39:52
a43eea,UAL1117,United States,43.5727,-80.1198,11277.6,273.48,81.67,False,2026-03-11 17:39:52
a1d2dc,JBU133,United States,41.2865,-115.0402,10965.18,190.51,244.06,False,2026-03-11 17:39:52
aced2f,OZN932,United States,25.9985,-80.2815,182.88,30.88,88.09,False,2026-03-11 17:39:52
a43eed,UAL1189,United States,35.8403,-121.5789,11277.6,243.87,127.72,False,2026-03-11 17:39:52
ac910f,ERU909,United States,29.3318,-81.2759,541.02,56.94,34.7,False,2026-03-11 17:39:52
a73e64,N566ND,United States,29.9173,-97.8577,358.14,40.14,1.47,False,2026-03-11 17:39:52
aced21,ASA546,United States,31.8287,-116.4146,8382.0,243.52,138.77,False,2026-03-11 17:39:52
aa76cb,SWA539,United States,36.0775,-115.1243,,8.75,90.0,True,2026-03-11 17:39:52
aced23,AAL2451,United States,31.6409,-88.3672,10668.0,253.66,112.66,False,2026-03-11 17:39:52
a30bce,ASA327,United States,46.7108,-121.851,6583.68,236.31,124.62,False,2026-03-11 17:39:52
a1d2d1,N21648,United States,32.6042,-83.7655,601.98,53.48,43.83,False,2026-03-11 17:39:52
0c215f,CMP466,Panama,26.4832,-80.9458,10668.0,222.26,5.58,False,2026-03-11 17:39:52
a445d9,DAL1400,United States,38.7476,-90.3638,,5.66,213.75,True,2026-03-11 17:39:52
ac67fc,AAL2558,United States,29.6877,-90.7988,10675.62,246.48,130.0,False,2026-03-11 17:39:52
a73220,ASA1400,United States,46.092,-120.8402,8816.34,281.44,125.93,False,2026-03-11 17:39:52
c04e63,CRN999,Canada,49.1819,-123.1683,,2.06,104.06,True,2026-03-11 17:39:52
ac3ac9,SWA3691,United States,39.8639,-93.3836,5486.4,162.78,238.57,False,2026-03-11 17:39:52
aced1c,PDT5842,United States,38.146,-78.0852,10058.4,241.49,65.46,False,2026-03-11 17:39:52
a7d085,SKW5433,United States,33.9433,-115.7318,10058.4,233.56,110.23,False,2026-03-11 17:39:52
a73e17,N566KB,United States,38.8074,-104.7196,,6.17,5.62,True,2026-03-11 17:39:52
a6b096,N530BR,United States,37.63,-113.2262,7924.8,127.52,346.47,False,2026-03-11 17:39:52
a027ca,SKW5687,United States,41.9655,-87.888,,7.72,39.38,True,2026-03-11 17:39:52
ac41ab,SWA2318,United States,37.5468,-122.1483,922.02,97.55,292.64,False,2026-03-11 17:39:52
a79ea8,DAL1134,United States,27.6594,-82.4059,10393.68,254.63,162.48,False,2026-03-11 17:39:52
aa1635,RPA3573,United States,38.7455,-90.369,,0.0,157.5,True,2026-03-11 17:39:52
a87808,N645CH,United States,28.8635,-81.6665,1325.88,65.27,249.71,False,2026-03-11 17:39:52
aa6fca,SWA754,United States,42.943,-78.7242,,11.83,45.0,True,2026-03-11 17:39:52
a74505,DAL146,United States,33.63,-84.4236,,0.0,295.31,True,2026-03-11 17:39:52
ac3adf,SWA3015,United States,33.8125,-118.1431,,8.23,135.0,True,2026-03-11 17:39:52
abc12a,SWA3670,United States,40.7753,-73.8664,,5.66,303.75,True,2026-03-11 17:39:52
a4959a,ATN3321,United States,38.6617,-84.0152,3817.62,155.24,304.06,False,2026-03-11 17:39:52
adbdc9,DAL1063,United States,37.579,-87.2666,9448.8,226.29,161.85,False,2026-03-11 17:39:52
a708b0,AAL1722,United States,28.4198,-81.3198,,8.23,0.0,True,2026-03-11 17:39:52
ace108,EJA929,United States,33.7432,-79.5848,9113.52,224.16,213.11,False,2026-03-11 17:39:52
a50549,RPA4371,United States,40.0494,-75.4897,6096.0,183.43,226.82,False,2026-03-11 17:39:52
ad0122,RGY937,United States,33.2388,-111.9446,1737.36,132.01,306.6,False,2026-03-11 17:39:52
aaad8f,SWA241,United States,29.9952,-90.2759,,48.36,106.88,True,2026-03-11 17:39:52
a18403,AAL2476,United States,35.353,-106.199,10050.78,239.68,70.44,False,2026-03-11 17:39:52
a6b07e,ASA516,United States,47.4272,-121.5431,4594.86,216.12,91.23,False,2026-03-11 17:39:52
aa76a8,SWA1507,United States,37.5658,-77.3039,4869.18,189.28,11.92,False,2026-03-11 17:39:52
a828c9,N62494,United States,36.0375,-79.4859,2514.6,59.7,268.52,False,2026-03-11 17:39:52
ac9d8a,N91158,United States,32.1566,-83.5683,259.08,60.02,44.65,False,2026-03-11 17:39:52
c05512,JZA147,Canada,48.7294,-123.8119,1264.92,100.84,126.29,False,2026-03-11 17:39:52
a3c558,N342GF,United States,26.7039,-81.318,1005.84,89.13,224.3,False,2026-03-11 17:39:52
a54bab,SWA843,United States,35.4119,-111.2135,12496.8,252.33,101.29,False,2026-03-11 17:39:52
ad0d86,DAL2542,United States,30.3184,-89.3159,5547.36,193.2,247.12,False,2026-03-11 17:39:52
a4f871,STRSHP1,United States,25.9119,-80.5684,548.64,114.35,99.84,False,2026-03-11 17:39:52
ac41ce,SWA1782,United States,30.3564,-97.8171,1836.42,142.41,153.62,False,2026-03-11 17:39:52
a4d200,N41CG,United States,35.9285,-100.3812,10172.7,227.5,54.94,False,2026-03-11 17:39:52
a3d87c,N347NA,United States,32.2966,-80.7586,11887.2,242.64,24.55,False,2026-03-11 17:39:52
a3627d,ENY3911,United States,30.6648,-103.4095,7924.8,239.86,232.32,False,2026-03-11 17:39:52
a4e538,RPA4613,United States,35.2672,-79.0891,10058.4,244.83,35.59,False,2026-03-11 17:39:52
a698e7,N524MK,United States,40.1716,-74.0318,571.5,63.67,347.87,False,2026-03-11 17:39:52
a708bf,VOI7710,United States,33.4148,-116.9158,11590.02,209.9,314.7,False,2026-03-11 17:39:52
a3be6a,N340MJ,United States,35.1773,-111.9786,7620.0,122.31,85.42,False,2026-03-11 17:39:52
c018c8,JZA853,Canada,43.6767,-79.6072,,3.86,225.0,True,2026-03-11 17:39:52
a36272,N317SR,United States,25.9713,-78.7702,2827.02,85.9,124.26,False,2026-03-11 17:39:52
abc14d,SWA2471,United States,41.2997,-88.1771,6240.78,159.56,200.77,False,2026-03-11 17:39:52
abba5f,ERU855,United States,29.3145,-81.1376,236.22,46.69,341.37,False,2026-03-11 17:39:52
a54bbf,CYO440,United States,33.0625,-96.0693,8016.24,208.94,91.55,False,2026-03-11 17:39:52
ad74f2,N9661G,United States,42.7159,-106.9131,2529.84,53.22,240.46,False,2026-03-11 17:39:52
acda41,EDV5459,United States,41.8654,-83.5455,4655.82,150.64,203.76,False,2026-03-11 17:39:52
acda2c,SWA2067,United States,30.2011,-97.6659,,3.6,348.75,True,2026-03-11 17:39:52
ad5ae2,CMF1072,United States,42.1939,-71.5693,3878.58,74.4,216.0,False,2026-03-11 17:39:52
a36279,SKW3989,United States,42.2942,-92.3682,10668.0,192.59,175.1,False,2026-03-11 17:39:52
a1cd1d,N215LP,United States,40.1958,-74.8974,548.64,39.3,217.02,False,2026-03-11 17:39:52
a802fa,N615T,United States,37.8332,-119.308,11414.76,225.68,261.61,False,2026-03-11 17:39:52
adbe91,JBU957,United States,35.5783,-108.0729,10363.2,213.24,261.54,False,2026-03-11 17:39:52
a4470e,ASA829,United States,44.9257,-102.4505,11582.4,208.19,253.49,False,2026-03-11 17:39:52
a24dc1,ASA24,United States,38.8466,-101.2972,10675.62,264.08,72.66,False,2026-03-11 17:39:52
ac4279,SWA684,United States,37.2506,-108.7499,11277.6,251.0,63.33,False,2026-03-11 17:39:52
a9e899,N73784,United States,33.5127,-96.9117,1188.72,47.85,178.77,False,2026-03-11 17:39:52
a8658c,N640DF,United States,42.5576,-92.7705,4251.96,112.54,202.58,False,2026-03-11 17:39:52
a32746,EJM302,United States,38.68,-84.3375,12138.66,249.3,143.39,False,2026-03-11 17:39:52
a04a49,DAL2958,United States,39.0434,-79.5424,9014.46,217.29,274.62,False,2026-03-11 17:39:52
a7326b,,United States,36.697,-77.0086,1508.76,82.24,43.48,False,2026-03-11 17:39:52
a3bda6,DAL1190,United States,26.75,-80.6206,2065.02,135.42,110.22,False,2026-03-11 17:39:52
a06461,AAL1985,United States,37.009,-88.3186,9144.0,218.55,294.03,False,2026-03-11 17:39:52
a134d5,SKW3224,United States,34.6072,-118.7094,5661.66,175.58,350.9,False,2026-03-11 17:39:52
a32734,ERU302,United States,29.6508,-81.4082,1234.44,65.74,17.3,False,2026-03-11 17:39:52
acf2e4,EDV5175,United States,44.8692,-93.1913,,67.58,300.66,True,2026-03-11 17:39:52
a014c9,AAL76,United States,47.7914,-98.9482,10363.2,208.29,262.05,False,2026-03-11 17:39:52
adab81,N980DT,United States,50.3149,-112.2604,10142.22,161.15,298.61,False,2026-03-11 17:39:52
a06435,SKW5405,United States,29.4102,-95.3458,6355.08,160.7,208.7,False,2026-03-11 17:39:52
a04a0a,N118BF,United States,40.138,-111.6575,1272.54,30.63,310.91,False,2026-03-11 17:39:52
a16a02,AAL3131,United States,32.7395,-116.4486,3093.72,166.93,264.52,False,2026-03-11 17:39:52
a0c739,N1495U,United States,32.8804,-117.1445,853.44,52.6,183.93,False,2026-03-11 17:39:52
a147d1,,United States,42.3575,-71.0167,,10.29,191.25,True,2026-03-11 17:39:52
a8c88f,UAL123,United States,44.9762,-71.3636,9144.0,226.38,223.16,False,2026-03-11 17:39:52
a7e2ff,N607TX,United States,37.4712,-97.2596,1143.0,74.59,6.73,False,2026-03-11 17:39:52
a17d1c,N1950F,United States,36.1965,-115.21,822.96,48.49,311.13,False,2026-03-11 17:39:52
a54d0a,OXF1296,United States,33.372,-111.8579,601.98,52.68,58.17,False,2026-03-11 17:39:52
a9c212,N728JF,United States,33.7656,-84.3991,243.84,1.03,0.0,False,2026-03-11 17:39:52
a97251,ASA326,United States,47.3643,-122.0148,2552.7,162.04,72.26,False,2026-03-11 17:39:52
a54d25,OXF3867,United States,32.5517,-111.4773,1897.38,43.26,2.73,False,2026-03-11 17:39:52
a1973f,N201RP,United States,34.4282,-118.5558,1645.92,72.74,70.16,False,2026-03-11 17:39:52
a00df8,N102UV,United States,37.3324,-79.969,358.14,33.59,229.97,False,2026-03-11 17:39:52
0d04fd,TAA430,Mexico,34.3602,-89.5938,4236.72,108.87,222.51,False,2026-03-11 17:39:52
a00df9,AAL3321,United States,35.3088,-82.7907,8702.04,222.95,285.8,False,2026-03-11 17:39:52
ac429b,SWA639,United States,35.6681,-107.7616,11582.4,210.81,257.46,False,2026-03-11 17:39:52
a0ad1b,UAL1185,United States,27.1656,-111.865,11887.2,231.88,141.76,False,2026-03-11 17:39:52
a0ad1d,UAL2294,United States,42.5395,-92.2229,9448.8,258.94,97.53,False,2026-03-11 17:39:52
a85e6e,WIS300,United States,43.5848,-88.4886,1280.16,67.26,353.85,False,2026-03-11 17:39:52
a05162,N12AJ,United States,28.2348,-81.1876,9448.8,158.13,341.8,False,2026-03-11 17:39:52
c066fb,ACA141,Canada,44.2121,-80.0091,4732.02,181.29,319.26,False,2026-03-11 17:39:52
a35aae,AAL2456,United States,34.3244,-82.8827,10972.8,191.51,235.29,False,2026-03-11 17:39:52
a60b77,EJA489,United States,30.1316,-91.762,11887.2,261.04,48.84,False,2026-03-11 17:39:52
a254da,UAL7,United States,30.2494,-95.3871,3238.5,172.34,4.45,False,2026-03-11 17:39:52
a802c0,EJA615,United States,34.4015,-97.1373,12496.8,240.79,89.02,False,2026-03-11 17:39:52
a1d44e,SWA4019,United States,42.6263,-71.071,8176.26,201.6,215.76,False,2026-03-11 17:39:52
a28a53,MXY869,United States,31.5132,-81.4225,10058.4,237.52,18.04,False,2026-03-11 17:39:52
a29d84,N268JG,United States,38.893,-119.7702,1706.88,43.36,184.76,False,2026-03-11 17:39:52
a2b7f5,UAL2375,United States,42.5713,-111.7338,10668.0,288.07,114.14,False,2026-03-11 17:39:52
a73e80,GRB931,United States,34.649,-110.5027,13106.4,216.78,272.45,False,2026-03-11 17:39:52
a9854e,AAL1842,United States,33.4576,-84.2238,11864.34,261.14,63.94,False,2026-03-11 17:39:52
a1cd4e,ENY3614,United States,39.7862,-96.9406,7315.2,209.39,0.7,False,2026-03-11 17:39:52
ab9737,N846MA,United States,32.1128,-84.3498,6400.8,148.83,32.87,False,2026-03-11 17:39:52
c053ba,ASP501,Canada,43.4245,-83.7547,3147.06,160.09,146.67,False,2026-03-11 17:39:52
ab7d21,N8397L,United States,40.7454,-113.4275,2438.4,42.8,283.2,False,2026-03-11 17:39:52
a7dbaa,SKW6041,United States,43.3673,-115.606,4404.36,195.36,113.59,False,2026-03-11 17:39:52
a0faf3,AAL1326,United States,36.5684,-91.6149,9448.8,261.73,86.85,False,2026-03-11 17:39:52
c053c8,ASP609,Canada,26.7449,-81.1869,4297.68,174.31,75.47,False,2026-03-11 17:39:52
a9e868,N7377Q,United States,26.0637,-81.7882,266.7,56.27,345.71,False,2026-03-11 17:39:52
a85e61,N6384J,United States,28.0336,-81.2717,1607.82,55.07,88.39,False,2026-03-11 17:39:52
a17150,,United States,31.3798,-85.4512,373.38,69.04,277.71,False,2026-03-11 17:39:52
a35ab8,EDV4921,United States,28.8423,-96.3512,10668.0,275.86,63.05,False,2026-03-11 17:39:52
a4473b,N375JW,United States,37.6397,-84.204,2743.2,115.86,53.49,False,2026-03-11 17:39:52
a8c855,N665RT,United States,27.5206,-80.4002,243.84,58.13,270.0,False,2026-03-11 17:39:52
a8ae2e,PDT6072,United States,33.6381,-86.2838,3124.2,177.11,282.58,False,2026-03-11 17:39:52
a1d433,ASA867,United States,37.5395,-123.5436,9753.6,217.18,249.33,False,2026-03-11 17:39:52
adb29c,ASA183,United States,39.1766,-119.6184,10972.8,216.51,348.9,False,2026-03-11 17:39:52
a23ab8,CXK596,United States,30.5409,-91.1396,22.86,32.81,221.19,False,2026-03-11 17:39:52
a59b9c,SWA1368,United States,33.2247,-96.9625,1539.24,139.69,117.89,False,2026-03-11 17:39:52
a7e2d1,N607SA,United States,32.0974,-97.6728,1988.82,72.51,195.22,False,2026-03-11 17:39:52
c0068f,GLR2720,Canada,50.2708,-98.7699,6118.86,123.43,292.29,False,2026-03-11 17:39:52
a387f0,JBU922,United States,41.9468,-71.2077,2255.52,140.47,20.36,False,2026-03-11 17:39:52
a96b0b,KAP763,United States,42.2352,-71.0705,883.92,110.3,34.36,False,2026-03-11 17:39:52
a1cd55,AAY728,United States,41.4191,-102.0621,10668.0,247.8,50.56,False,2026-03-11 17:39:52
aa0e90,KAP412,United States,41.6705,-70.3281,396.24,60.08,222.57,False,2026-03-11 17:39:52
a2075a,N23NG,United States,42.0381,-94.5271,12496.8,276.26,90.32,False,2026-03-11 17:39:52
a24deb,N248CB,United States,33.9499,-117.4347,152.4,0.0,286.88,True,2026-03-11 17:39:52
a8ae3d,VAR659,United States,33.3309,-112.7695,670.56,78.69,78.69,False,2026-03-11 17:39:52
a8ae3e,AAL2187,United States,27.2253,-97.5023,10972.8,192.93,180.76,False,2026-03-11 17:39:52
a7dbcd,NEW605,United States,37.2705,-75.7734,11582.4,239.78,183.94,False,2026-03-11 17:39:52
a17d89,COL1953,United States,42.6677,-90.4541,8374.38,224.12,334.43,False,2026-03-11 17:39:52
a7e2af,EJA607,United States,42.9582,-87.8988,,0.0,272.81,True,2026-03-11 17:39:52
ab34c8,N821CD,United States,39.0049,-96.0769,8496.3,140.68,266.65,False,2026-03-11 17:39:52
a6127b,N4900L,United States,33.964,-117.0922,1584.96,48.55,102.86,False,2026-03-11 17:39:52
a254d8,UAL79,United States,41.7144,-74.9271,7932.42,226.19,320.44,False,2026-03-11 17:39:52
c1e9f1,EL18,Canada,51.1322,-114.0185,,15.43,180.0,True,2026-03-11 17:39:52
c1e9f2,UTOW511,Canada,51.1327,-113.9975,,6.17,98.44,True,2026-03-11 17:39:52
a4caba,DAL195,United States,42.5915,-62.6702,10972.8,229.28,257.43,False,2026-03-11 17:39:52
aa01b5,N744DD,United States,40.3003,-73.0752,3444.24,109.54,46.71,False,2026-03-11 17:39:52
ad38bf,DAL2380,United States,33.6358,-84.4125,,8.75,90.0,True,2026-03-11 17:39:52
a4478d,DAL1226,United States,44.9424,-93.8847,4960.62,174.87,265.78,False,2026-03-11 17:39:52
a5b764,ASA509,United States,48.1141,-111.7767,10363.2,173.09,257.12,False,2026-03-11 17:39:52
a0519f,N12CV,United States,42.4829,-122.5301,10660.38,188.17,174.35,False,2026-03-11 17:39:52
a2da60,AAY1286,United States,40.1375,-89.2465,8267.7,202.55,324.61,False,2026-03-11 17:39:52
a77a04,N581EA,United States,32.2597,-103.1122,6096.0,126.88,261.61,False,2026-03-11 17:39:52
a3fa60,N35543,United States,32.6868,-96.8491,579.12,52.6,356.07,False,2026-03-11 17:39:52
aa01a6,CAP843,United States,25.6497,-80.5039,281.94,38.08,88.45,False,2026-03-11 17:39:52
a2da59,ENY3928,United States,30.4207,-103.7738,7924.8,235.75,232.18,False,2026-03-11 17:39:52
a72aa1,N561A,United States,25.6625,-79.1637,3756.66,96.4,337.4,False,2026-03-11 17:39:52
a997cc,DAL329,United States,34.4127,-107.7302,10972.8,220.21,270.94,False,2026-03-11 17:39:52
a47ad2,UPS2957,United States,37.2694,-92.3276,11277.6,273.89,96.47,False,2026-03-11 17:39:52
ac3b0f,SWA194,United States,35.3058,-106.7196,10668.0,240.37,68.93,False,2026-03-11 17:39:52
a67452,DAL367,United States,43.3347,-98.9673,10675.62,270.75,76.15,False,2026-03-11 17:39:52
a31486,EDV5352,United States,33.6203,-84.3613,548.64,73.05,270.4,False,2026-03-11 17:39:52
a12f07,UAL686,United States,34.1653,-103.3951,10058.4,256.54,123.88,False,2026-03-11 17:39:52
a12f09,UAL8125,United States,37.039,-95.2703,10363.2,184.05,206.57,False,2026-03-11 17:39:52
a35af8,AAL1673,United States,33.4335,-111.9923,,0.0,180.0,True,2026-03-11 17:39:52
a494e9,UAL254,United States,42.4329,-88.7395,3078.48,164.79,135.13,False,2026-03-11 17:39:52
ac3b32,SWA4768,United States,27.9839,-82.5319,,0.0,225.0,True,2026-03-11 17:39:52
ab1b3e,UAL1414,United States,37.4496,-85.6201,10058.4,232.37,157.07,False,2026-03-11 17:39:52
a04a8d,N118GM,United States,41.7591,-111.8682,1447.8,43.24,92.05,False,2026-03-11 17:39:52
a23af9,CXK594,United States,39.5976,-104.8601,1859.28,48.64,287.86,False,2026-03-11 17:39:52
ac5544,N894MA,United States,28.7165,-81.5883,30.48,35.9,154.54,False,2026-03-11 17:39:52
a78d73,DAL1208,United States,30.6266,-82.6171,7917.18,261.69,142.03,False,2026-03-11 17:39:52
c066f4,ACA2410,Canada,42.309,-86.2906,7048.5,252.87,87.32,False,2026-03-11 17:39:52
a5b785,N468C,United States,33.6692,-79.7348,3413.76,77.57,24.7,False,2026-03-11 17:39:52
a31472,AAY202,United States,29.6283,-81.4369,6126.48,203.87,355.37,False,2026-03-11 17:39:52
a7942b,N588FP,United States,32.2953,-82.5919,3299.46,154.93,114.52,False,2026-03-11 17:39:52
c1e9b9,WLD32,Canada,51.1288,-113.9868,,11.83,177.19,True,2026-03-11 17:39:52
a65a4d,N5082G,United States,33.7486,-83.8516,883.92,44.78,178.03,False,2026-03-11 17:39:52
a2ed5a,SKW3735,United States,47.4601,-122.3062,,1.29,0.0,True,2026-03-11 17:39:52
c053b4,ASP655,Canada,36.3224,-114.5748,13106.4,208.21,26.88,False,2026-03-11 17:39:52
a17170,AAL3063,United States,36.5577,-76.2563,9456.42,237.64,29.01,False,2026-03-11 17:39:52
a1ba59,RPA5828,United States,40.1326,-74.5958,3055.62,187.94,47.88,False,2026-03-11 17:39:52
a494c5,UAL2374,United States,33.6687,-114.9882,10553.7,254.15,110.75,False,2026-03-11 17:39:52
abd2a9,VTE3052,United States,38.4752,-88.7361,6294.12,157.45,181.12,False,2026-03-11 17:39:52
ac4e85,UAL1107,United States,31.2877,-100.0056,9296.4,258.25,118.3,False,2026-03-11 17:39:52
a2b919,ASA704,United States,39.6133,-119.404,10660.38,245.8,165.7,False,2026-03-11 17:39:52
a4e4a3,SKW3117,United States,33.3753,-116.3511,8183.88,206.62,45.2,False,2026-03-11 17:39:52
a076c6,N129SW,United States,26.5978,-80.0861,,0.06,126.56,True,2026-03-11 17:39:52
aa5d23,SKW4781,United States,41.2948,-85.6246,9425.94,186.86,267.95,False,2026-03-11 17:39:52
a339b4,DAL2711,United States,35.9106,-79.5371,10660.38,253.3,55.34,False,2026-03-11 17:39:52
adc531,AAL2516,United States,32.6018,-82.2299,7620.0,260.62,10.58,False,2026-03-11 17:39:52
a9d59a,UAL1505,United States,46.2865,-117.542,10668.0,275.71,118.05,False,2026-03-11 17:39:52
a3d7dc,FFT1829,United States,36.5866,-106.5122,10363.2,221.1,249.29,False,2026-03-11 17:39:52
ab82e2,N8405B,United States,32.9179,-97.5595,1036.32,44.27,272.0,False,2026-03-11 17:39:52
ac9be4,N911RL,United States,33.5765,-95.7014,1524.0,119.19,64.43,False,2026-03-11 17:39:52
a517dc,RPA4418,United States,36.0232,-81.6999,5433.06,168.53,217.18,False,2026-03-11 17:39:52
a2b910,N275AA,United States,28.3023,-81.446,7.62,41.16,143.13,False,2026-03-11 17:39:52
a1360a,N17732,United States,32.6649,-86.1102,2987.04,104.96,350.12,False,2026-03-11 17:39:52
ac4237,SWA676,United States,33.5693,-108.6432,10972.8,195.47,310.94,False,2026-03-11 17:39:52
ac5569,AAL2007,United States,32.835,-84.9588,10302.24,260.42,49.17,False,2026-03-11 17:39:52
a757ae,AAL2366,United States,35.2703,-104.8536,9761.22,216.0,266.31,False,2026-03-11 17:39:52
abdeec,AAL903,United States,41.9736,-87.8999,,0.0,278.44,True,2026-03-11 17:39:52
ac3b51,SWA3992,United States,27.9357,-82.9542,8229.6,235.48,158.2,False,2026-03-11 17:39:52
ad8895,AAL2353,United States,32.2424,-108.2653,11285.22,238.43,98.81,False,2026-03-11 17:39:52
c079a6,TSC253,Canada,46.5127,-68.6882,11582.4,186.43,251.67,False,2026-03-11 17:39:52
a67416,VAR515,United States,33.4425,-112.6854,297.18,39.13,182.26,False,2026-03-11 17:39:52
a4f7cb,RPA4776,United States,39.0361,-77.0997,1836.42,99.67,315.0,False,2026-03-11 17:39:52
a3b1a0,UPS5196,United States,36.8607,-87.0318,11590.02,185.76,257.85,False,2026-03-11 17:39:52
a18fbd,N20AU,United States,32.614,-85.4331,,0.06,180.0,True,2026-03-11 17:39:52
a219d4,N23407,United States,34.3225,-84.3757,640.08,54.07,158.81,False,2026-03-11 17:39:52
a05cc7,SKW5484,United States,30.7529,-89.0931,10363.2,188.92,217.59,False,2026-03-11 17:39:52
a076a8,N129RR,United States,33.2408,-113.1632,1287.78,56.41,226.85,False,2026-03-11 17:39:52
ac3b78,SWA669,United States,42.9359,-78.7335,,6.69,42.19,True,2026-03-11 17:39:52
a7dd01,N6056E,United States,36.9485,-77.6923,2552.7,76.62,27.6,False,2026-03-11 17:39:52
c079d5,WJA2200,Canada,32.3814,-100.8049,11269.98,271.05,154.36,False,2026-03-11 17:39:52
c0060a,CFCHL,Canada,49.0338,-122.3549,129.54,19.79,242.1,False,2026-03-11 17:39:52
aa7718,SWA4078,United States,37.7018,-93.1947,11582.4,171.17,243.2,False,2026-03-11 17:39:52
ad6e97,,United States,37.252,-78.8779,1524.0,61.99,189.07,False,2026-03-11 17:39:52
adab31,AAL2282,United States,35.8765,-92.0003,10668.0,258.0,74.38,False,2026-03-11 17:39:52
a3bdee,N340GK,United States,30.0528,-89.913,1173.48,91.5,30.02,False,2026-03-11 17:39:52
adab38,TAI324,United States,30.6218,-89.3773,10668.0,252.99,15.45,False,2026-03-11 17:39:52
a54d4e,OXF1791,United States,33.4564,-111.737,358.14,35.19,52.13,False,2026-03-11 17:39:52
a67439,N515CE,United States,41.5378,-72.4491,1516.38,79.06,124.93,False,2026-03-11 17:39:52
a504e0,,United States,26.634,-82.035,259.08,44.88,61.97,False,2026-03-11 17:39:52
a0161a,N1041Q,United States,33.0878,-111.7722,975.36,53.57,348.37,False,2026-03-11 17:39:52
a2da6a,BPX283,United States,29.7849,-81.2408,861.06,57.07,27.95,False,2026-03-11 17:39:52
ae58fa,BRCAT03,United States,33.3075,-104.2572,2636.52,124.19,86.68,False,2026-03-11 17:39:52
ad12e0,SWA755,United States,28.7806,-81.5151,1981.2,121.29,122.88,False,2026-03-11 17:39:52
abd2e6,DAL931,United States,35.0987,-87.4945,10363.2,231.4,331.16,False,2026-03-11 17:39:52
a9d599,N73250,United States,33.0961,-83.3124,670.56,49.94,41.24,False,2026-03-11 17:39:52
a4213f,N3650H,United States,31.3467,-97.4201,1036.32,84.31,16.67,False,2026-03-11 17:39:52
a12f6d,UAL503,United States,43.0645,-83.1271,8534.4,207.25,257.96,False,2026-03-11 17:39:52
acdb7c,ASI137,United States,33.7875,-112.0339,1280.16,49.44,347.99,False,2026-03-11 17:39:52
a12f6f,UAL556,United States,33.647,-84.4057,,8.23,0.0,True,2026-03-11 17:39:52
a6aa7f,N529BJ,United States,42.4617,-71.3091,327.66,54.5,287.58,False,2026-03-11 17:39:52
a0acbb,UAL594,United States,38.3063,-81.9389,10538.46,238.84,358.03,False,2026-03-11 17:39:52
a0c6e5,N1493E,United States,40.8779,-74.3229,274.32,52.29,283.08,False,2026-03-11 17:39:52
a9c1c8,N728FG,United States,40.291,-74.955,594.36,58.13,97.63,False,2026-03-11 17:39:52
a05cf3,AAL3138,United States,37.7002,-87.4301,9144.0,196.11,245.18,False,2026-03-11 17:39:52
a0fc32,N1625Q,United States,35.968,-83.8535,320.04,19.79,261.03,False,2026-03-11 17:39:52
a00353,N10KY,United States,35.1169,-118.1873,2461.26,64.46,351.74,False,2026-03-11 17:39:52
a9d4da,N7320J,United States,33.9883,-117.3803,609.6,45.04,193.88,False,2026-03-11 17:39:52
a12f75,UAL1983,United States,26.5189,-80.8605,7299.96,205.32,312.77,False,2026-03-11 17:39:52
a66193,N510BL,United States,27.8785,-81.5879,525.78,52.5,358.32,False,2026-03-11 17:39:52
a709a9,BPX250,United States,29.3685,-81.2047,525.78,40.6,171.25,False,2026-03-11 17:39:52
a2ffc2,N29230,United States,38.8294,-104.3815,2514.6,58.65,90.5,False,2026-03-11 17:39:52
a851f6,SKW5851,United States,37.3801,-111.077,11582.4,194.3,226.29,False,2026-03-11 17:39:52
a61f05,ASA313,United States,47.457,-122.3052,,3.34,329.06,True,2026-03-11 17:39:52
a3c60d,AAL611,United States,28.8644,-77.6593,10972.8,251.0,141.91,False,2026-03-11 17:39:52
a699a1,AAL2808,United States,31.3681,-90.3927,10058.4,271.36,66.3,False,2026-03-11 17:39:52
adc5ff,JBU434,United States,42.6669,-111.2559,10660.38,270.36,67.63,False,2026-03-11 17:39:52
a2b93a,JTL275,United States,32.0271,-92.4853,12496.8,242.0,102.65,False,2026-03-11 17:39:52
a12f7e,ASI176,United States,33.7016,-112.2093,1287.78,51.66,321.87,False,2026-03-11 17:39:52
a6aa6e,ASA9461,United States,47.3253,-122.1554,2164.08,155.64,67.25,False,2026-03-11 17:39:52
a339e0,FFT3231,United States,40.6834,-96.896,9753.6,193.53,256.63,False,2026-03-11 17:39:52
abc292,AAL1035,United States,30.408,-97.4672,10363.2,208.88,180.71,False,2026-03-11 17:39:52
ab1d05,FFL938,United States,38.1942,-114.1803,11308.08,215.88,108.05,False,2026-03-11 17:39:52
86d660,ANA179,Japan,37.6268,-124.8937,11582.4,221.46,278.28,False,2026-03-11 17:39:52
a24f66,TRF60,United States,33.6874,-96.6718,365.76,39.38,336.11,False,2026-03-11 17:39:52
a709ae,BPX251,United States,29.3909,-81.3382,708.66,33.63,173.85,False,2026-03-11 17:39:52
abc29a,DAL383,United States,37.7124,-122.2251,1348.74,137.26,56.31,False,2026-03-11 17:39:52
a4cc00,SKW3300,United States,32.357,-109.1027,10668.0,247.2,102.01,False,2026-03-11 17:39:52
0d055c,LET7443,Mexico,29.9962,-90.2614,,0.0,199.69,True,2026-03-11 17:39:52
a8fd5a,SKW3734,United States,39.9248,-82.2126,10058.4,243.75,352.72,False,2026-03-11 17:39:52
a12f52,UAL1192,United States,27.9059,-86.4039,10058.4,254.6,108.25,False,2026-03-11 17:39:52
a96ae3,ASA18,United States,45.0899,-93.2402,10668.0,255.96,120.43,False,2026-03-11 17:39:52
a87907,JIA5216,United States,38.5527,-77.1231,3154.68,137.18,17.01,False,2026-03-11 17:39:52
ac5700,SWA3430,United States,32.9123,-84.3672,11277.6,230.51,181.02,False,2026-03-11 17:39:52
a4df1c,PFA254,United States,27.8352,-80.7326,1630.68,53.68,192.17,False,2026-03-11 17:39:52
a37616,DAL901,United States,36.9823,-92.2185,10660.38,272.58,84.04,False,2026-03-11 17:39:52
c00821,ACA2353,Canada,46.5414,-72.742,7810.5,213.0,250.38,False,2026-03-11 17:39:52
a60c09,SWA2307,United States,35.8025,-118.9802,6713.22,191.73,343.32,False,2026-03-11 17:39:52
a87904,NKS2186,United States,38.8487,-77.1826,9745.98,211.35,225.1,False,2026-03-11 17:39:52
a4cc16,VLY73,United States,36.0415,-86.5322,434.34,76.86,47.98,False,2026-03-11 17:39:52
c03084,ASP877,Canada,33.5979,-114.7804,10309.86,240.77,96.5,False,2026-03-11 17:39:52
a24f3e,N248RR,United States,37.743,-120.7938,99.06,49.52,113.9,False,2026-03-11 17:39:52
a2b91b,N275AM,United States,39.3348,-104.6771,2529.84,47.54,76.87,False,2026-03-11 17:39:52
a0acaf,N1421X,United States,33.7099,-118.0357,1645.92,94.62,302.57,False,2026-03-11 17:39:52
a12f72,UAL1439,United States,37.6192,-122.3894,,0.0,120.94,True,2026-03-11 17:39:52
ac07b8,SWA2997,United States,39.8644,-104.6773,20482.56,4.63,191.25,True,2026-03-11 17:39:52
aafd11,MNL45,United States,37.5147,-122.2514,,0.0,315.0,True,2026-03-11 17:39:52
a01675,N1044A,United States,27.6793,-82.1732,716.28,45.54,48.21,False,2026-03-11 17:39:52
adabfe,JBU287,United States,34.2856,-116.7977,7528.56,205.94,244.4,False,2026-03-11 17:39:52
ab1d28,AAL2630,United States,33.8969,-101.5452,9753.6,224.49,281.9,False,2026-03-11 17:39:52
a0acb6,UAL2285,United States,40.3938,-115.1658,11277.6,266.14,84.56,False,2026-03-11 17:39:52
a13650,UAL661,United States,36.4196,-109.7961,11277.6,247.85,64.82,False,2026-03-11 17:39:52
aafd0a,JTZ807,United States,43.9764,-88.9735,7620.0,202.63,140.98,False,2026-03-11 17:39:52
a1ccec,RPA5686,United States,40.7729,-73.8645,,0.45,286.88,True,2026-03-11 17:39:52
a0acff,UAL2048,United States,37.7583,-111.5202,9959.34,201.21,245.53,False,2026-03-11 17:39:52
a23028,N240BR,United States,34.3539,-118.0614,3108.96,75.66,337.62,False,2026-03-11 17:39:52
a9d4b5,RPA3450,United States,42.9353,-86.578,6271.26,222.95,87.62,False,2026-03-11 17:39:52
a9110e,N6832V,United States,35.0951,-106.7787,1950.72,39.85,258.84,False,2026-03-11 17:39:52
a48f5d,EJA393,United States,38.6773,-80.0473,10713.72,227.38,156.39,False,2026-03-11 17:39:52
a8fd3c,AAL2721,United States,32.0145,-106.072,10363.2,228.83,275.16,False,2026-03-11 17:39:52
a48321,DAL530,United States,38.5402,-99.7594,9144.0,188.57,281.65,False,2026-03-11 17:39:52
ab1d30,DAL57,United States,51.0432,-104.2459,11582.4,237.5,205.12,False,2026-03-11 17:39:52
ac5723,SWA3819,United States,36.0819,-115.1466,,0.06,250.31,True,2026-03-11 17:39:52
aaadb2,SWA1975,United States,40.2874,-74.4045,11277.6,230.68,39.3,False,2026-03-11 17:39:52
a73dfe,JBU22,United States,42.3658,-71.014,,0.0,298.12,True,2026-03-11 17:39:52
a37660,N322GM,United States,33.6243,-111.9126,419.1,33.0,210.96,False,2026-03-11 17:39:52
ad7701,JBU919,United States,33.6191,-111.0055,9144.0,219.14,245.3,False,2026-03-11 17:39:52
a24369,RPA5835,United States,40.826,-73.6124,609.6,79.78,212.36,False,2026-03-11 17:39:52
a48315,DAL2419,United States,44.1039,-119.3735,11277.6,268.8,156.18,False,2026-03-11 17:39:52
a0f02a,N16JN,United States,38.0193,-100.6861,13106.4,207.3,260.14,False,2026-03-11 17:39:52
a313bf,ENY3702,United States,40.2919,-86.9585,9044.94,216.82,159.59,False,2026-03-11 17:39:52
ab97e6,UAL359,United States,29.6423,-98.4622,10972.8,205.56,204.71,False,2026-03-11 17:39:52
a23030,MXY783,United States,28.4933,-80.3069,7330.44,205.91,243.43,False,2026-03-11 17:39:52
aa5269,EJM764,United States,38.8305,-79.6828,8534.4,211.53,268.33,False,2026-03-11 17:39:52
a2b983,N275ER,United States,37.9273,-87.1568,14325.6,183.72,258.53,False,2026-03-11 17:39:52
a7f765,JIA5224,United States,34.9847,-85.886,10668.0,266.08,52.62,False,2026-03-11 17:39:52
a3d90a,AAL3207,United States,38.0042,-109.6428,10972.8,191.43,268.61,False,2026-03-11 17:39:52
a5f1ca,UAL1089,United States,28.377,-95.4421,8839.2,282.37,55.99,False,2026-03-11 17:39:52
aafd1f,DAL979,United States,37.7434,-111.3402,10668.0,267.04,61.46,False,2026-03-11 17:39:52
a313bb,N298FM,United States,38.6549,-99.0111,3261.36,74.81,37.74,False,2026-03-11 17:39:52
a7f762,NKS2882,United States,42.3547,-71.0137,,0.0,19.69,True,2026-03-11 17:39:52
a37651,LXJ322,United States,41.3629,-72.4506,6583.68,236.31,57.17,False,2026-03-11 17:39:52
a0acdd,UAL1269,United States,40.4261,-96.1956,12192.0,174.98,253.43,False,2026-03-11 17:39:52
a1dffb,N22PP,United States,38.821,-76.8995,220.98,37.17,4.76,False,2026-03-11 17:39:52
a183e3,N197TP,United States,31.3663,-85.4455,251.46,67.31,225.93,False,2026-03-11 17:39:52
a48304,N390CJ,United States,39.9906,-82.8552,403.86,52.63,274.48,False,2026-03-11 17:39:52
a23000,N240AA,United States,28.736,-81.1501,548.64,53.47,172.26,False,2026-03-11 17:39:52
ab0a26,N810JB,United States,29.4015,-82.1562,7932.42,224.12,173.67,False,2026-03-11 17:39:52
ac5746,SWA882,United States,33.4321,-111.9964,,1.29,90.0,True,2026-03-11 17:39:52
ab84c9,AAL3015,United States,43.2348,-74.1905,9136.38,201.89,290.74,False,2026-03-11 17:39:52
a6b14a,SIS53,United States,34.8247,-88.2279,8991.6,248.05,25.56,False,2026-03-11 17:39:52
ab1116,N812DA,United States,28.5966,-81.7486,563.88,45.34,86.75,False,2026-03-11 17:39:52
ad14a3,AAL3090,United States,37.055,-80.965,10363.2,211.22,238.75,False,2026-03-11 17:39:52
ab1115,N812D,United States,35.3524,-120.3075,2270.76,55.77,75.58,False,2026-03-11 17:39:52
a97dcb,DAL849,United States,33.6417,-84.4346,,0.51,348.75,True,2026-03-11 17:39:52
a7dd75,N6059R,United States,26.6003,-80.0649,205.74,54.26,312.31,False,2026-03-11 17:39:52
a23018,LN240B,United States,42.9167,-78.5507,2590.8,162.26,92.91,False,2026-03-11 17:39:52
a6b140,N530JL,United States,36.2342,-115.2978,800.1,48.83,110.34,False,2026-03-11 17:39:52
a8fd2c,PDT5987,United States,40.4418,-89.6881,5951.22,207.0,328.21,False,2026-03-11 17:39:52
a446aa,DAL1811,United States,35.5792,-90.0351,11277.6,203.28,175.65,False,2026-03-11 17:39:52
a1235b,UAL2188,United States,37.3373,-97.3057,9448.8,256.53,117.08,False,2026-03-11 17:39:52
a8ea18,N6736S,United States,43.2903,-116.4478,2087.88,90.92,349.9,False,2026-03-11 17:39:52
a8fd49,N679BJ,United States,35.4364,-79.5372,2110.74,100.6,22.24,False,2026-03-11 17:39:52
a446b6,DAL2347,United States,29.2107,-78.621,10668.0,217.87,6.24,False,2026-03-11 17:39:52
a997ea,N717VA,United States,32.5393,-82.8931,6705.6,122.45,322.17,False,2026-03-11 17:39:52
a8b4c8,TCF660,United States,29.2795,-81.0221,845.82,55.07,150.32,False,2026-03-11 17:39:52
a1d3b4,MXY171,United States,29.1753,-82.3095,6156.96,212.54,174.17,False,2026-03-11 17:39:52
a851c3,QXE2448,United States,39.1795,-121.6265,2705.1,151.06,186.06,False,2026-03-11 17:39:52
a6c46f,EJA535,United States,40.3229,-79.7154,2446.02,101.78,310.7,False,2026-03-11 17:39:52
a0acf8,UAL2492,United States,36.0151,-114.9223,1554.48,89.17,23.46,False,2026-03-11 17:39:52
a0acf9,UAL2617,United States,31.5908,-91.7976,10972.8,192.93,241.32,False,2026-03-11 17:39:52
a4d33f,RAX777,United States,36.7053,-79.2495,11544.3,181.54,314.2,False,2026-03-11 17:39:52
a05e02,UAL1949,United States,36.5431,-119.6744,10972.8,210.57,337.44,False,2026-03-11 17:39:52
a5a3c1,N46221,United States,36.6499,-76.2748,579.12,51.74,289.16,False,2026-03-11 17:39:52
a3c68c,UPS2941,United States,39.9048,-90.259,11894.82,278.85,85.03,False,2026-03-11 17:39:52
a72c3b,EJM561,United States,37.7991,-108.5632,13716.0,260.99,92.03,False,2026-03-11 17:39:52
a66ce0,DAL510,United States,42.086,-89.918,10058.4,283.23,84.48,False,2026-03-11 17:39:52
a54cfb,OXF3571,United States,33.2115,-111.404,685.8,45.39,144.69,False,2026-03-11 17:39:52
a028aa,N1091M,United States,32.9204,-111.4629,548.64,38.67,56.94,False,2026-03-11 17:39:52
ad0e2a,N940LH,United States,32.9788,-116.7606,2202.18,27.34,355.68,False,2026-03-11 17:39:52
a7f6aa,CBC612,United States,43.5316,-97.1639,2194.56,140.31,80.5,False,2026-03-11 17:39:52
aaa224,SWA1326,United States,35.3134,-115.9539,6065.52,194.64,104.07,False,2026-03-11 17:39:52
ad6ec6,AAL1979,United States,37.3453,-102.8672,9753.6,207.12,250.71,False,2026-03-11 17:39:52
aac87b,SKW5369,United States,36.6258,-94.9228,8839.2,254.92,120.03,False,2026-03-11 17:39:52
ac8b2e,SWA1920,United States,29.5295,-111.0326,12496.8,230.14,182.31,False,2026-03-11 17:39:52
acee23,LFA685,United States,29.112,-81.4112,1348.74,69.63,325.84,False,2026-03-11 17:39:52
aaae79,ENY3845,United States,36.3126,-86.8477,10972.8,206.4,178.14,False,2026-03-11 17:39:52
a673cf,N5148V,United States,34.2712,-118.8073,1295.4,52.84,263.29,False,2026-03-11 17:39:52
a97310,JBU1021,United States,40.4798,-73.5645,3429.0,184.0,142.04,False,2026-03-11 17:39:52
a923a9,UAL1799,United States,31.4495,-104.8318,8534.4,226.22,286.79,False,2026-03-11 17:39:52
a6399b,N50WR,United States,40.8455,-73.0153,617.22,42.03,291.54,False,2026-03-11 17:39:52
a7a956,JBU2983,United States,31.134,-81.2034,11094.72,240.27,180.74,False,2026-03-11 17:39:52
aa4ac9,AAL2266,United States,37.6624,-97.6776,9159.24,232.96,200.56,False,2026-03-11 17:39:52
a6d6d8,N54P,United States,25.7733,-100.1088,,0.0,343.12,True,2026-03-11 17:39:52
abe872,SWA3272,United States,33.4328,-112.0003,,4.37,56.25,True,2026-03-11 17:39:52
ac8b33,N907WT,United States,35.6871,-90.0834,10637.52,243.41,86.0,False,2026-03-11 17:39:52
acf510,N934FP,United States,30.5645,-99.7877,4564.38,168.89,141.8,False,2026-03-11 17:39:52
a8a309,PDT5994,United States,35.2729,-80.9713,487.68,72.89,174.33,False,2026-03-11 17:39:52
aa9a30,RPA3454,United States,43.2747,-82.0421,8839.2,252.66,88.72,False,2026-03-11 17:39:52
ac920a,EJA909,United States,39.2293,-74.2172,13106.4,204.79,220.21,False,2026-03-11 17:39:52
a0a0dd,N14FJ,United States,39.951,-74.2756,1912.62,150.98,24.99,False,2026-03-11 17:39:52
ac0895,N8747X,United States,33.7565,-81.8166,1211.58,47.16,186.89,False,2026-03-11 17:39:52
ab7e99,N84MF,United States,44.175,-94.7422,2667.0,116.43,133.93,False,2026-03-11 17:39:52
ad0e61,AAL1053,United States,32.869,-97.2895,3665.22,153.43,177.69,False,2026-03-11 17:39:52
abd559,SWA3415,United States,30.112,-82.9364,11582.4,212.34,340.47,False,2026-03-11 17:39:52
aafbdf,AAL2759,United States,37.3611,-90.9281,12489.18,297.22,60.33,False,2026-03-11 17:39:52
aa5de7,N7670F,United States,34.2602,-118.4954,457.2,43.32,175.91,False,2026-03-11 17:39:52
a540e3,AAL1472,United States,34.5167,-110.8448,9144.0,228.54,271.93,False,2026-03-11 17:39:52
a2a686,ASA9803,United States,34.1087,-118.2607,11148.06,242.11,149.62,False,2026-03-11 17:39:52
ac088e,SWA3080,United States,33.5955,-121.9978,10363.2,223.03,257.34,False,2026-03-11 17:39:52
ac9e77,DAL794,United States,36.6677,-112.605,9753.6,211.05,249.0,False,2026-03-11 17:39:52
a12392,N1724U,United States,40.3532,-75.1027,289.56,33.44,247.38,False,2026-03-11 17:39:52
aaa247,SWA3140,United States,35.7093,-86.1209,5455.92,174.88,310.11,False,2026-03-11 17:39:52
ac55f3,UAL2606,United States,30.9471,-91.2607,10675.62,271.35,67.13,False,2026-03-11 17:39:52
a92fc3,N691PS,United States,40.0021,-111.7913,2141.22,55.06,358.93,False,2026-03-11 17:39:52
c03019,ASP668,Canada,43.6905,-79.6491,,9.77,315.0,True,2026-03-11 17:39:52
a6b0a0,BYF6,United States,37.8571,-121.4812,464.82,38.92,119.28,False,2026-03-11 17:39:52
adc5b8,MTN8976,United States,41.4314,-73.0359,1828.8,67.86,250.05,False,2026-03-11 17:39:52
0c2061,CMP228,Panama,32.3922,-89.6161,10363.2,234.95,350.17,False,2026-03-11 17:39:52
ac8b43,EDV5533,United States,43.0859,-77.5862,8168.64,192.34,259.83,False,2026-03-11 17:39:52
a5ec6c,CSQ481,United States,44.8036,-68.8165,,6.94,315.0,True,2026-03-11 17:39:52
a3b398,ENY3980,United States,34.0978,-81.4817,10058.4,211.28,6.57,False,2026-03-11 17:39:52
a48f85,N393SG,United States,38.6539,-108.8878,10302.24,225.12,52.89,False,2026-03-11 17:39:52
a446eb,FFT1809,United States,36.5361,-76.2761,10957.56,223.06,204.67,False,2026-03-11 17:39:52
a2ecf3,AAY1416,United States,35.2273,-104.2002,10972.8,220.54,275.09,False,2026-03-11 17:39:52
a300b1,N293AT,United States,40.8093,-74.4037,106.68,35.7,216.21,False,2026-03-11 17:39:52
ac42bf,SWA1057,United States,33.9944,-117.9824,1866.9,117.03,263.44,False,2026-03-11 17:39:52
a7f6bf,LXJ612,United States,38.2975,-77.4634,2857.5,159.28,15.74,False,2026-03-11 17:39:52
aa77f3,N774AR,United States,37.7565,-112.0494,11582.4,174.98,7.77,False,2026-03-11 17:39:52
a4cc95,RPA4406,United States,40.7746,-73.873,,0.77,39.38,True,2026-03-11 17:39:52
a0f04b,N16KW,United States,33.4294,-100.4249,4998.72,98.76,327.55,False,2026-03-11 17:39:52
a73348,JIA5543,United States,37.7057,-77.7945,6370.32,217.04,23.47,False,2026-03-11 17:39:52
a388a9,DAL1378,United States,26.4247,-81.3495,5158.74,200.63,126.87,False,2026-03-11 17:39:52
a4839f,N390JP,United States,30.5341,-86.4255,1158.24,74.09,270.8,False,2026-03-11 17:39:52
a4df56,ASA430,United States,44.1938,-116.8538,10668.0,287.37,124.2,False,2026-03-11 17:39:52
a73f35,SWA3403,United States,38.8005,-104.7007,,3.6,182.81,True,2026-03-11 17:39:52
a80fb2,N6186T,United States,28.0258,-81.6298,556.26,56.7,266.36,False,2026-03-11 17:39:52
a0ae0e,CST44,United States,36.948,-76.5342,9753.6,214.83,42.48,False,2026-03-11 17:39:52
c03c02,WJA1482,Canada,41.5214,-112.549,11277.6,234.3,177.48,False,2026-03-11 17:39:52
a7a90d,N593FD,United States,28.514,-81.9503,6705.6,132.26,309.63,False,2026-03-11 17:39:52
a67fba,LXJ518,United States,34.3349,-86.3331,13716.0,227.09,171.01,False,2026-03-11 17:39:52
aaa267,UAL580,United States,31.3982,-81.3067,10363.2,243.94,178.43,False,2026-03-11 17:39:52
a7d196,CXK610,United States,32.3082,-97.706,967.74,61.23,37.83,False,2026-03-11 17:39:52
a18512,N1974B,United States,37.709,-97.6093,1699.26,51.51,261.38,False,2026-03-11 17:39:52
ad1560,JBU2677,United States,35.4632,-111.4481,10363.2,211.98,269.03,False,2026-03-11 17:39:52
a66cb8,N513BL,United States,27.9429,-81.9148,2065.02,65.43,356.85,False,2026-03-11 17:39:52
ad0e97,EJA940,United States,36.5454,-105.7589,10363.2,204.29,268.7,False,2026-03-11 17:39:52
a06544,N1242Z,United States,29.6366,-82.3498,8519.16,242.59,177.2,False,2026-03-11 17:39:52
a63975,N50VC,United States,37.0394,-121.9876,3505.2,157.19,342.87,False,2026-03-11 17:39:52
a4df4b,CNS333,United States,29.5888,-82.1798,5273.04,156.91,173.41,False,2026-03-11 17:39:52
abbb5a,EJA855,United States,26.736,-80.2269,533.4,86.77,185.1,False,2026-03-11 17:39:52
a32814,EDV5278,United States,26.25,-79.4832,10668.0,250.43,128.49,False,2026-03-11 17:39:52
a89a9f,N65329,United States,39.5313,-76.9439,822.96,39.45,167.96,False,2026-03-11 17:39:52
a829e9,COL625,United States,27.0687,-80.0401,2141.22,139.31,155.8,False,2026-03-11 17:39:52
c04301,NOJ91,Canada,35.0524,-85.1967,251.46,55.83,196.6,False,2026-03-11 17:39:52
a5198f,N428CF,United States,32.3296,-97.4218,601.98,39.73,175.54,False,2026-03-11 17:39:52
a9249c,UAL1026,United States,34.8111,-101.4801,9448.8,253.58,149.79,False,2026-03-11 17:39:52
a4df78,CAP2149,United States,44.503,-93.3742,1150.62,28.83,357.95,False,2026-03-11 17:39:52
c0694e,CGNWV,Canada,51.0925,-97.1155,1272.54,66.44,357.34,False,2026-03-11 17:39:52
aa5da8,N767XT,United States,38.7881,-85.6491,9525.0,152.54,275.81,False,2026-03-11 17:39:52
a5afe6,N466AA,United States,33.3297,-97.2976,922.02,43.68,302.01,False,2026-03-11 17:39:52
abbb77,RPA4527,United States,37.1048,-76.0267,1013.46,114.37,199.17,False,2026-03-11 17:39:52
a00ec7,N1022G,United States,33.4255,-112.021,,0.0,180.0,True,2026-03-11 17:39:52
a0f07a,N16MT,United States,35.6514,-82.5661,1798.32,61.77,257.01,False,2026-03-11 17:39:52
a148b9,EDV5483,United States,36.6585,-76.5184,10668.0,236.71,30.86,False,2026-03-11 17:39:52
aa77c0,SWA1538,United States,38.6645,-95.957,7315.2,174.27,239.88,False,2026-03-11 17:39:52
a8793d,EJA645,United States,30.3921,-81.4467,441.96,104.48,227.19,False,2026-03-11 17:39:52
abbb92,SCX621,United States,28.3459,-97.4225,6400.8,185.38,182.54,False,2026-03-11 17:39:52
a6e9cd,N54448,United States,33.9279,-84.6885,1463.04,31.75,243.02,False,2026-03-11 17:39:52
aa77b3,N7738Y,United States,34.2175,-118.4954,,6.94,98.44,True,2026-03-11 17:39:52
acee86,EJA932,United States,42.5783,-70.9318,45.72,50.31,73.97,False,2026-03-11 17:39:52
c03c04,WJA2394,Canada,47.9489,-112.3561,10668.0,256.9,162.4,False,2026-03-11 17:39:52
c0693f,CGNWG,Canada,50.6399,-96.6516,640.08,69.75,13.22,False,2026-03-11 17:39:52
a85f20,UAL2030,United States,34.183,-101.3484,10058.4,251.86,164.6,False,2026-03-11 17:39:52
a7efa2,N610KC,United States,29.2058,-82.2689,883.92,69.97,0.42,False,2026-03-11 17:39:52
a3ac77,DAL1015,United States,47.8487,-121.1077,5981.7,161.2,275.31,False,2026-03-11 17:39:52
a85f29,UAL1115,United States,26.4128,-81.6991,861.06,121.42,257.02,False,2026-03-11 17:39:52
a148c9,N182H,United States,40.3821,-104.6681,2011.68,52.77,29.81,False,2026-03-11 17:39:52
a75966,UAL2311,United States,34.9073,-81.5663,10668.0,272.7,54.21,False,2026-03-11 17:39:52
a553ce,UAL267,United States,42.0201,-95.236,10668.0,272.88,75.7,False,2026-03-11 17:39:52
0c2094,CMP819,Panama,27.5469,-78.4005,10668.0,216.74,5.99,False,2026-03-11 17:39:52
a96c96,DAL774,United States,43.5612,-101.2646,10972.8,198.8,295.77,False,2026-03-11 17:39:52
c041fa,CFC0549,Canada,49.9314,-98.2008,1409.7,64.7,99.61,False,2026-03-11 17:39:52
a0b550,AAL2469,United States,33.8282,-118.4942,1280.16,138.79,189.6,False,2026-03-11 17:39:52
a388e4,LXJ327,United States,44.3418,-92.9032,7452.36,180.51,325.45,False,2026-03-11 17:39:52
aa7816,N774CA,United States,28.8065,-81.249,213.36,46.64,186.97,False,2026-03-11 17:39:52
a32867,SKW3779,United States,44.774,-123.1096,9448.8,224.94,178.03,False,2026-03-11 17:39:52
a1bb23,N210SS,United States,27.068,-80.5287,571.5,73.25,119.45,False,2026-03-11 17:39:52
a0fbb7,UAL2625,United States,35.7724,-102.0639,9448.8,242.04,150.87,False,2026-03-11 17:39:52
a31533,SWA3657,United States,40.2066,-94.5993,10972.8,177.6,246.26,False,2026-03-11 17:39:52
a9d687,N733DM,United States,39.4824,-104.489,2430.78,38.86,186.84,False,2026-03-11 17:39:52
a32861,AAL1382,United States,32.9101,-97.0526,,3.34,42.19,True,2026-03-11 17:39:52
a84059,N63019,United States,29.1361,-82.2174,2529.84,51.14,174.81,False,2026-03-11 17:39:52
0d0ffd,VOI3230,Mexico,30.3838,-115.0617,11894.82,230.7,142.34,False,2026-03-11 17:39:52
a5e090,N478TW,United States,40.6198,-112.0547,1676.4,47.34,181.25,False,2026-03-11 17:39:52
a36eae,DAL2618,United States,40.7879,-111.9827,,7.72,264.38,True,2026-03-11 17:39:52
a24ef7,AAY889,United States,33.2123,-84.4263,11277.6,225.88,178.96,False,2026-03-11 17:39:52
a12efc,CXK564,United States,41.1906,-112.0293,1424.94,48.36,0.61,False,2026-03-11 17:39:52
a42e13,DAL894,United States,36.0885,-94.2712,10355.58,201.79,267.95,False,2026-03-11 17:39:52
a24ef0,ENY3784,United States,38.8424,-77.0253,243.84,64.58,149.35,False,2026-03-11 17:39:52
a910eb,N6831V,United States,33.7163,-111.9921,1089.66,52.75,45.4,False,2026-03-11 17:39:52
a9b030,MXTEST,United States,38.2077,-75.6486,12192.0,236.29,214.17,False,2026-03-11 17:39:52
a3bebd,EJA340,United States,43.9108,-116.953,10988.04,251.77,154.85,False,2026-03-11 17:39:52
ace0d2,AAL2798,United States,41.819,-117.2294,10668.0,274.29,141.63,False,2026-03-11 17:39:52
a36ec4,ERU320,United States,29.2838,-81.1437,259.08,83.55,306.23,False,2026-03-11 17:39:52
aac811,NDU794,United States,32.8882,-111.2284,1577.34,62.46,274.72,False,2026-03-11 17:39:52
a96c72,SKW245G,United States,41.5692,-86.5776,4152.9,160.66,298.29,False,2026-03-11 17:39:52
ab48aa,WWI82,United States,38.2706,-105.3128,12192.0,198.9,247.81,False,2026-03-11 17:39:52
ad639e,ASA308,United States,35.0182,-118.5291,8229.6,252.69,146.37,False,2026-03-11 17:39:52
a24ec1,SKW4811,United States,35.1503,-112.0537,8534.4,214.39,354.77,False,2026-03-11 17:39:52
a32844,ENY4176,United States,32.4908,-96.674,2453.64,139.15,286.76,False,2026-03-11 17:39:52
a4480f,N375TH,United States,39.6024,-82.7921,1958.34,122.75,36.82,False,2026-03-11 17:39:52
a9b007,JIA5087,United States,30.4181,-87.1553,830.58,106.06,116.19,False,2026-03-11 17:39:52
a505ac,N4222A,United States,35.7578,-79.8613,3032.76,123.41,255.27,False,2026-03-11 17:39:52
a12ee0,UAL595,United States,40.6028,-74.2089,1066.8,106.99,205.95,False,2026-03-11 17:39:52
a135cb,UAL1998,United States,41.9694,-87.9126,,8.23,140.62,True,2026-03-11 17:39:52
0ac9ef,AVA210,Colombia,34.2372,-77.6023,10668.0,224.91,10.41,False,2026-03-11 17:39:52
ab48bf,SKW3849,United States,43.0531,-75.168,7734.3,198.21,272.23,False,2026-03-11 17:39:52
a9d66e,N733CM,United States,28.7705,-81.2064,60.96,41.27,85.71,False,2026-03-11 17:39:52
adb35c,JBU2223,United States,34.0122,-117.6556,3078.48,148.04,285.73,False,2026-03-11 17:39:52
ac308f,AAL229,United States,32.9759,-97.0678,1005.84,122.83,341.94,False,2026-03-11 17:39:52
a0788a,N12973,United States,39.5007,-77.0482,960.12,60.94,35.03,False,2026-03-11 17:39:52
a41b2f,ASI364,United States,33.6891,-112.0901,373.38,35.56,86.68,False,2026-03-11 17:39:52
ab48cc,SCX383,United States,27.2688,-82.5533,6080.76,199.71,152.71,False,2026-03-11 17:39:52
a05281,N12MW,United States,35.6309,-114.0125,11079.48,280.77,117.97,False,2026-03-11 17:39:52
ab6b02,AAL2489,United States,42.36,-71.0182,,0.0,22.5,True,2026-03-11 17:39:52
a9d63c,N733AM,United States,34.2571,-118.426,548.64,44.14,319.25,False,2026-03-11 17:39:52
a1725f,N1923E,United States,44.0135,-91.8966,9448.8,240.75,129.71,False,2026-03-11 17:39:52
0c202c,CMP239,Panama,25.6221,-81.2999,9448.8,232.45,166.3,False,2026-03-11 17:39:52
a42e67,LND913,United States,37.0917,-120.9374,8229.6,146.42,102.38,False,2026-03-11 17:39:52
a923cf,UAL463,United States,28.1559,-82.7193,3962.4,193.57,347.26,False,2026-03-11 17:39:52
a30246,SKW4139,United States,33.4281,-113.4118,11277.6,240.96,92.32,False,2026-03-11 17:39:52
a35be6,N3151G,United States,35.0667,-116.1131,6979.92,125.27,227.66,False,2026-03-11 17:39:52
a5f385,N4828P,United States,37.333,-121.8178,,0.0,216.56,True,2026-03-11 17:39:52
aaae1b,SWA3402,United States,36.0319,-121.3304,9113.52,220.6,322.68,False,2026-03-11 17:39:52
a23bfb,RPA5643,United States,39.4037,-83.628,10088.88,254.19,31.34,False,2026-03-11 17:39:52
a8fce3,N6788C,United States,35.8282,-98.4681,2529.84,75.42,306.4,False,2026-03-11 17:39:52
a7f6f6,JBU987,United States,31.6535,-80.9947,10972.8,226.91,209.47,False,2026-03-11 17:39:52
a2e222,N285SD,United States,39.2231,-83.2287,7010.4,126.18,170.61,False,2026-03-11 17:39:52
a72c78,AAL1412,United States,32.3657,-98.0651,4838.7,188.0,87.18,False,2026-03-11 17:39:52
a495bf,DAL2849,United States,39.8759,-104.6849,,11.83,180.0,True,2026-03-11 17:39:52
0d0fbf,XARFE,Mexico,26.5426,-100.1938,2270.76,100.77,153.3,False,2026-03-11 17:39:52
a8af98,EJA659,United States,36.4932,-116.6667,10363.2,205.04,317.75,False,2026-03-11 17:39:52
a41b20,N36393,United States,41.4924,-72.8073,320.04,56.6,349.0,False,2026-03-11 17:39:52
a4d38a,N41UA,United States,36.1186,-86.6791,,7.72,199.69,True,2026-03-11 17:39:52
a0fbfa,UAL291,United States,43.0039,-120.7591,10972.8,218.01,12.95,False,2026-03-11 17:39:52
a32893,AAL398R,United States,43.5618,-92.2456,9448.8,240.62,131.19,False,2026-03-11 17:39:52
a242c3,MXY292,United States,37.2133,-75.9759,10972.8,219.79,208.06,False,2026-03-11 17:39:52
a1c229,ENY3437,United States,33.4341,-81.4329,10363.2,238.15,173.55,False,2026-03-11 17:39:52
a41b0f,N3639L,United States,28.8107,-81.5415,632.46,50.06,112.35,False,2026-03-11 17:39:52
a7337e,EJA563,United States,42.692,-104.8837,12496.8,256.98,111.74,False,2026-03-11 17:39:52
a04b6c,N118RK,United States,39.328,-88.0288,11940.54,169.47,217.6,False,2026-03-11 17:39:52
aa63ed,ENY3633,United States,36.2311,-88.0031,9144.0,202.76,274.37,False,2026-03-11 17:39:52
ac9e2b,N912AT,United States,32.9204,-97.4047,335.28,34.68,327.72,False,2026-03-11 17:39:52
a9bc12,RPA3645,United States,38.9265,-85.9354,7353.3,184.98,161.01,False,2026-03-11 17:39:52
a362b2,AAL3229,United States,25.3836,-79.2133,6537.96,219.32,115.12,False,2026-03-11 17:39:52
ab35d2,AAY2713,United States,38.6077,-90.8583,11277.6,230.99,134.91,False,2026-03-11 17:39:52
a9e957,BL8FY,United States,30.2801,-87.6873,182.88,39.22,286.77,False,2026-03-11 17:39:52
a8a319,AAL2332,United States,36.5398,-77.0637,10972.8,216.3,213.65,False,2026-03-11 17:39:52
a2db21,SWA1471,United States,35.4461,-99.3525,11277.6,241.1,93.06,False,2026-03-11 17:39:52
abe82c,SWA454,United States,46.5097,-97.3028,10363.2,218.16,288.56,False,2026-03-11 17:39:52
a48ebb,EJM393,United States,35.3608,-82.3386,2682.24,126.55,180.23,False,2026-03-11 17:39:52
a375cc,JTL322,United States,27.1657,-81.6961,8420.1,229.52,302.09,False,2026-03-11 17:39:52
ac55c1,N894SA,United States,41.22,-112.4169,2430.78,68.99,210.96,False,2026-03-11 17:39:52
a68805,N52QT,United States,33.0944,-95.0445,3169.92,85.12,352.36,False,2026-03-11 17:39:52
a8af5f,NKS8801,United States,26.0661,-80.1847,83.82,61.74,90.48,False,2026-03-11 17:39:52
a29e5c,SKW4011,United States,38.0434,-102.5245,9144.0,189.93,271.86,False,2026-03-11 17:39:52
a793fd,DAL663,United States,38.195,-102.341,9144.0,201.68,281.63,False,2026-03-11 17:39:52
a96c47,EJA1951,United States,38.8462,-77.0398,,0.06,205.31,True,2026-03-11 17:39:52
aaae52,TAI368,United States,29.5029,-94.2804,4343.4,176.97,332.09,False,2026-03-11 17:39:52
a6b0bf,N530DG,United States,39.6053,-76.6981,281.94,8.48,75.96,False,2026-03-11 17:39:52
a1bb30,N210TE,United States,38.9547,-119.8582,3962.4,96.26,148.77,False,2026-03-11 17:39:52
a9cf55,MTN8977,United States,39.4831,-76.6584,2354.58,113.28,61.22,False,2026-03-11 17:39:52
a1857f,N1977F,United States,33.8143,-118.1105,167.64,45.86,266.78,False,2026-03-11 17:39:52
a04b92,SKW5491,United States,37.6447,-122.3442,457.2,89.41,53.66,False,2026-03-11 17:39:52
0d0ff3,AMX455,Mexico,30.1265,-89.4917,12496.8,263.55,58.33,False,2026-03-11 17:39:52
aa5cf8,EJA767,United States,27.1762,-80.2191,,0.0,199.69,True,2026-03-11 17:39:52
abce31,N86TK,United States,38.8781,-75.1724,6096.0,128.03,204.2,False,2026-03-11 17:39:52
ac696c,SWA2056,United States,37.4666,-89.5554,9144.0,200.52,291.36,False,2026-03-11 17:39:52
ad7631,ASA555,United States,47.2947,-115.6417,10668.0,288.5,93.07,False,2026-03-11 17:39:52
ad7634,AAL2731,United States,32.6462,-96.9336,1409.7,120.31,221.19,False,2026-03-11 17:39:52
a9e8c3,DOJ43,United States,33.6996,-84.9596,4876.8,184.69,269.68,False,2026-03-11 17:39:52
ad6f3b,CFS8511,United States,47.4622,-122.3062,,2.57,354.38,True,2026-03-11 17:39:52
ad1fcd,DAL3164,United States,33.6336,-84.4441,,13.89,270.0,True,2026-03-11 17:39:52
a13704,N178BF,United States,40.8752,-111.9275,1150.62,35.56,176.68,False,2026-03-11 17:39:52
ad7639,DAL3118,United States,33.601,-83.9624,1783.08,124.84,350.03,False,2026-03-11 17:39:52
acffbc,DAL3068,United States,33.6366,-84.4348,,7.72,90.0,True,2026-03-11 17:39:52
aafc36,DAL772,United States,42.2289,-83.3643,335.28,74.15,209.05,False,2026-03-11 17:39:52
a53b69,SWA3833,United States,32.6868,-97.0986,5105.4,168.24,252.56,False,2026-03-11 17:39:52
acb963,N919PD,United States,40.5975,-73.5695,274.32,63.58,95.57,False,2026-03-11 17:39:52
a60bcb,UAL355,United States,38.6963,-101.0843,8229.6,255.75,107.92,False,2026-03-11 17:39:52
a745db,JIA5178,United States,32.2082,-81.3364,1996.44,153.27,10.44,False,2026-03-11 17:39:52
ac4f4c,SWA3978,United States,36.2663,-77.2962,10972.8,225.29,218.23,False,2026-03-11 17:39:52
a8b5b2,JTZ660,United States,31.8007,-87.2818,10058.4,239.87,10.13,False,2026-03-11 17:39:52
aa5237,AAL837,United States,25.9269,-80.3992,3779.52,199.75,244.69,False,2026-03-11 17:39:52
a72bd1,N561ND,United States,39.9072,-105.1133,1706.88,36.84,125.91,False,2026-03-11 17:39:52
a91e3a,LFA544,United States,28.7785,-81.2478,-22.86,33.96,90.87,False,2026-03-11 17:39:52
a7e522,EJM608,United States,37.9768,-85.8377,12496.8,217.0,159.46,False,2026-03-11 17:39:52
a745d2,,United States,30.5057,-81.474,533.4,48.05,195.52,False,2026-03-11 17:39:52
a5fef4,ASA1328,United States,46.2028,-120.9936,9570.72,282.39,125.66,False,2026-03-11 17:39:52
ac3c44,N888HH,United States,41.5139,-87.6957,13106.4,219.16,222.72,False,2026-03-11 17:39:52
ad6f2d,ERU965,United States,29.2098,-81.2166,845.82,51.59,286.81,False,2026-03-11 17:39:52
a8b5ad,QXE2443,United States,45.9338,-122.6375,10363.2,180.65,350.16,False,2026-03-11 17:39:52
a65b4b,N5089R,United States,27.7499,-80.7931,944.88,44.29,182.66,False,2026-03-11 17:39:52
a90b22,N682F,United States,27.1021,-82.0852,579.12,63.05,201.54,False,2026-03-11 17:39:52
a13718,N178CA,United States,27.4078,-82.5692,-22.86,43.29,134.52,False,2026-03-11 17:39:52
ac6993,SWA4043,United States,31.3075,-103.3357,11582.4,215.54,285.36,False,2026-03-11 17:39:52
a41b5e,N364CD,United States,42.1578,-71.1553,198.12,46.28,335.71,False,2026-03-11 17:39:52
a05da7,N1221M,United States,39.7224,-86.2761,335.28,65.12,224.04,False,2026-03-11 17:39:52
acb953,AAL3022,United States,35.505,-81.4445,2842.26,156.97,83.22,False,2026-03-11 17:39:52
a8eb16,FDX3646,United States,39.6601,-91.2965,10058.4,297.92,73.76,False,2026-03-11 17:39:52
a5b899,N468PA,United States,37.0481,-110.248,7315.2,105.67,204.44,False,2026-03-11 17:39:52
a6ab27,JBU126,United States,30.9268,-82.5975,10058.4,235.4,10.45,False,2026-03-11 17:39:52
ac06f5,UAL3877,United States,31.0139,-82.3889,7200.9,219.67,19.71,False,2026-03-11 17:39:52
ab96fc,N846JS,United States,26.9621,-81.4583,2811.78,141.87,156.04,False,2026-03-11 17:39:52
ab3681,N821VV,United States,34.3918,-118.4419,4937.76,118.17,338.01,False,2026-03-11 17:39:52
a72bda,JIA5397,United States,36.4921,-82.0896,10363.2,208.92,237.37,False,2026-03-11 17:39:52
ad1fee,KAP5483,United States,41.33,-73.2864,1219.2,61.12,143.9,False,2026-03-11 17:39:52
a65b74,CSI509,United States,31.9503,-106.1768,3954.78,122.97,270.96,False,2026-03-11 17:39:52
ab83e8,DAL2273,United States,41.8801,-101.9248,10668.0,277.32,89.15,False,2026-03-11 17:39:52
a7cb35,CYO601,United States,31.347,-98.5714,9753.6,230.31,316.18,False,2026-03-11 17:39:52
a495ef,LXJ395,United States,41.9162,-87.8479,12496.8,191.03,165.81,False,2026-03-11 17:39:52
a732d9,JBU69,United States,29.4584,-79.0563,10363.2,242.82,189.14,False,2026-03-11 17:39:52
a9b088,AAL1944,United States,38.8566,-77.0422,,0.0,199.69,True,2026-03-11 17:39:52
aa15cc,AAL1664,United States,34.9946,-97.0181,7315.2,186.45,209.96,False,2026-03-11 17:39:52
a242ee,N245DS,United States,36.2123,-115.2022,,5.66,78.75,True,2026-03-11 17:39:52
ac3c3d,N888HA,United States,36.2571,-115.3057,975.36,45.47,291.92,False,2026-03-11 17:39:52
ac4f6f,SWA2697,United States,33.4321,-111.998,,1.54,90.0,True,2026-03-11 17:39:52
a65b65,N509AF,United States,40.6364,-74.7968,1181.1,27.34,199.8,False,2026-03-11 17:39:52
a0b59d,DAL1293,United States,45.6202,-122.5477,10972.8,185.29,346.35,False,2026-03-11 17:39:52
acb989,EJA919,United States,35.3457,-105.3606,13106.4,196.11,313.83,False,2026-03-11 17:39:52
a5ebe4,N48068,United States,40.548,-111.9085,1600.2,47.94,273.69,False,2026-03-11 17:39:52
ac90a8,,United States,41.9729,-87.897,,5.66,59.06,True,2026-03-11 17:39:52
86d602,TZP24,Japan,35.8439,-120.2846,12489.18,257.83,140.91,False,2026-03-11 17:39:52
a7de53,JBU1923,United States,36.7188,-76.9633,10835.64,225.88,196.95,False,2026-03-11 17:39:52
86cf16,ANA101,Japan,39.9547,-77.4499,7231.38,200.13,0.59,False,2026-03-11 17:39:52
c04ddc,WJA2974,Canada,29.6456,-94.8168,10363.2,186.96,233.73,False,2026-03-11 17:39:52
c054d1,THU880,Canada,48.5365,-89.784,1744.98,129.18,102.65,False,2026-03-11 17:39:52
a7a8ed,DAL1090,United States,44.5373,-116.6519,10363.2,176.56,306.47,False,2026-03-11 17:39:52
0d0fb1,LET5963,Mexico,30.3188,-95.6598,1310.64,128.24,11.81,False,2026-03-11 17:39:52
abd3c7,AAL1067,United States,32.8366,-111.5287,11277.6,245.95,99.88,False,2026-03-11 17:39:52
ac4f92,SWA942,United States,31.3248,-89.3524,11277.6,263.63,101.59,False,2026-03-11 17:39:52
a54e58,N441AD,United States,39.5611,-119.6881,8229.6,181.02,140.88,False,2026-03-11 17:39:52
a5fec5,N4859F,United States,32.8524,-80.4548,518.16,48.64,293.04,False,2026-03-11 17:39:52
a327a4,N302KC,United States,34.2561,-117.608,8999.22,233.96,104.65,False,2026-03-11 17:39:52
a077e8,N1293F,United States,43.5989,-116.5428,807.72,37.94,220.6,False,2026-03-11 17:39:52
a13748,DAL1503,United States,48.2262,-89.1834,11582.4,206.95,279.3,False,2026-03-11 17:39:52
aa6533,RPA3447,United States,35.5138,-81.1455,10058.4,266.17,53.33,False,2026-03-11 17:39:52
a5685b,N448AF,United States,39.0693,-121.5662,53.34,36.36,64.89,False,2026-03-11 17:39:52
ad6f93,JBU451,United States,42.3661,-71.0148,,0.0,213.75,True,2026-03-11 17:39:52
a67526,N515MS,United States,33.9738,-117.62,152.4,35.5,269.17,False,2026-03-11 17:39:52
ab236f,LLN217,United States,33.0231,-97.398,1074.42,78.46,159.66,False,2026-03-11 17:39:52
a5a511,CFR658,United States,39.1353,-122.2939,1874.52,87.28,50.02,False,2026-03-11 17:39:52
a04aa9,RPA4365,United States,40.5482,-73.7767,1112.52,124.62,129.47,False,2026-03-11 17:39:52
a9b06f,DAL884,United States,44.8028,-100.3358,11262.36,273.19,106.18,False,2026-03-11 17:39:52
ac3c86,EJM30,United States,41.0793,-73.7162,175.26,60.36,150.38,False,2026-03-11 17:39:52
abc0c1,SWA383,United States,32.7312,-117.1898,,0.0,225.0,True,2026-03-11 17:39:52
a66e3b,SKW6490,United States,32.9652,-111.8779,5013.96,189.23,136.54,False,2026-03-11 17:39:52
a7f804,SKW5398,United States,41.9705,-87.9051,,3.09,73.12,True,2026-03-11 17:39:52
a1240a,UAL369,United States,37.706,-120.3504,9525.0,202.14,260.92,False,2026-03-11 17:39:52
a4e5be,ASI230,United States,33.8118,-112.4523,1280.16,57.26,171.21,False,2026-03-11 17:39:52
a2e28f,SWA1890,United States,39.4491,-104.7839,6004.56,213.99,152.51,False,2026-03-11 17:39:52
aab3fe,SHERPA1,United States,32.9172,-111.509,914.4,80.05,142.84,False,2026-03-11 17:39:52
aa0ec7,RPA3676,United States,38.0164,-77.2404,10050.78,246.88,42.47,False,2026-03-11 17:39:52
a8a391,FFT3975,United States,30.4023,-81.7376,8839.2,213.27,353.63,False,2026-03-11 17:39:52
ad5c83,N960DT,United States,30.797,-85.5101,12192.0,220.3,271.87,False,2026-03-11 17:39:52
ac3053,SWA1252,United States,42.3583,-71.0122,,11.83,199.69,True,2026-03-11 17:39:52
a77b0e,EJA581,United States,42.6457,-91.9778,12260.58,270.24,85.96,False,2026-03-11 17:39:52
a7e509,DAL3060,United States,33.6495,-84.4152,,45.27,270.0,True,2026-03-11 17:39:52
a4cbc8,EJA408,United States,38.2977,-113.4321,13106.4,175.79,266.31,False,2026-03-11 17:39:52
a79531,N588SA,United States,45.0252,-123.1019,2255.52,114.43,356.39,False,2026-03-11 17:39:52
c00741,WJA668,Canada,50.4751,-99.7663,10668.0,252.17,93.98,False,2026-03-11 17:39:52
a11d08,N171BL,United States,30.8285,-88.3049,876.3,54.58,293.91,False,2026-03-11 17:39:52
a9739c,JIA5383,United States,36.3621,-93.0243,8229.6,272.59,60.24,False,2026-03-11 17:39:52
a612a6,UAL2039,United States,38.0937,-117.8134,11277.6,242.93,47.83,False,2026-03-11 17:39:52
a56897,N448CR,United States,36.7966,-120.6834,3680.46,113.77,294.02,False,2026-03-11 17:39:52
a3c5fd,DAL737,United States,38.848,-77.0388,,1.54,354.38,True,2026-03-11 17:39:52
aa781f,CKS243,United States,35.3436,-96.2979,9448.8,247.01,140.41,False,2026-03-11 17:39:52
a7de16,FFT2026,United States,33.1872,-79.9789,10668.0,254.95,49.17,False,2026-03-11 17:39:52
a197ac,N201VY,United States,29.1156,-81.8924,1112.52,73.27,94.43,False,2026-03-11 17:39:52
a4359b,UPS2989,United States,37.3506,-89.0248,9799.32,285.35,66.07,False,2026-03-11 17:39:52
a12403,UAL1672,United States,35.4457,-109.2635,10972.8,213.65,267.79,False,2026-03-11 17:39:52
abc0e4,SWA1441,United States,38.5164,-115.3761,11582.4,195.75,257.86,False,2026-03-11 17:39:52
a67555,ARF5PP,United States,36.1307,-84.3974,3329.94,100.35,74.54,False,2026-03-11 17:39:52
a7950f,EJA588,United States,30.101,-93.4457,5173.98,204.59,82.2,False,2026-03-11 17:39:52
a9b053,BTQ863,United States,44.2649,-73.4955,5791.2,138.59,126.7,False,2026-03-11 17:39:52
a9c380,RPA3480,United States,38.5901,-77.0766,8214.36,225.55,52.32,False,2026-03-11 17:39:52
a1371d,N178CF,United States,40.9151,-79.4865,12192.0,200.38,192.0,False,2026-03-11 17:39:52
0ac9c3,AVA246,Colombia,29.4318,-77.6989,11887.2,224.53,357.37,False,2026-03-11 17:39:52
a9607c,JRE703,United States,30.373,-89.6702,13022.58,218.44,275.0,False,2026-03-11 17:39:52
a09a01,N138ME,United States,38.0355,-122.0292,289.56,54.3,205.84,False,2026-03-11 17:39:52
a41b89,DAL796,United States,34.1275,-98.3413,10355.58,224.16,278.45,False,2026-03-11 17:39:52
