icao24,callsign,origin_country,latitude,longitude,altitude,velocity,heading,on_ground,timestamp
39de4f,TVF50SV,France,43.1359,-4.7119,11597.64,226.5,23.42,False,2026-03-11 17:13:51
440da5,EJU59DF,Austria,42.4597,-2.8381,10972.8,237.07,65.1,False,2026-03-11 17:13:51
39de51,TVF47ZR,France,44.0935,-0.7517,11879.58,237.45,207.34,False,2026-03-11 17:13:51
39de50,TVF76DV,France,48.6129,2.6839,2628.9,133.96,47.18,False,2026-03-11 17:13:51
39de53,TVF68HB,France,41.2924,2.0875,,9.26,154.69,True,2026-03-11 17:13:51
39de55,TVF3825,France,47.2516,5.0502,10264.14,217.63,316.72,False,2026-03-11 17:13:51
39de54,TVF67QR,France,47.9992,2.8301,8382.0,199.34,156.74,False,2026-03-11 17:13:51
4b1804,SWR,Switzerland,47.4409,8.562,,0.0,244.69,True,2026-03-11 17:13:51
4b1805,SWR5MT,Switzerland,47.4543,8.5575,396.24,0.0,185.62,True,2026-03-11 17:13:51
4b1809,SWR59K,Switzerland,51.328,-0.1769,2133.6,115.43,326.45,False,2026-03-11 17:13:51
4b1800,SWR5GM,Switzerland,47.4565,8.557,,8.75,95.62,True,2026-03-11 17:13:51
4a2095,TOY15,Romania,44.2297,9.6259,12192.0,179.64,70.42,False,2026-03-11 17:13:51
4b1801,SWR3YA,Switzerland,47.4547,8.0143,4305.3,163.18,271.99,False,2026-03-11 17:13:51
4b1802,SWR175D,Switzerland,47.4534,8.5581,,0.0,5.62,True,2026-03-11 17:13:51
4952cb,TAP9117,Portugal,42.7804,-0.3184,10980.42,244.57,74.0,False,2026-03-11 17:13:51
489591,SPFMS,Poland,51.2366,16.8692,533.4,44.14,323.53,False,2026-03-11 17:13:51
4952d0,TAP9119,Portugal,42.315,-3.3948,10972.8,234.53,69.86,False,2026-03-11 17:13:51
01de72,BNI9U,Libyan Arab Jamahiriya,51.6617,19.4731,1714.5,43.87,140.71,False,2026-03-11 17:13:51
4b181a,SWR589X,Switzerland,50.467,11.1429,10972.8,226.33,204.29,False,2026-03-11 17:13:51
4b181b,SWR3PT,Switzerland,47.5168,8.3774,2918.46,127.15,247.9,False,2026-03-11 17:13:51
4b181c,SWR8VD,Switzerland,49.3947,3.4926,11582.4,222.83,317.43,False,2026-03-11 17:13:51
440daf,EJU86JE,Austria,50.4129,13.0918,9662.16,210.09,15.77,False,2026-03-11 17:13:51
39de45,TVF8602,France,42.5091,4.7007,11879.58,236.07,154.16,False,2026-03-11 17:13:51
440db0,EJU31NE,Austria,42.5519,-5.2551,10980.42,210.98,27.13,False,2026-03-11 17:13:51
39de47,TVF19XR,France,48.6928,2.2532,1219.2,83.77,237.29,False,2026-03-11 17:13:51
3945f5,FGRPV,France,47.7421,-2.68,396.24,34.5,290.06,False,2026-03-11 17:13:51
39de49,TVF61UE,France,46.934,-1.5564,11285.22,231.26,219.68,False,2026-03-11 17:13:51
39de40,TVF13QL,France,48.4515,0.5539,8785.86,212.09,225.69,False,2026-03-11 17:13:51
39de42,TVF61KC,France,44.4713,-0.4145,11894.82,236.45,208.74,False,2026-03-11 17:13:51
511187,MBU6TH,Estonia,38.6,-8.8616,10972.8,217.65,38.96,False,2026-03-11 17:13:51
511189,MBU8TN,Estonia,43.8766,-4.2845,10972.8,217.24,25.23,False,2026-03-11 17:13:51
408162,SRG387,United Kingdom,51.1154,-2.8468,426.72,81.26,131.66,False,2026-03-11 17:13:51
4acb03,NSZ8926,Sweden,40.3963,0.7848,11125.2,230.1,227.36,False,2026-03-11 17:13:51
408166,LJC9,United Kingdom,40.4754,10.123,13106.4,205.78,323.13,False,2026-03-11 17:13:51
3c664f,DLH818,Germany,51.7363,9.4542,10447.02,251.96,27.61,False,2026-03-11 17:13:51
4bc8c9,PGT882N,Turkey,49.4893,15.8249,11277.6,236.27,129.97,False,2026-03-11 17:13:51
488242,BNI2LH,Poland,51.7276,19.4238,281.94,26.03,251.57,False,2026-03-11 17:13:51
4bc8c6,PGT95XG,Turkey,50.999,3.5572,11094.72,249.04,103.86,False,2026-03-11 17:13:51
4bc8c7,PGT1102,Turkey,40.658,7.5219,10363.2,221.62,97.6,False,2026-03-11 17:13:51
40814c,GLMHA,United Kingdom,50.028,9.1423,13723.62,243.45,292.88,False,2026-03-11 17:13:51
511173,NYX389P,Estonia,47.1206,19.6298,7315.2,137.3,341.43,False,2026-03-11 17:13:51
3c666a,DLH99V,Germany,46.3421,5.8071,4777.74,163.69,235.11,False,2026-03-11 17:13:51
511171,MBU6KR,Estonia,38.7584,-7.8409,10972.8,211.64,32.49,False,2026-03-11 17:13:51
4bc8d6,PGT942,Turkey,47.4505,9.474,9921.24,243.25,101.71,False,2026-03-11 17:13:51
471efa,WZZ3TF,Hungary,44.5931,8.3922,10668.0,226.09,231.1,False,2026-03-11 17:13:51
3d7f7a,DFUNI,Germany,47.0544,6.1642,8534.4,151.25,359.42,False,2026-03-11 17:13:51
3d23be,DELUC,Germany,51.4945,9.558,883.92,79.78,88.15,False,2026-03-11 17:13:51
408143,DHK591,United Kingdom,52.8312,-1.3186,68.58,59.2,268.01,False,2026-03-11 17:13:51
408134,BAW483Z,United Kingdom,50.7576,-1.2399,3962.4,180.24,32.65,False,2026-03-11 17:13:51
3d23cd,DELUR,Germany,49.9408,9.0647,,2.31,323.44,True,2026-03-11 17:13:51
511194,MBU6CQ,Estonia,40.6127,-9.13,11590.02,209.06,17.77,False,2026-03-11 17:13:51
3c65ab,DLH458,Germany,49.9487,11.2173,8534.4,231.19,337.77,False,2026-03-11 17:13:51
ae74d8,SALTY09,United States,49.4984,10.5164,762.0,41.67,241.22,False,2026-03-11 17:13:51
e8021c,LTG8503,Chile,47.5823,-1.3815,10980.42,232.49,48.41,False,2026-03-11 17:13:51
3c5ee6,EWG1YA,Germany,50.0751,10.523,9753.6,203.29,328.24,False,2026-03-11 17:13:51
3c5ee9,EWG41G,Germany,52.1199,2.1904,10668.0,226.63,81.78,False,2026-03-11 17:13:51
4acb23,NSZ5715,Sweden,46.7971,1.4874,11887.2,227.3,209.12,False,2026-03-11 17:13:51
3c65d2,DLH2510,Germany,51.6307,2.3974,10972.8,208.35,269.86,False,2026-03-11 17:13:51
3c65c4,DLH03X,Germany,44.8026,2.7677,10058.4,200.12,232.84,False,2026-03-11 17:13:51
3c65c9,DLH9YX,Germany,47.4506,18.3008,7284.72,227.99,276.87,False,2026-03-11 17:13:51
3c5ee4,EWG74X,Germany,50.2427,9.6272,11277.6,226.36,113.01,False,2026-03-11 17:13:51
3c5ee3,EWG22U,Germany,51.9693,0.8736,8176.26,224.96,75.84,False,2026-03-11 17:13:51
3c5ee1,EWG70X,Germany,53.7288,10.1338,1783.08,145.18,332.8,False,2026-03-11 17:13:51
3c5ef6,EWG83AU,Germany,48.6888,9.1929,,0.0,343.12,True,2026-03-11 17:13:51
46b82d,AEE4MI,Greece,44.9771,13.2709,10965.18,216.17,303.35,False,2026-03-11 17:13:51
46b82c,AEE6TH,Greece,44.0841,15.5044,10957.56,219.26,312.15,False,2026-03-11 17:13:51
3c5eed,EWG64G,Germany,45.9592,6.5141,10988.04,224.46,350.24,False,2026-03-11 17:13:51
46b82f,AEE65R,Greece,41.876,12.2489,121.92,70.62,162.62,False,2026-03-11 17:13:51
3c65e2,DAIOB,Germany,53.5302,9.8381,,0.0,205.31,True,2026-03-11 17:13:51
3b7b3b,,France,45.176,5.7046,922.02,58.1,73.01,False,2026-03-11 17:13:51
3c65d9,DLH8UW,Germany,51.6873,1.2545,7117.08,180.81,275.22,False,2026-03-11 17:13:51
3c5ef0,EWG77C,Germany,44.2587,10.5528,11277.6,251.05,152.28,False,2026-03-11 17:13:51
3c65cc,DLH05E,Germany,44.8185,3.6876,11574.78,240.35,61.35,False,2026-03-11 17:13:51
3c65cb,DLH3PN,Germany,54.6987,12.5298,5532.12,184.25,12.25,False,2026-03-11 17:13:51
46b832,AEE8DT,Greece,50.2059,15.3033,10957.56,214.45,332.57,False,2026-03-11 17:13:51
4057c3,GGOES,United Kingdom,54.5076,-1.4983,274.32,55.45,6.93,False,2026-03-11 17:13:51
46b822,AEE510,Greece,45.1174,17.5525,11582.4,226.53,317.76,False,2026-03-11 17:13:51
46b826,AEE832,Greece,43.616,16.8438,10363.2,224.02,324.16,False,2026-03-11 17:13:51
a4ab89,N40NW,United States,45.4352,9.2781,53.34,59.85,355.56,False,2026-03-11 17:13:51
440237,EJU96ZK,Austria,38.4277,-9.1849,1737.36,121.42,345.02,False,2026-03-11 17:13:51
48469c,KV4,Kingdom of the Netherlands,52.3654,4.7133,,2.06,126.56,True,2026-03-11 17:13:51
343183,INI232,Spain,38.286,-0.5622,,4.12,278.44,True,2026-03-11 17:13:51
4aca93,NSZ3516,Sweden,52.8845,5.699,12192.0,223.01,234.29,False,2026-03-11 17:13:51
4aca92,NSZ5074,Sweden,46.8198,0.2947,10972.8,230.92,19.93,False,2026-03-11 17:13:51
4aca95,NSZ2910,Sweden,38.2874,-0.5501,,0.0,286.88,True,2026-03-11 17:13:51
4aca94,NSZ5324,Sweden,48.1905,1.2335,10972.8,248.93,26.78,False,2026-03-11 17:13:51
3d1289,DEFGR,Germany,47.8618,10.0206,624.84,33.54,237.53,False,2026-03-11 17:13:51
4aca8a,NSZ3407,Sweden,42.4261,-2.5782,10972.8,234.6,31.46,False,2026-03-11 17:13:51
4aca8f,NSZ5700,Sweden,54.6078,4.9971,11277.6,254.46,47.21,False,2026-03-11 17:13:51
4aca8e,NSZ2987,Sweden,45.1503,-0.6191,10972.8,230.36,25.25,False,2026-03-11 17:13:51
344498,IBS1893,Spain,43.1103,-3.6461,11384.28,213.05,350.13,False,2026-03-11 17:13:51
ae6db6,SALTY13,United States,49.4619,10.3678,518.16,40.33,299.84,False,2026-03-11 17:13:51
3c65da,DLH7HY,Germany,52.0411,17.029,10668.0,237.43,77.74,False,2026-03-11 17:13:51
49530c,TAP763,Portugal,38.762,-9.1463,45.72,71.94,22.71,False,2026-03-11 17:13:51
471f9e,WMT3551,Hungary,42.2734,18.0625,10370.82,225.25,117.33,False,2026-03-11 17:13:51
485990,KLM7922,Kingdom of the Netherlands,50.9744,11.0265,525.78,50.07,279.46,False,2026-03-11 17:13:51
48597e,TRA65Q,Kingdom of the Netherlands,52.3136,4.7765,,7.46,2.81,True,2026-03-11 17:13:51
3b7b7c,,France,43.7575,4.4228,,0.0,348.75,True,2026-03-11 17:13:51
3b7b96,DRAG76,France,49.5349,0.0972,53.34,7.49,285.95,False,2026-03-11 17:13:51
34444b,IBE08DE,Spain,46.5662,16.0489,10370.82,217.23,248.17,False,2026-03-11 17:13:51
3c6746,DLH1455,Germany,44.9789,16.7575,11262.36,220.02,326.83,False,2026-03-11 17:13:51
471f69,WMT4SX,Hungary,41.8358,12.2179,45.72,74.85,162.81,False,2026-03-11 17:13:51
471f67,WMT765,Hungary,47.0304,18.8873,11269.98,227.55,115.87,False,2026-03-11 17:13:51
3c6743,DLH980,Germany,53.4481,-5.8131,1127.76,99.17,249.03,False,2026-03-11 17:13:51
471f64,WMT626,Hungary,51.9593,-0.0722,1188.72,96.7,174.2,False,2026-03-11 17:13:51
344449,IBE08VY,Spain,49.0671,2.7804,10058.4,214.78,200.91,False,2026-03-11 17:13:51
344445,EVE7114,Spain,38.2237,-3.4377,10668.0,226.18,244.25,False,2026-03-11 17:13:51
344446,,Spain,39.4891,-0.4734,,1.29,25.31,True,2026-03-11 17:13:51
3c6757,DLH8AN,Germany,53.6328,9.9964,,8.75,98.44,True,2026-03-11 17:13:51
3c5426,BCS6359,Germany,40.4684,-3.5656,,10.8,2.81,True,2026-03-11 17:13:51
471f77,WMT9UX,Hungary,43.5331,17.3475,10980.42,225.12,308.6,False,2026-03-11 17:13:51
471f70,WZZ46,Hungary,49.239,10.0465,10965.18,220.41,221.88,False,2026-03-11 17:13:51
3c674a,DLH09H,Germany,42.4786,3.997,9403.08,221.67,209.78,False,2026-03-11 17:13:51
440cf8,EJU92FC,Austria,45.3123,8.4784,2667.0,140.63,39.81,False,2026-03-11 17:13:51
4400b2,EJU4072,Austria,51.3577,6.4458,10690.86,224.31,137.6,False,2026-03-11 17:13:51
484615,PHANO,Kingdom of the Netherlands,48.4238,11.5402,8526.78,204.55,302.05,False,2026-03-11 17:13:51
408066,LOG85CB,United Kingdom,52.4537,-1.7478,99.06,6.94,334.69,True,2026-03-11 17:13:51
471f41,WZZ81BS,Hungary,38.2371,-0.6574,10668.0,233.96,245.86,False,2026-03-11 17:13:51
40804d,WUK7NH,United Kingdom,50.3491,7.603,11262.36,235.83,106.74,False,2026-03-11 17:13:51
40804e,WUK9ND,United Kingdom,47.2612,12.8953,11277.6,243.37,134.4,False,2026-03-11 17:13:51
408051,EZY62YP,United Kingdom,46.8253,-4.9266,11269.98,236.03,196.46,False,2026-03-11 17:13:51
471f3d,WZZ9WU,Hungary,48.672,9.4108,11277.6,219.11,223.1,False,2026-03-11 17:13:51
344417,IBE07SP,Spain,41.5933,3.7824,10972.8,232.69,77.75,False,2026-03-11 17:13:51
3c6701,DLH713,Germany,48.0125,15.217,12192.0,242.76,289.43,False,2026-03-11 17:13:51
440cbe,EJU7803,Austria,47.5711,9.2921,11879.58,228.51,140.76,False,2026-03-11 17:13:51
3c6709,DLH719,Germany,46.5768,18.9772,12192.0,247.6,288.28,False,2026-03-11 17:13:51
344409,VLG4FQ,Spain,45.834,0.7672,9144.0,201.96,350.32,False,2026-03-11 17:13:51
801600,AIC112,India,42.8226,17.472,11277.6,257.18,130.7,False,2026-03-11 17:13:51
471f35,WMT4UU,Hungary,51.4849,13.9176,7985.76,209.14,152.93,False,2026-03-11 17:13:51
440cab,AUA3AC,Austria,49.6721,12.6845,11277.6,227.08,104.16,False,2026-03-11 17:13:51
3c6717,DLH412,Germany,51.6128,7.4225,10972.8,247.79,302.11,False,2026-03-11 17:13:51
440cac,AUA6RM,Austria,40.668,1.3366,11582.4,230.54,42.2,False,2026-03-11 17:13:51
471f38,WZZ236M,Hungary,46.5217,11.7767,10972.8,213.45,47.93,False,2026-03-11 17:13:51
488190,SPAMR,Poland,52.5701,17.5269,449.58,82.16,71.0,False,2026-03-11 17:13:51
5003f3,T7AMY,San Marino,45.8614,-0.6249,13106.4,234.1,328.02,False,2026-03-11 17:13:51
471f04,WMT485,Hungary,51.9483,1.7883,5448.3,159.93,310.04,False,2026-03-11 17:13:51
40809a,GPJCN,United Kingdom,52.8001,1.5145,685.8,80.85,60.66,False,2026-03-11 17:13:51
46c9a1,AEZ2023,Greece,45.3542,8.8148,845.82,111.11,341.65,False,2026-03-11 17:13:51
440ce8,OEAKM,Austria,47.5465,9.8839,1653.54,50.15,206.83,False,2026-03-11 17:13:51
3c670c,DLH8P,Germany,52.6323,4.7146,11582.4,241.39,299.35,False,2026-03-11 17:13:51
4008b3,BAW579V,United Kingdom,51.4649,-0.4507,15.24,61.74,269.52,False,2026-03-11 17:13:51
4008b2,BAW949L,United Kingdom,51.7409,1.506,7132.32,179.42,264.24,False,2026-03-11 17:13:51
4008b1,BAW935,United Kingdom,51.465,-0.3752,251.46,57.62,270.0,False,2026-03-11 17:13:51
4951cb,TAP835,Portugal,40.9887,10.3193,10195.56,204.33,260.73,False,2026-03-11 17:13:51
39d339,OYO13,France,45.7314,4.9378,,0.77,160.31,True,2026-03-11 17:13:51
40822e,BAW573,United Kingdom,48.0646,5.52,11574.78,221.73,301.62,False,2026-03-11 17:13:51
3c6584,DLH6KK,Germany,50.0292,11.4732,10668.0,226.85,86.23,False,2026-03-11 17:13:51
3c6583,DLH9JV,Germany,53.4299,9.8795,3390.9,158.79,174.05,False,2026-03-11 17:13:51
3c6582,DLH1TP,Germany,47.4436,8.7535,1211.58,86.92,276.12,False,2026-03-11 17:13:51
407b55,WUK7AS,United Kingdom,51.8673,7.3248,10683.24,241.23,101.19,False,2026-03-11 17:13:51
348085,AEA71PC,Spain,51.1707,0.1733,1447.8,93.79,350.85,False,2026-03-11 17:13:51
3c658d,DLH9WT,Germany,48.4076,12.6981,9448.8,241.99,98.68,False,2026-03-11 17:13:51
3c658c,DLH945,Germany,52.8461,1.3281,11277.6,247.97,107.38,False,2026-03-11 17:13:51
3c658b,DLH55H,Germany,44.9854,5.1547,8839.2,198.08,214.85,False,2026-03-11 17:13:51
3c6593,DLH8FC,Germany,50.8529,7.5758,1615.44,130.63,316.44,False,2026-03-11 17:13:51
40821b,GLYNJ,United Kingdom,51.5447,-3.6732,495.3,48.97,273.61,False,2026-03-11 17:13:51
4cc269,ICE5801,Iceland,53.3327,-2.9409,967.74,106.61,292.11,False,2026-03-11 17:13:51
40820e,EXS43L,United Kingdom,51.7575,-0.9241,11582.4,241.17,5.02,False,2026-03-11 17:13:51
40820f,EXS33K,United Kingdom,41.907,-6.9158,11582.4,207.33,15.69,False,2026-03-11 17:13:51
408213,EXS9W,United Kingdom,45.1396,-9.4708,10058.4,205.78,359.71,False,2026-03-11 17:13:51
408210,EXS12DR,United Kingdom,40.3888,-9.2291,10965.18,208.57,17.81,False,2026-03-11 17:13:51
490688,RVP954,Portugal,39.1274,-9.3663,3040.38,107.9,26.32,False,2026-03-11 17:13:51
39d30a,TVF76WP,France,48.279,2.2228,4991.1,191.29,163.76,False,2026-03-11 17:13:51
39d30b,TRA9005,France,44.2926,1.0124,11887.2,229.24,191.92,False,2026-03-11 17:13:51
3c6548,LHX1787,Germany,47.4369,0.5157,11590.02,248.84,44.16,False,2026-03-11 17:13:51
3c7878,CFG8HL,Germany,44.5861,3.2378,11582.4,240.95,58.89,False,2026-03-11 17:13:51
407b8b,WUK304,United Kingdom,51.9341,7.6935,10668.0,241.73,102.91,False,2026-03-11 17:13:51
407b8e,BAW48G,United Kingdom,52.2047,2.8183,11071.86,252.66,77.77,False,2026-03-11 17:13:51
4b5da8,ATL778,Switzerland,47.4608,8.5553,,0.26,98.44,True,2026-03-11 17:13:51
39e68d,AFR75QX,France,48.9961,2.6264,182.88,62.46,265.28,False,2026-03-11 17:13:51
39e68c,AFR84YF,France,50.2053,4.1087,8107.68,180.55,201.74,False,2026-03-11 17:13:51
3c6542,DLH2UP,Germany,48.3718,11.8855,685.8,71.02,262.93,False,2026-03-11 17:13:51
3c4b45,EWG69PA,Germany,51.1178,6.71,3360.42,149.36,9.92,False,2026-03-11 17:13:51
3c787a,CFG139,Germany,45.9371,-0.0782,11582.4,231.91,26.91,False,2026-03-11 17:13:51
3c6550,LHX946,Germany,51.8107,0.9007,11582.4,215.16,292.64,False,2026-03-11 17:13:51
40825f,EXS45TP,United Kingdom,48.732,9.0623,11582.4,217.65,308.96,False,2026-03-11 17:13:51
3c6552,LHX04E,Germany,39.7255,-0.5826,1592.58,132.56,235.75,False,2026-03-11 17:13:51
39e682,AFR75JK,France,53.6333,10.0036,,0.0,87.19,True,2026-03-11 17:13:51
39e681,AFR25VH,France,49.4475,3.6141,4015.74,137.33,252.79,False,2026-03-11 17:13:51
39e684,AFR19XH,France,48.9996,2.6919,441.96,59.9,265.07,False,2026-03-11 17:13:51
39e687,AFR81CE,France,47.8772,6.6636,8084.82,230.48,113.13,False,2026-03-11 17:13:51
4b5dc1,FLORI528,Switzerland,47.4462,8.5528,,0.06,334.69,True,2026-03-11 17:13:51
505e05,OMEXP,Slovakia,48.5769,17.6815,701.04,52.93,248.92,False,2026-03-11 17:13:51
39e695,AFR1342,France,46.2525,6.1302,396.24,59.66,225.7,False,2026-03-11 17:13:51
39e697,AFR31WZ,France,50.1063,14.2617,,0.0,61.88,True,2026-03-11 17:13:51
407b5b,GSJPC,United Kingdom,51.9195,-1.4231,571.5,57.21,228.28,False,2026-03-11 17:13:51
408253,LDG12,United Kingdom,51.95,-1.0274,1043.94,48.58,275.47,False,2026-03-11 17:13:51
39e691,AFR1235,France,50.8158,7.3469,11582.4,210.03,232.06,False,2026-03-11 17:13:51
3c4b4c,EWG5LE,Germany,51.2943,6.7828,60.96,67.5,232.43,False,2026-03-11 17:13:51
3c4b4b,EWG9216,Germany,51.2828,6.6905,1143.0,84.17,329.52,False,2026-03-11 17:13:51
3443d5,VLG20TM,Spain,45.3745,0.5151,11277.6,226.56,184.56,False,2026-03-11 17:13:51
3443d1,VLG5FA,Spain,49.3668,-2.3329,10660.38,244.7,193.25,False,2026-03-11 17:13:51
506fc2,S5PGI,Slovenia,46.5093,15.6811,518.16,31.9,270.92,False,2026-03-11 17:13:51
4aca05,NOZ1802,Sweden,40.7202,-3.1375,11277.6,232.96,212.01,False,2026-03-11 17:13:51
3c64a5,DLH44C,Germany,41.3951,2.3837,617.22,117.79,252.2,False,2026-03-11 17:13:51
3d3742,DETEG,Germany,51.374,9.587,1828.8,85.11,355.84,False,2026-03-11 17:13:51
0a001a,DAH1174,Algeria,47.3416,6.4142,8282.94,226.52,357.79,False,2026-03-11 17:13:51
0a0048,DAH1006,Algeria,48.7826,2.7601,1181.1,124.12,299.01,False,2026-03-11 17:13:51
3c64ac,DLH83T,Germany,49.4986,4.1051,5181.6,175.42,261.23,False,2026-03-11 17:13:51
38151a,,France,43.6152,1.3633,,0.0,132.19,True,2026-03-11 17:13:51
4080ea,BAW402,United Kingdom,50.618,3.4104,10683.24,251.51,113.89,False,2026-03-11 17:13:51
4aca13,NSZ5372,Sweden,42.9791,1.1394,10972.8,231.2,345.96,False,2026-03-11 17:13:51
505ca2,OMBEL,Slovakia,49.7094,14.7877,754.38,53.48,316.17,False,2026-03-11 17:13:51
3c64ab,DLH584,Germany,45.8509,14.6296,10660.38,240.24,137.08,False,2026-03-11 17:13:51
4080f9,HGO772,United Kingdom,50.8623,5.3689,9753.6,225.39,286.99,False,2026-03-11 17:13:51
4080f7,EZY24DQ,United Kingdom,50.1609,-1.4418,7696.2,183.03,19.2,False,2026-03-11 17:13:51
0a008f,DAH1005,Algeria,48.0976,2.304,6012.18,195.74,164.14,False,2026-03-11 17:13:51
0a008d,DAH2057,Algeria,44.9895,1.5141,11277.6,240.89,172.27,False,2026-03-11 17:13:51
710415,SVA124,Saudi Arabia,39.7661,14.9009,11277.6,260.51,129.63,False,2026-03-11 17:13:51
4aca73,SAS676,Sweden,52.5706,10.1348,11277.6,244.11,26.94,False,2026-03-11 17:13:51
02a1ae,LBT396,Tunisia,50.9188,4.6093,419.1,65.09,250.13,False,2026-03-11 17:13:51
0a0078,DAH1084,Algeria,48.9607,3.1519,1546.86,118.0,3.25,False,2026-03-11 17:13:51
50033d,T7OLLIE,San Marino,50.1139,14.2728,,6.69,64.69,True,2026-03-11 17:13:51
02a1ab,LBT204,Tunisia,51.3004,6.7958,129.54,63.49,232.57,False,2026-03-11 17:13:51
4aca45,NSZ5352,Sweden,54.5074,9.2708,11277.6,258.28,44.84,False,2026-03-11 17:13:51
471fa4,WZZ2631,Hungary,50.0947,14.2024,914.4,78.94,244.94,False,2026-03-11 17:13:51
471fa0,WZZ935,Hungary,40.9956,-8.6086,1143.0,114.11,311.16,False,2026-03-11 17:13:51
44034b,EJU542Q,Austria,44.8314,-0.7208,,5.66,25.31,True,2026-03-11 17:13:51
aa9451,AVA011,United States,40.5236,-7.8434,10668.0,239.56,266.92,False,2026-03-11 17:13:51
471fae,WZZ91SR,Hungary,43.3049,5.408,11269.98,217.49,241.92,False,2026-03-11 17:13:51
4bb4e7,NOS735,Turkey,45.6199,8.7186,,0.32,258.75,True,2026-03-11 17:13:51
46b927,SEH3XP,Greece,45.0295,10.2392,9425.94,242.72,124.46,False,2026-03-11 17:13:51
3cc7fe,DWW326,Germany,47.4575,8.5583,,32.41,272.81,True,2026-03-11 17:13:51
402002,GWACU,United Kingdom,52.8984,-3.0039,480.06,37.04,180.8,False,2026-03-11 17:13:51
49410e,NJE365L,Portugal,47.6403,7.5563,9723.12,205.03,194.98,False,2026-03-11 17:13:51
343282,SWT7774,Spain,39.2926,2.4409,3048.0,143.38,59.85,False,2026-03-11 17:13:51
49410c,NJE846R,Portugal,42.294,12.4267,3048.0,105.49,171.87,False,2026-03-11 17:13:51
49410b,NJE227T,Portugal,44.5458,11.2598,68.58,66.49,117.16,False,2026-03-11 17:13:51
4a08e7,ROT363T,Romania,49.0578,16.6449,12192.0,221.71,300.85,False,2026-03-11 17:13:51
0a0019,DAH1149,Algeria,40.374,2.9968,10668.0,234.07,191.41,False,2026-03-11 17:13:51
49410f,NJE802N,Portugal,43.7622,4.4204,,0.0,354.38,True,2026-03-11 17:13:51
4080e9,BAW424,United Kingdom,43.2139,-3.9124,10668.0,241.46,186.85,False,2026-03-11 17:13:51
494111,NJE280D,Portugal,44.3063,5.4526,13106.4,221.11,205.79,False,2026-03-11 17:13:51
4080e3,BAW507,United Kingdom,38.8762,-9.0638,1379.22,131.72,46.27,False,2026-03-11 17:13:51
4080e4,BAW510,United Kingdom,44.7337,-5.5407,11277.6,233.25,203.12,False,2026-03-11 17:13:51
494117,NJE211P,Portugal,38.734,-9.382,541.02,90.86,247.36,False,2026-03-11 17:13:51
4080cb,NJU709Y,United Kingdom,51.2084,-0.6777,914.4,109.3,56.91,False,2026-03-11 17:13:51
494108,NJE806N,Portugal,46.5521,9.499,6393.18,183.82,296.78,False,2026-03-11 17:13:51
39214f,FGIKP,France,48.6986,3.1486,518.16,42.53,32.15,False,2026-03-11 17:13:51
4080ad,EZY52YF,United Kingdom,53.2268,-2.0041,2354.58,117.14,308.58,False,2026-03-11 17:13:51
39348e,TVF73VH,France,37.8122,-5.2421,11879.58,247.48,195.31,False,2026-03-11 17:13:51
4a08ea,ROT373D,Romania,49.5925,11.4167,11582.4,220.94,298.06,False,2026-03-11 17:13:51
4a08ec,ROT383X,Romania,47.9887,4.742,7376.16,220.73,309.51,False,2026-03-11 17:13:51
4009c5,SHT8H,United Kingdom,52.2603,-0.8844,7711.44,183.6,334.08,False,2026-03-11 17:13:51
4bc855,PGT355H,Turkey,40.5909,13.9583,10980.42,234.71,88.12,False,2026-03-11 17:13:51
4009c6,BAW41YA,United Kingdom,49.4472,1.243,8221.98,239.42,141.46,False,2026-03-11 17:13:51
4401e8,EJU98YL,Austria,46.7499,7.7882,8930.64,220.81,135.09,False,2026-03-11 17:13:51
3c6634,DLH830,Germany,49.9214,8.4393,1805.94,114.23,225.73,False,2026-03-11 17:13:51
34454b,VLG6BG,Spain,36.1869,-7.7985,10668.0,239.65,208.6,False,2026-03-11 17:13:51
4401d4,BOM1,Austria,43.0085,5.7073,12192.0,222.72,22.83,False,2026-03-11 17:13:51
4b15ed,EDW118,Switzerland,37.9457,-4.471,11582.4,210.69,23.0,False,2026-03-11 17:13:51
4b15ee,EDW201T,Switzerland,38.6148,-4.9662,10980.42,218.63,44.52,False,2026-03-11 17:13:51
4401fa,EJU71PW,Austria,44.2479,1.2273,6187.44,185.83,357.94,False,2026-03-11 17:13:51
4bc841,PGT3TD,Turkey,49.3923,10.3525,7315.2,189.64,306.06,False,2026-03-11 17:13:51
408177,NJU149A,United Kingdom,46.0369,8.1461,9585.96,192.78,288.68,False,2026-03-11 17:13:51
40815c,EZY68MZ,United Kingdom,37.3667,-9.2092,11894.82,247.5,185.37,False,2026-03-11 17:13:51
3c6654,DLH26C,Germany,42.1139,5.0348,10363.2,223.71,29.63,False,2026-03-11 17:13:51
4bc88a,PGT1136,Turkey,45.9411,15.276,11277.6,236.74,116.18,False,2026-03-11 17:13:51
3f5d91,GAF936,Germany,53.2169,-1.6527,12496.8,277.34,97.89,False,2026-03-11 17:13:51
4bc89a,PGT49J,Turkey,47.2707,18.8698,9448.8,222.97,297.63,False,2026-03-11 17:13:51
39d309,TVF21ST,France,42.9857,6.1509,1615.44,128.66,181.6,False,2026-03-11 17:13:51
39d302,TVF8049,France,43.287,5.3286,906.78,107.04,358.62,False,2026-03-11 17:13:51
44b438,JAF78N,Belgium,41.4859,-5.9479,11582.4,216.68,31.01,False,2026-03-11 17:13:51
4009db,BAW890,United Kingdom,48.7118,4.503,10668.0,244.23,96.17,False,2026-03-11 17:13:51
44b434,OOMAT,Belgium,49.3153,3.7533,914.4,51.41,337.03,False,2026-03-11 17:13:51
4009da,BAW543Q,United Kingdom,44.7553,10.8848,5509.26,186.87,318.01,False,2026-03-11 17:13:51
4bc883,PGT1259,Turkey,52.2486,6.3643,6164.58,194.78,298.73,False,2026-03-11 17:13:51
4009cd,BWY30,United Kingdom,49.7231,-4.7159,6096.0,170.98,71.95,False,2026-03-11 17:13:51
7103d7,SVA120,Saudi Arabia,41.2695,14.0035,11269.98,258.7,136.21,False,2026-03-11 17:13:51
3cf194,PWF13,Germany,48.1169,15.5335,7315.2,163.5,288.15,False,2026-03-11 17:13:51
4bc889,PGT505G,Turkey,45.5821,18.272,11292.84,235.21,121.22,False,2026-03-11 17:13:51
4009d9,BAW698,United Kingdom,48.6977,14.805,7071.36,199.64,124.71,False,2026-03-11 17:13:51
4bc890,PGT1264,Turkey,51.9602,4.4535,,7.2,56.25,True,2026-03-11 17:13:51
4bb47a,MNB8021,Turkey,40.4689,-3.5315,518.16,76.89,321.52,False,2026-03-11 17:13:51
404ef0,GCDTX,United Kingdom,51.6287,-0.3532,396.24,54.23,136.92,False,2026-03-11 17:13:51
3c01c3,KLM65J,Germany,51.5047,0.0468,,4.89,272.81,True,2026-03-11 17:13:51
aa67d2,N77MS,United States,52.3104,-0.0476,693.42,102.82,108.07,False,2026-03-11 17:13:51
3c6467,CFG6NV,Germany,49.157,3.8399,7010.4,244.01,73.59,False,2026-03-11 17:13:51
440090,EJU167W,Austria,45.0058,6.7274,9761.22,199.09,350.78,False,2026-03-11 17:13:51
3c6474,CFG7VN,Germany,53.5692,9.8722,1638.3,104.17,200.22,False,2026-03-11 17:13:51
3c6473,CFG3YU,Germany,50.7617,10.1434,6187.44,176.43,231.39,False,2026-03-11 17:13:51
39dc20,FHXBA,France,43.6547,4.153,541.02,49.7,242.9,False,2026-03-11 17:13:51
4b5d9b,ATL781,Switzerland,47.4528,8.5585,,2.06,171.56,True,2026-03-11 17:13:51
4b5d9a,ATL783,Switzerland,47.454,8.5571,,2.31,205.31,True,2026-03-11 17:13:51
488c52,BNI7GD,Poland,51.7112,19.4512,487.68,40.56,74.55,False,2026-03-11 17:13:51
44009e,EJU63UF,Austria,51.8174,7.224,10226.04,220.5,305.02,False,2026-03-11 17:13:51
390988,FGCMI,France,44.0184,4.9514,853.44,50.05,347.54,False,2026-03-11 17:13:51
4856ed,PHBRA,Kingdom of the Netherlands,51.3018,5.616,320.04,74.72,138.63,False,2026-03-11 17:13:51
3c6490,EWG4H,Germany,43.4511,-1.1278,10675.62,218.63,210.55,False,2026-03-11 17:13:51
4843d2,PHKBA,Kingdom of the Netherlands,52.376,5.0561,426.72,42.99,338.96,False,2026-03-11 17:13:51
3c6495,EWG55N,Germany,42.7557,-6.2304,10675.62,238.81,216.94,False,2026-03-11 17:13:51
3c6427,CFG7FK,Germany,48.8558,9.1107,8244.84,218.13,8.82,False,2026-03-11 17:13:51
4b1617,SWR23F,Switzerland,51.0802,11.5467,9570.72,228.72,62.4,False,2026-03-11 17:13:51
398037,RPOL35,France,43.5093,5.4416,548.64,54.65,284.17,False,2026-03-11 17:13:51
440057,EJU34MX,Austria,41.1401,-8.3451,2369.82,126.93,250.1,False,2026-03-11 17:13:51
500292,DWC006,San Marino,47.2543,10.2188,10668.0,236.35,143.85,False,2026-03-11 17:13:51
440c96,EJU934Y,Austria,47.3236,-1.4399,6873.24,233.2,151.4,False,2026-03-11 17:13:51
3453cc,AEA57RJ,Spain,45.6252,8.7153,,0.51,168.75,True,2026-03-11 17:13:51
440051,EJU93JB,Austria,43.1174,9.0372,11574.78,219.95,292.85,False,2026-03-11 17:13:51
738051,ELY428,Israel,48.8624,2.4522,3749.04,203.87,94.63,False,2026-03-11 17:13:51
3c4a14,DLH1KT,Germany,50.038,8.5422,,8.23,239.06,True,2026-03-11 17:13:51
738055,ELY453,Israel,47.3105,14.0448,9593.58,213.47,308.44,False,2026-03-11 17:13:51
3c6448,DLH3YN,Germany,52.9114,3.1788,11597.64,222.06,306.05,False,2026-03-11 17:13:51
4b161f,EDW31YH,Switzerland,51.8652,9.815,11887.2,211.81,198.7,False,2026-03-11 17:13:51
3453c1,AEA1047,Spain,41.0875,9.7336,10972.8,225.07,68.13,False,2026-03-11 17:13:51
484fdf,KLM1316,Kingdom of the Netherlands,52.1642,18.0669,12192.0,223.87,268.42,False,2026-03-11 17:13:51
3453c3,VLG47PA,Spain,40.8134,1.4307,5524.5,196.04,230.96,False,2026-03-11 17:13:51
400896,LOG4EW,United Kingdom,51.3119,-1.2972,2438.4,145.04,184.68,False,2026-03-11 17:13:51
440080,EZS95MN,Austria,46.2341,6.1065,,5.92,205.31,True,2026-03-11 17:13:51
3c6441,DLH9PH,Germany,48.8365,11.0838,6126.48,200.2,312.92,False,2026-03-11 17:13:51
4b161a,SWR4MK,Switzerland,49.9885,6.4361,9144.0,213.19,352.65,False,2026-03-11 17:13:51
44005b,OEASE,Austria,46.5454,15.6866,876.3,52.29,346.92,False,2026-03-11 17:13:51
4b1620,EDW215P,Switzerland,38.4496,-5.1954,10980.42,214.45,52.11,False,2026-03-11 17:13:51
50028a,T7SF50,San Marino,40.3576,-3.8028,1516.38,60.98,99.22,False,2026-03-11 17:13:51
440075,EJU94BT,Austria,45.8694,8.7205,4221.48,171.85,156.35,False,2026-03-11 17:13:51
800583,AIC129,India,48.4363,10.2067,10363.2,231.74,305.88,False,2026-03-11 17:13:51
440072,EJU83UF,Austria,39.1121,-0.9042,10980.42,218.26,45.38,False,2026-03-11 17:13:51
440005,EJU76EA,Austria,51.3788,11.928,9654.54,216.91,221.25,False,2026-03-11 17:13:51
78219a,HLF8849,China,51.4774,13.5416,3345.18,143.98,265.49,False,2026-03-11 17:13:51
440039,AUA984,Austria,54.4376,13.5345,10972.8,228.89,171.47,False,2026-03-11 17:13:51
440036,EJU19NY,Austria,44.9812,4.6696,11224.26,241.62,70.6,False,2026-03-11 17:13:51
440031,EJU95RL,Austria,45.7156,5.0838,,0.0,194.06,True,2026-03-11 17:13:51
44001a,,Austria,48.1199,16.5674,,1.03,104.06,True,2026-03-11 17:13:51
8960f4,UAE9H,United Arab Emirates,49.2929,9.9503,11277.6,259.04,135.97,False,2026-03-11 17:13:51
500213,MEA242,San Marino,38.8459,17.5892,10660.38,246.69,105.98,False,2026-03-11 17:13:51
49514d,TAP836A,Portugal,41.3474,0.1655,10965.18,241.82,90.85,False,2026-03-11 17:13:51
3cfaf9,DCWIR,Germany,48.0521,6.2858,13106.4,224.83,0.66,False,2026-03-11 17:13:51
4068b3,GSHBA,United Kingdom,51.7089,-0.9957,495.3,38.59,317.16,False,2026-03-11 17:13:51
49514b,TAP435,Portugal,40.0967,-8.218,9517.38,238.17,214.62,False,2026-03-11 17:13:51
8960d4,UAE46,United Arab Emirates,47.2987,12.8787,9448.8,271.79,136.15,False,2026-03-11 17:13:51
440c41,OECPA,Austria,47.8474,13.0534,822.96,45.53,237.93,False,2026-03-11 17:13:51
495150,TAP1356,Portugal,45.6592,-3.5391,10980.42,213.91,15.34,False,2026-03-11 17:13:51
495153,TAP1359,Portugal,38.588,-9.2391,1203.96,94.98,22.95,False,2026-03-11 17:13:51
495146,TAP1272,Portugal,44.319,2.6718,10370.82,258.26,58.27,False,2026-03-11 17:13:51
495149,TAP42LV,Portugal,45.5809,5.4755,5486.4,170.93,41.46,False,2026-03-11 17:13:51
440c35,EJU57NM,Austria,52.2294,4.3548,1630.68,138.01,23.51,False,2026-03-11 17:13:51
3d366d,DESWB,Germany,52.1631,7.6725,304.8,78.79,73.69,False,2026-03-11 17:13:51
4b027d,EZS415G,Switzerland,44.4857,2.4056,10378.44,224.37,97.91,False,2026-03-11 17:13:51
4b0281,EZS91KB,Switzerland,42.6618,-1.0832,11582.4,238.11,78.16,False,2026-03-11 17:13:51
3d1c4e,DEIYW,Germany,47.6034,11.6879,1859.28,51.78,40.97,False,2026-03-11 17:13:51
405636,EZY68JX,United Kingdom,50.6209,0.8883,5364.48,164.18,312.84,False,2026-03-11 17:13:51
4b0274,EZS52VA,Switzerland,46.9356,4.6198,10050.78,226.75,124.56,False,2026-03-11 17:13:51
405631,EZY53TX,United Kingdom,50.1456,-2.0477,10668.0,232.97,204.53,False,2026-03-11 17:13:51
4006c1,,United Kingdom,51.152,-0.2,,0.13,258.75,True,2026-03-11 17:13:51
45ca65,OYRSE,Denmark,51.1463,4.2334,9144.0,165.55,43.87,False,2026-03-11 17:13:51
3e5671,LEJ888,Germany,51.3739,12.9698,3048.0,121.03,242.67,False,2026-03-11 17:13:51
345597,ANE71DM,Spain,42.5301,5.4633,10972.8,232.65,50.11,False,2026-03-11 17:13:51
4b028c,SWR31D,Switzerland,47.5153,8.5031,1356.36,84.09,328.25,False,2026-03-11 17:13:51
3d2372,DELRE,Germany,48.5253,11.8449,944.88,43.6,199.29,False,2026-03-11 17:13:51
4b0294,SWR44L,Switzerland,47.4527,8.5586,,2.06,329.06,True,2026-03-11 17:13:51
4b0292,SWR478V,Switzerland,49.1027,3.6777,10363.2,231.33,320.5,False,2026-03-11 17:13:51
4b0291,SWR82L,Switzerland,47.4207,8.2574,3695.7,163.67,228.7,False,2026-03-11 17:13:51
471d66,WZZ576,Hungary,45.9063,12.4616,10675.62,229.47,253.19,False,2026-03-11 17:13:51
45dd84,BBB12,Denmark,52.0242,1.0041,2895.6,131.71,269.33,False,2026-03-11 17:13:51
3991e3,AFR1530,France,39.8487,0.2361,11285.22,236.23,184.12,False,2026-03-11 17:13:51
3991e6,AFR67XP,France,46.2069,7.1239,11574.78,209.2,302.75,False,2026-03-11 17:13:51
3991e5,AFR99ZR,France,45.207,8.0277,10363.2,210.02,321.16,False,2026-03-11 17:13:51
3991e0,AFR1331,France,49.0309,2.6407,426.72,61.91,265.71,False,2026-03-11 17:13:51
3991e8,AFR69NJ,France,44.6128,-0.2426,11285.22,233.48,210.01,False,2026-03-11 17:13:51
3991e9,AFR59XR,France,48.9533,1.7889,5303.52,179.74,264.91,False,2026-03-11 17:13:51
782293,CKK235,China,50.1865,9.092,1623.06,118.59,224.65,False,2026-03-11 17:13:51
471d5c,WZZ8BE,Hungary,46.5772,15.2788,10972.8,224.12,248.74,False,2026-03-11 17:13:51
4259c3,FIRE 9,United Kingdom,51.1582,-0.1828,,6.69,348.75,True,2026-03-11 17:13:51
34554d,ECCZO,Spain,40.3701,-3.7742,617.22,30.42,273.88,False,2026-03-11 17:13:51
3ffa7b,DMTWH,Germany,52.6557,12.662,647.7,57.56,28.86,False,2026-03-11 17:13:51
3de6ac,HSOPK4,Germany,53.9005,8.1229,967.74,63.02,222.02,False,2026-03-11 17:13:51
403003,GBRND,United Kingdom,52.8936,-1.5968,304.8,49.73,129.12,False,2026-03-11 17:13:51
a2de6c,N284SE,United States,50.4423,4.615,5455.92,190.04,306.75,False,2026-03-11 17:13:51
40697c,SHT4F,United Kingdom,54.1483,-4.4884,5692.14,153.55,298.63,False,2026-03-11 17:13:51
3d7cc7,EIS71,Germany,54.0582,10.3354,2788.92,134.23,8.6,False,2026-03-11 17:13:51
344218,ANE22XP,Spain,41.2428,0.354,10972.8,244.79,86.63,False,2026-03-11 17:13:51
345543,ANE63TQ,Spain,43.1662,-3.5126,2667.0,141.69,36.29,False,2026-03-11 17:13:51
4b0dd0,HUE12P,Switzerland,47.4609,9.5625,6835.14,125.72,82.0,False,2026-03-11 17:13:51
3cc803,PWF33,Germany,51.3257,11.1334,7010.4,166.97,160.0,False,2026-03-11 17:13:51
a4c2ff,CMB406,United States,44.22,12.3074,7620.0,146.87,166.84,False,2026-03-11 17:13:51
3c6523,LHX6HX,Germany,50.9788,4.8822,11574.78,211.41,292.01,False,2026-03-11 17:13:51
3c6522,LHX3AV,Germany,53.1399,1.4803,11574.78,211.49,282.08,False,2026-03-11 17:13:51
3c6521,LHX52A,Germany,47.4774,11.2742,6042.66,177.65,18.23,False,2026-03-11 17:13:51
505d16,OMBHB,Slovakia,49.3835,17.4242,1280.16,65.5,302.82,False,2026-03-11 17:13:51
06002f,MAU15,Mauritius,45.2544,2.6147,10668.0,243.46,174.42,False,2026-03-11 17:13:51
896188,UAE78L,United Arab Emirates,40.576,13.1548,7109.46,243.13,136.89,False,2026-03-11 17:13:51
4a91f9,SAS2628,Sweden,41.2423,-9.857,10965.18,217.97,28.32,False,2026-03-11 17:13:51
4951ca,TAP939,Portugal,42.7685,-1.9393,11879.58,220.17,246.01,False,2026-03-11 17:13:51
3e063a,DHTOC,Germany,49.9724,9.0432,228.6,39.0,149.04,False,2026-03-11 17:13:51
4951d8,TAP35BL,Portugal,39.679,-5.728,11887.2,220.05,254.4,False,2026-03-11 17:13:51
4951d9,TAP932,Portugal,47.3184,8.8614,2987.04,133.05,96.44,False,2026-03-11 17:13:51
3e1988,AWH91A,Germany,49.9288,9.0118,2743.2,109.43,194.43,False,2026-03-11 17:13:51
399452,VLJ447C,France,51.45,0.401,1066.8,75.47,292.02,False,2026-03-11 17:13:51
40097f,,United Kingdom,51.476,-0.4569,,9.77,90.0,True,2026-03-11 17:13:51
40097e,SHT3A,United Kingdom,51.4655,-0.1725,998.22,85.91,270.0,False,2026-03-11 17:13:51
40097d,BAW885R,United Kingdom,49.8054,10.0135,10972.8,217.23,291.83,False,2026-03-11 17:13:51
40097c,BAW717T,United Kingdom,48.4625,4.4066,10363.2,221.01,306.58,False,2026-03-11 17:13:51
39dd48,CCM17KY,France,42.8265,7.8145,4572.0,145.87,150.18,False,2026-03-11 17:13:51
39dd45,CCM61AT,France,42.4334,7.923,4716.78,220.5,127.51,False,2026-03-11 17:13:51
400982,SHT2N,United Kingdom,53.3604,-2.2798,,10.8,320.62,True,2026-03-11 17:13:51
488d62,SPDLC,Poland,48.2494,17.3409,2506.98,84.3,19.98,False,2026-03-11 17:13:51
3c0cb2,TUI39B,Germany,40.3896,-7.2528,11277.6,242.56,201.4,False,2026-03-11 17:13:51
39814c,FHAKM,France,43.4952,5.3611,312.42,31.49,141.63,False,2026-03-11 17:13:51
408041,WUK79,United Kingdom,47.3969,13.2868,10652.76,238.01,127.71,False,2026-03-11 17:13:51
440179,EJU35KZ,Austria,45.5078,2.5148,11582.4,211.51,287.55,False,2026-03-11 17:13:51
440181,EJU45TZ,Austria,40.3801,-7.6629,11407.14,225.96,232.4,False,2026-03-11 17:13:51
44015a,EJU86XD,Austria,52.4125,13.7523,937.26,87.25,249.64,False,2026-03-11 17:13:51
488109,SPAIK,Poland,53.9493,17.9588,243.84,28.85,273.07,False,2026-03-11 17:13:51
440165,OEADW,Austria,47.9625,16.2648,228.6,32.54,129.23,False,2026-03-11 17:13:51
452181,UAE9335,Bulgaria,52.315,4.7758,,6.17,317.81,True,2026-03-11 17:13:51
3c5c41,BTX1A,Germany,44.8616,11.5082,5669.28,172.0,357.43,False,2026-03-11 17:13:51
392ae8,AFR36GC,France,46.4339,4.2226,5097.78,190.83,130.52,False,2026-03-11 17:13:51
440198,EJU65UJ,Austria,52.3523,13.4954,,10.8,270.0,True,2026-03-11 17:13:51
4b0e27,PIZ51,Switzerland,50.5963,5.8392,2407.92,125.31,327.75,False,2026-03-11 17:13:51
39dd58,CCM321L,France,44.9545,0.2061,6096.0,106.34,327.85,False,2026-03-11 17:13:51
4844c2,LIFELN1,Kingdom of the Netherlands,52.4149,4.8052,22.86,4.4,290.56,False,2026-03-11 17:13:51
392af3,AFR23BR,France,49.0008,2.9894,1196.34,109.5,300.18,False,2026-03-11 17:13:51
44017c,EJU35NQ,Austria,42.7092,-7.0808,11277.6,230.14,219.74,False,2026-03-11 17:13:51
440189,BCS6701,Austria,52.1951,2.4138,7010.4,222.13,70.1,False,2026-03-11 17:13:51
3c5c46,BTX6F,Germany,51.2603,9.7065,5219.7,205.76,34.41,False,2026-03-11 17:13:51
48940d,SPFAN,Poland,53.0632,18.0025,609.6,50.61,26.57,False,2026-03-11 17:13:51
399482,FHFEC,France,42.5252,3.0704,1798.32,44.43,42.18,False,2026-03-11 17:13:51
45caa7,DTR1825,Denmark,38.2218,13.3015,2903.22,112.5,222.59,False,2026-03-11 17:13:51
45caa2,DTR84H,Denmark,37.5872,13.0907,5341.62,143.8,344.22,False,2026-03-11 17:13:51
471dbb,WZZ41,Hungary,41.8923,3.1355,10668.0,218.58,234.29,False,2026-03-11 17:13:51
440132,EJU14XA,Austria,46.9263,11.5399,10668.0,221.37,227.45,False,2026-03-11 17:13:51
471dba,WZZ553,Hungary,50.0022,8.8803,10660.38,238.96,103.32,False,2026-03-11 17:13:51
300a7b,DLA6TP,Italy,43.8146,13.7156,4472.94,169.13,35.09,False,2026-03-11 17:13:51
ae6cbf,HUNT41,United States,52.3931,17.8372,152.4,28.85,129.94,False,2026-03-11 17:13:51
300a62,ITY610,Italy,41.5017,-6.189,11269.98,227.13,254.77,False,2026-03-11 17:13:51
471da8,WZZ2JE,Hungary,41.034,18.6445,10972.8,212.54,260.1,False,2026-03-11 17:13:51
300a5b,SLJ104,Italy,42.9466,12.3939,10668.0,241.55,138.19,False,2026-03-11 17:13:51
452134,DAH1172,Bulgaria,44.9569,6.7898,10355.58,232.37,10.59,False,2026-03-11 17:13:51
3909a9,FGCNJ,France,48.7467,2.0549,426.72,34.93,260.68,False,2026-03-11 17:13:51
471db8,WMT8WF,Hungary,39.5377,-0.6086,533.4,83.28,116.41,False,2026-03-11 17:13:51
452126,GPX8KW,Bulgaria,44.5455,17.5473,10965.18,229.65,328.84,False,2026-03-11 17:13:51
452124,LZB851,Bulgaria,51.6015,-0.073,2026.92,111.12,112.89,False,2026-03-11 17:13:51
495292,,Portugal,48.7248,2.331,167.64,76.95,240.35,False,2026-03-11 17:13:51
495293,TAP687,Portugal,48.4459,1.2589,11887.2,214.61,229.67,False,2026-03-11 17:13:51
3e0687,DHTRB,Germany,49.9348,8.6099,365.76,45.27,180.65,False,2026-03-11 17:13:51
440119,LDX20,Austria,47.9281,15.0106,12496.8,241.0,272.57,False,2026-03-11 17:13:51
39a90b,OYO9,France,48.9769,2.6672,891.54,100.1,265.58,False,2026-03-11 17:13:51
440117,EJU51ZH,Austria,41.9968,-4.2018,11887.2,218.96,247.77,False,2026-03-11 17:13:51
ab0e30,N811MK,United States,47.6988,5.9229,11186.16,244.42,304.19,False,2026-03-11 17:13:51
440d01,PJV680,Austria,50.3881,14.5653,2872.74,140.39,167.08,False,2026-03-11 17:13:51
393205,FGMQF,France,45.3515,5.3466,762.0,56.6,88.96,False,2026-03-11 17:13:51
4baad5,THY7FA,Turkey,48.4831,13.1598,8534.4,216.0,291.37,False,2026-03-11 17:13:51
7105ab,SVA126,Saudi Arabia,40.5413,14.3624,10668.0,263.89,133.03,False,2026-03-11 17:13:51
8017f7,AIC2027,India,48.5107,12.2819,11582.4,236.41,299.74,False,2026-03-11 17:13:51
495218,TAP1930,Portugal,39.0135,-8.918,3970.02,150.39,42.37,False,2026-03-11 17:13:51
495212,TAP1324,Portugal,53.4348,-6.2379,137.16,69.77,275.5,False,2026-03-11 17:13:51
506f9b,S5DUA,Slovenia,43.2111,5.8953,1310.64,47.22,258.69,False,2026-03-11 17:13:51
48455e,KLM589,Kingdom of the Netherlands,36.2469,3.6554,10668.0,249.34,171.22,False,2026-03-11 17:13:51
484555,KLM28W,Kingdom of the Netherlands,39.9914,-3.3609,10363.2,218.33,8.26,False,2026-03-11 17:13:51
484557,KLM959,Kingdom of the Netherlands,53.5292,0.0603,10904.22,215.83,282.25,False,2026-03-11 17:13:51
34568d,VOE87SR,Spain,45.4261,7.8886,11582.4,232.33,80.95,False,2026-03-11 17:13:51
484560,KLM844,Kingdom of the Netherlands,48.1665,17.0833,10972.8,241.33,300.06,False,2026-03-11 17:13:51
345698,ANE1279,Spain,44.9604,4.0506,8747.76,246.59,61.19,False,2026-03-11 17:13:51
345691,IBE05FF,Spain,40.1425,-3.6401,2331.72,131.66,78.73,False,2026-03-11 17:13:51
345692,IBE07CT,Spain,43.9003,-1.4215,9768.84,203.73,24.62,False,2026-03-11 17:13:51
485874,KLC1093,Kingdom of the Netherlands,51.7212,1.1796,10126.98,207.13,263.44,False,2026-03-11 17:13:51
781093,CXA811,China,53.4146,7.5926,8991.6,196.15,234.39,False,2026-03-11 17:13:51
344344,IBE07HH,Spain,47.7461,-2.2271,10043.16,211.62,10.08,False,2026-03-11 17:13:51
344345,IBE03TT,Spain,40.5747,-6.6211,10408.92,225.0,267.64,False,2026-03-11 17:13:51
344341,AEA9049,Spain,38.0174,-5.9463,11582.4,212.08,32.42,False,2026-03-11 17:13:51
484516,PHVSY,Kingdom of the Netherlands,49.1658,1.6751,586.74,57.99,25.2,False,2026-03-11 17:13:51
4ca9c1,RYR76YQ,Ireland,48.588,14.883,11277.6,225.97,43.62,False,2026-03-11 17:13:51
a9c6e7,N729VS,United States,38.695,-9.1821,464.82,79.51,23.25,False,2026-03-11 17:13:51
345659,VOE63EA,Spain,42.7998,-5.8325,5897.88,156.48,332.17,False,2026-03-11 17:13:51
345642,VLG1981,Spain,48.645,2.1249,1927.86,134.61,244.41,False,2026-03-11 17:13:51
345645,VLG33QH,Spain,43.8785,5.1789,11277.6,217.69,211.96,False,2026-03-11 17:13:51
48ef35,SPSMJ,Poland,53.0287,16.7237,426.72,42.81,175.87,False,2026-03-11 17:13:51
adfddf,HKY757,United States,51.2581,3.5172,6096.0,150.27,299.99,False,2026-03-11 17:13:51
505c07,SSG04A,Slovakia,49.4041,11.7093,10363.2,205.22,300.42,False,2026-03-11 17:13:51
485814,KLM25U,Kingdom of the Netherlands,44.1896,3.2751,6347.46,203.11,167.86,False,2026-03-11 17:13:51
781c0c,CES261,China,49.7455,3.4289,11887.2,237.07,215.1,False,2026-03-11 17:13:51
3dd2d5,DHACB,Germany,50.9095,12.2441,358.14,49.2,201.47,False,2026-03-11 17:13:51
34560d,VLG3UX,Spain,38.2819,-0.5476,,12.35,67.5,True,2026-03-11 17:13:51
345614,VLG47FV,Spain,37.4175,-6.0365,510.54,93.63,90.0,False,2026-03-11 17:13:51
4ca9ed,RYR97AE,Ireland,51.1259,10.4653,11269.98,241.58,63.98,False,2026-03-11 17:13:51
345615,ANE98GQ,Spain,44.1997,-0.8057,4899.66,173.56,30.06,False,2026-03-11 17:13:51
3dd2d0,SCOUT78,Germany,51.155,9.6986,510.54,52.32,239.91,False,2026-03-11 17:13:51
4ca9ea,RYR606J,Ireland,52.5122,-3.3402,6324.6,170.46,2.59,False,2026-03-11 17:13:51
4b5c3a,ZEBRA5,Switzerland,47.4525,8.5553,,13.89,185.62,True,2026-03-11 17:13:51
4bb322,THY94S,Turkey,39.4066,19.3713,10363.2,220.39,248.65,False,2026-03-11 17:13:51
440bb4,OEEMA,Austria,47.2208,9.7784,7620.0,154.34,89.62,False,2026-03-11 17:13:51
43ea97,MMSVI,United Kingdom,51.786,0.5844,4267.2,164.59,79.92,False,2026-03-11 17:13:51
a57362,GTI9591,United States,48.8648,13.3325,11277.6,258.89,112.18,False,2026-03-11 17:13:51
3451da,ANE56CP,Spain,44.0335,2.0517,10363.2,245.29,53.44,False,2026-03-11 17:13:51
4854cb,TRA35H,Kingdom of the Netherlands,49.6116,3.2148,11277.6,216.71,209.12,False,2026-03-11 17:13:51
3451d9,ANE70XF,Spain,43.4429,5.2093,,5.66,115.31,True,2026-03-11 17:13:51
3e1859,STQ111,Germany,43.6048,-1.5018,4091.94,131.41,40.24,False,2026-03-11 17:13:51
3451d5,VLG1BX,Spain,39.0217,-1.2681,10660.38,238.32,230.61,False,2026-03-11 17:13:51
4841b4,PHVBG,Kingdom of the Netherlands,45.3222,10.5945,2004.06,117.85,192.09,False,2026-03-11 17:13:51
73828b,ISR729,Israel,47.444,19.2285,76.2,65.2,132.12,False,2026-03-11 17:13:51
02010d,MAC481,Morocco,42.2951,5.0757,11582.4,221.65,49.99,False,2026-03-11 17:13:51
4867eb,TRA72U,Kingdom of the Netherlands,50.9517,4.067,9928.86,209.55,199.06,False,2026-03-11 17:13:51
4867ec,TRA47Q,Kingdom of the Netherlands,50.3204,3.5372,10668.0,219.78,198.56,False,2026-03-11 17:13:51
43c922,VYT70,United Kingdom,53.2717,-4.3371,320.04,72.99,350.67,False,2026-03-11 17:13:51
43c924,VYT61,United Kingdom,53.2375,-4.0589,2636.52,126.97,44.18,False,2026-03-11 17:13:51
4841a9,TRA1R,Kingdom of the Netherlands,50.1597,6.1552,11582.4,221.84,306.42,False,2026-03-11 17:13:51
3b9bfe,FNY5014,France,48.5354,-2.2364,3162.3,151.11,220.31,False,2026-03-11 17:13:51
4079d1,CFE31BZ,United Kingdom,51.7271,-0.0839,1821.18,130.33,328.07,False,2026-03-11 17:13:51
020118,MAC345V,Morocco,45.7567,5.0892,320.04,63.53,174.89,False,2026-03-11 17:13:51
4841a6,KLM99V,Kingdom of the Netherlands,47.4516,8.5594,396.24,0.39,185.62,True,2026-03-11 17:13:51
3d32b9,DERLP,Germany,47.7763,16.3648,731.52,36.32,74.39,False,2026-03-11 17:13:51
4bab56,TKJ7KA,Turkey,48.1168,16.5795,,29.32,163.12,True,2026-03-11 17:13:51
490d0a,NJE744G,Portugal,39.7297,-1.0376,9448.8,235.65,299.42,False,2026-03-11 17:13:51
490d0b,NJE4XR,Portugal,47.4416,19.226,,5.92,334.69,True,2026-03-11 17:13:51
4bb28d,THY30W,Turkey,48.3603,12.0093,1249.68,94.7,263.76,False,2026-03-11 17:13:51
4bb28c,THY24S,Turkey,40.7735,15.8205,11277.6,237.69,86.15,False,2026-03-11 17:13:51
490d09,,Portugal,43.6156,7.1053,4221.48,173.55,343.82,False,2026-03-11 17:13:51
44cdcf,BEL1VC,Belgium,46.6613,11.578,11582.4,212.07,318.34,False,2026-03-11 17:13:51
44cdcc,BEL2YK,Belgium,45.6965,-2.4881,10965.18,231.63,36.06,False,2026-03-11 17:13:51
44cdcb,BEL2ZR,Belgium,50.1865,7.2277,9845.04,251.22,96.7,False,2026-03-11 17:13:51
490d06,NJE186R,Portugal,47.5227,19.1007,754.38,92.5,132.3,False,2026-03-11 17:13:51
4bb273,THY9AG,Turkey,43.0096,9.5897,10363.2,221.65,294.84,False,2026-03-11 17:13:51
4bb272,THY4VD,Turkey,49.0412,2.8397,1226.82,88.26,265.32,False,2026-03-11 17:13:51
4bb270,THY50V,Turkey,43.0484,18.6407,10363.2,219.47,260.69,False,2026-03-11 17:13:51
4867c4,,Kingdom of the Netherlands,52.3106,4.7684,,0.0,33.75,True,2026-03-11 17:13:51
4bb26a,THY3TD,Turkey,53.6299,10.0037,,0.64,109.69,True,2026-03-11 17:13:51
3c5b31,OCN5V,Germany,48.1161,13.1306,12192.0,229.63,302.37,False,2026-03-11 17:13:51
4066d0,TOM5MH,United Kingdom,38.9772,-9.7929,11582.4,207.8,17.13,False,2026-03-11 17:13:51
4867b0,TRA55R,Kingdom of the Netherlands,51.4815,4.372,8282.94,181.78,213.69,False,2026-03-11 17:13:51
44cdc2,BEL3HE,Belgium,51.0338,4.7836,1356.36,137.16,142.31,False,2026-03-11 17:13:51
440a49,OEDAF,Austria,46.5829,15.9847,2400.3,69.12,315.6,False,2026-03-11 17:13:51
3c0d0c,TUI71C,Germany,47.1274,12.7256,11193.78,212.76,310.39,False,2026-03-11 17:13:51
02012c,RAM602V,Morocco,36.6043,-2.592,11582.4,213.66,32.31,False,2026-03-11 17:13:51
02012b,MAC131G,Morocco,48.7906,1.4245,10972.8,232.48,32.53,False,2026-03-11 17:13:51
3de586,IBIS3,Germany,49.9626,8.8983,373.38,53.98,262.33,False,2026-03-11 17:13:51
4c2d40,YULKA,Serbia,45.631,18.3747,8305.8,229.47,106.81,False,2026-03-11 17:13:51
394f07,NAK317,France,44.9168,4.9671,,5.92,5.62,True,2026-03-11 17:13:51
394f06,FGTYG,France,45.757,4.9347,342.9,37.44,192.7,False,2026-03-11 17:13:51
02013d,RAM249,Morocco,38.9505,14.1922,11582.4,240.14,289.13,False,2026-03-11 17:13:51
020142,RAM968C,Morocco,36.783,-5.232,5486.4,132.8,40.6,False,2026-03-11 17:13:51
345385,ANE1183,Spain,40.7976,-3.1335,4358.64,176.63,68.29,False,2026-03-11 17:13:51
345388,ANE2063,Spain,40.1151,1.7105,7452.36,198.07,336.1,False,2026-03-11 17:13:51
a81bc4,UPS15,United States,48.9662,13.3385,10363.2,233.36,307.48,False,2026-03-11 17:13:51
486897,KLM96C,Kingdom of the Netherlands,47.4319,19.2795,91.44,75.37,132.51,False,2026-03-11 17:13:51
485567,PHCFR,Kingdom of the Netherlands,47.172,6.9727,2019.3,73.26,233.85,False,2026-03-11 17:13:51
4b0c84,HBETG,Switzerland,47.5169,9.02,693.42,45.69,54.16,False,2026-03-11 17:13:51
34535a,VLG3WT,Spain,48.4282,2.1247,3246.12,171.95,158.04,False,2026-03-11 17:13:51
781160,CCA939,China,46.8177,12.5145,10058.4,267.64,183.97,False,2026-03-11 17:13:51
320064,DRAG154,Italy,45.5074,12.3513,-38.1,12.14,306.38,False,2026-03-11 17:13:51
346690,VLG31FJ,Spain,49.9152,4.8265,10378.44,261.44,47.55,False,2026-03-11 17:13:51
3e04d1,DHTAF,Germany,49.9409,9.079,182.88,20.81,261.47,False,2026-03-11 17:13:51
78115f,CCA958,China,53.3684,17.734,10058.4,254.28,71.24,False,2026-03-11 17:13:51
48686d,PHRTM,Kingdom of the Netherlands,51.9283,4.7758,480.06,66.27,216.16,False,2026-03-11 17:13:51
345359,VLG19EN,Spain,41.2921,2.073,,5.66,244.69,True,2026-03-11 17:13:51
4ca973,ITY1282,Ireland,43.4525,11.3635,10972.8,213.74,320.37,False,2026-03-11 17:13:51
3eb720,GNY4311,Germany,53.9055,9.7467,243.84,63.58,84.43,False,2026-03-11 17:13:51
48b840,BNI69,Poland,51.7668,19.5975,784.86,56.14,243.9,False,2026-03-11 17:13:51
4ca97b,RYR882D,Ireland,42.1655,-8.6362,11277.6,255.14,174.91,False,2026-03-11 17:13:51
4ca97c,RYR81BE,Ireland,52.4787,-1.7744,662.94,89.94,324.31,False,2026-03-11 17:13:51
405455,BAW779C,United Kingdom,52.7348,2.6674,10195.56,209.6,207.01,False,2026-03-11 17:13:51
44ce78,BEL9EV,Belgium,48.7616,10.885,5562.6,194.6,128.02,False,2026-03-11 17:13:51
44ce77,BEL5EF,Belgium,50.9599,4.7173,670.56,96.04,290.38,False,2026-03-11 17:13:51
44ce6c,BEL6ZH,Belgium,47.588,7.654,11879.58,221.6,154.57,False,2026-03-11 17:13:51
44ce6a,BEL9BP,Belgium,50.903,4.4826,,0.0,154.69,True,2026-03-11 17:13:51
40676b,BRO25,United Kingdom,51.1996,-1.6624,487.68,54.87,231.09,False,2026-03-11 17:13:51
40676a,CFE2284,United Kingdom,48.8288,3.4457,11582.4,219.52,329.59,False,2026-03-11 17:13:51
44ce6f,BEL6VF,Belgium,49.2998,6.095,10363.2,216.45,353.45,False,2026-03-11 17:13:51
320036,DRAG141,Italy,41.5945,12.6511,220.98,66.97,152.06,False,2026-03-11 17:13:51
02019d,MAC304,Morocco,38.1821,-5.0786,11887.2,242.05,200.4,False,2026-03-11 17:13:51
48683e,TRA74M,Kingdom of the Netherlands,51.2049,3.6063,6682.74,204.97,23.99,False,2026-03-11 17:13:51
459e61,OYGSA,Denmark,47.4771,2.8198,3558.54,143.35,154.26,False,2026-03-11 17:13:51
44ce62,BEL2FT,Belgium,47.4542,8.5563,,0.0,185.62,True,2026-03-11 17:13:51
345318,IBE0263,Spain,40.202,-8.6731,10660.38,222.27,258.25,False,2026-03-11 17:13:51
345314,VLG3RY,Spain,41.2917,2.0961,,11.83,67.5,True,2026-03-11 17:13:51
89630a,UAE34Q,United Arab Emirates,43.0139,18.0803,10058.4,252.4,146.47,False,2026-03-11 17:13:51
406755,EZY12HD,United Kingdom,42.8237,-6.2216,11277.6,241.71,194.92,False,2026-03-11 17:13:51
406754,EZY46LP,United Kingdom,48.5604,2.4733,9456.42,209.0,140.39,False,2026-03-11 17:13:51
4017cd,GRVNX,United Kingdom,54.1328,-2.7074,2164.08,56.67,183.12,False,2026-03-11 17:13:51
486802,KLM95T,Kingdom of the Netherlands,52.2628,5.237,3817.62,164.65,85.34,False,2026-03-11 17:13:51
486803,KLM80Y,Kingdom of the Netherlands,45.5391,9.1994,1447.8,132.47,273.56,False,2026-03-11 17:13:51
34660b,IBE05TH,Spain,47.0248,0.4129,9326.88,239.98,22.17,False,2026-03-11 17:13:51
448525,AAB71A,Belgium,51.9421,3.5046,7315.2,228.89,245.85,False,2026-03-11 17:13:51
346610,VLG73XP,Spain,45.2816,-0.5534,11582.4,224.12,25.57,False,2026-03-11 17:13:51
4ab822,NSZ80W,Sweden,40.4809,-3.2594,10363.2,229.17,8.13,False,2026-03-11 17:13:51
3c0ca6,TUI197,Germany,48.2956,12.1402,1912.62,134.38,7.48,False,2026-03-11 17:13:51
506e32,S5DIT,Slovenia,47.7979,9.554,1508.76,87.67,62.38,False,2026-03-11 17:13:51
4bb209,THY1HB,Turkey,47.7352,13.631,10279.38,213.14,294.83,False,2026-03-11 17:13:51
4ca8e4,RYR52FP,Ireland,51.8264,0.5631,2872.74,156.73,86.24,False,2026-03-11 17:13:51
aa1b9f,N750SF,United States,49.7978,-1.7085,10180.32,231.86,3.18,False,2026-03-11 17:13:51
a955fe,N700QT,United States,45.1238,9.3181,944.88,102.31,346.03,False,2026-03-11 17:13:51
4bab29,THY4KN,Turkey,43.9579,19.8731,10972.8,221.47,284.39,False,2026-03-11 17:13:51
4ca8f4,ITY313,Ireland,48.8396,3.1647,6934.2,222.02,96.25,False,2026-03-11 17:13:51
3ddde4,BPO722,Germany,46.8125,12.841,2049.78,51.08,55.67,False,2026-03-11 17:13:51
4bb20f,THY2TL,Turkey,45.6483,10.5042,8511.54,217.61,270.27,False,2026-03-11 17:13:51
4853f4,KLM21B,Kingdom of the Netherlands,52.6924,5.7887,7010.4,203.66,80.99,False,2026-03-11 17:13:51
4ca8d8,RYR11VV,Ireland,53.5587,-2.3224,1927.86,154.24,83.68,False,2026-03-11 17:13:51
4ca8d5,RYR8621,Ireland,46.1458,-0.2515,10972.8,228.03,21.99,False,2026-03-11 17:13:51
3c0ac5,CFG7UZ,Germany,48.1182,16.5585,,3.6,205.31,True,2026-03-11 17:13:51
3c0ac7,CFG8CT,Germany,44.9989,-0.7195,10370.82,229.61,26.34,False,2026-03-11 17:13:51
3c0ac6,CFG1MW,Germany,49.7211,6.3609,7658.1,227.27,74.64,False,2026-03-11 17:13:51
4067cd,GWPDC,United Kingdom,52.7706,-1.4525,426.72,0.0,0.0,False,2026-03-11 17:13:51
4bb143,THY1LE,Turkey,52.3754,13.8983,1699.26,119.88,332.67,False,2026-03-11 17:13:51
4c31e1,MPC003,Serbia,44.4554,14.5771,12496.8,223.49,126.1,False,2026-03-11 17:13:51
480892,APACHE3,Kingdom of the Netherlands,52.7814,6.5019,91.44,42.81,85.87,False,2026-03-11 17:13:51
501e83,CTN6J,Croatia,45.8391,16.2156,822.96,80.81,227.06,False,2026-03-11 17:13:51
a31a77,UAL761,United States,54.8094,7.7806,10957.56,259.06,333.59,False,2026-03-11 17:13:51
48088f,APACHE02,Kingdom of the Netherlands,52.611,6.1644,30.48,50.87,331.62,False,2026-03-11 17:13:51
3f727c,ATLAS01,Germany,49.3195,10.8398,922.02,148.05,342.19,False,2026-03-11 17:13:51
3452c7,ANE70RM,Spain,41.4773,1.875,3162.3,164.23,95.03,False,2026-03-11 17:13:51
484ee5,KLM53D,Kingdom of the Netherlands,49.93,12.787,7383.78,224.67,81.57,False,2026-03-11 17:13:51
4baa7a,THY2XV,Turkey,50.894,5.0931,2034.54,117.67,286.77,False,2026-03-11 17:13:51
4855d0,KLM29Z,Kingdom of the Netherlands,50.7838,-2.3601,4770.12,176.51,251.3,False,2026-03-11 17:13:51
39a5e7,FHJPH,France,45.9796,-1.0169,3909.06,128.27,352.16,False,2026-03-11 17:13:51
8963e6,UAE6AL,United Arab Emirates,37.0603,18.9968,11277.6,265.4,123.14,False,2026-03-11 17:13:51
8963e7,UAE4PY,United Arab Emirates,48.2531,10.0281,12192.0,239.59,308.2,False,2026-03-11 17:13:51
4baa65,THY51N,Turkey,47.4618,8.5511,,0.0,154.69,True,2026-03-11 17:13:51
4041a2,GRACY,United Kingdom,52.9487,-0.7243,1104.9,69.06,155.34,False,2026-03-11 17:13:51
3c7425,TUI6YX,Germany,47.8559,0.7694,10020.3,243.05,43.8,False,2026-03-11 17:13:51
3c7426,TUI6NE,Germany,49.0636,4.0981,10972.8,254.54,66.28,False,2026-03-11 17:13:51
3c6d43,KLM23R,Germany,52.2317,4.594,1714.5,124.79,252.24,False,2026-03-11 17:13:51
4868bc,KLM1299,Kingdom of the Netherlands,53.6628,6.6547,9441.18,260.62,37.3,False,2026-03-11 17:13:51
4067f5,TOM617,United Kingdom,48.8313,13.0824,12192.0,239.34,295.19,False,2026-03-11 17:13:51
3c7421,TUI7H,Germany,46.9648,7.991,10972.8,242.1,60.6,False,2026-03-11 17:13:51
4b1f2f,HBLVB,Switzerland,46.9015,7.5635,876.3,52.93,164.21,False,2026-03-11 17:13:51
3df79e,NHC44,Germany,53.7823,6.8407,670.56,76.16,116.05,False,2026-03-11 17:13:51
3df79c,NHC47,Germany,53.6767,8.1354,213.36,55.41,347.12,False,2026-03-11 17:13:51
3d31f8,DEREE,Germany,48.5249,12.0717,609.6,35.73,186.61,False,2026-03-11 17:13:51
3c618b,TUI74J,Germany,42.6831,19.7699,10972.8,219.19,322.05,False,2026-03-11 17:13:51
43c8ec,SYS50,United Kingdom,52.7459,-2.9602,464.82,23.6,249.59,False,2026-03-11 17:13:51
43c8ed,SYS150,United Kingdom,52.7986,-2.6642,76.2,1.63,71.57,False,2026-03-11 17:13:51
4ac9f0,SAS1555,Sweden,54.7977,9.1687,11582.4,209.54,224.4,False,2026-03-11 17:13:51
3cc492,DCBTA,Germany,49.6626,16.3548,10789.92,210.88,280.54,False,2026-03-11 17:13:51
4ac9f9,SAS839,Sweden,53.2414,5.1998,11582.4,221.83,181.73,False,2026-03-11 17:13:51
43c8f4,SYS28,United Kingdom,52.8859,-2.8816,701.04,22.97,285.59,False,2026-03-11 17:13:51
43c8f8,SYS29,United Kingdom,52.7139,-2.3605,609.6,26.83,265.6,False,2026-03-11 17:13:51
4b3978,TSW4W,Switzerland,47.6667,9.1553,4518.66,137.8,254.41,False,2026-03-11 17:13:51
4bb196,THY223,Turkey,40.1787,-3.4239,10668.0,241.75,253.69,False,2026-03-11 17:13:51
4ac9c6,BLX12N,Sweden,37.6609,-9.8248,10972.8,219.28,27.53,False,2026-03-11 17:13:51
020072,RAM732M,Morocco,41.5791,2.8981,10972.8,235.27,65.45,False,2026-03-11 17:13:51
020066,RAM720P,Morocco,45.5076,4.5723,3208.02,188.77,33.78,False,2026-03-11 17:13:51
43c8c8,CWL03,United Kingdom,53.1609,-0.7432,2217.42,66.25,193.93,False,2026-03-11 17:13:51
3f7dc1,GAF868,Germany,51.2588,9.314,8763.0,224.96,272.1,False,2026-03-11 17:13:51
43c8b8,PRF50,United Kingdom,52.9808,-0.5262,335.28,51.94,146.31,False,2026-03-11 17:13:51
495037,TAP17RA,Portugal,38.2691,-8.9714,3063.24,129.79,48.86,False,2026-03-11 17:13:51
4b0c39,HBEQJ,Switzerland,47.0184,8.4109,1356.36,59.44,293.46,False,2026-03-11 17:13:51
4ac9ef,SAS92U,Sweden,40.5618,-3.5509,1188.72,84.31,16.67,False,2026-03-11 17:13:51
45d069,VKG1325,Denmark,43.1147,-4.7248,10355.58,208.53,23.4,False,2026-03-11 17:13:51
4ca92d,EIN7TE,Ireland,44.5567,-3.9247,9860.28,203.76,1.16,False,2026-03-11 17:13:51
3d7a5b,DFSOX,Germany,47.4559,8.5651,,12.86,92.81,True,2026-03-11 17:13:51
4ca92b,RYR64CD,Ireland,40.4646,-3.5681,,1.8,275.62,True,2026-03-11 17:13:51
43c8de,SYS97,United Kingdom,52.8748,-2.5672,320.04,35.53,214.38,False,2026-03-11 17:13:51
43c8df,SYS113,United Kingdom,52.5353,-2.4776,182.88,53.15,25.82,False,2026-03-11 17:13:51
34538d,VLG7574,Spain,36.1991,-2.9495,10675.62,253.03,212.46,False,2026-03-11 17:13:51
45d068,VKG1217,Denmark,44.7697,-3.4771,10980.42,223.72,35.74,False,2026-03-11 17:13:51
43c8e4,SYS38,United Kingdom,52.7958,-2.6649,83.82,1.63,341.57,False,2026-03-11 17:13:51
43c8e7,SYS135,United Kingdom,52.8191,-2.6734,320.04,53.11,45.78,False,2026-03-11 17:13:51
43c8e8,SYS84,United Kingdom,52.791,-2.3086,777.24,48.4,2.44,False,2026-03-11 17:13:51
43c8d8,CWL39,United Kingdom,53.224,-0.7636,998.22,113.41,3.64,False,2026-03-11 17:13:51
43c8d1,VYT80,United Kingdom,53.5439,-4.56,1935.48,91.61,358.39,False,2026-03-11 17:13:51
43c8d7,CWL31,United Kingdom,53.396,-0.0512,3345.18,72.32,291.27,False,2026-03-11 17:13:51
4d02b0,JFA14R,Luxembourg,44.2428,7.19,7010.4,146.11,165.52,False,2026-03-11 17:13:51
3e0fe7,DHXFJ,Germany,49.608,10.8578,381.0,0.0,0.0,False,2026-03-11 17:13:51
4005c0,BAW19N,United Kingdom,49.8257,-7.8039,11254.74,223.69,251.77,False,2026-03-11 17:13:51
3e0fe0,CHX11,Germany,47.9418,7.8595,990.6,55.49,252.74,False,2026-03-11 17:13:51
4ca892,RYR8JL,Ireland,48.7238,8.2254,10972.8,221.02,304.28,False,2026-03-11 17:13:51
4d02bd,JFA80G,Luxembourg,47.2863,6.6382,7010.4,134.93,174.31,False,2026-03-11 17:13:51
3defb7,DHLAL,Germany,52.669,13.4752,297.18,54.69,101.94,False,2026-03-11 17:13:51
4d02c2,JFA61Q,Luxembourg,50.9754,3.6185,3421.38,177.47,101.54,False,2026-03-11 17:13:51
a51396,N426TD,United States,52.0914,0.0895,152.4,42.58,168.15,False,2026-03-11 17:13:51
c05aac,CGIIT,Canada,53.8015,-5.2966,13106.4,226.23,283.28,False,2026-03-11 17:13:51
344157,VLG8NW,Spain,43.8127,-7.7591,8001.0,214.41,30.26,False,2026-03-11 17:13:51
344158,VLG5VE,Spain,41.3255,2.1614,213.36,59.39,245.43,False,2026-03-11 17:13:51
89645b,UAE2,United Arab Emirates,39.8382,14.4216,10668.0,256.86,135.97,False,2026-03-11 17:13:51
3e0feb,DHXFN,Germany,48.9313,8.2851,320.04,53.2,217.53,False,2026-03-11 17:13:51
4ca84e,RUK3LB,Ireland,37.5339,-7.6864,11887.2,250.78,185.77,False,2026-03-11 17:13:51
4005a9,ETP22,United Kingdom,50.9356,-6.5695,6705.6,136.07,24.34,False,2026-03-11 17:13:51
896475,UAE79Y,United Arab Emirates,51.2542,-0.1316,3284.22,178.85,95.61,False,2026-03-11 17:13:51
4ca85c,ITY324,Ireland,48.2022,4.1539,6461.76,222.5,320.35,False,2026-03-11 17:13:51
896478,UAE98P,United Arab Emirates,51.7419,-0.7157,6667.5,223.62,145.21,False,2026-03-11 17:13:51
4ca85b,EJU51KB,Ireland,45.7049,6.8592,9403.08,226.49,137.58,False,2026-03-11 17:13:51
40688e,BAW277,United Kingdom,48.3933,17.9128,11887.2,249.55,123.82,False,2026-03-11 17:13:51
020093,CNRBS,Morocco,38.632,19.2868,11582.4,219.07,292.65,False,2026-03-11 17:13:51
896458,UAE65W,United Arab Emirates,37.0959,17.6528,11277.6,264.29,137.21,False,2026-03-11 17:13:51
896456,UAE62T,United Arab Emirates,51.6613,0.3545,2941.32,138.4,262.95,False,2026-03-11 17:13:51
406891,BAW35,United Kingdom,46.8225,13.7694,11277.6,260.6,133.08,False,2026-03-11 17:13:51
02007d,RAM765B,Morocco,46.9261,1.5148,10591.8,231.06,197.22,False,2026-03-11 17:13:51
4d02e1,JFA88T,Luxembourg,50.9121,5.7673,,2.83,8.44,True,2026-03-11 17:13:51
4ca88c,RYR74SP,Ireland,50.3168,5.8976,9486.9,218.77,157.9,False,2026-03-11 17:13:51
3d2c0d,DEOXX,Germany,47.489,15.0284,4145.28,87.84,346.45,False,2026-03-11 17:13:51
4ca893,RYR67UQ,Ireland,50.6184,4.9012,10668.0,237.12,111.11,False,2026-03-11 17:13:51
4005bd,BAW7CP,United Kingdom,51.4772,-0.5472,541.02,105.53,281.53,False,2026-03-11 17:13:51
4d02e8,JFA35Q,Luxembourg,48.254,7.9273,8229.6,150.33,199.18,False,2026-03-11 17:13:51
4005bb,BAW7TG,United Kingdom,52.7749,-1.4066,9296.4,206.57,319.65,False,2026-03-11 17:13:51
8963a1,UAE9918,United Arab Emirates,46.3358,13.6849,10058.4,263.38,134.37,False,2026-03-11 17:13:51
484f18,KLM1225,Kingdom of the Netherlands,52.388,4.7063,2545.08,143.46,30.61,False,2026-03-11 17:13:51
44866c,OOASL,Belgium,45.6754,5.2915,2575.56,121.41,143.62,False,2026-03-11 17:13:51
486904,PHBLP,Kingdom of the Netherlands,51.9823,4.5058,243.84,43.85,238.92,False,2026-03-11 17:13:51
3c0c99,TUI347,Germany,47.5418,0.2824,10972.8,239.74,44.39,False,2026-03-11 17:13:51
490d86,NJE664B,Portugal,46.6257,6.605,10294.62,216.9,237.1,False,2026-03-11 17:13:51
490d87,NJE636G,Portugal,51.2796,1.2057,5654.04,232.14,106.35,False,2026-03-11 17:13:51
390813,FGCAT,France,48.9333,1.7593,579.12,35.52,259.99,False,2026-03-11 17:13:51
501dd0,CTN5N,Croatia,44.6484,16.3056,6096.0,184.4,2.88,False,2026-03-11 17:13:51
4bbd13,TKJ9GA,Turkey,51.827,0.8243,3505.2,180.63,88.53,False,2026-03-11 17:13:51
48a4d5,SPKGZ,Poland,51.397,19.7028,297.18,28.68,212.55,False,2026-03-11 17:13:51
43c93d,BAL89,United Kingdom,51.0285,-1.6512,518.16,49.78,251.94,False,2026-03-11 17:13:51
49d5a9,OKBIT,Czech Republic,49.9577,14.6219,708.66,62.78,1.41,False,2026-03-11 17:13:51
49d5b4,OKELD,Czech Republic,50.1023,14.2574,,9.26,320.62,True,2026-03-11 17:13:51
683291,UPCL602,Kazakhstan,48.7656,8.0669,2118.36,121.6,32.21,False,2026-03-11 17:13:51
4bb025,TKJ3VK,Turkey,50.9317,4.253,11277.6,246.45,104.88,False,2026-03-11 17:13:51
3965b4,AFR718,France,42.9918,-1.5146,10668.0,242.27,202.21,False,2026-03-11 17:13:51
49d5c0,ABP962,Czech Republic,52.0198,19.9506,8023.86,214.09,251.65,False,2026-03-11 17:13:51
49d5d7,AAN251,Czech Republic,48.7153,18.0652,10363.2,231.18,302.74,False,2026-03-11 17:13:51
3475d5,IBE06LL,Spain,41.0204,9.252,10683.24,234.44,260.91,False,2026-03-11 17:13:51
3475d8,VLG5BT,Spain,48.5854,2.4802,3345.18,145.38,83.91,False,2026-03-11 17:13:51
3c49c8,EWG3GE,Germany,46.4421,7.2126,9151.62,191.74,318.7,False,2026-03-11 17:13:51
3ccf01,ECA4RT,Germany,51.5397,1.162,1958.34,130.84,236.87,False,2026-03-11 17:13:51
3c49d5,EWG7AM,Germany,50.7744,6.3958,6758.94,214.57,35.63,False,2026-03-11 17:13:51
4bb062,THY522,Turkey,36.5942,15.7531,10668.0,217.12,229.52,False,2026-03-11 17:13:51
3c49d4,EWG89Y,Germany,52.6158,10.839,10972.8,207.28,195.11,False,2026-03-11 17:13:51
02a197,TAR606,Tunisia,40.3922,-3.4538,1097.28,101.25,322.43,False,2026-03-11 17:13:51
4064a4,TOM89A,United Kingdom,47.082,12.1441,12192.0,223.15,299.11,False,2026-03-11 17:13:51
02a196,TAR498,Tunisia,45.7573,11.0707,10972.8,211.49,358.75,False,2026-03-11 17:13:51
02a194,TAR440,Tunisia,47.6483,4.3669,9197.34,227.81,334.59,False,2026-03-11 17:13:51
43c5ed,NAPER73,United Kingdom,52.9087,-0.1656,152.4,146.42,127.43,False,2026-03-11 17:13:51
43c5ee,RRR4182,United Kingdom,39.1272,15.7314,9441.18,217.33,128.85,False,2026-03-11 17:13:51
4077c2,GEIMS,United Kingdom,50.6769,-1.1041,-7.62,0.73,315.0,False,2026-03-11 17:13:51
4ca6fc,RYR43TY,Ireland,50.0149,8.4883,11582.4,216.57,293.52,False,2026-03-11 17:13:51
3ddc79,CHX80,Germany,49.6805,12.1686,495.3,6.92,318.01,False,2026-03-11 17:13:51
4ca806,RYR57HG,Ireland,49.4882,-8.9162,10972.8,233.01,183.67,False,2026-03-11 17:13:51
4ca804,RYR539E,Ireland,45.0369,14.1663,10568.94,243.6,94.6,False,2026-03-11 17:13:51
4ca805,RYR9296,Ireland,52.6907,5.6153,11582.4,218.96,282.21,False,2026-03-11 17:13:51
4ca801,RYR586N,Ireland,52.7853,2.142,8519.16,210.67,99.42,False,2026-03-11 17:13:51
496c89,BC004,Portugal,37.0127,-7.9664,,1.03,194.06,True,2026-03-11 17:13:51
496c88,FM074,Portugal,37.0187,-7.9719,,2.83,227.81,True,2026-03-11 17:13:51
484c9b,TRA37G,Kingdom of the Netherlands,48.6548,2.4978,10668.0,214.97,199.87,False,2026-03-11 17:13:51
89661f,UAE72N,United Arab Emirates,36.5682,11.6237,6873.24,233.72,113.07,False,2026-03-11 17:13:51
a16632,N19DW,United States,39.9871,-3.7331,3261.36,94.71,255.21,False,2026-03-11 17:13:51
780aad,CPA239,China,51.6742,1.0976,5562.6,176.09,267.66,False,2026-03-11 17:13:51
40653d,EZY94UJ,United Kingdom,52.2985,-1.5799,1188.72,85.5,338.84,False,2026-03-11 17:13:51
3952e7,FGUXH,France,48.1581,-1.8282,609.6,69.37,144.66,False,2026-03-11 17:13:51
484c97,HNL03B,Kingdom of the Netherlands,53.3786,4.4137,381.0,56.1,281.1,False,2026-03-11 17:13:51
3e0f78,STLON47,Germany,52.3208,10.5858,381.0,49.6,84.64,False,2026-03-11 17:13:51
4ca836,EIN756,Ireland,40.3226,-8.1832,11277.6,257.07,168.69,False,2026-03-11 17:13:51
3c10aa,VJH643,Germany,51.7963,-0.5376,1531.62,118.43,267.51,False,2026-03-11 17:13:51
4b1e46,HBLMC,Switzerland,47.2285,7.5729,998.22,43.6,250.71,False,2026-03-11 17:13:51
345042,VLG51LL,Spain,39.4621,-0.4897,7757.16,214.96,202.51,False,2026-03-11 17:13:51
485344,KLM617,Kingdom of the Netherlands,52.311,4.7749,,4.37,180.0,True,2026-03-11 17:13:51
484c5a,TRA5N,Kingdom of the Netherlands,43.9029,-0.9992,11879.58,243.88,204.02,False,2026-03-11 17:13:51
4ca816,RYR28FF,Ireland,42.2211,-0.9608,10972.8,239.74,44.39,False,2026-03-11 17:13:51
34768b,AEP2FT,Spain,40.3702,-3.7758,594.36,40.25,274.4,False,2026-03-11 17:13:51
4ca810,RYR51DF,Ireland,43.4725,1.3626,10972.8,226.72,352.57,False,2026-03-11 17:13:51
4ca811,RYR4381,Ireland,42.9776,12.1393,6377.94,196.69,144.69,False,2026-03-11 17:13:51
40658a,CFE692,United Kingdom,52.0783,4.5859,617.22,101.19,66.95,False,2026-03-11 17:13:51
484c51,KLM1821,Kingdom of the Netherlands,50.0377,8.5769,91.44,59.91,249.39,False,2026-03-11 17:13:51
347691,AEA089,Spain,40.5484,-7.3668,10668.0,234.91,266.99,False,2026-03-11 17:13:51
347693,ANGEL06,Spain,40.424,-3.7276,807.72,46.81,180.0,False,2026-03-11 17:13:51
347690,VLG6UT,Spain,42.5075,-1.8538,11285.22,220.41,206.33,False,2026-03-11 17:13:51
406590,BAW60,United Kingdom,46.8356,14.8144,10972.8,236.42,319.41,False,2026-03-11 17:13:51
44c063,PGC69Y,Belgium,50.4715,4.4932,297.18,38.91,245.81,False,2026-03-11 17:13:51
44c069,PGC43P,Belgium,48.5461,8.2474,9144.0,131.87,325.01,False,2026-03-11 17:13:51
484c54,KLM1791,Kingdom of the Netherlands,52.482,7.5105,7010.4,206.77,81.99,False,2026-03-11 17:13:51
4b1e69,HBLNL,Switzerland,47.2195,7.6499,1447.8,74.5,256.83,False,2026-03-11 17:13:51
486660,PHZVE,Kingdom of the Netherlands,52.0711,5.0895,480.06,48.94,219.88,False,2026-03-11 17:13:51
400ea0,UAT903,United Kingdom,52.8149,-0.2838,434.34,61.41,164.45,False,2026-03-11 17:13:51
486649,CND4YL,Kingdom of the Netherlands,51.4184,9.7997,11582.4,220.67,295.55,False,2026-03-11 17:13:51
40780e,BAW42DB,United Kingdom,53.2791,-3.2459,6408.42,249.8,113.29,False,2026-03-11 17:13:51
4ca75f,RYR46CJ,Ireland,50.5298,5.2758,11582.4,222.61,304.64,False,2026-03-11 17:13:51
34644e,IBS15UK,Spain,39.1264,-4.8047,9418.32,212.1,44.12,False,2026-03-11 17:13:51
461f9c,FIN1676,Finland,36.596,-4.3736,1394.46,116.53,101.46,False,2026-03-11 17:13:51
34644d,IBS1610,Spain,36.5345,-7.9325,10972.8,213.28,41.19,False,2026-03-11 17:13:51
34644c,IBS1621,Spain,36.3615,-9.7212,10660.38,237.1,211.97,False,2026-03-11 17:13:51
394c14,AFR13UH,France,43.4298,5.225,-30.48,57.84,314.64,False,2026-03-11 17:13:51
48663e,TRA70Y,Kingdom of the Netherlands,47.4372,-0.4835,11285.22,228.49,223.91,False,2026-03-11 17:13:51
4ca762,RYR4UD,Ireland,37.556,12.9351,11414.76,221.1,340.85,False,2026-03-11 17:13:51
461f6c,FIN4AZ,Finland,54.0452,8.4878,10972.8,200.99,227.49,False,2026-03-11 17:13:51
461f6e,FIN7RA,Finland,53.6907,14.5712,11582.4,225.91,225.65,False,2026-03-11 17:13:51
4ca738,RYR545W,Ireland,51.1652,7.8846,11887.2,240.65,109.48,False,2026-03-11 17:13:51
407803,GWILC,United Kingdom,51.6064,-0.5195,274.32,64.45,73.3,False,2026-03-11 17:13:51
48af0b,LOT437,Poland,41.7049,3.1715,5158.74,187.21,220.43,False,2026-03-11 17:13:51
740825,RJA112,Jordan,51.4013,-0.537,1562.1,145.91,113.04,False,2026-03-11 17:13:51
4ca73b,RYR850H,Ireland,52.0324,1.9444,8153.4,234.82,76.06,False,2026-03-11 17:13:51
4ca73e,RYR5361,Ireland,38.9887,1.7192,10972.8,217.66,69.38,False,2026-03-11 17:13:51
abaf6e,GTI5561,United States,47.4993,17.7399,11277.6,248.71,116.94,False,2026-03-11 17:13:51
3009b3,DLA2HT,Italy,51.2612,5.4776,10972.8,217.68,289.03,False,2026-03-11 17:13:51
48af11,LOT5KT,Poland,48.8979,17.9422,10972.8,221.8,220.67,False,2026-03-11 17:13:51
780092,CAO1047,China,52.1338,10.6274,11277.6,215.72,197.92,False,2026-03-11 17:13:51
406542,EZY248V,United Kingdom,54.3195,-4.8381,4922.52,158.42,310.26,False,2026-03-11 17:13:51
48af07,LOT5JL,Poland,46.0197,-0.0366,10972.8,231.02,25.59,False,2026-03-11 17:13:51
48af08,LOT4YJ,Poland,48.6419,2.4124,10972.8,242.85,41.05,False,2026-03-11 17:13:51
48af06,LOT164,Poland,41.5045,3.2479,10972.8,233.52,77.4,False,2026-03-11 17:13:51
48af01,LOT1MJ,Poland,50.1445,18.6676,6583.68,184.35,276.57,False,2026-03-11 17:13:51
461f69,FIN2PG,Finland,53.4814,10.8266,11574.78,211.27,227.96,False,2026-03-11 17:13:51
44cc43,BEL6HB,Belgium,37.9999,-9.4378,11582.4,215.0,38.3,False,2026-03-11 17:13:51
49c450,OKDUN77,Czech Republic,48.982,16.6945,510.54,40.46,138.61,False,2026-03-11 17:13:51
461f62,FIN6BC,Finland,49.7439,13.153,9387.84,232.81,204.13,False,2026-03-11 17:13:51
406531,BAW73V,United Kingdom,49.0439,2.9109,11597.64,218.45,329.27,False,2026-03-11 17:13:51
400ed8,UAH81,United Kingdom,53.0502,-0.6183,1333.5,41.56,291.8,False,2026-03-11 17:13:51
394c0a,AFR25YD,France,48.996,2.6244,167.64,67.59,265.63,False,2026-03-11 17:13:51
781eb7,CES787,China,48.4288,14.1077,11582.4,254.79,217.86,False,2026-03-11 17:13:51
400ec7,UAU954,United Kingdom,51.1663,-1.7263,175.26,36.38,226.15,False,2026-03-11 17:13:51
400ec6,NCKL23,United Kingdom,51.6555,-1.169,670.56,29.62,290.32,False,2026-03-11 17:13:51
896557,FDB3NC,United Arab Emirates,45.7662,15.2798,3756.66,175.21,310.24,False,2026-03-11 17:13:51
449683,JAF3WE,Belgium,47.6699,-0.3489,10972.8,225.93,38.44,False,2026-03-11 17:13:51
3b9b1d,FNY5337,France,48.2812,-4.4339,,0.0,272.81,True,2026-03-11 17:13:51
400eb6,CWL15,United Kingdom,52.8618,-0.3054,457.2,33.5,227.49,False,2026-03-11 17:13:51
461f56,FIN2WA,Finland,37.6859,-8.7088,13106.4,237.37,32.07,False,2026-03-11 17:13:51
400eb9,NCKL64,United Kingdom,51.647,-1.2724,1912.62,28.88,274.09,False,2026-03-11 17:13:51
4063de,BAW858V,United Kingdom,50.1261,14.3072,487.68,67.66,244.8,False,2026-03-11 17:13:51
4063d4,GWOWI,United Kingdom,51.8944,-2.1628,15.24,28.46,263.77,False,2026-03-11 17:13:51
461f39,FIN5DL,Finland,51.1837,12.2733,11590.02,226.97,209.76,False,2026-03-11 17:13:51
491d8c,NJE323L,Portugal,54.754,11.2617,12496.8,261.25,37.48,False,2026-03-11 17:13:51
383f9a,4Y13179,France,43.6528,1.3563,,0.0,264.38,True,2026-03-11 17:13:51
461f35,FIN3EF,Finland,50.3802,6.1617,11285.22,206.65,218.13,False,2026-03-11 17:13:51
461f36,FIN3AN,Finland,43.3864,12.6896,10233.66,229.96,212.02,False,2026-03-11 17:13:51
461f31,FIN4VP,Finland,50.0921,10.9738,11590.02,223.47,223.13,False,2026-03-11 17:13:51
4984fc,BTLE32,Czech Republic,50.1726,16.1086,2887.98,128.96,276.64,False,2026-03-11 17:13:51
4063c3,CFE7VR,United Kingdom,50.0421,8.5847,,13.38,70.31,True,2026-03-11 17:13:51
781f74,CSN345,China,53.9039,8.6172,11582.4,217.82,232.97,False,2026-03-11 17:13:51
4984ee,BTLE31,Czech Republic,50.1889,16.1044,2987.04,138.68,276.18,False,2026-03-11 17:13:51
48b4f3,SPSMO,Poland,53.1153,16.6837,457.2,43.77,156.45,False,2026-03-11 17:13:51
491d81,NJE101R,Portugal,42.6735,-4.7255,12931.14,227.87,273.75,False,2026-03-11 17:13:51
402988,GECRM,United Kingdom,51.6238,-0.9956,1082.04,64.36,50.84,False,2026-03-11 17:13:51
4ca6a9,RYR6852,Ireland,39.2243,1.837,11277.6,234.94,250.69,False,2026-03-11 17:13:51
4864ee,KLM1780,Kingdom of the Netherlands,52.4903,7.5994,9654.54,187.86,271.73,False,2026-03-11 17:13:51
a21246,TWY23,United States,48.8632,2.01,3101.34,136.99,248.64,False,2026-03-11 17:13:51
4ca6a4,RYR3877,Ireland,40.4484,-3.5388,617.22,76.66,322.36,False,2026-03-11 17:13:51
780019,CAO3155,China,54.9557,12.0615,11582.4,217.34,220.97,False,2026-03-11 17:13:51
3c1253,,Germany,53.544,9.8222,,0.0,14.06,True,2026-03-11 17:13:51
780c5d,CAO1041,China,50.7634,9.7986,4937.76,184.53,205.78,False,2026-03-11 17:13:51
4851ad,KLM896,Kingdom of the Netherlands,50.3825,13.2203,11582.4,237.66,296.62,False,2026-03-11 17:13:51
4984d3,BLADE73,Czech Republic,49.5446,17.5138,365.76,20.29,210.47,False,2026-03-11 17:13:51
3d5899,DFFUN,Germany,45.7308,4.939,,4.12,250.31,True,2026-03-11 17:13:51
4864eb,KLM77C,Kingdom of the Netherlands,51.7776,2.1005,7315.2,197.39,264.62,False,2026-03-11 17:13:51
491116,RVP298,Portugal,39.7656,-7.564,1036.32,44.99,51.03,False,2026-03-11 17:13:51
46aa42,RJB301,Greece,43.2482,15.6506,12496.8,225.71,117.27,False,2026-03-11 17:13:51
48adac,LOT5CN,Poland,51.8307,19.1614,7597.14,196.42,250.09,False,2026-03-11 17:13:51
4ca5c8,EIN5KM,Ireland,49.6176,2.2818,6187.44,196.36,347.75,False,2026-03-11 17:13:51
3c48f1,EWG65J,Germany,52.3168,9.8725,9044.94,230.99,179.62,False,2026-03-11 17:13:51
4b1be5,HBKOR,Switzerland,47.1302,8.08,1341.12,130.01,109.65,False,2026-03-11 17:13:51
4853d2,TRA2H,Kingdom of the Netherlands,41.3922,-6.6636,11887.2,247.59,192.97,False,2026-03-11 17:13:51
501c13,SDR38NM,Croatia,52.2905,6.1462,10797.54,253.22,49.45,False,2026-03-11 17:13:51
3c48ee,EWG2LV,Germany,52.5597,12.1852,5554.98,189.83,90.16,False,2026-03-11 17:13:51
4b1bcc,HBKNS,Switzerland,45.9256,9.3165,830.58,58.68,328.26,False,2026-03-11 17:13:51
49130f,NJE282N,Portugal,36.9855,-7.6929,1150.62,117.88,235.13,False,2026-03-11 17:13:51
4866de,TRA6887,Kingdom of the Netherlands,54.2197,3.2199,10363.2,240.53,349.03,False,2026-03-11 17:13:51
3d083f,DEBJJ,Germany,52.2065,13.1766,99.06,36.94,257.12,False,2026-03-11 17:13:51
496cb1,FM075,Portugal,37.0192,-7.9691,,5.14,8.44,True,2026-03-11 17:13:51
4078ae,EXS8GL,United Kingdom,48.4079,-1.0879,11582.4,217.46,349.78,False,2026-03-11 17:13:51
501c16,CFG8KW,Croatia,43.3383,0.5572,10370.82,254.6,55.12,False,2026-03-11 17:13:51
484cc3,KLM57Y,Kingdom of the Netherlands,53.005,2.1022,10363.2,208.62,283.69,False,2026-03-11 17:13:51
424509,PEX28F,United Kingdom,51.7698,1.97,3962.4,154.54,264.46,False,2026-03-11 17:13:51
484cb4,KLM14M,Kingdom of the Netherlands,40.937,19.9687,11582.4,226.85,330.82,False,2026-03-11 17:13:51
3d68dd,DFLYR,Germany,46.3283,8.8177,8534.4,139.64,309.32,False,2026-03-11 17:13:51
4078fe,EXS49A,United Kingdom,49.5674,2.6293,10972.8,214.7,334.6,False,2026-03-11 17:13:51
ab40f8,DAL85,United States,48.902,-8.5145,10972.8,206.74,263.14,False,2026-03-11 17:13:51
4d0262,SVW55ND,Luxembourg,41.3062,2.1052,-60.96,52.93,244.68,False,2026-03-11 17:13:51
ae03de,CNV6551,United States,41.2137,11.2899,7322.82,151.88,334.74,False,2026-03-11 17:13:51
4d0239,SVW26AM,Luxembourg,43.4608,7.9838,2415.54,137.96,288.71,False,2026-03-11 17:13:51
405ee0,BAW16MT,United Kingdom,43.8942,4.8498,5798.82,179.18,353.41,False,2026-03-11 17:13:51
4078f7,HKS40,United Kingdom,52.6771,1.903,807.72,58.65,270.5,False,2026-03-11 17:13:51
ae03cc,CNV3591,United States,39.9385,-2.0556,6995.16,151.25,118.66,False,2026-03-11 17:13:51
49d4ef,OKSTG,Czech Republic,49.6266,14.6203,2735.58,90.45,95.55,False,2026-03-11 17:13:51
48418a,KLM80Z,Kingdom of the Netherlands,41.0673,-6.6273,11582.4,221.93,36.9,False,2026-03-11 17:13:51
43bfe1,,United Kingdom,51.1499,-0.1984,,11.32,255.94,True,2026-03-11 17:13:51
3e288d,DIGOB,Germany,48.9985,3.8621,9113.52,221.58,64.27,False,2026-03-11 17:13:51
38e69c,FJDTO,France,50.7426,3.4752,373.38,51.65,275.14,False,2026-03-11 17:13:51
40667a,GCGZY,United Kingdom,52.1199,-1.3261,480.06,38.49,307.94,False,2026-03-11 17:13:51
4911f3,VVV341,Portugal,42.0888,-8.3758,13106.4,194.08,34.74,False,2026-03-11 17:13:51
461fa4,FIN7WG,Finland,52.9955,2.9975,10668.0,217.65,206.99,False,2026-03-11 17:13:51
461fa5,FIN45M,Finland,48.2843,12.4828,10972.8,243.0,207.76,False,2026-03-11 17:13:51
40799c,CFE11L,United Kingdom,51.5942,0.1413,914.4,145.15,74.58,False,2026-03-11 17:13:51
484186,TRA17H,Kingdom of the Netherlands,48.9937,2.6297,10668.0,218.19,199.42,False,2026-03-11 17:13:51
40799b,CFE80NJ,United Kingdom,46.3588,6.7659,10972.8,221.54,315.28,False,2026-03-11 17:13:51
40666a,EZY81BJ,United Kingdom,49.6111,7.4976,10972.8,221.35,304.87,False,2026-03-11 17:13:51
48548c,KLM89U,Kingdom of the Netherlands,53.9446,-3.6507,9319.26,190.99,278.68,False,2026-03-11 17:13:51
48548d,KLM1329,Kingdom of the Netherlands,52.1672,5.7504,6179.82,187.25,101.25,False,2026-03-11 17:13:51
43bff8,ROVER 1,United Kingdom,51.1559,-0.1852,,8.75,81.56,True,2026-03-11 17:13:51
43bff0,,United Kingdom,51.1526,-0.1823,,5.4,337.5,True,2026-03-11 17:13:51
4d0280,JFA17W,Luxembourg,47.0029,5.4185,6400.8,143.58,147.73,False,2026-03-11 17:13:51
48548e,KLC1059,Kingdom of the Netherlands,52.6748,1.2827,,11.83,216.56,True,2026-03-11 17:13:51
c2b553,CFC2912,Canada,44.7798,4.349,7924.8,177.39,60.46,False,2026-03-11 17:13:51
399042,FHECC,France,48.0678,-1.7285,,0.51,120.94,True,2026-03-11 17:13:51
4a0441,KRP402,Romania,44.665,12.2891,7741.92,194.52,219.2,False,2026-03-11 17:13:51
4ca718,ITY578,Ireland,43.849,9.5177,11582.4,210.53,322.35,False,2026-03-11 17:13:51
484160,KLM26Y,Kingdom of the Netherlands,48.2855,16.4514,4861.56,164.41,304.93,False,2026-03-11 17:13:51
484162,KLM67B,Kingdom of the Netherlands,52.5707,11.0458,7734.3,245.24,86.87,False,2026-03-11 17:13:51
484161,KLM31G,Kingdom of the Netherlands,51.6628,0.5666,9144.0,209.4,265.91,False,2026-03-11 17:13:51
48414d,TRA15T,Kingdom of the Netherlands,42.8845,0.6201,11887.2,236.22,193.22,False,2026-03-11 17:13:51
39908b,FHEEL,France,48.3427,2.0008,838.2,36.83,245.22,False,2026-03-11 17:13:51
a762cc,UPS213,United States,51.6285,-2.187,11277.6,272.32,98.15,False,2026-03-11 17:13:51
4bcdae,SXS6HR,Turkey,50.3487,5.5006,7711.44,192.91,133.05,False,2026-03-11 17:13:51
346499,IBE05GW,Spain,36.7421,-4.5932,487.68,65.2,132.12,False,2026-03-11 17:13:51
484132,KLM1035,Kingdom of the Netherlands,53.624,-1.6456,3017.52,123.39,281.54,False,2026-03-11 17:13:51
3cc243,AWH73C,Germany,50.5011,5.7618,6507.48,195.99,159.57,False,2026-03-11 17:13:51
49d600,OKDPH,Czech Republic,49.5517,13.0994,845.82,43.12,125.78,False,2026-03-11 17:13:51
399074,FHEDU,France,49.0968,-1.6976,2514.6,71.77,110.12,False,2026-03-11 17:13:51
896719,ABY243,United Arab Emirates,46.6262,13.7041,11887.2,245.07,139.09,False,2026-03-11 17:13:51
3cce71,FCK2FT,Germany,51.5007,7.0274,868.68,88.39,127.67,False,2026-03-11 17:13:51
346482,ECNJX,Spain,49.862,2.422,213.36,23.7,297.12,False,2026-03-11 17:13:51
405385,SFU55,United Kingdom,50.9707,-1.2035,342.9,21.69,292.31,False,2026-03-11 17:13:51
484127,P4BTR,Kingdom of the Netherlands,46.3703,10.1412,12496.8,253.08,147.96,False,2026-03-11 17:13:51
4ca700,RYR36KX,Ireland,39.1598,-1.3304,8610.6,228.32,322.69,False,2026-03-11 17:13:51
48676a,PHKFT,Kingdom of the Netherlands,53.3568,6.621,449.58,32.82,279.02,False,2026-03-11 17:13:51
48676b,PHKFS,Kingdom of the Netherlands,52.4454,5.3186,434.34,57.93,221.76,False,2026-03-11 17:13:51
48676e,PHKFP,Kingdom of the Netherlands,53.1176,6.575,76.2,34.39,231.07,False,2026-03-11 17:13:51
48676f,PHKFO,Kingdom of the Netherlands,53.4615,6.676,876.3,50.95,305.13,False,2026-03-11 17:13:51
486769,PHKFU,Kingdom of the Netherlands,52.8911,6.5402,1082.04,73.48,135.0,False,2026-03-11 17:13:51
4ca63a,EIN54M,Ireland,48.4011,1.8677,10668.0,236.09,157.18,False,2026-03-11 17:13:51
4ca63b,EIN636,Ireland,53.4048,-4.2194,8572.5,251.59,93.75,False,2026-03-11 17:13:51
4794f2,NSZ24J,Norway,37.1764,-3.9763,6278.88,212.98,15.98,False,2026-03-11 17:13:51
4ca646,RYR28QZ,Ireland,41.9833,4.1162,10972.8,231.09,66.52,False,2026-03-11 17:13:51
48a409,SPKAK,Poland,51.9793,15.574,609.6,37.42,288.43,False,2026-03-11 17:13:51
4ca643,RYR868E,Ireland,37.0159,-7.9752,-83.82,72.15,280.27,False,2026-03-11 17:13:51
49d62c,AAN171,Czech Republic,39.9738,-4.3196,12496.8,220.51,253.04,False,2026-03-11 17:13:51
0201c3,RAM970H,Morocco,36.7706,-5.9343,11582.4,204.3,15.33,False,2026-03-11 17:13:51
0201c1,RAM806,Morocco,48.0816,-2.1258,11277.6,224.46,9.76,False,2026-03-11 17:13:51
0201c0,RAM796L,Morocco,40.2198,-2.8919,10972.8,230.15,33.51,False,2026-03-11 17:13:51
405f12,EZY18MB,United Kingdom,41.9378,12.1751,685.8,88.51,162.41,False,2026-03-11 17:13:51
4ca61f,RYR4EK,Ireland,41.3313,3.0686,7673.34,224.67,71.03,False,2026-03-11 17:13:51
486741,KLM43Y,Kingdom of the Netherlands,52.7487,3.375,8145.78,224.18,304.53,False,2026-03-11 17:13:51
4ca61d,RYR61KP,Ireland,39.5572,9.5745,6545.58,229.2,60.56,False,2026-03-11 17:13:51
4ca622,RYR78FP,Ireland,45.84,11.1899,11277.6,235.14,238.33,False,2026-03-11 17:13:51
406666,EZY57YV,United Kingdom,51.4733,-1.0117,7627.62,165.2,299.68,False,2026-03-11 17:13:51
407997,LDG26,United Kingdom,51.838,-1.3728,822.96,57.66,344.48,False,2026-03-11 17:13:51
486730,PHKFW,Kingdom of the Netherlands,53.033,6.5749,350.52,60.05,223.26,False,2026-03-11 17:13:51
49d64c,PRG039,Czech Republic,51.4637,16.5381,7528.56,142.56,237.23,False,2026-03-11 17:13:51
34520b,IBE0337,Spain,40.5772,-6.3063,9349.74,231.15,267.83,False,2026-03-11 17:13:51
45da05,BIO05,Denmark,51.2265,-1.4791,594.36,56.55,121.23,False,2026-03-11 17:13:51
44cd64,OOSKD1,Belgium,41.2791,1.0775,1219.2,59.47,232.73,False,2026-03-11 17:13:51
44cd63,OOSKC,Belgium,51.1882,4.4546,,4.12,151.88,True,2026-03-11 17:13:51
44cd62,OOSKB4,Belgium,40.2178,0.1392,579.12,60.15,282.85,False,2026-03-11 17:13:51
345212,VLG33XN,Spain,43.4798,1.8076,10668.0,219.07,172.31,False,2026-03-11 17:13:51
49d65f,OKELX,Czech Republic,49.8333,18.0776,601.98,89.53,196.35,False,2026-03-11 17:13:51
40796b,TOM8039,United Kingdom,50.7259,0.6956,3909.06,166.47,308.85,False,2026-03-11 17:13:51
40796a,TOM891P,United Kingdom,52.8498,-1.1919,5943.6,161.59,305.41,False,2026-03-11 17:13:51
345206,VLG18WV,Spain,39.4903,-0.4785,,7.72,75.94,True,2026-03-11 17:13:51
345207,VLG30AH,Spain,37.2668,-3.0508,9113.52,215.21,42.38,False,2026-03-11 17:13:51
400fda,EZY35XV,United Kingdom,54.2103,-2.3326,11582.4,214.77,325.24,False,2026-03-11 17:13:51
4bcced,THY6431,Turkey,49.3697,3.4066,3451.86,140.46,208.91,False,2026-03-11 17:13:51
400fe0,EZY954C,United Kingdom,51.1571,-0.1787,,0.0,78.75,True,2026-03-11 17:13:51
407959,EZY68FL,United Kingdom,47.1543,2.8198,11879.58,228.99,159.9,False,2026-03-11 17:13:51
4c3c84,FUU121E,Serbia,41.6632,11.6097,12199.62,228.86,69.61,False,2026-03-11 17:13:51
3b77f2,CTM1305,France,45.3187,-0.1161,4518.66,128.13,200.69,False,2026-03-11 17:13:51
35360b,TUCAN65,Spain,39.6255,-4.5198,4884.42,125.05,22.24,False,2026-03-11 17:13:51
a99d89,AAL107,United States,50.2918,-5.5065,9144.0,224.3,253.48,False,2026-03-11 17:13:51
4d00d6,LGL8854,Luxembourg,48.2874,15.2617,7315.2,155.72,283.76,False,2026-03-11 17:13:51
4d00d5,LGL38K,Luxembourg,51.2771,7.0858,7155.18,142.13,193.18,False,2026-03-11 17:13:51
4077fb,UKP153,United Kingdom,52.8296,-1.3373,,0.06,357.19,True,2026-03-11 17:13:51
4d00f1,LGL1E,Luxembourg,46.6264,1.3769,11887.2,224.56,215.58,False,2026-03-11 17:13:51
4852ed,PHCCL,Kingdom of the Netherlands,51.656,4.6114,426.72,67.12,94.84,False,2026-03-11 17:13:51
4d00da,LGL4596,Luxembourg,49.8592,6.2451,1996.44,137.89,127.72,False,2026-03-11 17:13:51
4852f6,KLM85F,Kingdom of the Netherlands,51.9104,-5.0368,10363.2,196.42,273.75,False,2026-03-11 17:13:51
780d8f,CAO8439,China,43.3962,-1.2292,10058.4,247.15,207.79,False,2026-03-11 17:13:51
3450d8,AEA1684,Spain,44.4039,13.6439,12192.0,245.04,275.66,False,2026-03-11 17:13:51
4b8533,PGT41HD,Turkey,47.4108,18.1117,11582.4,223.3,307.79,False,2026-03-11 17:13:51
3473c4,QFY81D,Spain,40.3461,-3.9456,822.96,41.06,254.74,False,2026-03-11 17:13:51
a7f445,UPS223,United States,50.8681,7.1393,,1.03,227.81,True,2026-03-11 17:13:51
3b775d,CTM0367,France,38.3947,16.9431,8831.58,217.84,130.5,False,2026-03-11 17:13:51
3b776c,CVEX27,France,45.6055,4.7937,8382.0,210.58,138.17,False,2026-03-11 17:13:51
3b776e,CTM0369,France,42.3349,11.6226,9144.0,190.09,290.1,False,2026-03-11 17:13:51
4bcd83,SXS5VL,Turkey,48.6945,4.4216,9418.32,242.17,113.41,False,2026-03-11 17:13:51
4bcd81,SXS7HQ,Turkey,46.1774,15.6171,11582.4,222.37,313.22,False,2026-03-11 17:13:51
4d0131,CLX2,Luxembourg,51.1632,4.6436,10370.82,253.49,340.68,False,2026-03-11 17:13:51
4d012d,CLX6,Luxembourg,48.7253,-8.3735,9753.6,221.34,253.25,False,2026-03-11 17:13:51
a00048,MVJ1,United States,42.7024,11.8752,8366.76,234.1,339.41,False,2026-03-11 17:13:51
4ca4f0,RYR64RN,Ireland,37.1172,-0.0517,11277.6,246.38,174.85,False,2026-03-11 17:13:51
49d3ac,BOH712,Czech Republic,42.5757,-2.526,13106.4,199.77,245.02,False,2026-03-11 17:13:51
040156,ETH3500,Ethiopia,40.9943,5.8171,9448.8,251.11,273.88,False,2026-03-11 17:13:51
4d0118,CLX1G,Luxembourg,48.4867,14.5991,10363.2,244.77,290.03,False,2026-03-11 17:13:51
484a93,ZXP03,Kingdom of the Netherlands,52.1214,4.9106,388.62,59.59,26.12,False,2026-03-11 17:13:51
48649f,PHYLW,Kingdom of the Netherlands,51.9511,5.1349,411.48,57.56,172.81,False,2026-03-11 17:13:51
4d010b,ICV4093,Luxembourg,45.7251,9.195,2750.82,168.24,94.56,False,2026-03-11 17:13:51
346191,IPL63EG,Spain,39.6937,-0.9462,1295.4,49.84,277.71,False,2026-03-11 17:13:51
48ad85,LOT8NE,Poland,51.1513,17.5611,2720.34,157.76,238.33,False,2026-03-11 17:13:51
48ad81,LOT6AL,Poland,47.6002,18.9829,1371.6,92.85,167.2,False,2026-03-11 17:13:51
407666,EZY63WU,United Kingdom,44.2152,-7.3578,10370.82,219.94,26.68,False,2026-03-11 17:13:51
346188,VLG65PB,Spain,40.03,2.9863,2941.32,152.68,140.19,False,2026-03-11 17:13:51
407667,EZY91NF,United Kingdom,50.504,-1.2522,5394.96,170.31,28.11,False,2026-03-11 17:13:51
346186,IBE07RR,Spain,49.1675,2.8403,11277.6,221.58,200.67,False,2026-03-11 17:13:51
3e010c,SRP3,Germany,50.1233,7.6787,579.12,58.44,153.89,False,2026-03-11 17:13:51
400cd8,EZY93FE,United Kingdom,45.8621,-3.5907,11590.02,225.09,16.74,False,2026-03-11 17:13:51
486494,KLM1010,Kingdom of the Netherlands,51.7545,-0.0455,3238.5,155.76,73.3,False,2026-03-11 17:13:51
486483,KLM1307,Kingdom of the Netherlands,54.1732,18.1518,3596.64,156.54,84.72,False,2026-03-11 17:13:51
4ca4ec,RYR84ZH,Ireland,49.6212,-1.2469,11582.4,227.25,9.25,False,2026-03-11 17:13:51
498449,CABBY21,Czech Republic,50.0835,14.5311,739.14,55.34,264.13,False,2026-03-11 17:13:51
485122,TRA52A,Kingdom of the Netherlands,51.365,9.8935,12192.0,222.48,296.21,False,2026-03-11 17:13:51
347481,AEA7317,Spain,42.044,-7.5215,8343.9,211.68,109.45,False,2026-03-11 17:13:51
5140df,GEL1602,Georgia,45.3694,8.9446,1943.1,124.3,168.78,False,2026-03-11 17:13:51
45a1e6,UFX63,Denmark,53.7766,-3.0414,,4.37,30.94,True,2026-03-11 17:13:51
5140e4,GEL1713,Georgia,40.7174,15.2997,11887.2,240.81,91.22,False,2026-03-11 17:13:51
40768d,EZY32EK,United Kingdom,41.6846,-6.6273,10652.76,252.81,194.86,False,2026-03-11 17:13:51
40768a,EZY9108,United Kingdom,48.123,-0.9948,11582.4,220.36,349.37,False,2026-03-11 17:13:51
34744c,VLG3YG,Spain,50.9014,4.4841,,0.0,64.69,True,2026-03-11 17:13:51
3cd43c,HHN909,Germany,40.5612,-6.3316,12192.0,203.22,25.01,False,2026-03-11 17:13:51
407687,EZY37MT,United Kingdom,39.3574,-7.2753,11887.2,244.47,191.9,False,2026-03-11 17:13:51
347454,IBE07WW,Spain,41.9223,-3.4879,10363.2,213.9,6.63,False,2026-03-11 17:13:51
3950ce,AFR89SX,France,41.0243,13.9881,3550.92,163.02,308.21,False,2026-03-11 17:13:51
347453,IBE08FR,Spain,40.9267,6.8819,10660.38,222.63,275.17,False,2026-03-11 17:13:51
3950cd,AFR89MM,France,48.556,2.0786,2667.0,141.16,210.68,False,2026-03-11 17:13:51
3c1aeb,KLM1713,Germany,51.5644,5.2547,7010.4,184.32,161.62,False,2026-03-11 17:13:51
48ad10,LOT2WP,Poland,51.2124,16.4266,10972.8,215.24,247.66,False,2026-03-11 17:13:51
400ceb,EFW7YT,United Kingdom,44.7173,-3.6166,10043.16,249.88,187.1,False,2026-03-11 17:13:51
3ccd59,PTN34G,Germany,52.9227,10.4636,9258.3,213.12,342.0,False,2026-03-11 17:13:51
48ad09,LOT4MB,Poland,49.7193,11.5294,10972.8,219.45,236.09,False,2026-03-11 17:13:51
48ad03,LOT389,Poland,52.1512,17.4322,10363.2,219.33,267.71,False,2026-03-11 17:13:51
502dae,BTI9CF,Latvia,54.7647,11.8907,11277.6,234.81,65.4,False,2026-03-11 17:13:51
3c496d,TUI5TA,Germany,38.3632,-8.1495,11582.4,209.24,32.24,False,2026-03-11 17:13:51
3c496e,TUI30A,Germany,52.4611,9.9002,815.34,84.45,272.44,False,2026-03-11 17:13:51
346204,IBE09AG,Spain,48.8389,2.5877,11269.98,226.53,199.92,False,2026-03-11 17:13:51
3d06d9,IFJ11Z,Germany,39.7102,-8.2142,1295.4,54.06,16.02,False,2026-03-11 17:13:51
3d06d3,IFJ36S,Germany,38.7675,-9.4993,182.88,41.43,331.84,False,2026-03-11 17:13:51
407630,EXS82EN,United Kingdom,38.5345,-9.0433,10972.8,198.51,5.65,False,2026-03-11 17:13:51
34750f,AEA42QK,Spain,44.5499,10.7822,7856.22,204.82,71.25,False,2026-03-11 17:13:51
49d52c,OKFIN,Czech Republic,49.8797,15.9178,708.66,54.94,96.99,False,2026-03-11 17:13:51
3cc187,AWH71W,Germany,52.2181,10.9235,4770.12,124.58,292.33,False,2026-03-11 17:13:51
3e0175,CHX31,Germany,52.4611,13.4093,251.46,70.46,65.87,False,2026-03-11 17:13:51
3e0176,CHX49,Germany,52.3011,14.0569,228.6,48.39,136.29,False,2026-03-11 17:13:51
4b1b74,HBKKI,Switzerland,46.9739,8.4068,,2.57,227.81,True,2026-03-11 17:13:51
406f33,GGCVV,United Kingdom,53.865,-1.6644,,0.0,208.12,True,2026-03-11 17:13:51
4ca566,RYR13GG,Ireland,41.4638,3.4042,8869.68,232.98,73.85,False,2026-03-11 17:13:51
4ca565,RYR74QD,Ireland,50.0459,-5.319,11277.6,244.11,163.09,False,2026-03-11 17:13:51
4ca564,RYR39VF,Ireland,45.1597,9.6228,3352.8,185.69,35.19,False,2026-03-11 17:13:51
347507,RTV4X,Spain,41.6509,-8.3657,1463.04,58.66,311.8,False,2026-03-11 17:13:51
4ca569,RYR12UP,Ireland,47.3257,18.5722,3032.76,155.7,44.46,False,2026-03-11 17:13:51
4ca568,RYR37UR,Ireland,43.9555,8.3462,10363.2,225.09,67.42,False,2026-03-11 17:13:51
4bd2c8,TCTVH,Turkey,45.4823,18.028,12496.8,227.17,118.25,False,2026-03-11 17:13:51
49c23d,OKSUA53,Czech Republic,49.8853,14.246,861.06,51.95,262.03,False,2026-03-11 17:13:51
400d5a,SHT19A,United Kingdom,51.5221,0.0087,1592.58,102.16,172.77,False,2026-03-11 17:13:51
395d6d,BGA331N,France,52.2736,8.3729,9387.84,177.35,227.7,False,2026-03-11 17:13:51
395d6e,BGA231R,France,53.5363,9.8293,,0.0,50.62,True,2026-03-11 17:13:51
4074c9,ETP21,United Kingdom,51.1768,-2.403,4457.7,101.5,266.8,False,2026-03-11 17:13:51
394a0c,AFR008,France,49.2702,-1.2158,9144.0,212.72,280.17,False,2026-03-11 17:13:51
4074b8,EZY78NA,United Kingdom,44.2312,-7.4502,11582.4,222.1,32.03,False,2026-03-11 17:13:51
4074b5,EZY12PE,United Kingdom,53.4323,-3.7003,3528.06,174.08,108.97,False,2026-03-11 17:13:51
402752,GBMUZ,United Kingdom,50.5555,-0.9168,1615.44,56.25,39.81,False,2026-03-11 17:13:51
395d69,BGA141J,France,53.1771,-2.9725,,0.06,132.19,True,2026-03-11 17:13:51
3c70b8,KAY53,Germany,48.098,16.6296,1219.2,94.0,82.14,False,2026-03-11 17:13:51
3d3c2b,DEVAP,Germany,52.4615,7.1919,76.2,28.71,233.75,False,2026-03-11 17:13:51
3cd3a9,UNI134,Germany,46.064,-2.593,13106.4,224.74,8.56,False,2026-03-11 17:13:51
34134d,IBE04BR,Spain,41.2901,2.0697,,2.06,154.69,True,2026-03-11 17:13:51
400143,VPBWR,United Kingdom,47.2734,1.6279,12275.82,231.03,202.8,False,2026-03-11 17:13:51
3473cd,AYR4BS,Spain,36.7809,-6.0346,266.7,45.31,102.46,False,2026-03-11 17:13:51
4074e4,BAW22B,United Kingdom,52.6442,-1.0923,8122.92,188.43,330.57,False,2026-03-11 17:13:51
502d10,BTI84D,Latvia,53.2874,6.5005,9525.0,257.46,54.02,False,2026-03-11 17:13:51
3474da,IBS16RM,Spain,39.71,-0.9925,8839.2,228.06,299.46,False,2026-03-11 17:13:51
4ba9ef,THY6415,Turkey,40.6461,13.973,11803.38,234.1,269.12,False,2026-03-11 17:13:51
4cafc4,RYR80QN,Ireland,39.3868,2.5649,11544.3,217.78,66.77,False,2026-03-11 17:13:51
48ada6,LOT440,Poland,41.691,7.2268,11582.4,212.48,52.58,False,2026-03-11 17:13:51
48ada1,LOT2301,Poland,52.1023,19.7618,11155.68,213.04,158.76,False,2026-03-11 17:13:51
4cafce,SAS2838,Ireland,40.4978,-6.3816,11574.78,217.25,27.96,False,2026-03-11 17:13:51
4cafcf,RYR98EG,Ireland,47.3361,-0.7424,8808.72,217.31,245.38,False,2026-03-11 17:13:51
3474d3,GALG006,Spain,37.3661,-5.5214,830.58,55.73,156.04,False,2026-03-11 17:13:51
4cafd1,RYR93GT,Ireland,51.543,-0.0774,4747.26,171.49,354.84,False,2026-03-11 17:13:51
400f02,EZY13BC,United Kingdom,51.1548,-0.1818,,8.23,340.31,True,2026-03-11 17:13:51
4ba9cb,THY55C,Turkey,48.1181,16.56,,0.51,78.75,True,2026-03-11 17:13:51
44d1b3,JAF7LE,Belgium,42.8654,-2.3817,11582.4,230.96,41.93,False,2026-03-11 17:13:51
44d1b4,JAF3VB,Belgium,44.5456,-2.5346,11582.4,224.71,17.31,False,2026-03-11 17:13:51
502d0c,BTI78F,Latvia,54.7178,16.4153,11574.78,218.55,204.03,False,2026-03-11 17:13:51
502d0e,BTI6D9,Latvia,54.5852,11.5871,10363.2,194.44,242.42,False,2026-03-11 17:13:51
71c006,KAL901,Republic of Korea,49.7197,7.004,10972.8,229.59,272.05,False,2026-03-11 17:13:51
4ba9f5,THY6672,Turkey,50.5254,10.2716,12192.0,230.23,310.56,False,2026-03-11 17:13:51
4cafb4,RYR63VM,Ireland,38.3989,-9.4964,6499.86,221.22,228.49,False,2026-03-11 17:13:51
4cafb5,RYR85GU,Ireland,53.4017,-0.758,11582.4,220.41,279.95,False,2026-03-11 17:13:51
4076cc,BAW6JP,United Kingdom,43.9546,16.9334,11277.6,240.75,137.86,False,2026-03-11 17:13:51
06a390,QTR8315,Qatar,52.3312,4.7145,,6.17,132.19,True,2026-03-11 17:13:51
4076cd,BAW314S,United Kingdom,49.0058,2.8103,914.4,75.36,265.3,False,2026-03-11 17:13:51
a2a41e,UAL935,United States,54.4751,-2.6523,10965.18,240.01,332.28,False,2026-03-11 17:13:51
406ff0,PIPE68,United Kingdom,53.3745,-2.5378,350.52,51.26,231.52,False,2026-03-11 17:13:51
406fda,EZY42TL,United Kingdom,45.3112,11.7475,2994.66,148.06,134.58,False,2026-03-11 17:13:51
402975,GGFRA,United Kingdom,52.7828,-2.2311,1196.34,55.03,228.41,False,2026-03-11 17:13:51
4481a0,INSP509,Belgium,50.9054,4.4818,,2.57,309.38,True,2026-03-11 17:13:51
502d3e,BTI860,Latvia,53.9793,7.786,10668.0,239.47,55.15,False,2026-03-11 17:13:51
4076b1,TOM70B,United Kingdom,41.3978,-9.5162,11582.4,206.85,12.2,False,2026-03-11 17:13:51
502d5e,BTI8BX,Latvia,52.4207,18.8565,10363.2,206.3,232.7,False,2026-03-11 17:13:51
502d5d,BTI9AG,Latvia,53.5634,14.7221,10972.8,220.45,213.1,False,2026-03-11 17:13:51
502d5f,BTI6C3,Latvia,54.2828,13.1842,10363.2,204.96,233.68,False,2026-03-11 17:13:51
4caff7,RYR54YC,Ireland,50.7493,3.4526,10972.8,243.87,26.84,False,2026-03-11 17:13:51
4caff8,RYR25VH,Ireland,49.5242,4.95,10972.8,257.35,49.78,False,2026-03-11 17:13:51
407797,EZY43EH,United Kingdom,50.7441,-3.5869,6667.5,167.73,18.05,False,2026-03-11 17:13:51
8990a6,CAL5686,Taiwan,50.5213,9.0933,10058.4,255.98,106.94,False,2026-03-11 17:13:51
3007ef,DLA5YW,Italy,47.4337,8.885,1615.44,91.12,276.48,False,2026-03-11 17:13:51
484b8f,KLM69C,Kingdom of the Netherlands,51.8486,4.6388,5844.54,166.7,201.74,False,2026-03-11 17:13:51
407793,EZY51CT,United Kingdom,51.8002,-0.8104,3528.06,159.64,218.46,False,2026-03-11 17:13:51
010262,MSR758,Egypt,42.1816,19.0315,10058.4,238.1,138.94,False,2026-03-11 17:13:51
34629a,IBB82TT,Spain,36.4523,-9.65,11582.4,219.6,31.49,False,2026-03-11 17:13:51
01023c,MSC553,Egypt,50.1834,14.4994,1196.34,88.17,245.53,False,2026-03-11 17:13:51
399a67,FHGTH,France,43.4924,5.3656,182.88,37.36,141.71,False,2026-03-11 17:13:51
3951e4,TJT1517,France,43.442,5.2134,,0.0,132.19,True,2026-03-11 17:13:51
010246,MSR782,Egypt,43.3797,18.5509,10668.0,234.76,138.73,False,2026-03-11 17:13:51
010247,MSR786,Egypt,41.4951,19.8603,10660.38,234.56,140.34,False,2026-03-11 17:13:51
406445,EZY9,United Kingdom,54.5051,-1.4413,,0.0,47.81,True,2026-03-11 17:13:51
406446,EZY2450,United Kingdom,47.8391,3.8041,11582.4,218.59,332.53,False,2026-03-11 17:13:51
40775c,RUK5LY,United Kingdom,50.6675,4.5258,11887.2,243.8,110.12,False,2026-03-11 17:13:51
010264,MSC2993,Egypt,44.013,19.6617,10668.0,231.01,145.71,False,2026-03-11 17:13:51
010263,MSC2974,Egypt,49.2062,15.7145,10363.2,215.24,317.81,False,2026-03-11 17:13:51
3951c2,AFR6727,France,48.2298,15.5424,10363.2,239.14,292.65,False,2026-03-11 17:13:51
010265,MSC3556,Egypt,47.4719,16.3644,10668.0,238.54,158.36,False,2026-03-11 17:13:51
3964f9,TVF23FB,France,48.2557,0.2252,9448.8,237.58,221.66,False,2026-03-11 17:13:51
3ce629,DCOLT,Germany,50.5296,10.5144,7315.2,203.18,303.85,False,2026-03-11 17:13:51
39a1ef,FHIPP,France,46.4863,5.7061,4267.2,138.3,332.29,False,2026-03-11 17:13:51
3007a9,TJD650,Italy,46.5445,11.0636,10668.0,238.4,233.6,False,2026-03-11 17:13:51
48520b,TRA71J,Kingdom of the Netherlands,39.2637,-4.4136,11277.6,243.71,198.97,False,2026-03-11 17:13:51
484b31,KLM87E,Kingdom of the Netherlands,50.51,7.7326,10668.0,219.33,145.42,False,2026-03-11 17:13:51
484b32,KLM32E,Kingdom of the Netherlands,52.3125,4.7427,,14.4,182.81,True,2026-03-11 17:13:51
48520a,TRA80L,Kingdom of the Netherlands,45.7217,1.5192,11887.2,235.71,193.25,False,2026-03-11 17:13:51
48520d,TRA83R,Kingdom of the Netherlands,48.255,2.3826,11277.6,231.08,193.91,False,2026-03-11 17:13:51
48520c,TRA49T,Kingdom of the Netherlands,49.2559,2.8324,10668.0,221.23,194.68,False,2026-03-11 17:13:51
347685,GES301E,Spain,40.353,-3.9035,3573.78,175.85,118.29,False,2026-03-11 17:13:51
485207,KLM34B,Kingdom of the Netherlands,39.6547,0.0042,5951.22,168.63,12.51,False,2026-03-11 17:13:51
485209,TRA5085,Kingdom of the Netherlands,45.5771,0.1691,11277.6,225.01,206.04,False,2026-03-11 17:13:51
485206,KLM35U,Kingdom of the Netherlands,51.2659,7.084,10668.0,224.35,129.6,False,2026-03-11 17:13:51
48ae20,LOT2E,Poland,52.1672,19.7525,5143.5,202.33,261.52,False,2026-03-11 17:13:51
479ee7,NOZ1308,Norway,54.7179,4.5222,11582.4,220.3,210.76,False,2026-03-11 17:13:51
485e2f,KLM643,Kingdom of the Netherlands,52.309,4.7747,,6.43,180.0,True,2026-03-11 17:13:51
06a2e6,QTR25U,Qatar,36.6114,10.878,11582.4,235.22,277.79,False,2026-03-11 17:13:51
485e2d,KLM897,Kingdom of the Netherlands,49.177,15.423,10660.38,253.8,109.17,False,2026-03-11 17:13:51
485e49,LIFELN3,Kingdom of the Netherlands,51.4281,5.2782,99.06,22.13,324.46,False,2026-03-11 17:13:51
4b1a02,SAZ73,Switzerland,47.4515,8.6416,739.14,62.09,276.18,False,2026-03-11 17:13:51
3cf8be,PTN89Y,Germany,51.6496,-0.2159,914.4,116.28,91.01,False,2026-03-11 17:13:51
4b1a2c,EJU97DM,Switzerland,46.3668,6.2985,1386.84,70.94,225.29,False,2026-03-11 17:13:51
347659,IBE0311,Spain,40.5751,-3.6017,1356.36,98.29,298.44,False,2026-03-11 17:13:51
4b1a37,EZS35MD,Switzerland,44.3895,11.2355,11269.98,225.97,108.31,False,2026-03-11 17:13:51
4b1a1f,EZS25ZE,Switzerland,46.2942,6.1913,754.38,65.48,225.64,False,2026-03-11 17:13:51
34630d,ECNEQ,Spain,39.968,-3.8013,830.58,59.22,34.38,False,2026-03-11 17:13:51
4b1a1b,EZS13TK,Switzerland,43.8813,16.4675,11277.6,238.8,125.27,False,2026-03-11 17:13:51
4b1a26,EZS9070,Switzerland,50.7954,11.2086,2369.82,159.96,32.92,False,2026-03-11 17:13:51
4b1a27,EJU1046,Switzerland,40.7458,-3.3831,3322.32,159.6,13.23,False,2026-03-11 17:13:51
347645,IBB6075,Spain,40.5732,-4.3893,6096.0,210.4,250.28,False,2026-03-11 17:13:51
4b1a28,EZS14CU,Switzerland,52.3196,4.7771,,6.94,2.81,True,2026-03-11 17:13:51
4b1a29,EJU84BQ,Switzerland,45.8718,4.8212,11254.74,206.08,231.38,False,2026-03-11 17:13:51
346316,IBE04GT,Spain,41.2924,2.0981,,13.89,64.69,True,2026-03-11 17:13:51
4b1a65,EJU78NZ,Switzerland,39.6817,2.4923,11582.4,214.04,47.14,False,2026-03-11 17:13:51
4b1a66,EZS68AR,Switzerland,47.4553,6.9451,4884.42,173.39,248.23,False,2026-03-11 17:13:51
502ce5,BTI6BL,Latvia,52.6647,2.776,8846.82,209.36,206.25,False,2026-03-11 17:13:51
502ce8,SWR32W,Latvia,47.382,13.5207,10363.2,206.84,280.75,False,2026-03-11 17:13:51
49d423,TVS52A,Czech Republic,47.3477,11.4494,11277.6,245.96,178.8,False,2026-03-11 17:13:51
346303,IBE06SC,Spain,40.8942,5.0802,11574.78,227.7,96.23,False,2026-03-11 17:13:51
502cc7,BTI762,Latvia,40.1398,-6.6068,10972.8,207.78,27.58,False,2026-03-11 17:13:51
400db9,GBFBR,United Kingdom,50.8966,-1.824,1005.84,57.93,80.29,False,2026-03-11 17:13:51
502cd7,DLH9891,Latvia,53.2958,13.9114,10363.2,211.71,225.2,False,2026-03-11 17:13:51
400db1,EZY76VR,United Kingdom,49.0858,2.444,11894.82,235.77,109.5,False,2026-03-11 17:13:51
461e1c,FIN8DM,Finland,52.1776,8.9586,9730.74,201.02,222.3,False,2026-03-11 17:13:51
4ca41f,C284,Ireland,53.3261,-6.4711,358.14,87.49,61.17,False,2026-03-11 17:13:51
49d452,OKHFH,Czech Republic,47.5322,9.575,7315.2,131.85,260.79,False,2026-03-11 17:13:51
400235,VPCFP,United Kingdom,43.6309,1.3595,,4.63,295.31,True,2026-03-11 17:13:51
4075f3,TOM6NK,United Kingdom,43.603,-9.758,10972.8,207.06,8.57,False,2026-03-11 17:13:51
39ae6c,FHLTM,France,44.2392,-1.1309,868.68,30.37,206.13,False,2026-03-11 17:13:51
c078ba,TSC215,Canada,51.0447,11.5151,11582.4,231.65,312.12,False,2026-03-11 17:13:51
49c12f,OKQAR24,Czech Republic,49.3263,17.447,861.06,14.29,210.26,False,2026-03-11 17:13:51
0101be,MSR768,Egypt,36.9753,13.7737,11277.6,248.84,125.66,False,2026-03-11 17:13:51
300971,IMIRL,Italy,45.4527,9.2641,,6.69,53.44,True,2026-03-11 17:13:51
400e5a,EZY12KL,United Kingdom,49.9498,1.7457,7917.18,179.75,320.34,False,2026-03-11 17:13:51
49d492,OKAVK,Czech Republic,50.1052,14.1145,495.3,31.21,261.47,False,2026-03-11 17:13:51
44a8a6,JAF094P,Belgium,50.8932,4.487,,0.0,160.31,True,2026-03-11 17:13:51
49d47e,WEY24D,Czech Republic,39.3307,-8.8262,1211.58,48.92,92.41,False,2026-03-11 17:13:51
0101db,MSR778,Egypt,42.0619,19.2205,11887.2,260.25,139.73,False,2026-03-11 17:13:51
49d48f,OKBLT,Czech Republic,50.0563,14.9332,678.18,25.6,337.56,False,2026-03-11 17:13:51
30095b,ISRPB,Italy,44.4604,11.5071,251.46,44.03,186.71,False,2026-03-11 17:13:51
48acab,SPLFL,Poland,51.8134,19.4046,1196.34,65.89,100.34,False,2026-03-11 17:13:51
494989,JME514K,Portugal,43.3814,6.6618,3649.98,165.81,95.16,False,2026-03-11 17:13:51
405bfc,BAW198,United Kingdom,48.0028,16.5177,11582.4,236.37,292.66,False,2026-03-11 17:13:51
3461ce,VOE7BU,Spain,45.1971,11.6688,10706.1,245.65,184.56,False,2026-03-11 17:13:51
a921ed,N688LD,United States,50.9493,-0.4619,1722.12,95.41,137.62,False,2026-03-11 17:13:51
48aca5,SPLFF,Poland,51.4018,19.708,335.28,26.75,202.62,False,2026-03-11 17:13:51
a075a3,FDX5233,United States,46.1215,6.8657,10668.0,233.87,311.97,False,2026-03-11 17:13:51
45b423,SRR711,Denmark,52.2286,-1.659,1592.58,124.23,140.38,False,2026-03-11 17:13:51
49d28e,OKALT,Czech Republic,47.6976,14.5507,8534.4,139.04,54.49,False,2026-03-11 17:13:51
4caea0,RYR98ZQ,Ireland,48.5763,-9.0002,10972.8,239.57,186.16,False,2026-03-11 17:13:51
4caead,EAI33CB,Ireland,53.5367,-5.4815,3825.24,123.57,92.39,False,2026-03-11 17:13:51
4caeb0,NOS3902,Ireland,47.3284,-6.7836,10972.8,206.2,327.22,False,2026-03-11 17:13:51
3c7b01,VJH772,Germany,51.8975,0.2536,144.78,70.6,223.23,False,2026-03-11 17:13:51
86e40e,JAL407,Japan,50.0493,8.5861,,5.4,286.88,True,2026-03-11 17:13:51
400afd,EFW8ZT,United Kingdom,44.2595,-7.2576,10972.8,211.24,22.63,False,2026-03-11 17:13:51
400afb,EFW22D,United Kingdom,48.4355,-2.6446,10660.38,237.84,193.25,False,2026-03-11 17:13:51
3b7545,FAF9213,France,41.3987,7.4002,7924.8,139.53,311.86,False,2026-03-11 17:13:51
406d92,EZY89QV,United Kingdom,48.1663,-2.7076,11277.6,238.19,193.62,False,2026-03-11 17:13:51
407fc2,WUK15HT,United Kingdom,42.1102,-4.1191,11285.22,245.71,186.01,False,2026-03-11 17:13:51
3ff657,DMDGD,Germany,48.3822,12.7534,617.22,35.44,346.57,False,2026-03-11 17:13:51
4caee5,RYR18CB,Ireland,39.387,2.6703,2400.3,149.46,106.19,False,2026-03-11 17:13:51
4caef8,CGI117,Ireland,52.0043,-7.8444,845.82,44.66,245.5,False,2026-03-11 17:13:51
4caecb,RYR57UW,Ireland,43.9682,-4.2097,11582.4,229.62,23.92,False,2026-03-11 17:13:51
4caed8,EIN172,Ireland,52.9384,-2.7153,10073.64,244.96,133.04,False,2026-03-11 17:13:51
347288,IBE06FZ,Spain,43.3124,0.9697,11574.78,231.38,57.9,False,2026-03-11 17:13:51
3e120e,CHX50,Germany,53.508,10.1736,91.44,3.25,251.57,False,2026-03-11 17:13:51
347287,IBE07DK,Spain,45.8447,0.5683,11277.6,220.31,208.6,False,2026-03-11 17:13:51
39bdab,AFR73DW,France,43.0043,10.2648,8046.72,226.78,127.44,False,2026-03-11 17:13:51
39bdac,AFR23XN,France,48.1451,16.4649,449.58,73.17,115.84,False,2026-03-11 17:13:51
39bdaf,AFR7464,France,47.2732,2.5053,10675.62,217.79,170.07,False,2026-03-11 17:13:51
40740e,ETP07,United Kingdom,51.1622,-1.7382,175.26,40.8,203.01,False,2026-03-11 17:13:51
40740f,ETP04,United Kingdom,51.1357,-1.7496,228.6,56.52,55.01,False,2026-03-11 17:13:51
3e1213,CHX26,Germany,53.6613,7.9489,182.88,54.65,356.22,False,2026-03-11 17:13:51
3e1210,CHX66,Germany,49.5198,7.7775,419.1,55.07,8.05,False,2026-03-11 17:13:51
39bda1,AFR97CH,France,44.492,-4.1216,11887.2,236.29,214.17,False,2026-03-11 17:13:51
39bda0,AFR7503,France,48.9183,2.6613,2674.62,156.42,88.87,False,2026-03-11 17:13:51
4caefa,ITY2061,Ireland,44.7437,9.9337,7315.2,212.95,147.73,False,2026-03-11 17:13:51
43e7a0,MARTY,United Kingdom,47.6435,8.2849,1493.52,104.87,189.6,False,2026-03-11 17:13:51
347256,VOE5LJ,Spain,48.5915,7.7196,556.26,61.61,228.72,False,2026-03-11 17:13:51
4932a4,NJE978Y,Portugal,49.4603,3.7278,3352.8,155.12,188.78,False,2026-03-11 17:13:51
4932a3,NJE606P,Portugal,52.218,-0.1606,2819.4,120.69,233.67,False,2026-03-11 17:13:51
39bdb3,AFR46BE,France,43.6342,7.3859,533.4,76.79,305.18,False,2026-03-11 17:13:51
4932a1,NJE130G,Portugal,46.9976,1.2708,11887.2,237.95,163.29,False,2026-03-11 17:13:51
4ca2cb,EIN58G,Ireland,47.4914,-4.6124,10668.0,251.0,171.87,False,2026-03-11 17:13:51
4ca2d5,RYR50JA,Ireland,37.1522,-2.0478,11582.4,208.99,28.21,False,2026-03-11 17:13:51
39bdb1,AFR66LR,France,41.54,-3.1472,7802.88,194.24,12.23,False,2026-03-11 17:13:51
4407b4,JAR11,Austria,48.1127,14.6533,5882.64,153.65,266.16,False,2026-03-11 17:13:51
405a4a,BAW742,United Kingdom,46.8942,4.8456,8519.16,232.09,134.46,False,2026-03-11 17:13:51
406135,EZY27HL,United Kingdom,51.163,-0.1821,,2.83,53.44,True,2026-03-11 17:13:51
3b7567,FAF4091,France,45.8894,13.4594,12496.8,247.35,249.04,False,2026-03-11 17:13:51
407463,BAW968,United Kingdom,53.6678,8.4325,5227.32,222.87,76.93,False,2026-03-11 17:13:51
407464,BAW74E,United Kingdom,45.3503,9.2871,548.64,85.11,355.84,False,2026-03-11 17:13:51
3d184e,DEHLM,Germany,48.2296,14.2157,487.68,43.57,157.07,False,2026-03-11 17:13:51
406d70,TOM087,United Kingdom,49.2905,3.1779,13106.4,240.56,309.27,False,2026-03-11 17:13:51
4024e6,GBLXH,United Kingdom,51.9448,-0.9344,1303.02,27.7,238.67,False,2026-03-11 17:13:51
347219,IBE07BB,Spain,50.6349,-1.6522,9646.92,219.65,204.34,False,2026-03-11 17:13:51
3ce52c,PWF78,Germany,50.4798,14.138,4907.28,119.37,359.01,False,2026-03-11 17:13:51
3e1204,DHYAE,Germany,47.7606,11.1682,1043.94,67.1,144.36,False,2026-03-11 17:13:51
347216,ARK401D,Spain,41.9161,2.6701,2621.28,61.51,75.96,False,2026-03-11 17:13:51
39c4c3,VLJ701Y,France,43.0278,15.1193,10668.0,223.32,66.8,False,2026-03-11 17:13:51
407446,EDC885L,United Kingdom,43.2954,0.9349,12192.0,213.09,339.51,False,2026-03-11 17:13:51
348541,AEA1509,Spain,49.6017,7.4635,6469.38,215.24,38.6,False,2026-03-11 17:13:51
4caf27,RYR26,Ireland,46.1596,5.9141,11277.6,245.27,124.06,False,2026-03-11 17:13:51
4caf1f,ITY1176,Ireland,39.1647,15.7501,4274.82,176.72,310.04,False,2026-03-11 17:13:51
347307,AEA21FZ,Spain,47.4072,9.0484,2087.88,99.14,308.89,False,2026-03-11 17:13:51
4b3f45,HBXYZ,Switzerland,47.0652,8.3011,1143.0,68.0,75.54,False,2026-03-11 17:13:51
347306,AEA64LR,Spain,42.9422,-2.1117,11590.02,226.6,29.07,False,2026-03-11 17:13:51
400b82,BAW3AK,United Kingdom,45.709,-0.2298,10972.8,221.22,345.87,False,2026-03-11 17:13:51
400b6f,GCPMS,United Kingdom,50.7585,0.0849,548.64,63.49,274.65,False,2026-03-11 17:13:51
4ba945,THY77J,Turkey,46.071,-3.4711,9144.0,221.73,270.53,False,2026-03-11 17:13:51
86eec2,ANA223,Japan,51.0784,7.4315,7940.04,217.18,135.67,False,2026-03-11 17:13:51
4d23b6,ANE58VK,Malta,36.4826,-4.1953,3078.48,93.54,126.05,False,2026-03-11 17:13:51
4d23ba,TEU01,Malta,45.3437,4.6093,13106.4,235.71,350.58,False,2026-03-11 17:13:51
44083c,EJU31AM,Austria,46.4431,-1.9556,11277.6,223.55,222.58,False,2026-03-11 17:13:51
44083b,EJU72JA,Austria,48.6807,2.8927,2049.78,115.4,328.86,False,2026-03-11 17:13:51
8990ec,CAL081,Taiwan,51.465,-0.4345,30.48,61.22,269.52,False,2026-03-11 17:13:51
49d31c,OKJOS,Czech Republic,37.2678,-5.9423,274.32,68.77,51.07,False,2026-03-11 17:13:51
4d23a7,FJO53F,Malta,51.3653,0.0591,342.9,58.03,204.07,False,2026-03-11 17:13:51
407ee4,GTJPK,United Kingdom,52.7256,-0.7363,411.48,71.14,310.6,False,2026-03-11 17:13:51
4d23f6,SCO642R,Malta,46.9958,2.883,12496.8,228.6,160.55,False,2026-03-11 17:13:51
44080b,OEDTA,Austria,48.2846,15.3896,1341.12,53.59,21.39,False,2026-03-11 17:13:51
4d23f8,RYR94SQ,Malta,53.7703,13.2818,11391.9,223.73,346.57,False,2026-03-11 17:13:51
4d23fa,RYR58HG,Malta,39.002,-1.3003,11277.6,230.07,232.54,False,2026-03-11 17:13:51
4d23fd,RYR66SP,Malta,39.0358,-4.4821,11277.6,238.56,210.88,False,2026-03-11 17:13:51
400b00,EFW1LJ,United Kingdom,48.1026,3.5076,10972.8,228.15,329.21,False,2026-03-11 17:13:51
3d547a,DFEFY,Germany,51.6172,6.8834,129.54,45.41,265.45,False,2026-03-11 17:13:51
4ca336,AC112,Ireland,53.1474,-6.3959,434.34,0.51,180.0,False,2026-03-11 17:13:51
440827,AUA66A,Austria,48.113,16.573,,5.92,81.56,True,2026-03-11 17:13:51
440826,AUA10A,Austria,48.1181,16.574,,5.4,84.38,True,2026-03-11 17:13:51
440825,AUA723,Austria,45.5015,19.3113,5455.92,179.08,145.53,False,2026-03-11 17:13:51
440823,,Austria,45.4531,9.2811,,7.72,208.12,True,2026-03-11 17:13:51
440822,AUA212,Austria,49.2256,13.3973,10668.0,228.47,113.91,False,2026-03-11 17:13:51
4d23f0,AEZ22LO,Malta,41.8766,12.0103,2636.52,133.76,30.51,False,2026-03-11 17:13:51
48e9f3,RYR17BR,Poland,43.7358,0.4409,10972.8,213.97,344.09,False,2026-03-11 17:13:51
4d23db,VJT735,Malta,36.0197,15.4441,14325.6,246.82,280.33,False,2026-03-11 17:13:51
40123f,BAW495,United Kingdom,36.5063,-4.6704,6301.74,203.15,26.63,False,2026-03-11 17:13:51
48bca3,BNI5EB,Poland,51.7026,19.4062,426.72,44.54,96.63,False,2026-03-11 17:13:51
48e9e7,TXLU06,Poland,51.1045,16.8968,,24.18,104.06,True,2026-03-11 17:13:51
48e9e6,SPSMQ,Poland,52.3687,16.1942,441.96,52.17,77.47,False,2026-03-11 17:13:51
401240,EFW69H,United Kingdom,48.0477,-3.6279,10660.38,234.05,205.1,False,2026-03-11 17:13:51
ac6428,EJM70,United States,52.2488,4.7888,1059.18,122.0,157.44,False,2026-03-11 17:13:51
4072c8,EZY89XM,United Kingdom,50.5082,0.6955,3886.2,182.12,36.38,False,2026-03-11 17:13:51
3e1dd2,DICMK,Germany,51.9686,12.8061,6705.6,128.53,222.57,False,2026-03-11 17:13:51
3e37d4,DIMIM,Germany,49.9021,14.3947,11887.2,209.92,179.02,False,2026-03-11 17:13:51
3485d2,ANE96FH,Spain,47.1182,-1.6374,137.16,72.01,26.75,False,2026-03-11 17:13:51
39a04c,OYO10,France,45.2748,3.6208,7307.58,191.83,42.94,False,2026-03-11 17:13:51
3485c7,BSO4SC,Spain,41.6095,2.3028,822.96,50.95,133.36,False,2026-03-11 17:13:51
34251a,ECJYT,Spain,43.4189,0.4629,11887.2,233.35,227.23,False,2026-03-11 17:13:51
71c252,KAL9575,Republic of Korea,47.2114,13.6531,9144.0,218.52,247.0,False,2026-03-11 17:13:51
39a054,ARL271A,France,50.7059,3.8328,4892.04,205.61,52.01,False,2026-03-11 17:13:51
4cadbe,RYR116P,Ireland,37.9742,4.6743,11277.6,232.8,108.56,False,2026-03-11 17:13:51
4cadbc,RYR230B,Ireland,49.0214,13.101,9144.0,238.82,206.07,False,2026-03-11 17:13:51
4cadc1,RYR46UX,Ireland,41.3556,0.6949,11582.4,225.99,8.9,False,2026-03-11 17:13:51
4cadc2,RYR80RJ,Ireland,51.4713,1.0357,6233.16,205.29,175.83,False,2026-03-11 17:13:51
4cadc4,RYR69LE,Ireland,50.0082,-1.4987,9212.58,198.65,17.64,False,2026-03-11 17:13:51
4cade2,RYR3SZ,Ireland,45.9188,0.8512,10972.8,227.31,349.17,False,2026-03-11 17:13:51
4408de,AUA966,Austria,48.3661,16.3557,1691.64,139.51,193.22,False,2026-03-11 17:13:51
34608f,IBE0719,Spain,51.4393,-0.0798,1424.94,83.21,300.05,False,2026-03-11 17:13:51
402723,GBMTJ,United Kingdom,51.5936,-0.4984,144.78,26.74,239.98,False,2026-03-11 17:13:51
4408f3,OEALJ,Austria,48.4303,16.1523,487.68,60.19,217.36,False,2026-03-11 17:13:51
4cadd9,SAS63Y,Ireland,37.5767,-5.0807,7117.08,219.59,200.43,False,2026-03-11 17:13:51
4408f2,OEXLV,Austria,48.3943,15.5173,822.96,38.56,328.64,False,2026-03-11 17:13:51
346091,VLG1ZC,Spain,48.5652,2.1806,3352.8,143.74,84.25,False,2026-03-11 17:13:51
4cada3,RYR90VW,Ireland,40.634,-3.2755,10363.2,225.06,9.07,False,2026-03-11 17:13:51
4cada4,RYR981M,Ireland,42.265,14.4499,9997.44,233.15,65.07,False,2026-03-11 17:13:51
4cada6,ITY1633,Ireland,43.5548,13.1876,10683.24,235.64,126.12,False,2026-03-11 17:13:51
48ac80,LOT335,Poland,51.1181,14.6111,11582.4,220.77,251.1,False,2026-03-11 17:13:51
780561,CES771,China,53.7822,8.3978,10363.2,222.03,233.29,False,2026-03-11 17:13:51
744828,RJA110,Jordan,36.8208,10.2744,11277.6,240.63,101.09,False,2026-03-11 17:13:51
744827,RJA118,Jordan,44.1238,16.0062,10668.0,235.08,122.12,False,2026-03-11 17:13:51
744826,RJA152,Jordan,44.4575,17.7371,11277.6,236.45,135.0,False,2026-03-11 17:13:51
4cadaf,EIWST,Ireland,53.5524,-7.1687,937.26,43.96,304.99,False,2026-03-11 17:13:51
744823,RJA116,Jordan,48.9943,12.6717,11277.6,241.91,122.41,False,2026-03-11 17:13:51
485061,TRA78N,Kingdom of the Netherlands,43.675,18.6925,11277.6,233.65,133.22,False,2026-03-11 17:13:51
4cadb9,RYR433F,Ireland,37.8559,-5.1746,5783.58,190.02,253.97,False,2026-03-11 17:13:51
4cadb7,RYR57YJ,Ireland,44.659,-0.9555,10972.8,237.23,25.56,False,2026-03-11 17:13:51
406222,CFE62N,United Kingdom,53.3125,-2.5588,10972.8,216.12,316.16,False,2026-03-11 17:13:51
3c7a44,CFG314,Germany,45.3041,15.5833,10668.0,250.13,137.42,False,2026-03-11 17:13:51
4cadfa,ITY758,Ireland,41.5053,12.2043,2179.32,147.87,120.76,False,2026-03-11 17:13:51
39c5c8,OYO6,France,43.8733,1.2382,4069.08,89.99,354.09,False,2026-03-11 17:13:51
3cf775,BTX7P,Germany,45.1884,11.4363,8778.24,178.33,356.53,False,2026-03-11 17:13:51
3c7a50,CFG282,Germany,47.3657,13.749,11582.4,231.76,330.48,False,2026-03-11 17:13:51
48c672,SPSUT,Poland,50.4757,19.161,518.16,50.99,267.11,False,2026-03-11 17:13:51
34604c,ANE60GG,Spain,48.6595,7.5793,1836.42,138.02,57.79,False,2026-03-11 17:13:51
346057,IBE0153,Spain,39.3694,-8.2248,11582.4,234.41,257.58,False,2026-03-11 17:13:51
4cadf2,,Ireland,53.4333,-6.2441,,3.86,343.12,True,2026-03-11 17:13:51
407537,SHT5U,United Kingdom,52.5629,-1.866,8054.34,225.82,144.64,False,2026-03-11 17:13:51
347385,ECNXJ,Spain,42.2546,4.0467,2354.58,58.21,244.34,False,2026-03-11 17:13:51
486363,PHHLC,Kingdom of the Netherlands,52.4266,5.5034,327.66,66.88,104.25,False,2026-03-11 17:13:51
3c7a4f,CFG315,Germany,49.7294,9.7637,4625.34,183.32,311.47,False,2026-03-11 17:13:51
4cade4,RYR97UM,Ireland,43.9817,1.9574,10972.8,244.68,53.64,False,2026-03-11 17:13:51
3c7a4e,CFG6KW,Germany,43.8618,19.0524,11582.4,238.15,317.63,False,2026-03-11 17:13:51
44d071,BEL1EX,Belgium,50.9069,4.4969,,9.26,14.06,True,2026-03-11 17:13:51
503cec,LYFTC,Lithuania,40.3659,-3.7438,762.0,36.44,341.05,False,2026-03-11 17:13:51
503cee,BFS16G,Lithuania,41.4565,1.138,2438.4,45.17,345.49,False,2026-03-11 17:13:51
4cadec,ITY160,Ireland,47.8188,6.4254,11574.78,230.26,351.78,False,2026-03-11 17:13:51
4caded,ITY574,Ireland,43.1893,11.4195,10363.2,196.49,329.47,False,2026-03-11 17:13:51
4cadea,ITY1704,Ireland,41.4849,11.6299,11590.02,214.81,331.23,False,2026-03-11 17:13:51
4408d8,GCK40,Austria,46.9704,13.8404,2895.6,164.08,146.51,False,2026-03-11 17:13:51
4cadf8,RYR494A,Ireland,45.936,7.179,10972.8,223.7,319.57,False,2026-03-11 17:13:51
4cadf9,RYR578H,Ireland,49.5656,4.4752,9753.6,256.87,46.14,False,2026-03-11 17:13:51
4cadf4,RYR50UL,Ireland,52.4709,-0.7421,10965.18,218.74,318.81,False,2026-03-11 17:13:51
4cadf5,RYR69PC,Ireland,42.0043,-3.1794,9928.86,217.1,7.9,False,2026-03-11 17:13:51
4cadf6,RYR79BB,Ireland,39.6594,-0.4756,11582.4,224.74,39.52,False,2026-03-11 17:13:51
4cadf7,RYR80TN,Ireland,50.0353,10.0967,11277.6,233.29,117.02,False,2026-03-11 17:13:51
485009,TRA9W,Kingdom of the Netherlands,40.8399,2.7557,7452.36,233.75,167.16,False,2026-03-11 17:13:51
405b6a,EZY626Z,United Kingdom,52.9162,-1.3071,10797.54,210.06,327.4,False,2026-03-11 17:13:51
40624e,BAW486,United Kingdom,50.6364,-0.2983,6530.34,234.97,160.3,False,2026-03-11 17:13:51
40757f,EZY18CF,United Kingdom,36.1738,-9.2996,11887.2,235.17,195.74,False,2026-03-11 17:13:51
40624f,BAW720T,United Kingdom,49.7954,0.9829,8862.06,228.5,136.28,False,2026-03-11 17:13:51
abca08,DAL37,United States,51.5708,-1.2323,3749.04,175.94,290.18,False,2026-03-11 17:13:51
40756f,EZY18PK,United Kingdom,50.6735,-1.022,4701.54,175.39,51.55,False,2026-03-11 17:13:51
405b65,EZY91QF,United Kingdom,53.4353,-2.9066,1234.44,149.42,95.73,False,2026-03-11 17:13:51
40756e,EZY43TB,United Kingdom,52.402,-1.6903,441.96,67.06,325.94,False,2026-03-11 17:13:51
ae571a,CNV5412,United States,37.4405,14.6625,1341.12,109.98,153.91,False,2026-03-11 17:13:51
40756b,EZY43PR,United Kingdom,53.0389,-6.1238,11140.44,241.38,36.94,False,2026-03-11 17:13:51
40756c,EZY56FD,United Kingdom,48.1806,-2.6165,11582.4,233.78,35.05,False,2026-03-11 17:13:51
405b64,EZY49LM,United Kingdom,49.0889,3.5491,11597.64,220.15,309.12,False,2026-03-11 17:13:51
347344,IBE0802,Spain,40.6529,-2.4035,5471.16,190.96,234.98,False,2026-03-11 17:13:51
43c39d,RRR7211,United Kingdom,52.9317,2.851,10972.8,212.02,285.05,False,2026-03-11 17:13:51
407575,EZY71DE,United Kingdom,41.1749,-8.3824,11277.6,250.61,168.87,False,2026-03-11 17:13:51
400bdf,GBXYO,United Kingdom,51.8695,0.6086,609.6,51.81,186.84,False,2026-03-11 17:13:51
40622d,EZY52PX,United Kingdom,52.0636,-2.8046,8282.94,240.59,183.06,False,2026-03-11 17:13:51
40622f,EZY16MK,United Kingdom,51.2894,0.7134,10980.42,211.72,315.39,False,2026-03-11 17:13:51
49d0df,OKTOY,Czech Republic,48.8972,16.7702,640.08,55.01,335.11,False,2026-03-11 17:13:51
407567,EZY19GY,United Kingdom,51.1851,0.086,1036.32,86.65,262.5,False,2026-03-11 17:13:51
3cdd21,LHB3,Germany,43.9454,1.941,4732.02,170.03,207.19,False,2026-03-11 17:13:51
407568,EZY78FM,United Kingdom,48.0547,5.8032,11590.02,219.79,298.06,False,2026-03-11 17:13:51
407569,EZY84LC,United Kingdom,44.8746,-5.4079,11269.98,233.29,201.47,False,2026-03-11 17:13:51
3423c4,IBE06EY,Spain,40.2347,-2.5151,4602.48,183.94,273.21,False,2026-03-11 17:13:51
3423c3,IBE05KR,Spain,44.4494,-0.5778,9151.62,201.3,21.12,False,2026-03-11 17:13:51
406230,CFE561,United Kingdom,53.0914,-1.3233,10096.5,203.75,343.12,False,2026-03-11 17:13:51
346114,EVE815,Spain,40.4608,-3.5728,,0.0,45.0,True,2026-03-11 17:13:51
3424d1,VLG1QJ,Spain,39.4129,-6.7199,11803.38,216.26,243.43,False,2026-03-11 17:13:51
0641ee,APPK7574,Nigeria,49.3296,-1.6477,12085.32,238.91,349.08,False,2026-03-11 17:13:51
424c9d,MASBA,United Kingdom,42.7615,17.4464,13106.4,234.69,313.67,False,2026-03-11 17:13:51
4060e5,DRUID1,United Kingdom,51.4672,-3.7004,411.48,68.34,99.53,False,2026-03-11 17:13:51
33fcea,FIAMM15,Italy,41.6624,12.45,22.86,17.6,322.13,False,2026-03-11 17:13:51
407512,TOM850F,United Kingdom,46.0979,16.0801,11887.2,255.22,113.77,False,2026-03-11 17:13:51
4cae57,RYR459J,Ireland,38.4866,-9.5209,2438.4,127.0,154.06,False,2026-03-11 17:13:51
4cae59,RYR93YA,Ireland,50.1091,14.2626,,0.06,123.75,True,2026-03-11 17:13:51
4cae54,RYR69AV,Ireland,44.1911,-6.3959,10972.8,224.43,40.44,False,2026-03-11 17:13:51
424c5c,SSZ8,United Kingdom,49.4336,-2.6065,,0.0,281.25,True,2026-03-11 17:13:51
4ba890,THY6411,Turkey,52.2953,4.7596,,7.2,64.69,True,2026-03-11 17:13:51
424c60,VSB97,United Kingdom,53.0065,-2.8888,7018.02,214.88,183.29,False,2026-03-11 17:13:51
4cae51,RYR34RZ,Ireland,48.9554,10.6905,11277.6,243.38,134.23,False,2026-03-11 17:13:51
4cae3e,EIHLF,Ireland,53.3583,-6.4688,167.64,27.63,241.05,False,2026-03-11 17:13:51
424c78,JKY24,United Kingdom,52.177,-2.0615,762.0,72.99,189.33,False,2026-03-11 17:13:51
300781,DLA3MK,Italy,50.0229,8.5262,,4.63,230.62,True,2026-03-11 17:13:51
4ba869,THY6437,Turkey,37.1914,11.1708,11582.4,223.82,245.85,False,2026-03-11 17:13:51
3939e4,TJT36GI,France,43.5884,4.7309,7261.86,159.02,91.48,False,2026-03-11 17:13:51
4ca242,RYR74GZ,Ireland,49.7348,9.9842,11887.2,228.2,110.31,False,2026-03-11 17:13:51
406cd2,EZY62HF,United Kingdom,52.9619,2.3731,11887.2,241.46,95.75,False,2026-03-11 17:13:51
39ac25,FHLBF,France,44.7122,0.8012,9616.44,187.31,205.37,False,2026-03-11 17:13:51
4cae6c,RYR61RX,Ireland,51.2183,6.1742,5135.88,169.83,194.92,False,2026-03-11 17:13:51
407fea,WUK78,United Kingdom,51.8823,4.9212,10668.0,242.27,109.47,False,2026-03-11 17:13:51
4cae6d,RYR75KL,Ireland,51.3899,-0.731,11582.4,223.63,297.1,False,2026-03-11 17:13:51
40263c,GDENS,United Kingdom,51.114,-2.2137,1043.94,42.07,348.0,False,2026-03-11 17:13:51
4ca251,RYR300A,Ireland,50.9006,4.4951,,14.4,61.88,True,2026-03-11 17:13:51
4cae98,RYR7117,Ireland,48.2067,15.3046,11582.4,228.0,293.96,False,2026-03-11 17:13:51
4cae92,RYR7GM,Ireland,42.8428,-7.6992,11277.6,250.51,195.61,False,2026-03-11 17:13:51
4cae93,RYR43EU,Ireland,47.0162,14.7641,9464.04,223.27,67.51,False,2026-03-11 17:13:51
4ca246,RYR66UX,Ireland,44.2398,8.6708,7559.04,214.99,315.1,False,2026-03-11 17:13:51
4073a0,EZY374Q,United Kingdom,54.886,-5.4638,2209.8,121.71,243.11,False,2026-03-11 17:13:51
4d22af,RYR51NQ,Malta,48.12,16.5759,,2.31,104.06,True,2026-03-11 17:13:51
4d22ab,KMM308,Malta,41.8397,12.2161,11574.78,216.22,351.79,False,2026-03-11 17:13:51
4d22ad,RYR35DK,Malta,42.4027,-0.6475,10668.0,216.96,201.27,False,2026-03-11 17:13:51
4cae67,RYR31DC,Ireland,44.9296,9.9462,11277.6,246.42,146.84,False,2026-03-11 17:13:51
4cae69,RYR72KH,Ireland,49.8955,2.2406,10972.8,223.01,318.37,False,2026-03-11 17:13:51
4cae62,RYR2JR,Ireland,36.1435,-9.3536,11277.6,239.12,205.08,False,2026-03-11 17:13:51
4d22b2,RYR29GP,Malta,52.8024,3.6024,10972.8,220.85,284.3,False,2026-03-11 17:13:51
4d22b4,RYR9EM,Malta,41.6387,4.0648,10972.8,235.6,78.03,False,2026-03-11 17:13:51
4d22b5,RYR265A,Malta,41.3181,-8.7009,685.8,108.42,350.72,False,2026-03-11 17:13:51
4ca214,,Ireland,52.3028,4.7728,,54.8,237.65,True,2026-03-11 17:13:51
39ac06,FHLAG,France,43.7341,5.1113,838.2,57.11,88.97,False,2026-03-11 17:13:51
4cae4c,RYR59FG,Ireland,43.1534,5.595,10668.0,225.44,236.16,False,2026-03-11 17:13:51
4d22bf,RYR67LL,Malta,45.7987,11.4661,10972.8,217.63,53.94,False,2026-03-11 17:13:51
4cae6b,RYR39LC,Ireland,47.8969,0.8075,11277.6,237.68,179.75,False,2026-03-11 17:13:51
34258f,VLG9KD,Spain,43.4117,0.5907,11277.6,241.91,181.83,False,2026-03-11 17:13:51
45a14c,BBX57A,Denmark,53.0858,4.0525,685.8,57.29,265.36,False,2026-03-11 17:13:51
4d22c3,RYR31SG,Malta,47.7349,15.5573,7208.52,197.46,248.45,False,2026-03-11 17:13:51
4d22c6,RYR44KK,Malta,44.5358,10.141,11277.6,234.05,240.51,False,2026-03-11 17:13:51
4cae5d,EIHLX,Ireland,53.4485,-6.9241,632.46,47.03,300.21,False,2026-03-11 17:13:51
342591,VLG6LA,Spain,48.5793,1.9578,10965.18,235.14,30.21,False,2026-03-11 17:13:51
401372,GOMJA,United Kingdom,51.3235,-0.8507,167.64,33.68,251.29,False,2026-03-11 17:13:51
39a00b,FHIAL,France,43.632,1.3633,144.78,54.54,324.21,False,2026-03-11 17:13:51
3cefbc,SCR378,Germany,39.6548,-4.7881,12199.62,185.39,20.3,False,2026-03-11 17:13:51
4ca294,EIN76K,Ireland,41.4444,-9.5914,10675.62,251.36,195.43,False,2026-03-11 17:13:51
4ca293,EIN33T,Ireland,53.5244,-6.1844,2217.42,159.75,93.32,False,2026-03-11 17:13:51
4ca295,EIN40R,Ireland,51.6577,-4.0855,10668.0,263.53,101.49,False,2026-03-11 17:13:51
4073ce,VIR155M,United Kingdom,51.6163,-0.688,2209.8,136.52,356.98,False,2026-03-11 17:13:51
4cae9d,RYR95XW,Ireland,49.9634,19.8192,2621.28,147.77,70.05,False,2026-03-11 17:13:51
4cae9e,RYR7KX,Ireland,40.8815,-9.8036,11277.6,246.99,195.34,False,2026-03-11 17:13:51
3c4668,ATV305,Germany,48.3384,9.4589,6256.02,158.9,30.55,False,2026-03-11 17:13:51
3472c4,VLG91WF,Spain,45.7163,8.6055,2705.1,136.99,237.26,False,2026-03-11 17:13:51
4cae8e,SAS806,Ireland,53.0732,2.5491,10668.0,244.46,41.84,False,2026-03-11 17:13:51
406cdb,GETPM,United Kingdom,51.1262,-1.9735,1348.74,70.24,58.17,False,2026-03-11 17:13:51
4ca259,RYR84JK,Ireland,37.4651,-4.1936,11277.6,244.38,205.43,False,2026-03-11 17:13:51
3cf6c2,DCUTE,Germany,53.9947,10.3324,10668.0,118.04,283.61,False,2026-03-11 17:13:51
407ffe,GSRXX,United Kingdom,50.7775,-1.1352,601.98,73.35,79.08,False,2026-03-11 17:13:51
39b32f,FHMZP,France,43.8902,4.0914,1828.8,67.64,55.22,False,2026-03-11 17:13:51
4cae9f,RYR3015,Ireland,51.3814,-0.7135,5486.4,175.33,76.94,False,2026-03-11 17:13:51
39b32c,FHMZM,France,43.7494,4.4174,129.54,32.99,176.42,False,2026-03-11 17:13:51
48b06c,SPMDM,Poland,54.2941,18.1284,457.2,57.87,43.2,False,2026-03-11 17:13:51
407267,EXS21U,United Kingdom,45.9943,16.8181,11582.4,223.16,320.14,False,2026-03-11 17:13:51
406b6c,CFE33V,United Kingdom,52.3992,4.7152,259.08,67.98,182.6,False,2026-03-11 17:13:51
468e45,SEH921,Greece,39.3178,16.4716,11887.2,239.69,105.95,False,2026-03-11 17:13:51
4405ea,EJU36FN,Austria,53.3501,-2.2731,,2.57,222.19,True,2026-03-11 17:13:51
401bec,GBDGM,United Kingdom,52.1699,-0.8171,205.74,30.87,323.13,False,2026-03-11 17:13:51
3cef03,PVD443A,Germany,48.9012,3.0436,10363.2,255.01,70.07,False,2026-03-11 17:13:51
48605b,LIFELN4,Kingdom of the Netherlands,53.1338,6.6292,205.74,59.54,251.88,False,2026-03-11 17:13:51
a972ee,GTI332,United States,52.4019,-8.4178,10668.0,281.84,102.44,False,2026-03-11 17:13:51
3c56a3,GEC8307,Germany,40.4746,-3.5695,,10.8,320.62,True,2026-03-11 17:13:51
3c56a1,GEC8343,Germany,42.8484,18.3035,10363.2,230.19,327.41,False,2026-03-11 17:13:51
486072,KLM133,Kingdom of the Netherlands,52.3045,4.7742,,1.03,165.94,True,2026-03-11 17:13:51
34838b,VOE3ZB,Spain,38.6724,-0.9701,7307.58,186.79,327.14,False,2026-03-11 17:13:51
4b934d,QRJ02,Turkey,44.156,9.1986,11003.28,230.49,97.7,False,2026-03-11 17:13:51
4d2303,RYR37FX,Malta,40.4254,12.7576,11590.02,226.32,350.58,False,2026-03-11 17:13:51
4d2304,RYR377D,Malta,46.0268,8.8553,6408.42,200.8,121.17,False,2026-03-11 17:13:51
4d2300,RYR26BG,Malta,50.546,6.5983,6705.6,201.34,267.51,False,2026-03-11 17:13:51
4d2302,RYR62SU,Malta,40.3093,-3.3096,2164.08,109.06,281.15,False,2026-03-11 17:13:51
4405b6,EJU31ZY,Austria,43.004,1.905,11010.9,222.76,173.24,False,2026-03-11 17:13:51
406b91,EZY75AH,United Kingdom,43.2598,-4.0019,11277.6,235.5,190.57,False,2026-03-11 17:13:51
3c56ef,EWG9D,Germany,46.786,6.2331,11887.2,216.3,188.34,False,2026-03-11 17:13:51
3420cb,IBE0980,Spain,40.3059,-3.0905,2499.36,129.98,263.41,False,2026-03-11 17:13:51
39ceb9,TVF11JT,France,44.9449,-3.9481,11894.82,230.67,212.06,False,2026-03-11 17:13:51
4d234a,RYR40VD,Malta,52.4887,3.0916,11277.6,246.18,111.58,False,2026-03-11 17:13:51
4d234b,RYR45JQ,Malta,45.4097,10.5333,6903.72,195.62,55.93,False,2026-03-11 17:13:51
3d2984,DENYY,Germany,52.4652,10.8109,586.74,66.57,81.56,False,2026-03-11 17:13:51
3c56f6,,Germany,53.634,10.0016,,5.66,357.19,True,2026-03-11 17:13:51
3c56ec,EWG2AW,Germany,45.0157,3.0774,11277.6,212.29,238.27,False,2026-03-11 17:13:51
7448a1,RJA552,Jordan,36.2846,13.5417,11529.06,235.12,99.32,False,2026-03-11 17:13:51
4d2369,RYR894L,Malta,45.2382,-3.7098,11277.6,247.53,192.36,False,2026-03-11 17:13:51
3cf62a,UNI137,Germany,53.4423,-5.394,7315.2,238.8,91.6,False,2026-03-11 17:13:51
4d234c,RYR49SL,Malta,52.3677,13.5062,,3.34,157.5,True,2026-03-11 17:13:51
39ceaf,TVF38TY,France,39.9869,-4.327,11582.4,211.96,25.13,False,2026-03-11 17:13:51
4d234f,RYR76YR,Malta,43.6776,1.4687,2712.72,157.94,120.32,False,2026-03-11 17:13:51
48e95a,LOT3ML,Poland,52.0608,18.7689,9022.08,202.79,262.71,False,2026-03-11 17:13:51
3985a3,AFR6117,France,48.7582,2.5702,800.1,95.47,254.69,False,2026-03-11 17:13:51
3985a0,DAH1012,France,38.4012,2.216,10485.12,210.64,352.56,False,2026-03-11 17:13:51
3985a1,AFR6225,France,47.4027,4.0157,9601.2,216.45,326.05,False,2026-03-11 17:13:51
3985a6,AFR62AN,France,43.6289,1.3749,,0.39,33.75,True,2026-03-11 17:13:51
3985a7,AFR69BL,France,44.425,1.7513,6606.54,194.12,186.39,False,2026-03-11 17:13:51
3985a9,AFR78NH,France,47.7209,3.5838,7520.94,227.34,332.51,False,2026-03-11 17:13:51
4d2348,RYR17GM,Malta,40.7374,0.5133,11506.2,226.13,16.25,False,2026-03-11 17:13:51
4d2349,RYR94BU,Malta,40.7009,-1.1888,11277.6,220.91,254.6,False,2026-03-11 17:13:51
48e959,LOT279,Poland,52.0552,6.303,11582.4,211.69,265.12,False,2026-03-11 17:13:51
4d2346,RYR15MW,Malta,53.4411,-2.0934,876.3,82.31,233.13,False,2026-03-11 17:13:51
48e93d,BNI1A,Poland,51.8006,19.3008,594.36,45.16,317.77,False,2026-03-11 17:13:51
407238,GPCTW,United Kingdom,48.4422,2.8604,7924.8,128.12,286.32,False,2026-03-11 17:13:51
407e71,EXS56PL,United Kingdom,44.8296,-9.558,10668.0,213.87,20.27,False,2026-03-11 17:13:51
71c393,KAL921,Republic of Korea,42.893,15.3824,11582.4,242.4,251.18,False,2026-03-11 17:13:51
407e5f,EZY6312,United Kingdom,39.0613,-3.5555,11597.64,206.75,5.57,False,2026-03-11 17:13:51
4035e1,GBUFY,United Kingdom,51.9495,-0.8714,815.34,59.68,125.88,False,2026-03-11 17:13:51
407e63,EZY6579,United Kingdom,44.5074,8.1956,11277.6,237.19,135.7,False,2026-03-11 17:13:51
348318,FBY47E,Spain,42.342,-3.5936,1432.56,49.09,56.98,False,2026-03-11 17:13:51
4d236a,RYR46SM,Malta,49.1282,9.5185,11277.6,223.37,216.95,False,2026-03-11 17:13:51
407e53,EXS89YD,United Kingdom,50.3389,-1.0496,11582.4,230.92,8.46,False,2026-03-11 17:13:51
3985e4,EUP421,France,42.5422,-3.566,10660.38,210.04,278.31,False,2026-03-11 17:13:51
407e58,GCMJX,United Kingdom,51.6937,-0.4355,670.56,35.97,253.38,False,2026-03-11 17:13:51
4d2374,VJT407,Malta,43.5441,7.9781,2438.4,136.93,227.74,False,2026-03-11 17:13:51
406b20,BAW5E,United Kingdom,50.0011,-5.9203,11582.4,229.18,248.68,False,2026-03-11 17:13:51
4d2387,RYR75ZC,Malta,50.6501,11.7146,11277.6,238.59,170.94,False,2026-03-11 17:13:51
3c56f0,EWG1K,Germany,49.8763,4.2467,11155.68,212.52,226.57,False,2026-03-11 17:13:51
3c56f3,EWG2H,Germany,51.8402,9.8771,10980.42,230.73,8.98,False,2026-03-11 17:13:51
407e45,EXS1402,United Kingdom,43.7231,-6.2151,11590.02,213.12,16.12,False,2026-03-11 17:13:51
402ecc,GBRBP,United Kingdom,51.7367,-0.7482,617.22,56.39,121.95,False,2026-03-11 17:13:51
4d2383,RYR59SC,Malta,45.0527,8.1045,10972.8,223.42,324.37,False,2026-03-11 17:13:51
4d2384,RYR65HY,Malta,50.2168,5.5503,4450.08,167.75,297.59,False,2026-03-11 17:13:51
348412,AEA19MG,Spain,51.5738,3.6472,5798.82,194.49,358.94,False,2026-03-11 17:13:51
440658,MOZ10,Austria,43.2981,8.4282,12496.8,228.78,221.9,False,2026-03-11 17:13:51
4b07c1,HBCYJ,Switzerland,47.1677,7.6234,2103.12,80.08,110.3,False,2026-03-11 17:13:51
348401,ANE98CV,Spain,42.2665,-2.0191,3749.04,162.66,26.48,False,2026-03-11 17:13:51
348402,ANE1343,Spain,44.4033,-0.9364,9144.0,193.67,22.82,False,2026-03-11 17:13:51
3cd06b,GFD5,Germany,54.1931,9.7635,2141.22,143.39,106.68,False,2026-03-11 17:13:51
440668,AUA22S,Austria,52.2724,13.3892,2827.02,152.27,108.31,False,2026-03-11 17:13:51
440666,AUA141,Austria,47.9155,14.4762,9639.3,230.1,267.95,False,2026-03-11 17:13:51
47a1ef,NSZ3659,Norway,54.9993,12.3907,4747.26,171.63,26.72,False,2026-03-11 17:13:51
407cda,GCMRC,United Kingdom,51.858,-0.3442,556.26,41.75,3.53,False,2026-03-11 17:13:51
4cad28,RYR37VN,Ireland,43.3998,6.9887,11582.4,228.63,52.59,False,2026-03-11 17:13:51
440614,EJU87UB,Austria,37.6655,-7.6691,10660.38,250.83,185.89,False,2026-03-11 17:13:51
440612,EJU86PN,Austria,44.8793,13.6988,10972.8,216.08,307.55,False,2026-03-11 17:13:51
4cad25,AFZ21D,Ireland,51.8935,-8.165,396.24,56.82,132.06,False,2026-03-11 17:13:51
48c1bb,RYR59AU,Poland,51.2081,14.9363,8808.72,224.69,276.44,False,2026-03-11 17:13:51
4cad0f,RYR72RR,Ireland,51.9513,3.8679,10767.06,217.29,272.44,False,2026-03-11 17:13:51
398600,AFR31YW,France,48.2513,1.2051,8595.36,231.21,17.35,False,2026-03-11 17:13:51
398601,AFR1095,France,51.5532,-6.4547,8595.36,238.07,104.52,False,2026-03-11 17:13:51
398602,AFR1202,France,46.0501,6.2224,9692.64,232.73,124.46,False,2026-03-11 17:13:51
300447,TJD750,Italy,40.4555,-3.5747,,6.43,312.19,True,2026-03-11 17:13:51
3e232e,PAV621,Germany,44.6666,-2.9859,9966.96,180.4,9.35,False,2026-03-11 17:13:51
4cad1e,KZR922,Ireland,50.0499,8.5934,,0.0,340.31,True,2026-03-11 17:13:51
4070ed,EXS44S,United Kingdom,49.2329,-9.1678,11887.2,238.01,20.63,False,2026-03-11 17:13:51
4070ee,EXS31ED,United Kingdom,43.745,19.3807,10363.2,219.19,322.05,False,2026-03-11 17:13:51
3cd051,ECA3ER,Germany,43.9168,3.3963,10363.2,195.44,305.57,False,2026-03-11 17:13:51
48c1a4,RYR881D,Poland,42.8644,4.8967,11277.6,222.96,232.97,False,2026-03-11 17:13:51
48c1a1,RYR61GE,Poland,48.7798,14.9539,11582.4,231.1,223.29,False,2026-03-11 17:13:51
440625,EJU68NP,Austria,45.4354,5.8979,7856.22,201.25,196.03,False,2026-03-11 17:13:51
4cad13,EAI74G,Ireland,53.2677,-3.2558,4579.62,163.51,127.84,False,2026-03-11 17:13:51
4cad10,RYR1146,Ireland,41.5192,-8.5632,10972.8,202.76,355.63,False,2026-03-11 17:13:51
4cad11,RYR995V,Ireland,39.7801,-0.4073,3246.12,152.75,281.46,False,2026-03-11 17:13:51
4cad12,RYR1XE,Ireland,39.0454,0.975,10668.0,240.44,240.8,False,2026-03-11 17:13:51
44061c,EJU87XQ,Austria,49.6339,6.9322,11567.16,205.84,268.57,False,2026-03-11 17:13:51
44061b,EJU65DW,Austria,45.4293,6.799,11277.6,227.16,132.8,False,2026-03-11 17:13:51
4070e7,EXS31F,United Kingdom,43.7794,18.6749,10980.42,217.57,308.28,False,2026-03-11 17:13:51
45aa4f,DTR73H,Denmark,42.9212,12.9773,5494.02,154.93,6.87,False,2026-03-11 17:13:51
4cad4f,RYR84YG,Ireland,42.5959,-1.6718,10972.8,252.03,79.06,False,2026-03-11 17:13:51
3e1bb3,MCK309,Germany,46.8032,10.0514,4876.8,182.88,60.69,False,2026-03-11 17:13:51
402f2f,GXAVI,United Kingdom,51.4445,-2.0745,883.92,38.49,188.46,False,2026-03-11 17:13:51
34224e,IBE09SE,Spain,36.4763,-5.8384,10066.02,258.71,188.0,False,2026-03-11 17:13:51
4d21d4,CXI25WD,Malta,44.099,-4.1387,10972.8,218.39,25.24,False,2026-03-11 17:13:51
4cad5f,ITY079,Ireland,40.9769,4.0181,9387.84,215.86,103.51,False,2026-03-11 17:13:51
4cad42,SAS65D,Ireland,46.0486,6.4234,11277.6,218.42,209.64,False,2026-03-11 17:13:51
39cf00,AFR253,France,49.5532,8.3292,12192.0,233.55,277.59,False,2026-03-11 17:13:51
3c4581,BOX587,Germany,49.1412,18.4228,8534.4,233.29,301.66,False,2026-03-11 17:13:51
3949e3,AFR804,France,45.3236,-3.4888,11277.6,249.51,216.87,False,2026-03-11 17:13:51
4cad2a,RYR96KY,Ireland,38.8904,-1.1443,7223.76,205.21,325.31,False,2026-03-11 17:13:51
39cf0b,AFR174,France,49.0445,-5.9159,10972.8,221.76,268.94,False,2026-03-11 17:13:51
39cf0c,AFR096,France,48.6888,0.9717,7467.6,209.85,242.56,False,2026-03-11 17:13:51
39cf0f,AFR871,France,39.1605,-4.7618,12192.0,228.51,20.15,False,2026-03-11 17:13:51
4cad57,ITY452,Ireland,45.4553,9.279,,0.06,90.0,True,2026-03-11 17:13:51
3c458c,BOX533,Germany,51.4109,12.2514,,3.6,151.88,True,2026-03-11 17:13:51
4cad3e,RYR384C,Ireland,50.0818,19.8138,228.6,73.66,257.91,False,2026-03-11 17:13:51
4cad3f,RYR90ZG,Ireland,42.1862,-2.4869,10363.2,224.2,23.39,False,2026-03-11 17:13:51
4cad3d,RYR993X,Ireland,43.2529,6.7245,11582.4,228.01,52.79,False,2026-03-11 17:13:51
44eaae,AAB45Z,Belgium,50.9114,3.6214,1432.56,111.73,267.63,False,2026-03-11 17:13:51
4404ef,OECSC,Austria,48.1804,14.0462,274.32,4.74,229.4,False,2026-03-11 17:13:51
49d12f,OKMIL,Czech Republic,50.3926,14.2247,396.24,40.56,105.45,False,2026-03-11 17:13:51
4d21eb,RYR76LN,Malta,53.7526,16.1665,11582.4,217.97,331.68,False,2026-03-11 17:13:51
4d21ed,RYR354T,Malta,51.5222,-3.452,2545.08,148.36,29.5,False,2026-03-11 17:13:51
4d21ea,RYR172V,Malta,37.4179,-5.9155,-30.48,3.86,309.38,False,2026-03-11 17:13:51
ae34bf,SALTY07,United States,49.4711,10.415,,48.55,9.76,False,2026-03-11 17:13:51
407cd1,BAW2MW,United Kingdom,51.4758,-0.4773,,4.63,87.19,True,2026-03-11 17:13:51
4d21fd,RYR94AM,Malta,45.6225,8.7248,,10.8,78.75,True,2026-03-11 17:13:51
4d21fe,RYR998U,Malta,51.4647,11.2009,11277.6,239.3,108.55,False,2026-03-11 17:13:51
342210,PVG0908,Spain,41.0756,4.5163,11269.98,225.41,278.8,False,2026-03-11 17:13:51
4cad7d,EIN718,Ireland,51.8548,-7.7427,6019.8,204.56,95.19,False,2026-03-11 17:13:51
4d21ce,AEZ8765,Malta,40.5351,9.3073,7429.5,211.24,166.34,False,2026-03-11 17:13:51
4d21cf,AEZ145N,Malta,38.4739,12.7212,2727.96,138.44,161.36,False,2026-03-11 17:13:51
4cad86,SAS527,Ireland,52.5973,2.5015,10538.46,222.97,207.63,False,2026-03-11 17:13:51
4083a4,GRESS,United Kingdom,51.6097,0.6655,594.36,65.26,22.72,False,2026-03-11 17:13:51
4cad80,EIN829,Ireland,52.0406,-8.4982,929.64,78.98,245.77,False,2026-03-11 17:13:51
407cb4,RUK42WM,United Kingdom,48.1784,-4.1887,11887.2,243.74,195.3,False,2026-03-11 17:13:51
407cb2,RUK1AK,United Kingdom,53.1203,-2.6455,8839.2,218.99,135.0,False,2026-03-11 17:13:51
3d15bb,DEGMD,Germany,52.1311,7.6703,266.7,27.66,260.36,False,2026-03-11 17:13:51
407cb0,RUK18HG,United Kingdom,48.9627,8.9032,11582.4,212.48,307.42,False,2026-03-11 17:13:51
4d21f1,RYR78WH,Malta,45.1863,7.647,,4.37,120.94,True,2026-03-11 17:13:51
4d21db,KMM420,Malta,38.9681,12.3419,11590.02,221.43,336.59,False,2026-03-11 17:13:51
4d21dc,KMM3493,Malta,44.8826,10.9851,11277.6,246.79,161.53,False,2026-03-11 17:13:51
4cad7e,EIN38W,Ireland,52.4938,-7.1554,7452.36,178.54,293.61,False,2026-03-11 17:13:51
45d965,VKG1839,Denmark,41.6706,-5.6625,10347.96,208.67,26.5,False,2026-03-11 17:13:51
45d961,VKG1173,Denmark,43.7987,-1.407,10972.8,237.24,22.84,False,2026-03-11 17:13:51
4010ed,EZY65AK,United Kingdom,47.5276,-2.9742,11277.6,235.6,193.13,False,2026-03-11 17:13:51
4010eb,EZY39RL,United Kingdom,50.0491,-0.0374,8930.64,243.93,164.09,False,2026-03-11 17:13:51
4010db,EFW3TW,United Kingdom,49.8095,-2.3063,9700.26,241.53,204.27,False,2026-03-11 17:13:51
48b180,SPMMA,Poland,52.5054,17.0806,358.14,60.62,329.95,False,2026-03-11 17:13:51
4406f0,EJU509L,Austria,43.6283,1.3761,68.58,1.29,47.81,True,2026-03-11 17:13:51
406c80,EXS38Q,United Kingdom,52.2011,-0.6673,11582.4,226.57,343.38,False,2026-03-11 17:13:51
3003ad,DLA3EJ,Italy,46.3617,11.5204,9144.0,211.41,339.93,False,2026-03-11 17:13:51
3d0cf8,DEDDW,Germany,50.2244,11.9009,914.4,68.48,48.04,False,2026-03-11 17:13:51
78076d,CCA933,China,49.5904,4.3101,5897.88,166.98,258.45,False,2026-03-11 17:13:51
78076e,CCA931,China,50.0661,8.696,571.5,69.66,249.69,False,2026-03-11 17:13:51
3999e4,PEA302,France,47.0723,3.4097,11826.24,224.81,157.25,False,2026-03-11 17:13:51
33fc6d,LEONARDO,Italy,45.5042,12.4032,175.26,61.95,265.24,False,2026-03-11 17:13:51
39b171,FHMLR,France,48.0702,-1.6741,274.32,40.85,185.78,False,2026-03-11 17:13:51
33fc7f,FIAMM33,Italy,45.6534,9.7156,281.94,49.92,358.23,False,2026-03-11 17:13:51
40738a,ETP08,United Kingdom,51.01,-2.0634,1470.66,61.79,55.52,False,2026-03-11 17:13:51
4d2238,RYR76PT,Malta,38.8707,-4.7952,11277.6,237.28,213.41,False,2026-03-11 17:13:51
4d2235,RYR227P,Malta,51.9167,1.4934,11582.4,212.6,304.15,False,2026-03-11 17:13:51
3986e0,AFR24QN,France,46.7796,-1.4632,1805.94,122.44,306.63,False,2026-03-11 17:13:51
34714e,VOE3ER,Spain,45.3295,10.7925,510.54,84.4,45.49,False,2026-03-11 17:13:51
3986e6,AFR6026,France,43.4911,1.504,830.58,98.05,322.89,False,2026-03-11 17:13:51
3986e7,AFR16JQ,France,46.0821,2.2265,9144.0,217.73,291.05,False,2026-03-11 17:13:51
3986e1,AFR36FR,France,48.995,0.4105,3375.66,159.0,279.31,False,2026-03-11 17:13:51
3986e2,AFR6136,France,44.8685,-0.1146,1836.42,127.0,243.54,False,2026-03-11 17:13:51
3986e4,AFR26SQ,France,47.9402,-2.6343,7155.18,176.9,301.56,False,2026-03-11 17:13:51
4d2232,RYR74SW,Malta,38.1776,-5.4,6934.2,217.25,13.28,False,2026-03-11 17:13:51
3986e9,AFR35SA,France,50.224,7.8493,10668.0,244.19,64.95,False,2026-03-11 17:13:51
406c20,EGSL,United Kingdom,51.8002,0.9259,807.72,48.82,172.13,False,2026-03-11 17:13:51
4d2244,RYR8NN,Malta,43.6173,1.3816,,5.14,143.44,True,2026-03-11 17:13:51
4d2245,RYR2FN,Malta,43.4789,10.6882,3048.0,124.45,355.02,False,2026-03-11 17:13:51
4d2246,RYR9339,Malta,39.8407,-4.406,10972.8,214.29,22.44,False,2026-03-11 17:13:51
4d223a,RYR20BY,Malta,40.3109,-4.1165,4899.66,141.52,121.32,False,2026-03-11 17:13:51
4d222d,RYR34MJ,Malta,52.4152,12.9295,11887.2,231.08,91.66,False,2026-03-11 17:13:51
4d2242,RYR1895,Malta,44.542,11.2707,7.62,73.16,116.75,False,2026-03-11 17:13:51
4d2217,RYR67XR,Malta,45.7649,17.6258,11582.4,225.0,309.81,False,2026-03-11 17:13:51
4d2218,RYR459R,Malta,41.741,13.874,10668.0,235.0,111.85,False,2026-03-11 17:13:51
4d2211,RYR76SP,Malta,42.6487,-4.1712,11277.6,243.13,184.73,False,2026-03-11 17:13:51
485a32,KLM83A,Kingdom of the Netherlands,52.8434,6.152,7010.4,239.86,61.57,False,2026-03-11 17:13:51
4d2214,RYR3413,Malta,50.4695,3.6421,4282.44,186.28,61.1,False,2026-03-11 17:13:51
3c088d,CFG7HP,Germany,47.9501,8.9545,9144.0,217.61,359.86,False,2026-03-11 17:13:51
485a33,KLM93B,Kingdom of the Netherlands,51.7474,0.2321,8709.66,188.21,278.33,False,2026-03-11 17:13:51
4d2226,RYR35YQ,Malta,51.5985,6.3178,655.32,77.74,272.28,False,2026-03-11 17:13:51
4d2229,RYR685H,Malta,46.4649,0.8922,11544.3,221.37,346.84,False,2026-03-11 17:13:51
4d2223,RYR3JU,Malta,50.5758,4.4608,1699.26,126.7,87.21,False,2026-03-11 17:13:51
4d2224,RYR26DU,Malta,39.1817,-8.6674,5341.62,193.96,46.61,False,2026-03-11 17:13:51
34844c,BSO5DN,Spain,41.5959,2.2792,861.06,42.29,233.41,False,2026-03-11 17:13:51
4d220a,RYR68PG,Malta,38.299,-0.6785,457.2,99.71,99.8,False,2026-03-11 17:13:51
407f0e,RUK62NH,United Kingdom,53.3585,-2.2713,,2.57,30.94,True,2026-03-11 17:13:51
4d2278,CXI49DD,Malta,40.7757,-6.2231,10972.8,206.4,25.54,False,2026-03-11 17:13:51
4d226d,RYR2523,Malta,51.7329,4.9213,10972.8,216.1,207.97,False,2026-03-11 17:13:51
40600d,EZY73RG,United Kingdom,49.4671,2.6578,11590.02,211.11,305.28,False,2026-03-11 17:13:51
4d2273,RYR37XB,Malta,36.7488,-4.6025,541.02,94.76,131.48,False,2026-03-11 17:13:51
348447,ECDKC,Spain,41.7959,-0.7086,1371.6,54.62,209.95,False,2026-03-11 17:13:51
4d2272,RYR83QP,Malta,47.7011,2.1416,11277.6,230.83,193.66,False,2026-03-11 17:13:51
44079a,EJU67FR,Austria,45.5455,8.7463,586.74,83.24,349.32,False,2026-03-11 17:13:51
406016,EZY64KC,United Kingdom,47.2119,4.8242,9433.56,226.15,323.42,False,2026-03-11 17:13:51
406015,EZY48QE,United Kingdom,53.1762,-2.383,3116.58,156.83,161.45,False,2026-03-11 17:13:51
406018,EZY3404,United Kingdom,53.3324,0.1111,9608.82,203.8,280.91,False,2026-03-11 17:13:51
348441,AEA63MK,Spain,48.1999,11.78,3962.4,181.75,59.37,False,2026-03-11 17:13:51
4d2288,RYR822G,Malta,42.0176,10.6228,11887.2,238.59,152.94,False,2026-03-11 17:13:51
4d2289,RYR19EZ,Malta,37.1242,14.7288,9883.14,225.51,10.52,False,2026-03-11 17:13:51
4d227c,RYR5188,Malta,53.0282,-1.9331,11277.6,241.7,156.55,False,2026-03-11 17:13:51
4d227f,RYR32JX,Malta,41.3166,-7.6094,11277.6,238.34,209.05,False,2026-03-11 17:13:51
406011,EZY35ZV,United Kingdom,45.6231,-7.1218,11277.6,251.55,169.63,False,2026-03-11 17:13:51
407f7a,,United Kingdom,52.4548,-1.7345,,1.03,143.44,True,2026-03-11 17:13:51
4d226f,RYR2KR,Malta,39.5051,3.0684,10972.8,216.12,65.08,False,2026-03-11 17:13:51
4d2287,RYR5072,Malta,38.1242,-1.4131,11277.6,240.25,207.83,False,2026-03-11 17:13:51
4d2280,RYR8YK,Malta,42.3129,4.3396,11277.6,226.04,210.65,False,2026-03-11 17:13:51
3434c9,HRN127,Spain,40.1742,-0.0074,662.94,87.63,57.71,False,2026-03-11 17:13:51
3c55c2,EWG5T,Germany,48.7096,11.2212,6637.02,184.38,307.06,False,2026-03-11 17:13:51
3c55c1,EWG3EF,Germany,53.6815,10.6746,11277.6,210.52,216.25,False,2026-03-11 17:13:51
40731c,BAW21V,United Kingdom,49.5037,-9.2714,11574.78,228.92,250.71,False,2026-03-11 17:13:51
4d223f,RYR8843,Malta,53.3004,11.1094,11582.4,223.8,316.58,False,2026-03-11 17:13:51
4d2250,RYR1QP,Malta,52.3537,4.8446,10972.8,221.3,299.07,False,2026-03-11 17:13:51
4d225b,RYR3733,Malta,45.4944,12.338,-53.34,79.04,42.1,False,2026-03-11 17:13:51
407f65,EZY38QD,United Kingdom,45.5018,17.4458,11277.6,235.31,121.5,False,2026-03-11 17:13:51
34840a,AEA26SA,Spain,50.662,3.2986,5471.16,184.98,63.93,False,2026-03-11 17:13:51
3c55c6,EWG7Z,Germany,48.6882,9.1944,,0.64,75.94,True,2026-03-11 17:13:51
407f66,EZY6583,United Kingdom,43.1711,9.7748,11285.22,236.13,151.93,False,2026-03-11 17:13:51
407f63,EZY64XA,United Kingdom,47.0505,-3.1327,11285.22,242.73,192.86,False,2026-03-11 17:13:51
3c55c3,EWG3UB,Germany,52.5767,12.9545,3040.38,161.74,92.92,False,2026-03-11 17:13:51
3c55c9,EWG1ER,Germany,51.5632,8.8796,7757.16,186.23,232.97,False,2026-03-11 17:13:51
407f67,EZY51QW,United Kingdom,37.3935,-7.704,10668.0,244.07,185.81,False,2026-03-11 17:13:51
adfd6d,CNV6310,United States,45.7351,12.5892,2346.96,108.9,305.19,False,2026-03-11 17:13:51
407f62,EZY97AW,United Kingdom,50.9592,-0.1604,2331.72,152.14,54.91,False,2026-03-11 17:13:51
4d2261,RYR63GD,Malta,43.3868,4.4969,3634.74,180.98,105.5,False,2026-03-11 17:13:51
400a7d,BAW355,United Kingdom,51.4649,-0.4594,,23.15,270.0,True,2026-03-11 17:13:51
49328f,NJE598T,Portugal,50.7068,5.0328,4587.24,191.58,105.42,False,2026-03-11 17:13:51
493299,NJE996A,Portugal,43.3402,5.7657,12496.8,222.14,233.48,False,2026-03-11 17:13:51
493298,NJE704N,Portugal,51.2295,1.8505,7368.54,208.51,104.72,False,2026-03-11 17:13:51
49328c,NJE245G,Portugal,48.6464,14.9006,13106.4,222.99,44.72,False,2026-03-11 17:13:51
300575,IXPRA,Italy,47.6953,7.3877,10668.0,240.75,129.71,False,2026-03-11 17:13:51
4d216e,EWG37HB,Malta,46.4759,6.387,10988.04,227.92,349.07,False,2026-03-11 17:13:51
493290,NJE579Q,Portugal,50.9116,5.7678,,4.89,300.94,True,2026-03-11 17:13:51
4071d9,EZY36XL,United Kingdom,43.6172,1.3817,,2.57,146.25,True,2026-03-11 17:13:51
493284,NJE871U,Portugal,52.2138,6.743,2110.74,109.79,349.74,False,2026-03-11 17:13:51
493282,NJE133Q,Portugal,41.2562,11.0237,11818.62,186.44,251.17,False,2026-03-11 17:13:51
406ae2,BAW759,United Kingdom,51.4654,-0.2685,632.46,74.6,269.6,False,2026-03-11 17:13:51
300557,DLA7AW,Italy,50.0245,8.5328,,10.29,250.31,True,2026-03-11 17:13:51
300564,DLA3PW,Italy,47.4206,7.4895,8397.24,211.51,197.55,False,2026-03-11 17:13:51
4b19fc,SWR5CY,Switzerland,47.0782,7.54,6240.78,179.36,233.98,False,2026-03-11 17:13:51
4b19ff,SWR9TB,Switzerland,47.4018,9.3876,5791.2,197.95,101.54,False,2026-03-11 17:13:51
48c2ad,RYR9SK,Poland,44.2726,-1.2082,10972.8,238.22,24.9,False,2026-03-11 17:13:51
48c2ab,RYR452H,Poland,50.9516,4.7904,12192.0,216.27,287.01,False,2026-03-11 17:13:51
48c2ac,RYR75BM,Poland,44.1395,18.9897,11277.6,236.15,69.87,False,2026-03-11 17:13:51
48c2b9,RYR9UA,Poland,44.1873,1.7894,11277.6,220.26,230.21,False,2026-03-11 17:13:51
48c2b7,RYR11TZ,Poland,40.5451,15.4081,11887.2,236.33,193.34,False,2026-03-11 17:13:51
48c2b3,RYR8575,Poland,47.4497,-3.2309,11582.4,234.61,32.64,False,2026-03-11 17:13:51
48c2b1,RYR32PQ,Poland,42.7712,15.4247,10972.8,224.88,316.48,False,2026-03-11 17:13:51
3f4e62,GAF110,Germany,54.3083,17.747,5341.62,134.55,252.19,False,2026-03-11 17:13:51
3c07fc,VJH727,Germany,46.5567,1.1073,11887.2,237.3,178.01,False,2026-03-11 17:13:51
407daa,REV929P,United Kingdom,51.3391,0.0387,182.88,55.91,206.8,False,2026-03-11 17:13:51
48c2a6,RYR13KE,Poland,49.1415,12.0794,11277.6,244.04,120.67,False,2026-03-11 17:13:51
48c2a4,RYR7195,Poland,44.0654,-4.4418,11277.6,227.33,214.77,False,2026-03-11 17:13:51
48c2a2,RYR34NM,Poland,45.2616,9.4774,11277.6,232.45,230.57,False,2026-03-11 17:13:51
4cac55,RYR303,Ireland,48.8858,2.7136,10363.2,252.48,71.34,False,2026-03-11 17:13:51
4cac56,RYR35XX,Ireland,45.9757,1.2556,10668.0,236.9,171.13,False,2026-03-11 17:13:51
48e8f3,SPHMA,Poland,47.0444,17.4469,548.64,57.68,272.56,False,2026-03-11 17:13:51
440713,EJU78JM,Austria,49.0273,2.5733,152.4,67.12,265.16,False,2026-03-11 17:13:51
4cac20,RYR97QV,Ireland,40.2695,-2.6024,7117.08,217.84,130.5,False,2026-03-11 17:13:51
343694,ANE96TC,Spain,36.7127,-6.0757,91.44,70.99,20.8,False,2026-03-11 17:13:51
4cac1f,RYR890P,Ireland,38.5457,0.2864,11582.4,224.98,67.83,False,2026-03-11 17:13:51
4cac7a,SAS29Z,Ireland,53.6359,9.9994,,0.0,230.62,True,2026-03-11 17:13:51
4cac88,RYR7812,Ireland,53.4326,-6.1981,266.7,67.16,275.27,False,2026-03-11 17:13:51
4cac85,RYR271X,Ireland,41.8442,-4.2857,11277.6,246.01,184.08,False,2026-03-11 17:13:51
4cac86,RYR170Y,Ireland,41.0419,5.0225,11277.6,227.29,273.5,False,2026-03-11 17:13:51
4cac8e,SAS605,Ireland,51.4382,9.6867,11887.2,217.38,202.98,False,2026-03-11 17:13:51
3483c1,ECOLT,Spain,36.9659,-7.6386,1874.52,67.59,278.32,False,2026-03-11 17:13:51
4d20e9,VJT480,Malta,45.3038,11.1653,11551.92,249.18,166.51,False,2026-03-11 17:13:51
4cac7f,RYR20JF,Ireland,49.9805,3.4479,10843.26,216.16,210.78,False,2026-03-11 17:13:51
48b093,SPMEU,Poland,52.121,17.0641,1988.82,104.47,8.21,False,2026-03-11 17:13:51
4cac64,ABR294,Ireland,43.2484,4.6481,10668.0,219.87,211.61,False,2026-03-11 17:13:51
4d20b5,AJD18FJ,Malta,43.907,-0.8332,13716.0,214.11,208.72,False,2026-03-11 17:13:51
4d20aa,VJT775,Malta,53.7479,-3.8594,4853.94,137.73,305.11,False,2026-03-11 17:13:51
407dca,SRD203B,United Kingdom,50.4462,-5.0024,,0.0,194.06,True,2026-03-11 17:13:51
4d20d1,VJT401,Malta,51.3333,0.6486,1272.54,92.85,317.47,False,2026-03-11 17:13:51
45ab21,JTD804,Denmark,53.4901,7.3812,10363.2,205.58,221.35,False,2026-03-11 17:13:51
3d27d2,DENIG,Germany,47.7258,9.1693,1059.18,33.85,286.78,False,2026-03-11 17:13:51
40834d,PIPE65,United Kingdom,50.7476,-2.6067,388.62,44.25,271.33,False,2026-03-11 17:13:51
408354,NEVIS03,United Kingdom,54.809,-2.0987,1287.78,76.48,160.35,False,2026-03-11 17:13:51
407022,EFW4LY,United Kingdom,37.9111,-7.6369,10675.62,254.46,185.92,False,2026-03-11 17:13:51
4cab80,NOS231,Ireland,44.2431,8.1143,11887.2,254.41,131.39,False,2026-03-11 17:13:51
48c12d,RYR626W,Poland,39.3758,2.7548,10972.8,217.14,67.87,False,2026-03-11 17:13:51
48cd80,SJI1,Poland,49.2087,-2.1839,,5.66,337.5,True,2026-03-11 17:13:51
398465,FHBDF,France,44.192,4.5457,579.12,55.85,95.82,False,2026-03-11 17:13:51
48c135,RYR4423,Poland,41.173,-8.0388,3474.72,167.26,243.51,False,2026-03-11 17:13:51
ab96a4,FDX4,United States,51.0451,-3.8399,11887.2,263.91,90.0,False,2026-03-11 17:13:51
48c126,RYR49PP,Poland,40.5226,7.569,10972.8,214.37,75.26,False,2026-03-11 17:13:51
48978a,LOT81L,Poland,54.1524,18.9884,1729.74,152.2,328.41,False,2026-03-11 17:13:51
407c9c,MOG76,United Kingdom,52.9331,1.0656,11277.6,247.81,109.53,False,2026-03-11 17:13:51
3e3ee4,HRN124,Germany,41.3176,-1.0908,3360.42,130.68,27.17,False,2026-03-11 17:13:51
40837f,GCNDC,United Kingdom,51.1941,-1.2325,182.88,18.89,240.64,False,2026-03-11 17:13:51
4691c7,AEE4084,Greece,42.9301,17.5203,10972.8,221.44,326.27,False,2026-03-11 17:13:51
4691c4,AEE808,Greece,48.3037,11.1928,7444.74,191.1,292.98,False,2026-03-11 17:13:51
4cc4c5,ABD3162,Iceland,46.2886,18.2597,10363.2,240.42,309.62,False,2026-03-11 17:13:51
3431c9,JME210N,Spain,40.4636,-3.565,,0.06,182.81,True,2026-03-11 17:13:51
4d2124,HAT5151,Malta,40.4645,-3.5669,,0.0,2.81,True,2026-03-11 17:13:51
440488,EJU43WM,Austria,44.9638,7.835,5806.44,192.22,93.38,False,2026-03-11 17:13:51
440484,EJU95GD,Austria,42.983,6.3012,11582.4,221.75,51.22,False,2026-03-11 17:13:51
4d210d,VJT617,Malta,37.4173,-5.8204,9395.46,212.39,76.84,False,2026-03-11 17:13:51
44047d,EJU16LZ,Austria,47.4211,4.6388,8199.12,203.93,309.47,False,2026-03-11 17:13:51
3ca4ae,DCS402,Germany,40.9169,-2.6985,8084.82,222.78,66.45,False,2026-03-11 17:13:51
4d2101,WMT756,Malta,38.5594,13.442,9563.1,222.26,150.77,False,2026-03-11 17:13:51
3444c9,VLG8TZ,Spain,42.1183,-1.3163,10066.02,204.12,280.6,False,2026-03-11 17:13:51
710121,SVA113,Saudi Arabia,48.7193,4.6262,10972.8,246.15,309.91,False,2026-03-11 17:13:51
600bc4,AHY600,Azerbaijan,51.4249,6.5777,12192.0,238.78,285.62,False,2026-03-11 17:13:51
40217f,GCRIL,United Kingdom,51.3742,-3.2587,236.22,28.18,248.59,False,2026-03-11 17:13:51
4caada,EAG8BT,Ireland,53.0359,-1.6443,2918.46,153.77,105.52,False,2026-03-11 17:13:51
30015b,IRVRP,Italy,41.781,12.3426,2773.68,128.96,285.98,False,2026-03-11 17:13:51
408303,GCNAX,United Kingdom,52.1321,-1.4472,662.94,43.41,264.56,False,2026-03-11 17:13:51
402cb0,GBPEO,United Kingdom,52.3013,-0.5111,784.86,41.48,262.87,False,2026-03-11 17:13:51
440480,OEAEU,Austria,47.7322,16.2502,906.78,54.62,29.95,False,2026-03-11 17:13:51
4d2133,VJT431,Malta,45.4517,9.2689,,10.29,278.44,True,2026-03-11 17:13:51
44046d,EJU57CZ,Austria,44.8907,7.9657,11064.24,227.63,121.32,False,2026-03-11 17:13:51
3c4dc3,DLH3HR,Germany,49.5759,13.4427,6393.18,204.91,219.81,False,2026-03-11 17:13:51
440469,EJU81QB,Austria,51.1274,8.1943,11574.78,207.57,240.45,False,2026-03-11 17:13:51
4046b6,GUANT,United Kingdom,53.8394,-2.9446,944.88,65.12,64.24,False,2026-03-11 17:13:51
3c54a5,EWG77F,Germany,50.2557,5.4924,8923.02,255.34,51.79,False,2026-03-11 17:13:51
3c4dc2,DLH4ER,Germany,49.7116,7.2456,7078.98,200.11,100.07,False,2026-03-11 17:13:51
440418,JVW739,Austria,44.2821,-4.892,10195.56,188.26,39.34,False,2026-03-11 17:13:51
a134bf,N177SA,United States,52.719,0.1079,1478.28,79.03,156.61,False,2026-03-11 17:13:51
4081bc,BAW834,United Kingdom,52.0247,-4.1442,9753.6,193.0,281.22,False,2026-03-11 17:13:51
4081bb,BAW33A,United Kingdom,49.2826,3.7727,10965.18,223.58,322.76,False,2026-03-11 17:13:51
4b18b9,EDW289K,Switzerland,43.288,0.6638,10980.42,238.39,52.98,False,2026-03-11 17:13:51
4081c0,BAW899,United Kingdom,50.7097,4.7578,11582.4,226.35,298.95,False,2026-03-11 17:13:51
39d2b1,AFR52X,France,48.9903,2.4471,1158.24,103.73,265.45,False,2026-03-11 17:13:51
39d2b3,AFR267,France,49.3567,11.3266,12192.0,238.34,294.08,False,2026-03-11 17:13:51
4d207e,VJT720,Malta,48.7816,3.2059,13716.0,260.94,108.15,False,2026-03-11 17:13:51
3c6917,KLM79J,Germany,47.7576,7.4129,1150.62,94.11,154.42,False,2026-03-11 17:13:51
4d2081,EWG79P,Malta,47.4512,7.6838,10980.42,213.19,216.76,False,2026-03-11 17:13:51
4d2085,EWG24G,Malta,51.4182,12.2195,,0.0,104.06,True,2026-03-11 17:13:51
440437,OECTR,Austria,47.918,13.7677,944.88,51.3,313.78,False,2026-03-11 17:13:51
342091,IBE0681,Spain,41.265,0.7841,10972.8,242.1,87.08,False,2026-03-11 17:13:51
342090,IBS1759,Spain,40.6476,-3.687,2506.98,122.77,308.02,False,2026-03-11 17:13:51
401a35,GBASJ,United Kingdom,53.1644,-3.4149,1127.76,65.03,126.96,False,2026-03-11 17:13:51
4081a9,EXS7D,United Kingdom,43.3687,19.3945,10972.8,226.65,308.46,False,2026-03-11 17:13:51
4081a1,SHT7Z,United Kingdom,51.7079,-0.5108,2705.1,138.16,120.67,False,2026-03-11 17:13:51
3dfa5c,EDL7,Germany,47.7127,10.6656,1310.64,65.26,67.28,False,2026-03-11 17:13:51
39d2a5,AFR198,France,47.3129,11.8287,11277.6,256.99,111.12,False,2026-03-11 17:13:51
39d2a6,AFR92U,France,46.6318,-5.6481,11887.2,239.28,249.62,False,2026-03-11 17:13:51
4d2067,WZZ86CK,Malta,52.1277,12.5954,10988.04,219.82,272.15,False,2026-03-11 17:13:51
39d2a4,AFR199,France,49.2462,11.6232,12192.0,238.0,294.79,False,2026-03-11 17:13:51
4b18f2,EDW371,Switzerland,45.8476,16.3684,11582.4,218.07,302.38,False,2026-03-11 17:13:51
4b18f3,EDW301P,Switzerland,54.4545,-3.1746,10888.98,236.78,156.16,False,2026-03-11 17:13:51
4d208a,VJT754,Malta,40.4723,-3.5349,502.92,64.93,322.4,False,2026-03-11 17:13:51
4d2092,WMT7VN,Malta,45.419,12.2414,563.88,92.88,42.08,False,2026-03-11 17:13:51
01018d,LMU9991,Egypt,50.7256,4.6836,3505.2,175.0,131.19,False,2026-03-11 17:13:51
4b18fe,EDW65V,Switzerland,46.6509,18.223,11582.4,235.84,284.92,False,2026-03-11 17:13:51
344696,VLG8JE,Spain,48.6529,-2.4515,10668.0,236.5,186.24,False,2026-03-11 17:13:51
344698,VLG1CU,Spain,51.0573,0.0651,1691.64,128.43,57.26,False,2026-03-11 17:13:51
344699,VLG1XK,Spain,43.0109,5.0429,10668.0,226.52,230.34,False,2026-03-11 17:13:51
392da3,TJT77JD,France,45.0045,3.3508,7010.4,127.4,238.88,False,2026-03-11 17:13:51
4cc52c,ICE573,Iceland,51.8633,-9.5732,10972.8,214.62,340.39,False,2026-03-11 17:13:51
4402f1,EJU62JK,Austria,47.2636,6.6752,11277.6,221.14,174.66,False,2026-03-11 17:13:51
4402f0,EJU39AY,Austria,39.9728,-7.0819,11277.6,241.5,192.67,False,2026-03-11 17:13:51
392daa,TJT37DR,France,43.6159,1.3801,,2.57,284.06,True,2026-03-11 17:13:51
a2915f,N2648X,United States,51.0146,4.4795,9128.76,151.85,206.13,False,2026-03-11 17:13:51
71bf71,AAR521,Republic of Korea,47.7546,16.9556,11582.4,243.28,294.89,False,2026-03-11 17:13:51
a84ab1,UPS3,United States,50.354,12.7001,10972.8,236.77,312.01,False,2026-03-11 17:13:51
a16a98,N1900W,United States,52.3254,6.8884,11582.4,260.56,313.4,False,2026-03-11 17:13:51
344644,,Spain,41.2916,2.0771,,2.83,101.25,True,2026-03-11 17:13:51
504e87,FIA5738,Republic of Moldova,49.0852,19.1815,10668.0,225.06,119.44,False,2026-03-11 17:13:51
401a01,GBAKW,United Kingdom,51.7628,0.4875,647.7,48.44,210.65,False,2026-03-11 17:13:51
4402b9,EJU62MZ,Austria,49.9542,14.1408,3314.7,156.59,132.34,False,2026-03-11 17:13:51
47a097,NOZ58U,Norway,52.5386,4.7964,1226.82,96.9,241.8,False,2026-03-11 17:13:51
46b8b5,AEE8GM,Greece,36.9213,-4.772,1684.02,129.15,224.19,False,2026-03-11 17:13:51
46b8ad,AEE604,Greece,46.2927,10.5029,11590.02,217.22,300.45,False,2026-03-11 17:13:51
4402e8,EJU9,Austria,51.1444,13.7819,236.22,60.27,219.81,False,2026-03-11 17:13:51
4b1939,CSW630,Switzerland,47.4611,8.5516,388.62,0.0,64.69,True,2026-03-11 17:13:51
407d99,GJFPG,United Kingdom,54.8728,-2.7893,495.3,79.42,349.93,False,2026-03-11 17:13:51
401adc,GBBKA,United Kingdom,53.5701,-0.8409,152.4,30.39,213.96,False,2026-03-11 17:13:51
401add,GBBKB,United Kingdom,53.5352,-0.874,342.9,31.72,188.39,False,2026-03-11 17:13:51
398578,AFR1226,France,45.2582,12.0113,1379.22,130.11,60.9,False,2026-03-11 17:13:51
398579,AFR62VD,France,43.5775,0.8442,11887.2,233.83,193.49,False,2026-03-11 17:13:51
4caa5c,RYR944E,Ireland,41.4553,-8.7199,2125.98,168.29,11.1,False,2026-03-11 17:13:51
406a3e,BAW77B,United Kingdom,53.3104,3.2641,10660.38,221.33,206.8,False,2026-03-11 17:13:51
4caa5a,RYR65ZU,Ireland,37.0494,-8.1008,1257.3,114.43,345.15,False,2026-03-11 17:13:51
06a139,QTR18N,Qatar,46.6306,18.6787,10363.2,243.93,320.91,False,2026-03-11 17:13:51
4caa60,RYR62DM,Ireland,41.5096,-5.9555,10972.8,222.17,31.56,False,2026-03-11 17:13:51
4caa61,RYR4819,Ireland,46.31,1.2005,11277.6,239.88,171.37,False,2026-03-11 17:13:51
39856f,KLM89F,France,44.785,-0.5089,822.96,84.31,286.67,False,2026-03-11 17:13:51
4b193a,ENT2621,Switzerland,48.6887,9.1921,,0.0,343.12,True,2026-03-11 17:13:51
407d75,BAW442K,United Kingdom,52.3036,4.7423,,10.29,146.25,True,2026-03-11 17:13:51
407d5b,WUK91BL,United Kingdom,46.7701,17.947,10965.18,221.23,306.2,False,2026-03-11 17:13:51
4b1942,CSW2KP,Switzerland,47.4516,8.5588,,1.8,185.62,True,2026-03-11 17:13:51
406a34,BAW28K,United Kingdom,54.7127,-2.5503,10363.2,231.43,336.97,False,2026-03-11 17:13:51
06a149,QTR65C,Qatar,42.1604,19.0225,12192.0,246.44,329.8,False,2026-03-11 17:13:51
407d60,JFU88R,United Kingdom,51.878,-0.3492,190.5,47.56,254.31,False,2026-03-11 17:13:51
06a140,,Qatar,50.9018,4.4747,,1.54,334.69,True,2026-03-11 17:13:51
48c22e,RYR17DM,Poland,37.314,-3.7318,11277.6,237.19,225.7,False,2026-03-11 17:13:51
40717c,EXS71AS,United Kingdom,44.8294,16.7559,11582.4,221.52,306.98,False,2026-03-11 17:13:51
48c22f,RYR47AW,Poland,51.9594,13.3303,4000.5,184.01,54.44,False,2026-03-11 17:13:51
40717d,EXS29Y,United Kingdom,46.1346,-4.5177,10972.8,226.8,32.21,False,2026-03-11 17:13:51
40717a,EXS34NR,United Kingdom,45.4962,-2.4875,10972.8,217.61,9.66,False,2026-03-11 17:13:51
a0a0c1,N14EF,United States,51.525,-3.3488,6156.96,108.69,15.09,False,2026-03-11 17:13:51
71bf82,KAL927,Republic of Korea,45.5507,11.5685,10972.8,231.2,284.04,False,2026-03-11 17:13:51
48c232,RYR5DV,Poland,46.5528,6.5992,11277.6,211.17,227.37,False,2026-03-11 17:13:51
48c233,RYR31ZM,Poland,49.7303,14.5846,5326.38,191.39,136.31,False,2026-03-11 17:13:51
48e893,ENT5FA,Poland,49.171,16.467,1013.46,106.82,97.19,False,2026-03-11 17:13:51
406a95,EZY92EB,United Kingdom,53.4245,-1.9723,1470.66,95.75,347.91,False,2026-03-11 17:13:51
406a92,EZY57RY,United Kingdom,40.4576,-3.5688,,5.14,45.0,True,2026-03-11 17:13:51
4b194a,SWR262C,Switzerland,39.4482,-3.0035,10363.2,214.78,20.91,False,2026-03-11 17:13:51
3d24d3,DEMET,Germany,47.8655,10.0288,647.7,25.54,235.67,False,2026-03-11 17:13:51
4b194d,SWR2BV,Switzerland,51.6787,4.1608,3581.4,177.47,355.68,False,2026-03-11 17:13:51
48c225,RYR7AE,Poland,46.8096,16.9066,10058.4,224.55,203.92,False,2026-03-11 17:13:51
48c226,RYR77LT,Poland,48.0211,14.3619,10972.8,231.13,229.97,False,2026-03-11 17:13:51
47a22c,NOZ1CE,Norway,45.3843,0.9649,10972.8,225.77,353.46,False,2026-03-11 17:13:51
48c223,RYR17UK,Poland,38.1381,17.9912,11277.6,234.63,45.27,False,2026-03-11 17:13:51
402db1,GBPOT,United Kingdom,50.8562,-0.2629,274.32,34.05,355.67,False,2026-03-11 17:13:51
3c66c5,DLH715,Germany,48.3449,11.8059,457.2,71.41,263.8,False,2026-03-11 17:13:51
3c66c3,DLH4J,Germany,52.5119,6.9824,11582.4,245.52,319.33,False,2026-03-11 17:13:51
4b066d,HBCLH,Switzerland,47.3351,7.8952,1310.64,55.68,356.29,False,2026-03-11 17:13:51
3c66ba,OCN12D,Germany,48.1042,13.212,10972.8,217.21,313.94,False,2026-03-11 17:13:51
3c66e4,OCN313,Germany,41.7643,-1.5804,10980.42,233.97,39.29,False,2026-03-11 17:13:51
3c66e3,OCN216Z,Germany,48.0212,11.5377,4351.02,207.81,19.83,False,2026-03-11 17:13:51
3c66e2,OCN91D,Germany,39.773,3.2226,1836.42,137.58,243.82,False,2026-03-11 17:13:51
3c66e1,DLH6JH,Germany,50.7167,9.988,9113.52,242.29,58.37,False,2026-03-11 17:13:51
48e83d,SPGIT,Poland,52.794,15.9774,632.46,53.11,81.09,False,2026-03-11 17:13:51
3aac3d,AZUR32,France,43.5335,4.9087,-22.86,27.88,322.5,False,2026-03-11 17:13:51
3c66e6,OCN7R,Germany,41.7489,-1.4743,10355.58,235.15,34.21,False,2026-03-11 17:13:51
3c66e9,OCN3EV,Germany,53.863,11.0951,10972.8,211.59,192.21,False,2026-03-11 17:13:51
4692d3,AEE4021,Greece,38.8934,15.2438,10104.12,247.47,80.91,False,2026-03-11 17:13:51
3d1329,DEFMV,Germany,47.4575,9.7194,914.4,47.56,15.69,False,2026-03-11 17:13:51
780926,B8255,China,50.2397,3.1185,9715.5,239.29,29.21,False,2026-03-11 17:13:51
348213,IBB3RE,Spain,39.1558,-4.3505,10568.94,227.22,222.43,False,2026-03-11 17:13:51
3445d4,IBE05BZ,Spain,38.7627,-9.1459,38.1,68.5,22.52,False,2026-03-11 17:13:51
4d201e,WZZ5629,Malta,41.8234,12.2231,-22.86,75.99,162.67,False,2026-03-11 17:13:51
39244d,FGJCN,France,48.457,1.5055,213.36,30.37,268.06,False,2026-03-11 17:13:51
348203,VLG8PP,Spain,38.0129,-4.193,10469.88,234.13,252.48,False,2026-03-11 17:13:51
348204,VLG29AZ,Spain,39.3574,-0.5287,6720.84,210.03,195.19,False,2026-03-11 17:13:51
4d2049,WZZ9600,Malta,51.5514,5.7171,1333.5,103.07,283.27,False,2026-03-11 17:13:51
4d203c,FJO68N,Malta,39.9272,0.2501,6179.82,203.9,42.55,False,2026-03-11 17:13:51
3ed137,DKUEP,Germany,49.3144,17.0331,327.66,23.98,202.71,False,2026-03-11 17:13:51
3c66b1,OCN2B,Germany,42.6544,-2.3265,10965.18,230.7,28.79,False,2026-03-11 17:13:51
3c66b0,DLH06Y,Germany,43.2676,6.6927,5654.04,179.47,234.21,False,2026-03-11 17:13:51
406a03,BAW7D,United Kingdom,54.013,-1.9422,11125.2,242.61,331.64,False,2026-03-11 17:13:51
406a02,BAW983,United Kingdom,52.2194,8.3507,11574.78,212.12,265.41,False,2026-03-11 17:13:51
3c66a7,DLH28M,Germany,43.809,7.4131,3467.1,154.38,171.76,False,2026-03-11 17:13:51
3c66a6,DLH53U,Germany,48.3448,11.805,434.34,73.0,263.53,False,2026-03-11 17:13:51
3c66a9,DLH6LL,Germany,46.1765,11.6578,10668.0,238.97,182.71,False,2026-03-11 17:13:51
3c66ad,DLH1687,Germany,47.5801,16.717,10370.82,204.06,282.67,False,2026-03-11 17:13:51
3c66ac,DLH16E,Germany,45.6715,4.5601,10058.4,207.88,234.26,False,2026-03-11 17:13:51
3c66ab,DLH4TV,Germany,52.4685,9.5863,815.34,100.32,269.41,False,2026-03-11 17:13:51
3c66aa,DLH24C,Germany,48.6962,11.1762,7772.4,218.32,136.34,False,2026-03-11 17:13:51
3c66ae,DLH1HN,Germany,45.4843,11.3893,10058.4,252.75,169.44,False,2026-03-11 17:13:51
3c66b5,OCN9P,Germany,39.5784,2.7767,106.68,69.26,238.67,False,2026-03-11 17:13:51
4d200c,WZZ6TP,Malta,51.3825,5.951,4023.36,182.94,99.22,False,2026-03-11 17:13:51
4d2020,WZZ13YU,Malta,43.0189,-0.0927,11277.6,217.17,229.71,False,2026-03-11 17:13:51
407bee,ETP115,United Kingdom,51.1428,-1.8152,274.32,50.92,251.75,False,2026-03-11 17:13:51
4082cb,TOM8034,United Kingdom,51.368,2.6231,12192.0,212.88,281.15,False,2026-03-11 17:13:51
407bde,EAG44H,United Kingdom,54.0293,-4.9723,5113.02,135.39,133.15,False,2026-03-11 17:13:51
4082d7,GGKEA,United Kingdom,51.7125,-0.6387,510.54,61.14,165.38,False,2026-03-11 17:13:51
4082bb,BOO332,United Kingdom,51.4574,0.1654,899.16,74.91,246.96,False,2026-03-11 17:13:51
403565,GULZE,United Kingdom,51.6668,-0.5686,426.72,45.86,136.82,False,2026-03-11 17:13:51
4082ab,EZY21DP,United Kingdom,51.1497,-0.1921,,12.35,78.75,True,2026-03-11 17:13:51
48104e,NEPTN65,Kingdom of the Netherlands,52.9414,5.0558,259.08,48.66,236.65,False,2026-03-11 17:13:51
342188,IBS15NM,Spain,39.0607,-5.0324,10233.66,220.41,48.12,False,2026-03-11 17:13:51
401b9a,GBCRL,United Kingdom,52.4946,-0.8176,792.48,55.74,9.03,False,2026-03-11 17:13:51
4b17f9,SWR3CX,Switzerland,47.0968,7.3056,5791.2,179.69,221.4,False,2026-03-11 17:13:51
4b17de,SWR7EB,Switzerland,47.454,8.5612,388.62,0.0,185.62,True,2026-03-11 17:13:51
4b17df,SWR850,Switzerland,47.456,8.5554,396.24,0.0,5.62,True,2026-03-11 17:13:51
48e6d7,BNI8TP,Poland,51.5383,19.8028,594.36,47.94,303.18,False,2026-03-11 17:13:51
4b17e2,SWR448G,Switzerland,49.3625,1.5755,11277.6,229.16,142.2,False,2026-03-11 17:13:51
4b17e6,SWR2GX,Switzerland,40.8361,-6.1891,11582.4,219.91,52.03,False,2026-03-11 17:13:51
4b17fb,SWR9AM,Switzerland,49.1326,9.3957,10340.34,229.51,1.41,False,2026-03-11 17:13:51
4b17fd,SWR465K,Switzerland,46.0397,5.4954,11277.6,205.42,238.1,False,2026-03-11 17:13:51
4b17fe,SWR1ZD,Switzerland,46.335,6.1468,2667.0,127.24,25.63,False,2026-03-11 17:13:51
4403ff,LOD51V,Austria,49.1858,13.7629,11917.68,223.96,122.05,False,2026-03-11 17:13:51
4a81f4,SVF675,Sweden,51.8842,0.487,4953.0,102.43,59.18,False,2026-03-11 17:13:51
458667,CAT513,Denmark,45.3503,6.9045,11582.4,221.87,13.13,False,2026-03-11 17:13:51
44b661,OOMSA,Belgium,51.0671,2.1857,899.16,50.58,265.33,False,2026-03-11 17:13:51
398560,KLM24F,France,43.6221,1.3767,,5.66,143.44,True,2026-03-11 17:13:51
342107,FIN01AD,Spain,54.6967,15.8794,10378.44,238.67,208.17,False,2026-03-11 17:13:51
342105,IBS16WB,Spain,39.5281,1.0922,8763.0,218.18,271.35,False,2026-03-11 17:13:51
342104,IBS1532,Spain,39.827,-5.7281,10965.18,230.7,81.92,False,2026-03-11 17:13:51
398569,AFR56KC,France,51.2033,6.782,3360.42,168.71,48.34,False,2026-03-11 17:13:51
398564,AFR12TZ,France,46.8596,5.7839,8542.02,216.77,321.55,False,2026-03-11 17:13:51
398566,AFR22UR,France,49.4952,11.0779,,0.0,188.44,True,2026-03-11 17:13:51
4403bf,OEKKB,Austria,48.3235,14.695,1493.52,81.1,240.35,False,2026-03-11 17:13:51
71c706,TWB407,Republic of Korea,41.2977,2.0799,,13.89,253.12,True,2026-03-11 17:13:51
4caa58,RYR31RM,Ireland,47.4264,0.9735,11887.2,239.18,170.84,False,2026-03-11 17:13:51
4caa54,EAI39V,Ireland,53.4346,-6.2345,144.78,45.0,275.91,False,2026-03-11 17:13:51
3ce078,LUA470T,Germany,51.8658,7.6698,10058.4,243.16,31.5,False,2026-03-11 17:13:51
404866,GSEXX,United Kingdom,51.1512,0.6742,121.92,31.3,295.3,False,2026-03-11 17:13:51
398570,AFR1100,France,48.9642,2.3236,2110.74,134.38,217.22,False,2026-03-11 17:13:51
39bb20,AFR48LF,France,37.943,-5.449,10972.8,201.32,25.91,False,2026-03-11 17:13:51
407ba8,GCLXB,United Kingdom,50.9875,-0.9011,708.66,118.07,115.0,False,2026-03-11 17:13:51
