icao24,callsign,origin_country,latitude,longitude,altitude,velocity,heading,on_ground,timestamp
a21b74,TWY235,United States,40.7774,-73.8805,,0.0,120.94,True,2026-03-11 17:14:23
aa8c39,UAL1119,United States,28.2916,-98.6688,11887.2,248.25,153.81,False,2026-03-11 17:14:23
aa3cbe,N759PA,United States,41.5879,-112.1959,2438.4,60.36,214.23,False,2026-03-11 17:14:23
a5cb05,N4721B,United States,27.1561,-82.1095,731.52,44.23,33.14,False,2026-03-11 17:14:23
a7b08d,LXJ595,United States,40.8835,-85.9934,13106.4,190.99,261.32,False,2026-03-11 17:14:23
a2e5ec,SKW3884,United States,42.9905,-92.4681,7010.4,167.31,173.29,False,2026-03-11 17:14:23
aa56da,UAL340,United States,39.7061,-104.662,2308.86,90.54,0.0,False,2026-03-11 17:14:23
aa9321,UAL131,United States,47.9874,-80.5244,8534.4,247.17,334.88,False,2026-03-11 17:14:23
a53edd,GPD437,United States,41.4903,-73.1378,259.08,49.05,170.34,False,2026-03-11 17:14:23
a47551,N387AF,United States,40.8024,-111.9229,1821.18,48.22,320.19,False,2026-03-11 17:14:23
ade191,DAL2007,United States,45.1371,-89.3946,7620.0,237.33,103.28,False,2026-03-11 17:14:23
ab6fdd,AAL1943,United States,28.4237,-81.3199,,4.89,0.0,True,2026-03-11 17:14:23
a305fd,SKW3675,United States,44.9506,-118.0494,10668.0,283.41,122.62,False,2026-03-11 17:14:23
a678e5,JTZ516,United States,32.3789,-102.7328,7101.84,173.73,295.43,False,2026-03-11 17:14:23
aa56d8,UAL342,United States,27.6967,-88.4565,10668.0,231.52,160.8,False,2026-03-11 17:14:23
a4d86a,LXJ411,United States,40.7622,-73.415,205.74,49.39,179.4,False,2026-03-11 17:14:23
aa56d4,UAL2227,United States,29.139,-91.0296,10972.8,199.89,284.61,False,2026-03-11 17:14:23
aa56d5,UAL217,United States,38.399,-105.7028,9753.6,192.19,273.22,False,2026-03-11 17:14:23
a0e279,N156WM,United States,26.0096,-80.5081,548.64,77.61,308.54,False,2026-03-11 17:14:23
a5820e,N454MC,United States,33.0506,-82.3594,2385.06,76.9,175.4,False,2026-03-11 17:14:23
aaa6d0,CXK1007,United States,32.7022,-111.106,2987.04,73.14,105.5,False,2026-03-11 17:14:23
a4b20f,N401TP,United States,33.5212,-113.0301,2217.42,77.18,281.53,False,2026-03-11 17:14:23
a33b52,N307WL,United States,28.5994,-82.5912,1036.32,80.23,104.48,False,2026-03-11 17:14:23
ac4963,DAL1357,United States,25.8054,-80.2442,480.06,94.98,80.33,False,2026-03-11 17:14:23
a4d879,N411GM,United States,36.2508,-94.2927,525.78,49.49,339.3,False,2026-03-11 17:14:23
aae316,AAL1013,United States,31.0669,-97.2503,10424.16,199.64,199.42,False,2026-03-11 17:14:23
ac1c0e,N88FW,United States,27.8097,-84.774,10972.8,174.48,280.02,False,2026-03-11 17:14:23
a282e5,MXY516,United States,35.6347,-99.296,10972.8,207.57,261.45,False,2026-03-11 17:14:23
a36898,DAL2852,United States,36.2737,-83.9894,10363.2,234.38,348.22,False,2026-03-11 17:14:23
acdfa3,ASA772,United States,43.7186,-97.4893,10363.2,213.2,307.45,False,2026-03-11 17:14:23
a665c5,GJS4405,United States,41.6995,-74.2656,3116.58,131.29,197.8,False,2026-03-11 17:14:23
ace6b5,LFA683,United States,30.1616,-81.5476,1905.0,64.26,70.84,False,2026-03-11 17:14:23
a1c5f3,N213PG,United States,39.0495,-77.7603,1935.48,50.99,239.04,False,2026-03-11 17:14:23
a9f03c,N74AL,United States,33.4065,-112.7224,518.16,60.52,62.13,False,2026-03-11 17:14:23
abacb6,SCX745,United States,36.4429,-86.9311,10668.0,231.58,146.87,False,2026-03-11 17:14:23
ac96be,AAL607,United States,32.8974,-97.0547,,29.32,2.81,True,2026-03-11 17:14:23
aae327,N800PE,United States,36.5056,-104.1964,11864.34,242.9,88.54,False,2026-03-11 17:14:23
ab76eb,JRE838,United States,39.9976,-82.6372,815.34,70.28,227.67,False,2026-03-11 17:14:23
a57b3f,WUP452,United States,30.2923,-82.2368,6400.8,206.24,185.58,False,2026-03-11 17:14:23
ab63bc,N833CL,United States,40.8625,-99.6538,7178.04,156.86,283.08,False,2026-03-11 17:14:23
a21b44,MXY784,United States,34.2768,-81.9851,8229.6,223.73,3.69,False,2026-03-11 17:14:23
a4751b,N3868Y,United States,33.3854,-112.3064,655.32,90.34,14.51,False,2026-03-11 17:14:23
c08416,CGYAN,Canada,53.6694,-113.8214,777.24,24.33,283.45,False,2026-03-11 17:14:23
aa56b5,UAL2153,United States,38.7771,-122.1435,8900.16,196.07,224.89,False,2026-03-11 17:14:23
a46e40,DAL2564,United States,37.1431,-76.516,10965.18,226.12,210.94,False,2026-03-11 17:14:23
aa56b8,UAL2318,United States,36.1437,-119.1457,10363.2,227.44,349.71,False,2026-03-11 17:14:23
c07d1a,HRT373,Canada,41.7145,-76.0506,3253.74,171.27,131.59,False,2026-03-11 17:14:23
a1d8fd,UAL1149,United States,43.734,-101.2618,10668.0,287.38,81.87,False,2026-03-11 17:14:23
ad5623,AAL3219,United States,33.4321,-111.9926,,3.09,222.19,True,2026-03-11 17:14:23
aa56b4,UAL2190,United States,37.2347,-86.2136,10965.18,196.68,254.84,False,2026-03-11 17:14:23
a22248,N2368P,United States,29.3016,-81.0399,121.92,19.03,161.08,False,2026-03-11 17:14:23
acdfab,DAL2463,United States,41.4272,-91.1898,9456.42,226.41,141.83,False,2026-03-11 17:14:23
ac83aa,N905VR,United States,37.7601,-83.8056,13106.4,228.92,249.2,False,2026-03-11 17:14:23
a0e250,AAL1955,United States,29.5423,-81.3387,10058.4,224.07,357.1,False,2026-03-11 17:14:23
acf9cf,SCA35,United States,33.0558,-111.3033,1280.16,55.96,60.84,False,2026-03-11 17:14:23
a2ded8,SWA256,United States,35.1637,-86.1522,8602.98,225.96,138.51,False,2026-03-11 17:14:23
ac2f5a,SWA3372,United States,41.7974,-88.5509,5829.3,176.97,269.83,False,2026-03-11 17:14:23
a3a57f,N334JM,United States,33.0827,-111.9815,624.84,52.6,356.07,False,2026-03-11 17:14:23
ad694c,SWA3851,United States,33.853,-117.1402,3345.18,170.69,262.55,False,2026-03-11 17:14:23
ab166d,N813VS,United States,27.6146,-82.1924,701.04,59.15,164.88,False,2026-03-11 17:14:23
a2355d,SKW3814,United States,38.8048,-122.9385,9433.56,223.37,166.96,False,2026-03-11 17:14:23
ac83b4,N905WA,United States,26.0023,-80.2578,30.48,26.8,86.7,False,2026-03-11 17:14:23
a665e6,N511HS,United States,35.859,-90.6066,312.42,51.84,229.83,False,2026-03-11 17:14:23
ac2f83,SWA472,United States,30.3908,-82.4065,8061.96,240.89,142.2,False,2026-03-11 17:14:23
ac498d,PCM8704,United States,34.2765,-119.1065,1592.58,82.67,95.36,False,2026-03-11 17:14:23
adeca5,AAL3065,United States,28.668,-92.8716,10363.2,204.96,272.59,False,2026-03-11 17:14:23
a34280,CXK685,United States,28.9276,-98.2989,411.48,56.6,117.03,False,2026-03-11 17:14:23
a76086,N5746Y,United States,28.9924,-81.0619,342.9,57.99,154.8,False,2026-03-11 17:14:23
a2d2fc,BPX281,United States,26.1319,-80.8409,556.26,49.52,147.3,False,2026-03-11 17:14:23
ae6306,HAWK295,United States,27.46,-97.9763,0.0,159.33,44.74,False,2026-03-11 17:14:23
aaef89,AAL3193,United States,39.132,-100.6011,9738.36,182.69,285.01,False,2026-03-11 17:14:23
ae13a9,VEGA21,United States,36.2097,-97.6326,2697.48,113.1,79.25,False,2026-03-11 17:14:23
a47597,DAL1398,United States,42.2043,-71.9021,8001.0,222.74,266.16,False,2026-03-11 17:14:23
a6f0fd,N5463F,United States,39.5629,-79.6,2164.08,83.05,138.01,False,2026-03-11 17:14:23
ab034d,AAL1787,United States,36.1491,-97.3029,12192.0,225.64,266.99,False,2026-03-11 17:14:23
ae1fdc,R72205,United States,32.5688,-116.7214,1905.0,30.39,87.09,False,2026-03-11 17:14:23
ad3c1f,ASA1495,United States,33.2081,-116.4836,7498.08,206.85,23.76,False,2026-03-11 17:14:23
a8e36a,N672CT,United States,30.9537,-97.6332,1371.6,47.34,268.75,False,2026-03-11 17:14:23
ae13a2,VEGA21,United States,36.2311,-97.6047,2872.74,123.83,118.27,False,2026-03-11 17:14:23
a7b057,DAL514,United States,37.5972,-96.5831,9753.6,202.29,265.48,False,2026-03-11 17:14:23
a4757f,N387CB,United States,36.9661,-97.1283,4937.76,180.78,6.7,False,2026-03-11 17:14:23
adffc6,COWBOY1,United States,34.1182,-88.241,6416.04,247.25,61.41,False,2026-03-11 17:14:23
a17711,N194AK,United States,39.7531,-105.1195,2712.72,64.77,186.84,False,2026-03-11 17:14:23
a1fb98,N227G,United States,32.3915,-111.025,1577.34,112.33,188.43,False,2026-03-11 17:14:23
ac1c66,N88KJ,United States,39.2447,-78.7643,2773.68,115.92,75.35,False,2026-03-11 17:14:23
abf008,SWA3975,United States,41.7903,-87.8061,708.66,108.35,247.09,False,2026-03-11 17:14:23
acdfcc,KAP92,United States,45.8854,-108.4881,2049.78,93.87,63.29,False,2026-03-11 17:14:23
abb3be,DAL934,United States,42.4627,-89.2453,11887.2,293.59,87.19,False,2026-03-11 17:14:23
acdfcf,N929CD,United States,40.1638,-105.1623,,5.66,87.19,True,2026-03-11 17:14:23
a710fe,N55420,United States,37.3854,-76.8195,1036.32,51.44,106.26,False,2026-03-11 17:14:23
a46e8d,ASA819,United States,38.602,-121.925,4015.74,182.65,219.74,False,2026-03-11 17:14:23
a4be0e,N4041X,United States,33.7358,-118.2692,121.92,49.37,56.48,False,2026-03-11 17:14:23
aa0938,N746E,United States,40.1496,-83.8008,8359.14,264.81,83.08,False,2026-03-11 17:14:23
a34e9d,DAL488,United States,40.7711,-73.864,,0.06,132.19,True,2026-03-11 17:14:23
ac1c76,TWY188,United States,38.3869,-118.6898,13716.0,272.34,82.62,False,2026-03-11 17:14:23
a59521,N459SF,United States,33.4322,-95.1043,6705.6,235.35,299.03,False,2026-03-11 17:14:23
a1b2ee,JBU623,United States,35.5927,-100.46,9753.6,223.78,260.47,False,2026-03-11 17:14:23
ac234f,UAL2612,United States,28.3696,-82.7845,8442.96,220.18,0.27,False,2026-03-11 17:14:23
a35592,JBU2424,United States,28.4123,-81.3156,,0.0,157.5,True,2026-03-11 17:14:23
ac101f,SWA1892,United States,36.0737,-115.1207,556.26,78.2,270.0,False,2026-03-11 17:14:23
ad5679,DAL3166,United States,34.5462,-83.1041,7741.92,210.41,233.55,False,2026-03-11 17:14:23
acdffc,DAL2755,United States,35.8286,-77.7314,7094.22,235.58,65.9,False,2026-03-11 17:14:23
a798b9,LBQ651,United States,40.0403,-76.5662,2766.06,144.56,53.54,False,2026-03-11 17:14:23
ad90a3,AAL2573,United States,37.1714,-87.4634,10668.0,262.53,103.6,False,2026-03-11 17:14:23
ac70ab,N900RH,United States,34.3184,-84.6647,12192.0,233.41,344.4,False,2026-03-11 17:14:23
ae6322,HAWK272,United States,27.5952,-97.9903,579.12,110.23,45.57,False,2026-03-11 17:14:23
a21b7c,N235EE,United States,33.939,-98.9881,10271.76,220.91,110.59,False,2026-03-11 17:14:23
aadc82,N7995G,United States,40.5796,-74.9492,335.28,45.18,329.93,False,2026-03-11 17:14:23
a963ea,N704FC,United States,41.1896,-112.0192,1287.78,90.24,226.39,False,2026-03-11 17:14:23
ad3006,EJA949,United States,32.9752,-96.8374,,0.0,92.81,True,2026-03-11 17:14:23
a9038b,N680DJ,United States,40.4002,-74.9999,2171.7,160.16,47.08,False,2026-03-11 17:14:23
a59529,N459SP,United States,33.6754,-97.1922,426.72,30.19,256.2,False,2026-03-11 17:14:23
ae631c,HAWK221,United States,26.8898,-96.9231,0.0,217.82,127.03,False,2026-03-11 17:14:23
a798ad,WMN589,United States,37.22,-78.2397,12496.8,251.0,41.93,False,2026-03-11 17:14:23
abfc71,SWA2464,United States,38.756,-76.0403,3360.42,136.84,265.04,False,2026-03-11 17:14:23
aae377,SKW4035,United States,43.7815,-96.5096,3535.68,163.03,46.53,False,2026-03-11 17:14:23
a59530,SCW4010,United States,40.578,-78.1061,7094.22,175.56,258.16,False,2026-03-11 17:14:23
a34e97,DAL334,United States,41.1923,-107.4342,10988.04,207.08,223.29,False,2026-03-11 17:14:23
ac1042,SWA4315,United States,31.0586,-81.9085,10972.8,233.87,204.7,False,2026-03-11 17:14:23
a5951e,SCU52,United States,36.1654,-96.0107,731.52,46.82,0.63,False,2026-03-11 17:14:23
a3556f,JBU1006,United States,36.1236,-86.6772,,2.57,216.56,True,2026-03-11 17:14:23
a46e6a,FFT3978,United States,32.8895,-97.0353,,1.8,289.69,True,2026-03-11 17:14:23
abf025,SWA2667,United States,38.9217,-107.7657,11574.78,192.3,248.17,False,2026-03-11 17:14:23
a3b86c,DAL2320,United States,33.4364,-79.7306,11285.22,243.44,46.46,False,2026-03-11 17:14:23
a4c527,RPA4488,United States,37.5061,-82.1387,10668.0,255.09,67.47,False,2026-03-11 17:14:23
a53ee2,UAL374,United States,38.8188,-77.6188,5196.84,170.44,284.33,False,2026-03-11 17:14:23
ae630b,HAWK210,United States,27.3937,-97.7903,2400.3,134.33,268.24,False,2026-03-11 17:14:23
a9f016,N7399J,United States,35.1401,-80.4834,822.96,27.9,247.22,False,2026-03-11 17:14:23
a94b51,UAL1247,United States,44.0927,-117.2091,9144.0,187.54,295.51,False,2026-03-11 17:14:23
aa8075,ENY3936,United States,41.1889,-86.2378,6240.78,202.25,318.4,False,2026-03-11 17:14:23
a1c722,N2131,United States,29.0408,-83.3612,10066.02,212.0,166.67,False,2026-03-11 17:14:23
a94b50,UAL447,United States,39.1458,-75.2919,9753.6,225.8,222.23,False,2026-03-11 17:14:23
abad94,SWA2935,United States,34.7089,-106.2226,11285.22,256.48,134.27,False,2026-03-11 17:14:23
adda32,BHR92,United States,32.9382,-87.8726,6096.0,96.76,234.96,False,2026-03-11 17:14:23
a7c2be,N6BZ,United States,32.0272,-84.7711,2994.66,77.17,222.84,False,2026-03-11 17:14:23
a71277,N555EW,United States,33.9667,-115.1512,7315.2,119.5,286.25,False,2026-03-11 17:14:23
a94b4d,UAL204,United States,35.2648,-97.8239,10363.2,217.43,307.79,False,2026-03-11 17:14:23
adda24,AAL195R,United States,40.7768,-111.9758,,0.0,84.38,True,2026-03-11 17:14:23
adda23,DAL3033,United States,33.6153,-84.2848,845.82,91.82,290.67,False,2026-03-11 17:14:23
a03d54,FFL1354,United States,47.2037,-93.5856,8587.74,155.58,280.86,False,2026-03-11 17:14:23
accd69,DAL734,United States,47.4755,-115.0757,10972.8,183.82,267.59,False,2026-03-11 17:14:23
ae0116,TEAL29,United States,29.6203,-89.4805,4831.08,169.36,25.55,False,2026-03-11 17:14:23
ab649a,DAL348,United States,33.4337,-112.0114,,0.9,0.0,True,2026-03-11 17:14:23
acd43b,N9258P,United States,30.7114,-87.3043,754.38,87.53,211.54,False,2026-03-11 17:14:23
a9656c,N704WP,United States,34.1046,-118.2715,289.56,56.9,142.72,False,2026-03-11 17:14:23
ae1443,HOBBY18,United States,30.9789,-93.3985,7315.2,142.93,279.53,False,2026-03-11 17:14:23
ab649c,N833MK,United States,40.7588,-74.0095,144.78,37.26,305.45,False,2026-03-11 17:14:23
e8020f,LAN602,Chile,33.9457,-118.4256,,5.92,250.31,True,2026-03-11 17:14:23
0d11cc,VIV7826,Mexico,25.7812,-100.1119,,3.86,267.19,True,2026-03-11 17:14:23
a69b8f,N915AB,United States,29.6574,-99.6963,11894.82,186.9,339.37,False,2026-03-11 17:14:23
4b1881,SWR16F,Switzerland,49.7776,-65.2645,12192.0,203.32,217.39,False,2026-03-11 17:14:23
a08aaa,N134GG,United States,35.8516,-118.1638,4960.62,91.96,8.04,False,2026-03-11 17:14:23
ac1afa,SWA1363,United States,33.2587,-92.7163,10668.0,257.3,83.57,False,2026-03-11 17:14:23
a8f5be,PDT6006,United States,34.6909,-86.1238,4351.02,212.47,71.21,False,2026-03-11 17:14:23
a9520b,N7YJ,United States,28.5167,-81.462,182.88,53.37,72.61,False,2026-03-11 17:14:23
aba15a,CXK1060,United States,40.573,-103.6878,2796.54,54.31,5.98,False,2026-03-11 17:14:23
a9653d,AAL3066,United States,35.6968,-80.1481,11582.4,221.15,201.85,False,2026-03-11 17:14:23
a1c708,N2130J,United States,32.5629,-111.1982,1798.32,71.52,164.56,False,2026-03-11 17:14:23
acd481,AAL1515,United States,35.2305,-107.8647,11582.4,217.11,256.29,False,2026-03-11 17:14:23
a94b2b,UAL2309,United States,32.7347,-117.2042,,0.32,180.0,True,2026-03-11 17:14:23
ac848a,N9053K,United States,33.1367,-85.975,914.4,58.58,172.94,False,2026-03-11 17:14:23
a6f280,LXJ547,United States,39.9632,-107.5373,13716.0,260.82,109.47,False,2026-03-11 17:14:23
ad41cd,SWA3876,United States,32.7848,-97.1906,5158.74,161.59,268.54,False,2026-03-11 17:14:23
a15d0c,N1870G,United States,30.9303,-96.4514,5013.96,156.76,151.58,False,2026-03-11 17:14:23
ad41ed,AAL1649,United States,41.3271,-90.2455,7924.8,189.53,240.93,False,2026-03-11 17:14:23
a127bb,UAL1144,United States,37.5709,-77.6764,11277.6,241.04,32.54,False,2026-03-11 17:14:23
a94b48,UAL1071,United States,34.4112,-115.7484,9448.8,243.24,42.43,False,2026-03-11 17:14:23
a9787f,N7091G,United States,41.6262,-72.1913,426.72,40.53,203.96,False,2026-03-11 17:14:23
ae2790,RDHK724,United States,36.2603,-76.2897,121.92,49.34,168.57,False,2026-03-11 17:14:23
a8f5cd,VAR677,United States,33.4067,-112.6869,350.52,48.37,181.22,False,2026-03-11 17:14:23
a5d28e,UAL1486,United States,34.02,-86.2731,10058.4,231.74,171.06,False,2026-03-11 17:14:23
a46274,N3818C,United States,34.2602,-80.7121,3314.7,134.03,47.8,False,2026-03-11 17:14:23
c0226c,WJA2562,Canada,33.8345,-82.073,10363.2,232.09,185.6,False,2026-03-11 17:14:23
a95234,FLC70,United States,40.8138,-73.5369,609.6,63.36,132.37,False,2026-03-11 17:14:23
a57b5a,UPS5833,United States,34.9723,-101.503,11871.96,240.45,111.46,False,2026-03-11 17:14:23
a0dac5,N154TS,United States,32.1107,-107.7038,11277.6,245.82,103.31,False,2026-03-11 17:14:23
a39d41,N332AD,United States,38.7282,-77.6335,746.76,64.19,153.85,False,2026-03-11 17:14:23
a5823e,GTI8998,United States,28.5334,-98.7196,10675.62,273.07,118.83,False,2026-03-11 17:14:23
a84544,N632BA,United States,35.6682,-87.0814,6918.96,166.96,228.75,False,2026-03-11 17:14:23
a928f4,N69GA,United States,34.254,-98.2896,9258.3,233.07,139.21,False,2026-03-11 17:14:23
a41412,DAL1621,United States,32.3778,-90.2532,10584.18,217.1,180.27,False,2026-03-11 17:14:23
aab9ae,JAS9,United States,38.8457,-77.9113,5890.26,178.27,273.14,False,2026-03-11 17:14:23
a94b0a,UAL1228,United States,38.038,-106.1832,10668.0,263.17,87.31,False,2026-03-11 17:14:23
0c4184,DWI2100,Dominican Republic,25.7083,-80.3627,1981.2,131.35,267.08,False,2026-03-11 17:14:23
a1a110,MXY135,United States,39.1159,-74.2657,7924.8,194.3,226.29,False,2026-03-11 17:14:23
a33aa7,EDV5156,United States,30.4855,-87.1914,15.24,65.51,166.84,False,2026-03-11 17:14:23
a72567,N56JP,United States,29.0324,-80.9015,4556.76,206.5,165.72,False,2026-03-11 17:14:23
a6188e,N492LP,United States,33.4667,-112.3107,883.92,46.54,166.58,False,2026-03-11 17:14:23
aab9c7,OUA24,United States,35.9057,-97.1835,1181.1,72.57,199.46,False,2026-03-11 17:14:23
aa3cef,N759R,United States,44.931,-93.0627,,0.0,59.06,True,2026-03-11 17:14:23
acd47e,ASA121,United States,35.7348,-119.7225,9448.8,240.43,156.01,False,2026-03-11 17:14:23
ac491d,DAL2826,United States,40.8532,-91.0682,10058.4,290.1,70.63,False,2026-03-11 17:14:23
a4c592,JBU424,United States,33.669,-118.4232,3322.32,181.39,108.69,False,2026-03-11 17:14:23
a94b29,UAL770,United States,36.7224,-92.7136,9144.0,195.53,258.93,False,2026-03-11 17:14:23
a30757,N29444,United States,45.8155,-94.3007,1341.12,69.64,192.8,False,2026-03-11 17:14:23
a5958c,SWA2902,United States,33.8087,-118.1386,,11.32,135.0,True,2026-03-11 17:14:23
a26a0d,,United States,33.2027,-97.1959,,4.37,202.5,True,2026-03-11 17:14:23
a8f5c5,N677AM,United States,36.4185,-115.4308,1760.22,47.67,173.18,False,2026-03-11 17:14:23
a785cd,N584LQ,United States,33.7909,-118.2343,640.08,62.35,86.69,False,2026-03-11 17:14:23
a5f87d,N484LP,United States,33.5241,-112.2967,320.04,34.28,205.8,False,2026-03-11 17:14:23
a70b2f,GJS4479,United States,43.0559,-76.3691,906.78,111.18,358.14,False,2026-03-11 17:14:23
a114ed,UPS2627,United States,39.1382,-101.591,10668.0,272.59,73.1,False,2026-03-11 17:14:23
a15d6c,N18728,United States,27.7989,-82.0814,685.8,37.07,87.61,False,2026-03-11 17:14:23
aa099e,JBU1267,United States,26.6833,-80.1087,-38.1,69.54,92.97,False,2026-03-11 17:14:23
aaef21,VXP1124,United States,28.8264,-77.8469,10972.8,252.08,164.86,False,2026-03-11 17:14:23
a6fe6e,N77LA,United States,33.5972,-111.6979,967.74,50.27,197.88,False,2026-03-11 17:14:23
a02a2c,N11DG,United States,25.4083,-96.8465,9364.98,128.9,120.45,False,2026-03-11 17:14:23
a04453,N116UV,United States,40.0283,-112.0853,3048.0,66.76,204.59,False,2026-03-11 17:14:23
a2e723,,United States,26.5878,-81.8492,137.16,48.17,19.98,False,2026-03-11 17:14:23
abd9b6,SWA3401,United States,34.5215,-106.3254,9753.6,216.25,246.0,False,2026-03-11 17:14:23
c02e91,JZA021,Canada,46.129,-64.7542,7924.8,172.23,266.06,False,2026-03-11 17:14:23
c02e94,JZA49,Canada,45.4068,-65.9513,2400.3,118.04,244.44,False,2026-03-11 17:14:23
aaf617,SCX753,United States,26.0775,-80.2562,411.48,93.63,90.0,False,2026-03-11 17:14:23
c01b4f,WJA1089,Canada,43.2634,-112.54,10668.0,192.4,0.0,False,2026-03-11 17:14:23
a7d5cc,N60372,United States,30.4536,-97.769,487.68,45.95,291.68,False,2026-03-11 17:14:23
a091aa,FFL1537,United States,38.2096,-82.965,11269.98,247.34,53.2,False,2026-03-11 17:14:23
0c4155,HI1055,Dominican Republic,25.0781,-77.5866,11887.2,232.06,292.41,False,2026-03-11 17:14:23
a0dab2,SKW5594,United States,43.8684,-76.6035,9144.0,195.92,287.1,False,2026-03-11 17:14:23
aa9f6f,AAL2544,United States,35.1755,-82.1081,8534.4,204.31,268.41,False,2026-03-11 17:14:23
aa43c4,RPA3686,United States,41.9658,-87.8957,236.22,22.12,272.81,False,2026-03-11 17:14:23
a69b86,JIA5186,United States,35.6992,-80.2134,10668.0,254.84,55.86,False,2026-03-11 17:14:23
0d0abd,AMX917,Mexico,25.8531,-100.3675,2994.66,148.17,186.78,False,2026-03-11 17:14:23
a69b87,CNS719,United States,32.463,-100.6219,12192.0,204.86,265.54,False,2026-03-11 17:14:23
0d0abf,VOI1890,Mexico,37.1029,-117.1077,10363.2,200.64,320.51,False,2026-03-11 17:14:23
ac2f37,SWA2811,United States,33.4328,-111.9975,,8.23,90.0,True,2026-03-11 17:14:23
aaf60a,SKW6284,United States,33.4301,-112.0091,,0.0,33.75,True,2026-03-11 17:14:23
a7cee7,N602CH,United States,42.9411,-78.7267,,10.29,45.0,True,2026-03-11 17:14:23
a29748,SWA174,United States,29.4284,-82.6933,11582.4,220.18,0.0,False,2026-03-11 17:14:23
a5827b,N454RM,United States,40.6404,-112.5467,8534.4,108.87,312.51,False,2026-03-11 17:14:23
a1775f,DAL773,United States,43.0867,-86.073,9753.6,197.55,270.45,False,2026-03-11 17:14:23
a247e7,N246SP,United States,32.8012,-85.2199,449.58,50.17,84.11,False,2026-03-11 17:14:23
a8586d,N637HA,United States,40.0262,-77.3921,609.6,28.96,236.59,False,2026-03-11 17:14:23
a2ba48,ENY4199,United States,43.1763,-93.6201,9144.0,200.45,290.9,False,2026-03-11 17:14:23
ab6418,N833GC,United States,36.1595,-115.0564,838.2,68.44,268.71,False,2026-03-11 17:14:23
aa07f9,UAL530,United States,38.5115,-103.6992,9753.6,199.91,253.71,False,2026-03-11 17:14:23
a2d462,OZN939,United States,25.4711,-80.664,883.92,65.15,285.57,False,2026-03-11 17:14:23
a724a8,N56AY,United States,27.6119,-81.7624,5372.1,197.13,173.86,False,2026-03-11 17:14:23
a617df,N492DP,United States,29.5117,-95.5631,556.26,57.52,243.43,False,2026-03-11 17:14:23
ab27e1,N818JE,United States,31.1416,-87.6189,1112.52,106.21,35.54,False,2026-03-11 17:14:23
a88d01,N650CW,United States,31.0116,-93.8735,10454.64,166.98,191.55,False,2026-03-11 17:14:23
a4aaa1,N40DP,United States,32.4993,-97.049,396.24,77.08,25.71,False,2026-03-11 17:14:23
a4c4aa,MAD406,United States,40.2098,-103.3503,12496.8,239.18,99.91,False,2026-03-11 17:14:23
a26a70,N255DV,United States,28.8685,-81.2763,1455.42,108.87,100.62,False,2026-03-11 17:14:23
aa4422,N76016,United States,34.7188,-78.7288,1043.94,40.34,174.14,False,2026-03-11 17:14:23
c03517,WJA1410,Canada,49.5117,-110.265,10668.0,275.39,131.97,False,2026-03-11 17:14:23
a2d44b,OXF9832,United States,32.5327,-111.3401,678.18,45.48,223.63,False,2026-03-11 17:14:23
a71dc2,SKW4715,United States,38.2546,-90.6483,10980.42,237.31,330.38,False,2026-03-11 17:14:23
a88d06,EJM657,United States,32.4703,-93.9357,13716.0,295.64,33.36,False,2026-03-11 17:14:23
ad071d,PDT5792,United States,32.1109,-86.1774,9448.8,250.83,56.38,False,2026-03-11 17:14:23
a39d70,N332CA,United States,33.936,-84.2683,731.52,86.77,204.89,False,2026-03-11 17:14:23
c0481b,ROU2003,Canada,45.1223,-76.4518,9144.0,197.03,229.45,False,2026-03-11 17:14:23
a487ef,EJA391,United States,38.2721,-105.7048,12092.94,154.44,272.1,False,2026-03-11 17:14:23
a39d79,KII332,United States,37.3363,-85.8082,8534.4,201.19,291.45,False,2026-03-11 17:14:23
c0481c,ROU1897,Canada,42.5501,-80.0421,9273.54,206.15,199.38,False,2026-03-11 17:14:23
ad0725,AAL1728,United States,40.498,-81.7161,5829.3,207.14,356.73,False,2026-03-11 17:14:23
a0e1f3,ETA156,United States,37.3108,-100.3961,10363.2,212.28,258.25,False,2026-03-11 17:14:23
a2ba1f,N275LX,United States,28.719,-80.7555,5120.64,186.41,182.53,False,2026-03-11 17:14:23
a1ad7b,AVCON07,United States,37.6759,-97.6772,2270.76,115.27,189.5,False,2026-03-11 17:14:23
a71db6,LXJ558,United States,41.554,-87.9466,5082.54,150.46,202.09,False,2026-03-11 17:14:23
a487f4,,United States,42.3772,-71.0211,,3.09,289.69,True,2026-03-11 17:14:23
a00929,RPA4373,United States,41.6804,-87.9516,3459.48,138.44,192.23,False,2026-03-11 17:14:23
a091db,N136DW,United States,28.8069,-82.4537,1844.04,61.23,180.96,False,2026-03-11 17:14:23
aaedd1,N803JG,United States,27.3975,-100.6979,8534.4,247.02,6.58,False,2026-03-11 17:14:23
a4c4e1,N406WB,United States,41.3411,-71.624,944.88,69.58,308.4,False,2026-03-11 17:14:23
aaa74f,N786FB,United States,26.7253,-82.2404,1143.0,44.43,174.69,False,2026-03-11 17:14:23
accd10,ASA300,United States,42.4622,-103.8265,10668.0,281.41,106.68,False,2026-03-11 17:14:23
a3a4ed,ENY3805,United States,32.6941,-97.2675,6431.28,146.06,170.47,False,2026-03-11 17:14:23
ad072c,TAI440,United States,31.6135,-95.9618,9136.38,229.38,333.21,False,2026-03-11 17:14:23
a1ad73,EJA207,United States,45.6492,-122.7564,609.6,73.51,122.13,False,2026-03-11 17:14:23
c0484c,AB237,Canada,48.8826,-90.1083,4236.72,115.76,317.16,False,2026-03-11 17:14:23
accd18,DAL1248,United States,37.8569,-80.9994,10058.4,253.22,52.59,False,2026-03-11 17:14:23
a0e1c6,N156PH,United States,41.3045,-81.8701,2628.9,157.96,155.77,False,2026-03-11 17:14:23
ab5d4a,AAL2444,United States,33.4937,-97.2451,5410.2,212.71,4.86,False,2026-03-11 17:14:23
a1a116,N204CE,United States,32.9973,-116.764,1844.04,55.41,195.07,False,2026-03-11 17:14:23
a34de0,CXK1032,United States,38.5778,-121.9411,1645.92,63.11,150.72,False,2026-03-11 17:14:23
a1b449,RPA5742,United States,40.7746,-73.8663,,11.32,120.94,True,2026-03-11 17:14:23
a0f4ff,N1607D,United States,34.1667,-118.335,548.64,52.64,291.8,False,2026-03-11 17:14:23
a39100,DAL2976,United States,30.1805,-97.6594,,0.0,177.19,True,2026-03-11 17:14:23
ad67ae,DAL2071,United States,34.3382,-86.1597,7330.44,257.2,108.18,False,2026-03-11 17:14:23
a724b6,N56BM,United States,45.7165,-93.9168,2697.48,102.47,122.49,False,2026-03-11 17:14:23
a3ed91,AAL1099,United States,40.2064,-105.9498,8839.2,286.28,140.76,False,2026-03-11 17:14:23
aaf4c8,DAL937,United States,35.5205,-94.9821,10363.2,198.16,256.79,False,2026-03-11 17:14:23
ad0746,N939BW,United States,39.0753,-100.2299,4815.84,147.76,220.62,False,2026-03-11 17:14:23
aaeddb,JRE803,United States,37.4211,-104.2524,13700.76,219.07,126.12,False,2026-03-11 17:14:23
a0dadb,UPS5775,United States,37.2941,-89.1819,10058.4,281.65,65.96,False,2026-03-11 17:14:23
a70aa1,ASA335,United States,33.6859,-117.8624,-38.1,73.63,207.46,False,2026-03-11 17:14:23
ae270a,C2312,United States,30.8236,-86.7286,2994.66,79.36,266.66,False,2026-03-11 17:14:23
ab14e6,N813EA,United States,37.7645,-91.8696,5486.4,109.67,283.84,False,2026-03-11 17:14:23
ac47de,SWA869,United States,27.7749,-82.447,11277.6,239.5,162.5,False,2026-03-11 17:14:23
a52147,N43FE,United States,38.8543,-78.2113,6873.24,198.07,269.4,False,2026-03-11 17:14:23
a38a0f,N327TW,United States,27.1775,-80.2214,,6.94,289.69,True,2026-03-11 17:14:23
a4fa43,N42LC,United States,39.2184,-74.8033,762.0,52.69,144.14,False,2026-03-11 17:14:23
a3f401,DAL918,United States,33.5369,-84.3735,2644.14,137.36,90.21,False,2026-03-11 17:14:23
a0093b,N101JH,United States,36.4674,-121.2553,2461.26,72.87,321.59,False,2026-03-11 17:14:23
aa3d09,N759SA,United States,48.322,-120.6465,7132.32,133.32,271.99,False,2026-03-11 17:14:23
0d0b8b,AMX695,Mexico,44.0018,-119.1004,11277.6,276.05,143.26,False,2026-03-11 17:14:23
ad0750,JTL939,United States,35.1263,-81.025,2590.8,124.8,254.7,False,2026-03-11 17:14:23
ace72e,CITT45,United States,37.4064,-98.1634,8763.0,210.2,249.21,False,2026-03-11 17:14:23
a40d8d,DAL1676,United States,29.1603,-98.4183,4716.78,203.55,137.56,False,2026-03-11 17:14:23
ab5d80,EJA831,United States,29.624,-98.33,5676.9,212.19,21.03,False,2026-03-11 17:14:23
a461ca,N3813H,United States,30.1961,-89.2081,1783.08,68.25,256.49,False,2026-03-11 17:14:23
c07070,CGQPB,Canada,51.4567,-114.2352,1836.42,43.04,245.27,False,2026-03-11 17:14:23
a39d9b,DAL447,United States,44.0037,-82.0249,9448.8,274.24,79.41,False,2026-03-11 17:14:23
a3915a,AAL2232,United States,29.9609,-99.3817,10668.0,232.25,140.03,False,2026-03-11 17:14:23
a9a266,N72NG,United States,34.1543,-118.2287,3566.16,132.89,354.22,False,2026-03-11 17:14:23
ae1439,VM714,United States,33.3927,-81.7979,1493.52,106.14,204.33,False,2026-03-11 17:14:23
ae0104,BUCKO3,United States,34.6529,-98.7463,922.02,203.75,280.03,False,2026-03-11 17:14:23
a94b72,UAL420,United States,29.9584,-95.343,342.9,89.02,149.43,False,2026-03-11 17:14:23
a3ed2a,N352KP,United States,28.547,-81.3436,,5.14,278.44,True,2026-03-11 17:14:23
a40d7a,DAL760,United States,32.9104,-97.028,,9.77,0.0,True,2026-03-11 17:14:23
a65408,AAL1977,United States,33.3382,-94.7993,10957.56,266.37,85.24,False,2026-03-11 17:14:23
a2c145,N277J,United States,33.8268,-118.1474,998.22,58.93,77.91,False,2026-03-11 17:14:23
abc780,SWA310,United States,38.5198,-105.4622,9791.7,233.06,206.62,False,2026-03-11 17:14:23
acba1b,SWA240,United States,38.2459,-120.744,7383.78,245.51,126.22,False,2026-03-11 17:14:23
a3b7f4,ENY3862,United States,28.3477,-99.0391,10363.2,187.63,201.22,False,2026-03-11 17:14:23
c04826,ROU1933,Canada,43.6976,-79.6309,533.4,84.42,43.52,False,2026-03-11 17:14:23
a4bdb9,RPA4378,United States,33.632,-84.3266,708.66,85.4,269.65,False,2026-03-11 17:14:23
a9a234,N72LG,United States,39.388,-103.023,6949.44,144.63,108.89,False,2026-03-11 17:14:23
ad3ad2,N95103,United States,37.2158,-80.426,746.76,31.3,295.3,False,2026-03-11 17:14:23
a069c4,N1258Q,United States,30.8376,-81.9834,5486.4,103.53,153.43,False,2026-03-11 17:14:23
a3f436,FFT2818,United States,39.8553,-104.6716,,0.0,90.0,True,2026-03-11 17:14:23
ace74e,SKW5077,United States,37.111,-113.4709,1272.54,78.36,203.2,False,2026-03-11 17:14:23
ac21d9,N881DB,United States,35.514,-106.8226,3733.8,118.86,84.54,False,2026-03-11 17:14:23
ad077b,DAL3035,United States,32.8407,-83.4556,5097.78,185.16,318.6,False,2026-03-11 17:14:23
a53436,RPA4435,United States,40.945,-78.0002,9144.0,194.52,281.13,False,2026-03-11 17:14:23
ac712d,SWA527,United States,42.6812,-76.63,9144.0,196.26,255.89,False,2026-03-11 17:14:23
a64d22,N505GJ,United States,44.3948,-90.5878,8983.98,195.18,292.31,False,2026-03-11 17:14:23
a8dbff,N670CW,United States,38.8951,-92.642,4145.28,195.83,119.6,False,2026-03-11 17:14:23
a2f9c0,N291FT,United States,39.8635,-104.4634,2651.76,124.88,94.49,False,2026-03-11 17:14:23
adebc3,N9963W,United States,40.503,-94.8956,2369.82,93.85,225.0,False,2026-03-11 17:14:23
a95dfc,N702WM,United States,40.4376,-104.6046,1821.18,89.49,162.61,False,2026-03-11 17:14:23
a7d78a,EJA604,United States,36.4883,-109.3371,11582.4,209.6,242.99,False,2026-03-11 17:14:23
a63a94,N500GP,United States,40.4623,-75.0655,1219.2,53.65,345.56,False,2026-03-11 17:14:23
a5d1f7,SWA1496,United States,36.1242,-86.6693,,8.75,312.19,True,2026-03-11 17:14:23
a1d9e6,N2182P,United States,34.4665,-117.1693,3413.76,68.98,108.71,False,2026-03-11 17:14:23
a94ae3,UAL561,United States,41.9883,-87.8753,320.04,73.57,270.0,False,2026-03-11 17:14:23
a88d89,N650JG,United States,40.7774,-73.8813,,0.0,295.31,True,2026-03-11 17:14:23
0d0b4b,AMX693,Mexico,40.3952,-82.5192,11590.02,206.19,214.32,False,2026-03-11 17:14:23
a94ae5,UAL1852,United States,30.9038,-102.8184,10058.4,248.95,109.56,False,2026-03-11 17:14:23
acd2d3,EDV5223,United States,42.2777,-75.7822,9441.18,255.26,121.74,False,2026-03-11 17:14:23
a99a52,FFT143,United States,27.2366,-84.4416,10972.8,222.98,229.59,False,2026-03-11 17:14:23
abb2d5,DAL1178,United States,34.7333,-85.5218,7970.52,255.11,142.04,False,2026-03-11 17:14:23
ae5b47,SHINR38,United States,30.828,-98.2088,800.1,60.07,196.42,False,2026-03-11 17:14:23
a7b133,JIA5629,United States,34.8981,-94.8349,8534.4,190.27,206.84,False,2026-03-11 17:14:23
a2f9b3,FDX3647,United States,39.8421,-89.1515,9662.16,287.58,89.8,False,2026-03-11 17:14:23
c2bcd3,SNAK504,Canada,50.1458,-124.8459,3116.58,83.02,227.51,False,2026-03-11 17:14:23
a88d6f,N650HF,United States,33.6442,-117.2075,11148.06,262.33,133.81,False,2026-03-11 17:14:23
a9a1b6,N72FF,United States,35.4269,-119.2921,952.5,55.58,271.59,False,2026-03-11 17:14:23
a6417a,N502BC,United States,42.1405,-97.0866,4267.2,187.73,63.29,False,2026-03-11 17:14:23
aa2a7f,SKW4911,United States,35.2204,-110.727,10668.0,227.21,28.54,False,2026-03-11 17:14:23
a03ce6,AAL2640,United States,32.3275,-78.1754,10363.2,245.56,195.93,False,2026-03-11 17:14:23
a35605,DAL1512,United States,27.0015,-81.9504,9304.02,251.93,152.91,False,2026-03-11 17:14:23
adfecc,PAT839,United States,36.6781,-105.8977,6400.8,124.59,5.69,False,2026-03-11 17:14:23
a76154,DAL499,United States,39.8287,-104.6418,1569.72,70.49,0.84,False,2026-03-11 17:14:23
adfee1,PAT158A,United States,30.8094,-103.3959,6697.98,128.49,292.36,False,2026-03-11 17:14:23
a48902,N3911G,United States,30.2674,-89.3483,2918.46,92.3,249.44,False,2026-03-11 17:14:23
ac1b8b,WSN24,United States,37.2752,-119.2489,7010.4,155.88,89.43,False,2026-03-11 17:14:23
a559c1,ERY44,United States,33.1323,-95.3347,12496.8,249.98,43.58,False,2026-03-11 17:14:23
a03cb6,SKW5325,United States,29.993,-94.9092,2133.6,109.06,270.0,False,2026-03-11 17:14:23
a7b159,N595QA,United States,35.6494,-78.0593,800.1,72.92,212.91,False,2026-03-11 17:14:23
a8947e,DAL8927,United States,39.1794,-119.9002,9578.34,248.72,50.12,False,2026-03-11 17:14:23
a3918f,UPS2905,United States,32.2809,-99.9672,11894.82,243.9,91.21,False,2026-03-11 17:14:23
a5f90a,N484SE,United States,31.1036,-94.9275,9890.76,178.21,357.19,False,2026-03-11 17:14:23
a99a31,N718EH,United States,33.29,-97.8228,891.54,48.87,180.6,False,2026-03-11 17:14:23
a5df05,N478CA,United States,35.4352,-119.0539,,0.0,295.31,True,2026-03-11 17:14:23
c07c7b,ACA162,Canada,46.0992,-83.0222,10668.0,247.7,125.7,False,2026-03-11 17:14:23
a1a18f,ASA889,United States,33.4898,-122.5738,10050.78,223.24,250.48,False,2026-03-11 17:14:23
a9ea11,N738PJ,United States,45.8044,-108.5453,1066.8,30.59,289.65,False,2026-03-11 17:14:23
c07c7a,ACA584,Canada,43.0461,-76.132,8229.6,234.97,148.15,False,2026-03-11 17:14:23
ac2287,N881LA,United States,32.9329,-111.5126,1889.76,49.45,357.02,False,2026-03-11 17:14:23
a069fd,N126AA,United States,28.4003,-82.5401,853.44,52.46,82.11,False,2026-03-11 17:14:23
a10308,CXK243,United States,33.189,-111.5708,1203.96,44.8,158.44,False,2026-03-11 17:14:23
a831e5,SKW5300,United States,29.9935,-95.3076,129.54,73.06,269.19,False,2026-03-11 17:14:23
a594fa,EJA459,United States,33.4985,-101.6758,1706.88,128.61,206.36,False,2026-03-11 17:14:23
a5d1b9,UAL1478,United States,41.0725,-102.0561,10675.62,269.73,149.77,False,2026-03-11 17:14:23
a6eab8,N545CG,United States,36.151,-94.1229,510.54,56.75,8.86,False,2026-03-11 17:14:23
a7d74b,N604ND,United States,40.8161,-73.0763,152.4,29.83,225.0,False,2026-03-11 17:14:23
a030bd,N111JL,United States,33.8893,-118.2388,-30.48,35.89,297.3,False,2026-03-11 17:14:23
ae6269,BLZR213,United States,27.498,-97.8128,,3.6,267.19,True,2026-03-11 17:14:23
ae6267,ROKT21,United States,30.4975,-88.5117,3909.06,155.5,113.6,False,2026-03-11 17:14:23
a7d754,JIA5499,United States,33.5515,-96.1552,6507.48,170.01,219.23,False,2026-03-11 17:14:23
a1fc3b,ENY3441,United States,40.5515,-115.7617,10668.0,268.13,145.4,False,2026-03-11 17:14:23
0d1201,VOI5553,Mexico,25.1776,-100.9298,8260.08,220.7,0.27,False,2026-03-11 17:14:23
a76d5a,JIA5644,United States,37.0482,-92.8246,10668.0,284.42,70.45,False,2026-03-11 17:14:23
0d1202,VOI3181,Mexico,30.786,-113.3163,11582.4,220.76,304.65,False,2026-03-11 17:14:23
a57af9,EJA452,United States,40.7892,-74.4794,4297.68,151.16,257.62,False,2026-03-11 17:14:23
a6f1a4,N54678,United States,33.8696,-118.3777,1028.7,60.39,166.2,False,2026-03-11 17:14:23
a0802e,N131PA,United States,33.6565,-96.6751,502.92,40.21,3.67,False,2026-03-11 17:14:23
a40ca3,N360DM,United States,31.1545,-99.9221,10210.8,218.8,296.08,False,2026-03-11 17:14:23
a40ca4,DAL598,United States,27.9817,-83.4485,10972.8,229.65,201.97,False,2026-03-11 17:14:23
ada588,ERU979,United States,28.3726,-80.8975,1310.64,52.08,203.27,False,2026-03-11 17:14:23
a1fc32,N227ND,United States,27.8026,-82.16,152.4,46.53,161.97,False,2026-03-11 17:14:23
a8e428,LFA531,United States,28.9784,-81.3925,1021.08,36.84,215.91,False,2026-03-11 17:14:23
a2f9f5,N291HW,United States,40.7935,-73.4075,350.52,33.44,194.25,False,2026-03-11 17:14:23
a52162,N43GG,United States,26.7999,-82.5683,10988.04,240.49,142.13,False,2026-03-11 17:14:23
a75a21,LXJ573,United States,27.4851,-82.984,13106.4,219.04,281.65,False,2026-03-11 17:14:23
a83dd0,VAR630,United States,33.3503,-112.5382,678.18,57.31,258.08,False,2026-03-11 17:14:23
a163f2,AAL2317,United States,37.6731,-77.5886,1112.52,131.18,61.93,False,2026-03-11 17:14:23
a9b4a4,RPA3578,United States,47.8953,-90.1448,9144.0,170.7,232.72,False,2026-03-11 17:14:23
a21c4c,ENY3699,United States,25.0724,-79.1936,6705.6,206.61,303.22,False,2026-03-11 17:14:23
a23675,UCA4887,United States,30.3127,-95.1154,3931.92,197.74,39.4,False,2026-03-11 17:14:23
a47623,N387JR,United States,34.0469,-98.7415,2636.52,106.04,131.66,False,2026-03-11 17:14:23
a2f9dd,GXA612,United States,25.5056,-78.7098,6141.72,197.59,292.83,False,2026-03-11 17:14:23
a27cd9,,United States,32.7423,-112.1023,800.1,54.55,51.51,False,2026-03-11 17:14:23
0d0b1b,XBOUZ,Mexico,28.5301,-96.3249,13091.16,166.85,249.61,False,2026-03-11 17:14:23
0d0b1d,XAOOI,Mexico,27.7799,-98.139,8945.88,255.15,78.49,False,2026-03-11 17:14:23
a21c53,AAY9235,United States,35.3285,-110.3374,10965.18,217.16,213.99,False,2026-03-11 17:14:23
440cdc,BQB1,Austria,33.288,-82.8967,11582.4,190.36,246.76,False,2026-03-11 17:14:23
a65487,CXK380,United States,26.7426,-81.8311,685.8,57.69,278.2,False,2026-03-11 17:14:23
a65484,LXJ507,United States,34.012,-111.5943,9227.82,235.68,35.49,False,2026-03-11 17:14:23
a22315,N237FY,United States,28.3215,-80.9313,1310.64,37.61,49.99,False,2026-03-11 17:14:23
0d0b35,VOI5608,Mexico,26.0491,-100.5647,5638.8,169.96,292.61,False,2026-03-11 17:14:23
a163c2,SKW3330,United States,32.7297,-117.1781,,1.54,109.69,True,2026-03-11 17:14:23
a426a5,DAL947,United States,41.194,-89.4611,10675.62,302.1,67.37,False,2026-03-11 17:14:23
a844e0,N63177,United States,34.2369,-119.275,617.22,42.75,309.63,False,2026-03-11 17:14:23
a1bfde,N2112G,United States,33.1548,-97.7709,838.2,48.88,40.73,False,2026-03-11 17:14:23
a8943d,AAL2875,United States,33.75,-83.3198,10332.72,270.49,54.68,False,2026-03-11 17:14:23
a831b2,QXE2499,United States,47.6311,-117.5186,,4.63,174.38,True,2026-03-11 17:14:23
a36968,N319MW,United States,32.6351,-117.1053,220.98,40.55,234.29,False,2026-03-11 17:14:23
a6eacf,DAL450,United States,31.9897,-107.3663,9144.0,214.42,280.37,False,2026-03-11 17:14:23
a977bb,DAL363,United States,44.8815,-74.3606,10363.2,205.53,315.1,False,2026-03-11 17:14:23
a76d90,EJA578,United States,42.8629,-122.42,12192.0,197.2,357.61,False,2026-03-11 17:14:23
a88d62,ABX505,United States,34.1447,-115.5482,7932.42,186.0,266.83,False,2026-03-11 17:14:23
ac47b7,SWA2152,United States,26.4513,-81.8866,662.94,109.37,52.65,False,2026-03-11 17:14:23
c046f7,WJA2798,Canada,34.8982,-78.8854,10858.5,256.49,134.11,False,2026-03-11 17:14:23
a6fdf3,N55K,United States,27.3296,-79.1944,2667.0,76.79,109.16,False,2026-03-11 17:14:23
a0934b,UPS5195,United States,34.0956,-93.4836,10050.78,279.21,47.17,False,2026-03-11 17:14:23
ab772d,DAL898,United States,35.0327,-109.5263,10363.2,211.91,263.17,False,2026-03-11 17:14:23
a65490,GJS4508,United States,39.6653,-75.6244,6195.06,205.35,42.56,False,2026-03-11 17:14:23
a08c77,N1340T,United States,28.2512,-82.1516,121.92,42.3,138.95,False,2026-03-11 17:14:23
c07e2c,ACA1361,Canada,36.7859,-94.1431,11277.6,274.27,39.9,False,2026-03-11 17:14:23
ab5dd4,UAL1479,United States,39.7033,-103.2555,7818.12,247.81,96.08,False,2026-03-11 17:14:23
a6afd2,N53TW,United States,27.1247,-82.5007,327.66,44.03,136.42,False,2026-03-11 17:14:23
a35691,N314KC,United States,32.3308,-98.2577,1074.42,71.36,151.59,False,2026-03-11 17:14:23
aa7a1f,RPA3405,United States,43.0035,-73.9297,4884.42,163.29,159.34,False,2026-03-11 17:14:23
a46345,FFT1099,United States,36.2339,-89.83,10972.8,197.1,271.5,False,2026-03-11 17:14:23
a60652,N488AA,United States,33.5488,-97.0508,922.02,51.7,312.58,False,2026-03-11 17:14:23
abc7c6,SWA3470,United States,34.827,-109.0713,9144.0,212.63,259.97,False,2026-03-11 17:14:23
ace7aa,SWA3312,United States,36.6742,-88.953,10058.4,224.91,151.44,False,2026-03-11 17:14:23
a7cfb7,EDV5370,United States,37.0932,-76.0316,899.16,96.31,199.02,False,2026-03-11 17:14:23
c02ed9,ACA133,Canada,50.3205,-96.6146,12192.0,240.85,291.03,False,2026-03-11 17:14:23
a533bd,UAL2383,United States,39.843,-104.6604,,48.36,0.0,True,2026-03-11 17:14:23
a4bf83,N405DD,United States,37.3002,-120.9092,4899.66,112.05,310.34,False,2026-03-11 17:14:23
abadc0,SWA1590,United States,40.8924,-89.7005,6835.14,238.07,60.06,False,2026-03-11 17:14:23
a5cc35,UAL1295,United States,33.5976,-122.0111,8534.4,214.12,256.66,False,2026-03-11 17:14:23
a520a2,AMF1930,United States,35.1201,-120.6582,2042.16,110.32,142.01,False,2026-03-11 17:14:23
a60665,VAR488,United States,33.3563,-112.6861,525.78,72.81,119.64,False,2026-03-11 17:14:23
ac97ce,N910MR,United States,32.8136,-116.9679,388.62,42.99,111.04,False,2026-03-11 17:14:23
a3301a,N304VS,United States,38.3688,-76.1002,1158.24,121.54,272.67,False,2026-03-11 17:14:23
c0850c,JZA27,Canada,49.0945,-123.5976,891.54,102.11,280.74,False,2026-03-11 17:14:23
c07e32,ACA1039,Canada,42.6634,-98.1388,10972.8,199.75,244.69,False,2026-03-11 17:14:23
c07e33,ACA1077,Canada,44.0904,-85.2751,10363.2,196.27,283.49,False,2026-03-11 17:14:23
ad4407,IFG954,United States,27.5868,-80.7964,1066.8,43.63,142.18,False,2026-03-11 17:14:23
a2cce4,GPD28,United States,40.6488,-75.4408,,0.0,298.12,True,2026-03-11 17:14:23
ac97e4,AAL1911,United States,38.0484,-113.5826,9753.6,191.17,287.7,False,2026-03-11 17:14:23
a41ffe,N365MM,United States,31.6134,-83.6334,1645.92,66.4,157.21,False,2026-03-11 17:14:23
ac97e3,N910NM,United States,39.6248,-102.287,11574.78,283.71,96.45,False,2026-03-11 17:14:23
a413c2,N362AH,United States,35.6371,-80.4674,571.5,76.79,19.16,False,2026-03-11 17:14:23
a3f3dc,EDV5304,United States,33.6288,-84.424,,0.13,272.81,True,2026-03-11 17:14:23
a40cca,N360FA,United States,40.2544,-76.4451,1074.42,33.36,199.83,False,2026-03-11 17:14:23
ac0a22,AAL1275,United States,29.7229,-81.3511,9959.34,228.15,357.29,False,2026-03-11 17:14:23
c07211,CRN888,Canada,47.4784,-117.3961,11887.2,254.56,118.22,False,2026-03-11 17:14:23
a4ac66,N40XS,United States,31.8502,-98.1675,1386.84,80.86,345.26,False,2026-03-11 17:14:23
a2dffe,UAL792,United States,40.3296,-103.1612,8915.4,184.79,255.65,False,2026-03-11 17:14:23
a1f00e,MXY502,United States,33.6982,-98.5834,10972.8,223.85,284.64,False,2026-03-11 17:14:23
a69c3f,N525HQ,United States,34.8033,-80.5325,4221.48,158.36,320.93,False,2026-03-11 17:14:23
ab9a32,DAL2167,United States,45.0431,-93.4578,3017.52,130.63,310.53,False,2026-03-11 17:14:23
ae14a6,RFNK476,United States,26.2005,-97.2278,2392.68,108.81,111.35,False,2026-03-11 17:14:23
abc7e9,SWA1983,United States,33.2367,-96.9897,1691.64,140.91,118.81,False,2026-03-11 17:14:23
c0853f,ACA1031,Canada,43.6789,-79.6127,,0.0,118.12,True,2026-03-11 17:14:23
a9a1eb,N72HJ,United States,37.5269,-78.6438,3627.12,174.81,13.79,False,2026-03-11 17:14:23
a7d6aa,TCF604,United States,27.7431,-80.7407,731.52,50.41,194.18,False,2026-03-11 17:14:23
ad4419,CXK289,United States,40.8635,-72.7007,662.94,40.21,286.35,False,2026-03-11 17:14:23
ae5d27,HRCN04,United States,36.9401,-76.4401,68.58,53.23,69.64,False,2026-03-11 17:14:23
ad574f,AAL654,United States,32.6916,-97.1608,1638.3,122.96,179.52,False,2026-03-11 17:14:23
a7d6ae,LXJ604,United States,36.2898,-92.1451,10668.0,267.61,27.6,False,2026-03-11 17:14:23
a71337,JIA5126,United States,32.0585,-84.2908,7703.82,195.01,232.07,False,2026-03-11 17:14:23
a83f56,SKW6236,United States,33.3168,-95.4238,8549.64,244.56,67.75,False,2026-03-11 17:14:23
a426e0,LXJ367,United States,46.674,-121.952,8923.02,203.94,155.25,False,2026-03-11 17:14:23
c07e62,WJA2560,Canada,38.2075,-76.7409,11582.4,237.54,171.78,False,2026-03-11 17:14:23
ac2439,SWA3626,United States,30.7723,-87.6284,11582.4,198.55,265.99,False,2026-03-11 17:14:23
a2d3b3,SWA3321,United States,38.8158,-77.4142,5181.6,173.2,301.52,False,2026-03-11 17:14:23
a69c63,N525KA,United States,34.1988,-118.357,,6.94,258.75,True,2026-03-11 17:14:23
a1fc56,CXK207,United States,40.8252,-72.7545,1135.38,38.75,174.67,False,2026-03-11 17:14:23
ad9db8,DAL2754,United States,36.2572,-93.2413,8641.08,261.86,89.44,False,2026-03-11 17:14:23
a7e9e7,JIA5316,United States,37.2264,-76.5499,6697.98,215.16,231.21,False,2026-03-11 17:14:23
a9ea96,AAL2032,United States,42.6528,-88.2748,8206.74,200.37,150.8,False,2026-03-11 17:14:23
a1a0a1,JBU1770,United States,25.9594,-78.5854,11277.6,220.32,5.9,False,2026-03-11 17:14:23
a7130c,SWA1274,United States,36.129,-86.6678,,3.09,22.5,True,2026-03-11 17:14:23
ab51c2,N8286E,United States,34.9912,-106.6683,1828.8,45.13,43.15,False,2026-03-11 17:14:23
a73981,BPX277,United States,27.8018,-80.6768,3124.2,61.84,343.07,False,2026-03-11 17:14:23
a0dc82,N1548G,United States,25.9084,-81.6382,396.24,86.72,262.16,False,2026-03-11 17:14:23
a46310,DAL993,United States,36.8975,-80.4702,10843.26,211.73,225.79,False,2026-03-11 17:14:23
a1acdb,RPA5755,United States,41.0669,-73.6385,1242.06,115.31,210.57,False,2026-03-11 17:14:23
a64cdb,DAL166,United States,48.0861,-123.1556,4511.04,209.92,102.74,False,2026-03-11 17:14:23
ab64ee,EJA833,United States,38.0156,-100.9201,13106.4,214.96,302.09,False,2026-03-11 17:14:23
c02ee7,ACA342,Canada,49.4313,-113.6771,10660.38,277.74,86.71,False,2026-03-11 17:14:23
a36994,EDV5172,United States,34.2351,-83.947,3947.16,139.69,207.89,False,2026-03-11 17:14:23
c035bf,JZA691,Canada,42.9785,-73.1749,9144.0,211.66,277.4,False,2026-03-11 17:14:23
ace7bf,EDV5330,United States,42.2071,-75.1935,7620.0,253.24,113.34,False,2026-03-11 17:14:23
ac377b,SWA4340,United States,38.7962,-89.8589,4930.14,190.36,90.62,False,2026-03-11 17:14:23
a65fb5,N51GJ,United States,38.2704,-97.656,11582.4,202.55,266.51,False,2026-03-11 17:14:23
aae465,AAL2897,United States,38.3297,-91.6556,9258.3,193.2,264.81,False,2026-03-11 17:14:23
a5f938,UAL456,United States,29.9635,-97.7501,1226.82,113.48,122.03,False,2026-03-11 17:14:23
ad8aac,N9717C,United States,32.3148,-98.0692,1066.8,36.64,231.84,False,2026-03-11 17:14:23
c048a3,KEW503,Canada,50.4428,-97.2062,7147.56,166.48,10.68,False,2026-03-11 17:14:23
a45051,DAL2775,United States,38.8678,-74.6145,9250.68,229.37,222.64,False,2026-03-11 17:14:23
ace7ee,,United States,25.5282,-78.7802,4632.96,149.35,293.12,False,2026-03-11 17:14:23
a09eb8,N139XL,United States,30.2038,-97.6553,,0.06,261.56,True,2026-03-11 17:14:23
ae14c7,MNTNA46,United States,27.1662,-96.8687,2575.56,70.01,272.11,False,2026-03-11 17:14:23
aba1a0,DAL1318,United States,40.7841,-111.9923,,3.09,87.19,True,2026-03-11 17:14:23
a4d946,N411QS,United States,29.7132,-77.7136,12496.8,212.18,357.36,False,2026-03-11 17:14:23
ab4af1,AAL3233,United States,39.1638,-77.674,10668.0,235.24,16.26,False,2026-03-11 17:14:23
ae4a13,TEXN715,United States,27.6751,-97.2615,3215.64,98.79,269.1,False,2026-03-11 17:14:23
ac245c,SWA6,United States,33.6336,-84.4336,,7.2,70.31,True,2026-03-11 17:14:23
ab0485,AAL2671,United States,32.617,-91.3574,10972.8,190.55,260.21,False,2026-03-11 17:14:23
a4bf41,AAL1135,United States,34.5035,-82.5685,8298.18,221.61,235.5,False,2026-03-11 17:14:23
a4503d,DAL2776,United States,26.8235,-80.3197,7246.62,183.64,339.33,False,2026-03-11 17:14:23
a546c9,RPA4413,United States,43.5161,-74.6915,9144.0,195.68,285.24,False,2026-03-11 17:14:23
ac1d88,N88WZ,United States,36.1955,-115.1748,739.14,49.14,132.88,False,2026-03-11 17:14:23
0d10f8,VIV187,Mexico,25.7798,-100.1132,,3.34,120.94,True,2026-03-11 17:14:23
ac0a58,EJA875,United States,31.4111,-81.0291,13106.4,234.95,189.83,False,2026-03-11 17:14:23
a4bf48,VAR405,United States,33.2332,-113.0086,1470.66,76.58,101.23,False,2026-03-11 17:14:23
a15e20,N1878C,United States,38.1016,-90.0536,3848.1,180.31,335.92,False,2026-03-11 17:14:23
ab9a5c,N847FE,United States,30.9322,-99.4354,3352.8,85.72,103.54,False,2026-03-11 17:14:23
a65fae,KOW51,United States,41.5881,-86.3548,14325.6,291.47,81.27,False,2026-03-11 17:14:23
a9ea5d,SKW4305,United States,45.52,-89.7404,3093.72,145.87,248.05,False,2026-03-11 17:14:23
a8e479,BOG72,United States,38.9856,-94.4385,12489.18,276.97,98.12,False,2026-03-11 17:14:23
a6ff0a,N55WD,United States,35.8434,-96.5684,8610.6,186.58,60.61,False,2026-03-11 17:14:23
a89fa9,N655DS,United States,30.1177,-98.8304,1630.68,46.71,154.56,False,2026-03-11 17:14:23
a85931,QXE2134,United States,36.571,-119.579,10058.4,236.29,152.93,False,2026-03-11 17:14:23
ad9dfd,N977DM,United States,39.3236,-78.9189,12192.0,186.08,209.12,False,2026-03-11 17:14:23
a679dc,N516XX,United States,28.9763,-98.943,4122.42,176.43,38.61,False,2026-03-11 17:14:23
ae0df1,R26750,United States,34.9223,-86.8045,632.46,60.15,282.85,False,2026-03-11 17:14:23
0d10fd,VOI3062,Mexico,32.2609,-116.5275,5082.54,201.83,119.64,False,2026-03-11 17:14:23
0d10fe,VOI5751,Mexico,25.5529,-100.8072,11582.4,192.4,202.31,False,2026-03-11 17:14:23
a52cc8,RPA4446,United States,39.7285,-77.0162,9753.6,195.83,242.29,False,2026-03-11 17:14:23
a05827,RPA4509,United States,36.1111,-78.3786,2087.88,128.5,245.9,False,2026-03-11 17:14:23
a70c08,N553RA,United States,32.9082,-97.4022,914.4,46.2,314.55,False,2026-03-11 17:14:23
a40cfc,ASA835,United States,33.3701,-123.128,11582.4,220.6,255.96,False,2026-03-11 17:14:23
abea47,EJA867,United States,30.5351,-82.0993,13106.4,234.17,184.16,False,2026-03-11 17:14:23
a8e46b,PHM210,United States,29.0892,-90.1843,2095.5,68.8,137.12,False,2026-03-11 17:14:23
a9b4de,UAL1493,United States,27.9729,-83.8973,10363.2,226.85,266.23,False,2026-03-11 17:14:23
ac379a,SWA3521,United States,37.4062,-108.584,11277.6,255.8,75.32,False,2026-03-11 17:14:23
ad5785,EJA959,United States,42.1044,-87.8972,297.18,51.78,339.04,False,2026-03-11 17:14:23
aad162,N7965M,United States,40.9284,-72.6169,2270.76,148.25,326.75,False,2026-03-11 17:14:23
a5cc19,UAL1742,United States,39.239,-81.9174,9745.98,240.69,352.63,False,2026-03-11 17:14:23
ae14bc,MNTNA44,United States,27.6429,-97.1845,586.74,85.36,100.77,False,2026-03-11 17:14:23
a5cc13,UAL2666,United States,34.3412,-116.9544,4846.32,191.31,221.62,False,2026-03-11 17:14:23
a5cc11,UAL2128,United States,36.629,-121.1591,8724.9,243.32,129.68,False,2026-03-11 17:14:23
a008c9,DAL1433,United States,44.2763,-91.6023,7703.82,220.24,118.0,False,2026-03-11 17:14:23
a4d971,N411SK,United States,29.1872,-82.2211,2065.02,74.34,204.97,False,2026-03-11 17:14:23
ac71e7,AAL2521,United States,32.9078,-97.0319,,8.23,180.0,True,2026-03-11 17:14:23
ac247a,SWA426,United States,34.9036,-109.3253,9753.6,224.29,245.9,False,2026-03-11 17:14:23
acc23f,DAL1325,United States,26.6278,-79.1075,7962.9,234.45,32.82,False,2026-03-11 17:14:23
a7b0c4,JBU597,United States,40.1048,-73.0734,10614.66,222.72,226.68,False,2026-03-11 17:14:23
a70c9f,N553XB,United States,41.3121,-73.9281,685.8,84.04,352.61,False,2026-03-11 17:14:23
a45091,DAL801,United States,38.6762,-77.5786,7658.1,173.84,228.48,False,2026-03-11 17:14:23
a0454a,N1163M,United States,27.2543,-99.2112,5196.84,175.43,322.63,False,2026-03-11 17:14:23
a27e43,N26SQ,United States,41.269,-112.0099,12192.0,186.49,177.0,False,2026-03-11 17:14:23
a903cd,N680G,United States,33.4928,-116.4662,9387.84,237.71,90.99,False,2026-03-11 17:14:23
a82039,N6221U,United States,36.4139,-77.7533,2103.12,87.91,55.01,False,2026-03-11 17:14:23
a84699,EJA632,United States,31.3815,-81.3657,12496.8,233.37,25.04,False,2026-03-11 17:14:23
a368b2,EPI599,United States,28.9488,-81.0211,1150.62,53.15,62.94,False,2026-03-11 17:14:23
ad8b61,LYM3912,United States,42.9421,-88.19,7124.7,198.94,339.41,False,2026-03-11 17:14:23
a6f367,GPD547,United States,41.9717,-72.6811,4107.18,149.15,45.56,False,2026-03-11 17:14:23
a235b7,SWA2948,United States,37.4816,-78.4122,7597.14,214.39,211.06,False,2026-03-11 17:14:23
a8467b,N632PM,United States,38.1402,-121.2279,1851.66,82.9,335.82,False,2026-03-11 17:14:23
a248e3,AVL312,United States,38.5348,-77.7767,944.88,43.42,216.33,False,2026-03-11 17:14:23
a14b1a,UAL2269,United States,39.7409,-103.727,6149.34,224.21,95.27,False,2026-03-11 17:14:23
ad42fa,N9536D,United States,34.273,-118.4319,365.76,40.07,119.2,False,2026-03-11 17:14:23
ad8b92,N972FB,United States,28.1812,-81.1863,1927.86,138.97,81.27,False,2026-03-11 17:14:23
a17847,AAY1790,United States,27.9065,-82.6878,,17.49,171.56,True,2026-03-11 17:14:23
ad8b97,N972FG,United States,40.3966,-74.6776,777.24,39.16,189.83,False,2026-03-11 17:14:23
a9665f,N7044S,United States,38.5986,-77.7164,792.48,45.04,256.12,False,2026-03-11 17:14:23
a15e22,N1878E,United States,30.1891,-97.6588,,7.46,177.19,True,2026-03-11 17:14:23
ade252,JBU2829,United States,42.3564,-71.0131,,3.86,194.06,True,2026-03-11 17:14:23
a008ef,N101FG,United States,31.0628,-86.1869,10972.8,159.82,291.53,False,2026-03-11 17:14:23
aba281,AAL1932,United States,41.8846,-87.9932,2293.62,158.47,90.93,False,2026-03-11 17:14:23
a7b0ce,N595JM,United States,42.0804,-71.5867,1036.32,65.16,132.76,False,2026-03-11 17:14:23
a8dccc,N670MA,United States,28.439,-81.6676,792.48,50.64,249.17,False,2026-03-11 17:14:23
ae62f9,HAWK222,United States,27.394,-97.7899,0.0,135.98,267.18,False,2026-03-11 17:14:23
ae62f7,BLZR201,United States,27.204,-97.9963,2727.96,157.83,17.25,False,2026-03-11 17:14:23
a2e806,ASA298,United States,47.3934,-122.3088,685.8,98.79,180.9,False,2026-03-11 17:14:23
aa8164,AAL1422,United States,36.0007,-89.556,10888.98,203.87,187.39,False,2026-03-11 17:14:23
ae0250,HOBBY55,United States,30.7516,-90.4602,7627.62,135.9,286.72,False,2026-03-11 17:14:23
a3f518,EJA354,United States,36.334,-82.3936,12687.3,186.36,237.06,False,2026-03-11 17:14:23
addb62,N992PM,United States,30.562,-90.0389,114.3,30.94,176.19,False,2026-03-11 17:14:23
a52e1c,N43287,United States,40.5204,-75.0391,579.12,62.41,60.9,False,2026-03-11 17:14:23
a1ae05,SWA3110,United States,33.7982,-86.7434,1950.72,154.18,102.13,False,2026-03-11 17:14:23
a57041,N45FA,United States,26.2491,-81.2281,914.4,41.06,142.13,False,2026-03-11 17:14:23
ad928b,ASA473,United States,46.9304,-121.206,8442.96,154.55,304.7,False,2026-03-11 17:14:23
ad928e,AAL3151,United States,31.6977,-97.2643,10439.4,200.88,186.47,False,2026-03-11 17:14:23
a04597,N1165U,United States,29.7901,-98.3209,1409.7,62.42,113.82,False,2026-03-11 17:14:23
a5cc63,N473BL,United States,30.5824,-87.4641,1485.9,65.61,61.43,False,2026-03-11 17:14:23
a9c93f,N73FR,United States,26.3993,-80.2218,731.52,44.92,110.1,False,2026-03-11 17:14:23
a26b51,AAY681,United States,46.7421,-98.7271,7909.56,227.66,40.6,False,2026-03-11 17:14:23
a6ec56,AAL3068,United States,36.7617,-90.1391,11262.36,252.0,108.69,False,2026-03-11 17:14:23
a5cc4c,AAL2038,United States,33.4209,-111.5628,5097.78,224.32,63.73,False,2026-03-11 17:14:23
a9c950,N73GH,United States,32.6464,-80.8749,4457.7,201.23,320.08,False,2026-03-11 17:14:23
c02f6a,WJA2261,Canada,28.2283,-93.4536,10363.2,241.29,336.77,False,2026-03-11 17:14:23
a2bb10,SWA1841,United States,35.5044,-119.446,10492.74,214.48,329.44,False,2026-03-11 17:14:23
c083aa,,Canada,49.192,-123.2032,,3.34,258.75,True,2026-03-11 17:14:23
a9b62c,AAL103,United States,48.6594,-66.5429,9144.0,215.14,216.54,False,2026-03-11 17:14:23
aaf70f,N8052A,United States,32.9727,-96.6338,617.22,61.95,101.5,False,2026-03-11 17:14:23
a1a218,ENY3541,United States,41.416,-94.8869,9144.0,199.09,270.3,False,2026-03-11 17:14:23
a5e67d,N48CL,United States,35.6784,-77.6895,1828.8,59.54,282.48,False,2026-03-11 17:14:23
ae62fd,HAWK285,United States,26.8538,-98.1312,4572.0,182.77,267.74,False,2026-03-11 17:14:23
a653f7,N507AF,United States,33.4582,-96.9254,1676.4,37.56,270.78,False,2026-03-11 17:14:23
c01c52,ACA104,Canada,49.1636,-120.3027,9433.56,306.1,82.56,False,2026-03-11 17:14:23
ad9293,DAL3012,United States,33.6469,-85.6419,5928.36,193.61,261.29,False,2026-03-11 17:14:23
a235f5,CXK230,United States,35.5981,-80.601,883.92,43.85,301.08,False,2026-03-11 17:14:23
a475a3,DAL973,United States,39.6232,-76.7326,10355.58,213.45,236.0,False,2026-03-11 17:14:23
a8e3b3,FFT4928,United States,34.247,-115.203,10287.0,240.67,48.99,False,2026-03-11 17:14:23
a1c868,ASA420,United States,47.4103,-120.6042,6873.24,255.31,91.96,False,2026-03-11 17:14:23
a57061,N45GH,United States,34.5607,-110.2498,10447.02,226.08,245.53,False,2026-03-11 17:14:23
ad07a6,NFX102,United States,35.6271,-119.9433,6278.88,165.06,125.87,False,2026-03-11 17:14:23
a9c937,N73FH,United States,36.5206,-102.7132,10058.4,210.09,125.13,False,2026-03-11 17:14:23
ab0416,JBU547,United States,28.4163,-81.3141,,0.0,109.69,True,2026-03-11 17:14:23
ac1d18,N88SM,United States,39.6977,-74.7112,243.84,48.38,234.96,False,2026-03-11 17:14:23
a355b1,ENY4102,United States,40.3891,-119.5708,10363.2,203.56,342.8,False,2026-03-11 17:14:23
aa7a3c,SWA2387,United States,41.6223,-92.7467,3611.88,151.93,262.8,False,2026-03-11 17:14:23
a41510,N362PS,United States,28.5777,-81.8182,1287.78,51.82,155.98,False,2026-03-11 17:14:23
aaa7bd,N786KM,United States,28.3883,-81.7828,838.2,57.42,167.58,False,2026-03-11 17:14:23
a1fbb2,N227HA,United States,37.7109,-122.2156,,0.0,306.56,True,2026-03-11 17:14:23
ab5dab,SKW3821,United States,42.2287,-83.3646,350.52,68.16,208.89,False,2026-03-11 17:14:23
ab77d5,UAL8105,United States,39.6248,-87.8342,11826.24,198.17,178.07,False,2026-03-11 17:14:23
c083f2,ACA1023,Canada,30.5973,-81.4005,11887.2,226.05,357.52,False,2026-03-11 17:14:23
a368dd,N319GG,United States,38.7325,-122.4085,5387.34,185.66,227.25,False,2026-03-11 17:14:23
a27e61,N26TV,United States,39.9433,-86.1163,1280.16,132.89,87.12,False,2026-03-11 17:14:23
ac97b1,N910LM,United States,34.1997,-119.0689,556.26,92.62,271.27,False,2026-03-11 17:14:23
a0589c,N121NG,United States,35.5801,-85.1175,2438.4,61.08,302.62,False,2026-03-11 17:14:23
a83340,N62745,United States,36.7489,-76.4399,365.76,61.32,86.63,False,2026-03-11 17:14:23
a7134a,N555PG,United States,30.2353,-98.4336,5920.74,161.54,0.0,False,2026-03-11 17:14:23
a355a8,N31396,United States,41.4982,-74.2526,1066.8,41.27,184.29,False,2026-03-11 17:14:23
aa2abc,AAL1714,United States,38.4782,-77.1517,3131.82,169.41,16.95,False,2026-03-11 17:14:23
ab0425,JRE809,United States,33.9454,-97.197,8694.42,231.39,5.1,False,2026-03-11 17:14:23
a1522b,CXK138,United States,39.9995,-111.8579,2301.24,51.62,150.11,False,2026-03-11 17:14:23
ab64b8,AAL1534,United States,38.2472,-84.1574,8534.4,207.03,265.15,False,2026-03-11 17:14:23
a9af29,SKW5479,United States,40.744,-75.9079,2537.46,162.83,104.08,False,2026-03-11 17:14:23
a6ec65,VOC4000,United States,28.0682,-81.1616,4267.2,158.95,342.09,False,2026-03-11 17:14:23
a27e53,N26TF,United States,33.8344,-117.4509,868.68,42.11,154.69,False,2026-03-11 17:14:23
a5487b,GJE1021,United States,41.831,-88.2745,678.18,71.65,12.44,False,2026-03-11 17:14:23
ac9850,SKW5743,United States,42.1808,-105.8985,6096.0,182.43,330.62,False,2026-03-11 17:14:23
a5ded5,N478AC,United States,32.2681,-97.3679,1242.06,44.02,224.53,False,2026-03-11 17:14:23
c04969,BF1915,Canada,48.3891,-89.2522,419.1,59.91,249.39,False,2026-03-11 17:14:23
a51b58,SWA295,United States,41.1085,-79.6293,12192.0,182.03,278.45,False,2026-03-11 17:14:23
ac48f2,SWA663,United States,38.2054,-118.5595,10668.0,266.84,85.36,False,2026-03-11 17:14:23
a6b841,N532EB,United States,32.6664,-80.7977,1150.62,74.56,152.02,False,2026-03-11 17:14:23
a39243,JBU2784,United States,37.6573,-75.7657,11277.6,232.3,30.77,False,2026-03-11 17:14:23
a2d573,ASA9421,United States,44.5159,-116.8879,12153.9,288.97,116.88,False,2026-03-11 17:14:23
ab0ef9,VXP344,United States,41.2641,-72.8877,,12.35,2.81,True,2026-03-11 17:14:23
a6b840,JIA5637,United States,43.1561,-86.8057,5349.24,161.59,268.54,False,2026-03-11 17:14:23
a9c8b1,FFP73,United States,35.3441,-98.1606,1645.92,99.42,96.54,False,2026-03-11 17:14:23
abae2c,SWA1599,United States,32.7284,-116.3755,7406.64,231.11,88.09,False,2026-03-11 17:14:23
aa5868,CXK664,United States,40.7614,-74.429,373.38,56.81,35.42,False,2026-03-11 17:14:23
aa4535,N76091,United States,33.9517,-117.4437,,1.29,177.19,True,2026-03-11 17:14:23
aa5865,CPT8593,United States,46.8955,-98.2099,2369.82,86.04,266.92,False,2026-03-11 17:14:23
a38b61,JBU322,United States,31.3625,-78.3606,11277.6,213.83,7.6,False,2026-03-11 17:14:23
aa2b21,RPA3426,United States,41.7952,-87.7997,2209.8,142.25,155.2,False,2026-03-11 17:14:23
a39e7d,AAY1309,United States,30.4513,-82.8693,7360.92,208.54,155.21,False,2026-03-11 17:14:23
a5dee4,N478AT,United States,26.5451,-80.1636,182.88,35.0,88.32,False,2026-03-11 17:14:23
a33bf5,N3072D,United States,30.5359,-90.4315,213.36,57.22,3.61,False,2026-03-11 17:14:23
a1a260,N204RK,United States,26.1566,-81.9994,1600.2,76.51,327.91,False,2026-03-11 17:14:23
a21bea,RPA5741,United States,35.182,-80.6324,3284.22,181.2,74.86,False,2026-03-11 17:14:23
a3088f,FDX697,United States,35.1191,-89.9888,510.54,66.37,179.56,False,2026-03-11 17:14:23
a3db5e,DAL1196,United States,28.3659,-83.1235,9113.52,243.71,162.18,False,2026-03-11 17:14:23
a69bcd,DAL464,United States,47.1584,-81.7904,9144.0,194.79,284.84,False,2026-03-11 17:14:23
a4abde,N40SF,United States,31.3008,-84.2451,1470.66,65.04,8.64,False,2026-03-11 17:14:23
a2e87e,FDX3824,United States,39.9559,-122.7701,11277.6,242.52,177.57,False,2026-03-11 17:14:23
ab4b43,N827EC,United States,41.3018,-103.5654,4114.8,79.07,57.76,False,2026-03-11 17:14:23
aaa86a,SKW5787,United States,36.9615,-119.5287,3040.38,139.72,53.38,False,2026-03-11 17:14:23
a355f4,N314CW,United States,38.2809,-102.4572,12192.0,175.73,264.46,False,2026-03-11 17:14:23
ad68f0,SKW5087,United States,31.4073,-89.7678,3825.24,143.13,267.73,False,2026-03-11 17:14:23
a52259,N43SD,United States,28.0182,-82.8045,243.84,46.07,6.41,False,2026-03-11 17:14:23
a2c224,SKW3787,United States,35.7207,-86.3997,10058.4,243.75,135.86,False,2026-03-11 17:14:23
a57bf8,N4520X,United States,25.9297,-80.2075,60.96,39.65,44.47,False,2026-03-11 17:14:23
ab5e6c,SWA3552,United States,33.491,-112.196,2339.34,129.66,0.91,False,2026-03-11 17:14:23
8015a5,AIC191,India,42.8671,-63.5702,8534.4,222.81,265.9,False,2026-03-11 17:14:23
a9a399,AAL51,United States,48.1973,-93.6091,10363.2,230.86,209.65,False,2026-03-11 17:14:23
a858f6,JIA5141,United States,34.7921,-95.5262,9410.7,281.55,37.87,False,2026-03-11 17:14:23
a9a397,ASA21,United States,47.4714,-114.2488,10972.8,181.6,269.68,False,2026-03-11 17:14:23
a6b868,FRG295,United States,33.5492,-87.9601,5593.08,211.21,82.44,False,2026-03-11 17:14:23
a88e2e,QXE2225,United States,45.6171,-122.3365,2598.42,122.25,286.38,False,2026-03-11 17:14:23
a4abef,N40SY,United States,33.647,-81.593,2392.68,70.32,329.68,False,2026-03-11 17:14:23
a1fbd9,RPA5845,United States,42.3602,-71.0205,,8.75,300.94,True,2026-03-11 17:14:23
a26b4a,ENY3775,United States,33.955,-96.4985,7170.42,251.35,28.35,False,2026-03-11 17:14:23
c01c28,WJA1110,Canada,40.307,-77.5518,11277.6,243.14,151.16,False,2026-03-11 17:14:23
acce1b,N924MB,United States,30.8281,-112.2968,12496.8,245.77,122.26,False,2026-03-11 17:14:23
ad4eba,DAL3176,United States,32.0028,-87.3445,7886.7,209.76,214.51,False,2026-03-11 17:14:23
a2d549,N2819D,United States,27.0923,-82.4854,982.98,29.03,352.87,False,2026-03-11 17:14:23
acce1a,JUMP4,United States,32.8296,-111.5806,4358.64,46.86,8.84,False,2026-03-11 17:14:23
a5cbd9,N4727D,United States,33.6813,-117.0447,1424.94,35.73,276.61,False,2026-03-11 17:14:23
a582f4,N454WH,United States,29.6923,-89.2871,990.6,71.55,111.95,False,2026-03-11 17:14:23
a1b573,SWA1853,United States,35.879,-119.0065,10668.0,242.71,159.53,False,2026-03-11 17:14:23
abb52c,SWA4014,United States,40.5321,-89.0318,12016.74,170.85,228.05,False,2026-03-11 17:14:23
a3ee2f,N352W,United States,34.3801,-82.6806,13716.0,253.43,147.18,False,2026-03-11 17:14:23
a0a7a0,AAL1669,United States,33.6269,-110.8765,6896.1,238.17,71.49,False,2026-03-11 17:14:23
ae1534,RHODY11,United States,41.5027,-71.3494,632.46,139.09,2.97,False,2026-03-11 17:14:23
a6b810,N532CC,United States,28.3961,-81.1327,13716.0,230.13,339.86,False,2026-03-11 17:14:23
a057c7,DAL3123,United States,40.9538,-111.813,3962.4,200.99,132.51,False,2026-03-11 17:14:23
a7008f,N550MS,United States,37.9917,-88.2303,12192.0,161.12,281.42,False,2026-03-11 17:14:23
c07193,WJA2408,Canada,51.127,-114.0052,,0.0,267.19,True,2026-03-11 17:14:23
adf50e,N999LB,United States,35.8941,-83.4517,13716.0,218.49,162.03,False,2026-03-11 17:14:23
a3b8f5,AAL2398,United States,43.706,-94.4389,10363.2,205.37,302.42,False,2026-03-11 17:14:23
ae152c,VV378,United States,36.2179,-79.5121,5120.64,224.71,105.95,False,2026-03-11 17:14:23
acbb30,N9195Q,United States,34.2539,-85.234,2103.12,103.56,25.29,False,2026-03-11 17:14:23
abae62,SWA1200,United States,28.3491,-78.8158,10332.72,221.42,7.21,False,2026-03-11 17:14:23
ac1bdb,N88DV,United States,41.1758,-112.3838,1135.38,25.73,91.15,False,2026-03-11 17:14:23
ad8b20,AAL1674,United States,32.29,-80.865,11277.6,237.01,25.45,False,2026-03-11 17:14:23
a70092,N550MV,United States,40.65,-91.3675,13106.4,209.87,255.52,False,2026-03-11 17:14:23
a2c283,N277WT,United States,44.9142,-95.8652,8534.4,109.66,287.75,False,2026-03-11 17:14:23
ae151f,00527061,United States,34.8032,-86.5569,396.24,58.79,15.74,False,2026-03-11 17:14:23
a057cc,DAL2134,United States,43.0825,-97.876,11292.84,267.79,51.79,False,2026-03-11 17:14:23
ac1be9,N88EJ,United States,37.7996,-106.3148,13106.4,171.72,253.47,False,2026-03-11 17:14:23
ad0887,EJA939,United States,37.3534,-97.2198,11940.54,184.16,313.19,False,2026-03-11 17:14:23
ab5e9b,SWA819,United States,34.5201,-98.9927,10972.8,210.54,327.98,False,2026-03-11 17:14:23
0d116a,VOI1760,Mexico,38.759,-106.0729,9334.5,235.21,50.15,False,2026-03-11 17:14:23
0d116b,VOI7770,Mexico,33.6636,-92.2289,11269.98,265.41,35.69,False,2026-03-11 17:14:23
acd54d,XSR926,United States,38.1403,-80.4792,12192.0,193.63,282.12,False,2026-03-11 17:14:23
adee4d,N997T,United States,39.1757,-83.9092,9067.8,174.48,66.91,False,2026-03-11 17:14:23
acce75,,United States,41.7798,-87.7482,,0.06,135.0,True,2026-03-11 17:14:23
a2bb89,UAL1917,United States,39.7788,-104.8942,2971.8,138.11,231.81,False,2026-03-11 17:14:23
a52e50,AAL1364,United States,27.3864,-83.2203,10058.4,251.79,92.46,False,2026-03-11 17:14:23
a83ea0,CTL15,United States,44.5261,-94.187,1463.04,80.55,58.85,False,2026-03-11 17:14:23
ab525f,AAL3052,United States,26.4766,-79.8786,2865.12,151.05,202.63,False,2026-03-11 17:14:23
a95380,N70PF,United States,32.8995,-113.1071,1859.28,48.73,259.05,False,2026-03-11 17:14:23
abb579,SWA3502,United States,36.0181,-115.2826,1897.38,148.2,198.62,False,2026-03-11 17:14:23
a52e54,ASA708,United States,31.7848,-106.1946,9144.0,222.99,292.66,False,2026-03-11 17:14:23
a63b03,N500M,United States,35.5199,-100.6007,12496.8,241.84,78.71,False,2026-03-11 17:14:23
a4d8dd,OXF8186,United States,32.863,-111.9527,1447.8,61.41,238.71,False,2026-03-11 17:14:23
a2d58d,N282BL,United States,28.2246,-81.8181,335.28,47.12,211.61,False,2026-03-11 17:14:23
ae62b3,HAWK211,United States,26.8567,-98.1394,0.0,180.91,191.98,False,2026-03-11 17:14:23
a39269,KAP845,United States,43.4897,-69.8237,2087.88,108.49,47.31,False,2026-03-11 17:14:23
acd53d,N926JA,United States,40.7449,-73.4146,76.2,32.41,179.09,False,2026-03-11 17:14:23
ad9e73,JBU323,United States,37.8478,-91.4171,10355.58,186.67,266.05,False,2026-03-11 17:14:23
a8e3fa,N672JM,United States,29.6297,-83.1109,7018.02,182.32,129.62,False,2026-03-11 17:14:23
abae8f,SWA2416,United States,35.4847,-109.7576,10363.2,207.37,255.93,False,2026-03-11 17:14:23
ac22ea,TWY201,United States,35.3734,-107.429,13106.4,245.28,81.07,False,2026-03-11 17:14:23
a5220c,N43PB,United States,33.9234,-117.5225,3406.14,106.0,47.95,False,2026-03-11 17:14:23
a52e5b,ATN3332,United States,30.1567,-95.394,3352.8,165.6,6.24,False,2026-03-11 17:14:23
a605c1,N48757,United States,26.4403,-81.3106,0.0,38.34,78.39,False,2026-03-11 17:14:23
a0f73c,AAL1877,United States,32.8819,-97.049,,0.0,180.0,True,2026-03-11 17:14:23
a1adab,SKW5292,United States,35.965,-97.4313,10972.8,214.89,206.14,False,2026-03-11 17:14:23
4b0ef1,N626UT,Switzerland,43.8318,-72.3689,1615.44,111.64,354.45,False,2026-03-11 17:14:23
c06a75,TSC484,Canada,44.4357,-74.0929,7581.9,221.8,173.07,False,2026-03-11 17:14:23
aa328f,RPA3592,United States,41.0755,-73.6967,4640.58,193.7,35.38,False,2026-03-11 17:14:23
ae5c69,,United States,38.9185,-74.5347,10370.82,215.35,225.39,False,2026-03-11 17:14:23
ae00b2,BUCKO1,United States,34.6517,-98.7335,982.98,211.06,276.02,False,2026-03-11 17:14:23
a94bfc,UAL1732,United States,42.3594,-71.0117,,4.12,199.69,True,2026-03-11 17:14:23
c08478,CGYEH,Canada,51.4052,-112.7827,1432.56,55.26,28.95,False,2026-03-11 17:14:23
ae13bd,CREEP31,United States,36.1316,-97.7325,5219.7,116.8,178.99,False,2026-03-11 17:14:23
a0e431,AAL2059,United States,36.1282,-86.6477,9745.98,212.7,279.33,False,2026-03-11 17:14:23
a99b79,N718TL,United States,25.1233,-81.6113,1676.4,88.34,193.47,False,2026-03-11 17:14:23
ae13bb,BALL61,United States,37.4462,-97.3194,861.06,64.51,13.37,False,2026-03-11 17:14:23
a1175a,N17FJ,United States,42.3417,-112.9531,8427.72,183.08,313.06,False,2026-03-11 17:14:23
a9fe88,JRE743,United States,27.6845,-85.2178,13106.4,170.94,286.25,False,2026-03-11 17:14:23
0d1130,VIV100,Mexico,34.8307,-80.9657,11269.98,269.95,66.17,False,2026-03-11 17:14:23
ae00a7,BUCKO2,United States,34.6855,-98.7346,1074.42,193.67,97.79,False,2026-03-11 17:14:23
a35727,TFF953,United States,39.045,-84.3721,1104.9,82.31,269.64,False,2026-03-11 17:14:23
a99b83,DAL479,United States,35.6419,-104.7411,10972.8,219.92,263.82,False,2026-03-11 17:14:23
0d1139,AMX110,Mexico,32.2951,-116.1534,4815.84,160.47,290.06,False,2026-03-11 17:14:23
a15db5,N1875A,United States,40.4759,-97.955,13106.4,215.61,256.2,False,2026-03-11 17:14:23
a547b4,N43957,United States,34.1542,-118.7591,1036.32,43.85,22.05,False,2026-03-11 17:14:23
a965f4,N7041Q,United States,36.1637,-75.9768,906.78,53.42,344.36,False,2026-03-11 17:14:23
c06a7d,TSC300,Canada,36.5382,-80.7001,9761.22,228.46,178.84,False,2026-03-11 17:14:23
ada699,RPA4738,United States,41.3827,-73.8211,2446.02,133.88,156.69,False,2026-03-11 17:14:23
a52da3,N4325R,United States,26.1077,-81.2659,678.18,57.64,358.47,False,2026-03-11 17:14:23
adf3e9,OZN969,United States,25.4256,-80.7096,792.48,29.1,98.13,False,2026-03-11 17:14:23
a1fd03,SWA1428,United States,39.8444,-86.6862,3009.9,176.76,99.38,False,2026-03-11 17:14:23
a08d47,N1346R,United States,33.6531,-116.9175,1005.84,53.03,157.17,False,2026-03-11 17:14:23
a0a7af,N141PC,United States,35.9891,-80.5833,2103.12,111.71,77.5,False,2026-03-11 17:14:23
a87b8a,PDT6114,United States,33.4879,-84.2757,10363.2,199.41,233.6,False,2026-03-11 17:14:23
c06a91,CGOJG,Canada,52.1706,-106.6768,,0.0,92.81,True,2026-03-11 17:14:23
ad4395,DAL2864,United States,41.9096,-77.0316,10370.82,197.26,290.14,False,2026-03-11 17:14:23
0d113a,AMX681,Mexico,43.1048,-76.3067,11582.4,189.93,233.04,False,2026-03-11 17:14:23
ad4390,AAL849,United States,33.2487,-96.9328,3489.96,185.8,24.37,False,2026-03-11 17:14:23
a99b56,N718SA,United States,47.414,-122.2098,1813.56,60.44,168.21,False,2026-03-11 17:14:23
a8d231,TYSON57,United States,37.2141,-88.3256,11811.0,180.72,211.97,False,2026-03-11 17:14:23
0d1155,VOI3141,Mexico,31.7216,-114.9247,11231.88,217.59,303.92,False,2026-03-11 17:14:23
a35701,EDV5190,United States,40.5234,-74.8583,3055.62,186.38,111.54,False,2026-03-11 17:14:23
a0f735,UPS5555,United States,38.461,-85.866,1584.96,146.91,93.61,False,2026-03-11 17:14:23
a07a21,N13PD,United States,30.0337,-82.477,2529.84,77.17,179.62,False,2026-03-11 17:14:23
c06a80,TSC207,Canada,47.1032,-76.0689,10355.58,185.35,213.34,False,2026-03-11 17:14:23
ae00c4,REDHWK2,United States,29.529,-98.2669,220.98,59.03,329.64,False,2026-03-11 17:14:23
a7888c,ASA4,United States,46.2759,-113.5465,10668.0,283.22,100.68,False,2026-03-11 17:14:23
a9eb09,N738ZG,United States,38.609,-77.7134,266.7,40.29,275.13,False,2026-03-11 17:14:23
a1f116,ENY3874,United States,25.9735,-81.1446,4114.8,183.83,137.15,False,2026-03-11 17:14:23
aa2b79,UAL683,United States,27.7117,-85.1097,7315.2,225.04,287.15,False,2026-03-11 17:14:23
a5225b,N43SF,United States,37.9926,-103.4771,13716.0,288.76,71.73,False,2026-03-11 17:14:23
a33d59,MVP665,United States,35.86,-83.9378,586.74,73.66,228.96,False,2026-03-11 17:14:23
a582f9,SWA1379,United States,37.0946,-88.1643,9563.1,250.89,72.46,False,2026-03-11 17:14:23
a9aebc,ASA414,United States,45.9718,-120.3121,9022.08,278.28,124.84,False,2026-03-11 17:14:23
a5d2d4,UAL1232,United States,40.8496,-103.8472,8267.7,222.86,47.62,False,2026-03-11 17:14:23
ae00de,COBRA13,United States,35.1892,-117.4811,4442.46,117.38,84.21,False,2026-03-11 17:14:23
a07a72,N13SK,United States,26.752,-80.3378,701.04,45.69,187.77,False,2026-03-11 17:14:23
c06a39,,Canada,48.2634,-69.3941,11582.4,182.98,221.35,False,2026-03-11 17:14:23
a23782,N242AW,United States,39.8361,-87.6845,13716.0,189.85,270.78,False,2026-03-11 17:14:23
a1a1b6,RPA5761,United States,40.772,-73.8592,,6.69,300.94,True,2026-03-11 17:14:23
c06a38,ACA301,Canada,50.7483,-116.5344,11582.4,206.62,256.17,False,2026-03-11 17:14:23
a3db99,LXJ348,United States,37.5378,-121.9498,5745.48,164.78,311.2,False,2026-03-11 17:14:23
aa4587,ATN3203,United States,39.0317,-91.9791,10668.0,284.1,97.91,False,2026-03-11 17:14:23
a2baa2,N275SC,United States,40.1235,-111.7271,1798.32,47.67,96.82,False,2026-03-11 17:14:23
a99b1b,JIA5241,United States,35.5611,-80.8774,5143.5,191.82,209.04,False,2026-03-11 17:14:23
a2baa4,PCH2,United States,39.913,-105.1321,,0.0,123.75,True,2026-03-11 17:14:23
a14ae0,CXK142,United States,40.151,-104.726,2606.04,67.24,80.75,False,2026-03-11 17:14:23
a69bdf,N525DU,United States,30.5009,-84.3403,525.78,85.83,242.51,False,2026-03-11 17:14:23
a90539,N680WP,United States,34.8522,-82.8759,13106.4,223.47,348.72,False,2026-03-11 17:14:23
a40dbb,N360QS,United States,27.4348,-82.6002,220.98,61.84,134.33,False,2026-03-11 17:14:23
ad4397,AVA028,United States,25.1472,-79.5387,10370.82,222.16,329.22,False,2026-03-11 17:14:23
a89545,QXE2344,United States,45.5361,-123.3595,10668.0,228.97,178.84,False,2026-03-11 17:14:23
a63b6f,N500RH,United States,32.926,-80.0579,68.58,60.21,146.85,False,2026-03-11 17:14:23
a65598,SKW5004,United States,39.292,-119.1358,10363.2,199.63,342.45,False,2026-03-11 17:14:23
a83ef2,NKS2059,United States,33.9772,-77.6765,9753.6,226.32,199.38,False,2026-03-11 17:14:23
ac7e09,AAL2075,United States,32.91,-97.032,,4.63,109.69,True,2026-03-11 17:14:23
aa589c,JBU1039,United States,42.3681,-71.0178,,0.0,241.88,True,2026-03-11 17:14:23
a6b87a,SKW4783,United States,34.7559,-102.5354,11277.6,265.73,153.68,False,2026-03-11 17:14:23
ae00e3,COBRA35,United States,35.1626,-117.7618,6637.02,194.26,126.38,False,2026-03-11 17:14:23
a271b0,MXY203,United States,28.1727,-80.8725,8641.08,226.18,340.33,False,2026-03-11 17:14:23
a2111f,N232NE,United States,26.0176,-81.7373,243.84,46.27,98.31,False,2026-03-11 17:14:23
a5d2cd,N4743X,United States,35.6146,-115.7385,3078.48,74.64,218.84,False,2026-03-11 17:14:23
ad3098,SWA3578,United States,33.113,-112.8573,11887.2,242.24,101.14,False,2026-03-11 17:14:23
a1b4ab,ENY3728,United States,29.7386,-98.3159,10363.2,186.53,209.04,False,2026-03-11 17:14:23
a02ae0,N11LM,United States,33.572,-96.8126,3878.58,118.22,37.22,False,2026-03-11 17:14:23
a031bd,AAL513,United States,30.1372,-82.6888,10668.0,228.42,0.26,False,2026-03-11 17:14:23
a33d33,WOLF21,United States,32.6837,-111.9729,6705.6,180.57,0.16,False,2026-03-11 17:14:23
a3573a,REH7,United States,39.0109,-121.8437,266.7,68.34,244.59,False,2026-03-11 17:14:23
a8de33,DAL406,United States,36.7099,-87.6048,10972.8,211.44,307.29,False,2026-03-11 17:14:23
a4771b,UPS2945,United States,38.3631,-91.8426,10668.0,291.71,90.71,False,2026-03-11 17:14:23
a07a58,N13RJ,United States,31.5284,-82.795,2689.86,81.2,171.25,False,2026-03-11 17:14:23
a1b4c9,N209PT,United States,25.6427,-80.4506,0.0,40.64,90.73,False,2026-03-11 17:14:23
a284b5,SWA1417,United States,41.0131,-91.7186,11582.4,187.21,245.83,False,2026-03-11 17:14:23
a09472,N1364U,United States,29.9197,-97.8935,533.4,54.8,129.67,False,2026-03-11 17:14:23
a75b65,AAL3082,United States,32.9952,-96.8424,2362.2,148.38,126.12,False,2026-03-11 17:14:23
a3572f,N314RL,United States,40.6259,-111.9964,,9.77,19.69,True,2026-03-11 17:14:23
a0ca2d,N15ZZ,United States,38.7166,-99.2493,13716.0,165.01,260.13,False,2026-03-11 17:14:23
a3572c,AAL1327,United States,35.0756,-77.3665,10972.8,230.07,206.57,False,2026-03-11 17:14:23
abf09e,DAL2325,United States,36.3045,-81.2189,9144.0,217.54,225.38,False,2026-03-11 17:14:23
ae00ef,WIZZO2,United States,29.1639,-99.1692,5707.38,252.22,254.74,False,2026-03-11 17:14:23
a19a48,RPA5793,United States,39.8415,-75.7935,9753.6,216.53,230.98,False,2026-03-11 17:14:23
a1c7e8,N2136Y,United States,38.8953,-76.4415,883.92,52.08,343.35,False,2026-03-11 17:14:23
a0a7ff,SGX141,United States,32.4369,-78.1391,9753.6,226.97,196.05,False,2026-03-11 17:14:23
a77589,N58WF,United States,36.795,-76.9141,1493.52,108.04,45.58,False,2026-03-11 17:14:23
abc81f,SFY117,United States,27.6004,-80.3364,342.9,57.65,302.98,False,2026-03-11 17:14:23
a8de45,N6701T,United States,33.9358,-83.9248,1005.84,61.23,114.84,False,2026-03-11 17:14:23
aa9eef,SKW5657,United States,47.4566,-122.3062,,7.72,0.0,True,2026-03-11 17:14:23
a1b4b2,AAY3058,United States,35.1461,-83.5764,4381.5,206.6,333.05,False,2026-03-11 17:14:23
a14ad1,UAL2177,United States,37.6213,-122.3823,,5.66,208.12,True,2026-03-11 17:14:23
a2466b,N246BJ,United States,40.8877,-73.5183,2286.0,111.23,37.29,False,2026-03-11 17:14:23
a11f9d,UAL2381,United States,39.8576,-104.6831,,0.0,270.0,True,2026-03-11 17:14:23
a4996b,DAL1511,United States,28.3384,-80.9155,3467.1,174.58,70.55,False,2026-03-11 17:14:23
a36661,AAL688,United States,38.6404,-74.8662,10980.42,220.07,219.31,False,2026-03-11 17:14:23
a3c975,SKQ65,United States,34.5447,-84.3993,6400.8,168.51,68.13,False,2026-03-11 17:14:23
a0f355,SKW4809,United States,41.2045,-90.9026,10363.2,165.88,238.18,False,2026-03-11 17:14:23
ab2738,N818BL,United States,33.5488,-95.5222,5394.96,164.51,247.77,False,2026-03-11 17:14:23
ac2d09,DAL1901,United States,28.445,-100.6438,11582.4,199.01,206.57,False,2026-03-11 17:14:23
a72f22,JBU1741,United States,39.5234,-74.0772,10363.2,222.45,214.35,False,2026-03-11 17:14:23
c2c36d,CFC3484,Canada,50.3588,-90.762,12504.42,265.06,115.77,False,2026-03-11 17:14:23
a59f53,SWA1063,United States,39.1704,-103.3542,8938.26,175.56,293.49,False,2026-03-11 17:14:23
a676a9,N5152J,United States,40.4761,-84.6768,6096.0,216.7,352.91,False,2026-03-11 17:14:23
a6d9c3,AAL2763,United States,37.87,-79.6667,10050.78,241.95,87.93,False,2026-03-11 17:14:23
a4995f,DAL372,United States,47.5997,-117.9932,10972.8,175.42,278.77,False,2026-03-11 17:14:23
ab0d25,N811AT,United States,32.4504,-97.0519,754.38,59.7,47.1,False,2026-03-11 17:14:23
ac4717,UAL2465,United States,39.8205,-86.7455,11887.2,224.55,153.32,False,2026-03-11 17:14:23
ac4716,OUA27,United States,35.1427,-97.4085,1325.88,64.89,152.62,False,2026-03-11 17:14:23
a556bc,LTA4430,United States,33.8396,-80.3436,2400.3,63.52,278.85,False,2026-03-11 17:14:23
ab87bb,ERU842,United States,29.4446,-81.3539,998.22,53.98,7.67,False,2026-03-11 17:14:23
aaed17,AAL831,United States,25.8791,-80.1815,2369.82,130.16,270.23,False,2026-03-11 17:14:23
acd296,AAL3292,United States,32.4881,-100.5768,8534.4,228.18,265.21,False,2026-03-11 17:14:23
a58c29,AAL2930,United States,38.3523,-105.3982,8839.2,254.74,86.06,False,2026-03-11 17:14:23
a47303,EJA386,United States,30.5556,-101.9792,13106.4,190.11,294.97,False,2026-03-11 17:14:23
a58c32,AWI7767,United States,36.4707,-82.1296,10355.58,208.05,237.21,False,2026-03-11 17:14:23
a1cffd,MXY828,United States,37.8969,-91.0335,11887.2,254.84,102.83,False,2026-03-11 17:14:23
a449f1,DAL9935,United States,33.6323,-84.246,1036.32,86.1,266.23,False,2026-03-11 17:14:23
a36659,UPS2987,United States,43.487,-96.0731,11285.22,266.0,107.91,False,2026-03-11 17:14:23
a8b914,N661MS,United States,28.8091,-89.464,11605.26,215.23,283.97,False,2026-03-11 17:14:23
a280a4,SKW3988,United States,30.2002,-97.6639,,5.66,0.0,True,2026-03-11 17:14:23
a37970,N32296,United States,34.8091,-80.4365,1341.12,35.54,292.11,False,2026-03-11 17:14:23
a3fcd6,AAL2445,United States,32.4264,-90.1284,11277.6,270.9,72.43,False,2026-03-11 17:14:23
a0b6ea,SKW5823,United States,41.8838,-87.5935,1569.72,143.02,90.21,False,2026-03-11 17:14:23
ab0d2e,QHD811,United States,36.069,-90.8827,9448.8,211.96,57.89,False,2026-03-11 17:14:23
a3795a,JBU1499,United States,42.3713,-70.9262,701.04,100.72,77.31,False,2026-03-11 17:14:23
a11f85,N1712C,United States,32.1851,-111.0315,1394.46,75.63,127.26,False,2026-03-11 17:14:23
a449e5,DAL2507,United States,27.6067,-85.4072,11277.6,257.07,112.1,False,2026-03-11 17:14:23
c07b05,ACA1113,Canada,50.8398,-105.6476,4823.46,144.24,284.04,False,2026-03-11 17:14:23
ad4d12,AAL757,United States,33.4233,-98.9029,9144.0,224.4,293.51,False,2026-03-11 17:14:23
a2f6aa,N290ND,United States,28.7664,-81.1677,388.62,57.26,171.21,False,2026-03-11 17:14:23
a6bfbd,ERU34,United States,34.8149,-112.3698,2644.14,47.06,15.86,False,2026-03-11 17:14:23
a58c2e,ASA428,United States,32.4975,-116.9084,10668.0,240.33,139.08,False,2026-03-11 17:14:23
a2463a,N2459W,United States,32.6224,-111.3468,1897.38,65.25,305.7,False,2026-03-11 17:14:23
ac2d32,FDX6014,United States,41.3229,-88.3356,8961.12,225.57,138.42,False,2026-03-11 17:14:23
a8da83,N67MS,United States,28.538,-82.2992,685.8,54.65,176.22,False,2026-03-11 17:14:23
ab0104,EJA808,United States,36.4925,-89.5372,13106.4,215.6,285.93,False,2026-03-11 17:14:23
aaa4b3,SKW5530,United States,38.1591,-81.4729,9182.1,221.19,309.24,False,2026-03-11 17:14:23
a23333,N2406K,United States,38.6373,-122.8563,533.4,46.43,195.42,False,2026-03-11 17:14:23
a329ee,N3026D,United States,35.6754,-114.9565,2430.78,60.27,193.32,False,2026-03-11 17:14:23
0d0e5e,VIV2263,Mexico,30.682,-111.9302,10668.0,242.08,108.97,False,2026-03-11 17:14:23
a186fb,N198ME,United States,38.5529,-121.382,571.5,39.53,341.8,False,2026-03-11 17:14:23
a5dc0c,CBC477,United States,46.298,-119.9653,7315.2,96.83,309.61,False,2026-03-11 17:14:23
a36636,AAL2677,United States,33.0739,-97.2097,3017.52,140.85,259.26,False,2026-03-11 17:14:23
a72f2b,N562JL,United States,37.9592,-94.979,4572.0,160.61,308.89,False,2026-03-11 17:14:23
ad17d4,N9426V,United States,28.7805,-81.2343,381.0,39.63,178.51,False,2026-03-11 17:14:23
c02067,MAL7090,Canada,43.9514,-80.1396,5958.84,199.47,296.17,False,2026-03-11 17:14:23
a8da3b,N67JV,United States,35.9348,-96.9304,2743.2,114.67,82.52,False,2026-03-11 17:14:23
ad5418,N958TR,United States,38.656,-120.6966,731.52,47.03,70.18,False,2026-03-11 17:14:23
a6ad9f,N5296Z,United States,35.9713,-115.1331,647.7,27.27,0.0,False,2026-03-11 17:14:23
adb723,JBU1216,United States,38.5679,-111.2075,10043.16,272.03,82.28,False,2026-03-11 17:14:23
a0f37e,UPS7803,United States,33.9447,-116.8869,3497.58,183.38,267.11,False,2026-03-11 17:14:23
abaaa8,SWA173,United States,42.8648,-114.8541,11582.4,176.79,320.19,False,2026-03-11 17:14:23
a2d0b9,OXF5345,United States,32.8511,-111.9305,1280.16,49.45,272.98,False,2026-03-11 17:14:23
a35365,EJA313,United States,44.1048,-92.0846,7612.38,191.64,108.63,False,2026-03-11 17:14:23
a04e00,DAL2610,United States,44.6699,-97.5066,10058.4,260.07,99.22,False,2026-03-11 17:14:23
ab2788,ERU818,United States,29.2343,-81.0769,274.32,51.41,157.03,False,2026-03-11 17:14:23
a2e3e7,N2857M,United States,26.9733,-79.3018,2667.0,64.67,101.94,False,2026-03-11 17:14:23
a3c940,VJA343,United States,44.0969,-85.2841,13098.78,197.65,286.17,False,2026-03-11 17:14:23
c0204b,CFC0536,Canada,44.1614,-100.3137,1440.18,116.58,96.84,False,2026-03-11 17:14:23
ab0d76,DAL809,United States,37.1826,-100.2292,9753.6,207.41,257.1,False,2026-03-11 17:14:23
c0337d,MAL8067,Canada,51.4725,-111.1617,6400.8,161.7,76.01,False,2026-03-11 17:14:23
a2d0b2,OXF5246,United States,33.4467,-111.6074,1226.82,44.04,112.67,False,2026-03-11 17:14:23
a4732c,SLH386,United States,33.6288,-111.9026,,6.17,45.0,True,2026-03-11 17:14:23
a423d7,DAL1308,United States,41.0943,-91.6127,10668.0,212.46,158.4,False,2026-03-11 17:14:23
a961b5,N703WP,United States,33.8544,-118.2661,7.62,56.61,178.44,False,2026-03-11 17:14:23
adfdb4,SKIER74,United States,39.5036,-119.7361,5821.68,148.21,64.95,False,2026-03-11 17:14:23
ac210e,SWA9002,United States,29.1842,-95.8044,4884.42,151.74,226.51,False,2026-03-11 17:14:23
a77197,N579TX,United States,28.4561,-81.0195,1310.64,111.02,47.07,False,2026-03-11 17:14:23
a1b0c2,N208LN,United States,31.4011,-86.5355,2529.84,61.17,288.13,False,2026-03-11 17:14:23
a1bcfd,N2108L,United States,33.6343,-83.2098,1470.66,69.17,94.69,False,2026-03-11 17:14:23
a88a96,N65CC,United States,38.9686,-77.4518,,0.0,270.0,True,2026-03-11 17:14:23
aaed67,OXF8087,United States,32.1357,-110.9633,815.34,45.67,112.52,False,2026-03-11 17:14:23
abc4be,SWA2111,United States,31.7294,-93.8827,11582.4,206.45,292.41,False,2026-03-11 17:14:23
a34c68,ENY3544,United States,41.5412,-97.8446,10058.4,265.27,66.82,False,2026-03-11 17:14:23
a3534a,EDV5273,United States,36.8084,-78.2917,7551.42,228.61,32.69,False,2026-03-11 17:14:23
ae7420,FH733,United States,30.6069,-86.9277,99.06,42.26,31.56,False,2026-03-11 17:14:23
ab0d87,ERU811,United States,29.5939,-81.4491,868.68,54.93,326.46,False,2026-03-11 17:14:23
ac8dde,,United States,34.3619,-78.6838,1653.54,61.48,45.34,False,2026-03-11 17:14:23
a423c4,DAL2800,United States,40.7744,-111.9743,,4.63,101.25,True,2026-03-11 17:14:23
a689bd,N520JG,United States,37.8609,-80.4344,7947.66,249.51,11.06,False,2026-03-11 17:14:23
ac1a44,SWA1305,United States,37.7967,-80.2,10668.0,240.88,6.75,False,2026-03-11 17:14:23
abfa36,ES801,United States,38.5669,-121.281,-38.1,34.99,233.97,False,2026-03-11 17:14:23
a2dce1,ASA502,United States,46.2051,-120.7668,8595.36,278.2,125.37,False,2026-03-11 17:14:23
ac7ad1,SFY557,United States,27.7862,-80.415,419.1,47.82,148.19,False,2026-03-11 17:14:23
a76a8c,N577XW,United States,35.3438,-80.943,937.26,84.21,185.26,False,2026-03-11 17:14:23
a34c57,AAL2590,United States,37.1407,-106.6308,11277.6,250.05,71.9,False,2026-03-11 17:14:23
c02070,CFMHJ,Canada,43.9788,-82.1816,8534.4,101.88,290.08,False,2026-03-11 17:14:23
a8da2c,VJA67,United States,42.4647,-71.2901,,5.14,188.44,True,2026-03-11 17:14:23
0d0e29,AMX632,Mexico,28.6726,-98.6728,4549.14,207.07,31.28,False,2026-03-11 17:14:23
ab013c,SCX573,United States,30.8931,-89.8612,11277.6,212.04,187.11,False,2026-03-11 17:14:23
ab013f,N808TA,United States,44.8879,-93.9328,868.68,59.68,90.49,False,2026-03-11 17:14:23
ad674f,N963AD,United States,31.0849,-81.744,3268.98,143.4,77.36,False,2026-03-11 17:14:23
ac7aba,ASI414,United States,33.6891,-112.0906,365.76,31.96,86.31,False,2026-03-11 17:14:23
800582,AIC187,India,46.8924,-76.9677,10972.8,204.93,195.43,False,2026-03-11 17:14:23
a7ccce,SKW5898,United States,39.3948,-103.9039,5402.58,151.53,304.07,False,2026-03-11 17:14:23
a11eb7,AAL1214,United States,33.1896,-97.413,4000.5,160.06,135.52,False,2026-03-11 17:14:23
a05521,EJA120,United States,30.9842,-78.1137,13716.0,237.17,359.5,False,2026-03-11 17:14:23
a7101e,AAL3216,United States,33.1795,-98.6238,8343.9,216.11,291.07,False,2026-03-11 17:14:23
a2d0fb,OXF5744,United States,33.4827,-111.7041,586.74,39.45,347.96,False,2026-03-11 17:14:23
ad52c2,DAL1151,United States,36.29,-85.0986,10972.8,229.63,348.24,False,2026-03-11 17:14:23
a0b823,UAL405,United States,39.2816,-106.585,9928.86,196.77,249.81,False,2026-03-11 17:14:23
c0467e,BF1810,Canada,48.7518,-89.6581,3787.14,141.23,139.58,False,2026-03-11 17:14:23
adfe47,PAT260,United States,35.5836,-79.5022,7620.0,145.14,40.98,False,2026-03-11 17:14:23
ac8237,SKW5380,United States,38.619,-106.8917,7924.8,223.79,215.08,False,2026-03-11 17:14:23
a46c9a,UAL2196,United States,29.8912,-94.9241,1524.0,128.61,89.77,False,2026-03-11 17:14:23
a0b820,UAL1941,United States,40.3341,-101.6293,10050.78,257.04,66.15,False,2026-03-11 17:14:23
a73690,JBU564,United States,25.4738,-77.9474,11574.78,226.14,285.3,False,2026-03-11 17:14:23
ac2be9,SWA1698,United States,39.5684,-86.0806,2644.14,125.53,322.66,False,2026-03-11 17:14:23
a6f00d,AAL1094,United States,27.8273,-81.7313,6362.7,209.12,194.24,False,2026-03-11 17:14:23
a0b826,UAL597,United States,39.8599,-104.6761,10058.4,0.0,177.19,True,2026-03-11 17:14:23
c04671,ROU1864,Canada,33.804,-77.5429,10972.8,241.21,189.08,False,2026-03-11 17:14:23
a59398,AAL2214,United States,37.3542,-93.2756,9144.0,196.63,271.95,False,2026-03-11 17:14:23
a77cdc,N5816U,United States,36.2821,-115.2368,1127.76,42.57,316.47,False,2026-03-11 17:14:23
aaa593,UAL640,United States,46.327,-117.3321,11277.6,276.12,134.32,False,2026-03-11 17:14:23
a005c8,TCN100,United States,39.9609,-106.8408,8686.8,231.0,48.25,False,2026-03-11 17:14:23
c0332e,CFTJX,Canada,51.1678,-95.7993,2651.76,88.39,36.0,False,2026-03-11 17:14:23
adb5b3,N98251,United States,29.6931,-98.0416,472.44,52.08,137.8,False,2026-03-11 17:14:23
c080a6,WJA2604,Canada,32.0173,-100.5998,9448.8,274.04,154.3,False,2026-03-11 17:14:23
a8431a,SKW5814,United States,34.3593,-99.443,9753.6,211.23,305.08,False,2026-03-11 17:14:23
a3539d,SKW3778,United States,42.2657,-91.4025,9144.0,197.17,296.5,False,2026-03-11 17:14:23
a258b7,ENY4225,United States,31.194,-90.5565,10088.88,192.78,300.47,False,2026-03-11 17:14:23
c080a4,WJA1160,Canada,36.4731,-112.3774,10058.4,237.45,182.86,False,2026-03-11 17:14:23
aaa58b,UAL2257,United States,37.903,-105.3052,9144.0,233.94,198.59,False,2026-03-11 17:14:23
c080a5,WJA1590,Canada,44.9077,-102.6245,10668.0,277.95,135.9,False,2026-03-11 17:14:23
c080a3,WJA228,Canada,49.7965,-97.8162,2499.36,146.03,94.45,False,2026-03-11 17:14:23
ad0562,SWA2510,United States,42.6125,-115.9954,12192.0,171.43,295.41,False,2026-03-11 17:14:23
ae1e54,SCARY27,United States,29.4933,-98.2798,464.82,69.33,73.18,False,2026-03-11 17:14:23
a9bf4b,DAL721,United States,37.1387,-98.6593,10058.4,258.11,83.02,False,2026-03-11 17:14:23
a8697f,FFT4315,United States,36.3426,-89.7172,9753.6,206.81,270.0,False,2026-03-11 17:14:23
a9b310,N724GT,United States,32.4939,-96.1944,13106.4,241.13,98.96,False,2026-03-11 17:14:23
a18840,RVJ19,United States,32.3925,-81.4747,11582.4,218.09,196.73,False,2026-03-11 17:14:23
ae1e50,BALL42,United States,37.1424,-98.0709,3855.72,136.85,350.04,False,2026-03-11 17:14:23
a73689,N564HV,United States,34.6803,-117.6356,4518.66,185.01,261.85,False,2026-03-11 17:14:23
adc8e7,AAL2656,United States,28.4116,-112.9903,11269.98,233.4,141.08,False,2026-03-11 17:14:23
a8b964,QXE2386,United States,45.7195,-122.8425,876.3,96.17,206.02,False,2026-03-11 17:14:23
c03372,MAL8059,Canada,51.1306,-111.8932,6819.9,148.59,94.37,False,2026-03-11 17:14:23
acd22c,N925QS,United States,27.0425,-81.4779,13106.4,196.81,302.4,False,2026-03-11 17:14:23
a280fe,SWA3276,United States,32.2201,-81.153,1516.38,110.4,85.72,False,2026-03-11 17:14:23
a913a3,SJN5,United States,48.7217,-122.9109,30.48,33.99,182.6,False,2026-03-11 17:14:23
ae1e6a,RNGR824,United States,27.4444,-97.2805,2560.32,101.5,245.12,False,2026-03-11 17:14:23
ac8266,N905GS,United States,40.7996,-99.0619,10058.4,237.35,71.68,False,2026-03-11 17:14:23
a4b065,AAL621,United States,28.6988,-92.036,9433.56,267.71,94.19,False,2026-03-11 17:14:23
a0b801,UAL2298,United States,41.9883,-87.8811,297.18,64.31,270.0,False,2026-03-11 17:14:23
aa9d86,N783V,United States,29.4859,-98.9698,1813.56,71.71,233.46,False,2026-03-11 17:14:23
adaeed,DAL1686,United States,37.7311,-83.461,9753.6,232.04,324.02,False,2026-03-11 17:14:23
a5939c,ASA537,United States,48.203,-92.3482,10363.2,202.9,267.38,False,2026-03-11 17:14:23
aa3ae9,UAL2441,United States,37.4535,-121.8664,2263.14,119.2,276.94,False,2026-03-11 17:14:23
a530ff,N43325,United States,41.4959,-71.5897,640.08,32.59,191.84,False,2026-03-11 17:14:23
abc56d,N858DT,United States,41.7795,-111.8517,,,81.56,True,2026-03-11 17:14:23
abab67,DAL1773,United States,26.8042,-85.008,10363.2,228.78,229.47,False,2026-03-11 17:14:23
ab5b8c,SWA1171,United States,37.36,-94.7059,10576.56,263.92,89.44,False,2026-03-11 17:14:23
a0b803,UAL1720,United States,29.8044,-94.6402,2598.42,149.31,327.95,False,2026-03-11 17:14:23
aa41c6,N760CM,United States,26.5442,-82.0306,845.82,84.73,204.39,False,2026-03-11 17:14:23
adfe4c,PAT866,United States,36.4695,-94.8318,8229.6,169.07,76.09,False,2026-03-11 17:14:23
a2d0d9,OXF5643,United States,32.9278,-111.8211,609.6,47.39,57.86,False,2026-03-11 17:14:23
c080ae,WJA502,Canada,51.8916,-117.9096,11277.6,245.92,45.68,False,2026-03-11 17:14:23
adfe4b,PAT597,United States,47.5544,-121.1765,6400.8,172.9,91.36,False,2026-03-11 17:14:23
c080ac,WJA482,Canada,49.9328,-100.0008,9639.3,229.36,122.26,False,2026-03-11 17:14:23
ab627c,SWA3049,United States,38.0826,-96.0038,10972.8,198.77,255.46,False,2026-03-11 17:14:23
a6fc5f,N54947,United States,38.6006,-77.0547,274.32,50.43,1.17,False,2026-03-11 17:14:23
aa3ae2,UAL1721,United States,37.6191,-122.3807,,3.86,118.12,True,2026-03-11 17:14:23
ad52d3,ERU958,United States,29.1812,-81.044,-22.86,33.14,242.24,False,2026-03-11 17:14:23
c0468e,ASP510,Canada,47.4839,-86.1084,13716.0,225.17,121.55,False,2026-03-11 17:14:23
a47364,UPS2077,United States,32.9144,-97.0642,,0.0,154.69,True,2026-03-11 17:14:23
a89cdf,N654PD,United States,40.5173,-96.3655,13106.4,257.99,54.25,False,2026-03-11 17:14:23
adfe55,PAT326,United States,41.183,-74.3972,1150.62,96.4,135.22,False,2026-03-11 17:14:23
a9ac07,N722LU,United States,35.3462,-79.5626,1645.92,70.13,8.01,False,2026-03-11 17:14:23
a138b8,AAL1071,United States,36.4635,-95.1496,7574.28,247.41,79.58,False,2026-03-11 17:14:23
a5e389,N479LF,United States,41.1866,-76.3847,1341.12,9.12,196.39,False,2026-03-11 17:14:23
a0b815,N1453S,United States,27.2745,-81.938,518.16,57.18,120.26,False,2026-03-11 17:14:23
a6f01c,VOS4326,United States,36.9421,-78.3154,8854.44,225.47,26.86,False,2026-03-11 17:14:23
ae1e71,TEXN019,United States,30.7815,-88.0054,2385.06,111.05,260.67,False,2026-03-11 17:14:23
abab90,FDX97,United States,40.237,-85.408,4419.6,161.58,219.32,False,2026-03-11 17:14:23
a3183d,EDV4930,United States,33.8223,-84.0828,2263.14,134.63,200.58,False,2026-03-11 17:14:23
a6bfe8,GJS4545,United States,35.9887,-83.9556,9471.66,225.07,328.74,False,2026-03-11 17:14:23
aa41ac,N760BL,United States,27.2286,-98.3248,1676.4,85.19,175.15,False,2026-03-11 17:14:23
ab628c,SWA879,United States,33.8797,-118.6879,11582.4,211.36,314.51,False,2026-03-11 17:14:23
adfe91,PAT685,United States,32.9315,-117.2954,1135.38,108.37,297.42,False,2026-03-11 17:14:23
a939e8,DAL1089,United States,33.6221,-84.4347,,9.26,87.19,True,2026-03-11 17:14:23
a0b867,UAL2476,United States,32.7053,-117.1006,4008.12,149.12,51.86,False,2026-03-11 17:14:23
a0b866,UAL664,United States,40.1798,-93.4418,9441.18,273.5,72.49,False,2026-03-11 17:14:23
a245b7,UAL321,United States,39.1934,-99.5097,9745.98,200.69,246.59,False,2026-03-11 17:14:23
a96f2b,OME77,United States,34.26,-76.3051,6050.28,180.43,225.23,False,2026-03-11 17:14:23
a03b56,N114CW,United States,28.5894,-97.3306,6096.0,95.44,258.81,False,2026-03-11 17:14:23
a96f42,N707HD,United States,37.7301,-122.2122,,0.0,306.56,True,2026-03-11 17:14:23
0d0cda,XBRJF,Mexico,36.0982,-115.1539,,4.89,154.69,True,2026-03-11 17:14:23
accb65,EDV4935,United States,40.5045,-73.5028,1211.58,155.85,28.6,False,2026-03-11 17:14:23
a0ebaf,N159AS,United States,30.1274,-97.5826,960.12,53.59,158.61,False,2026-03-11 17:14:23
a3fcfb,VJA356,United States,26.7847,-81.0137,3741.42,175.74,80.57,False,2026-03-11 17:14:23
a3b68b,N33847,United States,42.6861,-71.4814,1196.34,26.85,249.83,False,2026-03-11 17:14:23
a28e2f,N264DL,United States,39.6733,-77.983,5570.22,206.2,52.5,False,2026-03-11 17:14:23
a4380f,FFT1556,United States,33.7494,-80.1539,8031.48,221.75,29.0,False,2026-03-11 17:14:23
a97630,ASI973,United States,30.6434,-97.6011,1089.66,47.51,94.97,False,2026-03-11 17:14:23
a676f2,N5154M,United States,33.6536,-95.6292,1059.18,76.64,64.98,False,2026-03-11 17:14:23
a35eb0,AAL3245,United States,34.1434,-115.9012,9144.0,217.08,263.19,False,2026-03-11 17:14:23
a84f35,CXK641,United States,33.317,-111.6606,335.28,34.93,136.19,False,2026-03-11 17:14:23
a18857,N19803,United States,31.6889,-102.5856,1836.42,36.13,70.02,False,2026-03-11 17:14:23
a03b25,AIP320,United States,36.7005,-86.4043,6126.48,117.15,190.37,False,2026-03-11 17:14:23
0d0cec,VIV5075,Mexico,32.5373,-116.942,160.02,71.14,282.53,False,2026-03-11 17:14:23
c03330,JZA764,Canada,49.2015,-123.1875,,8.23,278.44,True,2026-03-11 17:14:23
a43815,LXJ371,United States,44.088,-105.8851,13716.0,177.5,257.62,False,2026-03-11 17:14:23
a258be,AAY659,United States,43.7417,-101.481,11277.6,248.09,44.66,False,2026-03-11 17:14:23
a6b3aa,N5306U,United States,37.2601,-121.7335,1249.68,51.98,128.57,False,2026-03-11 17:14:23
a96f11,TSU8135,United States,25.4927,-80.1941,1455.42,128.57,172.87,False,2026-03-11 17:14:23
a05544,JTL120,United States,41.5784,-111.9451,4069.08,158.86,257.09,False,2026-03-11 17:14:23
a72f88,N562ND,United States,39.9433,-104.4134,1882.14,50.92,341.75,False,2026-03-11 17:14:23
a0b846,UAL329,United States,41.9569,-87.4047,2179.32,102.89,270.29,False,2026-03-11 17:14:23
a15b05,DAL668,United States,41.2272,-114.3959,10980.42,196.85,252.04,False,2026-03-11 17:14:23
a0b845,UAL2018,United States,33.5884,-112.1341,3444.24,144.47,46.59,False,2026-03-11 17:14:23
c03f85,WJA2304,Canada,46.07,-107.563,10058.4,268.44,162.26,False,2026-03-11 17:14:23
a0b844,UAL1933,United States,40.83,-100.6989,9822.18,202.87,251.98,False,2026-03-11 17:14:23
a04e4e,N119GX,United States,33.584,-116.9263,1592.58,43.84,265.96,False,2026-03-11 17:14:23
aa9d45,SKW5348,United States,40.2585,-103.5206,6492.24,163.71,255.44,False,2026-03-11 17:14:23
a0b841,UAL2045,United States,39.4537,-104.6286,3421.38,134.43,337.26,False,2026-03-11 17:14:23
a0b840,,United States,41.9655,-87.888,,8.75,42.19,True,2026-03-11 17:14:23
a8b926,NKS1328,United States,25.4461,-80.3179,5372.1,210.56,207.82,False,2026-03-11 17:14:23
a97608,ASA725,United States,43.0925,-123.2735,10668.0,241.88,178.42,False,2026-03-11 17:14:23
acd27a,N925TV,United States,34.2519,-118.4045,304.8,40.02,133.96,False,2026-03-11 17:14:23
a7e6c7,UPS2915,United States,38.081,-98.5324,11894.82,269.88,85.52,False,2026-03-11 17:14:23
a0420e,VTE3934,United States,38.0383,-79.8133,8061.96,251.81,28.29,False,2026-03-11 17:14:23
aa8a09,UAL1946,United States,34.8224,-116.824,9418.32,251.35,61.65,False,2026-03-11 17:14:23
ad9b94,SKW5831,United States,40.2098,-102.5958,8282.94,222.57,78.53,False,2026-03-11 17:14:23
aa9d2d,RLC783,United States,29.3275,-90.1149,441.96,65.5,124.44,False,2026-03-11 17:14:23
a9fa9e,ENY3406,United States,25.7687,-100.0931,,4.63,101.25,True,2026-03-11 17:14:23
aa4dd2,N763MT,United States,32.2925,-95.3907,12192.0,218.1,292.03,False,2026-03-11 17:14:23
ab2729,AAL3032,United States,35.1409,-103.7933,11582.4,197.73,298.43,False,2026-03-11 17:14:23
ae1e9c,HOOK21,United States,36.0212,-97.8993,3939.54,146.41,190.32,False,2026-03-11 17:14:23
a05559,SKW5267,United States,39.7266,-103.5451,5996.94,224.98,95.91,False,2026-03-11 17:14:23
a74992,JIA5026,United States,35.7792,-79.1444,8846.82,245.93,44.15,False,2026-03-11 17:14:23
a0a522,UAL219,United States,41.4773,-97.2209,10972.8,212.19,263.74,False,2026-03-11 17:14:23
aa0759,RPA3446,United States,40.1436,-79.109,9753.6,207.84,270.14,False,2026-03-11 17:14:23
adfe8e,PAT849,United States,45.1995,-108.6358,6705.6,117.58,237.14,False,2026-03-11 17:14:23
ab0d15,AAL3169,United States,31.5086,-103.8142,12192.0,223.73,283.43,False,2026-03-11 17:14:23
ae0b82,R26571,United States,32.2936,-84.953,243.84,66.69,318.44,False,2026-03-11 17:14:23
a73665,GJS4568,United States,41.987,-86.4188,7414.26,250.71,101.24,False,2026-03-11 17:14:23
a67846,FRG279,United States,31.6021,-91.2992,7368.54,167.14,353.82,False,2026-03-11 17:14:23
a6c826,EJA536,United States,42.3743,-71.0217,,0.0,309.38,True,2026-03-11 17:14:23
a900fd,N68BF,United States,40.2151,-111.7191,1257.3,38.29,149.3,False,2026-03-11 17:14:23
ab38bd,ERU822,United States,28.9575,-81.011,838.2,51.45,101.53,False,2026-03-11 17:14:23
a748c2,N569EE,United States,31.7729,-86.6455,13106.4,207.22,302.43,False,2026-03-11 17:14:23
a5584d,N4431R,United States,40.3908,-74.6741,365.76,63.31,91.86,False,2026-03-11 17:14:23
a6ae15,N53AA,United States,41.1631,-73.108,320.04,43.84,94.04,False,2026-03-11 17:14:23
a39b39,AAL2294,United States,33.4389,-111.9923,,1.29,182.81,True,2026-03-11 17:14:23
a53207,AAL2481,United States,34.1579,-115.7554,9144.0,216.9,263.6,False,2026-03-11 17:14:23
aa6842,N77SD,United States,37.4576,-84.865,6553.2,92.92,175.24,False,2026-03-11 17:14:23
a31890,SKW4099,United States,38.7041,-119.5669,5791.2,177.08,355.17,False,2026-03-11 17:14:23
a83091,N627DH,United States,40.4535,-73.4264,5173.98,203.81,15.37,False,2026-03-11 17:14:23
c04604,ANT524,Canada,51.4061,-124.0843,10355.58,189.08,330.85,False,2026-03-11 17:14:23
a67858,GJS4578,United States,35.3661,-84.3224,5913.12,143.9,239.49,False,2026-03-11 17:14:23
a1d884,N218PE,United States,38.2412,-75.2652,7924.8,128.3,216.69,False,2026-03-11 17:14:23
a1be72,ENY4165,United States,33.4366,-111.9923,,2.83,180.0,True,2026-03-11 17:14:23
a1d87a,AAY1240,United States,29.0123,-81.3736,3162.3,165.68,327.3,False,2026-03-11 17:14:23
a4d5c7,SKW3012,United States,32.7168,-117.1209,289.56,72.29,286.11,False,2026-03-11 17:14:23
a28e6c,LXJ264,United States,40.8743,-74.7938,4960.62,180.48,279.52,False,2026-03-11 17:14:23
a34bac,DOJ184,United States,34.3942,-117.2256,2933.7,153.58,183.46,False,2026-03-11 17:14:23
a1be79,AAY424,United States,37.4816,-92.2014,9144.0,192.01,262.46,False,2026-03-11 17:14:23
ab38e3,GLF72,United States,33.8733,-86.8424,14325.6,261.67,13.3,False,2026-03-11 17:14:23
ac3ea3,SWA451,United States,38.2341,-121.2357,2659.38,141.67,312.2,False,2026-03-11 17:14:23
a72ea5,N562DB,United States,26.1335,-98.0628,3924.3,191.0,100.55,False,2026-03-11 17:14:23
a890fe,FFT1596,United States,40.7753,-88.0062,9083.04,193.3,166.93,False,2026-03-11 17:14:23
a1d890,SKW4631,United States,39.8447,-104.6875,1668.78,79.74,0.37,False,2026-03-11 17:14:23
a9508d,N7HB,United States,40.2067,-82.5907,3970.02,99.04,227.53,False,2026-03-11 17:14:23
a60ee1,N49MQ,United States,40.9004,-74.2721,236.22,35.44,129.7,False,2026-03-11 17:14:23
a2de46,EJA284,United States,32.3147,-97.4019,3444.24,162.2,63.03,False,2026-03-11 17:14:23
a41e2c,UAL1909,United States,40.1734,-75.5398,3962.4,184.16,341.26,False,2026-03-11 17:14:23
a1d873,ENY3785,United States,42.1023,-90.7336,9144.0,185.97,266.99,False,2026-03-11 17:14:23
a0a54a,UAL945,United States,44.4009,-84.9328,10363.2,196.02,196.15,False,2026-03-11 17:14:23
c03f37,WJA1102,Canada,44.4914,-121.1978,11277.6,257.53,165.66,False,2026-03-11 17:14:23
a29551,ASA227,United States,43.4656,-73.7611,9753.6,227.33,347.85,False,2026-03-11 17:14:23
abbe16,ERU856,United States,29.4087,-81.3764,487.68,56.9,345.34,False,2026-03-11 17:14:23
a0b889,UAL1856,United States,41.9807,-87.9078,,3.09,8.44,True,2026-03-11 17:14:23
a79852,N589LA,United States,40.035,-74.7061,624.84,43.81,285.67,False,2026-03-11 17:14:23
a4e8ef,RPA4415,United States,38.7429,-90.3631,,0.0,191.25,True,2026-03-11 17:14:23
a9a037,N71924,United States,40.0918,-74.1141,701.04,66.95,136.25,False,2026-03-11 17:14:23
aa18b2,N75LH,United States,30.5571,-81.3987,12496.8,219.37,357.45,False,2026-03-11 17:14:23
a04263,BPX211,United States,30.5851,-81.414,1623.06,48.13,190.47,False,2026-03-11 17:14:23
ab885c,N842MB,United States,34.4488,-98.8252,11277.6,222.34,175.75,False,2026-03-11 17:14:23
a8e0de,EJA671,United States,41.7871,-87.7608,,0.0,14.06,True,2026-03-11 17:14:23
a29548,N266AA,United States,28.6054,-80.9902,213.36,54.06,357.82,False,2026-03-11 17:14:23
a9b375,N724LU,United States,37.2787,-79.365,1059.18,45.88,252.38,False,2026-03-11 17:14:23
a615d0,SWA1184,United States,37.7551,-79.2494,10972.8,218.15,244.58,False,2026-03-11 17:14:23
ac8e1d,AAL2581,United States,38.3025,-92.3357,11277.6,287.71,40.07,False,2026-03-11 17:14:23
a0f2c6,N160ME,United States,43.9225,-116.6572,1493.52,35.66,313.83,False,2026-03-11 17:14:23
a0b88b,UAL1194,United States,41.988,-87.6297,1493.52,92.6,269.68,False,2026-03-11 17:14:23
ad78b6,N9671V,United States,30.4496,-87.0536,1493.52,58.44,350.37,False,2026-03-11 17:14:23
a16e7d,UAL2096,United States,33.8151,-118.5793,2446.02,150.05,130.13,False,2026-03-11 17:14:23
a78516,N584DG,United States,42.8949,-71.4689,1005.84,86.98,1.69,False,2026-03-11 17:14:23
a67805,DAL356,United States,41.2728,-99.1175,10370.82,201.77,299.31,False,2026-03-11 17:14:23
a6a0da,N526ST,United States,40.4209,-122.3876,2316.48,84.05,356.14,False,2026-03-11 17:14:23
a352f8,N313LH,United States,33.2986,-97.7815,2842.26,149.53,129.28,False,2026-03-11 17:14:23
ac2ba0,SWA506,United States,39.2484,-94.7426,541.02,65.13,13.71,False,2026-03-11 17:14:23
ac45ac,DAL2178,United States,44.8385,-93.5023,3048.0,141.42,73.08,False,2026-03-11 17:14:23
a41e94,UAL1485,United States,29.0494,-98.3448,6370.32,221.64,343.0,False,2026-03-11 17:14:23
ab5b2b,SWA4326,United States,32.7026,-116.7663,5387.34,199.43,77.18,False,2026-03-11 17:14:23
c1ea45,SEC233,Canada,51.1087,-114.0254,,8.23,261.56,True,2026-03-11 17:14:23
a6a0f2,N526TS,United States,32.7003,-82.9004,2087.88,95.27,83.49,False,2026-03-11 17:14:23
a4389f,MVK87,United States,44.0937,-93.8507,1714.5,39.26,301.61,False,2026-03-11 17:14:23
ad5ed0,N9602M,United States,37.8569,-77.4739,1097.28,60.26,211.38,False,2026-03-11 17:14:23
ab6229,SWA801,United States,34.1012,-116.0703,9380.22,221.75,270.93,False,2026-03-11 17:14:23
a41e90,UAL2491,United States,31.1714,-104.6103,9753.6,211.09,294.63,False,2026-03-11 17:14:23
aa9071,N78ZE,United States,36.0471,-103.229,13716.0,237.57,303.97,False,2026-03-11 17:14:23
abb205,SWA1106,United States,28.5193,-93.1343,10363.2,195.82,266.69,False,2026-03-11 17:14:23
a12709,UAL2201,United States,41.7972,-86.8138,3741.42,191.14,350.08,False,2026-03-11 17:14:23
ad1857,ASA351,United States,47.7193,-118.296,10363.2,170.84,271.38,False,2026-03-11 17:14:23
ac2bb6,ASH6186,United States,31.24,-101.7272,6690.36,178.16,330.03,False,2026-03-11 17:14:23
a508ba,N423WB,United States,34.1472,-81.8133,2400.3,74.35,288.56,False,2026-03-11 17:14:23
aaa555,RPA3572,United States,40.6528,-86.0394,3726.18,179.19,168.24,False,2026-03-11 17:14:23
a1b272,N20820,United States,28.1059,-80.6743,7.62,40.17,99.58,False,2026-03-11 17:14:23
a352ca,N313JM,United States,39.3351,-94.7293,7932.42,120.91,270.98,False,2026-03-11 17:14:23
a9d97a,N73367,United States,28.1701,-81.5519,548.64,51.59,253.19,False,2026-03-11 17:14:23
ad185f,DAL1642,United States,32.931,-84.5872,5227.32,199.65,178.82,False,2026-03-11 17:14:23
a900dd,FLC68,United States,34.406,-98.3454,2529.84,99.47,230.88,False,2026-03-11 17:14:23
a9500f,N7CA,United States,37.3408,-93.3674,13716.0,271.19,60.32,False,2026-03-11 17:14:23
acf84e,DAL2417,United States,36.5699,-85.1522,9753.6,235.04,350.04,False,2026-03-11 17:14:23
a2e571,N286N,United States,36.666,-83.2339,12192.0,194.48,180.76,False,2026-03-11 17:14:23
ac8217,DAL1815,United States,27.6822,-98.637,10972.8,185.58,254.73,False,2026-03-11 17:14:23
ac2bc6,SWA2768,United States,29.0066,-81.8427,3611.88,177.26,137.0,False,2026-03-11 17:14:23
abab21,CXK1102,United States,32.6507,-97.091,220.98,41.57,347.86,False,2026-03-11 17:14:23
c0817c,WJA433,Canada,53.0037,-112.2826,5509.26,150.23,281.66,False,2026-03-11 17:14:23
a41e74,UAL2107,United States,32.3803,-80.8145,10668.0,234.25,25.5,False,2026-03-11 17:14:23
a8e0a5,NKS992,United States,29.581,-81.2032,5524.5,205.88,175.56,False,2026-03-11 17:14:23
a53e36,N437MD,United States,39.1797,-74.9277,845.82,42.38,123.11,False,2026-03-11 17:14:23
ab6247,SWA1785,United States,37.5824,-94.6239,10972.8,175.7,255.07,False,2026-03-11 17:14:23
aaebe2,N80213,United States,25.9984,-80.2695,91.44,30.87,90.0,False,2026-03-11 17:14:23
4246a3,AZG4872,United Kingdom,43.6601,-86.7534,10035.54,319.01,40.29,False,2026-03-11 17:14:23
c08177,ASP826,Canada,32.6618,-81.4314,12496.8,258.18,36.0,False,2026-03-11 17:14:23
a39b56,UPS5933,United States,38.9297,-101.1329,10675.62,282.44,85.09,False,2026-03-11 17:14:23
a97690,CFS8650,United States,39.0688,-122.8251,2080.26,87.57,281.18,False,2026-03-11 17:14:23
a485cf,N39049,United States,34.3124,-118.9319,175.26,28.66,111.04,False,2026-03-11 17:14:23
ab5b63,N8305B,United States,31.8466,-81.4513,541.02,50.41,294.73,False,2026-03-11 17:14:23
ac2bd5,ASH6235,United States,42.705,-88.0951,2011.68,150.12,75.11,False,2026-03-11 17:14:23
a15b8a,N187JW,United States,33.2991,-80.633,1638.3,82.54,16.29,False,2026-03-11 17:14:23
ac2bd6,ASH6173,United States,30.6356,-88.1507,10363.2,208.68,253.53,False,2026-03-11 17:14:23
a40b30,N36NS,United States,32.0241,-81.0984,2232.66,93.57,47.45,False,2026-03-11 17:14:23
a54520,,United States,41.9653,-87.8882,,7.72,39.38,True,2026-03-11 17:14:23
ac954d,N91LA,United States,27.008,-79.9494,1714.5,118.51,207.68,False,2026-03-11 17:14:23
ab6e8c,N8359M,United States,32.9863,-80.5888,1623.06,85.5,31.97,False,2026-03-11 17:14:23
a7d3fe,SKW4778,United States,45.0165,-93.1659,10363.2,217.2,311.54,False,2026-03-11 17:14:23
a12732,UAL1767,United States,39.8285,-104.6418,1562.1,83.35,0.71,False,2026-03-11 17:14:23
a12733,UAL587,United States,41.1396,-99.1315,10668.0,261.94,67.97,False,2026-03-11 17:14:23
a12734,UAL1053,United States,35.0796,-109.2515,10972.8,210.42,282.71,False,2026-03-11 17:14:23
ab73f5,SKW3627,United States,42.0964,-83.4285,1836.42,130.22,178.19,False,2026-03-11 17:14:23
ad03c4,DAL2252,United States,33.6431,-84.4407,,2.83,239.06,True,2026-03-11 17:14:23
abd6ed,GTI8644,United States,44.8333,-99.4673,8214.36,289.36,103.47,False,2026-03-11 17:14:23
a24711,N246J,United States,25.9518,-81.54,1524.0,61.84,106.93,False,2026-03-11 17:14:23
a0b7b8,UAL2343,United States,38.3709,-99.8194,10043.16,259.54,70.31,False,2026-03-11 17:14:23
a0b7b7,UAL1593,United States,37.4824,-106.4497,9761.22,224.44,224.91,False,2026-03-11 17:14:23
a0b7b6,UAL2354,United States,38.5791,-100.6269,8846.82,278.51,108.3,False,2026-03-11 17:14:23
ab60c3,N832LA,United States,37.105,-77.6609,2217.42,152.53,34.28,False,2026-03-11 17:14:23
ac3f7e,N889CH,United States,35.9645,-115.3202,13716.0,264.24,48.55,False,2026-03-11 17:14:23
a8e20f,DAL570,United States,36.3817,-90.516,11887.2,274.58,93.01,False,2026-03-11 17:14:23
0d0154,XATQQ,Mexico,29.1021,-111.0359,160.02,37.78,240.64,False,2026-03-11 17:14:23
a77e8f,JIA5125,United States,35.0863,-89.2037,4373.88,210.11,62.12,False,2026-03-11 17:14:23
aaa3f2,JRE785,United States,26.1865,-80.2973,533.4,74.89,84.88,False,2026-03-11 17:14:23
c1ea00,ST14,Canada,51.1087,-114.0248,,8.23,267.19,True,2026-03-11 17:14:23
abc3c6,SWA4031,United States,43.8114,-90.4038,11277.6,269.19,113.18,False,2026-03-11 17:14:23
42479c,,United Kingdom,34.6772,-82.0852,11582.4,227.34,170.62,False,2026-03-11 17:14:23
aa9bfd,N783DG,United States,33.8365,-118.1785,373.38,38.28,48.81,False,2026-03-11 17:14:23
aae034,N80HA,United States,38.196,-86.3186,6111.24,98.65,253.64,False,2026-03-11 17:14:23
a962c9,N7035Q,United States,32.4009,-111.1942,792.48,37.83,45.0,False,2026-03-11 17:14:23
ac3f9c,DAL2236,United States,41.0754,-111.4667,5448.3,214.49,73.13,False,2026-03-11 17:14:23
a6658d,N511EC,United States,30.4041,-84.5701,12192.0,136.9,308.59,False,2026-03-11 17:14:23
a6c88e,AAL1257,United States,35.971,-86.5298,10668.0,237.67,143.01,False,2026-03-11 17:14:23
a187ba,AAL2197,United States,28.8507,-80.6721,10363.2,248.99,163.06,False,2026-03-11 17:14:23
ac468d,AAL1093,United States,35.654,-92.8975,10957.56,194.41,243.43,False,2026-03-11 17:14:23
aca99c,DAL640,United States,38.4001,-111.6066,10058.4,266.61,88.23,False,2026-03-11 17:14:23
ada336,AAL2279,United States,37.6615,-84.1266,10347.96,195.67,253.66,False,2026-03-11 17:14:23
adb64a,N983AA,United States,33.1987,-97.196,,5.14,8.44,True,2026-03-11 17:14:23
ac2038,SWA3123,United States,40.8403,-92.217,11582.4,185.55,245.42,False,2026-03-11 17:14:23
a64b96,N5043J,United States,37.3434,-122.4073,1234.44,57.64,178.47,False,2026-03-11 17:14:23
ac335b,SWA3771,United States,39.6335,-100.8127,11186.16,275.85,79.36,False,2026-03-11 17:14:23
c02ae3,WJA2566,Canada,26.2788,-77.5224,11277.6,254.97,177.11,False,2026-03-11 17:14:23
c031ba,ASP716,Canada,26.2964,-80.0481,2065.02,140.48,189.91,False,2026-03-11 17:14:23
a8a5bf,N65624,United States,28.4789,-82.4281,182.88,41.17,1.43,False,2026-03-11 17:14:23
ad4c60,EJA956,United States,39.3897,-74.7684,12496.8,224.66,42.49,False,2026-03-11 17:14:23
c031c9,WEN3655,Canada,50.2671,-119.4062,2278.38,107.91,210.35,False,2026-03-11 17:14:23
aa6899,N77VR,United States,41.2321,-76.9714,411.48,61.82,71.57,False,2026-03-11 17:14:23
a1270a,UAL2316,United States,36.0733,-114.7837,2171.7,120.39,270.73,False,2026-03-11 17:14:23
a1270b,UAL784,United States,33.4324,-100.9934,9144.0,205.32,340.84,False,2026-03-11 17:14:23
a7e890,N6089F,United States,33.1592,-96.7642,914.4,46.86,199.23,False,2026-03-11 17:14:23
a89e7a,,United States,28.1048,-81.6621,144.78,33.58,354.73,False,2026-03-11 17:14:23
ac337e,SWA939,United States,29.4016,-95.4129,2750.82,132.08,231.17,False,2026-03-11 17:14:23
a5eef4,N4812F,United States,32.9404,-111.9131,1630.68,53.92,52.36,False,2026-03-11 17:14:23
a988d3,N713SS,United States,26.8865,-81.3072,8305.8,225.04,312.41,False,2026-03-11 17:14:23
a12778,UAL1442,United States,44.085,-85.0947,10668.0,280.53,80.61,False,2026-03-11 17:14:23
a5dbae,LXJ477,United States,47.2038,-122.4772,2674.62,146.26,330.73,False,2026-03-11 17:14:23
ac2c9c,SWA4372,United States,32.7314,-117.1906,,0.0,196.88,True,2026-03-11 17:14:23
a602ab,ASA1410,United States,45.6159,-122.6748,182.88,72.72,117.83,False,2026-03-11 17:14:23
a735d7,ASA1461,United States,41.2619,-95.0411,11887.2,278.85,80.12,False,2026-03-11 17:14:23
a5e2a1,ATN3333,United States,38.4527,-77.8993,8999.22,197.67,230.39,False,2026-03-11 17:14:23
a437b5,EDV5425,United States,31.3514,-85.4859,251.46,70.94,135.88,False,2026-03-11 17:14:23
a1c4b7,N213AR,United States,37.4551,-122.1115,,0.06,146.25,True,2026-03-11 17:14:23
a53249,N434DD,United States,41.7983,-111.8496,1219.2,18.53,1.59,False,2026-03-11 17:14:23
a0b7de,UAL1548,United States,33.7548,-97.3465,10347.96,241.44,317.68,False,2026-03-11 17:14:23
a0b7dc,UAL1010,United States,39.8587,-104.6832,,0.0,270.0,True,2026-03-11 17:14:23
a4c2ad,JBU2220,United States,47.5715,-67.0764,10965.18,195.01,217.93,False,2026-03-11 17:14:23
a88b00,N65GJ,United States,28.4924,-80.8952,167.64,36.83,335.22,False,2026-03-11 17:14:23
ac205f,SWA1781,United States,38.0009,-85.5496,9144.0,230.35,168.01,False,2026-03-11 17:14:23
a7851c,DAL482,United States,32.1307,-108.1269,8846.82,254.35,98.49,False,2026-03-11 17:14:23
42476e,VPCVI,United Kingdom,38.0909,-117.5879,12496.8,284.98,75.79,False,2026-03-11 17:14:23
aa553f,,United States,25.0509,-80.5003,5646.42,199.71,196.61,False,2026-03-11 17:14:23
a5f5bf,SWA533,United States,35.373,-88.6871,11582.4,187.72,225.67,False,2026-03-11 17:14:23
a0b7fa,UAL414,United States,43.4524,-79.3206,9144.0,200.05,282.93,False,2026-03-11 17:14:23
a5e2b2,N479BR,United States,34.9066,-94.5415,5181.6,128.76,193.87,False,2026-03-11 17:14:23
ae6c5c,R03318,United States,32.41,-107.0626,2103.12,55.34,137.26,False,2026-03-11 17:14:23
ae6c5b,R03317,United States,31.8804,-106.3451,1402.08,60.39,224.31,False,2026-03-11 17:14:23
a041bf,LFA328,United States,28.8486,-81.5853,1112.52,45.13,65.77,False,2026-03-11 17:14:23
a868d2,N6409D,United States,32.9825,-116.7195,1889.76,55.22,123.99,False,2026-03-11 17:14:23
adfcce,VANDY10,United States,32.7096,-99.5733,5836.92,133.27,227.5,False,2026-03-11 17:14:23
ab38a1,DAL2901,United States,33.6376,-84.433,,0.0,78.75,True,2026-03-11 17:14:23
a5a888,ASA514,United States,33.4321,-111.9988,,3.34,90.0,True,2026-03-11 17:14:23
adc98b,N988H,United States,44.3815,-94.2266,9936.48,199.41,233.6,False,2026-03-11 17:14:23
a437a6,N371BL,United States,28.0833,-81.7737,198.12,37.09,246.28,False,2026-03-11 17:14:23
a66561,COL511,United States,38.3126,-104.3824,12199.62,183.84,244.3,False,2026-03-11 17:14:23
adaf83,N981GT,United States,38.8422,-76.0351,289.56,41.39,235.12,False,2026-03-11 17:14:23
ace3f4,N93GP,United States,39.6525,-75.7223,259.08,37.86,312.8,False,2026-03-11 17:14:23
acd0c2,PDT6000,United States,42.9012,-85.5217,647.7,87.28,354.93,False,2026-03-11 17:14:23
a317ba,ENY3952,United States,37.2228,-93.3687,510.54,64.52,322.13,False,2026-03-11 17:14:23
a91535,UAL2670,United States,27.947,-86.5458,11277.6,251.51,107.99,False,2026-03-11 17:14:23
a1d7d9,N218GJ,United States,26.5724,-79.9297,1143.0,125.85,295.94,False,2026-03-11 17:14:23
a91536,UAL2387,United States,39.6721,-72.6682,4343.4,151.7,320.64,False,2026-03-11 17:14:23
ad5398,AAL1082,United States,40.0744,-92.5594,8839.2,262.3,62.68,False,2026-03-11 17:14:23
ad4062,CXK643,United States,40.9648,-74.6726,1082.04,42.92,283.87,False,2026-03-11 17:14:23
a12756,UAL1387,United States,41.4258,-114.0772,10972.8,194.08,251.13,False,2026-03-11 17:14:23
0d0d75,VIV611,Mexico,26.0048,-98.3991,8549.64,205.17,275.47,False,2026-03-11 17:14:23
ac2082,SWA2833,United States,36.3026,-80.4397,11277.6,239.95,8.76,False,2026-03-11 17:14:23
a067ec,SKW5497,United States,38.8344,-100.2554,10668.0,284.36,116.43,False,2026-03-11 17:14:23
c044c7,CGABE,Canada,49.0665,-122.1566,251.46,42.95,46.94,False,2026-03-11 17:14:23
a0b7bd,UAL2124,United States,34.0394,-93.9124,10066.02,277.47,26.18,False,2026-03-11 17:14:23
a79898,DAL1240,United States,37.8158,-85.4997,10972.8,233.58,347.92,False,2026-03-11 17:14:23
a0b7bb,,United States,28.4412,-81.319,,10.8,0.0,True,2026-03-11 17:14:23
a0b7ba,UAL246,United States,37.5,-122.0042,1684.02,116.36,291.8,False,2026-03-11 17:14:23
a16dc3,N191VF,United States,25.8929,-79.2295,11582.4,176.3,299.93,False,2026-03-11 17:14:23
a3eb7b,N3514U,United States,41.8788,-71.6779,464.82,42.73,92.07,False,2026-03-11 17:14:23
a72eeb,LXJ562,United States,41.0777,-73.7149,167.64,58.58,149.38,False,2026-03-11 17:14:23
ab38aa,DAL1227,United States,30.9475,-82.6461,10050.78,243.05,4.49,False,2026-03-11 17:14:23
acd0ca,AAL2314,United States,36.0703,-94.3357,10058.4,282.29,44.56,False,2026-03-11 17:14:23
aa4200,SKW6251,United States,33.4383,-111.9923,,1.8,182.81,True,2026-03-11 17:14:23
acd0cf,DAL3108,United States,36.3546,-86.1734,9448.8,223.8,180.79,False,2026-03-11 17:14:23
a96eb3,N707BL,United States,30.6447,-87.6511,1783.08,59.66,277.43,False,2026-03-11 17:14:23
a868f7,PDT6123,United States,37.2502,-79.1287,6172.2,196.41,210.19,False,2026-03-11 17:14:23
a08a6b,DAL2502,United States,28.0135,-97.6375,7620.0,233.46,122.67,False,2026-03-11 17:14:23
a677bf,N516AF,United States,40.9757,-74.9614,464.82,46.91,338.78,False,2026-03-11 17:14:23
a797b4,DAL400,United States,40.8414,-105.0573,10652.76,273.1,80.13,False,2026-03-11 17:14:23
ac2e20,EJA884,United States,30.2879,-90.307,12192.0,222.71,296.03,False,2026-03-11 17:14:23
ab2854,AAY1233,United States,38.0128,-86.7723,11277.6,250.48,137.33,False,2026-03-11 17:14:23
a4bd34,N404TP,United States,33.5733,-112.8912,2331.72,82.83,253.03,False,2026-03-11 17:14:23
a3410d,N309DA,United States,33.8304,-83.5616,701.04,36.54,170.27,False,2026-03-11 17:14:23
ae0089,KEEN92,United States,33.7264,-99.5069,6408.42,232.64,341.97,False,2026-03-11 17:14:23
a15aef,KOW187,United States,37.7775,-75.5566,14325.6,242.26,206.89,False,2026-03-11 17:14:23
ab284d,AAL1838,United States,39.6278,-96.5371,9144.0,211.65,203.95,False,2026-03-11 17:14:23
a60409,EJA487,United States,37.6279,-122.3842,,0.0,298.12,True,2026-03-11 17:14:23
a46d47,UAL2460,United States,30.7828,-98.112,9753.6,201.78,194.92,False,2026-03-11 17:14:23
aa68f2,N77ZE,United States,34.2527,-79.4573,8229.6,129.02,29.63,False,2026-03-11 17:14:23
ac4836,89038,United States,44.7387,-92.7665,487.68,53.75,129.17,False,2026-03-11 17:14:23
a281d5,N2603Y,United States,37.8662,-121.9745,1242.06,52.55,156.95,False,2026-03-11 17:14:23
abbeb7,N856MB,United States,40.0069,-104.9752,2042.16,65.07,33.06,False,2026-03-11 17:14:23
ab1534,N813HD,United States,28.1683,-82.6317,4145.28,171.68,3.78,False,2026-03-11 17:14:23
ac95a7,N91PR,United States,36.0719,-110.3005,8542.02,233.97,220.27,False,2026-03-11 17:14:23
a8e29c,DAL750,United States,36.8176,-88.4566,10972.8,215.02,298.59,False,2026-03-11 17:14:23
0d0d27,,Mexico,32.8791,-97.0496,,2.06,270.0,True,2026-03-11 17:14:23
a437da,DAL2587,United States,28.0665,-82.5388,358.14,76.68,181.54,False,2026-03-11 17:14:23
ae0078,KENT43,United States,33.9432,-99.2858,4838.7,203.24,274.21,False,2026-03-11 17:14:23
a22d7b,UAL100,United States,29.9934,-95.3072,137.16,82.84,271.07,False,2026-03-11 17:14:23
a08a96,EJM134,United States,43.0188,-98.2931,12496.8,242.17,55.3,False,2026-03-11 17:14:23
a33a30,EJM37,United States,39.5622,-104.8491,,6.94,177.19,True,2026-03-11 17:14:23
aaa5ae,UAL609,United States,41.9573,-87.8936,281.94,74.08,269.6,False,2026-03-11 17:14:23
a34d63,UCA4878,United States,30.0915,-90.451,9144.0,204.38,250.29,False,2026-03-11 17:14:23
aaee43,DAL177,United States,44.0421,-70.1311,10972.8,231.12,209.76,False,2026-03-11 17:14:23
ac4843,SWA2445,United States,39.142,-76.7564,1036.32,111.44,161.15,False,2026-03-11 17:14:23
ab0e53,AAY2125,United States,28.1219,-82.0406,6271.26,205.27,189.08,False,2026-03-11 17:14:23
a5e401,N479RA,United States,25.4888,-100.3512,6819.9,130.4,218.27,False,2026-03-11 17:14:23
a39ab4,DAL2020,United States,33.6396,-84.4289,,0.0,286.88,True,2026-03-11 17:14:23
a0079d,N1004E,United States,37.484,-122.1194,121.92,45.6,66.04,False,2026-03-11 17:14:23
a437cf,KOW371,United States,39.1066,-108.4044,12496.8,267.04,105.99,False,2026-03-11 17:14:23
a6c7bf,N536LP,United States,41.1235,-74.6512,609.6,46.54,13.42,False,2026-03-11 17:14:23
a12796,UAL2006,United States,31.3453,-90.0709,10972.8,219.17,180.81,False,2026-03-11 17:14:23
a12799,UAL2857,United States,41.8313,-74.8139,5059.68,200.24,142.31,False,2026-03-11 17:14:23
ac1b15,N8797C,United States,35.019,-85.1577,975.36,66.72,17.04,False,2026-03-11 17:14:23
a174f3,AMF2924,United States,32.0599,-110.8756,1752.6,81.19,137.31,False,2026-03-11 17:14:23
aa9e28,SWA4406,United States,41.7596,-87.8803,1181.1,108.83,243.92,False,2026-03-11 17:14:23
a41dae,N3641L,United States,36.9039,-79.604,838.2,26.92,225.0,False,2026-03-11 17:14:23
a1aaae,JBU1793,United States,25.2182,-80.7899,10668.0,250.89,197.54,False,2026-03-11 17:14:23
a1c4d8,MXY109,United States,41.2596,-79.0688,10347.96,205.96,198.8,False,2026-03-11 17:14:23
a0b7fd,UAL2292,United States,36.0675,-91.4753,10660.38,224.65,130.91,False,2026-03-11 17:14:23
a0b7fb,UAL2329,United States,40.5228,-101.2129,9456.42,263.0,67.7,False,2026-03-11 17:14:23
a83d18,N63TM,United States,30.0053,-93.8333,13716.0,253.18,103.27,False,2026-03-11 17:14:23
a65dbc,N5090E,United States,27.9464,-80.6715,464.82,51.37,235.2,False,2026-03-11 17:14:23
a2f7d7,N2900E,United States,33.9793,-117.6005,304.8,43.3,166.95,False,2026-03-11 17:14:23
a47408,N38603,United States,33.3417,-82.9682,1584.96,72.88,41.57,False,2026-03-11 17:14:23
a2ddac,ENY4014,United States,32.0788,-97.2137,8244.84,182.76,186.46,False,2026-03-11 17:14:23
a28de3,ASA1349,United States,33.4404,-111.8533,990.6,90.57,271.3,False,2026-03-11 17:14:23
a304b2,N294DS,United States,36.1857,-115.3613,2346.96,48.09,26.02,False,2026-03-11 17:14:23
aaa5d4,UAL440,United States,26.2467,-80.1365,2065.02,148.0,290.77,False,2026-03-11 17:14:23
a28de6,N264AN,United States,37.0354,-76.5412,8534.4,149.23,202.5,False,2026-03-11 17:14:23
a24782,ENY3777,United States,44.0234,-95.2403,10363.2,213.04,303.08,False,2026-03-11 17:14:23
a664c9,BPX203,United States,27.6884,-80.7785,2354.58,55.41,192.88,False,2026-03-11 17:14:23
a0f44c,DAL501,United States,35.713,-96.9912,10363.2,212.64,263.89,False,2026-03-11 17:14:23
a46d19,N3844Q,United States,28.8181,-80.9695,304.8,53.88,10.45,False,2026-03-11 17:14:23
ab021b,N8081L,United States,34.8895,-80.4368,1013.46,32.93,180.9,False,2026-03-11 17:14:23
ab5bd4,SWA1797,United States,28.0231,-96.9562,6713.22,186.21,254.62,False,2026-03-11 17:14:23
a34d2f,JBU1271,United States,47.2261,-82.1716,9753.6,184.42,284.54,False,2026-03-11 17:14:23
ac486a,SWA4405,United States,36.7569,-88.2368,10363.2,241.22,133.88,False,2026-03-11 17:14:23
ace5b6,AAL1206,United States,42.368,-71.0036,,20.58,19.69,True,2026-03-11 17:14:23
ae1ec7,BOMR774,United States,27.7889,-97.1285,1988.82,117.66,340.06,False,2026-03-11 17:14:23
ab62ad,SWA1277,United States,30.5684,-84.3189,11277.6,256.64,132.81,False,2026-03-11 17:14:23
ae1ec5,TEXN064,United States,30.8177,-87.0952,617.22,122.48,158.82,False,2026-03-11 17:14:23
ab6efc,DAL539,United States,45.7739,-109.276,9753.6,173.88,265.59,False,2026-03-11 17:14:23
aadb37,UAL22,United States,42.8349,-73.7663,6240.78,203.07,197.24,False,2026-03-11 17:14:23
abbee3,DAL15,United States,47.475,-67.1865,11582.4,207.37,218.15,False,2026-03-11 17:14:23
a22178,N2362R,United States,37.3878,-79.336,1371.6,55.09,258.69,False,2026-03-11 17:14:23
ac2210,N881FG,United States,33.281,-116.6918,3002.28,144.18,252.99,False,2026-03-11 17:14:23
a139a5,N17829,United States,31.8577,-84.9873,2682.24,73.62,153.43,False,2026-03-11 17:14:23
aadb2d,N799TR,United States,32.8151,-116.907,495.3,47.32,281.92,False,2026-03-11 17:14:23
aaf558,N805KG,United States,40.0727,-74.89,281.94,58.42,257.8,False,2026-03-11 17:14:23
c01a7d,ACA833,Canada,46.3531,-71.8544,8305.8,187.42,223.33,False,2026-03-11 17:14:23
adfea3,CASTL28,United States,39.4539,-74.8397,914.4,111.03,110.62,False,2026-03-11 17:14:23
a2d1d6,N281BL,United States,27.5972,-81.8037,1592.58,47.33,180.62,False,2026-03-11 17:14:23
a9b2e0,SKW4323,United States,41.9799,-113.6956,5775.96,177.0,310.4,False,2026-03-11 17:14:23
a45a50,N38QA,United States,33.9937,-84.0239,1783.08,137.95,321.21,False,2026-03-11 17:14:23
a11fa3,UAL2640,United States,44.0394,-81.1914,11269.98,263.59,105.39,False,2026-03-11 17:14:23
a0692d,N1254D,United States,32.9667,-96.5817,769.62,42.56,225.49,False,2026-03-11 17:14:23
a8e262,DAL655,United States,28.4077,-82.0907,10363.2,226.36,324.9,False,2026-03-11 17:14:23
a7bb77,DAL492,United States,36.2778,-108.7965,10363.2,214.88,243.56,False,2026-03-11 17:14:23
a05614,DAL742,United States,34.6549,-112.8866,10972.8,212.66,261.65,False,2026-03-11 17:14:23
ac4888,SWA1193,United States,35.5608,-103.3341,8839.2,247.04,80.77,False,2026-03-11 17:14:23
ac82b1,N905KS,United States,27.8722,-81.9912,1318.26,32.09,138.9,False,2026-03-11 17:14:23
abbedb,AAL2548,United States,28.2006,-80.8849,11277.6,215.28,340.31,False,2026-03-11 17:14:23
ab5bf0,SWA2115,United States,41.5307,-88.1532,1257.3,136.87,70.0,False,2026-03-11 17:14:23
a4d717,N4104U,United States,28.2485,-82.0832,998.22,38.17,142.67,False,2026-03-11 17:14:23
a9c5fe,N729LJ,United States,37.8883,-109.7332,4785.36,85.01,254.2,False,2026-03-11 17:14:23
adfed9,VALOR77,United States,31.3887,-85.4595,487.68,70.28,317.67,False,2026-03-11 17:14:23
a09188,AAL3250,United States,35.2427,-81.0873,1188.72,144.39,349.53,False,2026-03-11 17:14:23
adfed7,VALOR64,United States,31.0361,-85.8973,2240.28,84.48,283.02,False,2026-03-11 17:14:23
aae246,N800EE,United States,34.9198,-120.3468,2796.54,85.2,132.55,False,2026-03-11 17:14:23
a9b2b3,N724D,United States,33.6247,-96.6141,480.06,59.36,33.69,False,2026-03-11 17:14:23
adfebd,WING15,United States,37.1994,-76.3537,670.56,73.91,236.64,False,2026-03-11 17:14:23
a2d1af,OXF6039,United States,33.448,-111.7116,632.46,50.66,235.34,False,2026-03-11 17:14:23
adfed1,VALOR82,United States,31.2374,-85.4474,845.82,91.36,317.05,False,2026-03-11 17:14:23
ace5e1,N930CF,United States,36.7959,-96.3717,5311.14,162.16,30.71,False,2026-03-11 17:14:23
ac8efa,EDV5347,United States,36.2775,-83.756,4800.6,214.04,30.63,False,2026-03-11 17:14:23
ada51e,ASA1481,United States,38.1758,-122.2268,6118.86,178.56,358.68,False,2026-03-11 17:14:23
ada521,AAL279G,United States,32.572,-97.1266,1219.2,122.41,69.58,False,2026-03-11 17:14:23
a4bd24,SKW3366,United States,33.9525,-118.3983,-30.48,69.49,262.77,False,2026-03-11 17:14:23
a3411f,DAL751,United States,39.8548,-104.6624,,7.72,0.0,True,2026-03-11 17:14:23
ae1ed2,RNGR815,United States,28.5123,-97.5544,1165.86,111.47,336.04,False,2026-03-11 17:14:23
ab62f8,SWA3297,United States,29.8915,-93.3331,10584.18,273.98,70.82,False,2026-03-11 17:14:23
a45a1c,N38MZ,United States,37.0374,-105.393,13716.0,262.79,75.26,False,2026-03-11 17:14:23
a8e247,DAL1213,United States,33.1886,-83.821,3162.3,145.95,316.86,False,2026-03-11 17:14:23
a22d9f,UAL2,United States,37.6089,-122.3857,,3.6,275.62,True,2026-03-11 17:14:23
a0da7a,EJA154,United States,37.1092,-120.6458,8397.24,259.32,108.87,False,2026-03-11 17:14:23
a46d4f,UAL714,United States,38.6533,-90.9353,10972.8,246.04,340.2,False,2026-03-11 17:14:23
ada526,DAL3197,United States,34.8115,-82.5767,3276.6,147.84,259.98,False,2026-03-11 17:14:23
a46d4a,,United States,39.8601,-104.6623,,5.66,0.0,True,2026-03-11 17:14:23
ace5bc,AAL3166,United States,36.4264,-88.0532,9753.6,215.98,284.2,False,2026-03-11 17:14:23
ac2247,JTL881,United States,38.1409,-81.0515,11582.4,225.55,338.17,False,2026-03-11 17:14:23
ace5bb,DAL940,United States,33.287,-84.2701,4617.72,208.33,128.48,False,2026-03-11 17:14:23
ac20c4,SWA1582,United States,41.0952,-89.2398,4244.34,222.82,60.24,False,2026-03-11 17:14:23
ab00ce,AAL2807,United States,28.3567,-82.9637,2979.42,161.19,150.98,False,2026-03-11 17:14:23
c02141,CFMPK,Canada,51.7617,-96.5041,6705.6,136.54,192.62,False,2026-03-11 17:14:23
ad53ce,EJA958,United States,43.5845,-96.7351,,0.0,272.81,True,2026-03-11 17:14:23
a9776c,EJA709,United States,38.9554,-77.4392,,3.86,278.44,True,2026-03-11 17:14:23
a23fb2,RPA5601,United States,40.3586,-79.3473,11277.6,253.74,61.15,False,2026-03-11 17:14:23
a7d4e5,N6031F,United States,33.8775,-112.18,1455.42,59.99,95.91,False,2026-03-11 17:14:23
a1bf0d,N211UT,United States,33.2709,-111.4908,1455.42,115.06,218.1,False,2026-03-11 17:14:23
a05646,,United States,42.0576,-101.3888,10965.18,214.02,263.1,False,2026-03-11 17:14:23
a4b168,N401LX,United States,39.6403,-105.7303,7924.8,108.78,259.65,False,2026-03-11 17:14:23
aba00b,N84809,United States,33.31,-97.1376,853.44,53.2,161.39,False,2026-03-11 17:14:23
a09cad,AAL2138,United States,35.9941,-114.5843,2667.0,117.19,306.97,False,2026-03-11 17:14:23
a3c9a1,DAL2158,United States,36.2494,-94.9199,10972.8,188.89,206.7,False,2026-03-11 17:14:23
ab5056,UAL472,United States,39.8607,-104.6793,,0.0,272.81,False,2026-03-11 17:14:23
a83120,N627KA,United States,37.986,-120.296,3390.9,95.02,149.41,False,2026-03-11 17:14:23
a28f12,ENY3693,United States,41.7399,-84.2416,10668.0,255.6,105.41,False,2026-03-11 17:14:23
a126bb,CXK561,United States,41.4847,-112.2358,1965.96,49.56,318.37,False,2026-03-11 17:14:23
a33a9d,N307PE,United States,30.7713,-84.58,12496.8,232.59,91.27,False,2026-03-11 17:14:23
a95d74,N702RA,United States,29.3217,-82.5336,1310.64,54.87,308.91,False,2026-03-11 17:14:23
0d0bff,AMX686,Mexico,32.1315,-94.3115,11277.6,269.97,21.58,False,2026-03-11 17:14:23
a11fe7,UCA4302,United States,35.0758,-85.0158,3009.9,169.09,228.45,False,2026-03-11 17:14:23
ac7044,N900ME,United States,28.0394,-80.8004,7010.4,129.3,325.05,False,2026-03-11 17:14:23
a891a7,NKS3006,United States,29.0547,-81.296,11277.6,217.25,354.02,False,2026-03-11 17:14:23
a0a622,N1408B,United States,40.1738,-122.231,1554.48,54.03,181.09,False,2026-03-11 17:14:23
a96466,N704LB,United States,29.3552,-83.7384,13098.78,241.39,334.64,False,2026-03-11 17:14:23
a97797,SKW6503,United States,35.6423,-102.0827,9144.0,211.93,310.77,False,2026-03-11 17:14:23
a126c4,UAL283,United States,33.6259,-117.717,6156.96,230.08,105.96,False,2026-03-11 17:14:23
a6f11e,N5464D,United States,28.5836,-81.3706,274.32,51.35,137.84,False,2026-03-11 17:14:23
ad4cf1,N956WM,United States,35.8225,-108.2168,11414.76,187.26,250.92,False,2026-03-11 17:14:23
ad4cf2,SWA3810,United States,37.3526,-121.9153,,5.92,253.12,True,2026-03-11 17:14:23
a57a9e,N452MA,United States,40.9204,-85.9226,9144.0,123.13,273.11,False,2026-03-11 17:14:23
ad9039,EJA973,United States,31.6754,-81.2055,12496.8,234.52,25.05,False,2026-03-11 17:14:23
a4615d,N3810D,United States,47.754,-116.9099,960.12,46.91,68.78,False,2026-03-11 17:14:23
a70a87,LFA333,United States,28.7531,-81.232,236.22,46.95,265.6,False,2026-03-11 17:14:23
a006b6,N100WP,United States,30.0501,-82.9457,12504.42,212.24,155.36,False,2026-03-11 17:14:23
abac7e,EJA851,United States,30.5853,-88.8617,12192.0,216.67,285.42,False,2026-03-11 17:14:23
a891e5,QXE2271,United States,53.282,-114.1549,4008.12,185.98,99.07,False,2026-03-11 17:14:23
a5ca89,SWA4279,United States,33.3457,-111.9384,2072.64,112.67,90.78,False,2026-03-11 17:14:23
a70a89,N55294,United States,41.7056,-73.7131,1097.28,39.11,181.51,False,2026-03-11 17:14:23
a4b195,N401NS,United States,31.3939,-81.6881,4785.36,123.89,318.37,False,2026-03-11 17:14:23
a82a63,N625SC,United States,33.6255,-111.9057,,0.0,123.75,True,2026-03-11 17:14:23
a6f164,N5466D,United States,33.1967,-117.4319,1013.46,49.01,129.04,False,2026-03-11 17:14:23
a05628,UAL2692,United States,36.6402,-101.3912,10355.58,227.95,261.3,False,2026-03-11 17:14:23
a83d95,ELZ63,United States,41.2784,-74.4232,6111.24,177.08,318.3,False,2026-03-11 17:14:23
a9b402,SKW6226,United States,33.4385,-111.9953,,0.0,2.81,True,2026-03-11 17:14:23
c03487,WJA2902,Canada,42.5829,-72.3236,11277.6,251.41,165.91,False,2026-03-11 17:14:23
c03488,WJA2500,Canada,33.2187,-81.3964,10363.2,244.07,167.96,False,2026-03-11 17:14:23
c01a5a,JZA117,Canada,52.7588,-114.9425,8877.3,191.64,235.5,False,2026-03-11 17:14:23
a11fc1,UAL2115,United States,39.8027,-119.6356,10363.2,204.05,248.09,False,2026-03-11 17:14:23
ae1f7f,PICK23,United States,31.4141,-85.6344,853.44,51.45,229.46,False,2026-03-11 17:14:23
a95d52,JIA5140,United States,40.3795,-81.4537,5113.02,171.62,176.56,False,2026-03-11 17:14:23
a9ad36,RPA3669,United States,39.7235,-86.2748,342.9,66.57,224.69,False,2026-03-11 17:14:23
adff84,NA21,United States,33.745,-87.9184,4671.06,199.52,253.06,False,2026-03-11 17:14:23
ae2675,C6527,United States,42.7425,-82.635,1158.24,44.92,320.11,False,2026-03-11 17:14:23
adff81,SCAR21,United States,34.4925,-87.8561,4267.2,259.89,28.49,False,2026-03-11 17:14:23
a3549d,JBU479,United States,27.1154,-77.5704,11277.6,252.97,176.85,False,2026-03-11 17:14:23
ae266f,C6521,United States,30.5435,-89.3739,861.06,62.31,288.29,False,2026-03-11 17:14:23
a33a93,AAY7,United States,37.1919,-111.002,11894.82,249.05,61.64,False,2026-03-11 17:14:23
c01a70,CFKAH,Canada,48.3455,-89.2188,480.06,57.73,176.42,False,2026-03-11 17:14:23
a2cafb,,United States,25.9732,-80.47,236.22,36.42,126.38,False,2026-03-11 17:14:23
ae266a,C6516,United States,32.0208,-81.139,-45.72,9.61,15.52,False,2026-03-11 17:14:23
a126eb,UAL1748,United States,33.43,-112.01,,0.0,90.0,True,2026-03-11 17:14:23
a2f94d,CSQ760,United States,25.2508,-79.6309,5372.1,185.84,327.89,False,2026-03-11 17:14:23
a126ec,UAL1344,United States,31.8913,-78.5019,10972.8,239.91,195.68,False,2026-03-11 17:14:23
aae0fc,N80RA,United States,36.4395,-120.7687,6096.0,136.94,320.03,False,2026-03-11 17:14:23
0d0bab,XAFAP,Mexico,29.4762,-94.8484,3177.54,144.56,292.82,False,2026-03-11 17:14:23
a69a32,N5240R,United States,25.5354,-80.5528,365.76,54.02,289.47,False,2026-03-11 17:14:23
ae0043,CLOVE1,United States,29.5329,-98.2661,792.48,152.15,9.14,False,2026-03-11 17:14:23
ac7077,N900PF,United States,40.0094,-105.0486,,3.09,309.38,True,2026-03-11 17:14:23
a2e630,VJA286,United States,33.9931,-77.8187,13716.0,203.51,11.96,False,2026-03-11 17:14:23
a35fcc,N3162U,United States,33.5346,-116.6441,2529.84,60.6,319.82,False,2026-03-11 17:14:23
a77de9,LXJ582,United States,26.8186,-81.7119,7780.02,203.71,351.87,False,2026-03-11 17:14:23
a1b30d,N2087E,United States,34.1129,-117.9522,457.2,47.42,61.49,False,2026-03-11 17:14:23
ae73fc,LY712,United States,30.6677,-87.0303,655.32,31.29,226.33,False,2026-03-11 17:14:23
ada3f2,N97811,United States,33.4443,-112.6992,495.3,43.59,11.58,False,2026-03-11 17:14:23
a41f37,DAL1099,United States,28.2749,-82.8922,2506.98,143.75,103.24,False,2026-03-11 17:14:23
a797ea,LXJ589,United States,32.2662,-80.8787,13716.0,245.06,25.49,False,2026-03-11 17:14:23
ae003b,WIZZO1,United States,29.1803,-99.1772,5669.28,251.95,254.97,False,2026-03-11 17:14:23
ae003a,KABUKI1,United States,29.5137,-98.4303,3962.4,196.26,253.08,False,2026-03-11 17:14:23
a6ea11,N54466,United States,40.6312,-74.6906,182.88,38.67,123.06,False,2026-03-11 17:14:23
a82a06,NKS1246,United States,34.0402,-77.8065,11574.78,239.12,191.79,False,2026-03-11 17:14:23
a1b303,N20865,United States,40.8419,-72.8469,175.26,35.65,225.0,False,2026-03-11 17:14:23
a807d9,N6163R,United States,34.509,-81.0122,2255.52,97.45,109.1,False,2026-03-11 17:14:23
a1bf3a,SWA3739,United States,39.7147,-77.1599,10972.8,207.61,238.48,False,2026-03-11 17:14:23
ae2699,C6567,United States,37.8424,-122.403,-15.24,41.72,357.17,False,2026-03-11 17:14:23
c01a05,WEN3739,Canada,49.8498,-119.5336,3596.64,100.48,261.16,False,2026-03-11 17:14:23
aa8b3f,N779JA,United States,34.9575,-118.5239,2788.92,79.04,132.1,False,2026-03-11 17:14:23
ae2698,C6566,United States,27.805,-97.8605,167.64,43.19,347.62,False,2026-03-11 17:14:23
ab88b6,N842QS,United States,29.4882,-98.562,3345.18,162.72,151.9,False,2026-03-11 17:14:23
ae73ec,BR020,United States,30.7861,-87.5292,274.32,51.96,191.42,False,2026-03-11 17:14:23
ae73eb,FH019,United States,30.6041,-86.9387,144.78,32.45,177.27,False,2026-03-11 17:14:23
a03038,DAL897,United States,36.9784,-91.0334,10668.0,244.95,110.15,False,2026-03-11 17:14:23
a97754,N709PT,United States,25.5069,-80.5919,213.36,47.85,180.62,False,2026-03-11 17:14:23
adff99,SCAR21,United States,34.5019,-87.8733,4351.02,278.09,31.07,False,2026-03-11 17:14:23
ac4801,SWA3265,United States,38.1442,-92.0769,11582.4,221.86,319.51,False,2026-03-11 17:14:23
a8a748,FFT3212,United States,34.1794,-100.1728,11277.6,235.61,110.85,False,2026-03-11 17:14:23
a379dd,ENY3767,United States,37.638,-84.2165,8237.22,191.69,252.83,False,2026-03-11 17:14:23
a09cfe,DAL2156,United States,44.8103,-93.6303,4213.86,161.09,72.72,False,2026-03-11 17:14:23
ae73f6,LY030,United States,30.6325,-87.1448,53.34,14.92,180.0,False,2026-03-11 17:14:23
a7111a,N5543T,United States,27.2395,-81.0602,1249.68,95.17,269.69,False,2026-03-11 17:14:23
aa9e5c,N7832U,United States,35.1722,-80.4197,876.3,33.5,227.49,False,2026-03-11 17:14:23
a28f48,EJA264,United States,26.1932,-81.723,632.46,113.21,51.83,False,2026-03-11 17:14:23
a0ecb1,N159M,United States,41.2326,-97.3241,12496.8,189.04,245.74,False,2026-03-11 17:14:23
ae60f3,DEVIL7,United States,37.4593,-75.8537,1615.44,111.68,28.93,False,2026-03-11 17:14:23
a9770a,N709LU,United States,37.3256,-78.6781,754.38,48.87,270.0,False,2026-03-11 17:14:23
a5ca46,ASI89,United States,33.2142,-111.8789,594.36,47.34,358.75,False,2026-03-11 17:14:23
a95d08,N702LT,United States,37.6263,-103.409,10363.2,205.79,270.72,False,2026-03-11 17:14:23
ae1394,TSTR13,United States,38.2597,-76.41,441.96,134.39,107.6,False,2026-03-11 17:14:23
ab282b,RPA5785,United States,43.5359,-71.6944,6705.6,175.68,255.76,False,2026-03-11 17:14:23
a379cd,DAL665,United States,35.4042,-100.2434,10355.58,216.9,273.13,False,2026-03-11 17:14:23
ae138b,SHARK77,United States,26.0116,-80.2931,3314.7,110.88,351.19,False,2026-03-11 17:14:23
a6045d,UAL743,United States,37.6192,-122.3761,,29.84,298.12,True,2026-03-11 17:14:23
ab6eb9,AAL1203,United States,42.2846,-79.3309,4480.56,214.19,11.5,False,2026-03-11 17:14:23
a651e1,SKW6216,United States,33.965,-118.1107,1264.92,95.9,262.91,False,2026-03-11 17:14:23
a23fe5,SKW6400,United States,29.4401,-98.3599,838.2,79.9,340.05,False,2026-03-11 17:14:23
a29625,JSX102,United States,34.7701,-117.308,7620.0,234.05,68.06,False,2026-03-11 17:14:23
a1d93b,SWA3374,United States,37.8784,-86.6066,11574.78,245.86,9.03,False,2026-03-11 17:14:23
aa4ee9,RPA3507,United States,42.9536,-85.909,8839.2,266.63,88.12,False,2026-03-11 17:14:23
a126e6,UAL1678,United States,38.1781,-121.1437,7894.32,233.78,71.92,False,2026-03-11 17:14:23
a4b158,N401LF,United States,43.5,-116.174,1120.14,49.12,136.27,False,2026-03-11 17:14:23
a126e7,UAL1511,United States,43.3184,-78.1722,8724.9,260.7,111.65,False,2026-03-11 17:14:23
a651d4,N506SK,United States,32.9433,-111.5656,2301.24,65.01,256.73,False,2026-03-11 17:14:23
a126e8,UAL700,United States,32.6555,-110.6037,10668.0,246.92,106.58,False,2026-03-11 17:14:23
a18986,N1989R,United States,26.8757,-80.2398,4008.12,202.87,288.94,False,2026-03-11 17:14:23
a6a1a0,N5260R,United States,25.3776,-80.6615,228.6,46.29,14.81,False,2026-03-11 17:14:23
a39017,DAL1311,United States,32.1562,-82.7481,9227.82,227.17,318.95,False,2026-03-11 17:14:23
ab1fd0,N816BS,United States,27.4746,-82.6445,533.4,61.95,138.37,False,2026-03-11 17:14:23
ab7627,AAL1973,United States,44.4434,-102.4125,10972.8,199.18,326.27,False,2026-03-11 17:14:23
a67960,SKW4943,United States,35.4377,-119.0586,,5.14,135.0,True,2026-03-11 17:14:23
aaffaa,AAL2136,United States,31.0695,-97.573,11582.4,208.91,199.42,False,2026-03-11 17:14:23
a80943,IFG617,United States,27.5099,-80.3102,541.02,42.44,83.74,False,2026-03-11 17:14:23
a869bc,JBU592,United States,35.0446,-79.3691,10660.38,244.99,33.96,False,2026-03-11 17:14:23
a41f6c,FFT3312,United States,38.985,-97.9543,10660.38,274.43,102.89,False,2026-03-11 17:14:23
a090f4,N1356F,United States,28.5315,-81.8418,1318.26,59.7,268.52,False,2026-03-11 17:14:23
a9291f,N69HU,United States,41.2827,-105.7673,3680.46,65.73,157.45,False,2026-03-11 17:14:23
a2f998,N291EC,United States,35.9102,-76.8472,1653.54,72.21,57.22,False,2026-03-11 17:14:23
aa3c0b,CFS8204,United States,39.1666,-121.8702,1706.88,101.06,343.13,False,2026-03-11 17:14:23
a41f72,LXJ365,United States,36.4853,-104.8335,13716.0,226.16,63.67,False,2026-03-11 17:14:23
aa9ca8,ENY3886,United States,32.7322,-96.9157,2049.78,114.21,180.0,False,2026-03-11 17:14:23
a55985,N444AM,United States,30.7137,-81.4062,13716.0,198.79,357.33,False,2026-03-11 17:14:23
a233e7,MXY760,United States,33.5467,-80.7056,8839.2,229.89,15.31,False,2026-03-11 17:14:23
aaa621,SWA4196,United States,33.4342,-111.993,,0.0,205.31,True,2026-03-11 17:14:23
a29680,ENY3546,United States,30.7333,-97.4333,6096.0,173.94,193.34,False,2026-03-11 17:14:23
a1c66a,UAL1656,United States,26.2374,-84.699,12192.0,229.04,212.62,False,2026-03-11 17:14:23
a1d99b,JBU2824,United States,39.7305,-108.6068,10668.0,261.56,57.12,False,2026-03-11 17:14:23
a353c8,AAL3218,United States,32.7334,-110.9289,11269.98,247.47,99.81,False,2026-03-11 17:14:23
a616ce,N49142,United States,28.1854,-82.1988,243.84,46.25,207.14,False,2026-03-11 17:14:23
a486cc,DAL1777,United States,31.2456,-82.3549,10972.8,259.58,147.38,False,2026-03-11 17:14:23
a28f8e,N264TM,United States,41.0158,-73.2243,906.78,97.32,26.7,False,2026-03-11 17:14:23
a8b9c0,WUP661,United States,29.6093,-83.3469,12192.0,190.59,324.34,False,2026-03-11 17:14:23
4247cd,CAY794,United Kingdom,39.8696,-73.9661,4015.74,189.48,28.72,False,2026-03-11 17:14:23
ab762e,N838BC,United States,29.0838,-80.9807,381.0,59.07,326.73,False,2026-03-11 17:14:23
a486d8,DAL515,United States,37.6154,-101.2747,10050.78,262.4,86.29,False,2026-03-11 17:14:23
c04716,SDE750,Canada,44.3363,-107.3209,12496.8,295.67,148.3,False,2026-03-11 17:14:23
a72fc7,EJA562,United States,39.1547,-77.4326,922.02,100.32,180.29,False,2026-03-11 17:14:23
a3e011,EDV4955,United States,33.5116,-85.0631,3604.26,162.15,233.38,False,2026-03-11 17:14:23
a7e93d,TCF609,United States,27.91,-80.6662,396.24,43.59,191.58,False,2026-03-11 17:14:23
a9516e,N7SB,United States,33.4987,-89.3867,12481.56,298.17,63.13,False,2026-03-11 17:14:23
ac46c3,EJA890,United States,34.062,-79.8127,12496.8,261.59,27.02,False,2026-03-11 17:14:23
adff04,BLEED41,United States,29.2493,-100.186,3169.92,100.95,13.26,False,2026-03-11 17:14:23
ab1fea,N816CT,United States,33.8139,-118.1485,-76.2,39.61,270.0,False,2026-03-11 17:14:23
a1b32f,NWX208,United States,32.7485,-97.8887,922.02,59.16,90.0,False,2026-03-11 17:14:23
a2e646,SWA4435,United States,37.3655,-121.9272,,0.06,143.44,True,2026-03-11 17:14:23
a0ecdb,N159NS,United States,30.8922,-84.1126,11887.2,248.2,157.58,False,2026-03-11 17:14:23
c0473b,CJT2384,Canada,47.8858,-111.4339,10668.0,292.89,100.93,False,2026-03-11 17:14:23
a7d615,N60395,United States,28.6253,-82.57,670.56,52.02,331.66,False,2026-03-11 17:14:23
adc9b6,JBU1515,United States,48.1177,-88.7179,10363.2,194.4,286.13,False,2026-03-11 17:14:23
a593be,CAP2745,United States,36.3806,-115.3186,1569.72,32.51,85.46,False,2026-03-11 17:14:23
ac33a3,SWA3193,United States,36.0783,-115.1346,,6.43,90.0,True,2026-03-11 17:14:23
a2f95c,ASA268,United States,47.5068,-122.3174,320.04,69.97,180.84,False,2026-03-11 17:14:23
a03c8d,N114RG,United States,39.4643,-104.8335,2644.14,81.51,125.5,False,2026-03-11 17:14:23
ac2cb0,N884,United States,33.9222,-117.4384,1737.36,88.58,267.34,False,2026-03-11 17:14:23
a7e934,IFG609,United States,27.5211,-80.3675,213.36,55.58,268.41,False,2026-03-11 17:14:23
a1c64e,SKW5475,United States,49.2544,-95.7878,7094.22,185.17,315.56,False,2026-03-11 17:14:23
a3a3f6,N33345,United States,32.2596,-97.1254,1371.6,74.16,192.01,False,2026-03-11 17:14:23
ab1ffe,DAL2876,United States,39.4314,-109.7218,9144.0,202.0,296.96,False,2026-03-11 17:14:23
a54682,N439WA,United States,45.0254,-98.6846,4945.38,112.32,204.92,False,2026-03-11 17:14:23
c04738,CJT2386,Canada,45.5617,-82.7189,10675.62,245.46,128.19,False,2026-03-11 17:14:23
aa19bc,N75WZ,United States,34.0098,-118.4649,762.0,64.97,110.87,False,2026-03-11 17:14:23
ab5002,EJA828,United States,41.7832,-87.7531,,6.69,312.19,True,2026-03-11 17:14:23
ac7c21,WUP903,United States,38.9153,-94.8027,1714.5,132.46,57.85,False,2026-03-11 17:14:23
a486b3,EDV4644,United States,34.5217,-84.2075,5783.58,222.48,10.66,False,2026-03-11 17:14:23
ab6339,SWA374,United States,40.515,-95.0328,6568.44,206.48,351.55,False,2026-03-11 17:14:23
abc649,AAL2884,United States,37.9872,-75.8394,10355.58,217.61,214.4,False,2026-03-11 17:14:23
ac46e5,SGX890,United States,38.9247,-75.4545,8214.36,224.23,186.59,False,2026-03-11 17:14:23
a460d1,UPS2925,United States,40.311,-98.3399,11285.22,280.14,76.73,False,2026-03-11 17:14:23
abd971,SWA1883,United States,40.0173,-91.929,10972.8,181.42,255.88,False,2026-03-11 17:14:23
a8e1cc,DAL1889,United States,31.6891,-82.765,11597.64,254.21,141.74,False,2026-03-11 17:14:23
a53f20,SWA743,United States,33.8808,-92.1566,10972.8,210.06,289.46,False,2026-03-11 17:14:23
aaf3b7,CXK532,United States,41.5814,-71.4939,716.28,40.59,239.53,False,2026-03-11 17:14:23
ac2cc3,N884AT,United States,32.6259,-97.9192,1531.62,83.8,84.01,False,2026-03-11 17:14:23
abac22,N851M,United States,34.3803,-84.6087,13106.4,224.21,323.87,False,2026-03-11 17:14:23
acdf3b,N9287M,United States,41.1733,-73.1115,304.8,55.23,279.11,False,2026-03-11 17:14:23
a1a070,N20365,United States,42.8989,-107.1106,2971.8,43.36,274.76,False,2026-03-11 17:14:23
aaf3af,CXK137,United States,37.427,-77.5378,213.36,31.29,223.67,False,2026-03-11 17:14:23
ace60c,DAL1992,United States,26.7819,-98.8734,10363.2,194.6,228.43,False,2026-03-11 17:14:23
ace60a,N930DX,United States,33.5845,-101.8284,1333.5,49.9,0.59,False,2026-03-11 17:14:23
ad063c,FFY531,United States,29.7064,-81.8287,975.36,51.06,347.78,False,2026-03-11 17:14:23
a67939,N516RJ,United States,40.1371,-111.6652,1272.54,13.85,68.2,False,2026-03-11 17:14:23
a2d370,ASI993,United States,33.6869,-112.1253,571.5,47.51,85.03,False,2026-03-11 17:14:23
abb325,GTI8052,United States,46.4468,-118.2443,9448.8,297.75,139.48,False,2026-03-11 17:14:23
ab766a,DAL1933,United States,28.9451,-100.4677,10058.4,258.16,147.45,False,2026-03-11 17:14:23
a1280a,N174AA,United States,53.1793,-129.5529,12024.36,223.12,136.96,False,2026-03-11 17:14:23
a82a75,TYSON45,United States,31.6929,-104.7783,9075.42,235.89,101.7,False,2026-03-11 17:14:23
ab5024,GPD828,United States,41.4596,-72.7772,502.92,82.93,52.56,False,2026-03-11 17:14:23
ac20a1,SWA2126,United States,40.1225,-94.387,11567.16,178.64,248.01,False,2026-03-11 17:14:23
ad53ab,N958PG,United States,35.65,-81.026,876.3,71.03,102.12,False,2026-03-11 17:14:23
aa9181,N780LA,United States,39.9805,-74.8734,670.56,59.43,354.54,False,2026-03-11 17:14:23
a9778d,SPA709,United States,35.8671,-87.0968,10972.8,184.17,270.0,False,2026-03-11 17:14:23
a9b43f,AAL2802,United States,33.013,-97.1355,2034.54,130.04,263.18,False,2026-03-11 17:14:23
a4000f,DAL2682,United States,39.8524,-86.1449,9540.24,268.1,33.42,False,2026-03-11 17:14:23
a233fc,N241CV,United States,37.0451,-113.4467,2392.68,93.57,47.45,False,2026-03-11 17:14:23
a2d359,,United States,47.457,-122.3062,,7.72,0.0,True,2026-03-11 17:14:23
a2df8f,OXF3076,United States,33.1369,-111.4879,1554.48,46.92,15.26,False,2026-03-11 17:14:23
a96477,N704LU,United States,37.3438,-78.4307,426.72,51.67,35.27,False,2026-03-11 17:14:23
a749c8,EJA569,United States,34.3044,-111.3678,7863.84,202.49,32.76,False,2026-03-11 17:14:23
a00812,DCM125,United States,27.5504,-80.5865,6217.92,216.7,1.9,False,2026-03-11 17:14:23
a4cfc7,N409TP,United States,26.5031,-82.1674,556.26,23.04,156.3,False,2026-03-11 17:14:23
ad9003,AAL2822,United States,29.082,-81.244,10058.4,223.9,340.4,False,2026-03-11 17:14:23
abac48,AAL1660,United States,34.0955,-116.1958,9525.0,222.42,275.97,False,2026-03-11 17:14:23
acd329,CXK459,United States,33.5207,-117.6757,1150.62,62.38,338.73,False,2026-03-11 17:14:23
a6f17a,N54661,United States,38.5659,-121.857,-53.34,34.48,358.29,False,2026-03-11 17:14:23
a3ff61,LXJ357,United States,30.107,-98.2171,12854.94,187.59,204.81,False,2026-03-11 17:14:23
ab635d,SWA2708,United States,35.8961,-114.545,6598.92,218.05,86.35,False,2026-03-11 17:14:23
aba019,N8481N,United States,37.3038,-76.4987,2735.58,88.71,165.56,False,2026-03-11 17:14:23
a9a120,N7199S,United States,33.8366,-118.1631,1143.0,76.39,278.13,False,2026-03-11 17:14:23
ab00d6,DAL307,United States,42.7803,-95.6394,10972.8,208.45,265.61,False,2026-03-11 17:14:23
adec02,N9965P,United States,32.4553,-96.9141,,5.14,2.81,True,2026-03-11 17:14:23
aaa68a,SWA3913,United States,39.4821,-78.2745,5844.54,209.67,106.39,False,2026-03-11 17:14:23
ac33e2,SWA565,United States,32.8652,-96.8656,449.58,85.13,315.98,False,2026-03-11 17:14:23
a0b8d6,ARCAT19,United States,33.1603,-116.661,4648.2,101.35,90.0,False,2026-03-11 17:14:23
aaf477,N805AG,United States,53.7452,-112.2691,13716.0,283.45,129.03,False,2026-03-11 17:14:23
ad9ac9,JBU816,United States,36.9898,-101.9313,11277.6,259.5,92.39,False,2026-03-11 17:14:23
ac212d,SWA4632,United States,31.2574,-89.9622,11277.6,260.53,103.71,False,2026-03-11 17:14:23
abb1c2,SWA1547,United States,39.4508,-77.902,4572.0,199.09,89.85,False,2026-03-11 17:14:23
abbdfa,DAL444,United States,45.2647,-117.2494,9144.0,176.48,290.65,False,2026-03-11 17:14:23
a7d66a,N604DD,United States,34.7277,-82.7489,914.4,62.29,228.01,False,2026-03-11 17:14:23
a9fc34,RPA3442,United States,40.0268,-75.1849,3970.02,199.43,43.33,False,2026-03-11 17:14:23
ae7432,LY046,United States,30.6981,-87.0294,83.82,44.45,343.87,False,2026-03-11 17:14:23
a22e15,N24EL,United States,33.8731,-117.9743,-60.96,33.2,257.47,False,2026-03-11 17:14:23
ae6d59,,United States,30.6917,-87.0431,220.98,60.88,274.36,False,2026-03-11 17:14:23
ae6d57,,United States,30.8122,-87.1547,160.02,46.89,3.14,False,2026-03-11 17:14:23
aa437c,N760W,United States,26.7197,-81.6553,236.22,59.16,270.0,False,2026-03-11 17:14:23
a7d673,DAL1358,United States,41.9759,-79.2804,9448.8,254.83,99.88,False,2026-03-11 17:14:23
a7bc58,JIA5282,United States,40.5721,-74.7092,6088.38,182.94,233.0,False,2026-03-11 17:14:23
ae1dd9,FFAB123,United States,32.6339,-117.2793,30.48,61.9,285.42,False,2026-03-11 17:14:23
a12861,,United States,33.6405,-84.4404,,0.45,0.0,True,2026-03-11 17:14:23
a76c79,DAL332,United States,45.4731,-75.1941,9151.62,208.08,314.8,False,2026-03-11 17:14:23
aaf488,N805AZ,United States,33.8902,-118.2502,7.62,36.01,270.0,False,2026-03-11 17:14:23
a88c4e,N65VT,United States,31.9272,-101.7807,3604.26,66.06,307.41,False,2026-03-11 17:14:23
a10e46,UAL1304,United States,40.8788,-99.7235,10972.8,198.56,244.03,False,2026-03-11 17:14:23
ac81cc,AAL1144,United States,40.2713,-85.5176,7010.4,214.36,331.16,False,2026-03-11 17:14:23
ae7428,BR741,United States,30.6174,-87.1319,114.3,35.83,74.17,False,2026-03-11 17:14:23
ae7426,EB739,United States,30.8338,-87.1676,213.36,51.14,216.41,False,2026-03-11 17:14:23
ab148b,ASA581,United States,34.0723,-118.7098,3192.78,165.0,137.91,False,2026-03-11 17:14:23
ae7424,BR737,United States,30.6257,-87.1277,129.54,40.8,5.06,False,2026-03-11 17:14:23
a9accd,AAL2303,United States,33.8109,-110.9225,7665.72,239.94,66.9,False,2026-03-11 17:14:23
ad04f2,N938SA,United States,40.889,-74.2705,213.36,33.7,211.26,False,2026-03-11 17:14:23
0d0c7c,AMX641,Mexico,37.9224,-78.2851,10972.8,219.52,228.99,False,2026-03-11 17:14:23
ace4bd,HER93,United States,38.0818,-89.3446,7010.4,264.69,96.7,False,2026-03-11 17:14:23
aaf47a,ASA1408,United States,41.0847,-120.9357,11887.2,239.02,171.09,False,2026-03-11 17:14:23
acdde3,SWA3565,United States,34.7146,-119.7786,10972.8,216.6,321.17,False,2026-03-11 17:14:23
ae6d48,FH622,United States,30.6113,-87.057,167.64,61.61,41.28,False,2026-03-11 17:14:23
ae741d,FH730,United States,30.6956,-87.0277,83.82,60.29,323.33,False,2026-03-11 17:14:23
a8d00a,WUP667,United States,32.7117,-90.7838,12192.0,180.8,225.58,False,2026-03-11 17:14:23
ad4123,N953PT,United States,43.7749,-91.9857,891.54,131.73,271.34,False,2026-03-11 17:14:23
ad4d5a,N9560S,United States,29.8782,-97.7308,480.06,48.53,291.12,False,2026-03-11 17:14:23
abfa65,DAL1082,United States,37.245,-78.1566,10058.4,251.49,60.87,False,2026-03-11 17:14:23
a340fc,N309CJ,United States,46.0612,-87.7605,9448.8,185.34,158.85,False,2026-03-11 17:14:23
a830cd,TCF627,United States,27.4009,-80.8556,487.68,51.53,194.45,False,2026-03-11 17:14:23
a188af,N1983L,United States,34.724,-78.381,1303.02,44.77,268.68,False,2026-03-11 17:14:23
a7b02e,N595CB,United States,29.2577,-98.4336,1821.18,139.45,17.16,False,2026-03-11 17:14:23
a9d9f2,ASA1344,United States,27.0273,-111.8006,11277.6,241.11,141.15,False,2026-03-11 17:14:23
c08260,WJA2120,Canada,46.3416,-121.2519,10668.0,277.67,146.87,False,2026-03-11 17:14:23
ac2154,SWA2274,United States,36.1103,-115.6578,4869.18,179.99,111.28,False,2026-03-11 17:14:23
a00855,N1009P,United States,38.6563,-121.859,510.54,52.36,10.76,False,2026-03-11 17:14:23
abaadd,SWA2074,United States,38.2462,-83.6424,11490.96,258.81,67.56,False,2026-03-11 17:14:23
ad5480,AAL2556,United States,39.7642,-104.6426,1950.72,100.32,0.59,False,2026-03-11 17:14:23
a52099,N42982,United States,34.2194,-118.4923,,0.77,101.25,True,2026-03-11 17:14:23
aa568e,UAL496,United States,32.0698,-108.156,11277.6,230.92,98.46,False,2026-03-11 17:14:23
aa90c8,EJM80,United States,36.1952,-86.8825,190.5,57.17,195.66,False,2026-03-11 17:14:23
ae6d78,REDHWK1,United States,29.5293,-98.2672,213.36,54.44,329.31,False,2026-03-11 17:14:23
ac1a72,SWA232,United States,33.4299,-112.0198,,7.46,87.19,True,2026-03-11 17:14:23
a6a37e,JTL27,United States,32.073,-107.3349,12192.0,206.49,277.44,False,2026-03-11 17:14:23
ad04ea,N938RT,United States,32.1304,-81.2185,121.92,59.92,299.87,False,2026-03-11 17:14:23
a9acb8,DAL724,United States,36.1867,-86.8264,11582.4,204.59,295.15,False,2026-03-11 17:14:23
a3a503,DAL1881,United States,33.433,-89.1275,10972.8,209.45,191.48,False,2026-03-11 17:14:23
abb1de,SWA805,United States,36.8922,-109.8531,11887.2,250.92,79.13,False,2026-03-11 17:14:23
a10e23,UAL2635,United States,42.2108,-104.2189,10668.0,275.96,84.54,False,2026-03-11 17:14:23
aa5694,UAL678,United States,30.1075,-93.0604,9928.86,279.13,62.21,False,2026-03-11 17:14:23
aa5691,UAL1727,United States,39.862,-104.6634,,5.4,180.0,True,2026-03-11 17:14:23
ac2173,SWA1971,United States,35.569,-86.4516,5402.58,200.93,160.87,False,2026-03-11 17:14:23
ae6d4d,LY627,United States,30.6133,-86.9453,213.36,35.56,93.32,False,2026-03-11 17:14:23
a3a509,DAL381,United States,30.4535,-98.4671,6019.8,188.29,283.43,False,2026-03-11 17:14:23
a04ed5,N119NG,United States,35.9985,-86.4054,647.7,50.72,143.25,False,2026-03-11 17:14:23
aae16b,TIV80,United States,40.6201,-110.3316,13014.96,221.19,155.1,False,2026-03-11 17:14:23
a4bcec,EJA404,United States,28.2447,-86.466,13106.4,196.68,288.29,False,2026-03-11 17:14:23
a0e220,SKW4772,United States,39.9749,-104.1284,3718.56,181.03,82.65,False,2026-03-11 17:14:23
a1fb23,BPX288,United States,29.2947,-81.0388,609.6,50.06,157.65,False,2026-03-11 17:14:23
c07b0a,ACA591,Canada,33.1964,-90.5545,10972.8,192.9,221.0,False,2026-03-11 17:14:23
a1fb0f,N227AN,United States,37.3368,-121.8209,,4.37,50.62,True,2026-03-11 17:14:23
ae11cb,TIGER71,United States,29.0872,-100.5013,4770.12,115.2,160.43,False,2026-03-11 17:14:23
c032a2,WEN3667,Canada,51.4971,-115.2654,7315.2,131.13,304.13,False,2026-03-11 17:14:23
aa90a0,GTI4436,United States,47.4387,-116.4205,11582.4,198.85,285.76,False,2026-03-11 17:14:23
a7cf3c,TCF602,United States,27.4457,-80.8062,701.04,56.41,9.98,False,2026-03-11 17:14:23
aa9cde,CTF783,United States,33.4252,-112.0206,,0.0,331.88,True,2026-03-11 17:14:23
a34209,AAL2374,United States,42.3215,-87.0225,11582.4,168.86,261.94,False,2026-03-11 17:14:23
a89f54,ASI148,United States,33.7805,-112.521,784.86,45.39,54.69,False,2026-03-11 17:14:23
a89f52,PDT5859,United States,35.5022,-81.6617,3649.98,172.21,103.12,False,2026-03-11 17:14:23
abaafe,SWA3787,United States,35.6232,-113.7461,12199.62,204.25,248.73,False,2026-03-11 17:14:23
aa90a7,JTL780,United States,35.6435,-109.8675,11887.2,234.28,45.71,False,2026-03-11 17:14:23
a34207,ASI871,United States,30.7447,-97.9989,1554.48,40.13,270.73,False,2026-03-11 17:14:23
ac1a95,SWA393,United States,30.1989,-97.6766,,11.83,90.0,True,2026-03-11 17:14:23
a318ea,SWA1316,United States,32.7316,-117.1915,,0.0,196.88,True,2026-03-11 17:14:23
a7d630,AAL2462,United States,33.4379,-112.0047,,3.6,0.0,True,2026-03-11 17:14:23
a9bfc9,RPA3465,United States,34.8167,-102.3647,9144.0,231.11,232.42,False,2026-03-11 17:14:23
a1bed4,N211SL,United States,28.0636,-81.6262,0.0,43.37,202.31,False,2026-03-11 17:14:23
a9d9cf,N7339M,United States,34.0462,-84.0603,1173.48,38.65,260.04,False,2026-03-11 17:14:23
a5dcde,UAL1898,United States,36.97,-96.4427,7909.56,232.42,15.67,False,2026-03-11 17:14:23
a736e5,N564MM,United States,36.8251,-121.8775,708.66,41.92,29.4,False,2026-03-11 17:14:23
a7cf40,LXJ602,United States,39.9157,-86.2801,7924.8,213.29,316.95,False,2026-03-11 17:14:23
a305aa,EDV5209,United States,40.8691,-73.8016,609.6,67.95,212.01,False,2026-03-11 17:14:23
a22e62,N24HN,United States,39.2277,-105.7638,8801.1,212.07,52.49,False,2026-03-11 17:14:23
ad4d9d,N9562P,United States,35.7281,-81.1195,1836.42,26.24,268.88,False,2026-03-11 17:14:23
a91616,DAL1794,United States,30.7218,-81.8223,11887.2,213.27,333.19,False,2026-03-11 17:14:23
a88c3c,N65V,United States,34.143,-119.1291,1889.76,77.6,298.94,False,2026-03-11 17:14:23
a593ff,ERU459,United States,29.2685,-81.2661,571.5,54.94,6.99,False,2026-03-11 17:14:23
ab1fb0,ASA217,United States,33.4976,-121.8994,10363.2,223.83,268.81,False,2026-03-11 17:14:23
a3682b,N3189Q,United States,34.2958,-80.9412,1485.9,77.77,57.15,False,2026-03-11 17:14:23
a5e3e4,EDV5415,United States,38.0307,-90.6513,11582.4,183.28,278.88,False,2026-03-11 17:14:23
acf906,JBU148,United States,40.7395,-90.8582,11277.6,285.7,87.94,False,2026-03-11 17:14:23
a03bcd,RPA4630,United States,43.0239,-89.2505,2918.46,151.64,170.83,False,2026-03-11 17:14:23
ad3a7f,AAL1419,United States,33.9483,-80.0468,7010.4,233.25,2.4,False,2026-03-11 17:14:23
a7d63e,N604BK,United States,29.5318,-95.1682,1341.12,122.4,84.94,False,2026-03-11 17:14:23
0d000f,XCNPF,Mexico,32.5375,-116.9423,160.02,75.17,277.08,False,2026-03-11 17:14:23
a1beb8,MDS211,United States,47.6771,-122.2096,3703.32,80.34,201.8,False,2026-03-11 17:14:23
a4b0cc,ERU401,United States,29.1523,-81.0761,251.46,39.65,202.91,False,2026-03-11 17:14:23
ab1fbb,AAL1095,United States,33.331,-84.7934,11285.22,233.7,169.73,False,2026-03-11 17:14:23
ad417b,TRF553,United States,32.7258,-96.2658,312.42,37.91,7.8,False,2026-03-11 17:14:23
a89f62,AAL633,United States,35.8072,-97.0057,9753.6,235.7,1.5,False,2026-03-11 17:14:23
ab39e3,SKW4103,United States,43.2494,-89.998,5524.5,145.1,276.92,False,2026-03-11 17:14:23
adeaf6,N996WW,United States,25.998,-80.2629,60.96,35.02,79.85,False,2026-03-11 17:14:23
a736ff,JIA5426,United States,39.4709,-75.1331,2255.52,142.0,75.31,False,2026-03-11 17:14:23
a042d5,DAL2121,United States,39.9112,-104.1777,10347.96,196.77,237.06,False,2026-03-11 17:14:23
a4b0e2,N401FN,United States,40.7548,-74.0186,320.04,33.57,195.1,False,2026-03-11 17:14:23
a96fd8,N707PD,United States,40.4106,-104.9936,1615.44,35.87,351.75,False,2026-03-11 17:14:23
c08887,WJA2536,Canada,28.5461,-98.8149,9753.6,222.52,157.29,False,2026-03-11 17:14:23
ae17cb,N,United States,30.0226,-81.1856,2674.62,85.5,357.24,False,2026-03-11 17:14:23
a70f88,DAL1830,United States,26.209,-81.6993,11582.4,256.92,166.69,False,2026-03-11 17:14:23
ad474c,DAL2574,United States,32.7119,-82.3802,6644.64,228.96,129.99,False,2026-03-11 17:14:23
a5cf82,UAL1391,United States,38.5677,-76.8222,10934.7,236.03,37.29,False,2026-03-11 17:14:23
a5cf80,N4736Y,United States,31.8632,-83.8518,480.06,44.62,159.06,False,2026-03-11 17:14:23
ac5ab7,SWA2219,United States,37.3101,-76.7688,9547.86,234.91,201.45,False,2026-03-11 17:14:23
a02e0a,AAL2942,United States,37.7069,-84.6781,10363.2,205.85,300.15,False,2026-03-11 17:14:23
a260ed,SWA2578,United States,32.7913,-113.9196,7620.0,215.29,82.59,False,2026-03-11 17:14:23
a5d668,UAL1536,United States,40.9143,-74.3163,1379.22,153.46,82.87,False,2026-03-11 17:14:23
abe101,SWA1442,United States,41.7881,-87.7454,,1.29,171.56,True,2026-03-11 17:14:23
abf431,N87CB,United States,32.8591,-98.2076,2583.18,88.46,317.12,False,2026-03-11 17:14:23
a8496e,FFT1659,United States,40.6551,-74.1824,533.4,90.69,176.75,False,2026-03-11 17:14:23
ac1448,N878CH,United States,43.764,-98.3498,12192.0,160.64,275.14,False,2026-03-11 17:14:23
a33398,EJM515,United States,38.8934,-76.0483,9144.0,250.37,40.33,False,2026-03-11 17:14:23
a6a6ca,N528BL,United States,35.341,-78.4871,891.54,39.83,185.93,False,2026-03-11 17:14:23
a87cb5,NDU646,United States,33.2237,-111.5905,929.64,50.03,149.74,False,2026-03-11 17:14:23
ad8dbc,CITT88,United States,38.0093,-97.7991,853.44,61.61,318.72,False,2026-03-11 17:14:23
a46690,N383BH,United States,30.4685,-81.4721,678.18,56.39,35.72,False,2026-03-11 17:14:23
aae78b,N801WC,United States,34.1539,-94.4431,12283.44,194.3,252.91,False,2026-03-11 17:14:23
ad2d3d,N9480E,United States,41.0983,-75.5034,1402.08,36.63,330.55,False,2026-03-11 17:14:23
a69f97,N526DV,United States,33.795,-88.8702,11582.4,171.03,294.71,False,2026-03-11 17:14:23
a70333,ASA595,United States,44.9451,-117.3791,10972.8,170.27,305.03,False,2026-03-11 17:14:23
ac74e4,SWA4622,United States,36.3463,-85.6095,8054.34,252.64,66.99,False,2026-03-11 17:14:23
a32056,ENY3479,United States,33.0858,-97.2926,3672.84,156.43,135.53,False,2026-03-11 17:14:23
a44c70,DAL787,United States,40.8042,-100.1345,9144.0,193.31,297.93,False,2026-03-11 17:14:23
a403df,AAL1626,United States,37.7444,-83.858,10363.2,192.14,249.14,False,2026-03-11 17:14:23
a919cd,DAL2326,United States,33.3703,-84.0262,1889.76,144.95,341.37,False,2026-03-11 17:14:23
adddd5,AAL1265,United States,25.9189,-84.9242,9761.22,242.46,212.61,False,2026-03-11 17:14:23
a6935a,BPX205,United States,26.0858,-80.4971,647.7,49.37,213.52,False,2026-03-11 17:14:23
a5bc79,EJA469,United States,34.3978,-111.8959,12031.98,193.49,296.36,False,2026-03-11 17:14:23
a1e03e,N22SF,United States,39.4945,-97.7137,14325.6,216.88,249.16,False,2026-03-11 17:14:23
ad476e,N955CB,United States,36.2042,-115.1912,,0.0,320.62,True,2026-03-11 17:14:23
ac61bc,SWA3184,United States,32.4717,-100.4804,9144.0,237.49,265.15,False,2026-03-11 17:14:23
a7fc41,N6130F,United States,38.7299,-121.3077,830.58,79.3,202.91,False,2026-03-11 17:14:23
ae4d3a,DSTY610,United States,36.956,-76.305,-7.62,9.27,176.82,False,2026-03-11 17:14:23
a7167f,JBU48,United States,38.322,-76.3851,9776.46,249.62,37.3,False,2026-03-11 17:14:23
ab3aeb,N8222D,United States,40.9707,-73.2413,609.6,37.47,261.31,False,2026-03-11 17:14:23
a0d392,N152WA,United States,33.5815,-118.2857,891.54,46.12,321.34,False,2026-03-11 17:14:23
a7acd6,LXJ594,United States,44.9962,-95.6882,13106.4,198.25,272.53,False,2026-03-11 17:14:23
ad81b9,ERY97,United States,37.6985,-81.8019,13716.0,237.85,2.23,False,2026-03-11 17:14:23
a69361,52248,United States,34.0067,-83.9615,579.12,49.24,63.97,False,2026-03-11 17:14:23
a45353,UPS2919,United States,32.3617,-98.1559,5234.94,192.6,87.4,False,2026-03-11 17:14:23
aae79d,N801WW,United States,28.0027,-80.7096,5105.4,203.65,145.19,False,2026-03-11 17:14:23
ad1a1d,WUP943,United States,39.1799,-92.2449,13106.4,194.92,256.88,False,2026-03-11 17:14:23
aa2dea,N755PJ,United States,33.6799,-101.8367,13106.4,209.88,283.32,False,2026-03-11 17:14:23
c00bf7,WEN3629,Canada,50.7494,-115.9428,6705.6,109.69,255.05,False,2026-03-11 17:14:23
ac146b,N878DT,United States,38.5801,-95.1776,601.98,77.36,245.65,False,2026-03-11 17:14:23
a0c075,AAL2243,United States,36.8498,-76.3568,10363.2,233.08,200.27,False,2026-03-11 17:14:23
ad7ab8,JBU2801,United States,31.0192,-100.7443,10363.2,219.54,280.94,False,2026-03-11 17:14:23
abda54,DAL2999,United States,36.829,-86.7269,9159.24,236.15,159.87,False,2026-03-11 17:14:23
a56c9f,LXJ449,United States,32.8512,-83.1316,7399.02,214.55,319.47,False,2026-03-11 17:14:23
a81000,UAL1100,United States,39.5604,-98.5466,10058.4,268.57,90.88,False,2026-03-11 17:14:23
aa1aab,RKJ750,United States,38.2191,-115.1521,14325.6,216.0,279.6,False,2026-03-11 17:14:23
a0480b,AAL2632,United States,35.935,-81.9759,8519.16,222.04,318.85,False,2026-03-11 17:14:23
a84997,N633HG,United States,33.5292,-79.4403,2697.48,112.4,38.5,False,2026-03-11 17:14:23
a81005,UAL1224,United States,33.9377,-118.4111,,6.43,264.38,True,2026-03-11 17:14:23
a3201d,JCY300,United States,39.7518,-122.1945,13106.4,215.46,354.66,False,2026-03-11 17:14:23
a87cbe,JIA5037,United States,32.8788,-97.0261,198.12,76.67,1.15,False,2026-03-11 17:14:23
aaba77,N79001,United States,37.1521,-113.5392,1767.84,51.57,208.61,False,2026-03-11 17:14:23
ac5ada,SWA1096,United States,39.9055,-80.6462,11269.98,257.08,100.73,False,2026-03-11 17:14:23
a95635,N700SY,United States,32.3536,-81.1146,8229.6,153.84,14.13,False,2026-03-11 17:14:23
a32036,N300KC,United States,38.8504,-79.109,9852.66,219.67,280.39,False,2026-03-11 17:14:23
ade4cf,N9947C,United States,30.4889,-87.5546,411.48,50.47,209.96,False,2026-03-11 17:14:23
a1a503,N205EJ,United States,45.7703,-108.4044,1516.38,69.26,291.8,False,2026-03-11 17:14:23
aba4ff,N85A,United States,30.2834,-89.7282,2286.0,85.0,80.59,False,2026-03-11 17:14:23
a4c96c,JBU1107,United States,47.0014,-61.3345,10668.0,260.97,64.8,False,2026-03-11 17:14:23
400684,BAW17R,United Kingdom,40.6362,-73.7851,,11.83,300.94,True,2026-03-11 17:14:23
a6a6a9,SCJ52,United States,39.8535,-86.4426,3200.4,129.05,215.59,False,2026-03-11 17:14:23
a105b0,EJA165,United States,37.3615,-121.9342,,0.0,227.81,True,2026-03-11 17:14:23
a2be06,AAY464,United States,39.543,-101.2303,9753.6,193.95,246.22,False,2026-03-11 17:14:23
a4fcc0,JRT20,United States,36.5205,-108.7819,13716.0,208.86,259.35,False,2026-03-11 17:14:23
a095ba,FRV137,United States,26.7576,-81.0716,5996.94,99.0,320.27,False,2026-03-11 17:14:23
aaba83,N7901C,United States,35.0154,-119.1199,2438.4,47.34,312.36,False,2026-03-11 17:14:23
a44081,N373SA,United States,26.8282,-99.784,1356.36,61.34,202.69,False,2026-03-11 17:14:23
a6a6b7,ASA23,United States,42.8682,-73.5842,9753.6,235.7,347.91,False,2026-03-11 17:14:23
a33ea8,N308SP,United States,26.5417,-81.2866,914.4,49.47,73.07,False,2026-03-11 17:14:23
c01ec5,PTR2633,Canada,45.3513,-81.8282,7315.2,149.54,304.35,False,2026-03-11 17:14:23
a5d623,UAL2149,United States,39.0643,-120.6368,5455.92,159.34,283.63,False,2026-03-11 17:14:23
a69f49,ASA338,United States,44.4562,-121.5502,5417.82,172.84,320.43,False,2026-03-11 17:14:23
a523ab,FFT2748,United States,37.8913,-97.1345,10668.0,247.33,117.1,False,2026-03-11 17:14:23
c01ec6,FLE601,Canada,50.1423,-115.6442,11582.4,193.43,269.7,False,2026-03-11 17:14:23
ad2d6a,N9481Q,United States,34.3676,-111.9523,2491.74,98.37,195.78,False,2026-03-11 17:14:23
a41804,LXJ363,United States,37.8933,-95.555,6400.8,195.26,6.66,False,2026-03-11 17:14:23
ad81c1,N97ES,United States,30.6738,-99.3539,6705.6,136.74,306.74,False,2026-03-11 17:14:23
ab6906,WUP834,United States,38.3415,-75.5318,6705.6,142.31,208.97,False,2026-03-11 17:14:23
ad1a4e,SWA1517,United States,37.2435,-79.2793,9753.6,207.73,224.3,False,2026-03-11 17:14:23
ae543e,22558,United States,33.2016,-117.4979,312.42,84.68,297.5,False,2026-03-11 17:14:23
aa7d30,N775SF,United States,35.2885,-79.668,861.06,31.3,154.7,False,2026-03-11 17:14:23
ac5afd,SWA4284,United States,41.269,-90.7266,9753.6,170.19,232.37,False,2026-03-11 17:14:23
c08866,POE402,Canada,43.7468,-79.7345,2133.6,105.24,192.13,False,2026-03-11 17:14:23
c08864,POE403,Canada,50.0404,-96.6964,11582.4,211.54,287.11,False,2026-03-11 17:14:23
c08861,POE663,Canada,43.7275,-92.8016,9753.6,190.68,266.6,False,2026-03-11 17:14:23
acb1e5,AAL2773,United States,39.4659,-75.3688,11277.6,239.12,43.17,False,2026-03-11 17:14:23
a69f5f,N526BP,United States,40.8551,-74.3197,381.0,69.36,29.8,False,2026-03-11 17:14:23
a82300,CXK698,United States,32.3542,-97.4524,579.12,49.2,338.53,False,2026-03-11 17:14:23
a7c6b0,N60UH,United States,31.8652,-85.9647,1775.46,98.38,349.45,False,2026-03-11 17:14:23
ac0184,N873AJ,United States,28.5491,-81.3268,,5.4,70.31,True,2026-03-11 17:14:23
c0885e,POE571,Canada,41.127,-76.6629,11582.4,217.36,200.79,False,2026-03-11 17:14:23
a789fb,N585RJ,United States,31.5324,-86.7125,2994.66,109.85,355.97,False,2026-03-11 17:14:23
a5d648,UAL1973,United States,36.4748,-103.6608,10972.8,207.89,271.28,False,2026-03-11 17:14:23
a238a6,ENY4037,United States,27.9933,-82.5403,,0.0,317.81,True,2026-03-11 17:14:23
c01ee6,WJA1468,Canada,46.2651,-113.3541,11277.6,254.15,171.03,False,2026-03-11 17:14:23
a5d643,UAL446,United States,37.7324,-90.0913,9753.6,196.3,260.19,False,2026-03-11 17:14:23
c08857,POE775,Canada,36.5631,-78.0332,11582.4,230.51,176.03,False,2026-03-11 17:14:23
aaba9e,N79015,United States,30.2864,-81.7829,243.84,45.82,298.87,False,2026-03-11 17:14:23
a7d9d1,GRYDR5,United States,42.8304,-73.8079,525.78,44.43,174.69,False,2026-03-11 17:14:23
a15516,AAL1611,United States,36.0736,-115.0374,960.12,91.57,269.68,False,2026-03-11 17:14:23
a68c54,N52070,United States,34.0548,-117.6088,304.8,43.23,268.64,False,2026-03-11 17:14:23
c08851,POE793,Canada,25.3946,-101.7179,12192.0,204.97,227.34,False,2026-03-11 17:14:23
c01ebb,FLE2616,Canada,29.6386,-83.414,11582.4,225.44,174.24,False,2026-03-11 17:14:23
a095aa,EDV5435,United States,33.6391,-84.4347,,0.0,261.56,True,2026-03-11 17:14:23
c0751c,ROU1997,Canada,51.2711,-102.3196,10980.42,214.69,276.05,False,2026-03-11 17:14:23
c0884e,POE771,Canada,39.8259,-86.3502,11582.4,181.02,230.88,False,2026-03-11 17:14:23
c0884f,POE262,Canada,49.7365,-97.7278,11277.6,250.91,94.82,False,2026-03-11 17:14:23
a28812,SKW3784,United States,32.7549,-92.211,7901.94,154.86,240.11,False,2026-03-11 17:14:23
a789ea,EJA585,United States,34.8419,-77.2741,12192.0,221.92,197.68,False,2026-03-11 17:14:23
a6a6c0,N528BA,United States,26.0996,-81.7969,182.88,41.0,336.33,False,2026-03-11 17:14:23
ad2167,N945TC,United States,31.3378,-85.3837,190.5,40.6,247.66,False,2026-03-11 17:14:23
c08859,POE305,Canada,50.6296,-103.0835,10972.8,212.69,272.63,False,2026-03-11 17:14:23
abe170,N865AF,United States,33.441,-112.3871,518.16,56.4,38.33,False,2026-03-11 17:14:23
a81071,N619CT,United States,30.0093,-97.9114,1417.32,36.01,314.42,False,2026-03-11 17:14:23
a1a546,ASA847,United States,36.9701,-125.2461,9875.52,220.68,249.96,False,2026-03-11 17:14:23
a870ef,TCF643,United States,27.967,-80.5409,243.84,55.65,340.56,False,2026-03-11 17:14:23
c060fc,CGKSX,Canada,34.116,-117.3661,670.56,72.65,40.12,False,2026-03-11 17:14:23
a9ecff,N739FH,United States,44.4547,-93.8293,1249.68,53.5,180.55,False,2026-03-11 17:14:23
a3951d,N33SY,United States,38.4203,-121.246,739.14,58.0,353.38,False,2026-03-11 17:14:23
a68096,EJA518,United States,33.6334,-111.8588,777.24,69.98,358.74,False,2026-03-11 17:14:23
a37b0c,AAL2646,United States,35.5311,-99.7575,7924.8,229.29,260.05,False,2026-03-11 17:14:23
a07bef,RPA4494,United States,39.1837,-75.9475,6858.0,211.18,80.61,False,2026-03-11 17:14:23
a7fc8a,N6132J,United States,42.1223,-72.724,327.66,39.81,32.87,False,2026-03-11 17:14:23
ab0722,N81BF,United States,41.2034,-112.3098,2194.56,47.03,190.08,False,2026-03-11 17:14:23
a41840,N363JG,United States,33.1939,-117.3628,12352.02,241.18,152.01,False,2026-03-11 17:14:23
a3e51b,N350DC,United States,31.569,-81.2003,6400.8,99.18,11.37,False,2026-03-11 17:14:23
ade56d,N995CE,United States,42.1665,-88.7539,12192.0,175.83,260.4,False,2026-03-11 17:14:23
adde95,JBU619,United States,40.0016,-76.5481,9753.6,210.24,238.92,False,2026-03-11 17:14:23
a0cbd6,SKW5795,United States,37.8285,-92.465,10363.2,171.51,235.88,False,2026-03-11 17:14:23
acc59d,PDT6007,United States,39.6983,-74.9238,1828.8,139.4,4.87,False,2026-03-11 17:14:23
a07bfe,VJA130,United States,30.6042,-78.8176,13106.4,230.95,190.78,False,2026-03-11 17:14:23
a26e46,N256FA,United States,39.7089,-75.5908,182.88,36.1,274.09,False,2026-03-11 17:14:23
a4b5b6,SKW3306,United States,34.2422,-118.3551,10058.4,239.11,149.63,False,2026-03-11 17:14:23
a33ead,N308SU,United States,45.1765,-123.1126,327.66,54.48,50.75,False,2026-03-11 17:14:23
a3a8ef,FFT3648,United States,41.1334,-89.6698,7414.26,241.02,66.61,False,2026-03-11 17:14:23
a9ecdb,N739DX,United States,34.263,-118.4167,,3.34,331.88,True,2026-03-11 17:14:23
a26e3a,EPI256,United States,28.9408,-80.897,1790.7,61.44,334.72,False,2026-03-11 17:14:23
a8107d,N619DE,United States,37.777,-121.5819,-22.86,29.33,344.74,False,2026-03-11 17:14:23
a63e21,FTO501,United States,26.0528,-80.1866,213.36,45.83,87.43,False,2026-03-11 17:14:23
a1685e,N190CA,United States,37.0442,-76.5315,6096.0,125.9,218.7,False,2026-03-11 17:14:23
a57ed4,N453SC,United States,34.9713,-90.7018,13106.4,189.84,295.52,False,2026-03-11 17:14:23
a51e3b,N429NA,United States,32.6403,-97.6012,548.64,51.88,172.59,False,2026-03-11 17:14:23
a01b56,DAL729,United States,36.6866,-95.324,10058.4,259.08,82.24,False,2026-03-11 17:14:23
a3e542,WSN9,United States,33.7944,-111.8278,1889.76,102.33,254.85,False,2026-03-11 17:14:23
c038a7,ACA185,Canada,50.5251,-117.5485,12184.38,219.49,252.54,False,2026-03-11 17:14:23
a105e8,SKW5672,United States,40.2461,-91.5403,10668.0,287.4,50.81,False,2026-03-11 17:14:23
a0e5d7,SKW5612,United States,29.8385,-95.5808,2362.2,165.26,61.76,False,2026-03-11 17:14:23
a03574,AAL2574,United States,33.5608,-111.6768,2034.54,116.45,214.74,False,2026-03-11 17:14:23
aa7198,ENY4054,United States,35.8296,-96.0053,1341.12,50.2,24.2,False,2026-03-11 17:14:23
abb7a3,EJA854,United States,33.7173,-117.8424,182.88,66.73,207.55,False,2026-03-11 17:14:23
a082d2,N132CA,United States,32.8436,-116.8782,807.72,51.37,235.2,False,2026-03-11 17:14:23
a0e5d2,N157ST,United States,43.5301,-117.2431,7924.8,97.59,331.68,False,2026-03-11 17:14:23
a4c8de,RPA4721,United States,41.8054,-70.7702,4838.7,176.05,209.79,False,2026-03-11 17:14:23
a33eb5,AAL3029,United States,31.9706,-107.0607,10668.0,242.23,102.89,False,2026-03-11 17:14:23
a8c0d2,QXE2148,United States,34.3114,-118.5073,6705.6,201.77,352.68,False,2026-03-11 17:14:23
a33eb1,SKW3783,United States,42.0219,-93.8605,10058.4,206.92,164.72,False,2026-03-11 17:14:23
a870ae,N643DC,United States,39.9924,-111.8636,1859.28,49.41,58.63,False,2026-03-11 17:14:23
aa6a8a,N770RM,United States,36.3911,-109.2237,12496.8,244.02,84.31,False,2026-03-11 17:14:23
c060bd,POE653,Canada,43.3684,-95.2075,9753.6,195.38,251.9,False,2026-03-11 17:14:23
c060bf,POE587,Canada,37.1685,-79.0169,11582.4,212.89,210.66,False,2026-03-11 17:14:23
a465df,UAL1310,United States,42.8711,-84.7105,8534.4,205.24,261.93,False,2026-03-11 17:14:23
c073ea,PUL105,Canada,48.8951,-89.4839,5699.76,140.17,356.63,False,2026-03-11 17:14:23
c060bb,POE582,Canada,31.5438,-81.4103,11277.6,232.34,19.4,False,2026-03-11 17:14:23
a27595,N258DV,United States,34.177,-90.5083,12489.18,250.31,116.62,False,2026-03-11 17:14:23
c060ba,POE302,Canada,45.7577,-99.9012,11277.6,262.42,109.11,False,2026-03-11 17:14:23
a7f00a,N610PG,United States,29.5116,-81.1229,13106.4,214.88,153.25,False,2026-03-11 17:14:23
a2d88b,DOJ183,United States,40.348,-80.2856,1874.52,161.28,62.86,False,2026-03-11 17:14:23
aae747,N801TK,United States,38.3151,-98.4072,7924.8,119.42,340.63,False,2026-03-11 17:14:23
a32bf6,N303RH,United States,37.1559,-121.658,1242.06,57.23,144.88,False,2026-03-11 17:14:23
4bb1a2,THY41J,Turkey,27.1241,-78.6485,9258.3,252.44,49.3,False,2026-03-11 17:14:23
a87cf4,EJA646,United States,29.4347,-94.97,12496.8,249.7,92.24,False,2026-03-11 17:14:23
a81c5b,N6210Q,United States,29.8485,-97.6877,411.48,40.8,193.86,False,2026-03-11 17:14:23
aae751,N801TV,United States,32.8832,-96.6898,304.8,31.82,214.46,False,2026-03-11 17:14:23
c073db,WJA2220,Canada,25.0205,-102.2366,11582.4,198.25,224.89,False,2026-03-11 17:14:23
aae73b,SCX941,United States,28.4125,-83.174,4739.64,190.14,155.38,False,2026-03-11 17:14:23
a1427f,AAL1646,United States,32.8504,-113.4495,9677.4,252.96,80.52,False,2026-03-11 17:14:23
a32bcb,EDV4897,United States,41.1082,-84.8906,6096.0,246.3,49.49,False,2026-03-11 17:14:23
c060c9,POE291,Canada,49.9122,-97.2372,,7.46,87.19,True,2026-03-11 17:14:23
c060c5,POE357,Canada,48.6541,-90.8472,11452.86,205.5,292.52,False,2026-03-11 17:14:23
a95694,N700WT,United States,35.7587,-108.0966,8229.6,169.88,74.36,False,2026-03-11 17:14:23
a1a56d,RPA5618,United States,30.5195,-81.623,487.68,99.91,70.45,False,2026-03-11 17:14:23
c060c0,POE596,Canada,27.1182,-80.4408,8404.86,202.05,338.33,False,2026-03-11 17:14:23
c060c3,POE205,Canada,44.8997,-66.3578,9662.16,263.41,90.56,False,2026-03-11 17:14:23
c060c2,POE570,Canada,29.61,-81.8827,10972.8,230.85,13.14,False,2026-03-11 17:14:23
a38237,EDV5534,United States,33.2742,-83.1471,4213.86,165.73,261.97,False,2026-03-11 17:14:23
aae757,UAL1320,United States,39.8345,-104.6605,1531.62,69.97,0.84,True,2026-03-11 17:14:23
a9ecd5,N739DR,United States,45.7495,-108.5767,2171.7,39.78,174.81,False,2026-03-11 17:14:23
aa8493,N777RV,United States,36.6711,-113.9977,3535.68,68.7,249.39,False,2026-03-11 17:14:23
a25b59,JJ51,United States,30.4256,-87.1207,457.2,62.08,80.46,False,2026-03-11 17:14:23
a38223,AAY3108,United States,38.209,-84.4916,7696.2,207.09,177.01,False,2026-03-11 17:14:23
ab8a25,,United States,27.4263,-82.0402,670.56,56.37,333.43,False,2026-03-11 17:14:23
a38e69,JBU715,United States,43.1091,-78.353,2087.88,108.77,261.3,False,2026-03-11 17:14:23
a212bb,N2323M,United States,32.1282,-81.1654,121.92,47.85,270.62,False,2026-03-11 17:14:23
ad3408,ASI642,United States,33.2295,-112.7238,1889.76,41.0,336.33,False,2026-03-11 17:14:23
aacd50,UAL2032,United States,37.3632,-92.1759,8534.4,192.47,221.32,False,2026-03-11 17:14:23
a3a8c0,DAL2508,United States,35.7566,-118.9076,11277.6,233.19,167.77,False,2026-03-11 17:14:23
a8d3b0,VJA668,United States,38.8808,-80.281,12192.0,197.61,181.49,False,2026-03-11 17:14:23
a25b66,MXY730,United States,28.5572,-80.5221,9753.6,246.58,158.84,False,2026-03-11 17:14:23
a9ecad,N739CA,United States,28.7818,-81.2575,-22.86,38.58,90.0,False,2026-03-11 17:14:23
a598b9,N46R,United States,28.8888,-97.6972,4259.58,209.96,290.21,False,2026-03-11 17:14:23
a2be57,N276SA,United States,37.0781,-79.3836,1219.2,33.97,237.99,False,2026-03-11 17:14:23
ab0786,N81FF,United States,26.4251,-81.6067,106.68,54.8,237.65,False,2026-03-11 17:14:23
c060ca,POE513,Canada,29.7678,-81.0975,9753.6,252.2,158.46,False,2026-03-11 17:14:23
a65817,N508EL,United States,38.7076,-101.5557,10774.68,186.49,254.32,False,2026-03-11 17:14:23
ad340b,N95TV,United States,40.7768,-74.1392,243.84,50.28,48.32,False,2026-03-11 17:14:23
a32bae,FFY303,United States,29.7032,-81.2001,998.22,56.7,3.64,False,2026-03-11 17:14:23
a81047,BMJ21,United States,47.4769,-96.541,2377.44,140.17,200.63,False,2026-03-11 17:14:23
a27567,MXY739,United States,37.8241,-75.7739,10972.8,218.63,212.61,False,2026-03-11 17:14:23
a3820b,N325MW,United States,38.8081,-104.7196,,8.23,0.0,True,2026-03-11 17:14:23
a25b3f,ASA418,United States,46.6599,-116.7319,10058.4,285.84,108.14,False,2026-03-11 17:14:23
ad4747,AAL2131,United States,41.2561,-92.1576,10363.2,178.43,256.32,False,2026-03-11 17:14:23
a8102a,UAL1177,United States,38.1236,-103.7512,10363.2,270.59,140.01,False,2026-03-11 17:14:23
ad4744,ASA1366,United States,30.9388,-111.5543,10668.0,247.52,111.71,False,2026-03-11 17:14:23
aaba1b,TCN790,United States,35.0274,-81.9322,13723.62,254.71,8.24,False,2026-03-11 17:14:23
a6d03b,00A50000,United States,42.0647,-105.2823,12192.0,181.29,263.32,False,2026-03-11 17:14:23
abed37,GTI8452,United States,26.1193,-82.882,9166.86,235.65,96.64,False,2026-03-11 17:14:23
a64578,DAL791,United States,35.1524,-104.5003,8526.78,222.85,268.28,False,2026-03-11 17:14:23
a89872,LXJ653,United States,39.7071,-73.8508,5417.82,219.67,50.61,False,2026-03-11 17:14:23
c086db,CGZBU,Canada,50.1702,-118.6463,4838.7,76.62,283.2,False,2026-03-11 17:14:23
a4f250,NWX418,United States,32.6911,-97.6788,815.34,49.84,168.69,False,2026-03-11 17:14:23
a968f8,AAL2044,United States,36.0919,-75.9579,11277.6,251.88,133.01,False,2026-03-11 17:14:23
acbe3e,LRC604,United States,25.7772,-80.558,1089.66,110.87,86.01,False,2026-03-11 17:14:23
a6322e,JRT99,United States,34.2618,-84.5188,6195.06,197.0,321.57,False,2026-03-11 17:14:23
a572f5,N450JS,United States,33.7827,-77.9958,13716.0,238.52,7.19,False,2026-03-11 17:14:23
ac0bc4,UAL717,United States,34.5652,-117.99,6400.8,211.71,117.81,False,2026-03-11 17:14:23
780a67,CPA884,China,37.9608,-122.5162,10668.0,263.73,135.24,False,2026-03-11 17:14:23
a835d1,GXA6152,United States,29.6675,-95.1496,3390.9,135.7,219.0,False,2026-03-11 17:14:23
a75238,ATN3329,United States,34.8264,-107.6559,10668.0,245.18,72.29,False,2026-03-11 17:14:23
ae1845,SB707,United States,32.8558,-117.9704,68.58,61.01,294.4,False,2026-03-11 17:14:23
acd83d,DAL1546,United States,39.5332,-77.8449,6256.02,203.69,294.95,False,2026-03-11 17:14:23
acbe34,ASA368,United States,34.355,-103.5622,10668.0,255.74,135.57,False,2026-03-11 17:14:23
aae5f7,DAL2565,United States,40.3382,-103.279,9753.6,213.88,238.37,False,2026-03-11 17:14:23
ad2baa,JBU1002,United States,35.2007,-77.1294,10683.24,240.65,26.4,False,2026-03-11 17:14:23
acbe37,AAL2837,United States,35.5088,-77.6617,10972.8,222.4,218.14,False,2026-03-11 17:14:23
ac6227,SWA3137,United States,38.8459,-77.0431,,3.34,22.5,True,2026-03-11 17:14:23
ae183f,SB704,United States,32.81,-117.8454,53.34,63.27,296.57,False,2026-03-11 17:14:23
a6456d,DAL295,United States,36.4152,-88.5353,10363.2,258.82,335.83,False,2026-03-11 17:14:23
a09737,N137WS,United States,26.2471,-76.9388,9989.82,211.98,342.05,False,2026-03-11 17:14:23
ad7b17,AAL848,United States,32.506,-96.5876,2415.54,137.23,321.24,False,2026-03-11 17:14:23
a9ee1f,N739SW,United States,28.72,-81.2288,335.28,56.23,355.8,False,2026-03-11 17:14:23
aa2e6f,AAL1438,United States,42.2238,-78.1888,6499.86,238.55,24.19,False,2026-03-11 17:14:23
a0e702,N1573S,United States,35.5318,-78.841,914.4,66.6,274.87,False,2026-03-11 17:14:23
a2ab84,N271PM,United States,30.3723,-87.9349,838.2,66.49,27.16,False,2026-03-11 17:14:23
c02655,WJA655,Canada,49.1806,-92.9304,10363.2,211.46,290.51,False,2026-03-11 17:14:23
ac754b,AAL533,United States,39.4579,-102.2255,11590.02,177.05,283.96,False,2026-03-11 17:14:23
ac0bde,,United States,33.4342,-111.9953,,0.0,177.19,True,2026-03-11 17:14:23
abf2c2,SWA1250,United States,34.2882,-78.7941,11582.4,219.62,214.7,False,2026-03-11 17:14:23
c01353,SUT2294,Canada,50.394,-119.277,3116.58,93.52,223.44,False,2026-03-11 17:14:23
a2ab6c,ENY4033,United States,33.4385,-112.0144,,0.0,90.0,True,2026-03-11 17:14:23
a7fbbb,SKW5318,United States,37.651,-120.8144,6812.28,184.73,261.35,False,2026-03-11 17:14:23
ac6243,SWA1310,United States,41.4616,-94.0783,9677.4,202.21,274.23,False,2026-03-11 17:14:23
abebbe,SWA2918,United States,33.9525,-109.6805,12496.8,238.83,72.19,False,2026-03-11 17:14:23
a6e2d2,N5428H,United States,26.0088,-80.2535,60.96,16.47,104.47,False,2026-03-11 17:14:23
aa1b39,NDU750,United States,32.9334,-112.0306,678.18,46.35,261.06,False,2026-03-11 17:14:23
a332db,N305KW,United States,28.4124,-81.6521,243.84,51.78,159.04,False,2026-03-11 17:14:23
a2c56d,ENY3686,United States,35.8963,-78.7749,137.16,67.3,224.69,False,2026-03-11 17:14:23
a99e32,FWK719,United States,38.8732,-96.044,10668.0,255.88,22.96,False,2026-03-11 17:14:23
ad953c,UAL2029,United States,37.6724,-122.2978,883.92,98.03,55.48,False,2026-03-11 17:14:23
a10708,N1653F,United States,25.649,-80.5295,198.12,36.62,85.97,False,2026-03-11 17:14:23
c0399b,CFVVE,Canada,49.5173,-110.0469,13716.0,190.15,300.03,False,2026-03-11 17:14:23
a62b88,EJA497,United States,37.3623,-121.9353,,0.0,227.81,True,2026-03-11 17:14:23
a75e7e,JIA5558,United States,39.0287,-79.0381,9753.6,208.05,260.61,False,2026-03-11 17:14:23
abebe0,SWA3346,United States,30.7936,-94.7284,9525.0,259.58,27.89,False,2026-03-11 17:14:23
a2c574,AAY437,United States,33.7902,-111.5596,5684.52,191.14,351.02,False,2026-03-11 17:14:23
a702ca,N5507T,United States,37.9837,-121.2649,792.48,54.64,142.27,False,2026-03-11 17:14:23
a2759b,N258EA,United States,33.5321,-112.2934,,0.06,28.12,True,2026-03-11 17:14:23
a4f26b,LXJ418,United States,39.7529,-91.7564,11887.2,280.98,86.22,False,2026-03-11 17:14:23
a6a88c,VOI5852,United States,35.4769,-118.7689,11574.78,215.94,349.71,False,2026-03-11 17:14:23
a5c2dc,N470U,United States,41.6085,-71.1903,906.78,32.54,214.7,False,2026-03-11 17:14:23
780a8a,CPA830,China,41.1295,-75.2619,7010.4,224.29,114.1,False,2026-03-11 17:14:23
a5c2dd,UAL211,United States,39.7675,-104.6613,1935.48,77.68,0.0,False,2026-03-11 17:14:23
a6f5f2,N548DC,United States,32.4586,-83.4657,1554.48,63.67,74.05,False,2026-03-11 17:14:23
ac756c,AAL1463,United States,31.7285,-89.4429,11285.22,255.28,104.23,False,2026-03-11 17:14:23
ac0bfb,SWA1646,United States,32.2135,-120.3278,10972.8,224.26,234.52,False,2026-03-11 17:14:23
a7650b,DAL619,United States,32.3557,-82.3249,10972.8,236.72,181.49,False,2026-03-11 17:14:23
a63e3a,LXJ501,United States,31.1586,-101.6917,13708.38,215.27,285.1,False,2026-03-11 17:14:23
a6eeb9,JIA5254,United States,40.0631,-74.1754,7010.4,231.65,61.04,False,2026-03-11 17:14:23
aa1b21,N750ME,United States,32.9509,-80.198,1234.44,147.34,8.84,False,2026-03-11 17:14:23
acd88e,DAL2102,United States,39.9245,-104.9181,9753.6,204.35,237.23,False,2026-03-11 17:14:23
a20d0e,RPA5801,United States,39.5043,-77.3159,2446.02,129.57,205.14,False,2026-03-11 17:14:23
ad32d7,N95FM,United States,33.7607,-111.8883,1744.98,120.96,178.05,False,2026-03-11 17:14:23
ac6266,SWA1062,United States,32.1951,-80.9186,10668.0,240.46,25.47,False,2026-03-11 17:14:23
adde69,N993GL,United States,37.8991,-120.2414,8145.78,172.12,258.62,False,2026-03-11 17:14:23
aa7ba7,AAL115,United States,34.4153,-108.1288,10972.8,230.41,273.58,False,2026-03-11 17:14:23
ade53c,CNS1211,United States,35.9499,-121.1506,6400.8,157.23,120.26,False,2026-03-11 17:14:23
a7f096,SKW4653,United States,30.3986,-82.1594,4419.6,181.47,275.69,False,2026-03-11 17:14:23
a65874,N508JD,United States,34.2532,-111.2245,3025.14,71.31,43.83,False,2026-03-11 17:14:23
ac5b89,SWA239,United States,41.8437,-72.6709,8221.98,198.29,231.11,False,2026-03-11 17:14:23
c01f28,FLE651,Canada,45.6405,-71.4107,10363.2,188.68,264.37,False,2026-03-11 17:14:23
a0e751,UAL1781,United States,32.7672,-97.2671,12184.38,202.38,198.53,False,2026-03-11 17:14:23
c07fb0,WJA632,Canada,46.5775,-97.7857,10668.0,260.54,110.94,False,2026-03-11 17:14:23
c07fb1,WJA473,Canada,50.6757,-116.7999,12192.0,196.79,248.53,False,2026-03-11 17:14:23
ade543,AAL1996,United States,36.1464,-115.2077,10355.58,213.59,298.17,False,2026-03-11 17:14:23
aa351b,N757LY,United States,44.2422,-121.1535,1127.76,44.9,71.98,False,2026-03-11 17:14:23
aa95ac,EJA781,United States,36.4972,-88.0722,12481.56,254.85,138.85,False,2026-03-11 17:14:23
a4fe5a,N42024,United States,30.3302,-81.7109,701.04,52.88,72.45,False,2026-03-11 17:14:23
a99e16,GLF95,United States,32.0123,-80.7849,4518.66,148.43,44.16,False,2026-03-11 17:14:23
a6a82a,N528RN,United States,39.1353,-99.0893,11704.32,155.89,280.46,False,2026-03-11 17:14:23
aa3520,N757MC,United States,34.2097,-118.4875,,2.06,143.44,True,2026-03-11 17:14:23
a5d5ae,SWA334,United States,36.7686,-89.3075,10972.8,232.25,335.25,False,2026-03-11 17:14:23
aba57b,N85EZ,United States,27.4797,-80.3759,403.86,81.82,271.44,False,2026-03-11 17:14:23
a968bb,SKW6227,United States,33.0034,-97.6481,4800.6,168.6,259.27,False,2026-03-11 17:14:23
a76518,N576EA,United States,30.2901,-87.7072,99.06,44.8,87.37,False,2026-03-11 17:14:23
c07fb8,WJA961,Canada,51.0261,-104.7653,10972.8,209.75,276.62,False,2026-03-11 17:14:23
a19d2e,N203AF,United States,34.7825,-102.8356,12192.0,227.47,302.72,False,2026-03-11 17:14:23
aa3529,N757MM,United States,33.6617,-97.1813,609.6,37.61,3.14,False,2026-03-11 17:14:23
ad7b4d,EJA968,United States,32.149,-81.7766,12496.8,242.43,34.36,False,2026-03-11 17:14:23
a6452d,ATN,United States,39.049,-84.6808,,6.43,90.0,True,2026-03-11 17:14:23
a047d8,CXK262,United States,32.4038,-111.2105,617.22,38.59,137.16,False,2026-03-11 17:14:23
a167ad,N19V,United States,40.5934,-74.7266,640.08,48.77,226.71,False,2026-03-11 17:14:23
a7c849,EDV5418,United States,37.4051,-79.7399,8404.86,209.33,230.28,False,2026-03-11 17:14:23
c00c22,CFEPL,Canada,44.305,-91.6442,2438.4,75.91,325.77,False,2026-03-11 17:14:23
a5255a,RPA4663,United States,42.1184,-74.7897,10965.18,191.12,262.11,False,2026-03-11 17:14:23
a70eda,KOW554,United States,37.5464,-76.046,13106.4,225.01,206.92,False,2026-03-11 17:14:23
333333,XBOQL,Italy,25.4911,-100.0338,655.32,41.68,167.16,False,2026-03-11 17:14:23
ac6289,SWA2872,United States,37.1532,-86.8991,11582.4,253.45,10.76,False,2026-03-11 17:14:23
a5255d,CXK282,United States,39.6535,-76.179,1615.44,42.75,230.37,False,2026-03-11 17:14:23
ae0583,CHILI84,United States,29.3885,-98.6222,693.42,92.89,161.26,False,2026-03-11 17:14:23
aa8eb5,N78FL,United States,34.6602,-87.4972,5486.4,97.59,317.56,False,2026-03-11 17:14:23
ae4bee,C2314,United States,33.3788,-81.7031,3619.5,101.04,245.0,False,2026-03-11 17:14:23
a51e7d,EJA429,United States,31.7384,-85.6726,11887.2,255.56,75.07,False,2026-03-11 17:14:23
c07fe9,WJA2412,Canada,34.3864,-99.778,11277.6,243.95,172.37,False,2026-03-11 17:14:23
a715c6,ASA1425,United States,43.0612,-118.5564,11277.6,265.37,141.37,False,2026-03-11 17:14:23
add21e,N99UT,United States,34.2914,-118.6379,1280.16,41.16,288.21,False,2026-03-11 17:14:23
a63e76,N501JG,United States,38.8864,-98.2907,6530.34,229.59,85.63,False,2026-03-11 17:14:23
a2270f,RPA5634,United States,42.9498,-87.8978,,4.37,120.94,True,2026-03-11 17:14:23
a70ee6,GJS4188,United States,45.1898,-77.1483,9105.9,176.51,251.3,False,2026-03-11 17:14:23
a6f5b5,ASA795,United States,47.6174,-122.3165,998.22,84.38,180.7,False,2026-03-11 17:14:23
a3828a,SKW4034,United States,39.2769,-95.0015,10668.0,257.88,11.62,False,2026-03-11 17:14:23
a90824,NKS268,United States,30.5402,-81.5328,10668.0,226.85,6.64,False,2026-03-11 17:14:23
a2b27b,N273JT,United States,34.1369,-87.3735,1783.08,65.53,292.14,False,2026-03-11 17:14:23
c06189,POE481,Canada,50.9707,-113.4206,11582.4,199.93,262.16,False,2026-03-11 17:14:23
a0d452,N1522Y,United States,30.311,-87.6792,114.3,44.77,178.68,False,2026-03-11 17:14:23
a154f2,N185TK,United States,34.3468,-119.1555,1173.48,65.65,285.45,False,2026-03-11 17:14:23
ae03fe,PAT680,United States,35.8866,-79.9432,7924.8,118.77,221.84,False,2026-03-11 17:14:23
c06183,POE551,Canada,35.0939,-80.3547,11582.4,231.15,188.83,False,2026-03-11 17:14:23
a44d1c,DAL1675,United States,33.7551,-77.8772,10058.4,231.86,10.61,False,2026-03-11 17:14:23
ae03fd,PAT595,United States,41.6495,-99.2265,8534.4,96.35,276.75,False,2026-03-11 17:14:23
abf396,SWA2818,United States,36.6867,-92.9103,9144.0,199.54,220.71,False,2026-03-11 17:14:23
a154e6,SKW3453,United States,35.5414,-112.6052,10668.0,238.81,165.78,False,2026-03-11 17:14:23
a26df9,MXY717,United States,34.3124,-78.6097,10668.0,233.19,40.44,False,2026-03-11 17:14:23
c0617d,POE470,Canada,43.4051,-79.7878,2164.08,122.96,204.21,False,2026-03-11 17:14:23
a0713f,N12783,United States,32.7131,-97.1717,396.24,55.46,319.51,False,2026-03-11 17:14:23
c0617c,POE352,Canada,44.7087,-80.8748,8694.42,225.39,137.5,False,2026-03-11 17:14:23
ade3eb,N9940V,United States,38.2056,-122.2864,15.24,42.33,196.23,False,2026-03-11 17:14:23
39a56f,FHJLP,France,45.4228,-71.007,12192.0,164.03,291.33,False,2026-03-11 17:14:23
ac006d,SWA448,United States,36.8457,-86.9538,10972.8,188.06,258.32,False,2026-03-11 17:14:23
c0617a,POE441,Canada,50.7724,-101.2868,10972.8,213.89,281.09,False,2026-03-11 17:14:23
a417bc,N363D,United States,30.8289,-100.0055,6705.6,116.32,324.9,False,2026-03-11 17:14:23
c06178,POE781,Canada,38.2598,-78.1875,11582.4,214.59,213.46,False,2026-03-11 17:14:23
a261b0,N2523C,United States,28.137,-80.8675,396.24,46.2,82.32,False,2026-03-11 17:14:23
c06177,POE321,Canada,50.0564,-96.7772,10972.8,221.15,287.04,False,2026-03-11 17:14:23
c06173,POE671,Canada,43.4105,-92.1949,10972.8,181.66,274.55,False,2026-03-11 17:14:23
ae03ed,CAPX349,United States,38.471,-76.0504,1348.74,108.88,298.5,False,2026-03-11 17:14:23
a13acf,AMF1367,United States,33.7434,-112.2062,3802.38,93.57,340.07,False,2026-03-11 17:14:23
abe075,SWA1669,United States,35.6893,-86.0934,10363.2,223.82,313.23,False,2026-03-11 17:14:23
add0b4,N99EF,United States,25.2385,-80.6317,13106.4,220.83,195.82,False,2026-03-11 17:14:23
a4671f,ASA815,United States,33.1983,-118.6915,10523.22,229.35,234.96,False,2026-03-11 17:14:23
a51dc0,N429HC,United States,43.211,-71.5239,312.42,48.97,109.01,False,2026-03-11 17:14:23
ae535f,SPUD65,United States,31.1163,-85.9009,868.68,67.32,276.58,False,2026-03-11 17:14:23
ad2c9f,RKJ948,United States,37.3546,-121.9229,,6.94,123.75,True,2026-03-11 17:14:23
ab18bc,IFG814,United States,27.3719,-80.5763,243.84,54.26,354.56,False,2026-03-11 17:14:23
a657bf,AAL1878,United States,38.8911,-98.7389,9448.8,279.24,97.62,False,2026-03-11 17:14:23
a19d59,MXY249,United States,34.8822,-85.2044,11277.6,232.16,152.7,False,2026-03-11 17:14:23
a99262,ASA643,United States,47.4443,-122.3063,,9.26,0.0,True,2026-03-11 17:14:23
a3f7f6,N355G,United States,32.8575,-116.8901,1104.9,36.13,61.98,False,2026-03-11 17:14:23
a9db3f,N734PU,United States,33.1594,-96.5896,281.94,35.51,1.66,False,2026-03-11 17:14:23
c0619b,POE543,Canada,28.3231,-80.7251,10972.8,240.96,157.27,False,2026-03-11 17:14:23
a69419,N523AF,United States,33.9742,-112.7188,1485.9,43.32,105.85,False,2026-03-11 17:14:23
ad2095,JBU2808,United States,28.5712,-97.9751,8839.2,285.19,82.02,False,2026-03-11 17:14:23
a63dc1,N501BA,United States,28.303,-81.4484,60.96,35.48,106.86,False,2026-03-11 17:14:23
c06196,POE384,Canada,46.9383,-78.3309,10668.0,265.86,111.45,False,2026-03-11 17:14:23
a7a28d,N591QS,United States,36.1202,-86.6721,,0.0,309.38,True,2026-03-11 17:14:23
a9db62,N734RD,United States,44.7555,-93.7979,723.9,43.88,274.71,False,2026-03-11 17:14:23
c06197,POE641,Canada,41.7156,-94.5927,10363.2,186.85,244.56,False,2026-03-11 17:14:23
a69415,N523AB,United States,40.035,-105.1028,1783.08,50.67,119.17,False,2026-03-11 17:14:23
a63dc7,JIA5535,United States,43.1255,-77.6694,,0.0,208.12,True,2026-03-11 17:14:23
a55a15,N444GF,United States,30.7747,-98.1992,1371.6,61.99,229.04,False,2026-03-11 17:14:23
a3e4d9,AIRLIFE2,United States,40.396,-111.917,1280.16,0.0,0.0,False,2026-03-11 17:14:23
a06a54,DAL1179,United States,34.3002,-108.6239,10088.88,243.37,73.67,False,2026-03-11 17:14:23
a537ed,RPA4442,United States,40.8517,-74.3555,5151.12,172.51,253.19,False,2026-03-11 17:14:23
89639d,UAE5V,United Arab Emirates,40.6486,-73.7671,,7.2,30.94,True,2026-03-11 17:14:23
abe09a,SWA2179,United States,35.0388,-118.8659,11887.2,244.59,131.33,False,2026-03-11 17:14:23
a44d62,DAL1362,United States,40.2752,-75.1754,10972.8,218.38,226.91,False,2026-03-11 17:14:23
a16901,N190JP,United States,33.5984,-101.8293,1348.74,51.49,2.29,False,2026-03-11 17:14:23
ac1eba,N880KD,United States,29.1369,-81.3908,7261.86,126.94,347.6,False,2026-03-11 17:14:23
a7657c,N576JA,United States,32.79,-81.2904,3695.7,180.42,138.58,False,2026-03-11 17:14:23
a31a50,UAL2445,United States,34.3725,-114.7262,10835.64,221.23,255.32,False,2026-03-11 17:14:23
aaf8f1,JBU45,United States,34.9752,-98.9364,11597.64,216.32,317.7,False,2026-03-11 17:14:23
a2c4cb,N278GA,United States,39.5465,-106.1569,7025.64,191.93,268.77,False,2026-03-11 17:14:23
aa359c,NXC255,United States,34.0035,-118.4529,2049.78,131.31,122.2,False,2026-03-11 17:14:23
a822d6,QXE2270,United States,46.8943,-122.116,7132.32,206.55,169.67,False,2026-03-11 17:14:23
a2147c,RPA5626,United States,36.9026,-77.6289,10668.0,242.32,43.8,False,2026-03-11 17:14:23
a7a25f,DAL1747,United States,33.8807,-81.5849,10972.8,241.53,168.45,False,2026-03-11 17:14:23
a9ee46,N739UK,United States,43.5893,-116.5384,685.8,30.98,125.54,False,2026-03-11 17:14:23
a8ce4e,VAR667,United States,33.3693,-113.0871,1196.34,68.03,135.31,False,2026-03-11 17:14:23
a1913b,N20SA,United States,27.7722,-82.6249,-60.96,36.01,180.0,False,2026-03-11 17:14:23
c06167,POE510,Canada,26.18,-80.055,1455.42,145.6,341.24,False,2026-03-11 17:14:23
ac25c4,FDX9007,United States,39.3071,-80.3913,10972.8,224.12,228.44,False,2026-03-11 17:14:23
a0ba4e,EDV5129,United States,33.7348,-84.0921,1722.12,127.29,212.79,False,2026-03-11 17:14:23
ad9518,N97413,United States,37.7269,-78.478,1463.04,41.15,227.53,False,2026-03-11 17:14:23
ad45a4,AAL2284,United States,28.4253,-81.3161,,5.66,168.75,True,2026-03-11 17:14:23
a44d3f,DAL2874,United States,47.4422,-122.313,,10.8,104.06,True,2026-03-11 17:14:23
ab686f,,United States,38.2312,-112.9983,11277.6,263.38,96.17,False,2026-03-11 17:14:23
a0e78e,N1577S,United States,33.9027,-87.12,1737.36,70.37,13.53,False,2026-03-11 17:14:23
ac0ba7,UAL2099,United States,47.8159,-101.4856,10370.82,212.83,287.3,False,2026-03-11 17:14:23
a13af4,DAL531,United States,37.3531,-92.7061,10980.42,190.85,277.28,False,2026-03-11 17:14:23
a37ab5,AAY284,United States,43.4868,-120.8584,11269.98,246.19,165.35,False,2026-03-11 17:14:23
780a3e,CPA3504,China,42.0767,-122.8549,10668.0,272.46,159.79,False,2026-03-11 17:14:23
aa1b78,EJA750,United States,32.0665,-86.0938,13716.0,246.43,145.55,False,2026-03-11 17:14:23
ad3ec9,N9522X,United States,38.1344,-78.3657,2407.92,49.33,187.79,False,2026-03-11 17:14:23
a32116,AAL2986,United States,29.6907,-83.6258,10668.0,248.6,150.36,False,2026-03-11 17:14:23
a2278f,N238PT,United States,32.6423,-117.6288,1135.38,79.65,84.07,False,2026-03-11 17:14:23
ac0bb9,SWA2149,United States,33.4326,-111.9956,,0.0,185.62,True,2026-03-11 17:14:23
a51da1,LXJ429,United States,43.3102,-114.5815,12504.42,278.54,124.54,False,2026-03-11 17:14:23
aa7e9b,UAL1826,United States,35.0127,-113.6333,10972.8,213.96,239.67,False,2026-03-11 17:14:23
aa7e9a,UAL1577,United States,41.9572,-87.8429,518.16,72.54,269.19,False,2026-03-11 17:14:23
a68d81,N521JV,United States,29.193,-81.2655,167.64,54.93,326.46,False,2026-03-11 17:14:23
c07676,WJA1098,Canada,33.524,-111.7566,1539.24,110.24,105.98,False,2026-03-11 17:14:23
a14f0d,N1836T,United States,32.5527,-98.3459,2903.22,92.08,71.77,False,2026-03-11 17:14:23
a44169,UAL1454,United States,27.9277,-85.4858,11277.6,257.86,107.89,False,2026-03-11 17:14:23
a68d6f,JBU2876,United States,34.8372,-78.1102,10668.0,238.78,38.35,False,2026-03-11 17:14:23
a44168,UAL529,United States,32.2986,-86.1191,10668.0,230.75,157.04,False,2026-03-11 17:14:23
a44166,UAL1353,United States,34.707,-80.0683,11277.6,241.79,29.02,False,2026-03-11 17:14:23
a4eaf5,N416FP,United States,41.8781,-111.9973,1607.82,51.97,35.74,False,2026-03-11 17:14:23
a70463,DAL466,United States,36.5646,-91.444,9753.6,213.52,270.83,False,2026-03-11 17:14:23
a69463,DAL1164,United States,32.6732,-80.649,10668.0,239.07,25.63,False,2026-03-11 17:14:23
acabc1,N9151H,United States,32.6417,-116.9328,632.46,47.04,185.65,False,2026-03-11 17:14:23
abdb35,AAL1115,United States,36.1098,-83.7897,11224.26,256.64,132.81,False,2026-03-11 17:14:23
a28928,UAL1191,United States,34.1638,-118.3651,708.66,100.12,222.71,False,2026-03-11 17:14:23
a8d4b0,UAL1054,United States,34.4041,-77.655,10972.8,235.45,195.98,False,2026-03-11 17:14:23
c05004,ACA1034,Canada,48.0615,-119.2017,10378.44,283.15,126.58,False,2026-03-11 17:14:23
a511f6,AAL2015,United States,33.4369,-112.0047,,0.51,0.0,True,2026-03-11 17:14:23
a8d4ad,UAL654,United States,29.9935,-95.1097,1127.76,100.83,270.0,False,2026-03-11 17:14:23
c05007,ACA977,Canada,36.8872,-98.0954,10363.2,223.83,228.73,False,2026-03-11 17:14:23
a83761,N62876,United States,38.977,-76.7239,594.36,54.99,317.65,False,2026-03-11 17:14:23
a4414a,DAL797,United States,37.2508,-89.0393,9761.22,211.96,312.25,False,2026-03-11 17:14:23
ac62cc,SWA485,United States,40.7231,-89.2728,5859.78,252.19,41.53,False,2026-03-11 17:14:23
ac5bf6,DAL1926,United States,29.5193,-90.1124,10058.4,227.43,178.83,False,2026-03-11 17:14:23
a2fa71,AAY228,United States,40.86,-77.3992,7193.28,212.54,12.72,False,2026-03-11 17:14:23
c013d0,ACA785,Canada,39.9674,-107.1423,10972.8,193.46,234.2,False,2026-03-11 17:14:23
a897e4,PDT5869,United States,39.9461,-75.265,388.62,67.45,158.52,False,2026-03-11 17:14:23
ac75ee,AAL2379,United States,40.1357,-105.2741,8046.72,187.7,266.07,False,2026-03-11 17:14:23
c013d1,NCB2322,Canada,53.2382,-113.6778,1249.68,69.92,34.51,False,2026-03-11 17:14:23
aa7e99,UAL1879,United States,36.724,-101.2848,9753.6,239.56,211.74,False,2026-03-11 17:14:23
a93d4e,PDT6080,United States,35.0742,-83.5825,7924.8,206.14,264.7,False,2026-03-11 17:14:23
c06365,PTR2632,Canada,44.3556,-79.0732,2994.66,139.43,154.19,False,2026-03-11 17:14:23
c06366,PTR2722,Canada,40.3413,-78.402,7315.2,170.59,343.53,False,2026-03-11 17:14:23
c06361,PTR2465,Canada,44.0496,-78.3001,6195.06,165.92,62.08,False,2026-03-11 17:14:23
a1f48f,N225LA,United States,34.0359,-118.3427,144.78,53.56,87.25,False,2026-03-11 17:14:23
aa7e7d,UAL565,United States,37.8555,-119.7064,9144.0,211.57,254.34,False,2026-03-11 17:14:23
a7a1b1,LXJ591,United States,34.1621,-116.4609,6248.4,182.94,332.35,False,2026-03-11 17:14:23
ad7bdf,SWA3815,United States,34.9386,-82.1859,480.06,70.06,213.92,False,2026-03-11 17:14:23
a28904,UAL486,United States,28.4197,-81.1861,2857.5,149.44,352.48,False,2026-03-11 17:14:23
a95745,AAL677,United States,45.7266,-96.4786,10363.2,214.75,288.87,False,2026-03-11 17:14:23
c0635b,PTR2128,Canada,41.7506,-76.4528,7315.2,121.15,290.9,False,2026-03-11 17:14:23
a44d85,DAL2447,United States,33.812,-112.0257,3002.28,161.22,161.39,False,2026-03-11 17:14:23
c0635a,PTR2352,Canada,47.93,-86.9237,7620.0,186.59,102.58,False,2026-03-11 17:14:23
a4eafd,LXJ416,United States,29.7965,-92.4064,13716.0,253.81,104.8,False,2026-03-11 17:14:23
c06358,PTR2942,Canada,42.9262,-72.2175,7315.2,141.86,281.72,False,2026-03-11 17:14:23
a7addf,N594SM,United States,35.2214,-82.288,1638.3,49.56,189.56,False,2026-03-11 17:14:23
a7045b,JIA5552,United States,32.342,-93.9222,9448.8,247.12,108.7,False,2026-03-11 17:14:23
aa1be0,AAL3046,United States,35.5249,-78.0099,11582.4,220.73,217.8,False,2026-03-11 17:14:23
a2fa4b,NIT291,United States,32.3455,-83.3393,1440.18,62.27,128.29,False,2026-03-11 17:14:23
c0501e,ACA1349,Canada,31.9381,-92.566,10972.8,193.95,231.25,False,2026-03-11 17:14:23
a6d130,N5385D,United States,28.1901,-80.7816,701.04,56.6,332.97,False,2026-03-11 17:14:23
a5617a,LXJ446,United States,27.3667,-84.9072,12092.94,212.3,300.11,False,2026-03-11 17:14:23
ab8b8c,NFX601,United States,34.7651,-118.8349,4465.32,120.22,330.8,False,2026-03-11 17:14:23
acb2ad,SWA27,United States,34.4912,-92.8394,7650.48,179.16,245.94,False,2026-03-11 17:14:23
ac62f3,SWA2099,United States,29.43,-91.2639,11277.6,261.65,103.76,False,2026-03-11 17:14:23
a03618,UAL1888,United States,35.0051,-90.2848,10972.8,208.53,293.4,False,2026-03-11 17:14:23
c013de,AKT1701,Canada,51.3984,-114.1759,2750.82,136.45,113.09,False,2026-03-11 17:14:23
aa6b43,RPA3667,United States,37.2592,-95.6582,8839.2,220.09,224.34,False,2026-03-11 17:14:23
a3a9b6,EDV4976,United States,39.8637,-85.9426,1280.16,158.36,50.93,False,2026-03-11 17:14:23
a2d92a,ASA453,United States,45.8216,-119.1465,10363.2,175.61,310.13,False,2026-03-11 17:14:23
a4a439,N399AA,United States,28.0073,-81.5489,952.5,34.0,349.54,False,2026-03-11 17:14:23
abdb88,RPA4450,United States,42.1348,-81.7686,8641.08,240.25,90.49,False,2026-03-11 17:14:23
a106d6,VTE3301,United States,33.4386,-111.993,,2.57,157.5,True,2026-03-11 17:14:23
a0e6c6,UAL287,United States,43.4505,-89.5977,9144.0,187.34,274.57,False,2026-03-11 17:14:23
a69424,ASA15,United States,35.9687,-100.2208,10363.2,212.25,266.94,False,2026-03-11 17:14:23
a2d939,JRE283,United States,36.7425,-76.9627,12504.42,241.76,128.26,False,2026-03-11 17:14:23
a68d32,FRG9521,United States,39.2828,-90.2384,9448.8,168.94,155.15,False,2026-03-11 17:14:23
aa35e1,AAL2306,United States,33.43,-111.9942,,0.45,104.06,True,2026-03-11 17:14:23
a239e3,CXK644,United States,38.6349,-91.1922,1234.44,64.47,85.88,False,2026-03-11 17:14:23
ae4e99,BRCAT16,United States,34.0669,-111.305,2506.98,91.52,278.4,False,2026-03-11 17:14:23
c05c0e,WJA629,Canada,51.2524,-113.9362,1805.94,73.85,261.59,False,2026-03-11 17:14:23
ad3585,JSX1100,United States,33.51,-77.7801,10972.8,232.5,195.27,False,2026-03-11 17:14:23
a0232a,RPA4428,United States,39.9186,-75.0031,914.4,74.24,255.96,False,2026-03-11 17:14:23
ae4e94,BB171,United States,31.1109,-86.7371,579.12,69.55,172.35,False,2026-03-11 17:14:23
a4418c,UAL372,United States,37.8453,-100.4307,10668.0,272.84,135.61,False,2026-03-11 17:14:23
add2ad,ASA446,United States,34.9396,-118.4652,8221.98,228.01,146.13,False,2026-03-11 17:14:23
a3d1ab,N345UH,United States,33.8398,-112.4939,822.96,43.19,102.38,False,2026-03-11 17:14:23
a63de2,N501CJ,United States,34.2016,-87.7241,10668.0,149.7,279.49,False,2026-03-11 17:14:23
a6a7ae,N528LP,United States,41.3116,-73.9048,1394.46,35.29,149.32,False,2026-03-11 17:14:23
a359c2,DAL2185,United States,37.2107,-112.6921,10668.0,249.64,57.88,False,2026-03-11 17:14:23
a19cbb,N20267,United States,41.7461,-73.8484,1699.26,52.5,91.68,False,2026-03-11 17:14:23
a083ba,N132MH,United States,41.7847,-111.8559,,0.0,0.0,True,2026-03-11 17:14:23
a13c43,SKW3487,United States,44.8898,-122.6794,4594.86,169.19,4.18,False,2026-03-11 17:14:23
a083d1,N132NF,United States,28.3617,-95.5241,9105.9,277.5,75.4,False,2026-03-11 17:14:23
4bb185,THY69W,Turkey,46.0175,-70.7978,11574.78,222.03,214.43,False,2026-03-11 17:14:23
a44197,DAL874,United States,38.3683,-98.0069,10149.84,189.28,302.01,False,2026-03-11 17:14:23
acc5fb,DAL1600,United States,32.6285,-84.1663,10363.2,239.27,3.95,False,2026-03-11 17:14:23
aa7e56,UAL2133,United States,41.8856,-87.4009,1569.72,124.9,78.6,False,2026-03-11 17:14:23
a68d44,GJS4529,United States,41.8012,-87.9664,1592.58,138.01,177.44,False,2026-03-11 17:14:23
a226c5,FFT3565,United States,42.454,-85.3132,7818.12,204.8,271.3,False,2026-03-11 17:14:23
a359bb,N315DM,United States,39.8026,-104.4394,1798.32,57.19,266.91,False,2026-03-11 17:14:23
a2d926,CNS45,United States,38.69,-80.4873,5486.4,122.48,305.43,False,2026-03-11 17:14:23
a26f42,N256RC,United States,39.3743,-75.0155,10066.02,208.81,225.4,False,2026-03-11 17:14:23
a4417d,DAL1488,United States,29.5593,-82.6926,9997.44,237.16,0.25,False,2026-03-11 17:14:23
aa7e3a,SWA386,United States,33.3916,-85.3756,11887.2,236.17,157.46,False,2026-03-11 17:14:23
ae4e9f,RN181,United States,30.7453,-87.0249,297.18,58.03,284.9,False,2026-03-11 17:14:23
a63df9,SABER1,United States,39.0091,-104.8661,2827.02,42.18,77.32,False,2026-03-11 17:14:23
aa2ed8,RPA3632,United States,33.2859,-83.8415,8534.4,186.27,294.3,False,2026-03-11 17:14:23
a7adb2,EJA594,United States,36.6811,-114.4454,7155.18,196.75,59.34,False,2026-03-11 17:14:23
a28947,UAL779,United States,30.1942,-97.6589,,6.69,177.19,True,2026-03-11 17:14:23
aa7e2e,UAL224T,United States,46.5863,-100.8619,10363.2,211.81,282.48,False,2026-03-11 17:14:23
aa1ba3,SKW6225,United States,39.2912,-90.0678,10972.8,180.36,217.0,False,2026-03-11 17:14:23
c00cd6,WJA2696,Canada,40.6621,-88.0209,11277.6,242.68,133.88,False,2026-03-11 17:14:23
a41902,N363SA,United States,27.4844,-81.5388,975.36,54.66,125.04,False,2026-03-11 17:14:23
ade5ff,N995JA,United States,26.4704,-80.3131,556.26,46.65,138.58,False,2026-03-11 17:14:23
a56d7b,EJA449,United States,35.8409,-77.1451,10058.4,227.98,30.96,False,2026-03-11 17:14:23
a01c37,,United States,47.9142,-86.6183,10370.82,182.01,281.25,False,2026-03-11 17:14:23
a5b10d,N466MW,United States,34.6404,-119.9228,4480.56,150.98,135.97,False,2026-03-11 17:14:23
a07cc7,SUB45,United States,34.021,-85.6404,7345.68,128.18,320.05,False,2026-03-11 17:14:23
a02321,N108HF,United States,40.8134,-73.0827,121.92,56.39,58.05,False,2026-03-11 17:14:23
a6dd36,N541SC,United States,36.3258,-119.4468,7620.0,164.02,156.33,False,2026-03-11 17:14:23
a5879c,N4554J,United States,40.2402,-75.5487,152.4,39.22,265.49,False,2026-03-11 17:14:23
abdb9a,N863SP,United States,43.589,-96.7438,518.16,33.44,329.49,False,2026-03-11 17:14:23
a0dfc8,N15549,United States,31.9775,-90.2407,3726.18,111.86,73.98,False,2026-03-11 17:14:23
a3d302,UAL2487,United States,38.7484,-90.3801,,0.0,241.88,True,2026-03-11 17:14:23
a3a9eb,AAL1672,United States,32.5052,-110.0514,9837.42,252.31,104.89,False,2026-03-11 17:14:23
ab9e13,MTN8313,United States,39.4422,-76.7719,2141.22,104.29,61.41,False,2026-03-11 17:14:23
a586b0,SWA3577,United States,36.0737,-114.9345,1363.98,102.44,267.99,False,2026-03-11 17:14:23
ab4ea9,CMB548,United States,39.0731,-76.8944,10972.8,228.45,225.18,False,2026-03-11 17:14:23
a27676,AAY3159,United States,31.4837,-81.9883,9433.56,236.57,340.7,False,2026-03-11 17:14:23
a2b310,EJA273,United States,28.7367,-96.7974,7574.28,275.1,46.52,False,2026-03-11 17:14:23
a1f3c8,N225CB,United States,34.2132,-118.9552,2499.36,55.56,270.53,False,2026-03-11 17:14:23
ac507e,N893AE,United States,39.0448,-76.0457,7010.4,232.49,86.32,False,2026-03-11 17:14:23
ac2813,SWA2252,United States,29.9862,-90.0195,2164.08,152.18,85.73,False,2026-03-11 17:14:23
acb39c,PFA347,United States,27.9215,-80.4429,1005.84,47.49,157.05,False,2026-03-11 17:14:23
a609d4,UAL1793,United States,41.9674,-87.8941,,5.66,90.0,True,2026-03-11 17:14:23
a0103b,DAL2195,United States,34.6805,-78.5516,10980.42,222.63,225.19,False,2026-03-11 17:14:23
a39657,TXG600,United States,25.785,-80.3409,91.44,67.46,87.38,False,2026-03-11 17:14:23
a32cd4,N3030E,United States,36.0018,-79.307,1272.54,55.07,98.05,False,2026-03-11 17:14:23
a2d95e,CSB529,United States,32.9527,-112.6384,10363.2,230.03,274.1,False,2026-03-11 17:14:23
add376,JBU1707,United States,36.0818,-115.1349,,4.37,298.12,True,2026-03-11 17:14:23
ab68d0,SKW3590,United States,38.5496,-88.721,10965.18,176.7,221.81,False,2026-03-11 17:14:23
a3962d,DAL2412,United States,31.0213,-82.492,10660.38,235.71,28.41,False,2026-03-11 17:14:23
a26f6f,SKW4116,United States,35.4431,-87.9548,6926.58,239.22,35.19,False,2026-03-11 17:14:23
a2c635,SWA3427,United States,42.554,-92.2225,11582.4,190.19,303.86,False,2026-03-11 17:14:23
a80a97,SKW5273,United States,41.8896,-87.9887,1600.2,142.16,144.87,False,2026-03-11 17:14:23
ac508b,DAL1286,United States,32.4807,-88.5128,7353.3,253.2,82.53,False,2026-03-11 17:14:23
a213d6,MXY602,United States,34.2504,-117.0448,4114.8,184.7,212.14,False,2026-03-11 17:14:23
abb8a0,SWA2480,United States,40.2393,-84.4191,7505.7,243.72,73.82,False,2026-03-11 17:14:23
a37c1c,JBU2151,United States,40.2673,-72.958,10820.4,219.75,224.05,False,2026-03-11 17:14:23
a0ccd2,N1502E,United States,36.0744,-76.5672,746.76,57.68,357.44,False,2026-03-11 17:14:23
a3e658,AAL863,United States,25.2433,-78.9067,8176.26,228.23,116.22,False,2026-03-11 17:14:23
a5cfba,N4738L,United States,35.9466,-80.3966,1402.08,50.67,347.09,False,2026-03-11 17:14:23
a106f5,N1652X,United States,33.8511,-118.1237,2476.5,74.44,319.48,False,2026-03-11 17:14:23
a02f8c,JTL1107,United States,34.1924,-112.5541,10447.02,213.97,262.12,False,2026-03-11 17:14:23
a1fff2,ENY3517,United States,36.8907,-95.3621,10370.82,179.68,206.34,False,2026-03-11 17:14:23
a0e6e4,N1572X,United States,36.072,-78.7607,861.06,62.35,123.56,False,2026-03-11 17:14:23
a93d9f,DAL2836,United States,31.0586,-82.0733,11887.2,212.75,335.73,False,2026-03-11 17:14:23
4bb192,THY89J,Turkey,49.9185,-100.8686,12192.0,245.21,203.23,False,2026-03-11 17:14:23
4bb193,THY49Q,Turkey,49.1184,-96.8779,11582.4,240.76,212.43,False,2026-03-11 17:14:23
ac2836,SWA410,United States,35.4819,-95.0964,10668.0,276.16,36.59,False,2026-03-11 17:14:23
a2d957,N283CE,United States,42.6617,-83.5282,838.2,87.04,87.29,False,2026-03-11 17:14:23
a2895c,N2624N,United States,42.5789,-71.6655,541.02,30.95,68.55,False,2026-03-11 17:14:23
a62c1a,SWA1589,United States,34.914,-85.0389,11582.4,186.5,235.56,False,2026-03-11 17:14:23
a26f58,N256S,United States,34.1704,-83.5417,2720.34,89.73,167.08,False,2026-03-11 17:14:23
4bb18a,THY67C,Turkey,41.972,-87.8911,,3.34,87.19,True,2026-03-11 17:14:23
a63f4e,,United States,33.9402,-118.3944,,3.34,247.5,True,2026-03-11 17:14:23
abb8c4,SWA3293,United States,38.1846,-99.9619,9144.0,203.67,246.48,False,2026-03-11 17:14:23
ab68f9,UAL2185,United States,39.8567,-104.6771,,5.4,90.0,True,2026-03-11 17:14:23
a01037,DAL596,United States,31.0528,-93.0793,10820.4,194.22,247.58,False,2026-03-11 17:14:23
a1ffe0,N228MV,United States,34.503,-82.1027,6705.6,122.02,162.33,False,2026-03-11 17:14:23
ac6eb7,N90VJ,United States,39.8616,-86.0968,990.6,98.24,226.27,False,2026-03-11 17:14:23
a69fce,CXK562,United States,35.7681,-79.1809,1203.96,39.35,258.69,False,2026-03-11 17:14:23
a38367,JBU1680,United States,36.2911,-77.6479,8839.2,240.46,8.74,False,2026-03-11 17:14:23
a871cf,EJA643,United States,36.2513,-88.1278,9852.66,173.46,271.87,False,2026-03-11 17:14:23
acd8c9,N927GH,United States,28.7738,-81.9367,1485.9,52.32,30.09,False,2026-03-11 17:14:23
a3a9af,AAL1823,United States,37.4073,-85.6872,10668.0,224.33,152.85,False,2026-03-11 17:14:23
a9ede9,N739QS,United States,40.5035,-74.2961,5189.22,171.95,121.17,False,2026-03-11 17:14:23
c061f8,CGLCP,Canada,49.2075,-123.6354,91.44,66.43,277.57,False,2026-03-11 17:14:23
a7ea3f,N609SA,United States,33.6853,-97.1859,495.3,43.77,209.58,False,2026-03-11 17:14:23
a9ede0,N739QH,United States,30.2529,-87.7649,845.82,64.11,350.76,False,2026-03-11 17:14:23
a8d4f6,UAL1101,United States,38.379,-84.0837,10668.0,268.54,90.22,False,2026-03-11 17:14:23
a7b4ea,JIA5432,United States,40.1226,-85.1964,6629.4,170.51,287.56,False,2026-03-11 17:14:23
a51f10,N429WP,United States,33.7087,-111.6221,891.54,61.07,23.33,False,2026-03-11 17:14:23
aa6b9d,UAL1321,United States,40.575,-74.3557,1836.42,127.08,270.7,False,2026-03-11 17:14:23
a991d9,N7156Q,United States,32.0747,-102.7351,1981.2,47.72,131.94,False,2026-03-11 17:14:23
a609a5,N4887G,United States,25.5081,-80.5989,365.76,47.34,1.25,False,2026-03-11 17:14:23
a1a68b,N205WA,United States,28.8416,-92.1996,10774.68,185.16,261.53,False,2026-03-11 17:14:23
ab4eeb,DAL536,United States,47.4258,-116.9981,10058.4,283.9,95.82,False,2026-03-11 17:14:23
a01097,RPA4382,United States,37.9559,-91.0509,10363.2,184.39,275.12,False,2026-03-11 17:14:23
a7b4f2,DAL770,United States,27.7775,-82.006,7162.8,218.02,342.42,False,2026-03-11 17:14:23
ae4e09,CHEAT21,United States,35.4675,-93.243,3665.22,137.49,305.71,False,2026-03-11 17:14:23
a2b348,SKW4180,United States,40.7785,-111.9736,1127.76,47.51,355.03,False,2026-03-11 17:14:23
a51f0f,SWA2958,United States,32.7306,-117.1892,,0.0,309.38,True,2026-03-11 17:14:23
ae4e02,C6050,United States,41.5122,-70.6098,304.8,69.1,50.74,False,2026-03-11 17:14:23
a07e01,N1303Q,United States,28.1871,-80.9056,457.2,37.64,356.08,False,2026-03-11 17:14:23
a44cca,DAL2922,United States,36.0029,-115.088,2651.76,129.84,93.18,False,2026-03-11 17:14:23
a9dac2,N734JU,United States,29.4386,-78.7181,11277.6,227.44,8.72,False,2026-03-11 17:14:23
ab9e5a,EJM848,United States,40.3717,-97.5003,13716.0,205.22,243.18,False,2026-03-11 17:14:23
ad8ed7,AAL2074,United States,28.8174,-81.1348,11277.6,212.68,340.21,False,2026-03-11 17:14:23
ac62a9,SWA434,United States,41.4621,-115.1825,11582.4,184.8,315.45,False,2026-03-11 17:14:23
a3e618,N350PF,United States,29.7329,-82.9162,2971.8,95.07,322.7,False,2026-03-11 17:14:23
a320a6,EDV5010,United States,38.6346,-76.0833,7924.8,220.1,217.59,False,2026-03-11 17:14:23
a3df1e,DAL677,United States,37.7136,-97.6375,9456.42,256.57,72.26,False,2026-03-11 17:14:23
aa7288,AAL2639,United States,33.4386,-112.0003,,1.03,357.19,True,2026-03-11 17:14:23
a25c6e,ENY3607,United States,40.8863,-91.2219,10363.2,171.65,230.11,False,2026-03-11 17:14:23
a6ca7f,ASA1325,United States,46.5078,-122.7285,6659.88,188.87,358.44,False,2026-03-11 17:14:23
aba5c3,N85HW,United States,36.3635,-87.2575,1851.66,151.62,82.2,False,2026-03-11 17:14:23
acc5aa,DAL1195,United States,33.6418,-84.4372,,1.54,5.62,True,2026-03-11 17:14:23
ad95c9,CAP2143,United States,45.4776,-94.2406,891.54,65.66,237.8,False,2026-03-11 17:14:23
a68198,BSM34,United States,33.9748,-96.1855,1638.3,50.23,147.12,False,2026-03-11 17:14:23
ae683e,0  YP,United States,38.442,-75.5102,8214.36,227.86,190.14,False,2026-03-11 17:14:23
ac1547,AAL2600,United States,43.0879,-80.0908,9144.0,197.61,268.51,False,2026-03-11 17:14:23
abf51b,N87ML,United States,37.2223,-84.2086,3048.0,74.13,195.29,False,2026-03-11 17:14:23
c1e4c1,SER308,Canada,45.461,-73.7402,,6.94,39.38,True,2026-03-11 17:14:23
a8d4d2,UAL1607,United States,38.3299,-101.5967,9144.0,206.01,300.79,False,2026-03-11 17:14:23
a2766f,ENY3709,United States,42.0392,-72.1587,5387.34,177.86,293.52,False,2026-03-11 17:14:23
a9f4c6,RPA3685,United States,40.679,-76.3238,9144.0,202.49,281.28,False,2026-03-11 17:14:23
ac287c,SWA813,United States,38.2887,-82.9901,10668.0,262.54,85.84,False,2026-03-11 17:14:23
a39662,LXJ330,United States,35.8847,-105.4785,13106.4,210.13,262.54,False,2026-03-11 17:14:23
ae6838,,United States,45.8274,-121.178,8839.2,262.78,154.49,False,2026-03-11 17:14:23
a81163,NKS1530,United States,32.7888,-81.0215,10363.2,236.13,179.63,False,2026-03-11 17:14:23
ab8b56,DAL1628,United States,35.7376,-120.13,11887.2,237.25,150.66,False,2026-03-11 17:14:23
a8d4cc,UAL403,United States,32.7319,-87.0711,11277.6,247.15,131.29,False,2026-03-11 17:14:23
acc5a5,AAL415,United States,32.4866,-97.4141,1958.34,143.45,83.41,False,2026-03-11 17:14:23
acbec2,N920GB,United States,43.0611,-87.7101,2491.74,126.58,245.0,False,2026-03-11 17:14:23
a95795,N7005,United States,33.0897,-85.0701,1607.82,64.54,8.71,False,2026-03-11 17:14:23
aace85,N796CD,United States,26.7076,-81.873,533.4,66.35,41.23,False,2026-03-11 17:14:23
a14380,SWA2484,United States,42.271,-93.8393,10363.2,196.98,275.7,False,2026-03-11 17:14:23
ac1556,N878PC,United States,36.2834,-115.3478,1836.42,64.44,317.26,False,2026-03-11 17:14:23
ab5687,N83FJ,United States,34.0215,-83.7187,7025.64,224.34,55.18,False,2026-03-11 17:14:23
a87f6f,CTX75,United States,33.8938,-84.2953,388.62,33.69,187.02,False,2026-03-11 17:14:23
acbf63,AAL547,United States,40.7754,-73.8746,,0.0,75.94,True,2026-03-11 17:14:23
ac13d6,SWA2083,United States,39.7776,-90.0167,9448.8,264.02,81.82,False,2026-03-11 17:14:23
c087fb,CGZMW,Canada,48.2929,-89.6851,1043.94,52.08,32.91,False,2026-03-11 17:14:23
a68cfd,DAL782,United States,35.7164,-115.6635,11750.04,256.55,48.41,False,2026-03-11 17:14:23
a2a072,CNS794,United States,38.477,-90.8925,12176.76,215.1,344.04,False,2026-03-11 17:14:23
ac6340,N898CB,United States,28.8843,-98.5473,3535.68,164.7,1.79,False,2026-03-11 17:14:23
abecd6,N868CW,United States,44.5356,-105.5052,13578.84,223.61,114.03,False,2026-03-11 17:14:23
abb995,SWA1645,United States,35.0458,-106.6097,,10.8,90.0,True,2026-03-11 17:14:23
a9b9f1,N726BB,United States,34.9995,-80.4843,731.52,53.98,262.33,False,2026-03-11 17:14:23
a74c5e,N57DC,United States,33.1452,-111.484,1965.96,63.45,311.05,False,2026-03-11 17:14:23
ac6f6d,N900CQ,United States,34.463,-117.0422,11582.4,207.43,281.59,False,2026-03-11 17:14:23
a6d0a8,SGE61,United States,31.7026,-85.1298,129.54,44.3,192.75,False,2026-03-11 17:14:23
adcc10,N9886K,United States,27.9614,-80.5548,335.28,45.93,74.41,False,2026-03-11 17:14:23
a75359,JIA5164,United States,36.1142,-94.1119,1562.1,126.17,257.04,False,2026-03-11 17:14:23
c06de5,PVL3052,Canada,42.2901,-82.9271,411.48,66.97,242.06,False,2026-03-11 17:14:23
a6f6dd,JIA5175,United States,43.1257,-77.6674,,0.0,39.38,True,2026-03-11 17:14:23
a09852,UAL2112,United States,40.5788,-99.7135,11841.48,189.12,259.97,False,2026-03-11 17:14:23
a560f3,AMX408,United States,35.0436,-80.3832,12489.18,278.93,66.18,False,2026-03-11 17:14:23
a7c973,N600YP,United States,41.5968,-73.6028,7680.96,82.33,228.04,False,2026-03-11 17:14:23
c06ddf,NOJ55,Canada,27.4063,-80.5675,10469.88,199.95,340.77,False,2026-03-11 17:14:23
a560f4,AAL2102,United States,37.7451,-86.4983,8534.4,198.45,258.49,False,2026-03-11 17:14:23
a8996b,RPA4783,United States,40.7767,-73.8764,,0.0,30.94,True,2026-03-11 17:14:23
ac0cf8,DAL1046,United States,39.3066,-89.4908,10668.0,192.22,185.37,False,2026-03-11 17:14:23
aa234a,AAL847,United States,36.5255,-91.944,11879.58,263.82,73.23,False,2026-03-11 17:14:23
aa7ced,RTY775,United States,40.6244,-104.8805,2400.3,37.57,358.43,False,2026-03-11 17:14:23
ad8320,N97UT,United States,41.6409,-92.1487,3032.76,118.21,265.26,False,2026-03-11 17:14:23
ac00b1,SWA1391,United States,27.0362,-81.4951,3017.52,161.51,156.54,False,2026-03-11 17:14:23
ac899c,BPX282,United States,34.1306,-84.7161,1005.84,54.89,100.26,False,2026-03-11 17:14:23
a9ef3a,N73929,United States,28.552,-81.3153,30.48,34.11,246.91,False,2026-03-11 17:14:23
ac501e,SWA3109,United States,26.1111,-80.7576,2065.02,138.23,98.13,False,2026-03-11 17:14:23
a8e955,N67307,United States,33.3135,-97.2624,1104.9,50.17,174.11,False,2026-03-11 17:14:23
a63388,SWA2242,United States,34.4914,-108.7149,10972.8,212.9,259.56,False,2026-03-11 17:14:23
aa70a8,N772CA,United States,32.9121,-117.2883,1554.48,53.08,176.67,False,2026-03-11 17:14:23
a680e6,N518TX,United States,31.7476,-97.1871,861.06,74.0,194.91,False,2026-03-11 17:14:23
ac6364,DAL904,United States,37.9702,-105.7209,10363.2,200.21,271.77,False,2026-03-11 17:14:23
ac6f9c,N900EM,United States,33.2728,-99.0686,12496.8,239.22,103.05,False,2026-03-11 17:14:23
adcc34,BL87L,United States,30.2276,-87.9866,243.84,27.15,189.82,False,2026-03-11 17:14:23
a8bc13,PDT6067,United States,43.1194,-77.6772,266.7,56.39,211.95,False,2026-03-11 17:14:23
a320f0,N300SP,United States,36.6002,-81.8865,6469.38,94.5,301.87,False,2026-03-11 17:14:23
45d022,MMD6030,Denmark,39.7883,-72.7014,8991.6,260.82,109.47,False,2026-03-11 17:14:23
ac767c,AAL2397,United States,32.9141,-97.0319,,0.0,0.0,True,2026-03-11 17:14:23
ad9686,LYM500,United States,36.2453,-98.2796,10347.96,215.08,250.87,False,2026-03-11 17:14:23
ad2ce1,SWA1483,United States,37.1043,-76.8693,10683.24,226.89,201.27,False,2026-03-11 17:14:23
a4068e,N359DG,United States,36.338,-119.7754,3992.88,156.97,181.69,False,2026-03-11 17:14:23
a87f7e,ASI96,United States,33.1058,-111.929,1310.64,43.69,282.24,False,2026-03-11 17:14:23
a62063,EJA494,United States,37.7426,-78.2427,10005.06,198.33,219.84,False,2026-03-11 17:14:23
a440c0,UPS2801,United States,37.7801,-86.9537,5387.34,225.14,99.2,False,2026-03-11 17:14:23
ac5041,SWA279,United States,35.1608,-108.8771,11262.36,251.22,101.22,False,2026-03-11 17:14:23
a320d4,N300RL,United States,33.6281,-111.907,,0.0,129.38,True,2026-03-11 17:14:23
a40694,DAL1592,United States,34.4346,-83.462,5958.84,196.15,223.41,False,2026-03-11 17:14:23
aac0e2,EJA792,United States,37.6133,-93.4354,12192.0,197.03,269.85,False,2026-03-11 17:14:23
abf3da,SWA827,United States,38.3624,-79.4692,10614.66,242.84,66.53,False,2026-03-11 17:14:23
c05acc,JZA650,Canada,46.0049,-122.422,3063.24,131.6,189.9,False,2026-03-11 17:14:23
a3f8a1,DAL2333,United States,31.818,-81.2742,7848.6,241.13,11.07,False,2026-03-11 17:14:23
a7668a,AAL3070,United States,38.594,-76.9767,8092.44,240.97,58.18,False,2026-03-11 17:14:23
ab4392,SCM82,United States,30.0821,-95.2549,5227.32,138.92,1.06,False,2026-03-11 17:14:23
a288e4,UAL1388,United States,26.4842,-83.163,9083.04,220.78,299.91,False,2026-03-11 17:14:23
a01bbc,RPA9930,United States,37.842,-80.1608,9448.8,242.5,85.62,False,2026-03-11 17:14:23
aca01a,SWA1199,United States,33.5646,-118.5646,2941.32,147.04,117.73,False,2026-03-11 17:14:23
a275b8,FDX419,United States,35.3872,-95.6593,10668.0,263.92,89.44,False,2026-03-11 17:14:23
a5cfdb,BL39J,United States,30.2492,-88.6219,1196.34,39.83,275.93,False,2026-03-11 17:14:23
a63f5e,N501TP,United States,30.5028,-89.1358,6385.56,129.82,264.09,False,2026-03-11 17:14:23
a4ff5e,N421AH,United States,28.5995,-81.8317,4815.84,99.95,290.49,False,2026-03-11 17:14:23
a07228,RPA4666,United States,43.7864,-77.5228,8816.34,191.27,261.8,False,2026-03-11 17:14:23
abe0bb,SWA3868,United States,35.4464,-111.7873,9494.52,207.3,278.99,False,2026-03-11 17:14:23
a6efcc,N546SF,United States,40.7703,-112.0515,1653.54,49.92,268.23,False,2026-03-11 17:14:23
a99f1d,N719SS,United States,37.8026,-111.3477,10096.5,185.76,246.84,False,2026-03-11 17:14:23
a3d350,N34579,United States,27.8228,-81.5609,571.5,59.15,344.88,False,2026-03-11 17:14:23
a022c4,DAL2356,United States,40.7713,-73.8624,,0.0,309.38,True,2026-03-11 17:14:23
a19e61,ENY3991,United States,33.4398,-112.0086,,6.43,90.0,True,2026-03-11 17:14:23
a956b4,N700Y,United States,33.2165,-84.3565,723.9,78.35,311.54,False,2026-03-11 17:14:23
ac5066,SWA967,United States,36.0799,-115.1487,,7.72,334.69,True,2026-03-11 17:14:23
a3e67c,N350TF,United States,35.9626,-119.1665,1706.88,115.43,326.45,False,2026-03-11 17:14:23
a19e68,AAY1848,United States,35.3127,-85.6021,6454.14,184.47,313.76,False,2026-03-11 17:14:23
a08564,N1323D,United States,36.7299,-108.1581,5257.8,79.86,68.06,False,2026-03-11 17:14:23
ad20d1,N945MC,United States,43.7979,-116.936,822.96,51.98,308.57,False,2026-03-11 17:14:23
a01be7,N106KH,United States,26.2702,-79.9122,838.2,127.11,264.66,False,2026-03-11 17:14:23
aa3646,RPA3523,United States,41.9574,-87.7523,944.88,85.4,269.65,False,2026-03-11 17:14:23
a8cf36,N667LB,United States,32.8121,-117.133,68.58,32.7,294.15,False,2026-03-11 17:14:23
a51358,EJA426,United States,40.0407,-78.8924,13106.4,163.35,296.57,False,2026-03-11 17:14:23
a0855d,UAL709,United States,35.4781,-104.1457,8534.4,210.88,259.46,False,2026-03-11 17:14:23
a022d3,N108EC,United States,38.8357,-76.5989,144.78,8.44,232.43,False,2026-03-11 17:14:23
a693d2,N5228F,United States,39.231,-75.3027,1219.2,43.25,333.13,False,2026-03-11 17:14:23
a5bccd,UAL1396,United States,38.2439,-100.9423,9753.6,199.02,263.02,False,2026-03-11 17:14:23
a1083b,CXK362,United States,32.367,-97.4397,320.04,36.13,160.02,False,2026-03-11 17:14:23
a6dcc3,N541MN,United States,26.4122,-81.5253,525.78,37.84,226.1,False,2026-03-11 17:14:23
a75334,SWB71,United States,30.3697,-80.6927,4663.44,180.4,99.35,False,2026-03-11 17:14:23
c087f6,CGZMR,Canada,48.6723,-89.4321,1653.54,46.13,262.95,False,2026-03-11 17:14:23
ab68a5,EJA834,United States,30.4562,-81.2134,1927.86,129.3,206.97,False,2026-03-11 17:14:23
a4e015,N413JH,United States,33.803,-111.9179,1249.68,58.7,228.91,False,2026-03-11 17:14:23
a34825,EDV5005,United States,30.1043,-97.6769,609.6,73.58,358.8,False,2026-03-11 17:14:23
c00d51,FLE609,Canada,49.563,-94.4314,10972.8,215.89,288.91,False,2026-03-11 17:14:23
abe0df,SWA1498,United States,37.7118,-122.2138,,0.0,11.25,True,2026-03-11 17:14:23
a6e3b0,GJS4502,United States,41.9716,-87.9196,,8.23,270.0,True,2026-03-11 17:14:23
a716ee,JIA5389,United States,40.1735,-86.3665,9182.1,200.12,180.15,False,2026-03-11 17:14:23
a63f8b,VJA501,United States,30.4389,-81.9381,13716.0,257.02,147.42,False,2026-03-11 17:14:23
ac5087,N893AP,United States,26.6492,-79.98,1013.46,56.63,87.92,False,2026-03-11 17:14:23
a836bd,N6283G,United States,42.9239,-73.7921,670.56,48.7,238.83,False,2026-03-11 17:14:23
ade66f,AAL1890,United States,35.8954,-114.2474,7665.72,235.62,90.5,False,2026-03-11 17:14:23
a87f41,PDT5818,United States,39.8848,-74.8889,1234.44,119.83,352.6,False,2026-03-11 17:14:23
ae4cfe,DESERT3,United States,35.9915,-119.1487,3238.5,81.9,63.11,False,2026-03-11 17:14:23
a1f557,UAL1777,United States,47.9133,-97.5023,11582.4,234.12,263.31,False,2026-03-11 17:14:23
a262af,N253AM,United States,27.1849,-80.2234,-83.82,2.12,75.96,False,2026-03-11 17:14:23
a6209f,N494TB,United States,39.6604,-106.759,12192.0,139.21,249.22,False,2026-03-11 17:14:23
ab19d0,SLH814,United States,37.3923,-106.5926,12192.0,174.88,242.3,False,2026-03-11 17:14:23
a262d4,MXY328,United States,35.1413,-77.8213,10058.4,233.71,30.86,False,2026-03-11 17:14:23
a18b71,AAL2178,United States,36.9778,-105.9591,9151.62,208.47,304.24,False,2026-03-11 17:14:23
a25bd7,N251GM,United States,36.3108,-92.206,11582.4,158.59,264.79,False,2026-03-11 17:14:23
a2c5ae,N278RC,United States,35.8281,-81.877,2286.0,78.35,34.84,False,2026-03-11 17:14:23
a4683f,UPS9307,United States,40.9146,-100.2375,11887.2,276.77,102.12,False,2026-03-11 17:14:23
a2aba2,EJA271,United States,35.7041,-100.4924,12184.38,223.15,277.55,False,2026-03-11 17:14:23
a0ce7f,N151GC,United States,36.2148,-114.6973,975.36,66.95,244.03,False,2026-03-11 17:14:23
a2022f,N2288F,United States,29.2228,-82.96,2385.06,82.95,305.66,False,2026-03-11 17:14:23
a4b859,LXJ403,United States,40.8843,-97.8994,10424.16,188.71,251.57,False,2026-03-11 17:14:23
a56204,MVK84,United States,44.0872,-94.7134,1912.62,85.08,251.67,False,2026-03-11 17:14:23
a3def3,N349CD,United States,29.4432,-82.4262,1211.58,69.02,102.48,False,2026-03-11 17:14:23
a31b19,N3EW,United States,30.6196,-87.3317,4556.76,184.01,15.9,False,2026-03-11 17:14:23
a1db22,MXY803,United States,38.5254,-74.9856,9144.0,225.6,220.19,False,2026-03-11 17:14:23
abb930,SWA1913,United States,37.8514,-80.0015,11277.6,256.39,85.74,False,2026-03-11 17:14:23
acbf02,N920JR,United States,32.7137,-80.3985,3009.9,157.65,17.67,False,2026-03-11 17:14:23
a1921d,N200BA,United States,26.3612,-80.6861,2979.42,187.26,285.95,False,2026-03-11 17:14:23
a9dc5f,N73407,United States,35.4141,-81.2791,1188.72,28.33,240.64,False,2026-03-11 17:14:23
ab3c12,CXK1000,United States,32.2454,-97.2532,762.0,70.77,72.22,False,2026-03-11 17:14:23
ab19f2,SCM81,United States,33.1201,-113.356,4648.2,194.87,36.63,False,2026-03-11 17:14:23
a57544,N45058,United States,38.5953,-77.7169,190.5,29.72,203.46,False,2026-03-11 17:14:23
a1f543,N225TF,United States,33.8161,-117.4516,632.46,50.42,270.58,False,2026-03-11 17:14:23
a44e24,DAL2049,United States,29.528,-78.4511,10668.0,218.48,8.53,False,2026-03-11 17:14:23
a67b07,SCX3018,United States,36.7475,-113.3637,9144.0,215.11,250.44,False,2026-03-11 17:14:23
a9dc5e,UAL2310,United States,29.686,-93.9042,7741.92,268.55,90.55,False,2026-03-11 17:14:23
a3e5de,SJJ350,United States,29.1157,-83.2815,13716.0,240.85,158.97,False,2026-03-11 17:14:23
ab3c0a,ASA1364,United States,45.2146,-121.5659,11277.6,250.21,167.05,False,2026-03-11 17:14:23
a0d561,AAL750Q,United States,29.7803,-98.3442,10988.04,246.84,6.22,False,2026-03-11 17:14:23
ac6f31,PDT5936,United States,40.11,-76.1387,2034.54,151.84,95.05,False,2026-03-11 17:14:23
a5c51d,LFA459,United States,28.7785,-81.2542,30.48,42.7,90.69,False,2026-03-11 17:14:23
a18b55,N199TT,United States,35.2701,-85.8525,9128.76,234.22,142.05,False,2026-03-11 17:14:23
a3d2c0,UAL294,United States,39.0133,-104.8811,7437.12,228.0,196.92,False,2026-03-11 17:14:23
a9e365,N736XC,United States,27.2154,-81.9879,1836.42,70.22,338.51,False,2026-03-11 17:14:23
a1f51c,CXK393,United States,41.7579,-72.6321,304.8,45.67,104.35,False,2026-03-11 17:14:23
aa9801,AAL731,United States,46.7626,-68.404,10972.8,219.96,209.26,False,2026-03-11 17:14:23
a9938d,NKS1603,United States,42.0028,-87.8635,426.72,64.82,270.0,False,2026-03-11 17:14:23
a75eb4,EJA574,United States,36.6133,-121.8898,502.92,102.98,338.3,False,2026-03-11 17:14:23
ab9cb0,N8473W,United States,42.1285,-72.7232,274.32,38.84,11.46,False,2026-03-11 17:14:23
aaf9ea,UAL1874,United States,39.8554,-104.6833,,0.0,270.0,True,2026-03-11 17:14:23
a4423a,UAL1197,United States,27.9732,-82.5351,,5.14,275.62,True,2026-03-11 17:14:23
ac6f47,N900BB,United States,30.4217,-81.5473,2491.74,129.91,133.56,False,2026-03-11 17:14:23
ae5fa3,BACKY32,United States,35.8469,-77.9256,3710.94,181.13,16.84,False,2026-03-11 17:14:23
c07594,SN01T,Canada,49.9054,-97.2567,,6.17,261.56,True,2026-03-11 17:14:23
a2b2da,ENY3769,United States,36.1838,-85.9754,8534.4,210.82,321.34,False,2026-03-11 17:14:23
a20272,CXK673,United States,40.8125,-74.4006,129.54,31.9,217.79,False,2026-03-11 17:14:23
a99364,N716LU,United States,34.986,-79.5938,1645.92,67.96,7.39,False,2026-03-11 17:14:23
ac0ca4,N876AD,United States,29.1116,-97.4151,2560.32,155.64,120.38,False,2026-03-11 17:14:23
a3f8b8,AAL1391,United States,25.7079,-80.0323,2065.02,139.15,110.11,False,2026-03-11 17:14:23
acd949,N927ML,United States,28.641,-81.0671,784.86,57.31,114.95,False,2026-03-11 17:14:23
a2b2e1,AAY711,United States,40.5973,-93.0029,9456.42,261.69,67.22,False,2026-03-11 17:14:23
a9802b,ECJ71,United States,32.7454,-81.03,12192.0,221.7,203.23,False,2026-03-11 17:14:23
a20289,N229B,United States,26.7209,-81.4663,274.32,52.63,274.48,False,2026-03-11 17:14:23
a44238,UAL2424,United States,39.8551,-104.6809,,1.03,177.19,True,2026-03-11 17:14:23
c012f2,WEN3445,Canada,50.8574,-124.4008,7307.58,130.98,323.63,False,2026-03-11 17:14:23
abb94f,SWA2630,United States,32.1692,-107.1291,11277.6,242.07,98.8,False,2026-03-11 17:14:23
ac0cb2,N876AT,United States,28.8617,-82.0409,2148.84,115.55,53.69,False,2026-03-11 17:14:23
a1f595,SWA769,United States,34.0212,-116.7247,3794.76,189.57,107.21,False,2026-03-11 17:14:23
a4421d,DAL1166,United States,29.1367,-98.4565,2804.16,152.86,10.67,False,2026-03-11 17:14:23
ad8f3e,ERU973,United States,29.0222,-81.1701,845.82,46.86,182.52,False,2026-03-11 17:14:23
a262e3,N253CP,United States,40.6896,-85.3761,2613.66,146.88,3.41,False,2026-03-11 17:14:23
acac10,N9153S,United States,43.1399,-71.6556,990.6,46.62,337.96,False,2026-03-11 17:14:23
ab5668,N83EC,United States,29.455,-83.3017,4236.72,94.78,337.33,False,2026-03-11 17:14:23
a3355e,JBU1097,United States,36.5377,-80.9263,10972.8,206.62,225.4,False,2026-03-11 17:14:23
abb972,SWA2512,United States,37.213,-101.0103,10363.2,189.53,304.94,False,2026-03-11 17:14:23
a20258,NWX228,United States,32.5635,-98.0483,807.72,42.68,285.38,False,2026-03-11 17:14:23
a1e23a,ENY3509,United States,32.6285,-96.9728,1531.62,105.05,259.85,False,2026-03-11 17:14:23
a810f1,N619HW,United States,33.7654,-118.2851,403.86,53.57,311.5,False,2026-03-11 17:14:23
ad3fd9,AAL3246,United States,33.9392,-118.4081,,0.39,348.75,True,2026-03-11 17:14:23
ac6f4f,N900BK,United States,37.6632,-122.1223,,0.39,241.88,True,2026-03-11 17:14:23
a99f92,TCN719,United States,35.4806,-83.5424,10759.44,217.66,285.35,False,2026-03-11 17:14:23
a62092,N494SP,United States,37.461,-122.1149,-121.92,30.37,321.19,False,2026-03-11 17:14:23
ac0cc9,ES806,United States,38.5169,-120.9764,1386.84,52.74,290.56,False,2026-03-11 17:14:23
a86064,JIA9951,United States,35.7098,-80.7767,5143.5,168.54,208.83,False,2026-03-11 17:14:23
a8c32a,AAL2977,United States,33.6897,-112.0597,4724.4,172.51,50.57,False,2026-03-11 17:14:23
ad9642,ASA657,United States,41.8679,-122.8664,9906.0,237.21,178.76,False,2026-03-11 17:14:23
0d09ce,VIV4001,Mexico,25.6647,-99.9465,899.16,110.55,321.42,False,2026-03-11 17:14:23
a8c348,N664CA,United States,38.1275,-122.3107,929.64,54.34,108.78,False,2026-03-11 17:14:23
ad59db,EJM960,United States,41.6859,-88.7964,12496.8,304.57,86.61,False,2026-03-11 17:14:23
0d09e0,XBPEO,Mexico,28.2442,-99.1657,5486.4,104.51,202.27,False,2026-03-11 17:14:23
ade609,JBU2137,United States,39.8642,-72.2838,6941.82,240.55,136.65,False,2026-03-11 17:14:23
a44212,UAL1480,United States,35.9345,-76.7747,11582.4,226.04,199.96,False,2026-03-11 17:14:23
ada9bd,N98KS,United States,34.4187,-111.1285,5958.84,139.93,217.08,False,2026-03-11 17:14:23
a1ee82,N2230D,United States,33.7061,-112.1428,716.28,38.6,268.47,False,2026-03-11 17:14:23
a9f64b,ENY4251,United States,41.9573,-87.8783,350.52,64.31,269.54,False,2026-03-11 17:14:23
a382b6,DAL2519,United States,35.8437,-78.8908,1059.18,123.06,267.6,False,2026-03-11 17:14:23
ab3c61,DAL1875,United States,27.8752,-112.4974,11887.2,238.3,141.4,False,2026-03-11 17:14:23
a2abc5,N271SB,United States,38.3406,-85.5373,3048.0,141.03,333.81,False,2026-03-11 17:14:23
aac0a3,NDU792,United States,32.9113,-111.2707,2034.54,39.87,72.73,False,2026-03-11 17:14:23
ac7658,AAL3200,United States,30.0376,-77.9514,10980.42,247.51,171.63,False,2026-03-11 17:14:23
a19272,N200EL,United States,38.45,-76.7452,9273.54,259.2,39.28,False,2026-03-11 17:14:23
ad46bc,N9546Q,United States,40.1979,-74.1404,1386.84,53.86,133.45,False,2026-03-11 17:14:23
ad2cb0,WUP948,United States,28.7994,-87.6656,12496.8,253.64,119.53,False,2026-03-11 17:14:23
a9a6db,N7207B,United States,27.9576,-80.7115,1828.8,61.44,258.41,False,2026-03-11 17:14:23
a07a9b,N13UA,United States,38.1382,-121.6573,6301.74,102.33,15.15,False,2026-03-11 17:14:23
a4a117,N398G,United States,28.0838,-80.9179,853.44,70.64,117.31,False,2026-03-11 17:14:23
a5cd47,N473LP,United States,37.2193,-77.4656,274.32,32.01,225.0,False,2026-03-11 17:14:23
c01cae,WJA2324,Canada,41.4599,-110.2525,10668.0,258.21,163.8,False,2026-03-11 17:14:23
a33d97,FFT146,United States,27.4839,-83.7961,10668.0,238.04,32.56,False,2026-03-11 17:14:23
c07f59,CF4505,Canada,49.2807,-123.9675,121.92,57.21,281.41,False,2026-03-11 17:14:23
ac85ac,N906CD,United States,42.7015,-71.5568,914.4,66.78,201.23,False,2026-03-11 17:14:23
ac6ba8,N9NB,United States,35.3495,-87.678,5486.4,108.66,234.05,False,2026-03-11 17:14:23
a05923,N121TS,United States,27.5437,-82.6566,937.26,97.06,218.33,False,2026-03-11 17:14:23
a5d421,ERU475,United States,29.1253,-81.0962,632.46,42.7,201.93,False,2026-03-11 17:14:23
aa7b43,N7747U,United States,28.317,-81.1471,243.84,50.35,262.37,False,2026-03-11 17:14:23
abb5bf,SWA1580,United States,34.2563,-104.9958,11582.4,202.49,281.28,False,2026-03-11 17:14:23
c08634,CGYVJ,Canada,51.1038,-114.3693,,0.06,177.19,True,2026-03-11 17:14:23
c02fe2,CFSDL,Canada,48.7598,-122.9501,5295.9,188.22,161.52,False,2026-03-11 17:14:23
c07f3d,WEN3544,Canada,49.9111,-97.2353,,7.2,154.69,True,2026-03-11 17:14:23
ac1e64,TCF880,United States,25.4578,-81.072,2339.34,71.65,164.17,False,2026-03-11 17:14:23
a654cb,JBU579,United States,30.2552,-81.096,10972.8,242.08,182.8,False,2026-03-11 17:14:23
add08e,VNT99,United States,42.8134,-73.963,8229.6,246.24,97.08,False,2026-03-11 17:14:23
a33d88,N308FA,United States,40.1504,-75.2431,228.6,35.11,230.95,False,2026-03-11 17:14:23
a654d5,N507KC,United States,26.0149,-80.274,175.26,40.8,185.06,False,2026-03-11 17:14:23
aa2bc4,UAL2410,United States,29.955,-82.6897,10668.0,226.87,0.26,False,2026-03-11 17:14:23
aa2bc5,UAL2624,United States,26.6426,-81.6901,1310.64,142.17,351.05,False,2026-03-11 17:14:23
abfe45,FDX457,United States,35.3991,-98.4929,10668.0,257.06,92.98,False,2026-03-11 17:14:23
a6076c,N488MH,United States,35.0412,-88.0246,10965.18,196.55,219.69,False,2026-03-11 17:14:23
a32a4f,XBNPE,United States,28.8774,-111.2704,76.2,40.44,233.28,False,2026-03-11 17:14:23
ab52be,ERU829,United States,28.7622,-81.5665,998.22,62.2,20.83,False,2026-03-11 17:14:23
a38ad5,JBU678,United States,38.5173,-75.1368,11277.6,220.8,24.36,False,2026-03-11 17:14:23
abeb31,SWA1796,United States,30.8839,-81.9659,11590.02,235.45,194.55,False,2026-03-11 17:14:23
a2c1b6,ENY3399,United States,33.438,-111.9948,,0.0,140.62,True,2026-03-11 17:14:23
a76df1,UPS216,United States,39.5452,-83.7714,7322.82,181.6,240.09,False,2026-03-11 17:14:23
ac6bd0,AXEL90,United States,41.0155,-106.2675,11711.94,223.73,13.43,False,2026-03-11 17:14:23
aa2bc1,UAL356,United States,38.2185,-99.5887,10660.38,252.87,68.39,False,2026-03-11 17:14:23
a3311b,JBU393,United States,45.0781,-74.7804,10363.2,199.44,318.87,False,2026-03-11 17:14:23
a6ed3b,UAL789,United States,39.6239,-101.1508,9448.8,282.95,94.9,False,2026-03-11 17:14:23
a904a6,EJA680,United States,33.5403,-77.9548,13106.4,210.23,195.91,False,2026-03-11 17:14:23
a4b470,DAL33,United States,41.8541,-71.8698,10972.8,238.3,214.44,False,2026-03-11 17:14:23
a75ac7,JIA5290,United States,35.2633,-80.9397,434.34,69.03,177.01,False,2026-03-11 17:14:23
a401a6,N3573Y,United States,27.4921,-82.1167,1417.32,54.37,147.36,False,2026-03-11 17:14:23
a641b6,DAL274,United States,47.8895,-113.9244,11887.2,299.02,97.71,False,2026-03-11 17:14:23
ad9edf,AAL2156,United States,36.1572,-90.7194,10972.8,190.15,256.23,False,2026-03-11 17:14:23
a9eb8f,N7383L,United States,39.6413,-104.4525,2202.18,59.02,194.64,False,2026-03-11 17:14:23
a35781,AAL1019,United States,32.9004,-97.0348,,1.29,270.0,True,2026-03-11 17:14:23
ac122a,N877US,United States,36.2882,-115.4471,2164.08,61.77,167.01,False,2026-03-11 17:14:23
a641bd,N502DV,United States,38.0112,-85.6307,12496.8,243.79,24.56,False,2026-03-11 17:14:23
a69d86,GARMN12,United States,38.8962,-103.3585,5981.7,177.81,249.15,False,2026-03-11 17:14:23
a654ec,N507LA,United States,33.4661,-111.7227,358.14,43.87,50.71,False,2026-03-11 17:14:23
aacb4a,N795HC,United States,35.1051,-111.2797,8069.58,227.19,217.36,False,2026-03-11 17:14:23
a2d4d6,OXF2781,United States,32.9962,-111.4578,2209.8,68.9,203.31,False,2026-03-11 17:14:23
a33d68,DAL2785,United States,42.365,-71.0245,,0.06,253.12,True,2026-03-11 17:14:23
a009a4,AAL234,United States,46.1979,-92.5072,10668.0,274.35,81.92,False,2026-03-11 17:14:23
a2bab6,SKW125X,United States,39.6018,-90.6531,7284.72,190.27,339.75,False,2026-03-11 17:14:23
aa2ba5,UAL2209,United States,36.8786,-121.9326,4617.72,154.9,347.53,False,2026-03-11 17:14:23
a05910,SKW5833,United States,41.8036,-88.982,6438.9,157.75,257.19,False,2026-03-11 17:14:23
ac1e6b,N880G,United States,34.3778,-79.7581,8229.6,153.96,20.13,False,2026-03-11 17:14:23
aa2ba2,UAL1314,United States,41.9882,-87.8193,586.74,81.28,270.36,False,2026-03-11 17:14:23
a5c127,AAL993,United States,25.7819,-80.4147,487.68,86.01,87.26,False,2026-03-11 17:14:23
abb5e3,SKW5225,United States,33.9399,-118.3982,,5.4,351.56,True,2026-03-11 17:14:23
a5c124,N470AK,United States,38.976,-104.8533,2438.4,28.97,353.88,False,2026-03-11 17:14:23
a57158,N45SE,United States,35.9827,-83.6794,1188.72,96.5,309.38,False,2026-03-11 17:14:23
aa7b10,SWA1028,United States,31.351,-100.096,12192.0,226.25,335.12,False,2026-03-11 17:14:23
abb5e6,SKW5970,United States,38.3884,-122.4133,7459.98,220.15,202.97,False,2026-03-11 17:14:23
abb5e7,SKW5536,United States,39.8179,-100.3948,9753.6,180.29,247.17,False,2026-03-11 17:14:23
ac0b50,SWA217,United States,39.9498,-89.3941,8831.58,264.71,16.25,False,2026-03-11 17:14:23
a009f3,N101RS,United States,35.3996,-78.068,1798.32,102.61,111.16,False,2026-03-11 17:14:23
abb5ec,SKW5680,United States,42.9307,-97.3759,10363.2,187.0,273.0,False,2026-03-11 17:14:23
c02fb8,ACA548,Canada,49.1125,-122.8474,2346.96,146.11,109.33,False,2026-03-11 17:14:23
a129d9,UPS5955,United States,38.6007,-94.722,9448.8,271.8,92.06,False,2026-03-11 17:14:23
a4b407,N40193,United States,26.8341,-81.6573,1325.88,63.49,85.35,False,2026-03-11 17:14:23
ab9b81,SCX343,United States,38.0679,-90.3157,11277.6,202.3,170.63,False,2026-03-11 17:14:23
a129dc,AAL2555,United States,34.3991,-80.2712,6438.9,188.83,344.68,False,2026-03-11 17:14:23
a27f07,ASA799,United States,42.4607,-121.2472,10972.8,172.45,284.87,False,2026-03-11 17:14:23
a72708,N560BE,United States,39.7494,-90.4966,12496.8,218.57,139.49,False,2026-03-11 17:14:23
a4ad37,GLF81,United States,31.3833,-79.4178,13068.3,240.84,13.09,False,2026-03-11 17:14:23
a04641,AAL3085,United States,36.7283,-97.5272,9761.22,211.28,262.3,False,2026-03-11 17:14:23
ad3e85,N9520Z,United States,40.9449,-73.2437,609.6,49.43,272.39,False,2026-03-11 17:14:23
a3a75e,N3342W,United States,34.1266,-81.8018,1043.94,75.36,104.23,False,2026-03-11 17:14:23
abeb57,SWA690,United States,27.4114,-82.1905,11277.6,248.97,152.43,False,2026-03-11 17:14:23
a72715,N560BT,United States,28.7507,-81.8467,10005.06,224.04,170.08,False,2026-03-11 17:14:23
c07f2e,WEN3345,Canada,52.5253,-115.849,7315.2,136.87,327.74,False,2026-03-11 17:14:23
a3f4bd,N354MA,United States,34.2005,-119.0888,152.4,44.78,88.03,False,2026-03-11 17:14:23
aacb7f,N795KF,United States,35.9538,-106.1642,12199.62,181.6,316.72,False,2026-03-11 17:14:23
a03f24,DAL2105,United States,47.5556,-117.4277,10972.8,161.93,274.01,False,2026-03-11 17:14:23
c08620,,Canada,51.2861,-113.6414,3832.86,103.49,2.28,False,2026-03-11 17:14:23
a05940,AAL2081,United States,32.2782,-109.7794,7924.8,221.97,283.81,False,2026-03-11 17:14:23
c07f39,WEN3564,Canada,52.1725,-106.6825,,6.17,194.06,True,2026-03-11 17:14:23
a57d52,ASA479,United States,47.7811,-122.4174,1691.64,100.4,79.67,False,2026-03-11 17:14:23
4077d4,VIR3N,United Kingdom,41.0499,-72.3201,5448.3,176.83,251.51,False,2026-03-11 17:14:23
ade2b5,NKS3111,United States,37.3146,-82.5303,11582.4,231.07,167.79,False,2026-03-11 17:14:23
aae59e,ASA550,United States,45.5902,-122.5963,,3.6,120.94,True,2026-03-11 17:14:23
c02fd8,ACA517,Canada,47.806,-126.7736,10972.8,196.25,206.3,False,2026-03-11 17:14:23
a69d23,N525ST,United States,40.8756,-111.9276,1158.24,35.5,180.0,False,2026-03-11 17:14:23
ae02d4,VADER24,United States,37.6598,-80.7219,7589.52,165.65,0.36,False,2026-03-11 17:14:23
a63aa5,N500HF,United States,34.4732,-107.3153,12504.42,275.92,94.06,False,2026-03-11 17:14:23
ac0b96,SWA378,United States,35.453,-114.2783,11582.4,210.17,248.46,False,2026-03-11 17:14:23
aba2ef,SCX605,United States,44.5747,-93.8669,5219.7,183.35,233.1,False,2026-03-11 17:14:23
a414fb,DAL414,United States,35.8596,-91.2527,10363.2,193.67,239.69,False,2026-03-11 17:14:23
a0a91e,UAL1343,United States,41.3081,-73.4885,5882.64,252.91,37.31,False,2026-03-11 17:14:23
c07f36,WEN3602,Canada,50.0402,-118.2176,7383.78,199.07,74.56,False,2026-03-11 17:14:23
ab9b9d,UAL272,United States,37.7217,-121.726,7002.78,221.51,61.11,False,2026-03-11 17:14:23
acbbda,N92AJ,United States,31.4382,-84.0139,11887.2,218.02,199.29,False,2026-03-11 17:14:23
a69d34,N525TK1,United States,32.443,-85.9628,10363.2,214.53,353.11,False,2026-03-11 17:14:23
ac259b,DAL886,United States,32.6402,-87.4181,9883.14,264.38,77.64,False,2026-03-11 17:14:23
ad4584,SWA2590,United States,33.4334,-112.0018,,0.9,345.94,True,2026-03-11 17:14:23
a3094d,AAY892,United States,40.6635,-75.4235,190.5,69.58,231.6,False,2026-03-11 17:14:23
a2e93c,AAY627,United States,38.5543,-86.7809,6995.16,227.6,17.9,False,2026-03-11 17:14:23
a2cf34,ENY3763,United States,40.6532,-91.7271,7315.2,186.95,238.85,False,2026-03-11 17:14:23
a6917b,N522MM,United States,33.9188,-80.3081,2095.5,86.13,94.11,False,2026-03-11 17:14:23
a66912,N512CC,United States,42.3639,-106.5261,12496.8,277.21,130.79,False,2026-03-11 17:14:23
a0a96c,UCA3281,United States,31.0533,-94.1304,6096.0,162.34,211.52,False,2026-03-11 17:14:23
a369e7,SKW4041,United States,45.0901,-122.4251,10363.2,200.11,349.93,False,2026-03-11 17:14:23
a21cb3,N235SR,United States,33.6527,-117.2733,1005.84,55.36,322.17,False,2026-03-11 17:14:23
add00f,N9898M,United States,26.5341,-80.0883,220.98,42.58,208.11,False,2026-03-11 17:14:23
ae63ea,GR02,United States,36.8821,-74.9836,0.0,262.99,91.68,False,2026-03-11 17:14:23
a8214d,BPX207,United States,29.4229,-81.193,655.32,38.08,1.55,False,2026-03-11 17:14:23
a33ca9,JBU759,United States,42.3672,-71.0153,,0.0,340.31,True,2026-03-11 17:14:23
a0f6bc,N161PT,United States,25.4918,-80.6425,495.3,54.57,272.16,False,2026-03-11 17:14:23
ac604a,N897KV,United States,32.4051,-97.108,419.1,66.73,25.58,False,2026-03-11 17:14:23
a75afd,EJA573,United States,40.3373,-78.0118,7620.0,236.74,120.13,False,2026-03-11 17:14:23
a9fdfc,N743DB,United States,43.0243,-88.0858,952.5,88.99,259.34,False,2026-03-11 17:14:23
a369d2,N319SB,United States,33.7735,-84.4117,449.58,58.65,90.0,False,2026-03-11 17:14:23
abf0dc,CXK219,United States,34.7346,-82.5826,1348.74,45.51,190.42,False,2026-03-11 17:14:23
a7c4ef,N60AJ,United States,35.5784,-97.4209,12192.0,202.63,248.71,False,2026-03-11 17:14:23
a8213b,N62287,United States,27.3225,-81.3502,1935.48,58.51,327.57,False,2026-03-11 17:14:23
aaf804,SCX3017,United States,36.9301,-96.3995,11277.6,254.36,79.39,False,2026-03-11 17:14:23
acd68a,EDV4992,United States,37.1181,-93.0704,1303.02,130.08,259.98,False,2026-03-11 17:14:23
a9a465,JRE720,United States,30.4017,-78.7074,13106.4,197.96,190.78,False,2026-03-11 17:14:23
ae63e6,SLATE11,United States,38.1935,-119.6803,3322.32,214.67,338.79,False,2026-03-11 17:14:23
a9ead4,N738XD,United States,34.0907,-117.2506,243.84,31.91,69.23,False,2026-03-11 17:14:23
ae50b4,SPUD22,United States,31.2459,-86.1469,998.22,62.97,287.1,False,2026-03-11 17:14:23
a66934,N512DM,United States,30.7667,-81.4436,8839.2,148.69,0.79,False,2026-03-11 17:14:23
ae50e1,R20289,United States,35.1913,-78.6826,289.56,60.42,218.43,False,2026-03-11 17:14:23
a7890e,LXJ585,United States,32.1268,-108.8461,12908.28,207.51,277.41,False,2026-03-11 17:14:23
c07f02,WJA553,Canada,51.1347,-114.0151,1097.28,0.0,180.0,True,2026-03-11 17:14:23
a27f2e,MXY120,United States,35.4798,-91.8791,10972.8,202.88,283.79,False,2026-03-11 17:14:23
c07f01,WJA1540,Canada,33.2455,-98.6807,10058.4,227.19,158.9,False,2026-03-11 17:14:23
a8e4e9,UAL71,United States,41.1671,-74.3028,1531.62,134.98,139.33,False,2026-03-11 17:14:23
a369be,ENY3385,United States,32.8938,-97.0477,,7.72,180.0,True,2026-03-11 17:14:23
a02c41,N110AP,United States,34.1071,-118.343,1082.04,70.32,228.26,False,2026-03-11 17:14:23
a2cf01,JTL280,United States,40.3975,-111.8978,3185.16,111.02,323.29,False,2026-03-11 17:14:23
a4fc00,DAL83,United States,40.9418,-75.45,11582.4,216.13,218.23,False,2026-03-11 17:14:23
c01188,FD21,Canada,36.8092,-111.9354,8282.94,203.49,354.92,False,2026-03-11 17:14:23
a03332,UCA4369,United States,29.8611,-94.2965,5836.92,204.76,90.58,False,2026-03-11 17:14:23
ae50bc,CAPE37,United States,31.2564,-85.8625,868.68,55.07,240.32,False,2026-03-11 17:14:23
a8348b,N628G,United States,37.2684,-88.9484,10668.0,259.26,356.47,False,2026-03-11 17:14:23
a81a81,FFT4731,United States,33.6572,-84.1706,1287.78,97.27,246.96,False,2026-03-11 17:14:23
ae63fa,GR01,United States,36.9014,-74.9862,4937.76,265.88,96.0,False,2026-03-11 17:14:23
a369af,EJA319,United States,34.3401,-110.8869,13106.4,193.53,268.17,False,2026-03-11 17:14:23
aaf828,AAL93,United States,47.7977,-64.5293,11582.4,227.2,214.95,False,2026-03-11 17:14:23
a249e4,N2469H,United States,29.0235,-82.8599,3284.22,74.0,131.34,False,2026-03-11 17:14:23
ae036f,PAT009,United States,38.7127,-77.1801,,2.57,225.0,True,2026-03-11 17:14:23
a03f84,RPA4680,United States,40.6503,-73.7709,,5.92,120.94,True,2026-03-11 17:14:23
a7278a,N560GK,United States,35.9672,-115.1365,,8.75,180.0,True,2026-03-11 17:14:23
a1b677,CMF948,United States,35.4276,-78.8122,601.98,58.66,111.61,False,2026-03-11 17:14:23
ab1842,ASA699,United States,36.9885,-119.8264,11887.2,231.23,170.27,False,2026-03-11 17:14:23
a7012b,MWT552,United States,41.2137,-95.6777,2057.4,142.44,228.07,False,2026-03-11 17:14:23
ab5eb2,SWA1189,United States,39.0952,-93.452,7018.02,237.93,100.34,False,2026-03-11 17:14:23
a1fcde,N227VA,United States,31.4654,-81.232,1851.66,113.01,190.49,False,2026-03-11 17:14:23
a2cf6a,EJA280,United States,35.4559,-79.3426,12496.8,258.81,37.89,False,2026-03-11 17:14:23
a02c8a,N110DM,United States,37.8429,-92.5171,9144.0,106.5,300.16,False,2026-03-11 17:14:23
a6e131,AAL2992,United States,28.409,-90.2893,9144.0,222.68,275.3,False,2026-03-11 17:14:23
a99ab8,NIT718,United States,32.3071,-83.1514,906.78,54.31,354.02,False,2026-03-11 17:14:23
add066,N99BC,United States,44.8451,-84.5626,13106.4,164.23,275.03,False,2026-03-11 17:14:23
a88df0,NKS2196,United States,38.3597,-77.0236,11277.6,241.59,37.21,False,2026-03-11 17:14:23
a75abe,N573ND,United States,34.2136,-119.0744,-7.62,44.25,270.67,False,2026-03-11 17:14:23
aaa8d9,N786WW,United States,33.5949,-112.2562,609.6,49.52,209.23,False,2026-03-11 17:14:23
ac1e22,N880DB,United States,32.7947,-97.1369,213.36,22.85,277.77,False,2026-03-11 17:14:23
a63afa,WWI50,United States,40.9202,-120.3043,12192.0,213.69,349.18,False,2026-03-11 17:14:23
a5c13e,N470BL,United States,30.4848,-87.1221,1744.98,52.17,282.53,False,2026-03-11 17:14:23
a7277d,LXJ560,United States,31.6949,-105.3368,13106.4,215.59,287.35,False,2026-03-11 17:14:23
a476ba,EJA387,United States,29.492,-81.1628,243.84,63.89,232.85,False,2026-03-11 17:14:23
ab1859,N814BH,United States,27.9615,-81.1951,1981.2,61.5,160.96,False,2026-03-11 17:14:23
a56a94,CXK351,United States,36.0911,-78.0853,967.74,47.31,226.76,False,2026-03-11 17:14:23
ac98ac,SWA3803,United States,34.7493,-100.3407,12192.0,221.18,331.83,False,2026-03-11 17:14:23
a26025,ENY4324,United States,41.4155,-95.7697,9753.6,197.55,269.7,False,2026-03-11 17:14:23
a1a32a,N204ZM,United States,37.4268,-122.2649,518.16,26.93,46.55,False,2026-03-11 17:14:23
a1b65a,BECT133,United States,37.5708,-97.46,4907.28,104.66,286.56,False,2026-03-11 17:14:23
a72790,N560GR,United States,38.7538,-90.9646,12496.8,243.1,5.95,False,2026-03-11 17:14:23
a9a426,GLF50,United States,35.3987,-83.1304,13266.42,257.94,154.35,False,2026-03-11 17:14:23
ab184d,AAL2928,United States,26.6151,-98.6345,5135.88,196.44,321.06,False,2026-03-11 17:14:23
a9b755,NKS1121,United States,28.6915,-90.7638,10965.18,217.59,329.92,False,2026-03-11 17:14:23
a356db,DAL1003,United States,38.8527,-77.0407,,1.29,225.0,True,2026-03-11 17:14:23
a7c4aa,N6XR,United States,28.7181,-82.2442,853.44,86.32,217.01,False,2026-03-11 17:14:23
a2733d,GPD257,United States,26.5137,-79.669,2286.0,137.31,287.89,False,2026-03-11 17:14:23
ab5ed8,SWA1150,United States,41.435,-88.4094,2171.7,153.05,51.55,False,2026-03-11 17:14:23
ac250b,SWA1600,United States,40.7496,-111.9619,1280.16,83.87,358.95,False,2026-03-11 17:14:23
a29991,LXJ267,United States,30.1844,-97.662,,0.06,357.19,True,2026-03-11 17:14:23
a33cac,N3077M,United States,41.7193,-72.302,586.74,50.67,74.69,False,2026-03-11 17:14:23
ad5837,AAL2746,United States,32.296,-99.5758,9692.64,221.68,86.27,False,2026-03-11 17:14:23
a9673c,N705BB,United States,36.5243,-104.7828,11582.4,212.5,245.54,False,2026-03-11 17:14:23
a57180,N45TV,United States,40.0017,-121.8381,716.28,63.84,182.31,False,2026-03-11 17:14:23
abaeb2,SWA3221,United States,34.5264,-84.6526,12192.0,214.22,347.8,False,2026-03-11 17:14:23
a6ed7f,UAL1496,United States,29.3132,-95.6078,6941.82,179.31,228.49,False,2026-03-11 17:14:23
aaf83c,AAL1156,United States,33.439,-112.0146,,5.66,84.38,True,2026-03-11 17:14:23
a04695,DAL2339,United States,25.8077,-80.3186,38.1,69.81,119.59,False,2026-03-11 17:14:23
a904e6,TRF688,United States,33.0583,-96.5168,922.02,45.1,214.78,False,2026-03-11 17:14:23
a6f482,UAL1833,United States,42.5485,-99.0828,10363.2,208.29,245.02,False,2026-03-11 17:14:23
aade42,N8MD,United States,42.071,-121.4787,9753.6,126.22,348.0,False,2026-03-11 17:14:23
a14010,HER18,United States,35.5331,-97.6953,12504.42,262.9,90.67,False,2026-03-11 17:14:23
abfe12,SKW4981,United States,35.4182,-110.1485,10668.0,228.09,45.46,False,2026-03-11 17:14:23
a27f85,N260FL,United States,39.9441,-74.2672,144.78,36.41,222.71,False,2026-03-11 17:14:23
a7fa2d,SKW164T,United States,43.7204,-121.8687,11277.6,229.45,176.14,False,2026-03-11 17:14:23
a4b49c,FFT2575,United States,39.8058,-112.7315,8534.4,201.39,208.2,False,2026-03-11 17:14:23
a0202f,N107RC,United States,33.7179,-82.7141,685.8,42.95,304.26,False,2026-03-11 17:14:23
a2cf45,BPX280,United States,30.6446,-81.5688,1912.62,45.28,201.32,False,2026-03-11 17:14:23
a2730d,N257RY,United States,29.6476,-96.9378,6705.6,172.54,182.73,False,2026-03-11 17:14:23
ad08d7,KOW939,United States,41.4544,-70.6109,14333.22,220.3,231.26,False,2026-03-11 17:14:23
a3095b,N295PJ,United States,38.9292,-90.2704,3383.28,100.69,201.58,False,2026-03-11 17:14:23
a68a95,SKW6282,United States,33.4333,-112.1228,1325.88,120.92,271.22,False,2026-03-11 17:14:23
ac384a,ERU887,United States,28.9379,-80.9612,998.22,48.38,134.57,False,2026-03-11 17:14:23
a2bc12,UAL645,United States,27.9749,-82.5389,,0.51,303.75,True,2026-03-11 17:14:23
abfe1c,DAL578,United States,29.2871,-83.3331,10972.8,226.0,191.82,False,2026-03-11 17:14:23
a9b72c,N725LU,United States,35.7268,-81.0055,891.54,45.12,298.61,False,2026-03-11 17:14:23
aacb16,ASI72,United States,33.2232,-112.0121,594.36,48.36,179.39,False,2026-03-11 17:14:23
abb5a5,ASH6154,United States,27.0985,-99.8146,9144.0,192.48,213.22,False,2026-03-11 17:14:23
ad08bd,SKW5921,United States,37.1115,-89.7395,9753.6,228.05,325.2,False,2026-03-11 17:14:23
a54926,N44KA,United States,30.9729,-84.6094,68.58,57.11,269.48,False,2026-03-11 17:14:23
ac1e2d,DAL812,United States,43.3607,-85.7282,9951.72,260.84,98.85,False,2026-03-11 17:14:23
a34fe6,SKW3740,United States,44.9345,-117.6572,6705.6,169.02,319.81,False,2026-03-11 17:14:23
a9a404,SKW6476,United States,41.9285,-88.6608,6499.86,141.22,262.25,False,2026-03-11 17:14:23
a46fad,UPS2785,United States,37.0609,-89.8228,10675.62,285.18,65.15,False,2026-03-11 17:14:23
a02c91,DAL2764,United States,44.4126,-84.5529,9448.8,261.67,99.28,False,2026-03-11 17:14:23
485f83,KLM601,Kingdom of the Netherlands,54.7914,-104.1763,11582.4,247.56,206.94,False,2026-03-11 17:14:23
a369ee,AAL636,United States,40.6943,-83.9597,11277.6,268.8,66.18,False,2026-03-11 17:14:23
a94105,PDT5883,United States,39.8205,-80.8125,9753.6,205.69,207.08,False,2026-03-11 17:14:23
abb5a1,ASH6260,United States,29.9933,-95.0258,929.64,99.81,269.41,False,2026-03-11 17:14:23
a76f66,UAL1022,United States,32.475,-98.1446,10972.8,246.87,324.16,False,2026-03-11 17:14:23
a69ccb,N525PE,United States,37.5266,-87.169,7559.04,194.07,156.9,False,2026-03-11 17:14:23
aa3f85,N76DL,United States,33.4276,-112.7025,487.68,47.43,3.73,False,2026-03-11 17:14:23
a69cd8,N525PT,United States,34.0898,-86.8929,4046.22,155.26,325.26,False,2026-03-11 17:14:23
a3dc75,EJA348,United States,43.6257,-122.2635,7924.8,223.46,21.19,False,2026-03-11 17:14:23
abaf3a,ERU852,United States,29.1967,-81.3073,800.1,51.45,180.57,False,2026-03-11 17:14:23
a95fbe,ASA684,United States,39.8754,-104.6849,1524.0,8.23,180.0,True,2026-03-11 17:14:23
a2b041,N272ZZ,United States,35.7763,-77.9138,541.02,55.07,188.05,False,2026-03-11 17:14:23
abaf47,FDX428,United States,34.8872,-102.8589,11277.6,255.95,82.26,False,2026-03-11 17:14:23
a87c12,FFT1973,United States,27.886,-85.5381,10363.2,222.77,277.83,False,2026-03-11 17:14:23
a88f41,N6501M,United States,37.7717,-122.0296,670.56,85.34,193.95,False,2026-03-11 17:14:23
a570b1,N45KN,United States,25.4374,-77.806,12192.0,207.75,284.48,False,2026-03-11 17:14:23
a0208b,N107UV,United States,40.1265,-111.9166,2697.48,44.67,241.07,False,2026-03-11 17:14:23
ab5f6a,SWA1433,United States,35.9732,-90.8871,11582.4,190.69,259.11,False,2026-03-11 17:14:23
a846c4,SKW4886,United States,35.62,-84.1739,10972.8,201.91,285.06,False,2026-03-11 17:14:23
c01d2d,FLE804,Canada,49.1648,-121.8949,5951.22,224.75,83.43,False,2026-03-11 17:14:23
a45ced,OST38,United States,36.1333,-96.7936,1036.32,69.66,110.31,False,2026-03-11 17:14:23
adb9c3,TCF612,United States,27.948,-80.5406,167.64,35.96,123.92,False,2026-03-11 17:14:23
ac2fea,SWA1707,United States,30.8601,-100.5037,10972.8,217.67,282.56,False,2026-03-11 17:14:23
ab03bc,N809EM,United States,35.2709,-97.6907,876.3,43.47,50.28,False,2026-03-11 17:14:23
a27380,SWA1448,United States,36.1763,-86.6422,426.72,68.35,197.07,False,2026-03-11 17:14:23
a3d039,DAL2648,United States,42.2811,-71.0456,449.58,84.13,19.65,False,2026-03-11 17:14:23
abfcb6,SWA3786,United States,36.0767,-115.1212,,5.4,180.0,True,2026-03-11 17:14:23
aadcbd,N79966,United States,28.1987,-80.5529,853.44,45.89,199.65,False,2026-03-11 17:14:23
aa5990,N766TW,United States,33.847,-83.7548,426.72,51.53,211.94,False,2026-03-11 17:14:23
aae3c4,N800VM,United States,25.1414,-80.8261,2560.32,63.63,173.97,False,2026-03-11 17:14:23
ab5f87,SWA185,United States,35.0465,-106.6095,,6.94,90.0,True,2026-03-11 17:14:23
ac7317,N901CB,United States,26.5953,-80.5508,2362.2,156.22,273.78,False,2026-03-11 17:14:23
ab4c4b,N827QS,United States,33.87,-117.8488,9311.64,254.85,150.23,False,2026-03-11 17:14:23
a76f87,UAL1734,United States,35.1032,-103.304,9753.6,220.18,269.87,False,2026-03-11 17:14:23
a2d681,N282ME,United States,44.5879,-93.1219,853.44,57.53,115.42,False,2026-03-11 17:14:23
a700a4,JIA5651,United States,31.2688,-90.1421,10347.96,252.98,108.99,False,2026-03-11 17:14:23
aae3c6,N800VP,United States,34.0582,-111.9535,2606.04,98.86,182.39,False,2026-03-11 17:14:23
ad3cab,N952G,United States,34.8286,-88.9484,4168.14,138.92,50.71,False,2026-03-11 17:14:23
a4fc6e,N420JG,United States,33.5239,-81.8584,13106.4,247.63,170.67,False,2026-03-11 17:14:23
ab400e,RVJ824,United States,47.5342,-122.303,,10.29,315.0,True,2026-03-11 17:14:23
aba30b,UAL755,United States,37.5022,-122.3038,2804.16,132.75,153.53,False,2026-03-11 17:14:23
a69cf0,EJA525,United States,32.9188,-98.3381,9982.2,206.92,285.28,False,2026-03-11 17:14:23
aa4645,N761LM,United States,33.9963,-78.5948,3924.3,85.58,30.73,False,2026-03-11 17:14:23
c06aab,TSC481,Canada,45.6182,-75.1663,9745.98,182.6,254.48,False,2026-03-11 17:14:23
a8df15,N6707R,United States,35.1653,-106.7789,1821.18,47.33,180.0,False,2026-03-11 17:14:23
a2869c,MXY658,United States,36.3993,-114.2228,4556.76,165.05,232.34,False,2026-03-11 17:14:23
a690a8,DAL2031,United States,32.3161,-86.0273,9753.6,222.63,314.63,False,2026-03-11 17:14:23
a82cbb,N626CB,United States,33.1297,-84.4725,1333.5,57.23,324.88,False,2026-03-11 17:14:23
ab4024,N824EJ,United States,46.9057,-96.8165,220.98,38.58,0.0,False,2026-03-11 17:14:23
a14057,N18WR,United States,33.3477,-111.7702,822.96,54.69,11.94,False,2026-03-11 17:14:23
a846e9,SCJ63,United States,28.8132,-81.6167,5798.82,154.2,355.98,False,2026-03-11 17:14:23
a0339f,UCA4988,United States,29.9457,-95.388,891.54,129.79,318.86,False,2026-03-11 17:14:23
a210c5,RPA5815,United States,42.3573,-71.0041,-30.48,59.27,76.45,False,2026-03-11 17:14:23
a356fa,N314PH,United States,40.5798,-74.6228,769.62,63.09,144.63,False,2026-03-11 17:14:23
c06aa4,JZA572,Canada,48.5565,-122.8826,5814.06,193.77,160.94,False,2026-03-11 17:14:23
ad56bd,N959GS,United States,33.7664,-87.1697,1996.44,57.62,270.0,False,2026-03-11 17:14:23
abc992,N859JC,United States,37.8654,-82.0454,11353.8,219.15,86.1,False,2026-03-11 17:14:23
a1fcf9,N227WC,United States,33.6035,-118.0822,822.96,56.67,266.88,False,2026-03-11 17:14:23
ab4c76,EDV5421,United States,43.051,-76.3531,990.6,110.81,356.54,False,2026-03-11 17:14:23
adef1e,N99709,United States,40.955,-73.2982,579.12,70.42,49.44,False,2026-03-11 17:14:23
ad9f57,N977TH,United States,41.6797,-73.9365,784.86,44.78,181.97,False,2026-03-11 17:14:23
ac8668,,United States,30.2362,-81.9008,274.32,42.19,90.7,False,2026-03-11 17:14:23
a38c66,DAL2582,United States,36.9358,-114.2982,11132.82,236.34,32.38,False,2026-03-11 17:14:23
ace965,PDT5962,United States,34.7249,-82.1771,6652.26,179.22,235.76,False,2026-03-11 17:14:23
a38c64,ENY3601,United States,38.5183,-86.5592,3985.26,171.7,151.75,False,2026-03-11 17:14:23
a76f6c,UAL1768,United States,37.6882,-120.2206,9349.74,203.28,274.35,False,2026-03-11 17:14:23
ad4fdf,N957NL,United States,39.4118,-84.3991,1569.72,153.98,16.5,False,2026-03-11 17:14:23
a38c60,DAL2899,United States,33.638,-84.4339,,5.92,0.0,True,2026-03-11 17:14:23
c00a0d,ACA574,Canada,49.1852,-123.1616,213.36,72.49,96.52,False,2026-03-11 17:14:23
c00a0b,ACA258,Canada,43.6801,-79.6131,,0.0,30.94,True,2026-03-11 17:14:23
a38019,JBU1855,United States,42.33,-70.7199,2552.7,130.69,181.13,False,2026-03-11 17:14:23
a3d066,N345FH,United States,40.8207,-73.4149,312.42,36.14,175.1,False,2026-03-11 17:14:23
a15397,DAL1556,United States,33.5774,-122.0853,10668.0,220.91,257.36,False,2026-03-11 17:14:23
a4031b,CXK406,United States,35.3987,-80.7067,220.98,34.61,191.14,False,2026-03-11 17:14:23
a88f59,N6502A,United States,36.8402,-77.3367,2103.12,100.71,19.08,False,2026-03-11 17:14:23
acbc45,N92ER,United States,40.4075,-80.8613,12496.8,212.11,150.82,False,2026-03-11 17:14:23
acc31a,AAL316,United States,30.9885,-98.2174,7620.0,280.28,9.08,False,2026-03-11 17:14:23
a178be,N194TP,United States,31.2072,-85.2569,1920.24,97.57,27.65,False,2026-03-11 17:14:23
a9eafb,N738YT,United States,39.9185,-74.7869,335.28,49.99,336.34,False,2026-03-11 17:14:23
a38082,JBU1971,United States,27.4923,-83.0217,10972.8,220.05,281.6,False,2026-03-11 17:14:23
ab402b,ERU824,United States,29.0398,-81.3169,281.94,47.67,198.24,False,2026-03-11 17:14:23
aa9fbb,ENY3712,United States,41.773,-88.1321,2186.94,150.47,41.81,False,2026-03-11 17:14:23
c2b2f1,GRZL0014,Canada,49.777,-96.5955,1805.94,107.77,263.15,False,2026-03-11 17:14:23
a58fe9,AWI2401,United States,42.9628,-89.2446,8161.02,153.39,271.92,False,2026-03-11 17:14:23
ad9f7f,AAL2496,United States,32.9332,-97.0508,655.32,97.79,358.19,False,2026-03-11 17:14:23
a4c6d0,N407BW,United States,41.4749,-71.2207,929.64,33.36,243.43,False,2026-03-11 17:14:23
ace96c,AAL2320,United States,33.4383,-112.0017,,0.0,191.25,True,2026-03-11 17:14:23
0d103d,,Mexico,37.5251,-108.3521,12489.18,234.7,167.85,False,2026-03-11 17:14:23
ace96a,ASA34,United States,45.8278,-96.9684,10668.0,265.51,103.9,False,2026-03-11 17:14:23
a4acae,AAL2720,United States,37.1561,-106.5714,10355.58,213.61,252.05,False,2026-03-11 17:14:23
a08e3c,EDV5243,United States,34.7808,-89.0552,9753.6,208.41,294.03,False,2026-03-11 17:14:23
a69ca2,N525MP,United States,27.1131,-82.8735,12092.94,179.08,344.85,False,2026-03-11 17:14:23
ad3cde,N952JA,United States,33.6626,-118.167,822.96,51.57,251.38,False,2026-03-11 17:14:23
a09533,AAL1439,United States,33.6162,-113.873,7924.8,233.45,288.63,False,2026-03-11 17:14:23
a64305,SKW6271,United States,33.431,-111.9942,,6.94,270.0,True,2026-03-11 17:14:23
ac10af,DAL2980,United States,43.1707,-120.9206,10972.8,199.17,335.75,False,2026-03-11 17:14:23
a3dc47,DAL2392,United States,43.135,-90.3936,10668.0,229.27,136.64,False,2026-03-11 17:14:23
a606c5,ERU488,United States,29.1872,-81.0989,320.04,45.79,295.99,False,2026-03-11 17:14:23
ab5383,AAL2708,United States,30.1814,-97.6594,,0.0,180.0,True,2026-03-11 17:14:23
a2b05b,UCA4276,United States,29.911,-95.2718,944.88,123.81,128.25,False,2026-03-11 17:14:23
a88f1b,N6500J,United States,33.2535,-84.1013,1173.48,33.54,265.6,False,2026-03-11 17:14:23
a7bf22,DAL807,United States,42.1066,-76.0122,9144.0,216.91,298.94,False,2026-03-11 17:14:23
a39398,N33BJ,United States,34.3149,-83.6445,6705.6,131.47,340.57,False,2026-03-11 17:14:23
a38c9b,LXJ328,United States,32.7928,-78.1441,12489.18,229.2,7.22,False,2026-03-11 17:14:23
a2bc9e,UAL1862,United States,37.5294,-86.3957,10058.4,232.34,155.82,False,2026-03-11 17:14:23
a4c6e9,OPT407,United States,39.2091,-84.3624,815.34,53.59,201.39,False,2026-03-11 17:14:23
a5e6c3,N48FF,United States,40.4412,-104.799,2796.54,63.95,98.33,False,2026-03-11 17:14:23
a6ffc3,DAL683,United States,36.7024,-95.6373,10363.2,202.88,272.47,False,2026-03-11 17:14:23
acc350,EJA921,United States,32.4445,-78.3207,13106.4,211.57,195.66,False,2026-03-11 17:14:23
ac23ef,SWA770,United States,41.219,-88.6107,2781.3,163.58,26.32,False,2026-03-11 17:14:23
a4acc4,N400BK,United States,37.8587,-96.88,4480.56,117.64,65.45,False,2026-03-11 17:14:23
a09507,N13683,United States,31.9369,-102.8059,1981.2,56.54,105.3,False,2026-03-11 17:14:23
a463fa,N382NX,United States,45.0713,-101.4398,6096.0,117.3,260.66,False,2026-03-11 17:14:23
a5e6aa,N48EF,United States,34.2606,-118.4127,,0.0,227.81,True,2026-03-11 17:14:23
a4fc32,LXJ420,United States,42.3016,-88.7012,13716.0,263.68,84.29,False,2026-03-11 17:14:23
a9a474,N720KG,United States,35.5257,-93.5529,11376.66,189.61,290.16,False,2026-03-11 17:14:23
ad56fd,N959KF,United States,36.5441,-89.6381,12153.9,256.86,141.18,False,2026-03-11 17:14:23
a178ae,SKW3377,United States,35.7035,-119.6768,10363.2,165.51,326.41,False,2026-03-11 17:14:23
a5dfda,N478LP,United States,33.5398,-112.2877,274.32,33.13,205.77,False,2026-03-11 17:14:23
a3ef90,N3527H,United States,30.5803,-81.1113,2682.24,68.97,1.71,False,2026-03-11 17:14:23
abf0ba,ERU869,United States,28.9998,-81.3452,541.02,55.65,70.56,False,2026-03-11 17:14:23
0d1078,VOI3080,Mexico,26.6915,-100.4965,9448.8,254.35,109.86,False,2026-03-11 17:14:23
acd675,SWA2334,United States,28.1778,-82.0426,3291.84,167.63,172.42,False,2026-03-11 17:14:23
abb68c,DAL2262,United States,40.0839,-107.1286,10363.2,199.59,238.28,False,2026-03-11 17:14:23
a0950a,N13686,United States,43.4198,-116.5475,2034.54,44.97,125.69,False,2026-03-11 17:14:23
a3dc5a,EDV5165,United States,39.5912,-74.3561,5181.6,204.26,59.75,False,2026-03-11 17:14:23
a4c819,N407R,United States,35.5453,-78.4451,137.16,70.03,111.1,False,2026-03-11 17:14:23
ada795,N9791F,United States,34.689,-86.6872,198.12,30.7,171.33,False,2026-03-11 17:14:23
ae5d84,SPUD20,United States,32.067,-86.0597,1242.06,78.04,24.54,False,2026-03-11 17:14:23
a32b04,FFT3735,United States,30.0257,-81.3671,10668.0,216.36,357.0,False,2026-03-11 17:14:23
a8d365,QXE2315,United States,34.6776,-118.1768,6316.98,210.35,128.05,False,2026-03-11 17:14:23
a152b1,N18459,United States,35.0104,-118.677,2506.98,81.85,342.82,False,2026-03-11 17:14:23
aa58a6,ENY3918,United States,35.5945,-82.8115,7033.26,185.66,289.59,False,2026-03-11 17:14:23
abfd8c,SWA159,United States,33.0499,-111.3634,11887.2,246.49,101.8,False,2026-03-11 17:14:23
a690fb,GJS4172,United States,39.3085,-76.5423,3307.08,143.11,213.86,False,2026-03-11 17:14:23
ae5d7c,R20882,United States,32.3015,-80.9231,876.3,75.88,10.55,False,2026-03-11 17:14:23
ad3d92,N952RF,United States,30.2729,-85.9207,1798.32,61.01,255.85,False,2026-03-11 17:14:23
a08e82,RPA4354,United States,40.4374,-75.6132,8534.4,202.66,238.81,False,2026-03-11 17:14:23
ade1b3,N994CB,United States,34.9807,-118.6828,2926.08,66.23,342.83,False,2026-03-11 17:14:23
a7506a,SWA722,United States,30.7773,-107.8418,11582.4,237.82,192.11,False,2026-03-11 17:14:23
a35854,JBU1954,United States,40.8183,-73.5086,8229.6,251.9,52.22,False,2026-03-11 17:14:23
a0f869,UCA4821,United States,33.0369,-100.7794,10972.8,204.52,340.61,False,2026-03-11 17:14:23
a9903a,SKW4819,United States,37.3515,-110.7044,9829.8,197.8,285.23,False,2026-03-11 17:14:23
a0822c,UCA4930,United States,38.9687,-77.5256,769.62,107.7,316.16,False,2026-03-11 17:14:23
a27ebd,N26XM,United States,36.2128,-115.1932,,7.72,87.19,True,2026-03-11 17:14:23
c06b6a,WJA2698,Canada,44.4404,-98.489,10668.0,257.45,149.23,False,2026-03-11 17:14:23
ad447d,N954L,United States,38.9698,-77.4531,,0.06,56.25,True,2026-03-11 17:14:23
a02bf9,N11XT,United States,28.2119,-82.8454,822.96,75.99,19.78,False,2026-03-11 17:14:23
a27ed8,N26YP,United States,40.5006,-106.9228,7315.2,137.14,7.98,False,2026-03-11 17:14:23
a0f86b,UCA4822,United States,32.9315,-87.6458,6758.94,171.29,231.34,False,2026-03-11 17:14:23
ab5f00,SWA2147,United States,43.1495,-87.1256,3878.58,157.49,268.32,False,2026-03-11 17:14:23
a9067b,UAL3922,United States,41.4696,-93.3186,10668.0,277.31,82.97,False,2026-03-11 17:14:23
a35843,UAL1246,United States,32.1064,-107.7662,9456.42,258.74,102.52,False,2026-03-11 17:14:23
a9f31d,MTN8311,United States,40.6444,-74.5818,1531.62,98.32,14.55,False,2026-03-11 17:14:23
a1c8bd,EJM67,United States,37.7086,-97.1084,11887.2,247.09,95.62,False,2026-03-11 17:14:23
a5ce02,UAL489,United States,33.8805,-115.6349,10050.78,234.43,47.13,False,2026-03-11 17:14:23
a23844,RPA5672,United States,42.3545,-71.0138,,0.0,19.69,True,2026-03-11 17:14:23
a058fa,N121SA,United States,36.391,-113.6161,12496.8,268.07,68.85,False,2026-03-11 17:14:23
aaa929,SWA3846,United States,35.2578,-115.624,11033.76,220.96,237.94,False,2026-03-11 17:14:23
a0de31,EJA155,United States,47.5328,-122.3004,,0.0,357.19,True,2026-03-11 17:14:23
ae01f4,RENO71,United States,36.0972,-97.7728,2682.24,126.45,190.08,False,2026-03-11 17:14:23
ae01f5,SWOOP91,United States,29.3213,-100.4694,3886.2,128.19,18.73,False,2026-03-11 17:14:23
a33e08,ENY3834,United States,37.8681,-81.5396,9357.36,246.46,115.33,False,2026-03-11 17:14:23
a72809,N560MM,United States,32.2549,-95.0672,12496.8,205.03,123.85,False,2026-03-11 17:14:23
a8c028,JBU251,United States,36.2698,-79.7743,10957.56,214.23,216.21,False,2026-03-11 17:14:23
ae4a60,CNV4140,United States,43.7372,-70.1656,4998.72,166.66,226.5,False,2026-03-11 17:14:23
a953f7,N70U,United States,34.074,-117.8179,990.6,73.14,177.18,False,2026-03-11 17:14:23
a2b093,N2722L,United States,33.4998,-96.9655,746.76,39.53,235.07,False,2026-03-11 17:14:23
a09552,N137BG,United States,44.453,-93.2363,6705.6,187.91,342.31,False,2026-03-11 17:14:23
ae6475,KING43,United States,25.205,-81.3308,5501.64,129.97,355.91,False,2026-03-11 17:14:23
0d1030,AMX649,Mexico,30.281,-112.5218,11277.6,238.62,128.7,False,2026-03-11 17:14:23
aa80e4,SCA77,United States,33.8544,-112.212,1432.56,43.71,296.57,False,2026-03-11 17:14:23
a10547,N165LM,United States,35.4538,-82.3753,3314.7,86.76,159.52,False,2026-03-11 17:14:23
a52ed0,N433FR,United States,34.0109,-116.6675,2103.12,50.41,255.82,False,2026-03-11 17:14:23
a7ac8f,DAL2023,United States,40.7849,-111.9905,,0.51,354.38,True,2026-03-11 17:14:23
a4c849,SKW3304,United States,33.9372,-118.4156,,8.75,84.38,True,2026-03-11 17:14:23
a69e14,N5251Z,United States,33.2369,-84.5902,1638.3,30.51,185.81,False,2026-03-11 17:14:23
a0a8df,UAL1506,United States,39.8443,-105.9096,8854.44,186.91,263.52,False,2026-03-11 17:14:23
a9ff6d,,United States,40.7072,-112.2573,1729.74,57.98,26.34,False,2026-03-11 17:14:23
a8d327,NKS145,United States,25.4615,-77.9973,8214.36,255.66,105.88,False,2026-03-11 17:14:23
ab5f1b,SWA645,United States,31.3833,-88.3029,11277.6,265.82,71.85,False,2026-03-11 17:14:23
a0cb68,AAL1158,United States,39.2307,-94.6227,10363.2,214.22,305.03,False,2026-03-11 17:14:23
ad0919,SWA695,United States,35.8872,-113.3669,11582.4,204.07,248.87,False,2026-03-11 17:14:23
a690bf,DAL189,United States,38.2383,-89.6427,10363.2,248.38,323.68,False,2026-03-11 17:14:23
a0de99,AAL1662,United States,35.8197,-85.1087,9745.98,207.62,284.35,False,2026-03-11 17:14:23
a4fc8c,N420KM,United States,34.2187,-118.4895,,0.0,340.31,True,2026-03-11 17:14:23
a4a0cf,LYM621,United States,40.6881,-99.4228,9144.0,148.87,302.15,False,2026-03-11 17:14:23
a7ac54,ASA375,United States,47.6829,-122.3159,1402.08,85.4,180.35,False,2026-03-11 17:14:23
846def,NCA134,Japan,54.6399,-117.6187,10668.0,277.42,112.0,False,2026-03-11 17:14:23
a2bbc6,UAL1679,United States,37.1316,-121.9208,6652.26,215.73,129.19,False,2026-03-11 17:14:23
a2cef7,N280LB,United States,32.7936,-97.1372,213.36,26.85,286.7,False,2026-03-11 17:14:23
c022d0,CFNET,Canada,49.4269,-124.2289,259.08,58.41,70.45,False,2026-03-11 17:14:23
ac2fa4,SWA274,United States,36.3517,-111.3291,11582.4,214.45,236.35,False,2026-03-11 17:14:23
ae2909,C6025,United States,27.9122,-82.6778,-22.86,27.68,221.99,False,2026-03-11 17:14:23
a9f302,SKW6202,United States,33.425,-112.0697,784.86,103.31,251.11,False,2026-03-11 17:14:23
a82ce0,N626DP,United States,37.6736,-120.7126,944.88,86.78,144.9,False,2026-03-11 17:14:23
a570ec,EJM217,United States,48.068,-95.4415,13106.4,213.74,265.17,False,2026-03-11 17:14:23
a2bbac,UAL1050,United States,26.6519,-84.2579,10972.8,230.8,216.21,False,2026-03-11 17:14:23
a07b8f,DAL454,United States,40.3944,-73.5827,1219.2,158.65,28.89,False,2026-03-11 17:14:23
ac36a9,SWA1265,United States,26.248,-80.6459,6408.42,192.59,336.38,False,2026-03-11 17:14:23
abb601,SWA2908,United States,35.7856,-104.251,10972.8,211.44,260.19,False,2026-03-11 17:14:23
ab4c15,AAL3108,United States,28.261,-87.0146,11277.6,250.77,120.04,False,2026-03-11 17:14:23
a272bf,AAY364,United States,32.8663,-83.127,10706.1,230.03,348.39,False,2026-03-11 17:14:23
a9ff4d,N743SP,United States,43.7069,-116.9248,1524.0,47.29,292.38,False,2026-03-11 17:14:23
a6a66f,N5278R,United States,25.6827,-80.2972,182.88,46.28,65.71,False,2026-03-11 17:14:23
ab5f43,SWA2255,United States,40.7728,-73.8677,,0.0,348.75,True,2026-03-11 17:14:23
ac9936,N9101R,United States,41.3765,-73.9055,1112.52,24.4,161.57,False,2026-03-11 17:14:23
a700ac,DAL2090,United States,42.6181,-92.709,9745.98,237.92,334.38,False,2026-03-11 17:14:23
a33222,ENY4306,United States,33.4369,-112.0047,,3.09,0.0,True,2026-03-11 17:14:23
abaf1e,DAL1506,United States,28.3272,-82.5861,4472.94,194.18,7.77,False,2026-03-11 17:14:23
abc949,CFS8744,United States,47.2712,-118.2601,2354.58,73.48,236.42,False,2026-03-11 17:14:23
a9c9cf,N73MK,United States,38.5371,-75.4042,2590.8,87.43,207.32,False,2026-03-11 17:14:23
a1eb32,N2223B,United States,41.0056,-112.3474,2103.12,53.57,258.37,False,2026-03-11 17:14:23
a700da,EJA550,United States,32.6789,-93.5624,13106.4,194.63,300.5,False,2026-03-11 17:14:23
a0e54a,SIY157,United States,27.6957,-84.1563,11437.62,209.75,281.17,False,2026-03-11 17:14:23
a9ff1e,EJA743,United States,47.8928,-113.3458,12504.42,278.07,105.45,False,2026-03-11 17:14:23
ab03a4,DAL754,United States,40.5785,-93.9891,9448.8,269.62,77.66,False,2026-03-11 17:14:23
ac2fc3,SWA1941,United States,36.7538,-87.3931,11887.2,268.3,110.66,False,2026-03-11 17:14:23
a428e2,N36711,United States,40.1024,-112.0887,2103.12,44.45,143.0,False,2026-03-11 17:14:23
a91986,PDT5786,United States,34.6577,-82.2943,7048.5,182.21,235.82,False,2026-03-11 17:14:23
a9ff49,SKW5719,United States,35.8667,-121.6209,8839.2,251.5,127.85,False,2026-03-11 17:14:23
ab4c1d,DAL1070,United States,34.6087,-110.1229,10424.16,229.31,245.62,False,2026-03-11 17:14:23
a09590,DAL880,United States,40.7856,-111.9794,,0.06,354.38,True,2026-03-11 17:14:23
aa466f,SKW6422,United States,33.9402,-118.3859,,7.46,87.19,True,2026-03-11 17:14:23
aa4682,GRYDR76,United States,41.5428,-73.9038,929.64,55.86,229.86,False,2026-03-11 17:14:23
a45e1c,N3803S,United States,43.3856,-116.0316,1493.52,54.15,141.17,False,2026-03-11 17:14:23
c07243,CGRHA,Canada,51.5431,-112.7412,1249.68,42.58,11.85,False,2026-03-11 17:14:23
a1aee9,N2074A,United States,33.5074,-117.0581,838.2,54.03,193.77,False,2026-03-11 17:14:23
a1057a,AAL3035,United States,32.9187,-97.0327,,7.2,180.0,True,2026-03-11 17:14:23
ab663f,ASH4069,United States,37.5009,-104.3232,9067.8,212.6,297.37,False,2026-03-11 17:14:23
ae290a,C6026,United States,33.1945,-117.4009,-76.2,16.37,313.73,False,2026-03-11 17:14:23
a59816,,United States,37.6927,-85.9732,944.88,145.3,97.53,False,2026-03-11 17:14:23
a9ff2d,N743RG,United States,27.5782,-99.4759,350.52,46.66,345.96,False,2026-03-11 17:14:23
ad9f15,EJA977,United States,41.4366,-76.2695,8427.72,250.84,110.4,False,2026-03-11 17:14:23
c06b66,CGORL,Canada,51.1056,-114.2883,1539.24,21.09,257.32,False,2026-03-11 17:14:23
a34535,N31HP,United States,38.6197,-82.5967,9448.8,220.07,140.69,False,2026-03-11 17:14:23
a2254e,N2373M,United States,40.3592,-75.0962,350.52,39.67,223.42,False,2026-03-11 17:14:23
a6e0c9,EJA542,United States,26.6848,-80.1454,160.02,55.13,93.21,False,2026-03-11 17:14:23
ac7f41,AAL1684,United States,40.3164,-106.3892,10972.8,177.47,258.46,False,2026-03-11 17:14:23
c06b60,PNO733,Canada,45.9307,-66.0213,6705.6,111.15,297.87,False,2026-03-11 17:14:23
ae2919,C6042,United States,27.9976,-82.8624,15.24,43.24,145.18,False,2026-03-11 17:14:23
a8deb4,DAL1910,United States,31.0715,-83.4356,10058.4,250.53,161.94,False,2026-03-11 17:14:23
a0cb9e,EJA150,United States,35.4278,-77.1525,12192.0,242.03,206.51,False,2026-03-11 17:14:23
c05a0a,AKT1735,Canada,53.3639,-113.5321,1356.36,102.52,31.46,False,2026-03-11 17:14:23
c024c5,ANT509,Canada,49.1951,-123.1872,,7.46,188.44,True,2026-03-11 17:14:23
a402dd,DAL1938,United States,31.1457,-82.2517,10363.2,250.99,141.16,False,2026-03-11 17:14:23
ac6cd2,FLC90,United States,43.2209,-105.7112,10363.2,187.39,309.77,False,2026-03-11 17:14:23
ad93a6,N974MT,United States,40.7508,-106.0258,13106.4,199.05,311.23,False,2026-03-11 17:14:23
a4fbd9,N420CH,United States,45.5431,-122.9562,,0.06,180.0,True,2026-03-11 17:14:23
a5bb1e,VAR469,United States,33.3768,-112.6998,533.4,59.7,268.52,False,2026-03-11 17:14:23
ac1325,N8773N,United States,41.5184,-72.8338,99.06,37.75,162.55,False,2026-03-11 17:14:23
ac1327,SWA727,United States,33.711,-115.0443,10363.2,221.19,275.47,False,2026-03-11 17:14:23
abec26,SWA4332,United States,29.1097,-82.4589,10988.04,218.57,339.9,False,2026-03-11 17:14:23
a8484b,BYF31,United States,37.5139,-122.2528,,0.0,345.94,True,2026-03-11 17:14:23
aaf996,EJA806,United States,41.4971,-91.8813,13106.4,207.14,256.79,False,2026-03-11 17:14:23
aa7c64,JBU1527,United States,38.6214,-75.4958,10363.2,236.96,186.11,False,2026-03-11 17:14:23
a72886,N560SM,United States,35.2049,-118.8261,11277.6,220.12,149.06,False,2026-03-11 17:14:23
accfbb,KII1914,United States,36.3582,-116.0985,11772.9,204.06,310.19,False,2026-03-11 17:14:23
aa33d4,N7568S,United States,45.7083,-108.644,1310.64,52.51,228.97,False,2026-03-11 17:14:23
aa8346,CTL102,United States,33.6506,-84.4223,,4.12,45.0,True,2026-03-11 17:14:23
ab53e4,EDV5125,United States,37.6149,-76.8541,10668.0,215.86,27.85,False,2026-03-11 17:14:23
a82e2e,SKW5699,United States,40.5679,-110.9741,6957.06,226.34,110.91,False,2026-03-11 17:14:23
c06d48,JZA182,Canada,50.7687,-113.4939,10668.0,272.28,69.89,False,2026-03-11 17:14:23
a8f8e4,N6776A,United States,41.7424,-104.1262,4145.28,65.63,5.4,False,2026-03-11 17:14:23
c01dcb,FLE2664,Canada,27.9366,-100.929,11582.4,214.65,206.32,False,2026-03-11 17:14:23
a5724a,N450BW,United States,33.0587,-98.954,12192.0,239.2,284.57,False,2026-03-11 17:14:23
a44b56,DAL1408,United States,30.2493,-91.2704,9745.98,208.91,244.0,False,2026-03-11 17:14:23
a5c222,N470LP,United States,33.4121,-112.3096,982.98,46.07,186.41,False,2026-03-11 17:14:23
ab9024,EJA844,United States,39.5196,-84.7524,12496.8,271.96,115.79,False,2026-03-11 17:14:23
a5d570,UAL1363,United States,42.4451,-88.6983,3390.9,195.06,108.77,False,2026-03-11 17:14:23
acc3b4,AAL1315,United States,39.1054,-75.6742,3512.82,203.63,5.51,False,2026-03-11 17:14:23
ac0c64,SWA1928,United States,34.3437,-118.6225,12192.0,216.73,332.89,False,2026-03-11 17:14:23
a642cd,EJA502,United States,39.4602,-116.0226,12496.8,236.94,39.18,False,2026-03-11 17:14:23
ab53f1,SCX214,United States,27.9863,-82.5395,,6.17,0.0,True,2026-03-11 17:14:23
c011b6,CJT302,Canada,48.9327,-89.8851,11887.2,260.44,116.77,False,2026-03-11 17:14:23
a45233,ASA933,United States,33.7721,-120.2527,8839.2,222.26,262.15,False,2026-03-11 17:14:23
c00abd,CRN611,Canada,48.7533,-123.6451,1158.24,105.01,196.22,False,2026-03-11 17:14:23
a3323d,DAL2745,United States,36.1679,-86.7032,10050.78,232.88,154.62,False,2026-03-11 17:14:23
c0611f,ACA956,Canada,28.0841,-81.1957,12496.8,238.7,354.68,False,2026-03-11 17:14:23
a21262,N23203,United States,33.0797,-97.6812,624.84,55.37,48.01,False,2026-03-11 17:14:23
acd6dd,N9260S,United States,30.0113,-98.921,1463.04,46.66,14.04,False,2026-03-11 17:14:23
ad598e,N9598H,United States,40.0681,-111.7881,2194.56,36.82,15.4,False,2026-03-11 17:14:23
a9e075,N7353X,United States,25.9908,-80.4258,533.4,49.24,297.37,False,2026-03-11 17:14:23
a5c236,N470MJ,United States,34.5896,-82.1693,1280.16,60.56,241.04,False,2026-03-11 17:14:23
ac73d5,N901KS,United States,27.9896,-81.9708,220.98,45.86,266.78,False,2026-03-11 17:14:23
ac134a,SWA3112,United States,36.1551,-111.4312,11277.6,260.9,104.5,False,2026-03-11 17:14:23
ac267c,AAL1415,United States,34.8017,-101.8362,9144.0,209.56,301.86,False,2026-03-11 17:14:23
42450d,BMA602,United Kingdom,42.7461,-76.8912,10165.08,251.09,113.68,False,2026-03-11 17:14:23
a1a2e0,SWA1585,United States,37.7251,-88.8419,10652.76,183.56,232.74,False,2026-03-11 17:14:23
a82213,IFG623,United States,27.518,-80.3993,220.98,44.39,274.65,False,2026-03-11 17:14:23
a33e85,AAL3212,United States,32.1566,-109.1754,8534.4,206.93,280.89,False,2026-03-11 17:14:23
ae5f3a,,United States,33.4751,-82.4783,7330.44,188.79,228.54,False,2026-03-11 17:14:23
aa46cb,ENY3596,United States,25.1309,-81.6813,3688.08,156.11,202.68,False,2026-03-11 17:14:23
a642e3,N502RP,United States,39.0063,-97.6903,12489.18,282.02,88.43,False,2026-03-11 17:14:23
abff87,UAL562,United States,37.6194,-122.382,,4.37,42.19,True,2026-03-11 17:14:23
ab40ce,RPA5694,United States,40.4418,-79.7043,2567.94,113.8,284.66,False,2026-03-11 17:14:23
a33243,DAL483,United States,36.5294,-90.9292,6705.6,181.92,266.6,False,2026-03-11 17:14:23
aa8315,AAL997P,United States,32.8965,-97.0465,,0.77,151.88,True,2026-03-11 17:14:23
ad8cec,AAL3227,United States,32.1568,-101.3692,10050.78,229.64,84.09,False,2026-03-11 17:14:23
abf351,SWA3947,United States,32.9156,-112.9765,11277.6,244.93,80.81,False,2026-03-11 17:14:23
ad2c4f,EJA948,United States,40.8,-74.6942,4884.42,172.24,248.26,False,2026-03-11 17:14:23
abe00f,SWA807,United States,36.2117,-79.6835,11887.2,254.89,55.03,False,2026-03-11 17:14:23
a9ec8e,N739AV,United States,27.1484,-80.5233,541.02,50.92,288.25,False,2026-03-11 17:14:23
ac136d,SWA744,United States,42.2267,-91.8868,9753.6,205.47,287.94,False,2026-03-11 17:14:23
ab40f0,AAL2819,United States,43.1151,-82.8903,8534.4,204.4,256.91,False,2026-03-11 17:14:23
ac0048,SWA3688,United States,30.6432,-92.1819,11887.2,270.53,58.21,False,2026-03-11 17:14:23
ad201e,DAL2908,United States,37.3637,-88.3627,10355.58,207.99,297.07,False,2026-03-11 17:14:23
ab40f7,AAY504,United States,36.8972,-83.493,9448.8,242.75,145.1,False,2026-03-11 17:14:23
ac0c8b,SWA3744,United States,33.4321,-111.995,,0.06,90.0,True,2026-03-11 17:14:23
abec6c,SWA3517,United States,39.0846,-92.4404,11277.6,282.81,79.2,False,2026-03-11 17:14:23
a72833,KPO560,United States,30.878,-82.2484,12214.86,217.82,171.72,False,2026-03-11 17:14:23
a3a87f,N335BD,United States,34.5576,-118.6746,1889.76,83.64,340.23,False,2026-03-11 17:14:23
a0475b,N117MV,United States,41.1481,-71.732,4869.18,125.05,228.84,False,2026-03-11 17:14:23
a5bb17,AAL2740,United States,26.6976,-83.7233,9486.9,231.94,297.47,False,2026-03-11 17:14:23
acc3f7,EDV4981,United States,43.2831,-88.5654,9753.6,210.9,308.46,False,2026-03-11 17:14:23
acb0c4,N917AZ,United States,33.2587,-84.3313,883.92,38.67,86.19,False,2026-03-11 17:14:23
c01dac,FLE1691,Canada,29.8913,-81.6834,9258.3,227.48,354.29,False,2026-03-11 17:14:23
a535e4,N435CA,United States,34.3126,-119.3486,975.36,32.08,254.18,False,2026-03-11 17:14:23
ae03f7,GECKO33,United States,34.8833,-79.6615,2712.72,136.02,10.46,False,2026-03-11 17:14:23
aa3fc2,FXC22,United States,40.7383,-73.6497,152.4,72.29,253.89,False,2026-03-11 17:14:23
a69e45,N5253C,United States,40.8829,-73.4142,411.48,30.39,177.09,False,2026-03-11 17:14:23
a668f1,VAR512,United States,33.3412,-112.5876,510.54,65.89,259.66,False,2026-03-11 17:14:23
ab9078,UAL455,United States,41.9716,-87.9138,,8.75,270.0,True,2026-03-11 17:14:23
a9a3ec,N720DW,United States,33.9749,-83.9662,,0.06,151.88,True,2026-03-11 17:14:23
a788d3,DAL538,United States,33.936,-118.4065,,13.89,261.56,True,2026-03-11 17:14:23
ae03ce,SCORE60,United States,32.046,-86.3461,6126.48,144.76,233.09,False,2026-03-11 17:14:23
acb0b6,ASA181,United States,47.5605,-122.3169,647.7,72.54,180.0,False,2026-03-11 17:14:23
ad93f0,EJA974,United States,37.3189,-85.0307,13106.4,185.56,210.12,False,2026-03-11 17:14:23
a0472e,N117L,United States,40.8778,-111.915,1432.56,54.65,356.22,False,2026-03-11 17:14:23
44ccd8,BEL1CP,Belgium,49.6589,-65.4465,11887.2,198.17,216.66,False,2026-03-11 17:14:23
a4b554,N402P,United States,33.5336,-112.2913,243.84,28.07,206.1,False,2026-03-11 17:14:23
a9ec7f,ENY3838,United States,43.0459,-82.0711,8534.4,202.46,266.94,False,2026-03-11 17:14:23
781ed3,CKK227,China,44.5485,-99.7699,10058.4,281.05,111.59,False,2026-03-11 17:14:23
aa8ea1,N78ER,United States,38.9079,-76.7243,274.32,50.99,300.96,False,2026-03-11 17:14:23
a19aaa,ENY4009,United States,32.8768,-96.91,2979.42,121.62,183.39,False,2026-03-11 17:14:23
a9f2d5,ASI53,United States,33.1878,-111.9276,1607.82,45.0,259.46,False,2026-03-11 17:14:23
a8359c,SKW5994,United States,42.0028,-87.8911,297.18,37.55,270.0,False,2026-03-11 17:14:23
a38d34,JTZ328,United States,32.4452,-97.2514,929.64,102.36,318.06,False,2026-03-11 17:14:23
a1675e,N19RW,United States,33.9489,-83.0463,2225.04,80.25,269.63,False,2026-03-11 17:14:23
a37a02,FFT2317,United States,31.9788,-85.367,10972.8,211.95,322.99,False,2026-03-11 17:14:23
a0f7f0,N1611R,United States,42.5419,-71.978,716.28,41.27,112.73,False,2026-03-11 17:14:23
a19ab1,AAY2272,United States,38.9082,-94.0492,10668.0,273.43,73.27,False,2026-03-11 17:14:23
ac5a94,SWA157,United States,37.014,-109.3085,11887.2,253.35,79.35,False,2026-03-11 17:14:23
a0478e,N117PW,United States,33.9094,-80.433,8534.4,132.8,192.53,False,2026-03-11 17:14:23
a41722,UAL699,United States,28.0379,-85.6558,10972.8,213.51,284.94,False,2026-03-11 17:14:23
aadf08,N8VB,United States,37.2356,-106.2636,11887.2,270.07,72.26,False,2026-03-11 17:14:23
c00b8a,JZA904,Canada,43.4821,-80.0691,2141.22,142.85,99.33,False,2026-03-11 17:14:23
a4c7b1,N407LW,United States,27.9938,-99.4697,464.82,57.98,221.04,False,2026-03-11 17:14:23
a1fdb4,N2272V,United States,27.1592,-80.3855,579.12,54.57,278.13,False,2026-03-11 17:14:23
a14d71,N183SR,United States,33.2062,-113.268,2499.36,85.69,291.48,False,2026-03-11 17:14:23
a08de0,N135BC,United States,36.0833,-102.4342,13106.4,197.85,275.22,False,2026-03-11 17:14:23
a51d1b,AAL2064,United States,33.4383,-111.9983,,3.09,177.19,True,2026-03-11 17:14:23
ab5faa,SWA2490,United States,33.8832,-95.9623,6202.68,169.79,207.03,False,2026-03-11 17:14:23
a2d710,SKW4075,United States,47.7497,-122.3161,1447.8,99.29,179.7,False,2026-03-11 17:14:23
a3ca04,N343SA,United States,27.8924,-82.0888,1165.86,48.83,221.58,False,2026-03-11 17:14:23
a4ada2,N400LG,United States,33.6912,-111.2588,5661.66,174.4,71.24,False,2026-03-11 17:14:23
acb17c,N917JH,United States,35.5935,-79.0961,68.58,43.18,201.67,False,2026-03-11 17:14:23
a57db5,ERU453,United States,29.3468,-81.063,571.5,52.45,158.72,False,2026-03-11 17:14:23
a82298,NKS3066,United States,38.5216,-82.0904,11285.22,233.4,356.84,False,2026-03-11 17:14:23
ab79ca,AAL167,United States,44.4072,-77.2174,7917.18,237.28,331.93,False,2026-03-11 17:14:23
a3f756,,United States,36.1942,-86.2034,518.16,59.3,3.98,False,2026-03-11 17:14:23
a4b4a6,GLF68,United States,30.7775,-79.2415,9144.0,189.72,248.03,False,2026-03-11 17:14:23
a1b725,N20997,United States,35.0679,-80.3283,1013.46,31.08,199.33,False,2026-03-11 17:14:23
a9f2c6,CKS813,United States,39.6466,-111.3586,10058.4,287.77,151.37,False,2026-03-11 17:14:23
a094e2,FFL503,United States,35.1027,-117.2568,5577.84,151.81,70.4,False,2026-03-11 17:14:23
a0e4b2,FDX864,United States,37.5593,-100.0142,11285.22,273.38,103.83,False,2026-03-11 17:14:23
aae612,N801FA,United States,41.3004,-112.2637,1859.28,39.0,351.66,False,2026-03-11 17:14:23
a094e3,N13672,United States,41.8979,-70.7435,99.06,28.76,42.83,False,2026-03-11 17:14:23
a2b10b,UAL1111,United States,37.6117,-122.3586,,3.86,22.5,True,2026-03-11 17:14:23
a2b10f,UAL785,United States,37.3949,-112.7091,10972.8,207.52,234.89,False,2026-03-11 17:14:23
ac7faf,,United States,28.4434,-81.319,,10.8,0.0,True,2026-03-11 17:14:23
ab79db,CXK1020,United States,39.4289,-104.7571,2217.42,55.75,184.76,False,2026-03-11 17:14:23
ac7fb7,N904TF,United States,29.6771,-95.6617,304.8,67.63,175.2,False,2026-03-11 17:14:23
ac3945,EJA887,United States,31.404,-81.1457,10363.2,248.29,202.15,False,2026-03-11 17:14:23
a2d76a,SWA3258,United States,40.1835,-92.7974,7010.4,166.09,236.75,False,2026-03-11 17:14:23
ab1971,AAL2564,United States,34.639,-80.669,8534.4,222.3,214.06,False,2026-03-11 17:14:23
a7289d,N560TK,United States,36.1372,-95.3127,13716.0,207.94,114.09,False,2026-03-11 17:14:23
a81b3a,N621PA,United States,33.3839,-97.2632,640.08,42.95,186.19,False,2026-03-11 17:14:23
ab1978,AAY487,United States,37.3563,-76.0155,11277.6,233.23,35.3,False,2026-03-11 17:14:23
c06be3,WJA2962,Canada,28.9366,-83.1526,10972.8,230.46,194.35,False,2026-03-11 17:14:23
ab1979,DAL837,United States,35.3187,-98.2432,9753.6,238.33,271.98,False,2026-03-11 17:14:23
a83569,QXE2088,United States,34.3866,-118.6733,4716.78,164.28,336.57,False,2026-03-11 17:14:23
c0256e,WEN3661,Canada,52.1699,-116.4278,7315.2,124.85,231.52,False,2026-03-11 17:14:23
a32ac6,ENY4039,United States,32.9008,-97.0439,,5.66,90.0,True,2026-03-11 17:14:23
a1b793,N21EF,United States,38.332,-75.1219,106.68,35.32,192.62,False,2026-03-11 17:14:23
a25a53,N2503V,United States,35.8707,-78.8045,304.8,40.9,320.1,False,2026-03-11 17:14:23
acb18a,JSX400,United States,34.1968,-118.3605,,9.26,255.94,True,2026-03-11 17:14:23
aa7c95,N775LA,United States,33.2317,-111.8339,838.2,56.68,246.46,False,2026-03-11 17:14:23
c00b7e,JZA877,Canada,43.2303,-79.2325,4526.28,175.15,309.16,False,2026-03-11 17:14:23
ad2c03,N948MR,United States,33.6148,-96.2217,7010.4,178.47,8.62,False,2026-03-11 17:14:23
ada935,N98EF,United States,27.9514,-86.0141,13936.98,225.21,289.76,False,2026-03-11 17:14:23
ada936,N98EG,United States,40.3877,-74.855,579.12,57.75,27.02,False,2026-03-11 17:14:23
a38d49,DAL1121,United States,29.5165,-98.4519,342.9,73.61,311.6,False,2026-03-11 17:14:23
a28785,NIT262,United States,32.8328,-83.5326,320.04,47.54,103.13,False,2026-03-11 17:14:23
a14d78,SKW3497,United States,37.5439,-122.2181,632.46,86.02,323.27,False,2026-03-11 17:14:23
a5729c,JRT50,United States,36.1584,-86.9443,1424.94,99.64,295.37,False,2026-03-11 17:14:23
ac86af,AAL2925,United States,39.6686,-75.1194,5234.94,216.31,35.81,False,2026-03-11 17:14:23
a94214,N696MA,United States,39.9897,-111.9434,1584.96,42.23,202.19,False,2026-03-11 17:14:23
a15460,N185MP,United States,36.2123,-115.2038,,5.4,270.0,True,2026-03-11 17:14:23
a33de3,N308JS,United States,33.7425,-112.1041,670.56,59.68,179.51,False,2026-03-11 17:14:23
a41743,UAL1978,United States,39.5594,-101.5739,9448.8,262.76,95.96,False,2026-03-11 17:14:23
ac1f61,RPA5602,United States,38.0983,-85.9438,10972.8,176.97,263.83,False,2026-03-11 17:14:23
a6e258,UAL2246,United States,25.8183,-80.574,4503.42,202.28,256.92,False,2026-03-11 17:14:23
abafe1,N852MH,United States,33.6374,-118.2104,60.96,67.06,196.49,False,2026-03-11 17:14:23
abff3c,RGY872,United States,32.1384,-107.0317,12192.0,206.48,285.91,False,2026-03-11 17:14:23
a02162,N1072Q,United States,41.3606,-72.0907,426.72,39.53,124.93,False,2026-03-11 17:14:23
abf308,SWA1895,United States,37.8208,-80.5064,10668.0,241.51,85.48,False,2026-03-11 17:14:23
a6ee8e,DAL594,United States,36.9082,-105.3511,10058.4,263.28,139.99,False,2026-03-11 17:14:23
a38d36,DAL2566,United States,40.9376,-78.2286,10363.2,201.96,276.58,False,2026-03-11 17:14:23
a9fec4,ENY3518,United States,32.5101,-96.9481,1828.8,122.08,280.93,False,2026-03-11 17:14:23
ac99ee,SJN7,United States,48.5252,-122.9045,304.8,54.08,78.48,False,2026-03-11 17:14:23
ae5f15,KING70,United States,40.3208,-73.0703,297.18,61.49,226.02,False,2026-03-11 17:14:23
ae5f12,RCH212,United States,41.8509,-97.0,8542.02,129.55,297.68,False,2026-03-11 17:14:23
ae5f13,ROPER61,United States,33.161,-97.395,1836.42,135.1,8.1,False,2026-03-11 17:14:23
a14d7a,N183T,United States,37.1426,-95.972,13106.4,297.96,14.4,False,2026-03-11 17:14:23
a5bb8e,N469FG,United States,40.2858,-74.7997,144.78,33.85,226.85,False,2026-03-11 17:14:23
ae0403,WING81,United States,25.138,-81.0651,2849.88,123.52,178.33,False,2026-03-11 17:14:23
a70dda,N55367,United States,34.7704,-118.6406,3108.96,73.85,328.97,False,2026-03-11 17:14:23
a49a64,N396PM,United States,46.1228,-93.7705,3154.68,89.85,187.9,False,2026-03-11 17:14:23
a5c1a8,N470FS,United States,25.5638,-80.336,541.02,57.82,293.6,False,2026-03-11 17:14:23
c07ee0,WJA1021,Canada,46.0763,-117.3708,11590.02,222.36,20.45,False,2026-03-11 17:14:23
a87d2f,VN1,United States,30.1269,-86.4483,7551.42,246.19,342.74,False,2026-03-11 17:14:23
a2b156,UAL487,United States,37.5163,-122.7513,3108.96,155.22,231.46,False,2026-03-11 17:14:23
a7c748,CYO600,United States,38.9124,-86.2329,13106.4,224.67,341.03,False,2026-03-11 17:14:23
c07eda,WJA1161,Canada,40.904,-112.0773,11582.4,205.29,358.99,False,2026-03-11 17:14:23
ab04e6,SKW4144,United States,47.8089,-100.005,6736.08,186.51,292.89,False,2026-03-11 17:14:23
aa477b,RPA3579,United States,37.8346,-85.1672,3299.46,162.03,344.15,False,2026-03-11 17:14:23
c085af,CGYQG,Canada,40.5303,-84.4054,6972.3,180.2,357.71,False,2026-03-11 17:14:23
ac1ddc,N880AG,United States,30.5252,-83.0587,5120.64,113.29,92.6,False,2026-03-11 17:14:23
a15fa4,AAY951,United States,33.8229,-86.9847,10378.44,225.07,334.84,False,2026-03-11 17:14:23
a2bd98,N276JK,United States,28.8319,-80.9256,1607.82,77.6,161.44,False,2026-03-11 17:14:23
a691ad,N522PM,United States,39.9019,-105.0999,1790.7,53.57,101.63,False,2026-03-11 17:14:23
a1419e,N180KS,United States,27.9708,-81.9985,548.64,43.26,92.73,False,2026-03-11 17:14:23
a2b154,UAL1383,United States,31.3957,-104.4123,9144.0,216.42,289.73,False,2026-03-11 17:14:23
a2b151,UAL2295,United States,36.608,-76.456,10972.8,226.76,200.45,False,2026-03-11 17:14:23
aa94d0,CFS8737,United States,47.1438,-118.542,1752.6,94.03,235.7,False,2026-03-11 17:14:23
abb74f,N854MH,United States,36.0639,-114.6403,1066.8,65.73,59.42,False,2026-03-11 17:14:23
ac6104,N897TF,United States,28.7557,-80.7507,3429.0,156.11,164.91,False,2026-03-11 17:14:23
ab04f3,SCX575,United States,39.1969,-90.6475,10668.0,209.61,158.85,False,2026-03-11 17:14:23
abfdd1,AAL295,United States,34.3674,-113.548,11582.4,228.14,265.34,False,2026-03-11 17:14:23
c085c1,CGYQY,Canada,38.8595,-74.6221,8229.6,142.06,42.06,False,2026-03-11 17:14:23
a08f33,EJA135,United States,35.1615,-100.4206,13716.0,234.9,306.72,False,2026-03-11 17:14:23
ac6d52,TEST,United States,33.3431,-83.6336,3550.92,153.56,319.21,False,2026-03-11 17:14:23
ac24e4,SWA2960,United States,39.0159,-120.9151,5059.68,181.06,251.62,False,2026-03-11 17:14:23
aacad4,CKS253,United States,43.5824,-77.1336,10668.0,260.1,138.05,False,2026-03-11 17:14:23
ae1750,AXLE11,United States,36.3549,-97.5534,2788.92,114.73,89.23,False,2026-03-11 17:14:23
a82df6,EJA626,United States,42.9804,-90.2263,13106.4,168.89,258.76,False,2026-03-11 17:14:23
ab678e,DAL361,United States,39.9343,-110.7491,10363.2,199.59,245.48,False,2026-03-11 17:14:23
a41795,N363BL,United States,36.4815,-76.3389,220.98,35.48,253.14,False,2026-03-11 17:14:23
a27499,N2575U,United States,35.7848,-81.3193,1356.36,33.32,283.39,False,2026-03-11 17:14:23
a2b136,UAL2446,United States,39.8597,-104.6831,,0.0,270.0,True,2026-03-11 17:14:23
a2b134,UAL794,United States,37.9798,-105.8123,9753.6,207.6,267.02,False,2026-03-11 17:14:23
ac8777,SWA1995,United States,38.6259,-90.5045,3459.48,152.86,185.02,False,2026-03-11 17:14:23
a3813b,DAL648,United States,39.1055,-91.0217,10058.4,210.35,156.51,False,2026-03-11 17:14:23
ac6118,UAL1317,United States,39.1016,-95.6486,8846.82,274.66,65.55,False,2026-03-11 17:14:23
a7faa4,N613HT,United States,38.875,-104.9548,3947.16,66.4,282.53,False,2026-03-11 17:14:23
ae64b4,RUGBY01,United States,35.6126,-77.1339,1333.5,109.39,196.39,False,2026-03-11 17:14:23
ac876b,N906WA,United States,25.9843,-80.3867,670.56,48.92,267.59,False,2026-03-11 17:14:23
c01239,CFGXK,Canada,51.6774,-114.2046,2110.74,73.14,182.82,False,2026-03-11 17:14:23
a6a777,N528JJ,United States,30.0851,-98.4014,1821.18,81.93,215.29,False,2026-03-11 17:14:23
abfded,ES802,United States,36.7591,-121.5709,1866.9,64.68,230.49,False,2026-03-11 17:14:23
a2615d,CXK368,United States,32.6862,-98.4752,1516.38,64.79,79.94,False,2026-03-11 17:14:23
ac11c6,EJA877,United States,33.8282,-116.377,1874.52,146.42,137.85,False,2026-03-11 17:14:23
c0253f,CFOCS,Canada,32.3447,-81.0561,12192.0,212.03,189.92,False,2026-03-11 17:14:23
aa7aa6,SWA460,United States,27.0789,-97.5181,4869.18,174.21,192.97,False,2026-03-11 17:14:23
a6ede5,UAL660,United States,38.5722,-103.4445,10378.44,204.66,249.24,False,2026-03-11 17:14:23
a82de5,N626Q,United States,41.6716,-112.1101,2133.6,61.64,165.5,False,2026-03-11 17:14:23
a50a88,AAL2408,United States,38.4299,-85.1634,10363.2,203.15,260.97,False,2026-03-11 17:14:23
a2b130,UAL1419,United States,25.3212,-102.3162,10972.8,196.6,240.01,False,2026-03-11 17:14:23
a211ef,SWA1933,United States,34.2015,-118.716,12473.94,239.85,138.65,False,2026-03-11 17:14:23
a331d0,N3049Q,United States,32.2839,-106.9137,,0.0,22.5,True,2026-03-11 17:14:23
c07eee,WJA1020,Canada,41.1681,-112.5366,11277.6,235.8,182.25,False,2026-03-11 17:14:23
a8e729,,United States,33.9641,-83.685,434.34,44.64,154.03,False,2026-03-11 17:14:23
c085e0,WJA2790,Canada,33.6699,-79.7686,10972.8,218.76,208.98,False,2026-03-11 17:14:23
a4ea77,AAL1418,United States,32.637,-110.6402,7886.7,261.77,109.04,False,2026-03-11 17:14:23
ab9af5,N847MH,United States,36.0293,-114.6821,975.36,59.43,69.21,False,2026-03-11 17:14:23
a451a7,N378BL,United States,35.4418,-78.2305,830.58,55.77,194.42,False,2026-03-11 17:14:23
acb10a,DAL1945,United States,32.4735,-88.6334,10363.2,202.9,236.79,False,2026-03-11 17:14:23
c01e13,FLE1888,Canada,35.516,-119.998,11658.6,240.65,147.84,False,2026-03-11 17:14:23
a0cc06,AAL2954,United States,38.2421,-95.3145,8839.2,262.38,90.67,False,2026-03-11 17:14:23
407992,BAW7NY,United Kingdom,47.1522,-68.0517,11582.4,221.78,206.45,False,2026-03-11 17:14:23
a727c3,N560JS,United States,32.6712,-95.0988,10942.32,154.68,286.02,False,2026-03-11 17:14:23
adca15,AAL2545,United States,32.901,-97.035,,7.2,270.0,True,2026-03-11 17:14:23
a57dd4,LXJ453,United States,38.8612,-77.357,929.64,149.63,54.23,False,2026-03-11 17:14:23
a08f62,N135SP,United States,34.4128,-80.992,7101.84,185.25,184.46,False,2026-03-11 17:14:23
ac878c,EDV4686,United States,46.0421,-92.6883,4305.3,167.12,23.01,False,2026-03-11 17:14:23
a6a711,JIA5652,United States,38.9677,-77.4423,2263.14,153.47,66.7,False,2026-03-11 17:14:23
a3d112,CRE345,United States,41.3365,-82.1567,4411.98,126.62,258.28,False,2026-03-11 17:14:23
a3ca1a,AAL1101,United States,31.626,-85.0573,10363.2,222.65,323.08,False,2026-03-11 17:14:23
a5cdae,EJA473,United States,41.9351,-72.1719,13716.0,239.51,39.16,False,2026-03-11 17:14:23
a2b198,UAL822,United States,37.6088,-122.3855,,5.92,272.81,True,2026-03-11 17:14:23
ab415e,SCX8205,United States,35.0489,-79.9914,9067.8,261.7,66.36,False,2026-03-11 17:14:23
a967a5,IFG705,United States,27.4756,-80.5947,1120.14,31.42,129.69,False,2026-03-11 17:14:23
ad44f2,N954QS,United States,25.471,-81.0161,4655.82,192.49,291.97,False,2026-03-11 17:14:23
a033ae,AAL255,United States,37.758,-93.8924,10980.42,177.3,261.66,False,2026-03-11 17:14:23
acaa1c,JSX500,United States,30.7903,-78.6801,10972.8,229.39,195.35,False,2026-03-11 17:14:23
aba45b,N8495M,United States,38.2006,-120.5684,2286.0,65.55,328.8,False,2026-03-11 17:14:23
a3d10f,DAL556,United States,37.3912,-89.1124,10363.2,192.11,259.35,False,2026-03-11 17:14:23
a5e7bc,N48RE,United States,37.5674,-120.8444,487.68,44.56,301.3,False,2026-03-11 17:14:23
a2b17a,UAL2664,United States,37.619,-122.3805,,5.92,143.44,True,2026-03-11 17:14:23
a046f2,RPA4684,United States,41.0525,-87.4935,6659.88,176.86,168.59,False,2026-03-11 17:14:23
ad2af2,DAL1708,United States,33.8549,-84.7906,3764.28,160.82,126.28,False,2026-03-11 17:14:23
a9427a,N696RC,United States,37.2464,-120.4117,784.86,43.55,321.23,False,2026-03-11 17:14:23
a059e3,UAL1458,United States,37.7733,-98.8549,10363.2,201.28,276.16,False,2026-03-11 17:14:23
a63d3b,N50068,United States,28.4894,-82.7905,1005.84,77.85,29.28,False,2026-03-11 17:14:23
a74a02,N569T,United States,35.376,-97.8247,670.56,37.61,40.01,False,2026-03-11 17:14:23
a07c05,N130JM,United States,34.2004,-118.4903,,10.8,174.38,True,2026-03-11 17:14:23
a70dbc,N5536B,United States,40.9078,-104.8781,2247.9,53.07,11.75,False,2026-03-11 17:14:23
a63d42,AAL1530,United States,32.9091,-97.0461,,8.23,270.0,True,2026-03-11 17:14:23
a10614,AAL1396,United States,32.9027,-97.036,,0.0,309.38,True,2026-03-11 17:14:23
ac5a73,SWA2797,United States,39.0676,-103.2346,8534.4,157.66,301.25,False,2026-03-11 17:14:23
a10611,UPS2993,United States,39.9065,-87.7925,7734.3,208.54,163.67,False,2026-03-11 17:14:23
ad8155,N97AJ,United States,33.4661,-90.1986,11277.6,254.7,88.84,False,2026-03-11 17:14:23
a3f796,N355CD,United States,35.5015,-89.0409,11887.2,228.69,140.29,False,2026-03-11 17:14:23
a82da3,N626MJ,United States,33.0598,-111.9462,1943.1,47.53,279.97,False,2026-03-11 17:14:23
ab417a,UAL1633,United States,39.8315,-104.6605,1539.24,68.94,0.86,True,2026-03-11 17:14:23
a0f92e,N162AT,United States,35.3533,-77.2418,2247.9,79.33,43.42,False,2026-03-11 17:14:23
a4b4cc,JTL402,United States,42.1557,-84.018,12496.8,279.45,91.58,False,2026-03-11 17:14:23
a56acc,NWX448,United States,32.5717,-97.7331,1226.82,27.15,279.82,False,2026-03-11 17:14:23
a3816b,KII835,United States,30.6722,-90.1789,3749.04,159.9,206.15,False,2026-03-11 17:14:23
a0e600,UPS2895,United States,38.3646,-94.9045,10058.4,259.49,105.52,False,2026-03-11 17:14:23
c01e1a,FLE2811,Canada,33.6787,-96.8617,11582.4,242.97,318.0,False,2026-03-11 17:14:23
a0e607,AAL2998,United States,36.8648,-89.1531,10378.44,229.62,313.46,False,2026-03-11 17:14:23
ae5deb,C2012,United States,36.422,-76.4694,5646.42,107.02,300.63,False,2026-03-11 17:14:23
a19c58,N2024C,United States,35.4578,-113.9855,2346.96,38.52,304.11,False,2026-03-11 17:14:23
a19c57,TWY553,United States,32.7406,-110.3386,12207.24,216.23,103.9,False,2026-03-11 17:14:23
abeb7c,SWA668,United States,36.0783,-115.1261,,12.86,92.81,True,2026-03-11 17:14:23
a2396e,SWA3414,United States,36.3787,-108.7081,9448.8,234.28,52.85,False,2026-03-11 17:14:23
a9f461,AAL2176,United States,38.8002,-77.0908,1943.1,142.82,326.31,False,2026-03-11 17:14:23
a020c2,N107X,United States,29.8998,-84.2384,2682.24,85.47,104.29,False,2026-03-11 17:14:23
a0967f,N137PH,United States,36.0774,-114.4059,1036.32,61.81,87.14,False,2026-03-11 17:14:23
a5cf19,UAL2653,United States,41.256,-87.5427,7482.84,202.41,172.41,False,2026-03-11 17:14:23
a20008,N228PK,United States,37.9417,-97.2443,13098.78,193.35,233.98,False,2026-03-11 17:14:23
c06c8c,GPCT,Canada,49.306,-121.1443,4511.04,141.53,71.57,False,2026-03-11 17:14:23
c06050,CGKMH,Canada,51.3895,-114.1708,2293.62,60.1,51.95,False,2026-03-11 17:14:23
a3efcc,N35288,United States,25.8311,-80.1165,121.92,27.82,3.18,False,2026-03-11 17:14:23
c010f6,ACA132,Canada,44.2965,-80.3517,6073.14,211.99,137.95,False,2026-03-11 17:14:23
c0737c,WJA2179,Canada,38.7596,-77.3792,11277.6,210.94,338.69,False,2026-03-11 17:14:23
a20c44,ENY3831,United States,38.5144,-96.7217,3543.3,159.3,3.7,False,2026-03-11 17:14:23
a19c4b,N20230,United States,38.6372,-122.903,868.68,59.76,182.96,False,2026-03-11 17:14:23
a0835d,RPA4768,United States,38.8584,-77.6443,3086.1,171.92,49.73,False,2026-03-11 17:14:23
a549da,N44SF,United States,40.9435,-104.7219,13716.0,287.78,82.81,False,2026-03-11 17:14:23
a03fff,AAL3116,United States,29.6012,-82.348,6248.4,212.2,177.22,False,2026-03-11 17:14:23
a5cf28,N4734E,United States,28.3863,-81.5063,152.4,57.83,305.95,False,2026-03-11 17:14:23
a56c19,AAL2227,United States,33.9371,-118.4194,,2.83,354.38,True,2026-03-11 17:14:23
a3460e,N31SF,United States,25.4212,-80.281,769.62,92.36,350.38,False,2026-03-11 17:14:23
a93adb,N694PD,United States,26.514,-80.1457,2118.36,149.17,313.88,False,2026-03-11 17:14:23
a7d9a3,N6048Z,United States,32.4926,-96.7526,899.16,61.5,34.09,False,2026-03-11 17:14:23
a57f42,SWA1787,United States,33.4527,-112.7773,7063.74,199.75,272.21,False,2026-03-11 17:14:23
a46603,UAL2643,United States,40.6412,-104.1455,7818.12,225.36,47.31,False,2026-03-11 17:14:23
aa59a5,AAL2651,United States,33.4348,-111.9923,,3.34,182.81,True,2026-03-11 17:14:23
a9da33,N734DA,United States,37.3125,-121.8097,121.92,38.2,44.45,False,2026-03-11 17:14:23
a08f6d,N135T,United States,33.3046,-117.0199,1577.34,94.12,164.14,False,2026-03-11 17:14:23
a3f6d3,N3546,United States,37.3623,-121.9347,,0.9,216.56,True,2026-03-11 17:14:23
a4791d,N388BB,United States,30.7056,-98.2694,12192.0,217.53,281.74,False,2026-03-11 17:14:23
a6b9c1,VOI7932,United States,28.8616,-110.2784,9753.6,206.74,311.07,False,2026-03-11 17:14:23
a87196,NKS3508,United States,29.1783,-81.165,3573.78,154.77,163.19,False,2026-03-11 17:14:23
ae4b97,FENIX04,United States,27.2537,-80.6605,76.2,78.74,358.5,False,2026-03-11 17:14:23
a789bc,DAL9887,United States,42.2288,-83.3644,342.9,64.91,208.39,False,2026-03-11 17:14:23
a033d2,MXY340,United States,31.6349,-82.2288,10668.0,243.91,27.65,False,2026-03-11 17:14:23
abf29f,SWA146,United States,37.3973,-93.2861,10668.0,287.23,42.75,False,2026-03-11 17:14:23
a39fb7,UAL397,United States,42.5339,-100.3979,10668.0,257.8,61.65,False,2026-03-11 17:14:23
a70f11,JBU154,United States,32.7648,-77.8866,11277.6,215.86,8.5,False,2026-03-11 17:14:23
a56c24,ATN3327,United States,34.0507,-115.0862,9387.84,217.54,261.3,False,2026-03-11 17:14:23
a02cf1,RPA4662,United States,28.5056,-80.7009,10972.8,237.49,167.11,False,2026-03-11 17:14:23
a5cf30,N4734N,United States,30.149,-81.436,2529.84,66.7,341.57,False,2026-03-11 17:14:23
a99d8d,XSR719,United States,26.2423,-81.6644,2164.08,139.19,21.92,False,2026-03-11 17:14:23
a22642,ASA1450,United States,44.9001,-117.7657,11582.4,185.53,314.33,False,2026-03-11 17:14:23
a2cfa2,SKW4070,United States,44.2069,-121.2373,10058.4,238.04,167.65,False,2026-03-11 17:14:23
c06080,ACA169,Canada,43.6746,-79.6635,,2.83,47.81,True,2026-03-11 17:14:23
a56c30,N449BL,United States,36.0839,-77.9301,1181.1,83.65,4.94,False,2026-03-11 17:14:23
a5cf1b,UAL1064,United States,35.6458,-80.9277,11277.6,262.58,53.44,False,2026-03-11 17:14:23
c03804,VN06,Canada,49.8525,-97.1694,541.02,53.57,318.5,False,2026-03-11 17:14:23
a0d374,AAL1177,United States,36.3591,-88.3433,10058.4,267.47,74.49,False,2026-03-11 17:14:23
ab17ba,VWA109,United States,32.7038,-111.4798,1889.76,49.87,317.09,False,2026-03-11 17:14:23
a1903c,AMF9410,United States,45.3946,-122.6681,1417.32,77.63,214.74,False,2026-03-11 17:14:23
a74a5a,SWA3570,United States,30.1832,-99.4459,6728.46,212.6,142.08,False,2026-03-11 17:14:23
a81ae6,N621KS,United States,37.66,-122.1179,,0.0,188.44,True,2026-03-11 17:14:23
a8e770,LXJ673,United States,34.172,-105.0153,13716.0,275.49,109.75,False,2026-03-11 17:14:23
a9f424,SKW6392,United States,33.4385,-112.0135,,0.0,90.0,True,2026-03-11 17:14:23
a403c6,DAL839,United States,30.7115,-90.2947,10675.62,267.64,75.64,False,2026-03-11 17:14:23
a47991,XFL636,United States,34.3246,-77.515,14325.6,242.11,22.75,False,2026-03-11 17:14:23
a834f0,N628LA,United States,32.9559,-111.4281,685.8,48.33,242.07,False,2026-03-11 17:14:23
a82dfb,QXE2112,United States,35.1809,-120.4773,10363.2,215.91,317.41,False,2026-03-11 17:14:23
a5d4fb,N475PJ,United States,37.074,-97.0736,12192.0,197.76,192.01,False,2026-03-11 17:14:23
c06c4f,CGPAK,Canada,49.3119,-124.3437,251.46,64.78,304.32,False,2026-03-11 17:14:23
a2cffc,SWA1919,United States,29.6075,-98.5188,1356.36,121.81,12.69,False,2026-03-11 17:14:23
a2cffd,GLF21,United States,40.2885,-104.9821,10965.18,185.57,316.35,False,2026-03-11 17:14:23
a86a2b,JIA5370,United States,36.3904,-78.6049,4975.86,214.27,23.49,False,2026-03-11 17:14:23
a7faad,JBU1144,United States,40.6241,-74.6279,11269.98,222.88,16.22,False,2026-03-11 17:14:23
a81ad7,N621KB,United States,33.6485,-112.0774,1440.18,114.35,140.29,False,2026-03-11 17:14:23
a6449b,N5026U,United States,26.9387,-100.7495,2636.52,76.43,185.02,False,2026-03-11 17:14:23
a9ed53,JRE739,United States,32.8576,-90.7791,13716.0,230.4,109.57,False,2026-03-11 17:14:23
a1ff90,RPA5674,United States,42.0381,-75.3773,10972.8,205.37,241.25,False,2026-03-11 17:14:23
a21370,N2328T,United States,38.9215,-78.9369,2461.26,49.7,207.1,False,2026-03-11 17:14:23
a0d36d,KHSV,United States,38.2895,-85.7827,792.48,91.1,164.94,False,2026-03-11 17:14:23
ab540d,UAL1522,United States,39.8596,-104.6805,,0.9,180.0,True,2026-03-11 17:14:23
a81abe,JBU2462,United States,38.1372,-76.5131,11094.72,230.3,26.68,False,2026-03-11 17:14:23
a0c049,N1479E,United States,29.5654,-81.3561,1310.64,44.23,146.86,False,2026-03-11 17:14:23
a403b3,DAL788,United States,42.0541,-88.4715,10965.18,163.55,246.26,False,2026-03-11 17:14:23
a7c772,N600CA,United States,32.8939,-97.0477,,6.69,180.0,True,2026-03-11 17:14:23
aa2d97,N755LA,United States,33.322,-111.6664,381.0,38.59,137.16,False,2026-03-11 17:14:23
a45316,AAL1208,United States,32.8918,-97.0485,,6.17,267.19,True,2026-03-11 17:14:23
a08378,N132JS,United States,36.4411,-113.9049,2468.88,79.86,208.05,False,2026-03-11 17:14:23
ab674b,AAL2603,United States,33.4375,-111.9964,,0.0,270.0,True,2026-03-11 17:14:23
a33339,EDV5045,United States,40.8382,-75.5271,9745.98,178.33,252.71,False,2026-03-11 17:14:23
a45f59,DAL1068,United States,40.5235,-111.9335,2613.66,104.2,355.75,False,2026-03-11 17:14:23
a2e9fd,SWA3463,United States,34.2739,-100.83,11894.82,227.57,98.06,False,2026-03-11 17:14:23
a32c3e,AAL1746,United States,32.34,-108.0611,10668.0,245.61,94.44,False,2026-03-11 17:14:23
ac37bd,SWA4065,United States,37.8694,-122.2339,1638.3,146.31,143.29,False,2026-03-11 17:14:23
a153de,EDV5099,United States,39.798,-95.3334,3619.5,191.31,138.38,False,2026-03-11 17:14:23
a7ad7c,JIA5052,United States,40.3815,-75.8787,4472.94,162.7,230.77,False,2026-03-11 17:14:23
a4c917,N40704,United States,40.0927,-74.998,60.96,26.28,229.76,False,2026-03-11 17:14:23
a416be,UAL2228,United States,39.8569,-104.6843,,5.66,90.0,True,2026-03-11 17:14:23
a954d4,N700CV,United States,36.1846,-88.7194,7620.0,133.8,171.15,False,2026-03-11 17:14:23
a20028,EJA228,United States,36.6576,-76.3081,8839.2,222.63,24.43,False,2026-03-11 17:14:23
a33f67,N3080E,United States,29.2655,-98.625,1097.28,67.83,96.53,False,2026-03-11 17:14:23
a38caf,N328GS,United States,33.0163,-99.998,9144.0,146.66,298.72,False,2026-03-11 17:14:23
a33328,AAL2,United States,41.7774,-103.8242,9448.8,254.14,65.35,False,2026-03-11 17:14:23
ac6d1e,N90D,United States,26.4278,-98.8537,2613.66,85.66,355.52,False,2026-03-11 17:14:23
a2000d,EDV5153,United States,43.4442,-89.2997,5295.9,206.97,113.12,False,2026-03-11 17:14:23
c06c81,CGPCI,Canada,49.2012,-123.1817,,6.17,163.12,True,2026-03-11 17:14:23
a20c65,N231BW,United States,40.6488,-114.2626,6096.0,116.74,348.05,False,2026-03-11 17:14:23
a8aac8,DAL851,United States,42.5292,-97.5739,10363.2,202.59,266.36,False,2026-03-11 17:14:23
a66a84,SKW6409,United States,33.9423,-118.3932,,3.09,180.0,True,2026-03-11 17:14:23
aab273,N789FA,United States,34.1146,-118.6802,1508.76,62.58,297.41,False,2026-03-11 17:14:23
a7f44d,SKW5713,United States,33.9398,-118.3982,,6.43,348.75,True,2026-03-11 17:14:23
a086ce,EDV5207,United States,33.2701,-79.9205,8534.4,248.33,70.14,False,2026-03-11 17:14:23
ac52ee,ASH6283,United States,29.9934,-95.2018,670.56,90.03,270.0,False,2026-03-11 17:14:23
a3e917,LXJ351,United States,43.0833,-70.5974,6583.68,170.57,141.37,False,2026-03-11 17:14:23
ab7b8c,UAL2049,United States,32.8893,-97.032,,3.34,180.0,True,2026-03-11 17:14:23
a349be,JBU1897,United States,28.5388,-79.7025,10363.2,241.35,196.85,False,2026-03-11 17:14:23
abde8c,JRE864,United States,41.1655,-80.1591,13106.4,162.09,278.03,False,2026-03-11 17:14:23
a61afb,N4928E,United States,36.2473,-115.2469,822.96,54.54,88.92,False,2026-03-11 17:14:23
ad2573,SWA164,United States,41.3523,-88.572,2400.3,167.11,65.25,False,2026-03-11 17:14:23
ac4bfe,SWA1880,United States,36.3092,-86.7179,1813.56,128.04,17.78,False,2026-03-11 17:14:23
ade8ff,DAL1119,United States,36.3679,-82.5879,9753.6,235.81,344.17,False,2026-03-11 17:14:23
a7a4e6,ASA549,United States,45.596,-122.6206,,0.0,213.75,True,2026-03-11 17:14:23
a66a92,N512TM,United States,30.9891,-84.8767,213.36,37.17,184.76,False,2026-03-11 17:14:23
a01f73,RPA4701,United States,38.3716,-82.6346,9753.6,203.1,266.37,False,2026-03-11 17:14:23
c04034,CFYID,Canada,41.1989,-92.4668,8534.4,125.02,256.19,False,2026-03-11 17:14:23
a80136,N6149J,United States,33.981,-83.9626,,2.83,98.44,True,2026-03-11 17:14:23
a12c30,N175EM,United States,36.9923,-121.9683,2918.46,138.28,341.57,False,2026-03-11 17:14:23
ad6bdc,JBU2831,United States,36.0801,-115.138,,6.17,50.62,True,2026-03-11 17:14:23
a5a15c,N462DH,United States,25.8393,-79.3682,2194.56,75.97,100.93,False,2026-03-11 17:14:23
a2c90d,,United States,30.0274,-78.2552,9144.0,247.47,170.91,False,2026-03-11 17:14:23
a32fa7,AAL3197,United States,33.9428,-116.383,6758.94,196.0,261.7,False,2026-03-11 17:14:23
a874e1,JBU2181,United States,43.8858,-84.0876,9768.84,203.33,282.42,False,2026-03-11 17:14:23
040197,ETH501,Ethiopia,42.7454,-69.3321,10668.0,267.11,63.58,False,2026-03-11 17:14:23
a42a97,LXJ368,United States,34.9391,-106.6816,13106.4,190.37,285.84,False,2026-03-11 17:14:23
a8011f,N6148W,United States,41.4849,-72.3247,1341.12,35.73,239.74,False,2026-03-11 17:14:23
a24c02,EJM247,United States,38.387,-90.0517,2354.58,136.44,339.24,False,2026-03-11 17:14:23
c1e99e,RED9,Canada,51.1256,-114.0021,,7.2,90.0,True,2026-03-11 17:14:23
a6717b,LFA312,United States,28.8897,-81.2906,388.62,44.94,105.95,False,2026-03-11 17:14:23
abd26b,SWA3491,United States,36.7773,-110.5848,10668.0,254.65,78.46,False,2026-03-11 17:14:23
a2791e,MXY791,United States,42.3734,-76.813,6781.8,188.43,209.43,False,2026-03-11 17:14:23
a7da65,LXJ605,United States,34.9687,-79.3531,12893.04,244.52,10.06,False,2026-03-11 17:14:23
c1e985,APT2,Canada,51.1085,-114.0243,,15.43,177.19,True,2026-03-11 17:14:23
a51601,DAL183,United States,42.1027,-70.0878,7924.8,213.27,257.04,False,2026-03-11 17:14:23
a6c15f,VJA534,United States,38.5094,-111.0562,12877.8,231.4,49.69,False,2026-03-11 17:14:23
c0405a,ROU1701,Canada,44.2178,-103.2163,9753.6,201.11,249.02,False,2026-03-11 17:14:23
a76901,N577GA,United States,27.125,-80.1628,2423.16,140.74,165.61,False,2026-03-11 17:14:23
a01f56,N107GL,United States,32.8553,-84.2335,11894.82,241.94,168.59,False,2026-03-11 17:14:23
a491f1,DAL768,United States,37.8582,-100.2955,11277.6,271.94,100.35,False,2026-03-11 17:14:23
a5a17d,,United States,29.0516,-81.3003,160.02,40.01,225.0,False,2026-03-11 17:14:23
a7da55,N605FF,United States,33.7354,-117.4044,1028.7,59.11,121.48,False,2026-03-11 17:14:23
a97ac1,N71LU,United States,38.9679,-77.4541,,0.0,180.0,True,2026-03-11 17:14:23
a3117c,SWA2795,United States,38.5747,-76.6382,5928.36,192.69,199.98,False,2026-03-11 17:14:23
aceb76,EDV4901,United States,37.3322,-76.2078,9144.0,225.73,219.82,False,2026-03-11 17:14:23
c0404e,WJA2908,Canada,45.4581,-73.7408,,2.83,47.81,True,2026-03-11 17:14:23
c0404f,ROU2057,Canada,45.5575,-73.0396,8542.02,192.02,267.85,False,2026-03-11 17:14:23
a3d60f,N34606,United States,31.8551,-80.9419,2903.22,64.96,209.41,False,2026-03-11 17:14:23
a5a187,N462FA,United States,39.6542,-75.588,350.52,49.6,84.64,False,2026-03-11 17:14:23
a93418,N692W,United States,35.6358,-107.2737,4183.38,104.6,325.22,False,2026-03-11 17:14:23
a73aad,LFA323,United States,28.7785,-81.2475,-22.86,33.45,88.24,False,2026-03-11 17:14:23
a55d7b,N445D,United States,39.5537,-74.9609,1356.36,34.78,209.22,False,2026-03-11 17:14:23
c07995,TSC233,Canada,46.5305,-69.7176,11582.4,184.33,258.41,False,2026-03-11 17:14:23
a6e767,,United States,41.9754,-87.9053,,1.54,292.5,True,2026-03-11 17:14:23
a5a10a,AAL767,United States,41.6216,-112.9013,10363.2,181.71,306.48,False,2026-03-11 17:14:23
a79111,N587MW,United States,32.6868,-97.1184,617.22,61.32,232.84,False,2026-03-11 17:14:23
0d085c,AMX091,Mexico,28.8568,-109.971,12489.18,258.74,130.4,False,2026-03-11 17:14:23
a26661,ASI145,United States,33.6858,-112.1073,586.74,36.56,92.42,False,2026-03-11 17:14:23
a0c3c9,N1487V,United States,33.2963,-116.984,1844.04,48.37,321.91,False,2026-03-11 17:14:23
a61ad7,N4927D,United States,35.7616,-80.9157,419.1,33.91,279.61,False,2026-03-11 17:14:23
a2af59,EJA272,United States,35.9646,-115.1365,,6.43,180.0,True,2026-03-11 17:14:23
a060ae,AAL896,United States,26.3772,-98.421,2773.68,151.05,320.94,False,2026-03-11 17:14:23
a00032,N1BY,United States,34.1988,-111.8958,1706.88,81.87,9.4,False,2026-03-11 17:14:23
a25f6d,N252FD,United States,28.1183,-81.7717,1043.94,50.6,42.94,False,2026-03-11 17:14:23
a3c1e6,DZR341,United States,39.3204,-110.3063,13106.4,190.64,260.05,False,2026-03-11 17:14:23
a887e0,NKS1633,United States,39.3836,-94.7426,1325.88,116.4,310.52,False,2026-03-11 17:14:23
a80d40,JBU2321,United States,31.4953,-78.6301,10972.8,240.27,195.52,False,2026-03-11 17:14:23
a1e3b4,N2202W,United States,32.8185,-97.4688,1097.28,52.08,163.35,False,2026-03-11 17:14:23
a7f411,N611SM,United States,37.338,-121.8192,,0.77,39.38,True,2026-03-11 17:14:23
c016ee,CFIRT,Canada,50.0108,-119.3854,701.04,70.71,175.41,False,2026-03-11 17:14:23
a00c80,DAL952,United States,40.8274,-110.7168,7345.68,246.54,99.25,False,2026-03-11 17:14:23
c04009,CFYGM,Canada,50.5814,-97.0641,609.6,56.82,5.19,False,2026-03-11 17:14:23
a514ff,N4265Q,United States,32.2766,-96.8707,579.12,47.56,105.69,False,2026-03-11 17:14:23
a0d6fb,SKW4773,United States,38.3101,-99.3824,10668.0,258.14,68.86,False,2026-03-11 17:14:23
a56485,N4469L,United States,40.6057,-111.9912,1310.64,36.56,177.58,False,2026-03-11 17:14:23
adc2dd,EJA986,United States,27.1769,-80.2209,,0.0,199.69,True,2026-03-11 17:14:23
a3861f,AAL795,United States,33.4384,-112.003,,0.0,0.0,True,2026-03-11 17:14:23
a1efe7,ASA364,United States,29.3979,-97.0035,10363.2,226.15,306.58,False,2026-03-11 17:14:23
c1e972,APT1,Canada,51.1267,-114.0086,,0.06,123.75,True,2026-03-11 17:14:23
04014e,ETH553,Ethiopia,46.1909,-73.391,10668.0,292.41,53.01,False,2026-03-11 17:14:23
a2af2a,AAY906,United States,42.5947,-70.7476,2994.66,159.7,8.52,False,2026-03-11 17:14:23
a13f96,N18NY,United States,34.1475,-118.5517,1813.56,114.83,291.28,False,2026-03-11 17:14:23
a2b620,N274J,United States,37.9327,-120.4365,1379.22,82.12,322.13,False,2026-03-11 17:14:23
a2531f,N249TH,United States,39.8834,-104.8379,1539.24,20.07,88.53,False,2026-03-11 17:14:23
a70778,GJS4585,United States,40.7234,-83.6808,11269.98,275.5,92.57,False,2026-03-11 17:14:23
a73ab6,JIA5616,United States,32.3638,-81.2347,1188.72,122.78,129.56,False,2026-03-11 17:14:23
a25f74,N252FL,United States,28.5482,-81.3292,,6.17,67.5,True,2026-03-11 17:14:23
ac4d05,CMD7,United States,35.1531,-119.7112,1356.36,62.29,67.67,False,2026-03-11 17:14:23
ac17b0,SWA4225,United States,29.6698,-92.7087,10568.94,258.31,91.26,False,2026-03-11 17:14:23
a81453,N62EL,United States,37.5981,-120.9174,4145.28,134.08,351.84,False,2026-03-11 17:14:23
a79d78,ASA656,United States,39.8061,-122.2132,11582.4,221.92,2.39,False,2026-03-11 17:14:23
a6c120,AAL2150,United States,34.1831,-80.8,6134.1,220.25,175.85,False,2026-03-11 17:14:23
ad129d,N941TW,United States,38.0325,-122.0327,167.64,45.7,211.18,False,2026-03-11 17:14:23
a78a52,AAL2062,United States,35.9679,-97.436,7315.2,229.54,262.14,False,2026-03-11 17:14:23
a31ca6,N3WT,United States,34.9894,-81.387,9144.0,153.0,233.48,False,2026-03-11 17:14:23
aa6e5f,N771SS,United States,31.6468,-81.1778,4541.52,131.39,187.88,False,2026-03-11 17:14:23
a0bcb2,AAL2655,United States,40.5386,-111.1806,9144.0,191.04,313.58,False,2026-03-11 17:14:23
a0bcb7,CNS2112,United States,39.9895,-106.0718,5486.4,109.72,272.96,False,2026-03-11 17:14:23
a0133b,N1037W,United States,33.361,-80.6655,6347.46,111.76,321.92,False,2026-03-11 17:14:23
a2af23,ENY3520,United States,39.9895,-82.8363,480.06,66.52,273.99,False,2026-03-11 17:14:23
ac671b,DAL532,United States,42.5401,-96.704,9753.6,196.39,260.96,False,2026-03-11 17:14:23
a80d4a,N618JM,United States,38.3421,-75.3758,662.94,45.56,276.48,False,2026-03-11 17:14:23
a0c3b6,CSB7797,United States,25.1774,-79.9422,5783.58,227.26,163.7,False,2026-03-11 17:14:23
a00022,N1BG,United States,31.9345,-106.1196,8534.4,239.67,277.4,False,2026-03-11 17:14:23
a073cc,ASI73,United States,32.9935,-112.0882,1348.74,50.46,182.34,False,2026-03-11 17:14:23
a00c5c,WUP102,United States,32.5619,-80.2025,3291.84,156.99,231.25,False,2026-03-11 17:14:23
a203a9,ENY3740,United States,29.167,-97.3332,9753.6,194.48,180.76,False,2026-03-11 17:14:23
ab473a,AAL2531,United States,37.1759,-76.1062,8839.2,228.85,28.75,False,2026-03-11 17:14:23
c05f94,ROU1721,Canada,39.5877,-102.6205,10355.58,201.44,228.0,False,2026-03-11 17:14:23
a68485,SKW4935,United States,37.3944,-113.1714,10363.2,212.6,334.18,False,2026-03-11 17:14:23
a5031a,AAL2346,United States,37.2409,-111.144,10058.4,260.94,71.49,False,2026-03-11 17:14:23
a3cf6d,UAL677,United States,33.3413,-77.8269,10363.2,241.11,196.23,False,2026-03-11 17:14:23
a49f87,,United States,32.8942,-97.0342,,3.6,90.0,True,2026-03-11 17:14:23
a37f8d,JBU1336,United States,43.3282,-81.2261,8229.6,274.77,76.8,False,2026-03-11 17:14:23
a2b66c,N274MA,United States,28.7316,-82.1008,838.2,52.69,80.45,False,2026-03-11 17:14:23
ac65a5,N89815,United States,33.2602,-117.244,1036.32,34.1,236.07,False,2026-03-11 17:14:23
a43ce4,N372TB,United States,35.2765,-110.6391,8229.6,168.28,82.09,False,2026-03-11 17:14:23
a563b1,N4463J,United States,40.0829,-86.3666,701.04,44.47,318.75,False,2026-03-11 17:14:23
a43ce3,N372TA,United States,39.1145,-78.0136,937.26,39.01,228.74,False,2026-03-11 17:14:23
abe501,SWA1692,United States,38.045,-104.9638,10363.2,198.07,265.83,False,2026-03-11 17:14:23
a2fcf2,ASA30,United States,37.7379,-122.1114,2552.7,148.23,76.35,False,2026-03-11 17:14:23
aaab05,N787FA,United States,35.4339,-119.0519,38.1,2.77,111.8,False,2026-03-11 17:14:23
a68fe6,N5216Y,United States,36.1572,-84.176,3017.52,70.71,318.54,False,2026-03-11 17:14:23
a49331,N394RW,United States,32.7953,-96.7056,922.02,96.97,231.25,False,2026-03-11 17:14:23
a6495f,LXJ504,United States,36.0989,-106.5127,13723.62,205.38,253.11,False,2026-03-11 17:14:23
a75634,DAL336,United States,40.5633,-73.9072,4000.5,156.04,160.55,False,2026-03-11 17:14:23
c029dd,ACA1236,Canada,30.4784,-78.9752,10972.8,242.24,196.28,False,2026-03-11 17:14:23
c06627,CGMRU,Canada,51.1038,-114.3693,,0.0,182.81,True,2026-03-11 17:14:23
a2af88,N272SP,United States,39.7734,-104.5183,1889.76,51.61,184.57,False,2026-03-11 17:14:23
ab3ee2,ASH3989,United States,39.2266,-88.6867,10195.56,165.45,255.96,False,2026-03-11 17:14:23
a5b3a7,AAL1057,United States,42.3605,-71.019,,0.0,30.94,True,2026-03-11 17:14:23
a5acac,N465FA,United States,40.6051,-75.4906,601.98,44.44,200.32,False,2026-03-11 17:14:23
a68ff6,N5217D,United States,33.3742,-97.6679,1188.72,38.12,338.63,False,2026-03-11 17:14:23
a74f33,JBU1086,United States,33.5103,-82.1422,10660.38,226.64,355.18,False,2026-03-11 17:14:23
a50341,N422CB,United States,40.802,-73.4129,289.56,25.87,162.65,False,2026-03-11 17:14:23
a3b00a,N337CH,United States,33.6258,-78.97,6035.04,79.2,208.73,False,2026-03-11 17:14:23
a3866a,UPS2971,United States,38.3319,-92.118,10668.0,250.49,118.72,False,2026-03-11 17:14:23
ab952f,N8453B,United States,29.3079,-81.1152,-30.48,33.5,169.38,False,2026-03-11 17:14:23
a2af80,N272SF,United States,34.7254,-114.2806,12496.8,225.1,92.88,False,2026-03-11 17:14:23
a2668b,MXY779,United States,36.9451,-79.1579,10363.2,219.57,216.52,False,2026-03-11 17:14:23
aba8d1,N850RB,United States,41.5787,-115.1039,8534.4,136.65,234.04,False,2026-03-11 17:14:23
ab3ef8,N8234V,United States,37.4832,-120.8084,967.74,57.0,143.44,False,2026-03-11 17:14:23
ac9b0d,N911GW,United States,37.8302,-122.0237,2613.66,122.55,31.09,False,2026-03-11 17:14:23
a25f8c,N252GK,United States,41.0793,-73.7162,175.26,40.59,149.53,False,2026-03-11 17:14:23
a24014,ENY3605,United States,46.422,-95.7869,4389.12,164.46,305.58,False,2026-03-11 17:14:23
ad2517,SKW6064,United States,41.9884,-87.9004,,11.83,177.19,True,2026-03-11 17:14:23
a00059,N1DM,United States,31.5232,-89.2883,13106.4,231.08,284.44,False,2026-03-11 17:14:23
c04c36,WJA671,Canada,52.2528,-103.597,11582.4,211.28,266.65,False,2026-03-11 17:14:23
a86f44,N64217,United States,33.4319,-111.7419,640.08,39.29,223.94,False,2026-03-11 17:14:23
a7a60e,JIA5628,United States,36.0509,-77.2128,8534.4,230.46,196.74,False,2026-03-11 17:14:23
a37337,NDU321,United States,32.9904,-111.9353,601.98,39.0,329.04,False,2026-03-11 17:14:23
ab2bd1,N819LM,United States,39.6898,-87.2772,8229.6,139.58,161.97,False,2026-03-11 17:14:23
acaec8,AAL1562,United States,32.9032,-97.0462,,2.83,104.06,True,2026-03-11 17:14:23
abcb07,N859ZA,United States,33.5519,-82.1465,9144.0,160.04,175.21,False,2026-03-11 17:14:23
a37335,DAL1143,United States,33.6446,-118.2699,4518.66,195.49,90.0,False,2026-03-11 17:14:23
a39997,XSR331,United States,37.8801,-98.7944,13716.0,253.45,78.05,False,2026-03-11 17:14:23
a5034d,N422CP,United States,45.2334,-121.4357,13716.0,244.01,169.92,False,2026-03-11 17:14:23
a4dc67,N412JS,United States,26.5317,-80.3676,6835.14,94.67,359.07,False,2026-03-11 17:14:23
a1a994,N206PB,United States,33.6302,-83.1109,1737.36,62.28,172.41,False,2026-03-11 17:14:23
ac0543,VTE3552,United States,36.2916,-93.9681,7315.2,246.28,44.58,False,2026-03-11 17:14:23
a7a616,DAL2208,United States,40.7076,-100.7606,10363.2,209.54,230.88,False,2026-03-11 17:14:23
aba8eb,N850SC,United States,32.4616,-81.9117,5486.4,127.71,267.46,False,2026-03-11 17:14:23
adb08b,LY748,United States,30.6973,-86.899,228.6,60.07,28.1,False,2026-03-11 17:14:23
a3c35d,N3410,United States,30.8172,-86.2537,11277.6,247.55,91.67,False,2026-03-11 17:14:23
ac65bb,SWA2645,United States,39.8635,-104.6784,1524.0,0.0,180.0,True,2026-03-11 17:14:23
ac4bb8,SWA1839,United States,27.7295,-82.9386,1760.22,124.89,132.5,False,2026-03-11 17:14:23
a5b3ad,ASA421,United States,40.1659,-115.4507,10668.0,255.74,145.16,False,2026-03-11 17:14:23
a336dc,AAY1625,United States,36.196,-114.7547,5836.92,209.9,90.28,False,2026-03-11 17:14:23
a719ff,LXJ557,United States,28.0493,-79.309,10972.8,257.14,124.48,False,2026-03-11 17:14:23
a85c03,TCF638,United States,28.0941,-80.6393,-60.96,31.9,37.79,False,2026-03-11 17:14:23
ab8e6c,SKW4639,United States,37.3198,-122.1855,1706.88,118.29,64.77,False,2026-03-11 17:14:23
aba8ff,SCX602,United States,33.4322,-111.9968,,0.0,90.0,True,2026-03-11 17:14:23
a97aff,N71PF,United States,40.9505,-73.4303,411.48,77.8,305.58,False,2026-03-11 17:14:23
ad252d,N946TT,United States,35.0765,-118.7165,3307.08,91.46,342.99,False,2026-03-11 17:14:23
a49378,N394US,United States,33.6655,-97.3729,1424.94,39.73,4.46,False,2026-03-11 17:14:23
a06e0b,DAL390,United States,36.132,-92.6022,10073.64,250.58,107.32,False,2026-03-11 17:14:23
a4f601,EPI544,United States,29.0717,-80.9433,137.16,41.17,88.57,False,2026-03-11 17:14:23
ad2531,TCN946,United States,40.7892,-74.2068,1394.46,115.11,196.09,False,2026-03-11 17:14:23
c07915,WEN3420,Canada,49.1929,-123.1961,,3.6,258.75,True,2026-03-11 17:14:23
ab45fa,N8251S,United States,39.6384,-77.0269,457.2,28.61,232.31,False,2026-03-11 17:14:23
a8aaff,FFT1875,United States,30.1466,-102.0708,8534.4,214.9,295.83,False,2026-03-11 17:14:23
a038d5,N113RF,United States,32.2839,-106.9134,,0.0,8.44,True,2026-03-11 17:14:23
a63616,N5JR,United States,36.3741,-94.7569,5486.4,110.68,281.26,False,2026-03-11 17:14:23
a4dc08,N412EX,United States,33.7781,-84.3776,548.64,51.02,266.53,False,2026-03-11 17:14:23
ad98f7,BL528,United States,30.2464,-87.9848,609.6,46.22,106.82,False,2026-03-11 17:14:23
acb5ac,N918PD,United States,40.5887,-73.8809,30.48,4.66,173.66,False,2026-03-11 17:14:23
ac65dc,SWA2100,United States,33.512,-95.2617,11285.22,231.42,127.69,False,2026-03-11 17:14:23
a5a19c,LXJ462,United States,39.7051,-72.0221,10035.54,243.56,146.11,False,2026-03-11 17:14:23
a07514,BPX270,United States,26.1471,-80.7255,861.06,57.01,280.4,False,2026-03-11 17:14:23
ad1218,AAL3258,United States,29.7801,-94.7403,4267.2,203.52,100.49,False,2026-03-11 17:14:23
abe53c,DOW866,United States,25.7997,-81.3439,2766.06,154.4,295.46,False,2026-03-11 17:14:23
a01ec9,N107AV,United States,33.2538,-88.7875,12192.0,236.22,299.92,False,2026-03-11 17:14:23
ad3870,DAL2489,United States,32.9781,-86.9459,9144.0,206.3,252.29,False,2026-03-11 17:14:23
ac5efa,SWA1168,United States,36.5557,-111.7698,11887.2,254.78,77.76,False,2026-03-11 17:14:23
c05f0a,JZA798,Canada,47.807,-122.55,2293.62,133.12,99.79,False,2026-03-11 17:14:23
a2404a,EJA244,United States,32.1283,-81.169,76.2,58.67,271.51,False,2026-03-11 17:14:23
ac65fb,SWA4253,United States,32.8598,-111.067,7825.74,242.28,123.22,False,2026-03-11 17:14:23
a2b698,AAY2180,United States,31.9183,-84.0448,10363.2,237.81,349.15,False,2026-03-11 17:14:23
ab8260,N8401M,United States,41.3299,-71.258,1950.72,74.66,262.87,False,2026-03-11 17:14:23
aca2ae,JSX880,United States,38.3677,-75.5309,10972.8,225.74,190.11,False,2026-03-11 17:14:23
aa2701,AAL2664,United States,30.8074,-83.6482,9761.22,225.92,339.75,False,2026-03-11 17:14:23
c05f0f,JZA365,Canada,55.5232,-120.7456,4579.62,164.06,11.94,False,2026-03-11 17:14:23
a56fe1,N45BE,United States,41.7261,-99.6924,11894.82,163.08,292.44,False,2026-03-11 17:14:23
ab8266,N8401T,United States,41.2852,-112.0089,1874.52,57.64,358.47,False,2026-03-11 17:14:23
a4ef52,CRE417,United States,43.0992,-85.3454,9875.52,253.85,84.3,False,2026-03-11 17:14:23
a4dc24,00000000,United States,37.584,-98.2974,7315.2,97.97,259.1,False,2026-03-11 17:14:23
a310c5,BPX297,United States,29.6169,-81.1937,944.88,47.37,272.49,False,2026-03-11 17:14:23
a62f3f,EJA498,United States,29.7212,-95.3814,1249.68,122.71,303.02,False,2026-03-11 17:14:23
a2f0aa,AAY754,United States,42.8905,-105.7087,10675.62,218.1,26.63,False,2026-03-11 17:14:23
a2fcee,CNS888,United States,30.4596,-81.8194,579.12,77.45,70.6,False,2026-03-11 17:14:23
a4e307,AAL1908,United States,34.815,-105.0345,10668.0,243.57,99.48,False,2026-03-11 17:14:23
a50329,PJC22,United States,41.449,-76.7793,8229.6,244.96,60.15,False,2026-03-11 17:14:23
a443d3,JTZ374,United States,33.5123,-83.7261,2842.26,155.7,340.91,False,2026-03-11 17:14:23
a06e11,DAL2455,United States,40.4158,-106.8356,11277.6,291.71,106.39,False,2026-03-11 17:14:23
aab267,BPX215,United States,34.1334,-84.7297,1638.3,40.07,318.12,False,2026-03-11 17:14:23
ac52e2,SWA168,United States,39.2817,-82.7021,3977.64,144.8,278.99,False,2026-03-11 17:14:23
a49f89,UAL8185,United States,41.9829,-87.9098,,5.14,261.56,True,2026-03-11 17:14:23
ac402d,N889KH,United States,25.5962,-79.2987,7117.08,226.16,112.89,False,2026-03-11 17:14:23
a9cc41,NKS1755,United States,32.4559,-78.1939,10668.0,216.76,7.23,False,2026-03-11 17:14:23
a8a017,JBU37,United States,37.7562,-75.7014,10378.44,228.76,214.83,False,2026-03-11 17:14:23
c051cc,TSC238,Canada,43.3095,-73.9053,11300.46,240.43,173.12,False,2026-03-11 17:14:23
abdcfd,ASH6222,United States,25.7701,-100.0956,,6.69,120.94,True,2026-03-11 17:14:23
a13ed6,N18FF,United States,25.2563,-80.4404,7.62,16.76,107.88,False,2026-03-11 17:14:23
a7ecef,N61FN,United States,36.124,-86.6792,,3.6,289.69,True,2026-03-11 17:14:23
ad6c71,EJA964,United States,29.2608,-98.2775,10058.4,218.46,151.44,False,2026-03-11 17:14:23
ac4040,N889LB,United States,40.0834,-92.6587,13098.78,176.16,272.85,False,2026-03-11 17:14:23
a06e4a,N127GA,United States,45.0374,-94.1542,3855.72,123.06,279.38,False,2026-03-11 17:14:23
a038fd,N113SW,United States,44.866,-93.7355,822.96,61.43,184.8,False,2026-03-11 17:14:23
a32509,GLF24,United States,33.3026,-111.6609,,0.0,315.0,True,2026-03-11 17:14:23
0a8058,BHS171,Bahamas,25.9202,-79.7873,838.2,132.16,294.37,False,2026-03-11 17:14:23
a038ff,SKW5876,United States,41.9874,-88.0647,1386.84,128.84,273.43,False,2026-03-11 17:14:23
c051e0,PBR635,Canada,51.4167,-98.5904,8229.6,140.9,162.36,False,2026-03-11 17:14:23
a5fc9b,EJA485,United States,40.8181,-74.3596,2301.24,125.06,271.65,False,2026-03-11 17:14:23
c051e2,ACA303,Canada,51.9622,-99.6372,11582.4,230.21,279.78,False,2026-03-11 17:14:23
ac668d,SWA2660,United States,35.8635,-112.4579,11582.4,212.65,248.28,False,2026-03-11 17:14:23
a9e65d,N737PM,United States,33.9738,-117.5603,640.08,44.09,109.07,False,2026-03-11 17:14:23
a7302f,AAL2470,United States,35.9402,-85.6941,9136.38,208.99,284.1,False,2026-03-11 17:14:23
a06e68,N127HF,United States,41.0081,-72.9346,632.46,35.68,151.59,False,2026-03-11 17:14:23
a1f822,RPA5774,United States,38.6233,-85.7273,9014.46,198.93,167.15,False,2026-03-11 17:14:23
ac4c8a,SWA2422,United States,37.1282,-106.6791,9753.6,215.72,252.08,False,2026-03-11 17:14:23
a0c51a,N149LA,United States,33.4884,-113.2611,2354.58,57.33,275.15,False,2026-03-11 17:14:23
a7ecde,N61EW,United States,39.62,-74.1855,670.56,49.41,218.66,False,2026-03-11 17:14:23
ad23f4,CFS8667,United States,44.857,-121.5697,3261.36,102.23,136.02,False,2026-03-11 17:14:23
ad7f96,SWA3281,United States,36.5901,-119.7874,12192.0,214.71,332.15,False,2026-03-11 17:14:23
adc30c,PJC45,United States,38.8455,-102.1464,12504.42,275.27,89.04,False,2026-03-11 17:14:23
c0179d,CFIYM,Canada,54.6111,-128.7577,0.0,38.89,332.42,False,2026-03-11 17:14:23
a06e71,RPA4607,United States,34.9258,-81.6189,9448.8,238.83,48.93,False,2026-03-11 17:14:23
ac669c,N89887,United States,27.364,-81.8608,1310.64,48.75,352.72,False,2026-03-11 17:14:23
ac536c,SWA4590,United States,32.7313,-117.1902,,0.0,196.88,True,2026-03-11 17:14:23
a97c40,N710CA,United States,28.8003,-81.2226,228.6,50.97,272.31,False,2026-03-11 17:14:23
ad10d1,N9409X,United States,32.6821,-97.3029,457.2,65.8,9.9,False,2026-03-11 17:14:23
ab2080,N816JT,United States,38.7175,-104.0276,3322.32,88.64,298.8,False,2026-03-11 17:14:23
add66d,AAL2672,United States,40.0634,-75.35,1836.42,157.21,93.56,False,2026-03-11 17:14:23
a18e0b,HOB1,United States,37.2557,-91.5458,13098.78,204.5,256.17,False,2026-03-11 17:14:23
ac537f,ASH6236,United States,32.6975,-82.9842,9845.04,211.03,248.25,False,2026-03-11 17:14:23
aa0c89,N74699,United States,33.4504,-117.7668,1249.68,72.85,306.38,False,2026-03-11 17:14:23
a21839,ENY3773,United States,25.7549,-80.1542,1303.02,123.47,119.45,False,2026-03-11 17:14:23
a18e31,N2JZ,United States,35.2345,-110.3755,8229.6,129.51,45.64,False,2026-03-11 17:14:23
c051da,TSC643,Canada,26.1724,-79.8638,2461.26,141.31,54.63,False,2026-03-11 17:14:23
aa60bb,ENY3355,United States,42.1204,-87.4242,4762.5,206.88,91.57,False,2026-03-11 17:14:23
a158d1,N186V,United States,46.3417,-94.0523,1775.46,53.61,333.19,False,2026-03-11 17:14:23
a025bc,BPX279,United States,29.7048,-81.3215,944.88,43.73,154.94,False,2026-03-11 17:14:23
acfcff,LFA689,United States,30.0955,-81.7504,1310.64,60.97,264.67,False,2026-03-11 17:14:23
ad6040,DAL1345,United States,40.4804,-79.9937,960.12,91.09,261.23,False,2026-03-11 17:14:23
ac538f,SWA120,United States,41.8453,-91.2001,10363.2,189.33,269.38,False,2026-03-11 17:14:23
a05b20,N122A,United States,25.5693,-80.2296,1775.46,149.0,266.24,False,2026-03-11 17:14:23
a2eb19,PFA319,United States,27.6769,-80.3257,556.26,48.53,68.88,False,2026-03-11 17:14:23
a1e546,N221FS,United States,29.593,-83.1722,2377.44,99.93,343.24,False,2026-03-11 17:14:23
a1e53b,LVA221,United States,41.9729,-87.3916,13716.0,215.74,277.26,False,2026-03-11 17:14:23
a18e86,N2NJ,United States,40.2278,-74.6395,640.08,44.62,290.94,False,2026-03-11 17:14:23
aa60af,EJA768,United States,31.0092,-94.5007,12298.68,271.03,54.89,False,2026-03-11 17:14:23
0d06d5,XAARO,Mexico,31.0595,-93.6037,12496.8,275.95,48.7,False,2026-03-11 17:14:23
a813aa,BYF30,United States,37.6763,-121.3652,243.84,40.01,278.13,False,2026-03-11 17:14:23
a44525,N3741C,United States,32.9575,-83.6989,1021.08,102.99,17.44,False,2026-03-11 17:14:23
a61029,N490AS,United States,32.794,-97.1461,335.28,28.31,24.7,False,2026-03-11 17:14:23
a31216,UAL554,United States,36.4414,-79.5885,11887.2,243.16,54.12,False,2026-03-11 17:14:23
a8d95e,FLC67,United States,33.8165,-81.2876,1539.24,129.85,49.18,False,2026-03-11 17:14:23
a0757f,DAL2667,United States,37.2525,-98.1423,11582.4,207.0,193.66,False,2026-03-11 17:14:23
a05b78,DAL387,United States,35.2601,-85.3034,7581.9,226.73,308.27,False,2026-03-11 17:14:23
a1f884,ENY3491,United States,27.2285,-97.4636,7620.0,230.57,340.31,False,2026-03-11 17:14:23
aff011,R43536,United States,31.8849,-106.6836,1310.64,48.83,106.53,False,2026-03-11 17:14:23
a5f022,N482BB,United States,28.4674,-87.805,12496.8,239.6,111.28,False,2026-03-11 17:14:23
a6d3c2,VOI3359,United States,32.4971,-116.8473,746.76,86.97,295.96,False,2026-03-11 17:14:23
a19566,EPI770,United States,29.0545,-80.9597,76.2,34.33,240.36,False,2026-03-11 17:14:23
a3bc8e,N34SJ,United States,33.2157,-116.8727,5539.74,141.51,44.85,False,2026-03-11 17:14:23
a1cb0f,UAL435,United States,37.9778,-121.25,6949.44,248.05,76.08,False,2026-03-11 17:14:23
c01761,WEN3376,Canada,52.5717,-113.2145,7620.0,168.32,13.61,False,2026-03-11 17:14:23
acf0d8,ASA497,United States,47.4606,-122.3179,45.72,74.6,180.4,False,2026-03-11 17:14:23
aa1350,N7485G,United States,32.9517,-96.231,1417.32,43.3,203.82,False,2026-03-11 17:14:23
0d06e5,SLI978,Mexico,32.5827,-85.9956,7178.04,248.56,55.88,False,2026-03-11 17:14:23
a4e370,ERU414,United States,29.1873,-81.0413,15.24,32.91,245.04,False,2026-03-11 17:14:23
a252ae,AAY939,United States,40.2224,-89.2656,3017.52,158.31,332.52,False,2026-03-11 17:14:23
aa86fb,CKS551,United States,49.8761,-103.0581,9448.8,273.27,124.65,False,2026-03-11 17:14:23
aa6cf2,N771CB,United States,28.175,-82.8467,228.6,79.56,340.74,False,2026-03-11 17:14:23
aa6cf1,N771CA,United States,27.5023,-82.4572,1158.24,55.6,218.99,False,2026-03-11 17:14:23
ab58c1,N830EC,United States,28.6616,-96.576,5334.0,176.96,64.7,False,2026-03-11 17:14:23
a9e628,N737MJ,United States,30.1343,-98.0135,350.52,10.42,147.09,False,2026-03-11 17:14:23
a6d3b3,AAL3145,United States,34.658,-77.3442,9753.6,240.79,197.66,False,2026-03-11 17:14:23
a670b4,CXK519,United States,40.8589,-74.2945,281.94,34.08,208.89,False,2026-03-11 17:14:23
a2fe32,BPX292,United States,25.0296,-80.5034,342.9,50.97,222.55,False,2026-03-11 17:14:23
ac407d,AAL1383,United States,25.7564,-80.2094,792.48,124.77,141.19,False,2026-03-11 17:14:23
a706ea,ASA659,United States,41.975,-117.0444,11170.92,265.89,144.93,False,2026-03-11 17:14:23
aa265e,NDU753,United States,33.2716,-111.669,693.42,49.39,0.0,False,2026-03-11 17:14:23
a12bc7,ASI142,United States,33.0818,-112.6987,830.58,50.76,162.3,False,2026-03-11 17:14:23
a5a0c4,N4618B,United States,40.1182,-104.852,1889.76,69.43,276.81,False,2026-03-11 17:14:23
a44502,DAL2100,United States,39.3726,-105.8437,10073.64,279.77,114.21,False,2026-03-11 17:14:23
c051c6,TSC595,Canada,27.0043,-84.1335,10058.4,235.36,32.23,False,2026-03-11 17:14:23
aa3994,AAL371Q,United States,41.1168,-93.7397,2133.6,127.57,32.99,False,2026-03-11 17:14:23
aba8a7,N850PK,United States,37.4794,-85.5463,9448.8,176.78,102.09,False,2026-03-11 17:14:23
0a8070,WST102,Bahamas,25.74,-79.2656,3703.32,158.3,288.96,False,2026-03-11 17:14:23
a7f3ae,JIA5385,United States,35.3746,-81.3432,4701.54,185.75,330.1,False,2026-03-11 17:14:23
a959df,SKW6307,United States,32.0273,-110.9491,2057.4,140.4,304.1,False,2026-03-11 17:14:23
a37ec4,AAL540,United States,40.9727,-89.0923,6400.8,256.01,42.31,False,2026-03-11 17:14:23
a37eb0,AAL2933,United States,33.5496,-113.4878,10972.8,211.82,287.82,False,2026-03-11 17:14:23
a85c3e,JBU1606,United States,28.8457,-82.6131,7155.18,216.63,353.04,False,2026-03-11 17:14:23
a05b59,N122CG,United States,27.9961,-80.3803,2529.84,82.25,167.35,False,2026-03-11 17:14:23
a8bf2d,,United States,33.9809,-83.9625,274.32,2.77,111.8,False,2026-03-11 17:14:23
a97c18,ASA668,United States,45.4189,-122.7357,2308.86,126.39,338.76,False,2026-03-11 17:14:23
a1954b,N20065,United States,25.6512,-80.4741,121.92,36.58,86.78,False,2026-03-11 17:14:23
aa86db,N778BC,United States,31.5376,-105.5467,5059.68,136.33,294.05,False,2026-03-11 17:14:23
a07579,DAL1570,United States,39.5392,-73.8544,10363.2,219.35,224.9,False,2026-03-11 17:14:23
a06e7b,N127J,United States,31.8641,-82.8651,2537.46,75.12,203.4,False,2026-03-11 17:14:23
a1954d,EPI779,United States,29.005,-81.1898,624.84,57.21,311.72,False,2026-03-11 17:14:23
a132b3,CXK601,United States,33.0764,-111.4408,1882.14,34.41,58.45,False,2026-03-11 17:14:23
a826f1,SKW5673,United States,39.4744,-104.3758,3451.86,139.11,299.22,False,2026-03-11 17:14:23
a33843,JBU312,United States,42.6777,-78.3016,12192.0,277.07,87.34,False,2026-03-11 17:14:23
a61bb1,ERU493,United States,29.298,-81.1953,281.94,47.4,154.27,False,2026-03-11 17:14:23
ab2c0b,AAY3914,United States,34.874,-77.9378,10058.4,231.87,31.57,False,2026-03-11 17:14:23
ab09ea,N810FS,United States,25.4401,-80.5805,563.88,44.82,221.74,False,2026-03-11 17:14:23
a5c84b,N4718K,United States,39.1782,-119.7526,1615.44,56.55,111.9,False,2026-03-11 17:14:23
a62ee6,GTI8592,United States,28.9408,-90.1528,10972.8,217.73,283.81,False,2026-03-11 17:14:23
a5ae2f,SWA4471,United States,41.7236,-87.6776,685.8,75.67,348.23,False,2026-03-11 17:14:23
a44560,UAL1994,United States,44.9879,-92.7347,10363.2,207.94,289.51,False,2026-03-11 17:14:23
a372e0,ENY4202,United States,38.7993,-104.7002,,0.26,270.0,True,2026-03-11 17:14:23
a0b25e,N144JK,United States,40.929,-73.3111,609.6,51.31,244.46,False,2026-03-11 17:14:23
a80e20,VN2,United States,30.1126,-86.427,7818.12,251.44,331.13,False,2026-03-11 17:14:23
a0628f,AAL852,United States,32.8993,-97.035,,3.34,241.88,True,2026-03-11 17:14:23
a385ee,EDV5262,United States,41.6642,-77.4236,10660.38,259.54,85.57,False,2026-03-11 17:14:23
a70848,EJA552,United States,43.0462,-81.8002,13106.4,167.86,267.54,False,2026-03-11 17:14:23
a0ab8d,N142QS,United States,32.5374,-111.1254,13106.4,253.51,172.89,False,2026-03-11 17:14:23
a9c093,N72749,United States,35.5525,-119.0642,2773.68,75.49,155.01,False,2026-03-11 17:14:23
a31e86,REH3,United States,37.6784,-120.9996,297.18,44.47,299.83,False,2026-03-11 17:14:23
a5521c,ASA1492,United States,36.6276,-110.1389,11277.6,248.19,61.26,False,2026-03-11 17:14:23
a68546,MMY82,United States,40.4199,-122.2044,1249.68,42.58,154.98,False,2026-03-11 17:14:23
a43e5e,UAL444,United States,37.375,-122.4962,4541.52,190.56,188.85,False,2026-03-11 17:14:23
a3c2d5,UPS5909,United States,38.3806,-85.8814,1143.0,133.28,67.3,False,2026-03-11 17:14:23
acc920,N9228Z,United States,34.4534,-114.441,8221.98,204.57,228.98,False,2026-03-11 17:14:23
aa38db,N758MG,United States,28.0558,-82.7866,6918.96,204.24,0.29,False,2026-03-11 17:14:23
a42b32,DAL3080,United States,45.0589,-93.776,5128.26,172.34,292.28,False,2026-03-11 17:14:23
a1cb5c,PFA314,United States,28.0866,-80.6101,1615.44,46.43,164.58,False,2026-03-11 17:14:23
a6ce21,,United States,34.1105,-117.6908,381.0,38.9,249.89,False,2026-03-11 17:14:23
c01725,ACA1370,Canada,25.8616,-84.9647,10972.8,243.6,212.58,False,2026-03-11 17:14:23
a4453e,UAL1912,United States,33.7381,-116.616,9517.38,245.5,91.68,False,2026-03-11 17:14:23
a43e60,UAL601,United States,48.2458,-90.3456,9753.6,198.12,268.66,False,2026-03-11 17:14:23
aa883e,ENY3894,United States,41.0949,-86.2418,3413.76,193.2,123.27,False,2026-03-11 17:14:23
a1d235,N2160S,United States,40.5378,-74.5741,190.5,35.82,234.94,False,2026-03-11 17:14:23
a4a897,N4GT,United States,31.3098,-83.1973,8839.2,142.26,196.6,False,2026-03-11 17:14:23
394a0a,AFR4U,France,43.4143,-61.5357,8534.4,238.96,255.16,False,2026-03-11 17:14:23
a05b7e,DAL572,United States,39.1163,-94.6712,1455.42,124.71,207.52,False,2026-03-11 17:14:23
a4dbe3,N412DK,United States,32.7952,-117.1288,297.18,45.39,107.82,False,2026-03-11 17:14:23
a385e7,N326PH,United States,32.4638,-97.8166,388.62,39.93,194.93,False,2026-03-11 17:14:23
a44544,UAL1883,United States,42.835,-85.0543,8534.4,188.21,261.67,False,2026-03-11 17:14:23
a97083,N707W,United States,39.0147,-119.752,1303.02,60.71,179.51,False,2026-03-11 17:14:23
acc954,PDT5878,United States,35.7163,-78.6485,8618.22,224.99,71.19,False,2026-03-11 17:14:23
c01753,ACA105,Canada,51.5884,-107.6923,10972.8,223.9,268.16,False,2026-03-11 17:14:23
ab5993,AAL860,United States,32.8206,-97.0265,518.16,84.88,0.0,False,2026-03-11 17:14:23
a622bc,ASA735,United States,41.2636,-119.9636,10363.2,204.01,341.93,False,2026-03-11 17:14:23
a4e2d5,N41387,United States,32.4715,-83.0017,1638.3,38.41,172.3,False,2026-03-11 17:14:23
a49ecb,N397WN,United States,32.6338,-83.43,1341.12,39.06,192.94,False,2026-03-11 17:14:23
a1e54b,LXJ221,United States,26.7147,-81.3164,4869.18,185.05,75.35,False,2026-03-11 17:14:23
a8a083,NKS1634,United States,36.096,-115.1528,,5.4,8.44,True,2026-03-11 17:14:23
c077c6,CGTJH,Canada,27.7778,-82.2643,335.28,50.85,258.92,False,2026-03-11 17:14:23
a44533,DAL2530,United States,43.1957,-120.9358,11582.4,198.45,335.49,False,2026-03-11 17:14:23
abdcb7,ASH3994,United States,29.5044,-94.28,4076.7,174.14,330.63,False,2026-03-11 17:14:23
ac6645,SWA2709,United States,39.5887,-94.9978,11201.4,282.65,72.85,False,2026-03-11 17:14:23
aac3c1,N793GA,United States,38.4174,-109.4219,13716.0,294.78,89.9,False,2026-03-11 17:14:23
aad6f1,N798NH,United States,42.8243,-122.8885,8839.2,189.03,350.13,False,2026-03-11 17:14:23
a2189e,N234NX,United States,43.0838,-106.3137,2263.14,63.89,13.03,False,2026-03-11 17:14:23
ad2fd0,AAL2878,United States,31.1408,-81.1426,10949.94,241.59,182.93,False,2026-03-11 17:14:23
a2f280,N2895Q,United States,31.1518,-98.9292,2872.74,54.45,112.2,False,2026-03-11 17:14:23
a920f0,N688AA,United States,28.3008,-81.4449,0.0,30.97,147.89,False,2026-03-11 17:14:23
a9704d,DAL855,United States,41.3143,-72.5109,7018.02,224.77,63.49,False,2026-03-11 17:14:23
ac4c44,SWA4655,United States,32.9084,-91.8064,11582.4,192.33,246.18,False,2026-03-11 17:14:23
a528d6,SWA2970,United States,27.2197,-79.6176,7162.8,210.94,195.56,False,2026-03-11 17:14:23
a920f4,PDT6071,United States,39.5728,-74.8925,2537.46,138.6,315.15,False,2026-03-11 17:14:23
c05293,CGFHA,Canada,49.2665,-123.282,243.84,77.36,24.35,False,2026-03-11 17:14:23
ac5326,SWA4669,United States,34.2177,-116.2301,11582.4,212.35,285.89,False,2026-03-11 17:14:23
ac5f5f,ASA1404,United States,37.3873,-120.0083,11887.2,237.37,167.23,False,2026-03-11 17:14:23
a4a82a,CITT96,United States,37.6968,-97.9047,3337.56,102.7,202.07,False,2026-03-11 17:14:23
ac6658,N89869,United States,33.3605,-97.2096,1188.72,36.82,344.6,False,2026-03-11 17:14:23
abefdd,SWA4712,United States,32.7325,-117.19,,7.72,106.88,True,2026-03-11 17:14:23
a85072,N635BK,United States,36.0621,-79.9077,1074.42,21.66,274.09,False,2026-03-11 17:14:23
a4f5a0,ASA798,United States,34.7498,-118.7525,6903.72,203.9,332.01,False,2026-03-11 17:14:23
a2f270,OXF4461,United States,32.4007,-111.1256,1493.52,50.63,5.25,False,2026-03-11 17:14:23
a5f07b,ERU482,United States,28.8609,-81.6521,716.28,55.58,82.02,False,2026-03-11 17:14:23
a06db4,AAL2559,United States,32.8971,-97.0349,,0.0,284.06,True,2026-03-11 17:14:23
ab80b2,JRE840,United States,29.1355,-98.5503,11917.68,235.12,99.32,False,2026-03-11 17:14:23
a97076,N707VM,United States,35.3424,-97.0758,13106.4,227.44,294.59,False,2026-03-11 17:14:23
a9cc7a,EJA730,United States,27.9478,-81.6231,2971.8,185.52,224.78,False,2026-03-11 17:14:23
ac6668,SWA2175,United States,35.1801,-113.5632,8938.26,199.91,320.53,False,2026-03-11 17:14:23
a44591,DAL2411,United States,30.3363,-90.0231,4107.18,202.74,20.96,False,2026-03-11 17:14:23
aca309,AAL1001,United States,27.273,-97.3117,10972.8,212.76,173.61,False,2026-03-11 17:14:23
a70812,JIA5650,United States,27.7315,-80.4208,1767.84,147.8,312.74,False,2026-03-11 17:14:23
acb636,AAL1954,United States,34.4231,-106.3956,10370.82,226.85,256.63,False,2026-03-11 17:14:23
ac4c67,SWA1478,United States,28.6962,-87.3883,10972.8,212.36,301.23,False,2026-03-11 17:14:23
adc313,SKW5634,United States,39.3724,-104.5363,3512.82,106.99,295.95,False,2026-03-11 17:14:23
a768c2,DAL693,United States,37.7068,-109.8786,10347.96,196.52,270.15,False,2026-03-11 17:14:23
ab2034,N816FS,United States,34.8689,-101.2883,4655.82,109.97,292.85,False,2026-03-11 17:14:23
a97c85,SKW4261,United States,47.6186,-101.2694,9753.6,205.2,291.93,False,2026-03-11 17:14:23
abdcdc,ASH4023,United States,30.4597,-89.2601,9753.6,213.45,250.87,False,2026-03-11 17:14:23
a7b8a1,JIA5550,United States,32.552,-99.2549,7924.8,230.71,263.98,False,2026-03-11 17:14:23
ae4ff8,SHWK422,United States,32.5571,-117.1272,22.86,33.2,12.53,False,2026-03-11 17:14:23
abdcda,ASH4066,United States,36.6897,-100.6126,9753.6,202.39,312.94,False,2026-03-11 17:14:23
a44585,UAL501,United States,36.0841,-115.1392,,1.03,115.31,True,2026-03-11 17:14:23
a1cb93,N2146L,United States,36.0432,-79.6207,1158.24,112.17,52.08,False,2026-03-11 17:14:23
ac5349,SWA2321,United States,36.0582,-102.9988,10972.8,203.22,257.72,False,2026-03-11 17:14:23
a920ce,PFA334,United States,28.3149,-80.7181,1135.38,49.46,161.19,False,2026-03-11 17:14:23
a9969b,FFT2446,United States,33.9397,-118.4139,,0.0,264.38,True,2026-03-11 17:14:23
a56531,LXJ447,United States,40.0722,-75.3431,3970.02,206.86,35.59,False,2026-03-11 17:14:23
a1d284,N21621,United States,40.7749,-111.9167,1524.0,47.43,347.47,False,2026-03-11 17:14:23
abe3c8,SWA582,United States,37.418,-82.8305,11887.2,256.55,64.21,False,2026-03-11 17:14:23
ac03e2,SWA715,United States,33.9344,-109.4271,11887.2,244.16,78.45,False,2026-03-11 17:14:23
a85092,N635CS,United States,27.9652,-82.2835,845.82,70.03,272.53,False,2026-03-11 17:14:23
a14700,UAL2743,United States,39.9411,-103.3303,10668.0,279.25,76.58,False,2026-03-11 17:14:23
a2a2e3,UAL2268,United States,34.2836,-117.8113,6865.62,227.15,55.99,False,2026-03-11 17:14:23
a2fe8f,SKW117W,United States,40.7944,-111.9643,,14.92,329.06,True,2026-03-11 17:14:23
a14706,CXK495,United States,40.0789,-104.3326,2232.66,42.81,355.87,False,2026-03-11 17:14:23
ad1cde,JBU2233,United States,47.3785,-83.0546,9768.84,185.04,284.0,False,2026-03-11 17:14:23
a1e58f,RPA5638,United States,37.883,-79.3185,10058.4,246.84,83.78,False,2026-03-11 17:14:23
ad23d5,DAL1479,United States,33.9518,-84.0515,2697.48,118.88,178.51,False,2026-03-11 17:14:23
a7081a,DAL725,United States,32.898,-112.2917,11582.4,221.19,280.32,False,2026-03-11 17:14:23
a55218,AAL776,United States,38.1849,-99.0395,10058.4,271.15,90.98,False,2026-03-11 17:14:23
a98386,ASA399,United States,45.2814,-122.6402,2552.7,141.92,4.57,False,2026-03-11 17:14:23
a54b30,LXJ440,United States,39.8814,-75.121,1219.2,112.58,341.07,False,2026-03-11 17:14:23
a44570,DAL354,United States,47.5236,-116.794,10972.8,157.43,274.69,False,2026-03-11 17:14:23
ab2c8e,UAL307,United States,39.751,-84.751,9441.18,250.9,114.73,False,2026-03-11 17:14:23
ab93fc,N845S,United States,34.1292,-83.714,7620.0,111.77,158.39,False,2026-03-11 17:14:23
ac03f2,ASH3990,United States,30.6674,-91.0662,10668.0,253.76,47.38,False,2026-03-11 17:14:23
ad6c3b,AAL2778,United States,41.0416,-84.2473,11277.6,228.0,150.83,False,2026-03-11 17:14:23
ac667a,N89878,United States,32.9483,-97.4299,518.16,33.02,288.15,False,2026-03-11 17:14:23
a0275c,AAL1243,United States,35.1462,-109.5029,9753.6,222.68,260.56,False,2026-03-11 17:14:23
c04167,CFYTY,Canada,43.7451,-92.3257,1028.7,80.83,50.94,False,2026-03-11 17:14:23
aaa05d,N784LA,United States,39.4814,-74.7032,1524.0,66.51,12.96,False,2026-03-11 17:14:23
a6d58e,N53996,United States,26.003,-80.272,60.96,34.1,101.31,False,2026-03-11 17:14:23
ad73df,N966QS,United States,25.6164,-80.0712,2994.66,136.85,306.44,False,2026-03-11 17:14:23
a05aaf,UCA4839,United States,30.782,-95.2748,5524.5,215.58,359.04,False,2026-03-11 17:14:23
a087fd,SKW5945,United States,27.0025,-99.7214,10363.2,195.56,197.77,False,2026-03-11 17:14:23
abc058,SWA1304,United States,42.7188,-112.5537,11582.4,165.66,295.77,False,2026-03-11 17:14:23
c03a5a,WJA705,Canada,49.6033,-121.1689,10774.68,185.24,262.5,False,2026-03-11 17:14:23
a7db51,N605RH,United States,37.3543,-101.1663,13106.4,236.64,290.09,False,2026-03-11 17:14:23
a00d5b,AAL373,United States,38.1286,-90.7726,10378.44,188.32,265.61,False,2026-03-11 17:14:23
a00122,N1MN,United States,41.3576,-86.8684,4244.34,133.28,101.35,False,2026-03-11 17:14:23
a217d6,N234EX,United States,43.8543,-116.539,899.16,50.41,14.18,False,2026-03-11 17:14:23
0c21b6,CMP446,Panama,27.6983,-80.939,6400.8,191.57,328.06,False,2026-03-11 17:14:23
aaa06f,,United States,37.5999,-79.1383,1988.82,41.17,268.57,False,2026-03-11 17:14:23
a01459,N104JA,United States,41.1168,-112.2825,1912.62,65.8,116.97,False,2026-03-11 17:14:23
a26738,JSX170,United States,34.202,-118.3588,,8.23,345.94,True,2026-03-11 17:14:23
0c21b9,CMP704,Panama,30.9113,-78.0643,11277.6,214.85,3.16,False,2026-03-11 17:14:23
a14761,N18141,United States,32.5697,-96.7098,190.5,29.25,320.71,False,2026-03-11 17:14:23
a7e270,NDU607,United States,33.1572,-111.6209,1318.26,43.12,215.78,False,2026-03-11 17:14:23
a92e72,PDT5950,United States,35.12,-81.2838,3421.38,142.51,282.93,False,2026-03-11 17:14:23
a7db85,TWY777,United States,32.1426,-78.4197,11582.4,250.65,195.72,False,2026-03-11 17:14:23
abcc9a,N86BC,United States,41.0877,-112.2234,1485.9,40.38,124.09,False,2026-03-11 17:14:23
a5170f,EJA427,United States,43.2864,-114.7314,8595.36,182.3,284.55,False,2026-03-11 17:14:23
a6c27d,N5346K,United States,34.76,-82.7131,1508.76,39.53,308.66,False,2026-03-11 17:14:23
a982c2,BRW141,United States,44.8092,-93.7244,556.26,51.98,88.3,False,2026-03-11 17:14:23
a2f292,OXF4560,United States,33.4742,-111.7034,533.4,47.1,83.73,False,2026-03-11 17:14:23
a6bb98,CNS18,United States,42.6537,-72.7556,5791.2,220.13,69.19,False,2026-03-11 17:14:23
a6bb97,JIA5592,United States,37.9979,-85.4223,9753.6,230.62,336.47,False,2026-03-11 17:14:23
abc07b,SWA660,United States,39.7303,-86.2902,320.04,68.75,224.7,False,2026-03-11 17:14:23
a98ece,N715BW,United States,41.6602,-70.9798,91.44,35.3,108.7,False,2026-03-11 17:14:23
a4dbef,DAL169,United States,41.4089,-70.4843,7543.8,213.48,254.05,False,2026-03-11 17:14:23
c04d5c,CGDHR,Canada,53.6853,-113.1747,990.6,52.58,36.65,False,2026-03-11 17:14:23
ab3506,ERU821,United States,29.4173,-81.096,579.12,52.24,154.95,False,2026-03-11 17:14:23
c004e9,,Canada,49.1965,-123.1738,,2.83,78.75,True,2026-03-11 17:14:23
a4dbf5,N412EC,United States,39.2872,-75.4149,4968.24,179.76,161.82,False,2026-03-11 17:14:23
a8d8f9,N6697D,United States,36.0501,-83.7039,922.02,83.51,63.28,False,2026-03-11 17:14:23
a6c21b,N5343S,United States,34.0989,-83.7936,1310.64,61.77,165.04,False,2026-03-11 17:14:23
a23a28,UAL2167,United States,39.8823,-104.6849,,12.35,180.0,True,2026-03-11 17:14:23
a55e9f,EJM445,United States,34.6452,-77.6891,9349.74,241.63,20.83,False,2026-03-11 17:14:23
a23a27,CXK455,United States,40.1684,-105.1718,37094.16,31.68,122.4,False,2026-03-11 17:14:23
aa5c84,N767LA,United States,40.1308,-74.882,441.96,47.85,271.23,False,2026-03-11 17:14:23
a36105,EDV5350,United States,31.6503,-84.4311,2987.04,151.69,308.11,False,2026-03-11 17:14:23
a5c892,N472AK,United States,38.9924,-104.8277,2034.54,30.11,343.11,False,2026-03-11 17:14:23
ad0074,JBU857,United States,32.2321,-109.5581,10355.58,204.0,283.86,False,2026-03-11 17:14:23
a2b759,SWA2189,United States,38.6496,-76.064,10934.7,230.47,36.74,False,2026-03-11 17:14:23
a3c2fa,N341WA,United States,25.8462,-80.3815,6400.8,131.64,109.64,False,2026-03-11 17:14:23
a74eed,N570FG,United States,40.4455,-75.1096,1074.42,38.71,156.5,False,2026-03-11 17:14:23
780f3b,CES583,China,35.3451,-119.8946,9883.14,264.5,141.79,False,2026-03-11 17:14:23
a01491,N104LG,United States,27.3942,-82.4614,579.12,68.17,81.32,False,2026-03-11 17:14:23
ace063,JBU300,United States,32.5486,-110.3494,10668.0,251.14,100.5,False,2026-03-11 17:14:23
c03a28,CFWAP,Canada,40.1906,-80.0701,8534.4,146.62,180.2,False,2026-03-11 17:14:23
a324b0,SKW3736,United States,45.1615,-123.1142,10668.0,227.69,177.02,False,2026-03-11 17:14:23
a80e4e,SKW5370,United States,33.3234,-112.3621,3360.42,152.65,83.81,False,2026-03-11 17:14:23
a26774,NIT254,United States,32.2921,-82.8438,678.18,54.26,148.57,False,2026-03-11 17:14:23
a1e4c6,N221AP,United States,28.4162,-82.1565,861.06,48.55,279.76,False,2026-03-11 17:14:23
a92e5b,N6909T,United States,35.5193,-80.5951,701.04,63.07,28.24,False,2026-03-11 17:14:23
a93518,N6924R,United States,33.3409,-113.5089,3764.28,65.61,298.57,False,2026-03-11 17:14:23
abc09e,SWA894,United States,33.9432,-115.0391,10972.8,210.65,286.31,False,2026-03-11 17:14:23
89912d,EVA658,Taiwan,43.8718,-85.6071,10668.0,262.53,111.13,False,2026-03-11 17:14:23
a02792,EJA109,United States,40.851,-96.7485,,0.0,0.0,True,2026-03-11 17:14:23
a29aa5,SKW3694,United States,34.3458,-117.7014,6233.16,194.48,55.89,False,2026-03-11 17:14:23
a1342b,N177LC,United States,27.9192,-82.4471,-91.44,27.16,217.3,False,2026-03-11 17:14:23
a31dc6,VJA30,United States,36.5262,-101.9973,12481.56,256.12,139.4,False,2026-03-11 17:14:23
aa0cf4,N747EE,United States,40.6902,-74.0333,304.8,52.08,42.2,False,2026-03-11 17:14:23
a1ddbb,JBU224,United States,43.5694,-91.9775,10050.78,285.23,72.58,False,2026-03-11 17:14:23
acb827,AAL2367,United States,31.0295,-95.1426,10668.0,242.5,116.18,False,2026-03-11 17:14:23
a6e89b,DAL1883,United States,26.712,-77.0616,11887.2,251.99,123.17,False,2026-03-11 17:14:23
a23a03,UAL1116,United States,35.7634,-121.1303,9144.0,229.96,327.98,False,2026-03-11 17:14:23
a23a02,UAL480,United States,39.8733,-104.1179,4236.72,194.99,90.6,False,2026-03-11 17:14:23
a24d53,N2477F,United States,38.1636,-122.4202,579.12,46.49,65.14,False,2026-03-11 17:14:23
a0d7fb,XBHCG,United States,32.5212,-116.984,312.42,41.87,79.38,False,2026-03-11 17:14:23
a66b96,N51222,United States,27.9897,-81.9665,236.22,48.4,267.56,False,2026-03-11 17:14:23
a79e7d,N590MC,United States,33.0333,-98.1576,10043.16,225.24,286.86,False,2026-03-11 17:14:23
a5527f,ERU442,United States,29.3085,-81.1856,243.84,53.43,308.75,False,2026-03-11 17:14:23
a80232,N615K,United States,45.4313,-91.3832,2118.36,103.44,146.15,False,2026-03-11 17:14:23
a3871e,JBU1029,United States,29.1894,-81.933,10668.0,239.09,170.21,False,2026-03-11 17:14:23
a92203,N688MA,United States,38.4302,-90.6574,9144.0,107.6,276.04,False,2026-03-11 17:14:23
a23a16,N2422L,United States,29.9001,-97.8223,518.16,52.27,259.8,False,2026-03-11 17:14:23
a36d0a,N32M,United States,43.309,-92.0241,9928.86,244.69,114.73,False,2026-03-11 17:14:23
8990a5,CAL5142,Taiwan,43.223,-91.9897,10668.0,284.62,98.63,False,2026-03-11 17:14:23
a5fd2d,SWA2426,United States,37.7167,-99.9614,10972.8,190.03,292.61,False,2026-03-11 17:14:23
8990a4,CAL5346,Taiwan,39.582,-124.8757,10668.0,264.54,123.26,False,2026-03-11 17:14:23
a3bd5f,XSR340,United States,39.4818,-99.899,13106.4,178.54,274.46,False,2026-03-11 17:14:23
a697db,ASA702,United States,40.6586,-120.0494,11582.4,210.37,349.43,False,2026-03-11 17:14:23
aaac21,SKW5260,United States,38.9856,-103.0641,8435.34,159.18,301.79,False,2026-03-11 17:14:23
a54aaa,AAL2961,United States,28.7828,-81.269,5318.76,197.94,343.54,False,2026-03-11 17:14:23
a3612f,N317DT,United States,30.1806,-97.6633,,0.06,90.0,True,2026-03-11 17:14:23
a54aae,ASA718,United States,36.9049,-116.7754,8717.28,240.79,138.03,False,2026-03-11 17:14:23
ab3fec,VNT824,United States,26.674,-78.353,12496.8,236.55,143.58,False,2026-03-11 17:14:23
a947b7,N69743,United States,42.6971,-96.6988,1272.54,95.32,171.0,False,2026-03-11 17:14:23
a5ea14,N480RD,United States,40.6374,-75.4188,922.02,42.62,156.53,False,2026-03-11 17:14:23
aba9e7,SWA965,United States,36.1343,-86.8739,2628.9,131.9,294.67,False,2026-03-11 17:14:23
a3b11e,AAL2189,United States,38.8542,-77.0408,,0.19,267.19,True,2026-03-11 17:14:23
a74429,N5676V,United States,32.9179,-116.705,1135.38,49.11,224.58,False,2026-03-11 17:14:23
a79dc4,DAL1422,United States,30.2991,-78.3139,11277.6,214.77,8.4,False,2026-03-11 17:14:23
ac4ca8,SWA914,United States,37.2791,-86.0397,11277.6,223.39,162.44,False,2026-03-11 17:14:23
c05416,WJA2506,Canada,40.0161,-77.3449,11277.6,250.45,151.54,False,2026-03-11 17:14:23
a85d15,N638SS,United States,33.8799,-118.2475,205.74,44.83,86.71,False,2026-03-11 17:14:23
ad0c17,N94PC,United States,35.6035,-102.8959,12496.8,260.97,123.91,False,2026-03-11 17:14:23
a3bd6b,N340BD,United States,31.3926,-86.9994,2987.04,96.97,308.75,False,2026-03-11 17:14:23
a36130,DAL2716,United States,40.7887,-112.0966,3192.78,130.69,174.81,False,2026-03-11 17:14:23
ac9c27,N911UC,United States,38.0472,-105.3419,7010.4,145.47,189.36,False,2026-03-11 17:14:23
aa88fb,RPA3706,United States,43.2582,-79.3327,8839.2,246.81,85.1,False,2026-03-11 17:14:23
abdf3f,RPA4623,United States,43.4608,-79.4222,2971.8,152.96,342.78,False,2026-03-11 17:14:23
abe636,LIFELN5,United States,38.329,-104.7023,1417.32,2.3,63.43,False,2026-03-11 17:14:23
a60a1c,VAR489,United States,33.1385,-112.6669,998.22,76.28,183.48,False,2026-03-11 17:14:23
a1d1d0,SWA3520,United States,41.7308,-87.9936,2895.6,128.02,292.44,False,2026-03-11 17:14:23
a24d9f,N2479M,United States,32.2519,-96.7809,1074.42,57.42,22.66,False,2026-03-11 17:14:23
ad3959,N951LA,United States,34.0267,-118.162,182.88,37.96,327.17,False,2026-03-11 17:14:23
a5add3,SKW5559,United States,42.0469,-87.4482,1264.92,122.98,178.8,False,2026-03-11 17:14:23
a2fdea,N292LH,United States,28.7545,-81.2638,236.22,50.95,268.26,False,2026-03-11 17:14:23
aab325,NDU789,United States,32.8729,-111.506,1714.5,32.0,4.61,False,2026-03-11 17:14:23
ac53b2,SWA493,United States,41.6435,-87.7428,1242.06,104.14,50.41,False,2026-03-11 17:14:23
a66ac3,VOI1712,United States,33.9532,-118.2205,914.4,85.99,267.6,False,2026-03-11 17:14:23
ad395a,N951LB,United States,33.9535,-118.1577,373.38,70.19,355.38,False,2026-03-11 17:14:23
aad97b,ERY799,United States,33.3987,-82.1594,1783.08,141.72,116.29,False,2026-03-11 17:14:23
acafcf,N91630,United States,34.0853,-117.1374,396.24,35.5,270.0,False,2026-03-11 17:14:23
ac66cd,N899AK,United States,32.0122,-107.8187,12496.8,253.04,98.06,False,2026-03-11 17:14:23
a5ea37,CXK328,United States,37.9702,-121.6406,975.36,50.27,17.88,False,2026-03-11 17:14:23
a194fa,EPI444,United States,28.9928,-81.101,251.46,46.58,173.66,False,2026-03-11 17:14:23
ad73a9,AAL1628,United States,41.4177,-88.9474,4709.16,217.7,62.1,False,2026-03-11 17:14:23
c0675a,CGNDP,Canada,51.105,-114.3484,1325.88,24.2,267.56,False,2026-03-11 17:14:23
ac1988,UAL425,United States,31.9265,-85.7325,10363.2,209.9,249.03,False,2026-03-11 17:14:23
a2679a,AAY843,United States,28.4191,-82.1869,7848.6,243.41,340.49,False,2026-03-11 17:14:23
a84a06,N633MT,United States,33.1984,-80.6975,1371.6,68.81,118.1,False,2026-03-11 17:14:23
a4dd85,N412WC,United States,43.9537,-120.9451,4457.7,112.33,61.56,False,2026-03-11 17:14:23
a80daf,JIA5055,United States,34.6219,-83.0524,6705.6,171.75,234.26,False,2026-03-11 17:14:23
a85d1b,SKW4798,United States,39.8528,-104.6841,,8.75,180.0,True,2026-03-11 17:14:23
a00181,N1RH,United States,32.7522,-80.6014,6240.78,214.95,27.98,False,2026-03-11 17:14:23
a66ad4,N512WC,United States,40.8657,-74.0584,83.82,63.92,183.69,False,2026-03-11 17:14:23
a00180,N1RG,United States,30.3775,-87.7201,1767.84,90.5,249.71,False,2026-03-11 17:14:23
aa6ed1,AAL864,United States,37.5439,-90.1164,10957.56,223.01,324.29,False,2026-03-11 17:14:23
a2fde3,N292LA,United States,40.3408,-75.5009,876.3,46.48,297.7,False,2026-03-11 17:14:23
a26793,ENY3940,United States,34.2648,-119.5329,4297.68,132.41,240.95,False,2026-03-11 17:14:23
a73d45,ASA1446,United States,35.2712,-112.5327,11277.6,238.44,165.63,False,2026-03-11 17:14:23
a80dc4,OKC618,United States,29.5568,-98.5078,10591.8,220.27,150.32,False,2026-03-11 17:14:23
ade9c0,JBU52,United States,34.1375,-79.0087,10675.62,247.03,44.07,False,2026-03-11 17:14:23
ac66dc,N899B,United States,31.1144,-97.5263,7924.8,156.57,201.59,False,2026-03-11 17:14:23
ad99f9,ASA433,United States,32.0753,-107.9271,9144.0,218.38,280.04,False,2026-03-11 17:14:23
a6377a,N5YX,United States,32.0348,-106.6607,1927.86,50.63,264.75,False,2026-03-11 17:14:23
a814a2,N62HQ,United States,41.2767,-86.7067,4328.16,103.13,221.56,False,2026-03-11 17:14:23
a324ce,AAL1676,United States,28.7443,-100.4541,11582.4,204.61,213.41,False,2026-03-11 17:14:23
abf96c,SWA1536,United States,38.0235,-82.5905,9144.0,216.23,253.98,False,2026-03-11 17:14:23
a684e6,N519WV,United States,34.1553,-111.65,1866.9,85.65,196.04,False,2026-03-11 17:14:23
adcfe6,N9897F,United States,33.1377,-117.2537,213.36,44.03,173.29,False,2026-03-11 17:14:23
ac53d5,SWA3903,United States,36.0764,-115.2418,1341.12,118.34,271.0,False,2026-03-11 17:14:23
abe65a,AAL2972,United States,30.8014,-91.3747,9593.58,218.61,295.36,False,2026-03-11 17:14:23
abf995,SWA2332,United States,36.5582,-87.3164,11277.6,250.04,129.32,False,2026-03-11 17:14:23
a8b2fc,N66MJ,United States,40.371,-104.6285,1676.4,32.41,359.09,False,2026-03-11 17:14:23
a707a3,JBU605,United States,40.693,-74.1699,,7.2,25.31,True,2026-03-11 17:14:23
ab967b,DAL2474,United States,26.9069,-81.7153,3573.78,186.09,347.39,False,2026-03-11 17:14:23
a75710,JIA5366,United States,36.1669,-81.6272,6096.0,200.97,151.4,False,2026-03-11 17:14:23
ac53be,SKW5481,United States,39.8772,-104.6211,1691.64,80.79,91.46,False,2026-03-11 17:14:23
ac9c50,N911VU,United States,41.0475,-96.0284,3352.8,92.02,130.01,False,2026-03-11 17:14:23
a8028a,JIA5391,United States,34.9193,-89.8803,1798.32,158.38,94.28,False,2026-03-11 17:14:23
aa88d2,AAL3056,United States,28.9947,-80.8591,10972.8,258.02,161.28,False,2026-03-11 17:14:23
acff5c,CXK579,United States,34.148,-117.9597,1143.0,40.18,309.81,False,2026-03-11 17:14:23
c06709,ACA1504,Canada,43.6793,-79.6125,,0.0,90.0,True,2026-03-11 17:14:23
a1f90e,UAL56,United States,41.3388,-74.3577,2011.68,127.65,181.85,False,2026-03-11 17:14:23
aca3a3,AAL2944,United States,33.8645,-99.9264,9144.0,221.1,301.1,False,2026-03-11 17:14:23
ad99fc,AAL3128,United States,40.1239,-93.3437,10363.2,190.77,242.19,False,2026-03-11 17:14:23
a63735,N5WC,United States,32.1766,-99.0722,7315.2,203.24,91.02,False,2026-03-11 17:14:23
a577d4,SWA1324,United States,37.3972,-82.5999,11894.82,257.36,71.35,False,2026-03-11 17:14:23
abc012,SWA1049,United States,41.5302,-93.5307,11590.02,175.68,264.62,False,2026-03-11 17:14:23
a55dc3,LXJ445,United States,41.4862,-111.1482,13716.0,258.56,127.08,False,2026-03-11 17:14:23
a75707,LFA326,United States,28.7817,-81.3137,213.36,51.81,83.16,False,2026-03-11 17:14:23
a7e279,JIA5557,United States,35.3581,-81.1204,4290.06,187.94,4.87,False,2026-03-11 17:14:23
ac53f8,SWA400,United States,30.2014,-97.6668,,0.0,0.0,True,2026-03-11 17:14:23
aca3d1,SWA421,United States,33.245,-112.411,12496.8,230.25,69.05,False,2026-03-11 17:14:23
a48d94,N3927R,United States,32.8084,-116.9446,381.0,43.22,98.9,False,2026-03-11 17:14:23
ad000d,DAL775,United States,38.8925,-82.0237,10363.2,240.28,0.98,False,2026-03-11 17:14:23
ab20e6,AAY2941,United States,41.7522,-91.735,1478.28,148.64,158.05,False,2026-03-11 17:14:23
aac69d,N7938C,United States,32.7969,-116.8324,975.36,48.31,7.96,False,2026-03-11 17:14:23
a12191,N172KW,United States,32.7598,-117.0162,838.2,49.48,135.84,False,2026-03-11 17:14:23
ac9c78,N911XJ,United States,29.6296,-90.6621,266.7,56.18,232.82,False,2026-03-11 17:14:23
a06f22,EJA127,United States,38.0295,-99.2955,13106.4,211.78,264.84,False,2026-03-11 17:14:23
ae598e,CARGO18,United States,31.5331,-85.4986,259.08,54.44,210.69,False,2026-03-11 17:14:23
a79da4,N590CL,United States,35.3082,-79.6835,12496.8,249.62,144.9,False,2026-03-11 17:14:23
a8b2f3,N66M,United States,33.48,-116.5497,8382.0,198.19,65.3,False,2026-03-11 17:14:23
ab20df,AAL2486,United States,35.3567,-82.9983,9585.96,206.84,285.73,False,2026-03-11 17:14:23
a564c2,N447BL,United States,35.4422,-78.3861,883.92,68.61,28.68,False,2026-03-11 17:14:23
ab20f5,N816PK,United States,32.4559,-81.272,1013.46,67.66,8.75,False,2026-03-11 17:14:23
ab704b,SCX8470,United States,44.2376,-93.7722,8839.2,178.16,209.97,False,2026-03-11 17:14:23
a18f12,N2TZ,United States,38.8063,-104.7194,,7.2,115.31,True,2026-03-11 17:14:23
a431be,N37DA,United States,36.3127,-86.4181,4221.48,95.09,76.87,False,2026-03-11 17:14:23
a0d90c,AAL1820,United States,33.7158,-114.8408,9944.1,213.27,276.37,False,2026-03-11 17:14:23
a08948,N1334P,United States,27.161,-80.0876,2819.4,48.16,156.72,False,2026-03-11 17:14:23
a3aa32,UPS2929,United States,37.3477,-94.1332,11292.84,281.45,88.95,False,2026-03-11 17:14:23
a7e297,N607PT,United States,25.5304,-80.5578,762.0,46.99,185.02,False,2026-03-11 17:14:23
a59a0f,ERU460,United States,29.1747,-81.0609,22.86,34.59,247.25,False,2026-03-11 17:14:23
ad0022,SKW6085,United States,39.807,-94.6906,9966.96,248.92,66.88,False,2026-03-11 17:14:23
ab7067,UAL1350,United States,37.2296,-102.8139,8839.2,233.9,140.53,False,2026-03-11 17:14:23
a25fca,JSX100,United States,34.7118,-117.3217,6035.04,192.38,262.78,False,2026-03-11 17:14:23
a19648,N201FS,United States,33.2558,-112.3811,1310.64,53.86,197.22,False,2026-03-11 17:14:23
abd1e3,SWA2212,United States,34.2055,-84.7357,11277.6,236.36,156.39,False,2026-03-11 17:14:23
a266c8,N254EK,United States,37.4514,-122.2917,815.34,35.44,62.32,False,2026-03-11 17:14:23
a801de,FFT3511,United States,42.1205,-72.4118,9144.0,210.03,236.39,False,2026-03-11 17:14:23
ab349f,AAL1709,United States,28.3061,-81.6432,3169.92,155.04,267.15,False,2026-03-11 17:14:23
ab349e,N821AM,United States,39.3204,-75.3914,6400.8,235.25,47.66,False,2026-03-11 17:14:23
a7dadc,EDV4978,United States,38.8722,-77.153,10256.52,217.53,225.19,False,2026-03-11 17:14:23
ab349c,ASA245,United States,47.0044,-123.2565,6332.22,189.49,214.38,False,2026-03-11 17:14:23
ac5488,DAL1009,United States,46.4432,-100.1115,10363.2,215.97,253.25,False,2026-03-11 17:14:23
a1a9f4,SKW5788,United States,43.5974,-116.3167,1089.66,77.12,135.0,False,2026-03-11 17:14:23
a1f94c,SWA3492,United States,35.8274,-83.3629,12199.62,210.95,238.87,False,2026-03-11 17:14:23
a266bf,N254EA,United States,33.5356,-112.291,,0.06,75.94,True,2026-03-11 17:14:23
a43f19,N373BR,United States,33.6907,-112.0771,,5.66,264.38,True,2026-03-11 17:14:23
a3e9c5,DAL2655,United States,44.5653,-84.6901,10058.4,264.54,101.44,False,2026-03-11 17:14:23
a29c25,N26757,United States,34.8695,-82.3667,487.68,49.9,90.0,False,2026-03-11 17:14:23
a4a918,N4MX,United States,33.4205,-95.8897,3817.62,163.48,247.23,False,2026-03-11 17:14:23
a37fb0,JBU1940,United States,37.1431,-77.6071,10668.0,242.75,34.9,False,2026-03-11 17:14:23
a8b476,PDT6076,United States,36.0662,-82.1735,8542.02,181.74,320.86,False,2026-03-11 17:14:23
acf1ac,JSX412,United States,35.7906,-114.2251,3954.78,144.74,297.75,False,2026-03-11 17:14:23
a266b9,N254DV,United States,42.8027,-84.6901,6195.06,222.75,90.0,False,2026-03-11 17:14:23
a74492,N5679V,United States,32.766,-82.8567,853.44,65.73,22.55,False,2026-03-11 17:14:23
a45922,N38BZ,United States,41.7823,-70.4975,457.2,49.41,301.37,False,2026-03-11 17:14:23
485e2e,KLM623,Kingdom of the Netherlands,44.0113,-71.1188,11582.4,234.02,212.89,False,2026-03-11 17:14:23
a2195d,SWA2164,United States,35.8892,-115.5936,3276.6,154.9,271.52,False,2026-03-11 17:14:23
ac3a83,SWA2440,United States,40.1304,-79.4887,11582.4,198.27,265.09,False,2026-03-11 17:14:23
ad7471,SWA3496,United States,35.4833,-112.0771,9144.0,209.61,278.47,False,2026-03-11 17:14:23
a4a929,BL4NP,United States,30.2299,-87.7941,1310.64,39.26,248.48,False,2026-03-11 17:14:23
ad5a4b,N96FA,United States,34.2193,-118.4925,,1.54,87.19,True,2026-03-11 17:14:23
a97d63,JIA5422,United States,39.7782,-75.9398,5943.6,178.64,236.04,False,2026-03-11 17:14:23
acf1da,LFA686,United States,28.8545,-81.7085,1615.44,68.61,261.81,False,2026-03-11 17:14:23
a12ca4,N175KC,United States,40.79,-98.0848,9448.8,200.51,82.04,False,2026-03-11 17:14:23
a399b9,EDV5157,United States,33.3391,-86.3385,8534.4,205.79,257.14,False,2026-03-11 17:14:23
a06310,FDX5047,United States,37.3813,-85.0377,11590.02,195.65,248.56,False,2026-03-11 17:14:23
a69921,N524PT,United States,28.3979,-82.8213,998.22,78.64,32.44,False,2026-03-11 17:14:23
a8a110,UAL1095,United States,37.6251,-122.386,,16.98,270.0,True,2026-03-11 17:14:23
a17c12,EDV5058,United States,42.225,-91.4538,7620.0,276.09,72.21,False,2026-03-11 17:14:23
a0d93e,N154CA,United States,37.5261,-84.1183,5638.8,106.18,122.54,False,2026-03-11 17:14:23
a84a7b,SKW4995,United States,41.9935,-87.9841,1059.18,100.61,294.47,False,2026-03-11 17:14:23
a5660d,EJA447,United States,26.6968,-82.4348,3535.68,191.57,137.83,False,2026-03-11 17:14:23
a516b6,N427MC,United States,43.2435,-85.9802,12306.3,134.05,254.42,False,2026-03-11 17:14:23
a5c91b,LXJ472,United States,36.0988,-115.1547,,0.0,115.31,True,2026-03-11 17:14:23
a55f31,SWA1400,United States,37.8372,-120.7627,5387.34,158.52,321.46,False,2026-03-11 17:14:23
a0d94d,N154CR,United States,34.1139,-116.6184,2796.54,81.48,3.98,False,2026-03-11 17:14:23
a0d94e,N154CS,United States,40.9782,-74.6114,1737.36,88.4,44.29,False,2026-03-11 17:14:23
a8a11d,WUP655,United States,33.351,-81.9631,76.2,70.42,348.2,False,2026-03-11 17:14:23
a56621,N447RM,United States,45.5956,-108.5488,2720.34,65.68,95.84,False,2026-03-11 17:14:23
a85162,N635M,United States,32.9733,-111.9494,487.68,37.48,226.67,False,2026-03-11 17:14:23
a4ca66,AAL2216,United States,34.0846,-98.9912,10058.4,237.84,113.18,False,2026-03-11 17:14:23
a000d6,N1JM,United States,30.4074,-97.0354,9517.38,202.62,183.79,False,2026-03-11 17:14:23
a84a1a,JIA5412,United States,32.7022,-81.011,7315.2,227.97,181.42,False,2026-03-11 17:14:23
a0bf8c,UAL2454,United States,33.0318,-94.7539,10820.4,259.37,81.79,False,2026-03-11 17:14:23
a2afeb,SWA2269,United States,37.2368,-121.7922,830.58,99.12,318.37,False,2026-03-11 17:14:23
a85119,JBU2066,United States,40.9599,-73.291,8077.2,235.83,48.63,False,2026-03-11 17:14:23
a120c4,N172BR,United States,33.6781,-117.8433,213.36,42.42,39.09,False,2026-03-11 17:14:23
a8642d,N64PF,United States,27.1675,-80.9514,3718.56,92.16,182.24,False,2026-03-11 17:14:23
a4462e,DAL1112,United States,30.8888,-102.7283,10668.0,236.44,103.98,False,2026-03-11 17:14:23
a79dfa,LXJ590,United States,29.7881,-95.4772,609.6,118.86,55.76,False,2026-03-11 17:14:23
a671ba,EJA514,United States,32.9069,-96.7887,609.6,81.03,259.76,False,2026-03-11 17:14:23
c05efd,JZA376,Canada,49.1946,-123.1854,,2.31,191.25,True,2026-03-11 17:14:23
c05efc,JZA215,Canada,45.7886,-72.8352,4914.9,141.16,241.01,False,2026-03-11 17:14:23
a671c4,N514RB,United States,30.6266,-87.6159,1493.52,62.21,34.22,False,2026-03-11 17:14:23
a2ec31,N288FA,United States,34.4295,-79.5863,12298.68,252.17,27.19,False,2026-03-11 17:14:23
a791c0,AAL3275,United States,34.8694,-92.4725,11292.84,260.44,91.81,False,2026-03-11 17:14:23
a91ab7,NKS205,United States,37.4833,-82.8797,11277.6,243.46,27.7,False,2026-03-11 17:14:23
a37ff0,N3243C,United States,33.7214,-117.909,571.5,66.46,356.89,False,2026-03-11 17:14:23
a0a034,CSB7505,United States,25.4214,-79.2199,7932.42,238.16,112.08,False,2026-03-11 17:14:23
a1d31a,N2167A,United States,40.0909,-75.0005,60.96,43.75,228.81,False,2026-03-11 17:14:23
ac79c7,AAL1743,United States,42.1199,-93.8741,11590.02,183.51,277.09,False,2026-03-11 17:14:23
a9d40b,N732SB,United States,37.7261,-87.7788,8229.6,129.79,149.78,False,2026-03-11 17:14:23
a43f3c,DAL2978,United States,34.6132,-83.7261,6195.06,208.51,205.11,False,2026-03-11 17:14:23
a4ca6a,ASA311,United States,36.6116,-112.9152,10058.4,244.98,47.13,False,2026-03-11 17:14:23
a92ddf,UAL345,United States,35.9126,-108.9766,9753.6,217.78,262.81,False,2026-03-11 17:14:23
a6246e,UAL2742,United States,39.8595,-104.6635,,7.46,180.0,True,2026-03-11 17:14:23
a75786,N572TF,United States,32.979,-96.5175,617.22,65.37,91.8,False,2026-03-11 17:14:23
a2c9ec,SWA3225,United States,38.8505,-77.0391,,6.17,354.38,True,2026-03-11 17:14:23
a98445,JBU2028,United States,40.9217,-74.1779,975.36,143.57,100.95,False,2026-03-11 17:14:23
a19691,RPA5731,United States,41.4064,-79.5448,11277.6,259.66,79.96,False,2026-03-11 17:14:23
c065e3,CGMPE,Canada,52.166,-107.0928,7924.8,117.95,288.04,False,2026-03-11 17:14:23
ac1934,EJA879,United States,31.1294,-102.9172,12192.0,221.98,286.84,False,2026-03-11 17:14:23
a6c1d0,N5341M,United States,35.7124,-114.8009,10279.38,198.19,228.16,False,2026-03-11 17:14:23
c052ca,WJA2194,Canada,43.1304,-115.4926,10668.0,277.63,129.74,False,2026-03-11 17:14:23
a0d97f,N154ER,United States,28.2215,-81.563,457.2,48.05,52.39,False,2026-03-11 17:14:23
a06f8a,AAL3167,United States,34.1301,-81.985,10957.56,222.04,183.05,False,2026-03-11 17:14:23
76cef1,SIA26,Singapore,40.7983,-73.5884,914.4,99.89,267.64,False,2026-03-11 17:14:23
acc9b2,DAL1979,United States,37.3369,-87.0991,9448.8,247.47,136.68,False,2026-03-11 17:14:23
ab3fcb,VAR824,United States,33.3635,-112.6653,670.56,66.03,63.63,False,2026-03-11 17:14:23
a4460e,UAL1416,United States,32.7751,-111.6737,10058.4,256.31,103.23,False,2026-03-11 17:14:23
a4460d,UAL1469,United States,29.3616,-83.411,10668.0,248.6,150.36,False,2026-03-11 17:14:23
a24cc0,UAL1693,United States,42.1876,-88.1411,3147.06,160.77,131.24,False,2026-03-11 17:14:23
a99744,NKS1491,United States,40.689,-74.1724,,4.63,25.31,True,2026-03-11 17:14:23
a146f9,UAL571,United States,34.5514,-85.6772,9753.6,197.79,235.28,False,2026-03-11 17:14:23
ab3fcc,AAL1572,United States,43.0622,-78.9515,6050.28,186.48,309.18,False,2026-03-11 17:14:23
a0634c,RPA4433,United States,40.7777,-73.8732,,8.75,90.0,True,2026-03-11 17:14:23
a814f4,XEN62,United States,32.4527,-80.71,12496.8,253.79,27.4,False,2026-03-11 17:14:23
a0bf5d,CXK426,United States,40.1549,-112.0386,2095.5,59.22,281.02,False,2026-03-11 17:14:23
a92dc6,N6905J,United States,42.2699,-71.9418,640.08,39.18,93.76,False,2026-03-11 17:14:23
c065ee,CGMPP,Canada,52.2912,-106.9368,1973.58,113.08,260.84,False,2026-03-11 17:14:23
abf949,SWA1656,United States,36.1221,-86.6653,,7.72,19.69,True,2026-03-11 17:14:23
aa276a,RPA3400,United States,40.6465,-74.2289,1158.24,110.46,304.95,False,2026-03-11 17:14:23
a61173,EDV5046,United States,38.2312,-77.907,10363.2,218.95,221.86,False,2026-03-11 17:14:23
a1e632,N221RC,United States,38.0119,-122.0451,243.84,43.78,199.93,False,2026-03-11 17:14:23
a0bf7c,N1473K,United States,35.6365,-83.6473,3048.0,74.05,168.38,False,2026-03-11 17:14:23
0d05e4,SLI2710,Mexico,29.1344,-91.4767,11277.6,260.95,46.84,False,2026-03-11 17:14:23
aaac12,N787RV,United States,39.9735,-75.8308,0.0,45.81,282.32,False,2026-03-11 17:14:23
a399e5,N331DV,United States,34.6553,-103.903,13106.4,195.88,99.98,False,2026-03-11 17:14:23
a4ca8c,N408CA,United States,32.8494,-117.2525,914.4,47.31,313.24,False,2026-03-11 17:14:23
a399e4,DAL2482,United States,48.9473,-105.6133,10363.2,203.4,281.82,False,2026-03-11 17:14:23
c052d7,WJA2964,Canada,45.4595,-73.7595,,6.17,0.0,True,2026-03-11 17:14:23
a120a6,N172AL,United States,37.6841,-121.4361,,5.14,309.38,True,2026-03-11 17:14:23
ac1951,RPA5683,United States,37.8085,-81.3068,10058.4,246.28,100.96,False,2026-03-11 17:14:23
a7ede5,XSN06,United States,38.3204,-110.6693,6705.6,131.84,242.84,False,2026-03-11 17:14:23
ac1956,N879SA,United States,31.8736,-106.6832,1219.2,54.55,291.0,False,2026-03-11 17:14:23
ac5fc9,,United States,29.6034,-81.2879,594.36,56.49,52.4,False,2026-03-11 17:14:23
a266e0,N254FJ,United States,30.544,-98.6977,7833.36,207.17,273.42,False,2026-03-11 17:14:23
a399de,DAL862,United States,33.6454,-84.4112,,13.89,90.0,True,2026-03-11 17:14:23
a5ea5c,UAL1297,United States,41.632,-89.4864,9753.6,172.32,243.59,False,2026-03-11 17:14:23
c078cd,CGTTK,Canada,49.62,-112.9157,2628.9,50.48,2.92,False,2026-03-11 17:14:23
aa1ffc,RPA3499,United States,42.6227,-86.3959,5654.04,150.23,255.73,False,2026-03-11 17:14:23
a2ff9f,PFA321,United States,27.315,-80.7864,937.26,41.08,22.07,False,2026-03-11 17:14:23
a5a30a,SWA2241,United States,38.1146,-111.9412,11582.4,195.0,277.28,False,2026-03-11 17:14:23
a503d7,N422JB,United States,41.1015,-83.6893,7315.2,114.61,310.27,False,2026-03-11 17:14:23
aac4a4,N793RC,United States,39.2464,-78.1983,12192.0,194.66,242.62,False,2026-03-11 17:14:23
a43357,N37VK,United States,32.3991,-96.8082,815.34,66.21,314.37,False,2026-03-11 17:14:23
a9360e,SKW3863,United States,39.6566,-88.5976,7764.78,183.89,199.96,False,2026-03-11 17:14:23
a3c3e6,UAL1886,United States,30.2468,-91.4544,11277.6,268.69,78.07,False,2026-03-11 17:14:23
a80f2f,,United States,29.7181,-98.0649,533.4,36.38,213.47,False,2026-03-11 17:14:23
a42020,DAL1103,United States,42.594,-70.9795,3528.06,179.84,310.71,False,2026-03-11 17:14:23
ab7aa2,JRE839,United States,27.2822,-79.8097,3680.46,156.09,193.53,False,2026-03-11 17:14:23
a6863b,N5197R,United States,39.3118,-119.4312,2750.82,53.11,51.69,False,2026-03-11 17:14:23
040102,ETH575,Ethiopia,42.783,-87.7315,5996.94,230.56,49.34,False,2026-03-11 17:14:23
89911c,CAL5234,Taiwan,42.6853,-90.2338,8115.3,228.69,116.16,False,2026-03-11 17:14:23
a360b7,JBU1191,United States,42.3687,-71.0151,,0.0,227.81,True,2026-03-11 17:14:23
ac4d1a,DAL1392,United States,26.4717,-79.2191,7604.76,228.61,32.69,False,2026-03-11 17:14:23
ac6744,FDX3648,United States,40.0042,-101.0722,10058.4,301.98,90.0,False,2026-03-11 17:14:23
ad1da9,SKW5460,United States,38.7033,-121.4959,1325.88,138.78,129.89,False,2026-03-11 17:14:23
c05eac,ACA782,Canada,39.3619,-107.7672,10066.02,265.3,64.38,False,2026-03-11 17:14:23
a503db,N422JF,United States,41.9914,-71.1924,822.96,97.32,120.5,False,2026-03-11 17:14:23
a240dc,,United States,40.5997,-115.9727,11277.6,265.67,84.44,False,2026-03-11 17:14:23
ad6d03,SWA2742,United States,32.7315,-117.1911,,0.0,196.88,True,2026-03-11 17:14:23
a6d61b,N54FL,United States,40.0297,-86.329,2567.94,166.19,89.11,False,2026-03-11 17:14:23
a8fc09,UAL558,United States,44.0056,-86.5984,10668.0,284.42,93.21,False,2026-03-11 17:14:23
aa630b,TAI444,United States,28.6236,-83.149,10668.0,236.8,29.41,False,2026-03-11 17:14:23
a5c983,N472LA,United States,34.2331,-118.638,541.02,42.34,207.5,False,2026-03-11 17:14:23
c05eb6,ACA163,Canada,49.7224,-93.6628,9753.6,218.1,296.32,False,2026-03-11 17:14:23
a120fe,DAL2856,United States,33.5359,-84.5449,3314.7,137.89,91.07,False,2026-03-11 17:14:23
abf7c5,N870QS,United States,26.6019,-80.4054,13106.4,223.19,297.45,False,2026-03-11 17:14:23
a70975,N55218,United States,36.0584,-96.4386,1181.1,47.82,281.79,False,2026-03-11 17:14:23
c05eb7,ACA940,Canada,34.0965,-77.4867,9753.6,242.39,189.28,False,2026-03-11 17:14:23
ac541b,SWA3457,United States,43.9633,-92.7199,8039.1,199.47,153.83,False,2026-03-11 17:14:23
a386fb,JBU2097,United States,28.8307,-82.5271,10668.0,247.45,180.0,False,2026-03-11 17:14:23
ab1a1e,VXP1197,United States,36.4145,-79.685,3832.86,160.39,212.82,False,2026-03-11 17:14:23
aac4c4,SKW5333,United States,39.6295,-104.9022,4625.34,190.03,160.88,False,2026-03-11 17:14:23
a1836c,AAY3031,United States,31.4431,-83.9177,10972.8,216.9,336.96,False,2026-03-11 17:14:23
a7ef51,LXJ610,United States,29.8484,-98.9165,1668.78,100.18,304.75,False,2026-03-11 17:14:23
a3133c,ASA211,United States,42.5216,-93.5221,10668.0,273.47,87.3,False,2026-03-11 17:14:23
a4f6fe,EJA419,United States,36.2077,-86.0369,6393.18,217.34,77.84,False,2026-03-11 17:14:23
acb741,,United States,34.0947,-117.2435,,9.26,253.12,True,2026-03-11 17:14:23
899105,CAL5266,Taiwan,41.8803,-108.142,10668.0,301.41,129.67,False,2026-03-11 17:14:23
a373e2,N321V,United States,41.1674,-73.1465,68.58,31.42,129.69,False,2026-03-11 17:14:23
ac04c6,SKW5820,United States,39.8848,-104.6865,1524.0,16.98,16.88,True,2026-03-11 17:14:23
aa5c0b,IRO767,United States,42.8283,-87.9145,838.2,69.94,9.74,False,2026-03-11 17:14:23
a7ef3c,N610FA,United States,40.1661,-76.155,678.18,36.79,249.54,False,2026-03-11 17:14:23
a8163e,N620AA,United States,35.2914,-107.9718,4770.12,74.37,284.42,False,2026-03-11 17:14:23
a85cad,JIA5285,United States,31.5636,-93.4091,10363.2,216.48,291.32,False,2026-03-11 17:14:23
a93604,SKW5139,United States,36.0031,-110.4347,9578.34,211.31,48.16,False,2026-03-11 17:14:23
a92f0e,N691GL,United States,35.0383,-91.4105,12496.8,271.73,127.15,False,2026-03-11 17:14:23
ac04be,ASH6367,United States,36.3209,-86.5315,9753.6,215.43,186.58,False,2026-03-11 17:14:23
a0a056,TASI314,United States,33.7654,-96.6703,899.16,78.12,6.05,False,2026-03-11 17:14:23
aa26c8,SKW6315,United States,34.5455,-103.0089,9753.6,212.97,289.18,False,2026-03-11 17:14:23
aaaaae,ENY3557,United States,44.6497,-89.9219,937.26,80.06,327.33,False,2026-03-11 17:14:23
a18380,EDV5100,United States,43.1265,-77.6643,,0.06,53.44,True,2026-03-11 17:14:23
ab477d,DAL649,United States,40.6566,-111.2814,6797.04,252.71,110.87,False,2026-03-11 17:14:23
a5536c,NEW442,United States,33.8208,-77.7547,11582.4,243.38,197.98,False,2026-03-11 17:14:23
ac4107,UAL1515,United States,36.2397,-107.5922,10675.62,258.65,117.74,False,2026-03-11 17:14:23
a98fb8,N715ME,United States,35.3894,-89.1482,13716.0,208.97,142.9,False,2026-03-11 17:14:23
ac17ee,ES809,United States,38.3846,-121.1101,1424.94,50.81,344.13,False,2026-03-11 17:14:23
c05ed8,ACA7116,Canada,45.6748,-74.0292,,0.13,101.25,True,2026-03-11 17:14:23
abe4b9,SWA3223,United States,29.2778,-90.5648,11277.6,264.76,104.17,False,2026-03-11 17:14:23
a31344,N298AT,United States,31.9656,-85.256,3291.84,87.7,136.66,False,2026-03-11 17:14:23
c05ed9,ACA455,Canada,43.6903,-79.6303,,0.0,140.62,True,2026-03-11 17:14:23
a1f8a0,N226PR,United States,35.3826,-84.6188,1455.42,75.95,49.95,False,2026-03-11 17:14:23
aceaa6,N931PA,United States,32.8549,-111.5423,1249.68,52.7,308.66,False,2026-03-11 17:14:23
aab1af,SWA1464,United States,36.3138,-87.501,7749.54,201.86,274.82,False,2026-03-11 17:14:23
ab7ae4,DAL109,United States,41.0748,-70.8925,9144.0,236.67,253.46,False,2026-03-11 17:14:23
a1c06e,N2116L,United States,34.0299,-83.8352,822.96,46.94,242.59,False,2026-03-11 17:14:23
a3bcc9,N34UT,United States,30.2817,-81.3093,2072.64,81.81,353.5,False,2026-03-11 17:14:23
ab213e,SLH816,United States,35.29,-88.7901,12466.32,216.44,134.9,False,2026-03-11 17:14:23
a82903,EDV5110,United States,30.6417,-81.8144,10363.2,248.94,154.02,False,2026-03-11 17:14:23
ad24bf,,United States,29.2071,-90.4348,571.5,64.03,141.2,False,2026-03-11 17:14:23
a06eca,N127MD,United States,30.3926,-87.7391,792.48,54.65,266.22,False,2026-03-11 17:14:23
ae57d2,C2008,United States,41.6278,-72.2103,7010.4,187.23,59.63,False,2026-03-11 17:14:23
a74fa2,JIA5020,United States,43.6271,-79.3191,2194.56,128.69,174.49,False,2026-03-11 17:14:23
c05ea2,ACA292,Canada,49.466,-115.7812,10668.0,272.88,85.78,False,2026-03-11 17:14:23
a360de,N317AM,United States,40.1142,-104.7016,1645.92,38.49,81.54,False,2026-03-11 17:14:23
acfdf4,SWA643,United States,33.8956,-115.6712,8534.4,216.18,279.04,False,2026-03-11 17:14:23
a3bcd9,N34VJ,United States,47.6212,-117.5326,,5.4,137.81,True,2026-03-11 17:14:23
a74fd8,EJA570,United States,30.9518,-85.7324,12374.88,248.38,93.32,False,2026-03-11 17:14:23
ac3a67,N8871X,United States,38.2401,-78.1065,2293.62,83.3,44.75,False,2026-03-11 17:14:23
ab2169,UAL2148,United States,42.6106,-89.6505,8168.64,249.44,107.28,False,2026-03-11 17:14:23
a61cc0,N493RM,United States,40.4137,-74.6603,579.12,44.77,181.32,False,2026-03-11 17:14:23
a7ef08,SKW3718,United States,35.8546,-112.3624,9448.8,239.29,172.34,False,2026-03-11 17:14:23
a2e045,UAL740,United States,32.116,-94.8355,9768.84,251.98,352.85,False,2026-03-11 17:14:23
a67315,BL43J,United States,30.2838,-88.103,822.96,45.34,335.18,False,2026-03-11 17:14:23
a9d46f,N732WB,United States,34.1522,-103.3959,10363.2,224.56,231.79,False,2026-03-11 17:14:23
a480ad,N39CL,United States,34.0385,-118.4397,182.88,23.35,277.59,False,2026-03-11 17:14:23
a9ba4a,ERU26,United States,34.0926,-112.6972,2179.32,42.56,26.57,False,2026-03-11 17:14:23
a503bf,N422HC,United States,34.061,-117.6398,2385.06,144.57,90.82,False,2026-03-11 17:14:23
a57997,AAL2506,United States,37.2095,-92.1319,11277.6,277.37,91.38,False,2026-03-11 17:14:23
a61cac,N493QS,United States,27.6555,-80.0579,9646.92,226.78,129.94,False,2026-03-11 17:14:23
a55b7a,SWA2317,United States,38.1856,-119.808,11178.54,259.24,79.83,False,2026-03-11 17:14:23
a9eebc,N739ZC,United States,39.5618,-104.5128,2179.32,47.1,319.87,False,2026-03-11 17:14:23
a8d5bd,AAL2714,United States,33.4376,-111.9947,,0.0,104.06,True,2026-03-11 17:14:23
ae06db,REY53,United States,32.4785,-111.3233,6705.6,119.83,336.74,False,2026-03-11 17:14:23
a107b4,CXK556,United States,33.0377,-112.0414,2202.18,67.01,187.94,False,2026-03-11 17:14:23
ae06da,EASY58,United States,29.8897,-89.7732,571.5,116.77,314.82,False,2026-03-11 17:14:23
a02413,SKW5347,United States,42.0027,-87.7855,777.24,83.85,270.0,False,2026-03-11 17:14:23
a3229e,N30069,United States,35.3415,-117.98,3124.2,62.38,21.27,False,2026-03-11 17:14:23
a9a850,N721LU,United States,33.6655,-79.7079,2240.28,64.65,5.94,False,2026-03-11 17:14:23
a4ebfe,N416SD,United States,28.7082,-81.6685,274.32,32.41,179.09,False,2026-03-11 17:14:23
a93229,PDT5888,United States,39.3729,-74.7524,2750.82,114.96,314.27,False,2026-03-11 17:14:23
a43b91,DAL371,United States,40.4959,-74.1237,2072.64,161.16,44.35,False,2026-03-11 17:14:23
a31b9e,525C0063,United States,32.8825,-116.8659,4305.3,183.25,91.93,False,2026-03-11 17:14:23
a097cc,UAL1929,United States,42.0026,-87.702,1150.62,89.51,270.0,False,2026-03-11 17:14:23
a752bf,SKW5214,United States,39.3503,-104.6264,6697.98,238.63,135.17,False,2026-03-11 17:14:23
ab9383,AAL35P,United States,26.2591,-102.486,10363.2,222.44,252.78,False,2026-03-11 17:14:23
a07dc8,UAL995,United States,46.1954,-69.7192,10965.18,216.82,224.23,False,2026-03-11 17:14:23
abef98,SWA546,United States,40.158,-95.4965,11582.4,189.29,193.36,False,2026-03-11 17:14:23
aa735a,SWA708,United States,30.0844,-97.9253,4777.74,180.97,210.21,False,2026-03-11 17:14:23
c001da,ASP827,Canada,38.7695,-75.4753,12192.0,241.16,186.25,False,2026-03-11 17:14:23
a8cec7,FFT4797,United States,33.6439,-84.4242,,0.0,0.0,True,2026-03-11 17:14:23
a43b85,DAL1996,United States,31.3962,-82.4873,10972.8,257.58,141.16,False,2026-03-11 17:14:23
a097a4,N13701,United States,37.1312,-76.7642,731.52,51.78,130.97,False,2026-03-11 17:14:23
ad1c78,ERU944,United States,29.2615,-81.4459,213.36,43.46,6.12,False,2026-03-11 17:14:23
ab30f0,AAL3044,United States,42.3617,-71.0218,,0.0,106.88,True,2026-03-11 17:14:23
a20297,N229BP,United States,28.8656,-98.1816,9441.18,214.75,145.74,False,2026-03-11 17:14:23
a7fe85,N614KK,United States,32.5949,-80.5111,2994.66,85.32,202.7,False,2026-03-11 17:14:23
a99ed2,JIA9950,United States,37.5252,-82.1747,11887.2,255.46,72.66,False,2026-03-11 17:14:23
a92b0c,DAL845,United States,40.0923,-106.1271,4953.0,142.32,266.06,False,2026-03-11 17:14:23
abf67f,ES800,United States,38.3692,-121.1629,510.54,38.91,245.81,False,2026-03-11 17:14:23
a9a830,N721KM,United States,32.2836,-106.92,,1.29,261.56,True,2026-03-11 17:14:23
a79b80,EJM5,United States,43.0766,-107.4603,12496.8,286.1,88.76,False,2026-03-11 17:14:23
aa23e8,N75200,United States,25.3192,-80.2916,1150.62,53.92,195.49,False,2026-03-11 17:14:23
abdc91,ASH4024,United States,35.8705,-93.4901,9753.6,195.08,221.04,False,2026-03-11 17:14:23
abe36a,N865WM,United States,47.5426,-117.6945,3581.4,69.88,276.34,False,2026-03-11 17:14:23
a79b5d,N59DD,United States,35.9297,-114.8325,838.2,30.35,90.0,False,2026-03-11 17:14:23
abdc96,ASH4065,United States,39.5812,-84.6821,8488.68,181.92,236.53,False,2026-03-11 17:14:23
c05d7b,WJA231,Canada,49.8974,-97.2309,,32.92,317.81,True,2026-03-11 17:14:23
aa7f8d,CKS255,United States,38.7471,-81.2813,10363.2,228.56,257.65,False,2026-03-11 17:14:23
aa7f8c,N776CJ,United States,34.8544,-77.1832,10835.64,241.12,27.17,False,2026-03-11 17:14:23
a885f4,UAL1155,United States,40.2825,-75.4657,7421.88,215.92,230.32,False,2026-03-11 17:14:23
c05d91,CGJLG,Canada,53.3902,-113.75,1005.84,72.55,128.09,False,2026-03-11 17:14:23
aa600a,JBU2834,United States,28.7486,-82.0454,10050.78,234.42,18.55,False,2026-03-11 17:14:23
c027da,CJT301,Canada,43.0742,-79.7407,2194.56,128.78,225.65,False,2026-03-11 17:14:23
a0baa1,SKW5905,United States,40.5566,-98.6039,9753.6,197.08,250.0,False,2026-03-11 17:14:23
a7fe27,FFT2272,United States,29.0354,-83.2304,9448.8,247.12,156.05,False,2026-03-11 17:14:23
a81e2a,N622FB,United States,33.602,-112.0148,480.06,27.5,107.42,False,2026-03-11 17:14:23
a68e4c,SKW6212,United States,33.338,-114.9224,10668.0,234.05,98.47,False,2026-03-11 17:14:23
a68214,N5184J,United States,33.9499,-117.4352,,0.06,84.38,True,2026-03-11 17:14:23
c027e8,CFPCX,Canada,49.4139,-123.6852,2255.52,117.22,170.91,False,2026-03-11 17:14:23
c014b6,GLR973,Canada,53.4595,-113.9626,4023.36,109.2,282.79,False,2026-03-11 17:14:23
a632a2,N499MH,United States,28.3591,-82.1047,6400.8,250.56,165.25,False,2026-03-11 17:14:23
a79b20,N59AT,United States,37.5602,-122.0921,762.0,57.06,26.8,False,2026-03-11 17:14:23
aac39e,ERU93,United States,34.3201,-112.286,3086.1,77.48,337.35,False,2026-03-11 17:14:23
c027de,CFPCN,Canada,43.614,-79.2745,998.22,80.4,172.65,False,2026-03-11 17:14:23
aa998e,SKW4756,United States,39.877,-105.1186,5288.28,137.55,282.53,False,2026-03-11 17:14:23
a55b3c,UAL1237,United States,42.8765,-90.7697,8221.98,249.44,115.4,False,2026-03-11 17:14:23
aa7f84,ASI972,United States,30.8773,-97.6643,891.54,50.46,177.66,False,2026-03-11 17:14:23
a214a0,N233LA,United States,34.1889,-118.6043,365.76,35.11,10.98,False,2026-03-11 17:14:23
a3e5fa,DAL2409,United States,40.7811,-73.8784,,3.34,306.56,True,2026-03-11 17:14:23
a55b60,N444VM,United States,26.1178,-81.786,198.12,60.1,234.41,False,2026-03-11 17:14:23
a8d5a4,UAL1631,United States,36.0015,-101.8043,9753.6,207.84,269.72,False,2026-03-11 17:14:23
aab07a,RPA3467,United States,41.9572,-87.8911,297.18,71.51,270.41,False,2026-03-11 17:14:23
add3d9,NKS1681,United States,26.4442,-80.4939,5295.9,194.4,302.13,False,2026-03-11 17:14:23
a3d2e5,UAL1036,United States,30.4766,-84.0933,10675.62,247.9,151.63,False,2026-03-11 17:14:23
abd063,RPA5749,United States,40.0054,-75.5507,6096.0,187.07,226.78,False,2026-03-11 17:14:23
abdc9b,SWA2200,United States,44.4627,-118.6803,11277.6,292.67,108.66,False,2026-03-11 17:14:23
a18ab0,N199MC,United States,38.7725,-120.9162,1584.96,60.9,171.25,False,2026-03-11 17:14:23
a071c6,N128DS,United States,29.6208,-81.6955,1219.2,82.35,112.4,False,2026-03-11 17:14:23
a6cb01,LXJ537,United States,44.9578,-83.2398,13106.4,188.92,284.83,False,2026-03-11 17:14:23
a107fe,CNS78,United States,35.0571,-82.1833,2697.48,125.75,322.15,False,2026-03-11 17:14:23
a95855,N701AR,United States,33.8145,-117.9409,861.06,76.49,34.87,False,2026-03-11 17:14:23
a00a50,N101VK,United States,29.9696,-98.0897,1409.7,44.29,272.66,False,2026-03-11 17:14:23
ad2384,DAL3198,United States,33.2297,-84.9543,4442.46,220.68,47.65,False,2026-03-11 17:14:23
a8d5a0,UAL1371,United States,28.8052,-96.2492,6705.6,174.03,230.76,False,2026-03-11 17:14:23
a75eef,N574TA,United States,31.2652,-81.0515,5074.92,171.24,184.13,False,2026-03-11 17:14:23
a752b3,LXJ571,United States,37.5723,-122.1769,1150.62,114.21,270.52,False,2026-03-11 17:14:23
a13d1c,N1791E,United States,40.2252,-111.9071,2468.88,73.34,278.47,False,2026-03-11 17:14:23
a097e9,UAL2684,United States,43.514,-99.5318,10363.2,204.91,267.7,False,2026-03-11 17:14:23
aba804,N850GX,United States,34.7095,-83.2402,2971.8,58.44,260.37,False,2026-03-11 17:14:23
a03765,AAL307,United States,37.1248,-110.9765,9448.8,256.92,75.27,False,2026-03-11 17:14:23
a63efe,N501PT,United States,35.4816,-80.4473,1341.12,72.03,269.18,False,2026-03-11 17:14:23
a27737,SWA265,United States,39.2791,-88.9645,8534.4,173.5,219.83,False,2026-03-11 17:14:23
c00dea,,Canada,49.9714,-89.9363,9738.36,212.21,294.95,False,2026-03-11 17:14:23
aa7f4e,UAL2464,United States,39.8038,-74.4497,7071.36,203.71,225.2,False,2026-03-11 17:14:23
a07dcd,UAL905,United States,42.6465,-73.8484,4892.04,188.71,198.43,False,2026-03-11 17:14:23
a39711,N330NX,United States,32.9304,-79.983,5791.2,147.51,51.37,False,2026-03-11 17:14:23
ac7809,EJA902,United States,37.9887,-82.5621,10058.4,224.65,167.3,False,2026-03-11 17:14:23
c05d3c,JZA840,Canada,46.3896,-123.3864,11277.6,226.93,178.7,False,2026-03-11 17:14:23
ac5e01,SWA906,United States,39.0541,-76.7267,1752.6,132.21,180.0,False,2026-03-11 17:14:23
a06ab1,N126HF,United States,40.9905,-72.9491,1036.32,37.51,115.16,False,2026-03-11 17:14:23
a01112,AAL12,United States,34.956,-111.3594,10675.62,251.04,75.76,False,2026-03-11 17:14:23
a02443,AAL1404,United States,33.4383,-112.0021,,0.0,180.0,True,2026-03-11 17:14:23
a1573d,N186CW,United States,30.1229,-81.8203,2164.08,145.7,2.23,False,2026-03-11 17:14:23
a69571,BZZ66ZCH,United States,28.9362,-82.497,1912.62,93.94,307.43,False,2026-03-11 17:14:23
a68e7c,AAL1225,United States,32.3414,-98.6376,6781.8,211.23,86.93,False,2026-03-11 17:14:23
a512ec,N426LJ,United States,28.1002,-81.2023,1005.84,90.06,318.94,False,2026-03-11 17:14:23
a00a31,N101UD,United States,29.9677,-92.4758,13106.4,231.4,282.58,False,2026-03-11 17:14:23
a25d10,N251V,United States,25.9165,-80.1414,304.8,52.27,10.2,False,2026-03-11 17:14:23
a467f1,N383RL,United States,39.189,-75.8828,7620.0,156.52,40.6,False,2026-03-11 17:14:23
a88700,DAL8954,United States,36.1402,-89.1281,9753.6,208.37,269.29,False,2026-03-11 17:14:23
ae6903,SB21,United States,32.6354,-117.2823,30.48,59.92,285.95,False,2026-03-11 17:14:23
a18ada,AAY542,United States,32.9369,-82.7075,10363.2,224.49,348.1,False,2026-03-11 17:14:23
a321a9,XSR300,United States,38.5626,-88.9152,10058.4,245.25,111.02,False,2026-03-11 17:14:23
aa0b10,RPA3601,United States,42.1094,-87.9114,1706.88,142.37,38.69,False,2026-03-11 17:14:23
a3d425,FFT3364,United States,35.4947,-83.9762,11277.6,228.27,173.66,False,2026-03-11 17:14:23
a4b7d3,AAL1219,United States,37.5405,-100.0476,8534.4,209.67,305.21,False,2026-03-11 17:14:23
ac0f26,SWA2066,United States,41.0775,-90.54,7094.22,227.59,84.03,False,2026-03-11 17:14:23
ab56b4,N83HD,United States,38.5208,-116.3514,12192.0,195.66,272.41,False,2026-03-11 17:14:23
a32df8,N3038S,United States,34.4413,-120.04,822.96,38.48,60.35,False,2026-03-11 17:14:23
ac76a7,AAL867,United States,28.394,-82.16,9753.6,228.76,330.49,False,2026-03-11 17:14:23
ab4fd4,DAL47,United States,40.6416,-73.7577,-7.62,62.99,210.96,False,2026-03-11 17:14:23
ab69dc,N8342H,United States,33.9743,-82.8618,2567.94,42.85,184.82,False,2026-03-11 17:14:23
a1314a,SJJ176,United States,34.8293,-114.0725,11620.5,224.98,75.3,False,2026-03-11 17:14:23
aa1e38,SKW5656,United States,41.9552,-87.1955,2202.18,122.99,271.44,False,2026-03-11 17:14:23
ab0968,N810AM,United States,39.4024,-104.5183,2476.5,59.54,161.88,False,2026-03-11 17:14:23
a1314e,AAL1667,United States,36.8812,-102.5289,9441.18,257.75,138.8,False,2026-03-11 17:14:23
a3d42b,LXJ346,United States,41.2186,-85.4294,7315.2,186.23,302.59,False,2026-03-11 17:14:23
a55aa9,WCP253,United States,27.4198,-80.5152,548.64,53.11,266.11,False,2026-03-11 17:14:23
a1f4cd,ENY3983,United States,29.0352,-99.0506,8839.2,257.53,18.04,False,2026-03-11 17:14:23
a2644a,SKW3874,United States,41.6861,-111.6265,7155.18,180.36,248.41,False,2026-03-11 17:14:23
abef16,SWA1711,United States,33.6205,-84.4363,,18.52,284.06,True,2026-03-11 17:14:23
a0116f,AIP321,United States,42.6062,-112.0268,6141.72,106.86,347.77,False,2026-03-11 17:14:23
a49d22,DAL2465,United States,29.7837,-78.6073,10668.0,219.0,7.56,False,2026-03-11 17:14:23
ac76b2,OZN902,United States,25.5297,-80.7386,457.2,38.01,129.51,False,2026-03-11 17:14:23
a4da13,RPA4697,United States,39.3947,-86.2905,3512.82,146.65,178.79,False,2026-03-11 17:14:23
a5d7d8,ERU476,United States,29.4751,-81.3947,1280.16,46.41,305.98,False,2026-03-11 17:14:23
ab0971,AAL2839,United States,28.6172,-82.4118,10066.02,241.64,171.06,False,2026-03-11 17:14:23
a44db3,DAL2085,United States,33.9557,-118.3673,129.54,72.49,263.48,False,2026-03-11 17:14:23
aabc11,ENY3604,United States,43.5526,-81.9912,7924.8,181.54,240.46,False,2026-03-11 17:14:23
a3973e,EJA330,United States,27.7501,-85.8742,12496.8,235.89,108.43,False,2026-03-11 17:14:23
a51445,N4260D,United States,31.3211,-81.9979,2369.82,69.17,157.25,False,2026-03-11 17:14:23
a24a0a,ASA1365,United States,41.6404,-121.7545,11582.4,214.68,2.2,False,2026-03-11 17:14:23
c027d0,ABK336,Canada,45.6856,-74.0202,,0.0,135.0,True,2026-03-11 17:14:23
a0e7ed,CNS727,United States,26.6914,-80.2259,533.4,87.49,118.83,False,2026-03-11 17:14:23
ad4930,EJM95,United States,28.7026,-81.4936,12496.8,259.24,335.62,False,2026-03-11 17:14:23
a467c5,N383PS,United States,41.7797,-111.8511,,0.0,340.31,True,2026-03-11 17:14:23
a14452,SWA2682,United States,35.74,-85.7677,10668.0,238.05,156.7,False,2026-03-11 17:14:23
a214c0,N233MH,United States,29.848,-90.0354,30.48,23.43,109.23,False,2026-03-11 17:14:23
a49d16,,United States,28.4428,-81.3222,,47.33,180.0,True,2026-03-11 17:14:23
a00a65,N101WF,United States,35.1116,-99.2602,12199.62,222.78,273.97,False,2026-03-11 17:14:23
a9327a,DAL755,United States,34.9576,-85.7327,9037.32,258.31,141.87,False,2026-03-11 17:14:23
c07721,TSC106,Canada,42.7661,-75.0329,10363.2,225.24,196.86,False,2026-03-11 17:14:23
abb9df,SWA1652,United States,37.1121,-120.1267,10873.74,206.87,330.5,False,2026-03-11 17:14:23
a49d10,CAP4537,United States,38.7653,-78.1293,1836.42,46.12,231.34,False,2026-03-11 17:14:23
a0d4db,N1526V,United States,25.6223,-80.4373,335.28,52.08,249.78,False,2026-03-11 17:14:23
ac89f7,JBU1851,United States,31.1555,-78.7466,10355.58,238.99,196.25,False,2026-03-11 17:14:23
ad493b,SWA1940,United States,35.0195,-92.4685,12192.0,187.36,231.24,False,2026-03-11 17:14:23
a9dbfc,N734XH,United States,36.2199,-115.2058,640.08,32.02,133.7,False,2026-03-11 17:14:23
abef2f,SWA993,United States,40.216,-113.2185,11582.4,184.5,278.18,False,2026-03-11 17:14:23
aa1e15,N751DK,United States,40.1683,-105.1715,1455.42,29.83,122.32,False,2026-03-11 17:14:23
a19dff,RPA5723,United States,37.9059,-76.6589,9448.8,239.96,26.35,False,2026-03-11 17:14:23
a1577f,N186FM,United States,29.8565,-97.9828,609.6,54.58,46.53,False,2026-03-11 17:14:23
a01d8f,N1061X,United States,28.5635,-81.7637,1165.86,46.58,120.53,False,2026-03-11 17:14:23
a1a74e,N20521,United States,26.0025,-80.2582,30.48,34.47,90.0,False,2026-03-11 17:14:23
a1311e,SKW3344,United States,48.6398,-121.4386,7604.76,170.7,193.24,False,2026-03-11 17:14:23
ad3616,EJA950,United States,36.605,-121.7858,6606.54,165.4,327.45,False,2026-03-11 17:14:23
a68dd1,JTZ521,United States,34.8728,-85.2188,9220.2,216.64,320.3,False,2026-03-11 17:14:23
a68dba,N521MB,United States,40.9978,-82.4081,3909.06,210.03,66.01,False,2026-03-11 17:14:23
a3cd6b,DAL2886,United States,30.2028,-97.6643,,0.0,210.94,True,2026-03-11 17:14:23
a20ddb,N231SV,United States,39.2534,-77.4213,1592.58,126.88,204.17,False,2026-03-11 17:14:23
a15795,EDV5288,United States,33.6385,-84.4282,,0.13,230.62,True,2026-03-11 17:14:23
aa1e03,CSB594,United States,40.6145,-111.9444,2087.88,104.38,354.63,False,2026-03-11 17:14:23
aa98a4,ASA821,United States,45.524,-126.6886,11582.4,205.4,229.37,False,2026-03-11 17:14:23
ab0993,N810CE,United States,33.8226,-117.7354,472.44,26.2,109.5,False,2026-03-11 17:14:23
ad1c16,DAL876,United States,33.6374,-84.4348,,0.9,241.88,True,2026-03-11 17:14:23
ac296f,N883ES,United States,36.0839,-119.3541,1889.76,79.55,341.92,False,2026-03-11 17:14:23
abb9eb,N855A,United States,36.1837,-86.8863,,35.5,196.88,True,2026-03-11 17:14:23
ab43c6,DAL741,United States,38.0231,-99.9577,10058.4,275.96,95.46,False,2026-03-11 17:14:23
ac5cb2,N896MA,United States,29.916,-84.0026,11277.6,217.46,132.03,False,2026-03-11 17:14:23
a8258b,EPI624,United States,29.1165,-80.8306,426.72,48.33,244.8,False,2026-03-11 17:14:23
a9dbd1,N734VQ,United States,28.5692,-81.3007,198.12,39.08,163.95,False,2026-03-11 17:14:23
a6d26f,LXJ539,United States,47.5342,-120.1067,10515.6,277.88,91.38,False,2026-03-11 17:14:23
a24a99,N247GC,United States,27.3837,-82.2599,312.42,69.69,130.51,False,2026-03-11 17:14:23
a441ab,UAL1146,United States,32.3846,-83.5247,8237.22,221.4,163.67,False,2026-03-11 17:14:23
ad495b,AAL2511,United States,32.8871,-97.0509,190.5,69.45,0.0,False,2026-03-11 17:14:23
a79b93,N59FH,United States,30.428,-84.8715,5791.2,163.19,8.16,False,2026-03-11 17:14:23
a3979f,UPS2633,United States,32.9539,-97.1692,3467.1,126.76,176.74,False,2026-03-11 17:14:23
a49d5d,LXJ397,United States,33.6767,-117.9478,5090.16,191.43,91.39,False,2026-03-11 17:14:23
abef54,SWA2407,United States,40.7502,-90.1596,7711.44,243.81,68.85,False,2026-03-11 17:14:23
aa3804,N758CS,United States,27.2656,-97.7907,266.7,55.96,263.14,False,2026-03-11 17:14:23
a7eb4b,N60919,United States,41.6763,-73.7077,792.48,34.47,217.72,False,2026-03-11 17:14:23
a4077d,DAL317,United States,31.7719,-82.4379,9448.8,218.11,333.07,False,2026-03-11 17:14:23
adcca5,DAL1743,United States,35.1948,-83.8052,4937.76,191.71,185.39,False,2026-03-11 17:14:23
a12a80,UAL230,United States,33.6506,-84.0308,9753.6,209.31,234.2,False,2026-03-11 17:14:23
a9a879,NKS1693,United States,36.6054,-113.5737,10050.78,254.33,66.39,False,2026-03-11 17:14:23
a00a8a,N101XT,United States,32.5277,-89.6263,13106.4,205.7,244.2,False,2026-03-11 17:14:23
a12a81,UAL1896,United States,37.619,-122.3806,,7.2,149.06,True,2026-03-11 17:14:23
adcca6,AAL3231,United States,25.8037,-80.3108,-15.24,70.96,119.54,False,2026-03-11 17:14:23
a6cb9e,N537ND,United States,39.9531,-105.0191,1889.76,51.55,36.07,False,2026-03-11 17:14:23
a5b29e,N46622,United States,29.8925,-98.2967,1341.12,43.32,307.28,False,2026-03-11 17:14:23
a8d5db,EDV4920,United States,28.7539,-80.6451,10972.8,233.21,166.61,False,2026-03-11 17:14:23
ae06d9,EASY61,United States,30.6826,-90.9839,670.56,99.34,226.47,False,2026-03-11 17:14:23
ac0f6c,SWA4555,United States,38.0173,-108.7369,10972.8,194.48,269.24,False,2026-03-11 17:14:23
a1e1d8,RPA5606,United States,42.3649,-71.0237,,0.0,182.81,True,2026-03-11 17:14:23
a2a10b,N269GJ,United States,40.7914,-82.1282,11871.96,231.1,159.95,False,2026-03-11 17:14:23
a9eeef,N73904,United States,37.7749,-121.9633,944.88,48.46,80.84,False,2026-03-11 17:14:23
ac0f93,SWA4126,United States,37.6935,-83.0541,10972.8,254.66,104.15,False,2026-03-11 17:14:23
a6d27b,GJS4178,United States,40.6983,-74.1649,,33.44,202.5,True,2026-03-11 17:14:23
ad364b,N950SV,United States,25.6427,-80.4461,-22.86,45.34,86.75,False,2026-03-11 17:14:23
a6cb9b,EJM537,United States,32.7672,-111.3752,13716.0,257.88,101.04,False,2026-03-11 17:14:23
a3711a,JBU2184,United States,42.3664,-71.0139,,0.0,244.69,True,2026-03-11 17:14:23
ad83a8,N970AC,United States,25.9067,-81.7734,548.64,42.97,121.79,False,2026-03-11 17:14:23
a1e1c9,N220J,United States,33.0459,-112.5258,1577.34,75.8,86.11,False,2026-03-11 17:14:23
a13170,N176WE,United States,27.5052,-82.4564,533.4,68.63,217.39,False,2026-03-11 17:14:23
acfc0b,OZN936,United States,25.6218,-80.5952,396.24,50.95,43.36,False,2026-03-11 17:14:23
a62d04,N4974G,United States,26.5503,-81.4249,701.04,59.54,350.05,False,2026-03-11 17:14:23
a12a7f,UAL564,United States,35.3026,-119.3381,10058.4,254.69,128.77,False,2026-03-11 17:14:23
a4075b,N359MM,United States,29.9919,-90.2674,,4.37,286.88,True,2026-03-11 17:14:23
a321ac,BECT59,United States,37.6906,-97.2154,,4.63,95.62,True,2026-03-11 17:14:23
a7b76f,ASI150,United States,33.6758,-112.0381,701.04,53.92,195.49,False,2026-03-11 17:14:23
a9942e,AAL2340,United States,35.1271,-78.6505,6598.92,208.73,173.35,False,2026-03-11 17:14:23
a2519f,MXY318,United States,31.3374,-81.4363,10058.4,222.25,359.47,False,2026-03-11 17:14:23
aa1d9c,VJA759,United States,37.6361,-79.5668,13716.0,257.29,160.01,False,2026-03-11 17:14:23
ab313c,DAL562,United States,43.8888,-108.4301,10668.0,299.32,116.21,False,2026-03-11 17:14:23
a6cad3,JIA5062,United States,39.8815,-75.1912,175.26,66.38,255.64,False,2026-03-11 17:14:23
a8bd56,TRF562,United States,33.7251,-96.7022,548.64,50.66,122.56,False,2026-03-11 17:14:23
abf4cb,N87JF,United States,27.912,-81.6078,701.04,60.76,334.95,False,2026-03-11 17:14:23
a441fb,DAL1715,United States,35.4475,-120.6759,10363.2,214.21,318.12,False,2026-03-11 17:14:23
ac4a44,AAL1766,United States,36.1415,-86.7819,11277.6,263.3,93.25,False,2026-03-11 17:14:23
a7fde4,SKW3936,United States,42.3658,-88.5708,3398.52,196.81,106.4,False,2026-03-11 17:14:23
a6cacb,DAL504,United States,29.814,-100.5148,9753.6,220.75,293.34,False,2026-03-11 17:14:23
a97a32,MXTST,United States,32.7629,-114.8825,12496.8,247.0,88.69,False,2026-03-11 17:14:23
a73a47,JBU53,United States,39.7591,-73.8231,7353.3,206.44,203.5,False,2026-03-11 17:14:23
c062aa,CGLJL,Canada,51.4901,-114.2023,1828.8,62.61,151.54,False,2026-03-11 17:14:23
c00e6c,FLE2800,Canada,39.8574,-115.1724,11887.2,251.73,145.24,False,2026-03-11 17:14:23
c05bd2,ACA103,Canada,50.1038,-120.5288,9753.6,172.16,240.06,False,2026-03-11 17:14:23
abedfe,EJA868,United States,34.1994,-118.4836,762.0,91.69,92.89,False,2026-03-11 17:14:23
abe1c2,DAL2651,United States,44.9046,-93.28,838.2,101.26,295.26,False,2026-03-11 17:14:23
a88774,JBU1715,United States,31.6627,-78.5755,11582.4,239.77,195.56,False,2026-03-11 17:14:23
a1094c,EDV5472,United States,33.64,-84.4281,,0.0,357.19,True,2026-03-11 17:14:23
a20f1a,UCA4258,United States,29.5538,-92.0568,7924.8,207.19,254.45,False,2026-03-11 17:14:23
a441ef,UAL716,United States,45.065,-88.261,6797.04,185.97,273.01,False,2026-03-11 17:14:23
a48a83,DAL1421,United States,36.8685,-121.6379,8100.06,256.59,133.13,False,2026-03-11 17:14:23
a08645,N1329U,United States,30.5839,-91.1714,1889.76,76.79,340.84,False,2026-03-11 17:14:23
ab314f,ERU820,United States,29.1775,-81.0669,60.96,35.16,249.44,False,2026-03-11 17:14:23
aac1e5,N79201,United States,34.1327,-118.0167,487.68,38.12,356.91,False,2026-03-11 17:14:23
a92ad6,N690BG,United States,39.8655,-90.853,7315.2,119.23,241.67,False,2026-03-11 17:14:23
a49d9b,N397JJ,United States,25.7428,-80.1094,13106.4,218.48,325.26,False,2026-03-11 17:14:23
a67aef,N5166M,United States,25.9863,-80.2487,190.5,64.47,265.88,False,2026-03-11 17:14:23
a07f60,EDV4939,United States,38.497,-76.2148,10066.02,248.2,37.84,False,2026-03-11 17:14:23
a3c198,LXJ341,United States,26.9962,-81.6954,9448.8,205.58,142.73,False,2026-03-11 17:14:23
a8d76b,,United States,48.0219,-68.8209,10980.42,195.49,216.87,False,2026-03-11 17:14:23
c1e5a3,TOW901,Canada,49.1957,-123.1858,,0.45,219.38,True,2026-03-11 17:14:23
adba1f,N984BF,United States,40.3836,-112.4738,13106.4,196.76,357.15,False,2026-03-11 17:14:23
c00e9d,ACA1190,Canada,47.7452,-87.5915,8740.14,229.92,115.02,False,2026-03-11 17:14:23
a4e181,,United States,41.9716,-87.911,,8.23,270.0,True,2026-03-11 17:14:23
a07f1b,N131CA,United States,32.8158,-116.9058,739.14,43.92,283.55,False,2026-03-11 17:14:23
a944b9,PDT6048,United States,38.2927,-77.2432,9090.66,242.99,33.69,False,2026-03-11 17:14:23
acb468,PDT5986,United States,42.1391,-71.4314,7315.2,197.77,216.01,False,2026-03-11 17:14:23
a79afa,N5899R,United States,32.3904,-96.844,929.64,38.92,224.46,False,2026-03-11 17:14:23
adba21,N984BH,United States,39.1954,-105.0142,13106.4,195.59,323.34,False,2026-03-11 17:14:23
a9a7b4,N721EN,United States,36.8904,-86.4265,2758.44,104.43,112.9,False,2026-03-11 17:14:23
a09947,DAL2101,United States,36.6727,-119.7596,11887.2,236.39,170.35,False,2026-03-11 17:14:23
ad21af,RAX1073,United States,41.5124,-86.4587,8648.7,276.33,64.06,False,2026-03-11 17:14:23
ae54e3,BOMR776,United States,27.8071,-97.1398,2613.66,123.52,358.33,False,2026-03-11 17:14:23
a87468,N644DF,United States,27.4369,-80.7394,838.2,49.28,166.11,False,2026-03-11 17:14:23
a169bc,N190SA,United States,32.803,-97.358,274.32,70.64,352.05,False,2026-03-11 17:14:23
adba0a,ASA186,United States,45.2454,-120.8209,9776.46,170.18,306.77,False,2026-03-11 17:14:23
c062e8,CGLLV,Canada,51.1187,-114.2614,1554.48,51.65,174.86,False,2026-03-11 17:14:23
a74d8d,,United States,40.9408,-70.2474,403.86,44.86,273.95,False,2026-03-11 17:14:23
a01ca5,SKW5236,United States,33.216,-84.9815,10668.0,236.97,2.99,False,2026-03-11 17:14:23
a43adf,N3717R,United States,38.5541,-121.8099,480.06,53.23,214.77,False,2026-03-11 17:14:23
ad21bc,SWA2651,United States,31.6784,-90.4576,11582.4,193.96,269.39,False,2026-03-11 17:14:23
acb46d,ASA395,United States,44.8668,-114.8157,10972.8,176.68,287.8,False,2026-03-11 17:14:23
a32f46,N304ME,United States,39.2445,-76.5067,396.24,56.5,303.11,False,2026-03-11 17:14:23
a73a10,LXJ565,United States,27.4953,-82.7922,6096.0,174.41,0.68,False,2026-03-11 17:14:23
a4a4ce,N399G,United States,37.1445,-76.4625,91.44,54.26,238.57,False,2026-03-11 17:14:23
a06010,AAL1584,United States,35.4291,-110.4283,9745.98,226.41,234.43,False,2026-03-11 17:14:23
a07341,AAL2676,United States,35.0054,-77.0892,10066.02,237.21,27.23,False,2026-03-11 17:14:23
ae54ed,BOMR850,United States,27.9073,-97.0608,3649.98,90.1,169.14,False,2026-03-11 17:14:23
aa7df3,SWA1799,United States,43.1266,-77.666,,0.0,300.94,True,2026-03-11 17:14:23
a25cc7,N251SB,United States,30.5513,-84.0605,2377.44,95.53,337.85,False,2026-03-11 17:14:23
a7b736,N5968W,United States,30.5276,-85.4399,1051.56,55.7,291.11,False,2026-03-11 17:14:23
aa0a1a,ASI586,United States,33.415,-111.9954,1280.16,56.6,178.96,False,2026-03-11 17:14:23
a8bd16,EJA662,United States,30.9571,-87.5844,12192.0,194.94,279.26,False,2026-03-11 17:14:23
a1ef54,CXK1078,United States,31.7472,-81.2693,1402.08,88.47,34.34,False,2026-03-11 17:14:23
c01533,ASP511,Canada,49.1816,-123.1648,,0.0,95.62,True,2026-03-11 17:14:23
a1ef57,PFA315,United States,27.6345,-82.5574,998.22,54.43,277.06,False,2026-03-11 17:14:23
c05ba9,WJA2914,Canada,34.8585,-77.3367,10972.8,227.08,206.22,False,2026-03-11 17:14:23
a74107,N567BC,United States,37.0344,-120.9931,2316.48,75.27,347.77,False,2026-03-11 17:14:23
a50d6e,N4244Q,United States,33.1226,-84.7071,1165.86,35.89,242.7,False,2026-03-11 17:14:23
a61a2c,N4922H,United States,32.531,-82.8996,1912.62,56.82,286.3,False,2026-03-11 17:14:23
a6ddb9,VJA541,United States,37.4069,-122.0476,,4.12,146.25,True,2026-03-11 17:14:23
a3cd7d,AAL3154,United States,29.8661,-92.1891,10447.02,194.41,243.1,False,2026-03-11 17:14:23
dffe1b,,,28.6438,-80.8378,213.36,47.69,293.52,False,2026-03-11 17:14:23
acad84,N916FT,United States,35.3704,-119.4493,1127.76,31.02,130.29,False,2026-03-11 17:14:23
ab318d,N820HC,United States,30.04,-95.8479,1242.06,130.31,30.61,False,2026-03-11 17:14:23
a396a9,ENY3811,United States,41.9271,-86.9025,3329.94,169.26,307.22,False,2026-03-11 17:14:23
ae54dd,BB203,United States,30.3869,-87.9685,2423.16,89.47,145.3,False,2026-03-11 17:14:23
a86d0c,N642DZ,United States,35.9617,-78.5714,891.54,46.43,260.43,False,2026-03-11 17:14:23
c0150d,ACA1012,Canada,32.5136,-81.4323,10972.8,229.97,196.77,False,2026-03-11 17:14:23
ad846f,JBU883,United States,40.0755,-73.5698,5425.44,202.14,193.54,False,2026-03-11 17:14:23
a143c6,SWA3735,United States,33.5545,-113.1516,8625.84,200.58,294.07,False,2026-03-11 17:14:23
a55ada,KPO444,United States,29.0633,-80.9294,11574.78,253.12,146.44,False,2026-03-11 17:14:23
a681a4,BSM36,United States,33.7153,-96.6879,472.44,47.72,168.81,False,2026-03-11 17:14:23
a55ae8,EJA444,United States,40.8247,-84.8073,1798.32,134.55,342.19,False,2026-03-11 17:14:23
a010c0,N103KF,United States,40.7655,-111.9243,1676.4,50.42,90.58,False,2026-03-11 17:14:23
c05bc6,ROU1709,Canada,43.9378,-103.933,11590.02,202.25,244.22,False,2026-03-11 17:14:23
c05bc8,ROU1895,Canada,38.7623,-82.3904,9144.0,225.47,219.54,False,2026-03-11 17:14:23
a7fdbe,N614BL,United States,36.1988,-77.7428,1341.12,45.8,218.16,False,2026-03-11 17:14:23
c0153b,WJA2050,Canada,48.8445,-121.4056,6766.56,238.04,121.39,False,2026-03-11 17:14:23
a4f465,N4181T,United States,32.9976,-79.9701,1158.24,98.16,343.56,False,2026-03-11 17:14:23
a25ca4,EJA251,United States,39.822,-102.9981,11879.58,265.17,100.39,False,2026-03-11 17:14:23
a32f1b,ENY3467,United States,32.9227,-97.0279,,5.92,351.56,True,2026-03-11 17:14:23
aa84b2,N777TA,United States,27.1225,-81.5332,8534.4,154.88,332.07,False,2026-03-11 17:14:23
a1b9e9,N210EC,United States,36.0634,-86.5913,4572.0,109.28,63.43,False,2026-03-11 17:14:23
a276a5,EJA258,United States,38.5157,-99.4431,12489.18,267.8,116.96,False,2026-03-11 17:14:23
a7fdab,ASA83,United States,47.313,-122.4535,1844.04,131.16,291.63,False,2026-03-11 17:14:23
c00e55,FLE9400,Canada,39.4131,-80.2812,12496.8,210.62,184.76,False,2026-03-11 17:14:23
a1930e,EJM620,United States,47.7009,-114.1134,6583.68,252.59,143.36,False,2026-03-11 17:14:23
a08663,AAL1055,United States,32.055,-101.8397,8839.2,220.95,81.7,False,2026-03-11 17:14:23
ac291f,AAL75,United States,42.1579,-97.0055,12192.0,212.89,273.6,False,2026-03-11 17:14:23
a87428,ASA491,United States,47.281,-122.4666,2621.28,150.91,5.48,False,2026-03-11 17:14:23
a143a3,SWA437,United States,30.0077,-98.2134,3611.88,192.66,9.84,False,2026-03-11 17:14:23
ab4fae,DAL187,United States,35.0528,-81.9687,9753.6,210.51,262.84,False,2026-03-11 17:14:23
a26fc9,SWA3669,United States,37.6225,-122.408,3489.96,175.43,193.91,False,2026-03-11 17:14:23
a5c4de,AAL1496,United States,33.4597,-111.7734,1211.58,93.87,239.36,False,2026-03-11 17:14:23
a681c6,MMY93,United States,40.4164,-122.3267,1325.88,44.8,182.63,False,2026-03-11 17:14:23
a81dbc,ASA82,United States,51.4075,-126.5519,11887.2,252.81,142.52,False,2026-03-11 17:14:23
a86d36,FFT2506,United States,28.4073,-81.2956,152.4,82.83,179.64,False,2026-03-11 17:14:23
c05099,WEN3515,Canada,50.469,-105.246,7139.94,120.34,285.88,False,2026-03-11 17:14:23
aa7f46,UAL1827,United States,38.8146,-102.2589,10058.4,270.58,73.77,False,2026-03-11 17:14:23
a37ce0,N32375,United States,32.5697,-111.5592,1623.06,44.39,302.22,False,2026-03-11 17:14:23
aa49f3,N762LC,United States,30.4217,-84.3668,960.12,19.76,231.34,False,2026-03-11 17:14:23
0d08d0,XAUVL,Mexico,29.2484,-111.1786,914.4,64.83,144.04,False,2026-03-11 17:14:23
c05095,WEN3565,Canada,51.8756,-110.2002,7315.2,144.79,262.45,False,2026-03-11 17:14:23
aae7a0,N801WZ,United States,35.6633,-79.5954,13106.4,203.98,204.43,False,2026-03-11 17:14:23
ac27a6,SWA4289,United States,41.311,-80.7255,11887.2,252.73,91.87,False,2026-03-11 17:14:23
a32f82,EDV4987,United States,38.6294,-81.9554,7315.2,188.32,257.22,False,2026-03-11 17:14:23
a5762f,N451DS,United States,41.7787,-111.8757,1524.0,54.54,181.08,False,2026-03-11 17:14:23
a263dc,ENY4131,United States,32.4067,-97.2101,7642.86,163.82,170.42,False,2026-03-11 17:14:23
a3d3b3,ENY3695,United States,41.275,-90.3701,7315.2,177.33,240.83,False,2026-03-11 17:14:23
a3dfeb,DAL1218,United States,30.2006,-97.664,,4.12,357.19,True,2026-03-11 17:14:23
a143f9,N1807,United States,36.3916,-87.2109,472.44,60.76,111.35,False,2026-03-11 17:14:23
ab3d17,RPA5621,United States,35.7798,-84.6486,7010.4,181.31,258.21,False,2026-03-11 17:14:23
a8391b,EJA629,United States,35.5181,-114.3674,10972.8,204.83,305.29,False,2026-03-11 17:14:23
ab4406,N825GB,United States,27.9425,-80.6453,2667.0,86.88,347.69,False,2026-03-11 17:14:23
a4f3a8,UPS5847,United States,41.9179,-90.1041,4495.8,203.51,73.86,False,2026-03-11 17:14:23
a406cf,LXJ359,United States,29.9977,-90.2652,,0.0,196.88,True,2026-03-11 17:14:23
a5ac14,ASA2608,United States,42.1199,-90.8079,10668.0,253.97,109.28,False,2026-03-11 17:14:23
a9a901,DAL639,United States,37.1515,-111.5364,11277.6,260.61,68.09,False,2026-03-11 17:14:23
aae7b3,VXP203,United States,31.8881,-82.3453,10363.2,231.12,174.25,False,2026-03-11 17:14:23
a83920,QXE2076,United States,37.1683,-122.1866,2400.3,115.69,315.72,False,2026-03-11 17:14:23
aa7f2a,UAL343,United States,42.2999,-102.8793,10363.2,196.38,252.47,False,2026-03-11 17:14:23
a526e1,N431AM,United States,33.1609,-84.3402,541.02,45.42,99.78,False,2026-03-11 17:14:23
a526e2,AAL1308,United States,33.439,-112.0091,,8.23,90.0,True,2026-03-11 17:14:23
0d08e7,XARWS,Mexico,27.1324,-99.4796,8519.16,235.58,11.33,False,2026-03-11 17:14:23
a646bc,SKW281V,United States,34.0868,-118.161,5570.22,183.64,55.73,False,2026-03-11 17:14:23
a3dffe,DAL2671,United States,41.0011,-111.9994,3413.76,135.04,17.74,False,2026-03-11 17:14:23
a4b971,N403TB,United States,37.3699,-110.0523,13716.0,204.7,287.25,False,2026-03-11 17:14:23
aa36a2,N75714,United States,38.9137,-121.3383,213.36,39.04,341.57,False,2026-03-11 17:14:23
a44308,DAL990,United States,40.782,-73.8786,,5.4,8.44,True,2026-03-11 17:14:23
aa7f28,UAL1674,United States,39.4426,-85.8137,10668.0,251.98,123.59,False,2026-03-11 17:14:23
aa7f27,UAL583,United States,36.5475,-121.0375,8214.36,256.09,129.7,False,2026-03-11 17:14:23
a20338,OXF8988,United States,33.0827,-112.3217,2354.58,71.94,247.29,False,2026-03-11 17:14:23
aa7f25,UAL8100,United States,27.9745,-82.532,,0.06,8.44,True,2026-03-11 17:14:23
a2b3a2,SWA513,United States,28.4229,-81.2921,,16.98,267.19,True,2026-03-11 17:14:23
a83953,SKW4669,United States,42.1083,-96.2642,10675.62,266.16,80.99,False,2026-03-11 17:14:23
a1933c,ENY3947,United States,37.2549,-88.4217,11277.6,213.68,148.99,False,2026-03-11 17:14:23
ab3d30,NDU823,United States,32.9544,-111.7906,556.26,42.05,194.89,False,2026-03-11 17:14:23
a1099a,N166ST,United States,30.3424,-97.4166,1844.04,134.32,358.46,False,2026-03-11 17:14:23
c00e24,ACA964,Canada,35.9222,-77.0391,10363.2,231.46,192.06,False,2026-03-11 17:14:23
a4fff6,N421GK,United States,28.5751,-82.6864,1188.72,89.31,9.95,False,2026-03-11 17:14:23
a779eb,DAL494,United States,38.5378,-106.607,10058.4,258.4,75.83,False,2026-03-11 17:14:23
a2fc0f,N29134,United States,32.4943,-80.5094,3299.46,153.8,21.59,False,2026-03-11 17:14:23
a3d3d8,N346CP,United States,33.3474,-117.2273,457.2,46.37,3.18,False,2026-03-11 17:14:23
a7ff0e,SKW285R,United States,38.7427,-90.3614,,0.0,205.31,True,2026-03-11 17:14:23
a5d965,SWA401,United States,27.2723,-78.0416,11887.2,246.04,131.35,False,2026-03-11 17:14:23
ab3d39,AAL3113,United States,39.5519,-76.2511,10972.8,210.26,229.76,False,2026-03-11 17:14:23
a25cdc,SKW3876,United States,39.2443,-104.6472,5608.32,226.41,152.68,False,2026-03-11 17:14:23
c00e17,ACA1257,Canada,27.2594,-79.0136,8374.38,236.24,7.76,False,2026-03-11 17:14:23
a0cf8d,SKW5857,United States,39.5897,-104.5612,2735.58,128.86,334.46,False,2026-03-11 17:14:23
a1801c,SKW3368,United States,37.5422,-120.4664,6804.66,173.86,321.37,False,2026-03-11 17:14:23
a20347,RPA5598,United States,40.7791,-73.8759,,5.92,300.94,True,2026-03-11 17:14:23
ab3d40,AAY981,United States,42.6973,-95.6209,7581.9,210.85,317.67,False,2026-03-11 17:14:23
a75fbf,UAL2135,United States,33.5745,-104.8613,10668.0,256.57,139.64,False,2026-03-11 17:14:23
a81f1a,EJA622,United States,43.6256,-96.6087,12496.8,257.52,102.34,False,2026-03-11 17:14:23
a276dd,SKW107K,United States,30.1824,-97.6594,,0.0,180.0,True,2026-03-11 17:14:23
ab07f5,N81KS,United States,35.435,-119.0541,,0.0,303.75,True,2026-03-11 17:14:23
ab3d46,ASI515,United States,33.7941,-112.2093,1447.8,45.0,292.17,False,2026-03-11 17:14:23
c0509f,WEN3532,Canada,50.9539,-108.8401,7620.0,177.71,96.82,False,2026-03-11 17:14:23
acc707,EJA922,United States,39.0774,-84.4255,502.92,91.27,198.74,False,2026-03-11 17:14:23
a43c03,N372JB,United States,28.2676,-99.1243,6690.36,107.67,190.18,False,2026-03-11 17:14:23
aa7f06,UAL2395,United States,38.3849,-118.3527,10668.0,264.8,80.72,False,2026-03-11 17:14:23
aa7f05,UAL454,United States,35.0169,-94.4949,10363.2,195.07,238.7,False,2026-03-11 17:14:23
c05056,ACA1331,Canada,30.9715,-78.8104,11582.4,244.07,199.58,False,2026-03-11 17:14:23
ac5d38,SKW4900,United States,33.3684,-112.1785,1958.34,155.68,191.05,False,2026-03-11 17:14:23
ab07ea,N81KF,United States,42.36,-102.0657,9448.8,198.34,120.56,False,2026-03-11 17:14:23
aa7f03,UAL1441,United States,29.4455,-94.9416,4472.94,193.7,159.64,False,2026-03-11 17:14:23
aa7f02,UAL366,United States,34.7428,-100.4334,9753.6,216.11,302.06,False,2026-03-11 17:14:23
a56f19,N4495F,United States,27.7779,-82.6251,15.24,31.91,178.15,False,2026-03-11 17:14:23
c05054,ACA2156,Canada,35.049,-80.666,10972.8,228.96,178.97,False,2026-03-11 17:14:23
a8b141,,United States,26.9991,-82.1414,830.58,54.65,273.78,False,2026-03-11 17:14:23
aa7f09,UAL515,United States,40.5597,-75.0109,6035.04,172.36,254.59,False,2026-03-11 17:14:23
ab575b,N83PW,United States,29.4772,-79.4042,8663.94,154.98,200.6,False,2026-03-11 17:14:23
aa9913,N782MM,United States,36.0101,-115.3415,3649.98,159.69,66.66,False,2026-03-11 17:14:23
ac27cf,SWA1009,United States,42.9301,-87.8977,289.56,69.94,6.76,False,2026-03-11 17:14:23
c05044,ACA741,Canada,43.9041,-80.4919,6316.98,183.11,286.65,False,2026-03-11 17:14:23
ab07ff,CMF1158,United States,34.7572,-81.5723,1493.52,90.49,61.1,False,2026-03-11 17:14:23
ab9dde,N848DB,United States,29.0292,-81.0019,1996.44,107.7,341.91,False,2026-03-11 17:14:23
abedc8,AAL2993,United States,32.9147,-79.4772,10668.0,266.18,120.68,False,2026-03-11 17:14:23
a3e6b1,VJA350,United States,40.6901,-74.1685,,9.77,25.31,True,2026-03-11 17:14:23
a44f8a,N377TW,United States,28.6956,-80.8541,6233.16,174.01,159.58,False,2026-03-11 17:14:23
a0609a,N123UA,United States,28.6739,-81.8699,1440.18,42.36,204.39,False,2026-03-11 17:14:23
aa1188,ASI577,United States,33.6986,-112.0039,708.66,47.77,22.15,False,2026-03-11 17:14:23
c1e64f,WLD63,Canada,49.2005,-123.1707,,1.54,281.25,True,2026-03-11 17:14:23
a49cdf,N397AW,United States,46.7723,-97.119,2354.58,82.87,271.78,False,2026-03-11 17:14:23
ad34b9,DAL1182,United States,30.4095,-83.7441,3002.28,149.78,279.69,False,2026-03-11 17:14:23
a1804c,AAL3051,United States,35.2604,-76.9994,10058.4,235.42,22.75,False,2026-03-11 17:14:23
a944f5,EJM697,United States,37.109,-99.275,13098.78,207.25,257.96,False,2026-03-11 17:14:23
ad34b4,AAL1501,United States,38.1371,-95.8598,7924.8,190.24,217.09,False,2026-03-11 17:14:23
ad47e4,N955GV,United States,33.7498,-118.3596,1112.52,66.6,184.87,False,2026-03-11 17:14:23
a20376,CXK200,United States,41.2474,-74.6693,1173.48,19.56,178.49,False,2026-03-11 17:14:23
a0d69c,N153PC,United States,33.1012,-111.7663,1280.16,52.67,347.59,False,2026-03-11 17:14:23
a944ea,N697CA,United States,32.6752,-96.8622,205.74,34.19,315.0,False,2026-03-11 17:14:23
a18c8a,N1994M,United States,34.9841,-77.9708,1790.7,51.01,221.73,False,2026-03-11 17:14:23
a32367,DAL2140,United States,30.4896,-91.3912,10668.0,267.79,75.08,False,2026-03-11 17:14:23
a32368,DAL2078,United States,41.1942,-106.9106,10363.2,186.95,248.02,False,2026-03-11 17:14:23
ac01a4,ES803,United States,38.5676,-121.2797,-30.48,34.57,233.47,False,2026-03-11 17:14:23
a9f760,N741MM,United States,40.1719,-104.9937,7200.9,153.62,3.65,False,2026-03-11 17:14:23
ab3133,DAL1095,United States,38.9859,-113.0937,10972.8,226.67,197.16,False,2026-03-11 17:14:23
a32f9d,,United States,33.6291,-111.9045,,6.69,33.75,True,2026-03-11 17:14:23
ab3132,N820DM,United States,32.8242,-116.9585,784.86,46.53,288.03,False,2026-03-11 17:14:23
aa0a93,N746TX,United States,39.4805,-75.3837,6004.56,169.78,318.19,False,2026-03-11 17:14:23
a396fd,DAL739,United States,37.4294,-106.1396,10668.0,268.4,132.28,False,2026-03-11 17:14:23
c05067,ACA999,Canada,33.0694,-88.0079,11582.4,198.26,224.47,False,2026-03-11 17:14:23
a3ccb7,FFT2532,United States,32.2924,-100.954,11277.6,235.11,90.5,False,2026-03-11 17:14:23
a50cb7,RPA4552,United States,42.8601,-77.2484,8839.2,238.72,113.36,False,2026-03-11 17:14:23
a44f77,EJM377,United States,39.0637,-77.43,12192.0,206.32,218.93,False,2026-03-11 17:14:23
a03816,RPA4676,United States,36.1136,-86.3618,3192.78,174.49,69.64,False,2026-03-11 17:14:23
ac5d61,UAL764,United States,50.9646,-107.0325,10363.2,203.82,279.3,False,2026-03-11 17:14:23
a8bcd7,NDU662,United States,33.3035,-111.6849,701.04,45.11,315.92,False,2026-03-11 17:14:23
a8d6de,NKS2225,United States,32.8886,-97.036,,0.0,320.62,True,2026-03-11 17:14:23
a67c95,N517MT,United States,33.0194,-97.4963,426.72,44.9,175.4,False,2026-03-11 17:14:23
ae07fe,RCH577,United States,43.4573,-104.012,11582.4,185.26,257.82,False,2026-03-11 17:14:23
a9598a,N701P,United States,38.1917,-84.8428,11277.6,259.07,117.18,False,2026-03-11 17:14:23
a25e18,CXK192,United States,33.3408,-97.2864,937.26,37.45,339.08,False,2026-03-11 17:14:23
ae07fa,RHINO19,United States,33.7258,-81.2795,8229.6,257.46,55.01,False,2026-03-11 17:14:23
ae5774,WING53,United States,31.3105,-90.6589,5791.2,144.06,90.82,False,2026-03-11 17:14:23
a67040,N51390,United States,33.1575,-84.5373,1013.46,49.7,154.23,False,2026-03-11 17:14:23
a68371,KOW519,United States,25.9117,-80.3097,53.34,62.28,88.11,False,2026-03-11 17:14:23
a98ce2,N714WE,United States,33.4576,-118.3126,1097.28,64.79,249.55,False,2026-03-11 17:14:23
a81f93,N622VN,United States,32.7617,-82.7068,2537.46,79.74,256.95,False,2026-03-11 17:14:23
ad84cd,N970MW,United States,28.7107,-80.878,2209.8,83.18,163.47,False,2026-03-11 17:14:23
abdd91,SWA15,United States,29.2757,-96.2272,5120.64,225.74,68.05,False,2026-03-11 17:14:23
a6837d,GJS4429,United States,41.5702,-88.3756,3101.34,199.26,41.97,False,2026-03-11 17:14:23
a9a97f,RPA3666,United States,38.1559,-83.6629,10058.4,251.61,99.77,False,2026-03-11 17:14:23
a7ff72,SKW5317,United States,40.8495,-102.5939,9753.6,188.41,246.16,False,2026-03-11 17:14:23
a4e0ec,SKW3021,United States,32.7834,-116.6685,2461.26,155.86,222.32,False,2026-03-11 17:14:23
a1d07f,N216HD,United States,38.6322,-76.0452,350.52,40.75,226.02,False,2026-03-11 17:14:23
c0523f,ROU1658,Canada,43.6892,-79.6382,,8.23,225.0,True,2026-03-11 17:14:23
a8bcdd,NKS981,United States,40.1567,-74.2219,5181.6,188.29,188.48,False,2026-03-11 17:14:23
c002e4,CRN444,Canada,56.2089,-120.9683,3794.76,89.76,205.1,False,2026-03-11 17:14:23
acfd62,,United States,41.7795,-87.7474,,4.63,90.0,True,2026-03-11 17:14:23
abe475,SWA1713,United States,33.4897,-116.248,9448.8,244.4,91.09,False,2026-03-11 17:14:23
aab169,SWA3098,United States,29.2181,-90.2944,11887.2,256.03,103.95,False,2026-03-11 17:14:23
abca71,ACES1,United States,33.0157,-112.9715,2255.52,152.58,62.05,False,2026-03-11 17:14:23
a8d6bd,PDT6073,United States,40.3182,-78.7466,9448.8,255.68,90.12,False,2026-03-11 17:14:23
a6e69b,N54381,United States,26.2417,-81.7878,556.26,56.25,309.81,False,2026-03-11 17:14:23
a6705c,ASA781,United States,29.4207,-100.1213,10972.8,217.44,295.66,False,2026-03-11 17:14:23
ad0a68,N9397C,United States,27.9956,-82.3569,213.36,45.25,130.39,False,2026-03-11 17:14:23
a620f5,SWA4073,United States,33.3263,-113.3981,6217.92,206.43,101.65,False,2026-03-11 17:14:23
ac9a70,N911AP,United States,38.9089,-76.643,320.04,33.36,252.96,False,2026-03-11 17:14:23
ae578f,G20671,United States,44.5776,-92.1834,876.3,60.27,272.94,False,2026-03-11 17:14:23
a085a4,UAL703,United States,39.7761,-104.6883,2057.4,93.12,0.32,False,2026-03-11 17:14:23
a31076,N297LA,United States,28.8924,-81.44,845.82,60.72,91.46,False,2026-03-11 17:14:23
ac048d,SWA1085,United States,30.4973,-94.9818,11887.2,262.91,89.22,False,2026-03-11 17:14:23
a93326,LFA549,United States,28.5526,-80.9202,487.68,50.08,326.31,False,2026-03-11 17:14:23
ad1142,DAL2261,United States,43.9472,-95.3561,9753.6,197.16,253.79,False,2026-03-11 17:14:23
a8e9fd,UAL417,United States,33.9493,-118.4001,,8.23,84.38,True,2026-03-11 17:14:23
c05267,CGFFI,Canada,53.6396,-113.3385,2133.6,91.75,198.64,False,2026-03-11 17:14:23
a588a9,N456CS,United States,37.4579,-122.1124,,0.9,115.31,True,2026-03-11 17:14:23
ae5789,SPUD68,United States,30.8522,-85.2084,335.28,64.51,299.63,False,2026-03-11 17:14:23
a0e8b3,N158JD,United States,27.1339,-80.8265,1927.86,61.99,350.93,False,2026-03-11 17:14:23
ae5785,SHINR28,United States,30.259,-97.7618,365.76,61.51,345.96,False,2026-03-11 17:14:23
a993ad,JIA5442,United States,38.047,-80.3703,10058.4,245.5,66.01,False,2026-03-11 17:14:23
a32396,FFT9501,United States,31.9376,-100.2982,11277.6,234.7,163.31,False,2026-03-11 17:14:23
ab09b4,DAL895,United States,36.1132,-86.6469,9144.0,219.26,306.41,False,2026-03-11 17:14:23
a1d074,N216GT,United States,31.0349,-86.8379,2377.44,69.03,295.61,False,2026-03-11 17:14:23
acea6c,LFA684,United States,28.8009,-81.7174,1447.8,58.79,351.44,False,2026-03-11 17:14:23
aaaa9b,N787AV,United States,33.7931,-112.1979,1592.58,83.4,263.27,False,2026-03-11 17:14:23
0d097a,LET7028,Mexico,25.8639,-100.2413,,0.0,213.75,True,2026-03-11 17:14:23
a3d3f0,DAL2011,United States,29.8697,-93.1734,9753.6,203.59,248.82,False,2026-03-11 17:14:23
a4ecf3,N4161P,United States,28.0841,-81.7724,152.4,40.89,248.6,False,2026-03-11 17:14:23
aae9a3,DAL1411,United States,40.7388,-73.6816,647.7,73.67,211.58,False,2026-03-11 17:14:23
a7197d,ASA459,United States,47.9208,-112.7225,11590.02,193.52,258.03,False,2026-03-11 17:14:23
c0653d,ACA202,Canada,51.1285,-114.011,,5.66,42.19,True,2026-03-11 17:14:23
aab18c,SWA3636,United States,41.8168,-88.3926,6195.06,177.84,266.35,False,2026-03-11 17:14:23
a2b513,N2738B,United States,39.0591,-82.5208,2773.68,123.85,83.08,False,2026-03-11 17:14:23
a9a91a,AAL2691,United States,33.643,-84.442,,0.0,272.81,True,2026-03-11 17:14:23
0d0997,VOI760,Mexico,31.0132,-106.2317,10363.2,212.41,332.13,False,2026-03-11 17:14:23
a20ecb,CXK523,United States,33.1725,-117.3782,1066.8,45.32,333.73,False,2026-03-11 17:14:23
c05218,ROU1673,Canada,34.9718,-80.6895,10660.38,243.01,8.64,False,2026-03-11 17:14:23
a24b15,N247MB,United States,42.619,-83.3337,2659.38,108.63,237.97,False,2026-03-11 17:14:23
a0cee8,FDL51,United States,40.7453,-73.4146,83.82,30.87,179.05,False,2026-03-11 17:14:23
c05217,CGFCG,Canada,51.8247,-113.2502,1859.28,90.65,127.39,False,2026-03-11 17:14:23
c05219,ROU1706,Canada,36.1954,-114.4481,5615.94,214.53,90.27,False,2026-03-11 17:14:23
abd17b,SWA3290,United States,32.7563,-116.3177,3649.98,187.93,262.29,False,2026-03-11 17:14:23
ab5933,JRE830,United States,34.1436,-115.2514,12496.8,205.27,53.56,False,2026-03-11 17:14:23
a32eaf,FIRE4,United States,34.2167,-118.495,,0.0,0.0,True,2026-03-11 17:14:23
aca1da,ASA1367,United States,33.4981,-117.8453,6736.08,213.89,149.98,False,2026-03-11 17:14:23
a7ff34,SKW6467,United States,30.1937,-97.6589,,6.69,180.0,True,2026-03-11 17:14:23
0d098f,XARAN,Mexico,39.763,-87.0227,8397.24,219.35,134.9,False,2026-03-11 17:14:23
a02585,N1085T,United States,33.5222,-118.7819,350.52,38.57,136.08,False,2026-03-11 17:14:23
a75fdf,UAL1873,United States,38.9669,-101.8129,10058.4,276.88,71.7,False,2026-03-11 17:14:23
a74cc4,N57HE,United States,42.0956,-83.0856,12496.8,271.63,82.93,False,2026-03-11 17:14:23
adbaca,JBU588,United States,37.5053,-99.5774,10073.64,264.38,77.64,False,2026-03-11 17:14:23
a5502b,AAL2852,United States,32.8896,-97.032,,9.77,180.0,True,2026-03-11 17:14:23
aa24e1,N75274,United States,34.2748,-118.4973,579.12,58.28,175.95,False,2026-03-11 17:14:23
a5ac3b,AAL1816,United States,32.2768,-108.6862,10058.4,251.94,102.02,False,2026-03-11 17:14:23
a32ec1,LXJ304,United States,41.1664,-78.5038,2232.66,156.94,27.74,False,2026-03-11 17:14:23
a38513,N326EW,United States,27.5467,-82.7201,7406.64,233.32,152.42,False,2026-03-11 17:14:23
a202a1,MXY715,United States,32.2067,-81.8472,10050.78,242.13,42.5,False,2026-03-11 17:14:23
c06539,ACA100,Canada,43.4592,-80.4716,3093.72,167.23,91.23,False,2026-03-11 17:14:23
a25e53,NWX251,United States,32.959,-97.8274,1066.8,33.99,39.47,False,2026-03-11 17:14:23
a2ae12,JRE272,United States,27.4484,-81.919,2979.42,166.11,351.09,False,2026-03-11 17:14:23
0d099a,VIV3120,Mexico,29.5825,-112.2289,9753.6,224.53,316.58,False,2026-03-11 17:14:23
a82662,N624PD,United States,33.8127,-118.1526,,0.0,309.38,True,2026-03-11 17:14:23
aa0aab,AAL1332,United States,28.4263,-80.0275,10363.2,231.51,211.18,False,2026-03-11 17:14:23
0c605d,BWA079,Trinidad and Tobago,29.8272,-77.7197,10668.0,218.34,357.43,False,2026-03-11 17:14:23
a1a849,N20597,United States,39.9474,-76.4173,1089.66,46.33,150.02,False,2026-03-11 17:14:23
a19ecf,SKW5196,United States,39.7067,-104.7045,2468.88,89.06,8.97,False,2026-03-11 17:14:23
aa6113,AAL2166,United States,41.9655,-87.888,,7.72,42.19,True,2026-03-11 17:14:23
a2c81e,N279CA,United States,41.7885,-73.0171,1973.58,36.84,215.91,False,2026-03-11 17:14:23
ab2c04,AAL3288,United States,40.6456,-73.7951,,9.26,354.38,True,2026-03-11 17:14:23
a6f98e,EDV4899,United States,43.1934,-83.7551,3154.68,181.61,157.87,False,2026-03-11 17:14:23
0c6062,BWA482,Trinidad and Tobago,25.5201,-78.1347,10972.8,224.02,285.31,False,2026-03-11 17:14:23
a620b7,UAL2259,United States,39.6093,-122.2009,10370.82,221.01,356.93,False,2026-03-11 17:14:23
a8264f,NKS2355,United States,41.1676,-91.8389,11269.98,268.96,34.09,False,2026-03-11 17:14:23
aa1dcd,AAL142,United States,41.7021,-67.4486,11277.6,252.66,76.22,False,2026-03-11 17:14:23
a9a929,VXP8511,United States,36.0487,-85.9062,7924.8,196.51,278.28,False,2026-03-11 17:14:23
abd19e,SWA3375,United States,37.7787,-122.3955,1455.42,140.37,219.35,False,2026-03-11 17:14:23
aa6103,UAL1049,United States,40.2998,-103.3127,7993.38,178.55,255.48,False,2026-03-11 17:14:23
a7ec24,N6098F,United States,40.8409,-74.8333,556.26,42.21,182.1,False,2026-03-11 17:14:23
ac5f28,N89681,United States,33.6433,-97.1392,1645.92,42.21,2.1,False,2026-03-11 17:14:23
a1a837,N2059P,United States,46.6691,-96.5647,1592.58,100.84,148.99,False,2026-03-11 17:14:23
a500e9,N421SC,United States,27.9171,-89.14,12192.0,209.9,269.58,False,2026-03-11 17:14:23
a86caa,N642AA,United States,33.2805,-97.1481,754.38,62.38,158.73,False,2026-03-11 17:14:23
aba91b,UAL2033,United States,42.3304,-96.4098,10355.58,196.41,275.56,False,2026-03-11 17:14:23
a13e56,N18AC,United States,44.3202,-121.0279,1402.08,53.91,103.24,False,2026-03-11 17:14:23
a7f308,LXJ611,United States,34.9982,-77.4129,13106.4,218.1,206.32,False,2026-03-11 17:14:23
a8cfae,QXE2163,United States,43.0242,-118.1716,10668.0,216.94,195.68,False,2026-03-11 17:14:23
aa7426,UAL1254,United States,26.9199,-84.6912,10363.2,226.97,299.76,False,2026-03-11 17:14:23
ab3f49,SKW5563,United States,33.9462,-118.4194,,5.4,109.69,True,2026-03-11 17:14:23
a6cc45,AAL2169,United States,36.0928,-87.6551,9433.56,254.36,95.69,False,2026-03-11 17:14:23
a085f9,N1327N,United States,30.0795,-90.0304,137.16,38.08,181.55,False,2026-03-11 17:14:23
ac0fb6,SWA504,United States,33.4761,-97.518,3436.62,185.37,120.34,False,2026-03-11 17:14:23
a86cae,PDT6134,United States,39.7192,-75.4011,2941.32,131.16,195.24,False,2026-03-11 17:14:23
a07efc,N131AV,United States,43.8598,-116.5598,830.58,28.16,99.46,False,2026-03-11 17:14:23
a5d8d3,EJA476,United States,27.4036,-82.5644,-30.48,59.3,133.95,False,2026-03-11 17:14:23
aa99fd,N782WW,United States,33.9606,-117.6486,320.04,49.0,94.21,False,2026-03-11 17:14:23
a072fd,MMY37,United States,40.6177,-122.3858,1257.3,48.09,207.39,False,2026-03-11 17:14:23
a63526,N4999M,United States,39.4396,-74.5369,441.96,52.78,190.11,False,2026-03-11 17:14:23
a335f4,DAL1384,United States,42.9478,-78.7181,,4.89,5.62,True,2026-03-11 17:14:23
ab44a7,AAL2220,United States,43.0629,-94.6521,10675.62,205.76,203.42,False,2026-03-11 17:14:23
a3e86f,N3509Q,United States,27.381,-82.3451,563.88,55.85,5.82,False,2026-03-11 17:14:23
a36b50,JBU68,United States,42.3688,-71.0156,,0.0,185.62,True,2026-03-11 17:14:23
ab3dc3,UAL500,United States,37.619,-122.3818,,2.06,171.56,True,2026-03-11 17:14:23
a562a9,N446U,United States,29.2657,-98.6579,701.04,52.66,345.28,False,2026-03-11 17:14:23
a37e5a,DAL611,United States,34.5302,-97.7343,9144.0,222.82,186.9,False,2026-03-11 17:14:23
a1e2c4,UAL2391,United States,37.5898,-122.2845,236.22,80.39,289.83,False,2026-03-11 17:14:23
a88819,EJA649,United States,39.7341,-73.7294,11849.1,194.52,219.2,False,2026-03-11 17:14:23
c05e09,CGJPW,Canada,43.8401,-92.7986,12496.8,273.32,111.3,False,2026-03-11 17:14:23
a67ba8,N517CF,United States,26.0773,-80.2181,213.36,64.31,90.46,False,2026-03-11 17:14:23
aad72c,N798QS,United States,25.7442,-78.3963,9197.34,216.07,295.53,False,2026-03-11 17:14:23
abdd09,SWA3762,United States,37.71,-122.2123,,0.0,129.38,True,2026-03-11 17:14:23
a8007e,N6144,United States,40.8185,-93.9916,11003.28,184.77,271.76,False,2026-03-11 17:14:23
aba7b9,N850DX,United States,43.0642,-102.3152,8839.2,197.72,114.76,False,2026-03-11 17:14:23
a575e0,AAL2722,United States,36.3615,-100.0678,8534.4,214.94,257.56,False,2026-03-11 17:14:23
a455c7,FFT9579,United States,34.9189,-95.6985,10668.0,283.46,43.6,False,2026-03-11 17:14:23
aba7b0,DAL1336,United States,33.2575,-83.3996,5097.78,192.1,258.57,False,2026-03-11 17:14:23
a36b2d,JBU2105,United States,42.7371,-85.7726,8298.18,194.89,256.26,False,2026-03-11 17:14:23
a3c235,NDU341,United States,32.9767,-111.3985,739.14,56.68,351.65,False,2026-03-11 17:14:23
a3e895,RAX131,United States,47.1425,-121.6639,4030.98,140.83,303.98,False,2026-03-11 17:14:23
ac77d3,AAL1976,United States,33.6306,-87.262,9144.0,213.76,262.53,False,2026-03-11 17:14:23
ac0417,ASH6267,United States,29.4122,-95.3328,5684.52,156.45,206.14,False,2026-03-11 17:14:23
a3d568,UPS5975,United States,42.4883,-93.6323,11285.22,285.19,94.03,False,2026-03-11 17:14:23
ac64a6,SKW3687,United States,42.5997,-83.7518,1950.72,150.7,117.0,False,2026-03-11 17:14:23
50801c,ADB771F,Ukraine,42.9882,-70.541,845.82,96.07,194.26,False,2026-03-11 17:14:23
a1589d,SKW864W,United States,37.0718,-121.6736,1828.8,134.87,341.08,False,2026-03-11 17:14:23
a1a87e,MXY244,United States,29.3688,-97.8911,10972.8,210.57,291.05,False,2026-03-11 17:14:23
a3d55e,N346UD,United States,31.4813,-84.3197,960.12,62.78,91.41,False,2026-03-11 17:14:23
a7e09c,BPX278,United States,25.9056,-80.44,434.34,44.76,90.66,False,2026-03-11 17:14:23
a7b832,JBU94,United States,35.148,-77.8122,11277.6,236.61,38.29,False,2026-03-11 17:14:23
a3e88d,N351AJ,United States,39.3833,-101.8437,12192.0,168.69,284.12,False,2026-03-11 17:14:23
a562aa,UAL1586,United States,28.9453,-98.0483,10058.4,218.12,152.77,False,2026-03-11 17:14:23
a24b39,ENY4103,United States,31.1174,-95.1487,7924.8,224.0,357.5,False,2026-03-11 17:14:23
a49e39,EJA397,United States,29.6024,-95.2453,1348.74,144.24,75.96,False,2026-03-11 17:14:23
a825a6,FFT1324,United States,32.7697,-97.0553,815.34,98.77,0.3,False,2026-03-11 17:14:23
aba7c2,VAR850,United States,33.4287,-112.3676,,6.17,39.38,True,2026-03-11 17:14:23
a3c246,DAL2951,United States,41.3086,-74.1765,9273.54,220.45,224.62,False,2026-03-11 17:14:23
abca00,AAL2941,United States,31.6007,-105.3259,8534.4,212.02,285.05,False,2026-03-11 17:14:23
a192e0,N200JW,United States,41.182,-111.0203,7665.72,228.81,74.21,False,2026-03-11 17:14:23
a32ecc,N304GH,United States,35.7117,-81.9945,563.88,29.84,223.6,False,2026-03-11 17:14:23
c0782d,RS720,Canada,54.7474,-105.6072,6096.0,132.73,359.78,False,2026-03-11 17:14:23
a5fb19,N4849S,United States,31.4222,-84.8607,335.28,44.14,229.25,False,2026-03-11 17:14:23
0d0984,VOI7800,Mexico,28.5881,-109.924,10957.56,206.69,311.27,False,2026-03-11 17:14:23
a5bee3,N47BJ,United States,27.3825,-79.6975,2887.98,45.88,107.62,False,2026-03-11 17:14:23
c06515,CGMHG,Canada,40.5775,-74.76,1463.04,160.31,30.68,False,2026-03-11 17:14:23
a6353e,N5A,United States,34.7467,-78.1965,13716.0,242.48,38.28,False,2026-03-11 17:14:23
ac9a00,N9107H,United States,38.9969,-75.9127,914.4,55.46,307.08,False,2026-03-11 17:14:23
c028cd,WJA2132,Canada,39.6006,-80.332,10972.8,224.42,186.98,False,2026-03-11 17:14:23
a37279,EPI385,United States,28.9537,-81.149,1386.84,61.55,286.01,False,2026-03-11 17:14:23
ab2ac4,N81894,United States,32.6587,-97.3311,883.92,49.94,348.11,False,2026-03-11 17:14:23
ad7dc8,KAP7021,United States,41.891,-70.5194,1181.1,71.83,305.97,False,2026-03-11 17:14:23
a442f3,DAL946,United States,31.4532,-102.5505,9448.8,250.64,100.53,False,2026-03-11 17:14:23
a81395,N61972,United States,27.5851,-81.9019,1767.84,55.45,353.07,False,2026-03-11 17:14:23
a08714,RPA4441,United States,40.7748,-73.8712,,3.09,337.5,True,2026-03-11 17:14:23
a442da,SKW4308,United States,37.5891,-113.2912,4221.48,125.63,357.65,False,2026-03-11 17:14:23
abe40a,SWA1627,United States,38.7864,-76.5569,4602.48,176.37,197.48,False,2026-03-11 17:14:23
a037b2,DAL1770,United States,37.9355,-75.5731,10972.8,239.04,169.58,False,2026-03-11 17:14:23
ab44dd,EJA825,United States,43.9238,-101.5102,13106.4,220.47,272.94,False,2026-03-11 17:14:23
aa99b7,UAL2402,United States,31.6873,-87.0515,11277.6,279.41,50.15,False,2026-03-11 17:14:23
a037b9,DAL2396,United States,35.7114,-77.4671,10972.8,224.65,218.02,False,2026-03-11 17:14:23
a93393,EJA692,United States,33.4762,-112.2348,6301.74,187.34,265.43,False,2026-03-11 17:14:23
ab2ae0,AAL2157,United States,33.6455,-95.785,8252.46,202.23,243.24,False,2026-03-11 17:14:23
ae571b,WING31,United States,35.8606,-81.6707,7315.2,115.48,228.07,False,2026-03-11 17:14:23
a2fbec,UAL648,United States,47.0366,-81.1238,9753.6,187.2,285.3,False,2026-03-11 17:14:23
aaaa2f,N7867T,United States,29.8152,-100.6903,10248.9,130.07,305.83,False,2026-03-11 17:14:23
acadb6,N916HT,United States,35.6304,-119.3299,1958.34,58.9,334.11,False,2026-03-11 17:14:23
a9efff,N7398W,United States,29.7215,-98.4505,487.68,48.11,65.35,False,2026-03-11 17:14:23
a48b51,N392MG,United States,36.784,-79.2111,5318.76,201.2,124.58,False,2026-03-11 17:14:23
a74e05,N57WA,United States,35.6051,-119.0169,4457.7,112.38,150.97,False,2026-03-11 17:14:23
a2fbf1,UAL2301,United States,40.6927,-74.1721,,5.4,298.12,True,2026-03-11 17:14:23
adcdc9,NKS3204,United States,26.151,-80.2987,1440.18,122.96,270.48,False,2026-03-11 17:14:23
a6709b,DAL451,United States,47.1899,-96.4109,10050.78,255.01,94.74,False,2026-03-11 17:14:23
aa617c,RPA3485,United States,41.9586,-87.9101,,9.77,90.0,True,2026-03-11 17:14:23
abdd4a,SWA1756,United States,36.4054,-112.725,10317.48,256.73,77.38,False,2026-03-11 17:14:23
a36b73,JBU2474,United States,34.2645,-78.4031,9304.02,240.71,33.32,False,2026-03-11 17:14:23
a2ae7d,LXJ272,United States,38.1222,-75.4027,6400.8,219.1,25.0,False,2026-03-11 17:14:23
a49232,FFT1474,United States,33.6875,-80.8708,11277.6,250.65,31.15,False,2026-03-11 17:14:23
abe42c,SWA3586,United States,38.6147,-90.1891,937.26,110.44,33.99,False,2026-03-11 17:14:23
ad1d3d,AAL2192,United States,35.5022,-106.0389,9144.0,218.49,287.97,False,2026-03-11 17:14:23
ac1789,SWA4112,United States,34.5422,-112.8546,8534.4,186.54,319.81,False,2026-03-11 17:14:23
ab8148,EJA840,United States,45.1359,-93.3814,13106.4,214.11,278.15,False,2026-03-11 17:14:23
0d0934,VIV8011,Mexico,27.1035,-101.6981,10363.2,213.0,312.55,False,2026-03-11 17:14:23
ae07ce,DECOY99,United States,33.6088,-81.0048,381.0,95.53,48.93,False,2026-03-11 17:14:23
a980c5,N711LG,United States,30.493,-98.1336,731.52,43.81,344.33,False,2026-03-11 17:14:23
ac4ace,UAL295,United States,39.8593,-104.681,,0.0,180.0,True,2026-03-11 17:14:23
a335fa,DAL2247,United States,42.4182,-88.9665,4221.48,214.9,99.51,False,2026-03-11 17:14:23
ad97dd,SKW5105,United States,42.0019,-87.6096,1280.16,88.04,272.34,False,2026-03-11 17:14:23
aaaa4a,SWA3785,United States,32.2201,-98.1994,6896.1,203.22,84.19,False,2026-03-11 17:14:23
a993ea,SCA16,United States,33.6599,-111.9586,1203.96,36.61,340.29,False,2026-03-11 17:14:23
a2ae6e,N272FG,United States,40.0567,-74.1694,784.86,62.27,88.58,False,2026-03-11 17:14:23
a50e3f,AAL2048,United States,34.0536,-110.1312,8839.2,246.32,69.33,False,2026-03-11 17:14:23
ad3777,N9503Q,United States,30.103,-90.5778,213.36,59.93,258.11,False,2026-03-11 17:14:23
abca36,EJA859,United States,38.2552,-83.4734,13106.4,212.12,265.41,False,2026-03-11 17:14:23
aab146,SWA3582,United States,37.4473,-121.6273,2148.84,131.03,305.25,False,2026-03-11 17:14:23
ad7e6f,JBU289,United States,35.1822,-102.4947,10363.2,214.53,270.27,False,2026-03-11 17:14:23
add546,N9902E,United States,35.0704,-118.3553,1310.64,66.55,155.81,False,2026-03-11 17:14:23
a682ef,ASA1474,United States,48.1458,-93.9018,10363.2,209.81,266.34,False,2026-03-11 17:14:23
a5fb82,N485DL,United States,40.3915,-104.8569,2804.16,84.33,56.7,False,2026-03-11 17:14:23
ac5e8d,SWA1754,United States,36.4193,-116.0529,10668.0,258.99,113.41,False,2026-03-11 17:14:23
ad2efa,DAL3013,United States,35.4193,-85.5504,9753.6,219.83,308.16,False,2026-03-11 17:14:23
c050c4,ACA1321,Canada,37.8402,-80.5638,10972.8,224.55,189.1,False,2026-03-11 17:14:23
a7a568,LXJ592,United States,33.7413,-80.9909,13106.4,220.36,196.83,False,2026-03-11 17:14:23
a7b899,N597NE,United States,28.9976,-107.1362,10972.8,256.51,201.16,False,2026-03-11 17:14:23
adce52,JTZ989,United States,35.2504,-82.4674,12192.0,220.46,352.63,False,2026-03-11 17:14:23
c050c5,ACA738,Canada,39.6818,-119.1482,10668.0,254.55,52.97,False,2026-03-11 17:14:23
c050c0,ACA341,Canada,52.0244,-109.3886,10980.42,210.32,266.35,False,2026-03-11 17:14:23
a4db90,N412AB,United States,39.7037,-86.1668,2583.18,145.65,42.42,False,2026-03-11 17:14:23
a19404,SWA2954,United States,37.513,-78.9933,12192.0,205.16,216.64,False,2026-03-11 17:14:23
a4f59c,AAL1853,United States,36.0807,-115.1349,,0.0,241.88,True,2026-03-11 17:14:23
a8ab3c,JBU2584,United States,31.8732,-81.0975,11277.6,233.37,25.04,False,2026-03-11 17:14:23
acae64,EJA916,United States,39.55,-103.8841,12496.8,252.96,94.78,False,2026-03-11 17:14:23
adc201,MTN8310,United States,41.3972,-73.2333,1828.8,65.4,245.85,False,2026-03-11 17:14:23
a6cbe7,N537RB,United States,35.8794,-93.2707,8763.0,183.52,78.85,False,2026-03-11 17:14:23
ac6596,SWA1132,United States,33.5,-110.6686,10972.8,212.5,256.7,False,2026-03-11 17:14:23
424c9e,MGALX,United Kingdom,25.7618,-79.3903,2842.26,188.77,292.09,False,2026-03-11 17:14:23
a8754d,NKS2183,United States,35.4219,-81.0661,1394.46,140.7,50.49,False,2026-03-11 17:14:23
a144a2,N181CN,United States,36.0081,-115.022,2011.68,117.28,97.56,False,2026-03-11 17:14:23
a9e546,N737CH,United States,39.3848,-77.5991,1127.76,40.97,187.21,False,2026-03-11 17:14:23
ab3282,SCX529,United States,41.438,-95.5862,10363.2,204.95,202.9,False,2026-03-11 17:14:23
a6cbdd,EJA537,United States,37.3092,-84.6638,11094.72,221.06,155.82,False,2026-03-11 17:14:23
a05a25,UAL2647,United States,39.3353,-113.0371,10668.0,267.84,77.35,False,2026-03-11 17:14:23
aa72f5,SWA1807,United States,39.1207,-114.1449,12192.0,190.99,261.32,False,2026-03-11 17:14:23
a9cb1c,XSR730,United States,37.3205,-101.9502,13716.0,206.56,238.13,False,2026-03-11 17:14:23
a62298,N4949S,United States,27.6999,-82.0082,1463.04,78.74,178.5,False,2026-03-11 17:14:23
abe2f6,RPA4548,United States,36.3022,-93.7145,1821.18,127.49,242.09,False,2026-03-11 17:14:23
c063fa,WEN3738,Canada,49.1808,-123.0574,1066.8,109.25,96.49,False,2026-03-11 17:14:23
a8758b,QXE2465,United States,32.7353,-117.1975,,17.49,267.19,True,2026-03-11 17:14:23
a57706,N451NG,United States,32.9779,-80.0967,426.72,83.11,148.67,False,2026-03-11 17:14:23
a98219,DAL1857,United States,39.1413,-109.5126,10972.8,214.23,232.41,False,2026-03-11 17:14:23
aa6bed,SWA3752,United States,32.753,-114.686,10058.4,242.57,87.33,False,2026-03-11 17:14:23
aca22e,DAL2110,United States,34.2166,-117.0911,5821.68,152.61,289.29,False,2026-03-11 17:14:23
a2a26d,SWA4359,United States,29.6159,-95.6376,1897.38,148.27,55.32,False,2026-03-11 17:14:23
a86259,N6396D,United States,33.4652,-117.7246,876.3,51.37,277.48,False,2026-03-11 17:14:23
c063eb,WJA1680,Canada,50.987,-112.2248,7894.32,241.01,96.99,False,2026-03-11 17:14:23
a9a8f4,CXK127,United States,30.3038,-97.964,1844.04,40.04,317.08,False,2026-03-11 17:14:23
acae7c,N916RR,United States,33.6566,-117.8655,137.16,40.43,104.74,False,2026-03-11 17:14:23
a57719,GTI8594,United States,43.8928,-79.4893,1996.44,147.11,326.7,False,2026-03-11 17:14:23
a05a03,UAL2679,United States,37.6599,-86.8441,10363.2,193.31,258.33,False,2026-03-11 17:14:23
ae088c,TUNDRA2,United States,34.7553,-86.7787,754.38,57.68,182.56,False,2026-03-11 17:14:23
adbb39,AAL3280,United States,40.4884,-73.9214,7879.08,234.43,56.73,False,2026-03-11 17:14:23
a25dcc,CXK461,United States,39.0228,-104.6078,2522.22,55.15,171.42,False,2026-03-11 17:14:23
a81ee1,NKS2022,United States,42.2325,-83.3617,373.38,70.21,208.44,False,2026-03-11 17:14:23
a12ac8,UAL738,United States,35.689,-77.8538,10972.8,223.21,217.98,False,2026-03-11 17:14:23
a1dd2d,RPA5705,United States,40.7801,-73.878,,0.0,300.94,True,2026-03-11 17:14:23
a12ac9,UAL1074,United States,46.2961,-77.5144,9753.6,189.85,287.99,False,2026-03-11 17:14:23
a3c259,EDV5474,United States,31.3222,-83.4509,9288.78,215.91,250.66,False,2026-03-11 17:14:23
a0c42c,AAL1470,United States,33.4382,-111.9967,,0.0,210.94,True,2026-03-11 17:14:23
ac4b9a,N8911V,United States,33.7735,-82.6179,1478.28,51.68,133.39,False,2026-03-11 17:14:23
a97b05,N71PM,United States,29.9209,-98.6281,1188.72,59.51,124.79,False,2026-03-11 17:14:23
a06d6b,N12679,United States,25.6706,-80.4279,266.7,55.62,267.35,False,2026-03-11 17:14:23
ab329e,UAL1597,United States,37.6855,-120.5243,8580.12,201.31,261.48,False,2026-03-11 17:14:23
a61b43,CNS402,United States,38.68,-76.0371,3954.78,145.18,36.79,False,2026-03-11 17:14:23
a74224,JIA5051,United States,36.4469,-78.9056,8839.2,250.93,54.68,False,2026-03-11 17:14:23
a32427,NSH301,United States,32.9966,-80.4121,11277.6,233.98,26.79,False,2026-03-11 17:14:23
a67bd3,DAL389,United States,44.7887,-85.6782,9349.74,241.48,323.23,False,2026-03-11 17:14:23
a79bbb,N59GY,United States,28.2343,-81.2206,3886.2,94.68,341.96,False,2026-03-11 17:14:23
a93ed2,N695RT,United States,33.5024,-78.9029,5128.26,154.7,47.02,False,2026-03-11 17:14:23
a682b5,N51885,United States,33.5298,-112.2935,228.6,30.15,205.25,False,2026-03-11 17:14:23
a12ac0,UAL2855,United States,34.3267,-105.5185,10363.2,215.78,287.05,False,2026-03-11 17:14:23
a12ac1,UAL1323,United States,35.7127,-103.772,10363.2,214.63,268.21,False,2026-03-11 17:14:23
a12ac2,UAL502,United States,43.0914,-76.8259,9144.0,210.95,270.98,False,2026-03-11 17:14:23
a12ac3,UAL1499,United States,30.1985,-97.6606,,0.0,90.0,True,2026-03-11 17:14:23
a61b4e,ASA284,United States,40.174,-103.0669,10058.4,267.61,77.57,False,2026-03-11 17:14:23
acb57f,N918MJ,United States,40.9969,-103.6619,12504.42,278.56,78.71,False,2026-03-11 17:14:23
a0aa2b,AAL2874,United States,31.4383,-97.1188,9829.8,183.51,198.64,False,2026-03-11 17:14:23
a1f743,FTK17,United States,34.7782,-78.7654,495.3,56.08,181.05,False,2026-03-11 17:14:23
a17a45,,United States,40.2562,-75.6962,350.52,38.8,276.09,False,2026-03-11 17:14:23
a562e8,SWA3804,United States,37.7095,-122.213,,0.0,123.75,True,2026-03-11 17:14:23
a131b6,JPR76,United States,40.5124,-122.2963,,5.66,180.0,True,2026-03-11 17:14:23
a695ea,AAL2927,United States,40.776,-73.874,,0.0,132.19,True,2026-03-11 17:14:23
a61b51,VAR493,United States,32.9225,-112.3169,1287.78,72.55,276.92,False,2026-03-11 17:14:23
a0bd62,N147HB,United States,33.2623,-111.9824,1569.72,58.25,321.81,False,2026-03-11 17:14:23
c05caa,CLTST22,Canada,37.715,-97.4926,2514.6,116.5,324.34,False,2026-03-11 17:14:23
a8ab18,N658GR,United States,33.9508,-117.436,,19.03,284.06,True,2026-03-11 17:14:23
aa72b1,RPA3654,United States,40.3727,-74.1984,1836.42,127.63,181.62,False,2026-03-11 17:14:23
a37da0,ERU324,United States,29.6366,-81.162,1600.2,60.88,48.77,False,2026-03-11 17:14:23
a12aa4,UAL1930,United States,35.2393,-102.7673,9753.6,220.13,257.04,False,2026-03-11 17:14:23
a12aa5,UAL2207,United States,33.4719,-87.2782,9753.6,233.83,344.04,False,2026-03-11 17:14:23
c01674,CAV122,Canada,52.0501,-99.1119,6713.22,128.77,330.57,False,2026-03-11 17:14:23
a682e4,N519AF,United States,28.3435,-80.6916,-53.34,31.25,110.22,False,2026-03-11 17:14:23
a80bd5,N6175Q,United States,27.9129,-82.0545,739.14,42.85,184.82,False,2026-03-11 17:14:23
a5158e,N4269T,United States,35.3191,-115.3937,3139.44,67.89,173.04,False,2026-03-11 17:14:23
a25dc9,CXK492,United States,29.7616,-95.6713,640.08,33.24,158.2,False,2026-03-11 17:14:23
a0aa00,N1419F,United States,26.1507,-81.8905,464.82,56.0,128.66,False,2026-03-11 17:14:23
a825e3,JBU168,United States,30.7955,-78.2563,10058.4,222.48,10.66,False,2026-03-11 17:14:23
aa1219,AAL3099,United States,44.8584,-93.3483,1325.88,146.31,212.07,False,2026-03-11 17:14:23
a12aa0,UAL1462,United States,33.3117,-77.6006,9753.6,244.6,182.53,False,2026-03-11 17:14:23
a12aa1,UAL1257,United States,34.4046,-117.0181,10363.2,215.27,285.1,False,2026-03-11 17:14:23
ad727a,ASA1368,United States,33.6447,-118.274,8511.54,212.21,335.05,False,2026-03-11 17:14:23
a00ad0,JTL1010,United States,41.2752,-95.864,388.62,47.96,324.61,False,2026-03-11 17:14:23
a011ac,AAL1014,United States,32.1216,-110.9399,,0.0,160.31,True,2026-03-11 17:14:23
c063c8,CWA927,Canada,50.7437,-113.4349,4640.58,123.99,319.04,False,2026-03-11 17:14:23
c076f4,CGTBF,Canada,51.6211,-114.0724,1234.44,30.36,179.03,False,2026-03-11 17:14:23
a011af,N103UV,United States,40.1832,-111.9028,1828.8,60.02,44.65,False,2026-03-11 17:14:23
a7fed3,JIA5521,United States,31.1276,-81.2315,3992.88,167.4,190.45,False,2026-03-11 17:14:23
a05a48,UCA4261,United States,30.2136,-100.6341,10370.82,170.98,341.4,False,2026-03-11 17:14:23
a24ade,JSX510,United States,32.9294,-96.9073,1295.4,127.32,28.74,False,2026-03-11 17:14:23
a2a1b2,N269PA,United States,25.892,-81.2057,1912.62,71.0,283.83,False,2026-03-11 17:14:23
ab4515,SCX8243,United States,39.1655,-76.6636,60.96,81.51,324.5,False,2026-03-11 17:14:23
a5774a,NGF6912,United States,34.512,-113.3122,2987.04,78.06,275.67,False,2026-03-11 17:14:23
aa8752,CFS8731,United States,38.7874,-121.7019,1325.88,76.56,318.81,False,2026-03-11 17:14:23
a50de8,N42477,United States,33.8319,-117.5531,845.82,42.93,135.97,False,2026-03-11 17:14:23
a9d284,ASA9801,United States,47.7157,-122.0626,960.12,137.52,357.21,False,2026-03-11 17:14:23
a17a5a,N1947F,United States,27.9857,-80.5791,76.2,30.82,165.5,False,2026-03-11 17:14:23
aa1dc2,ENY3679,United States,38.892,-76.5621,1615.44,126.19,357.2,False,2026-03-11 17:14:23
a56432,N44668,United States,42.0234,-72.3512,1363.98,49.46,296.57,False,2026-03-11 17:14:23
ac5e23,SWA4626,United States,33.131,-88.0203,10972.8,201.12,260.87,False,2026-03-11 17:14:23
a2addf,UCA4315,United States,32.7488,-89.6329,9448.8,267.15,51.96,False,2026-03-11 17:14:23
a55d54,N445BL,United States,28.2178,-81.9489,1325.88,48.63,173.93,False,2026-03-11 17:14:23
a31d67,N30EK,United States,37.9738,-96.9163,12496.8,238.61,101.19,False,2026-03-11 17:14:23
a384d8,N326CM,United States,40.6201,-111.9964,,0.0,331.88,True,2026-03-11 17:14:23
a67d2f,YEL51,United States,29.699,-95.3426,457.2,63.45,131.05,False,2026-03-11 17:14:23
a9cb9e,CPT8589,United States,47.1817,-96.0346,2072.64,82.22,66.0,False,2026-03-11 17:14:23
a18d9a,N2CY,United States,25.9761,-81.2889,1607.82,72.14,113.09,False,2026-03-11 17:14:23
a12ae6,UAL1875,United States,41.8182,-73.2528,8740.14,219.59,356.37,False,2026-03-11 17:14:23
a12ae8,UAL1885,United States,30.8475,-103.7873,9144.0,220.25,295.01,False,2026-03-11 17:14:23
a9cb83,SKW6379,United States,32.4845,-97.24,5783.58,173.75,198.11,False,2026-03-11 17:14:23
a5ad46,N465ME,United States,39.3979,-75.8185,3665.22,112.58,30.78,False,2026-03-11 17:14:23
ac28e5,SWA2247,United States,38.2666,-94.1423,11582.4,182.5,200.63,False,2026-03-11 17:14:23
a5b41a,N467FA,United States,40.2511,-75.5405,297.18,34.2,173.09,False,2026-03-11 17:14:23
a0b132,N1437R,United States,33.4148,-91.0477,3649.98,50.22,223.34,False,2026-03-11 17:14:23
a74dbf,N57TF,United States,37.7075,-121.5168,1143.0,65.56,108.29,False,2026-03-11 17:14:23
a3cdfa,UPS2893,United States,37.8117,-86.3277,3733.8,191.99,17.46,False,2026-03-11 17:14:23
ab9eca,AAL433,United States,33.5599,-85.6659,11277.6,246.73,142.8,False,2026-03-11 17:14:23
afc66a,G21306,United States,39.6818,-75.6173,53.34,1.54,180.0,False,2026-03-11 17:14:23
a4dab6,UAL1636,United States,40.094,-104.9552,8229.6,158.98,283.09,False,2026-03-11 17:14:23
a32449,AAY9,United States,37.6962,-113.5488,11277.6,231.05,32.45,False,2026-03-11 17:14:23
ad2ea4,AAL2286,United States,33.7812,-98.1464,6705.6,192.88,133.27,False,2026-03-11 17:14:23
ad2ea1,ASA274,United States,47.4637,-122.3078,,1.54,261.56,True,2026-03-11 17:14:23
a33778,N306VA,United States,30.5582,-97.7191,426.72,52.03,226.2,False,2026-03-11 17:14:23
a74dd6,N57UD,United States,26.4795,-80.3284,693.42,51.61,274.57,False,2026-03-11 17:14:23
a12ae4,UAL1500,United States,40.476,-102.401,9144.0,201.38,256.11,False,2026-03-11 17:14:23
a12ae5,UAL1783,United States,34.9714,-116.7192,8732.52,247.73,44.92,False,2026-03-11 17:14:23
a1d105,ENY4149,United States,32.8806,-97.0496,,0.0,270.0,True,2026-03-11 17:14:23
ac5e47,SWA2963,United States,37.1677,-90.7006,12192.0,190.83,275.88,False,2026-03-11 17:14:23
a131e1,CXK176,United States,33.0572,-111.4794,1531.62,61.32,120.22,False,2026-03-11 17:14:23
a3241d,N301MA,United States,37.5432,-84.7489,9448.8,155.64,157.25,False,2026-03-11 17:14:23
a12aea,UAL2619,United States,33.4372,-112.0076,,3.86,185.62,True,2026-03-11 17:14:23
a12aeb,UAL2601,United States,39.0143,-102.0607,9448.8,276.68,111.03,False,2026-03-11 17:14:23
ab320a,JTL820,United States,28.7145,-82.7571,7871.46,186.31,4.59,False,2026-03-11 17:14:23
a82727,TYSON53,United States,27.0316,-99.0106,8991.6,233.4,141.08,False,2026-03-11 17:14:23
a6e72d,JIA5593,United States,33.2683,-97.507,3970.02,163.72,133.98,False,2026-03-11 17:14:23
a30a0e,SWA1769,United States,38.3926,-76.7096,7010.4,220.75,178.8,False,2026-03-11 17:14:23
ab2b2c,DAL569,United States,37.7639,-91.3815,11887.2,254.11,112.0,False,2026-03-11 17:14:23
a0e9a9,N158U,United States,41.7838,-111.8541,,0.06,205.31,True,2026-03-11 17:14:23
ac15d1,UAL2609,United States,39.3446,-104.4215,3954.78,126.41,287.77,False,2026-03-11 17:14:23
ae68bf,,United States,30.5652,-84.3604,853.44,73.57,180.8,False,2026-03-11 17:14:23
ae68bd,DAGGR01,United States,38.6273,-104.6861,2369.82,84.37,0.0,False,2026-03-11 17:14:23
a43157,N3699J,United States,43.5621,-116.5576,1242.06,37.27,153.79,False,2026-03-11 17:14:23
a7a59f,JBU1777,United States,27.4099,-79.7151,8816.34,245.71,132.88,False,2026-03-11 17:14:23
ab321b,AAY526,United States,42.9729,-83.5909,982.98,70.01,267.89,False,2026-03-11 17:14:23
a13f00,N18GY,United States,36.1891,-109.4332,10668.0,197.8,238.83,False,2026-03-11 17:14:23
a527ab,N431JP,United States,34.1362,-117.8567,868.68,46.62,112.04,False,2026-03-11 17:14:23
ae4ead,BRCAT02,United States,32.8998,-104.15,3360.42,100.57,244.88,False,2026-03-11 17:14:23
aa8701,EJM78,United States,34.6576,-84.6858,13106.4,243.36,348.17,False,2026-03-11 17:14:23
ab2b3f,ERU819,United States,28.5939,-80.8349,266.7,52.53,255.83,False,2026-03-11 17:14:23
ae4ea1,BRCAT14,United States,32.8174,-104.0397,4099.56,80.15,240.8,False,2026-03-11 17:14:23
aba873,N850MH,United States,33.9137,-118.1601,182.88,59.59,332.77,False,2026-03-11 17:14:23
ab92c4,DAL349,United States,35.3628,-100.4415,10363.2,223.05,265.1,False,2026-03-11 17:14:23
ab588d,N830CA,United States,35.726,-115.4824,2484.12,89.49,197.39,False,2026-03-11 17:14:23
ac02b4,AAL709,United States,32.9085,-97.0476,,5.92,180.0,True,2026-03-11 17:14:23
ad1ba3,N9437J,United States,35.9366,-114.886,853.44,54.28,194.83,False,2026-03-11 17:14:23
a086b4,DAL1583,United States,40.7852,-111.9827,,0.9,354.38,True,2026-03-11 17:14:23
a099a7,RPA4686,United States,37.2514,-80.5573,9144.0,203.82,239.68,False,2026-03-11 17:14:23
ad8547,ENRGY70,United States,38.2371,-81.0657,9761.22,236.29,101.55,False,2026-03-11 17:14:23
ab92d1,N845EA,United States,37.1025,-78.0126,2423.16,61.88,227.02,False,2026-03-11 17:14:23
a92bec,NKS1655,United States,28.6112,-98.2128,6667.5,182.42,168.12,False,2026-03-11 17:14:23
a8c573,N6640F,United States,38.5957,-77.741,609.6,54.66,54.96,False,2026-03-11 17:14:23
c05190,TSC845,Canada,26.5352,-79.3994,5570.22,181.55,46.03,False,2026-03-11 17:14:23
acb541,JSX1120,United States,26.7762,-80.2017,822.96,93.14,225.9,False,2026-03-11 17:14:23
a1dd9b,N2192M,United States,27.9718,-82.8348,91.44,17.5,181.68,False,2026-03-11 17:14:23
a42a47,PGR1368,United States,33.0876,-116.3957,4655.82,172.79,205.95,False,2026-03-11 17:14:23
ad6b0f,AAL1056,United States,36.0768,-79.9237,10668.0,240.6,57.4,False,2026-03-11 17:14:23
ad6b0e,AMX646,United States,29.8803,-111.6273,12184.38,237.2,310.43,False,2026-03-11 17:14:23
aba891,AAL2988,United States,34.5518,-84.7623,10668.0,231.64,163.62,False,2026-03-11 17:14:23
c05186,WEN4081,Canada,51.772,-114.5138,5417.82,132.91,192.75,False,2026-03-11 17:14:23
a55d31,AAL492,United States,37.1708,-87.8484,10355.58,208.46,178.16,False,2026-03-11 17:14:23
a2b4ea,UAL1814,United States,37.9762,-78.4939,11277.6,253.47,82.07,False,2026-03-11 17:14:23
a384f8,DAL2062,United States,39.513,-95.2464,10972.8,192.41,191.88,False,2026-03-11 17:14:23
a3245d,EDV5032,United States,40.4313,-85.2923,5356.86,171.13,185.69,False,2026-03-11 17:14:23
a67d17,SKW6303,United States,39.24,-120.0034,10972.8,214.66,350.06,False,2026-03-11 17:14:23
a8ab78,N658LM,United States,34.0139,-84.5758,365.76,28.25,259.51,False,2026-03-11 17:14:23
0d07a8,VOI7760,Mexico,33.4087,-116.9085,11582.4,213.9,314.61,False,2026-03-11 17:14:23
ac5e6e,SWA893,United States,36.1241,-86.6691,,8.23,312.19,True,2026-03-11 17:14:23
a07fa6,RPA4353,United States,39.7939,-86.2094,845.82,85.49,224.27,False,2026-03-11 17:14:23
a3d4c6,DAL2652,United States,38.615,-80.4191,11567.16,190.03,256.38,False,2026-03-11 17:14:23
a07fa5,N131HP,United States,44.5181,-122.4751,7010.4,151.39,177.47,False,2026-03-11 17:14:23
a1ca5f,SWA1060,United States,30.0379,-90.4555,563.88,109.35,109.8,False,2026-03-11 17:14:23
a01f0d,DAL907,United States,33.7159,-84.7112,3611.88,191.45,149.3,False,2026-03-11 17:14:23
ad35cc,MTU50,United States,34.8431,-86.5501,1485.9,77.39,12.28,False,2026-03-11 17:14:23
a42a37,EDV5218,United States,41.9809,-84.5696,5791.2,219.66,93.89,False,2026-03-11 17:14:23
a9cb3e,N730CA,United States,28.9666,-81.0883,1303.02,47.92,75.07,False,2026-03-11 17:14:23
a59d09,N46078,United States,32.9473,-96.4257,419.1,41.03,97.93,False,2026-03-11 17:14:23
a1e7dd,N22155,United States,33.7343,-117.0174,,3.6,180.0,True,2026-03-11 17:14:23
a0c7fb,N15BM,United States,36.1311,-119.8704,2468.88,83.44,318.25,False,2026-03-11 17:14:23
a04ae6,N118LA,United States,33.1118,-86.202,2377.44,73.26,278.07,False,2026-03-11 17:14:23
a2edb4,SWA3468,United States,25.8548,-80.8847,2575.56,142.19,113.23,False,2026-03-11 17:14:23
a184ca,N1972,United States,45.3441,-95.3881,13106.4,236.14,280.04,False,2026-03-11 17:14:23
a5b7a1,N468DC,United States,39.5536,-121.9233,1242.06,67.64,333.82,False,2026-03-11 17:14:23
aa78b2,ENY4183,United States,38.6268,-91.9196,10058.4,289.65,43.56,False,2026-03-11 17:14:23
a0b4e4,N1447L,United States,35.2662,-118.7382,1584.96,62.9,15.17,False,2026-03-11 17:14:23
a30daf,VJA296,United States,41.0175,-71.6392,6819.9,165.28,229.42,False,2026-03-11 17:14:23
a3772d,EJA322,United States,39.3545,-99.4902,13106.4,158.79,275.95,False,2026-03-11 17:14:23
adfc83,VANDY70,United States,38.9114,-104.4215,2941.32,99.19,237.71,False,2026-03-11 17:14:23
aa181e,N75EK,United States,36.1568,-121.3138,7581.9,240.99,123.86,False,2026-03-11 17:14:23
a1244b,UAL537,United States,31.7694,-102.5767,8534.4,217.91,315.67,False,2026-03-11 17:14:23
a1244d,UAL1716,United States,39.3392,-104.1749,4488.18,126.57,270.93,False,2026-03-11 17:14:23
a30dc5,SWA2614,United States,27.0923,-77.71,12496.8,254.97,123.56,False,2026-03-11 17:14:23
ac807d,N90404,United States,37.2843,-78.9777,1120.14,49.01,39.04,False,2026-03-11 17:14:23
a54db1,OXF9610,United States,33.4545,-111.7362,358.14,44.99,51.03,False,2026-03-11 17:14:23
a7d267,N603AC,United States,33.6874,-112.0729,,7.2,267.19,True,2026-03-11 17:14:23
a11d3a,N171DL,United States,33.1329,-111.915,944.88,102.23,175.09,False,2026-03-11 17:14:23
a3ad2d,N336MA,United States,28.9162,-81.8042,327.66,51.11,139.9,False,2026-03-11 17:14:23
ac3e13,SWA835,United States,34.653,-116.9401,8930.64,243.25,50.15,False,2026-03-11 17:14:23
ad7813,N967VS,United States,39.5762,-104.7406,1965.96,67.92,280.03,False,2026-03-11 17:14:23
ac581a,N895CA,United States,43.5181,-116.0792,2682.24,147.06,113.07,False,2026-03-11 17:14:23
a50757,LXJ423,United States,31.2447,-99.6965,12496.8,248.8,101.45,False,2026-03-11 17:14:23
abe8a0,N8668Q,United States,34.2555,-119.2885,1424.94,80.85,96.94,False,2026-03-11 17:14:23
ab2520,UAL1215,United States,41.9876,-87.4944,1569.72,89.02,271.32,False,2026-03-11 17:14:23
a5b7c7,ERU468,United States,29.1958,-81.1213,441.96,46.06,290.26,False,2026-03-11 17:14:23
a0ade2,AAL2523,United States,28.6055,-82.5869,6240.78,206.34,358.71,False,2026-03-11 17:14:23
a5074f,N423FP,United States,41.7658,-111.8511,1318.26,38.42,26.22,False,2026-03-11 17:14:23
abe8b6,SWA233,United States,33.1178,-96.8201,1524.0,148.18,132.61,False,2026-03-11 17:14:23
a01799,N105DG,United States,30.6329,-88.9317,4229.1,72.88,256.94,False,2026-03-11 17:14:23
a1242d,UAL2050,United States,42.573,-79.6261,9144.0,216.37,288.0,False,2026-03-11 17:14:23
a8f262,N676DW,United States,29.4076,-82.2257,967.74,50.93,179.42,False,2026-03-11 17:14:23
a4e746,LXJ415,United States,32.8968,-113.1138,6705.6,206.95,260.7,False,2026-03-11 17:14:23
0d0467,VTM0940,Mexico,29.0873,-111.0619,,6.69,112.5,True,2026-03-11 17:14:23
71c362,AAR221,Republic of Korea,40.6424,-73.7941,,0.9,225.0,True,2026-03-11 17:14:23
ace39d,N93DB,United States,40.4949,-102.0802,11277.6,235.71,165.21,False,2026-03-11 17:14:23
a89b9b,PDT5803,United States,35.6364,-80.949,5684.52,174.37,20.73,False,2026-03-11 17:14:23
a54294,GPD438,United States,26.1753,-79.4488,4953.0,130.13,303.88,False,2026-03-11 17:14:23
a7824e,DAL2226,United States,36.1537,-88.6609,10668.0,243.36,128.74,False,2026-03-11 17:14:23
ab1203,AAL2331,United States,41.9106,-84.8535,9570.72,272.33,84.58,False,2026-03-11 17:14:23
a171f7,N1920F,United States,38.1189,-121.5128,952.5,43.18,74.8,False,2026-03-11 17:14:23
a09a90,SKW4640,United States,40.7492,-100.3827,9753.6,186.58,280.16,False,2026-03-11 17:14:23
a8fe5d,NKS1751,United States,33.0168,-96.9431,1798.32,146.25,97.28,False,2026-03-11 17:14:23
a7e55c,N608EA,United States,27.9738,-81.8059,746.76,41.31,5.0,False,2026-03-11 17:14:23
a47d4c,LXJ389,United States,30.0346,-90.0278,,0.0,233.44,True,2026-03-11 17:14:23
ab385e,AAL2624,United States,36.1827,-77.6223,10050.78,251.56,66.37,False,2026-03-11 17:14:23
a972be,SKW4245,United States,47.9495,-93.6775,7018.02,207.34,184.13,False,2026-03-11 17:14:23
c0314c,SUT3901,Canada,49.1885,-123.2052,,4.89,8.44,True,2026-03-11 17:14:23
a96be5,N706LU,United States,37.0286,-79.3021,518.16,36.67,304.14,False,2026-03-11 17:14:23
ad5e27,SWA1211,United States,36.0788,-115.1522,,8.23,90.0,True,2026-03-11 17:14:23
a8056d,N616EA,United States,47.3641,-115.5847,7703.82,82.25,285.6,False,2026-03-11 17:14:23
a54299,UAL745,United States,34.2138,-86.8387,10203.18,211.28,290.38,False,2026-03-11 17:14:23
a92579,N689JL,United States,37.2731,-121.746,845.82,68.12,143.91,False,2026-03-11 17:14:23
a865ed,N640HC,United States,33.1082,-96.0646,342.9,61.74,179.52,False,2026-03-11 17:14:23
a2e1a8,NIT285,United States,32.8205,-83.5435,213.36,33.5,273.52,False,2026-03-11 17:14:23
c03140,ASP556,Canada,41.0461,-74.0981,13716.0,202.6,15.77,False,2026-03-11 17:14:23
a46a0b,N3839J,United States,35.7122,-77.6393,2407.92,61.85,168.97,False,2026-03-11 17:14:23
a3776f,AAL1523,United States,34.1473,-99.1983,8831.58,249.18,120.11,False,2026-03-11 17:14:23
adf06d,DAL441,United States,31.4855,-95.8932,9951.72,241.26,108.78,False,2026-03-11 17:14:23
a9d5e5,UAL1212,United States,36.6489,-121.3685,9502.14,245.36,131.17,False,2026-03-11 17:14:23
a9d5e4,UAL2322,United States,37.618,-122.3838,,1.54,241.88,True,2026-03-11 17:14:23
aab5c5,N79B,United States,31.6793,-81.0121,7315.2,215.24,184.66,False,2026-03-11 17:14:23
a1c1c7,RPA5615,United States,37.92,-83.2698,9144.0,216.34,249.54,False,2026-03-11 17:14:23
a6626f,N510LF,United States,32.1189,-84.1781,129.54,42.2,225.99,False,2026-03-11 17:14:23
a447f6,N375SH,United States,35.3239,-86.1939,10622.28,148.38,252.44,False,2026-03-11 17:14:23
a47d46,FFT685,United States,39.8553,-104.6727,,0.0,90.0,True,2026-03-11 17:14:23
a7cb2a,N601CB,United States,30.5428,-83.7501,13708.38,177.11,347.42,False,2026-03-11 17:14:23
a9e8e3,N738BG,United States,35.217,-80.8414,617.22,32.67,187.24,False,2026-03-11 17:14:23
ab6bc6,JRE835,United States,37.4505,-93.3864,11963.4,217.19,336.11,False,2026-03-11 17:14:23
ab72b3,DAL889,United States,46.8958,-97.4181,9144.0,214.18,290.09,False,2026-03-11 17:14:23
a35d58,N316CL,United States,33.7607,-87.0692,12496.8,263.43,86.31,False,2026-03-11 17:14:23
a25785,EJM793,United States,36.6275,-76.3556,13106.4,215.4,207.91,False,2026-03-11 17:14:23
ab0b42,VXP324,United States,36.2697,-76.5167,11887.2,234.64,24.2,False,2026-03-11 17:14:23
ac3e3a,SWA3905,United States,40.0647,-88.8551,10363.2,178.61,204.87,False,2026-03-11 17:14:23
abe8e4,AMX440,United States,28.4182,-81.3198,,10.8,180.0,True,2026-03-11 17:14:23
a91225,CXK1063,United States,26.4955,-82.0551,1005.84,52.23,207.57,False,2026-03-11 17:14:23
a6ab95,N529NM,United States,41.732,-85.6099,13022.58,156.43,225.8,False,2026-03-11 17:14:23
ab3895,N822DA,United States,30.5554,-95.2784,1539.24,83.32,219.49,False,2026-03-11 17:14:23
a6b269,N530WH,United States,40.2393,-104.8086,1402.08,1.03,90.0,False,2026-03-11 17:14:23
a1d4bc,ENY3654,United States,32.7002,-97.0559,929.64,102.89,0.29,False,2026-03-11 17:14:23
a9cecd,ASA543,United States,38.5541,-109.6693,10363.2,196.53,318.93,False,2026-03-11 17:14:23
a7de93,EDV5119,United States,39.6978,-74.5908,7475.22,211.36,225.69,False,2026-03-11 17:14:23
a7cb67,JIA5663,United States,34.5576,-86.7784,1112.52,102.48,177.41,False,2026-03-11 17:14:23
a22a3d,N239DC,United States,41.7839,-111.8544,,0.0,19.69,True,2026-03-11 17:14:23
c0315b,ASP565,Canada,36.0819,-115.1707,,0.0,270.0,True,2026-03-11 17:14:23
aa4c87,UAL1362,United States,39.2937,-102.4944,9494.52,276.65,99.09,False,2026-03-11 17:14:23
a1bac2,AAY2984,United States,27.7812,-82.7402,5379.72,199.81,340.45,False,2026-03-11 17:14:23
a0f139,N16VJ,United States,35.212,-82.5869,6705.6,125.73,228.48,False,2026-03-11 17:14:23
a50725,DAL59,United States,46.5597,-67.8457,9144.0,225.86,204.35,False,2026-03-11 17:14:23
a0a1d2,N14RD,United States,35.1679,-95.5385,7955.28,123.85,294.54,False,2026-03-11 17:14:23
a35109,JBU1822,United States,27.9244,-86.1887,10668.0,247.85,113.75,False,2026-03-11 17:14:23
06a066,QTR23K,Qatar,43.3088,-86.5548,9448.8,314.21,55.61,False,2026-03-11 17:14:23
a6ab89,JTZ529,United States,44.7186,-115.5146,13106.4,185.66,333.51,False,2026-03-11 17:14:23
a29dee,ENY4296,United States,29.311,-82.1449,7360.92,226.16,173.73,False,2026-03-11 17:14:23
a1e902,LXJ222,United States,28.8815,-88.88,13106.4,219.86,294.47,False,2026-03-11 17:14:23
a794d9,JIA5096,United States,32.0103,-86.4978,10668.0,265.66,53.11,False,2026-03-11 17:14:23
a5079d,N423JS,United States,28.8929,-81.9537,693.42,73.17,86.78,False,2026-03-11 17:14:23
ac4ffb,SWA1071,United States,42.7552,-92.7191,10972.8,184.77,268.24,False,2026-03-11 17:14:23
a46a72,DAL1841,United States,30.3195,-81.7379,9448.8,234.84,355.35,False,2026-03-11 17:14:23
ab23e1,N817FG,United States,40.2755,-74.7761,381.0,52.05,47.0,False,2026-03-11 17:14:23
a0c914,NJM15,United States,35.8405,-113.1771,10835.64,259.11,94.67,False,2026-03-11 17:14:23
a6c4d7,AAL1544,United States,32.9058,-97.0319,,7.72,180.0,True,2026-03-11 17:14:23
ad6fef,NKS551,United States,30.1486,-83.285,11437.62,212.58,337.22,False,2026-03-11 17:14:23
a58a67,SWA1845,United States,33.5193,-96.9342,6598.92,238.17,18.12,False,2026-03-11 17:14:23
c0576b,CNK55,Canada,51.0954,-114.0162,1409.7,87.46,154.94,False,2026-03-11 17:14:23
ab6c5c,EJA835,United States,38.415,-104.1178,10972.8,217.65,243.92,False,2026-03-11 17:14:23
adc6b8,SCA7,United States,33.6321,-111.9458,678.18,60.24,82.15,False,2026-03-11 17:14:23
aaa342,ENY4090,United States,30.7688,-97.6869,9144.0,176.63,201.71,False,2026-03-11 17:14:23
a05f31,DAL1561,United States,44.1676,-78.5367,10058.4,270.07,107.74,False,2026-03-11 17:14:23
ab6020,DAL2129,United States,31.7826,-85.8587,10668.0,249.21,143.82,False,2026-03-11 17:14:23
ad5cb4,N960FS,United States,25.507,-80.5265,213.36,44.5,10.66,False,2026-03-11 17:14:23
a9741a,N619LB,United States,29.5485,-93.4053,9631.68,166.85,73.52,False,2026-03-11 17:14:23
abbc52,SWA4492,United States,35.7204,-114.442,11277.6,256.78,117.44,False,2026-03-11 17:14:23
a9d738,N733LP,United States,28.3862,-80.9958,464.82,41.36,185.71,False,2026-03-11 17:14:23
a301f3,EDV5234,United States,31.62,-82.0051,2339.34,143.26,128.15,False,2026-03-11 17:14:23
a661bf,DAL2399,United States,43.4001,-91.5569,9456.42,278.94,82.05,False,2026-03-11 17:14:23
a7475d,N56824,United States,40.4367,-111.7897,2019.3,57.4,255.47,False,2026-03-11 17:14:23
ad76d1,N967GV,United States,29.8716,-97.8563,297.18,40.76,355.66,False,2026-03-11 17:14:23
ac8009,SWA1950,United States,36.0781,-115.1471,,1.8,331.88,True,2026-03-11 17:14:23
ae1c17,CARGO99,United States,31.5775,-85.3519,243.84,53.62,151.96,False,2026-03-11 17:14:23
a149c1,SKW3345,United States,42.1275,-120.9018,10972.8,176.83,308.5,False,2026-03-11 17:14:23
a2090d,FFT3293,United States,33.9309,-94.2169,10965.18,239.04,333.55,False,2026-03-11 17:14:23
a9bd18,,United States,31.3682,-98.5132,1645.92,71.14,139.4,False,2026-03-11 17:14:23
c03109,SUT3802,Canada,49.6529,-123.3297,4815.84,119.0,326.1,False,2026-03-11 17:14:23
ac9f88,EJA912,United States,35.2563,-92.536,13106.4,177.37,275.83,False,2026-03-11 17:14:23
a8540b,PDT5804,United States,39.9457,-73.9911,5158.74,224.83,71.73,False,2026-03-11 17:14:23
acb9ed,AAL886,United States,28.5679,-83.2551,9753.6,235.08,194.71,False,2026-03-11 17:14:23
ad6ff2,AAL3329,United States,35.8396,-79.1507,3192.78,144.65,267.96,False,2026-03-11 17:14:23
aca6f6,EJA914,United States,39.8795,-104.584,13106.4,186.13,296.07,False,2026-03-11 17:14:23
a35d8f,ERU316,United States,29.2268,-80.9003,556.26,73.07,327.65,False,2026-03-11 17:14:23
a3a175,N333FD,United States,35.8542,-81.2325,2407.92,141.16,61.01,False,2026-03-11 17:14:23
ac30b6,LYM3102,United States,39.6148,-105.4136,6096.0,89.42,248.75,False,2026-03-11 17:14:23
a2e1ce,AAY4766,United States,39.4988,-89.3073,8801.1,177.94,235.48,False,2026-03-11 17:14:23
a77ae0,DAL1705,United States,30.7032,-81.7822,8839.2,238.92,350.46,False,2026-03-11 17:14:23
a1c1f0,EJM3,United States,40.4693,-72.7785,13106.4,235.25,222.34,False,2026-03-11 17:14:23
ac43cc,FFL854,United States,30.5767,-85.9018,3688.08,124.56,320.19,False,2026-03-11 17:14:23
ab10d4,ASA5,United States,37.7823,-89.2291,10363.2,190.48,262.4,False,2026-03-11 17:14:23
a97401,N708TT,United States,31.9768,-97.0687,7002.78,193.5,181.52,False,2026-03-11 17:14:23
ad50a9,SWA1851,United States,28.258,-97.6842,6705.6,208.41,308.28,False,2026-03-11 17:14:23
a84d62,JBU144,United States,27.2229,-79.3927,5814.06,202.34,43.35,False,2026-03-11 17:14:23
a00fa7,N1028W,United States,36.006,-78.303,381.0,44.64,295.97,False,2026-03-11 17:14:23
a9d700,N733JH,United States,33.95,-117.435,,0.06,36.56,True,2026-03-11 17:14:23
ab10cb,AAL1777,United States,27.546,-85.7661,12192.0,240.64,294.1,False,2026-03-11 17:14:23
a434f9,DAL628,United States,40.0374,-109.8051,10165.08,247.98,170.21,False,2026-03-11 17:14:23
a301df,AAY677,United States,39.4882,-104.1635,9464.04,257.26,51.25,False,2026-03-11 17:14:23
ac800c,N904WR,United States,27.1422,-82.3808,556.26,72.94,205.48,False,2026-03-11 17:14:23
a89ab5,N6533W,United States,33.6991,-111.9972,1417.32,53.94,327.07,False,2026-03-11 17:14:23
a9d718,N733KG,United States,40.8787,-74.3043,396.24,56.27,22.58,False,2026-03-11 17:14:23
a84112,N6307J,United States,32.8068,-97.3635,274.32,32.23,351.74,False,2026-03-11 17:14:23
c04453,WJA2170,Canada,38.7288,-108.4578,11277.6,265.94,141.76,False,2026-03-11 17:14:23
a4c170,RPA4612,United States,42.7661,-73.8056,152.4,74.62,178.42,False,2026-03-11 17:14:23
a0f181,N16YF,United States,32.6227,-85.3976,693.42,87.22,342.85,False,2026-03-11 17:14:23
a301d8,ENY3993,United States,39.1195,-80.689,10058.4,257.63,49.54,False,2026-03-11 17:14:23
a434de,N370M,United States,45.1634,-94.9887,10378.44,224.26,324.52,False,2026-03-11 17:14:23
a0c903,N15NA,United States,29.4335,-97.0443,6537.96,183.83,321.59,False,2026-03-11 17:14:23
ac43df,N89KC,United States,35.9676,-115.137,,1.8,171.56,True,2026-03-11 17:14:23
a1118c,N168Y,United States,37.4543,-122.1122,,0.06,92.81,True,2026-03-11 17:14:23
acdc40,DAL2397,United States,39.9109,-76.1754,10126.98,219.16,236.2,False,2026-03-11 17:14:23
af4f2f,SHWK412,United States,32.5732,-117.3265,,54.02,359.45,True,2026-03-11 17:14:23
a6aaba,DAL546,United States,38.5358,-91.287,10668.0,277.53,94.25,False,2026-03-11 17:14:23
a421b0,N3653R,United States,36.2125,-115.2045,,1.54,115.31,True,2026-03-11 17:14:23
ac30c0,DAL662,United States,38.4462,-95.1073,9448.8,257.57,109.48,False,2026-03-11 17:14:23
ac8c73,N90763,United States,33.8057,-112.562,1173.48,39.69,222.37,False,2026-03-11 17:14:23
a97419,N708US,United States,41.7799,-87.7564,,6.17,67.5,True,2026-03-11 17:14:23
aaf0ce,AAL2252,United States,33.2314,-80.6656,3253.74,179.1,121.13,False,2026-03-11 17:14:23
ab10df,AAL3162,United States,39.9718,-77.9659,9753.6,209.54,272.25,False,2026-03-11 17:14:23
a1e946,RPA5614,United States,42.9958,-87.7738,2179.32,141.99,203.04,False,2026-03-11 17:14:23
a7f7a0,SKW6279,United States,33.4376,-111.9923,,1.03,180.0,True,2026-03-11 17:14:23
a149f1,AAL3039,United States,29.3434,-81.0279,9753.6,252.72,160.13,False,2026-03-11 17:14:23
c0572b,CGHAG,Canada,49.1153,-123.3669,243.84,52.08,176.04,False,2026-03-11 17:14:23
a73410,SWA655,United States,35.4948,-86.1991,11887.2,236.73,148.42,False,2026-03-11 17:14:23
a06656,N125AS,United States,30.4761,-99.2707,1836.42,56.48,311.68,False,2026-03-11 17:14:23
abbc75,SWA1915,United States,30.7438,-81.4086,11277.6,215.77,357.4,False,2026-03-11 17:14:23
c05735,CGHAQ,Canada,49.1778,-123.9395,0.0,31.18,142.37,False,2026-03-11 17:14:23
ab7394,AAL2851,United States,32.277,-97.0574,8336.28,173.84,191.61,False,2026-03-11 17:14:23
a17303,N19274,United States,33.4276,-84.4469,1036.32,59.66,32.32,False,2026-03-11 17:14:23
a817b1,QXE2199,United States,45.3613,-118.9699,10058.4,280.07,121.94,False,2026-03-11 17:14:23
a0664b,N125AF,United States,40.2775,-76.0994,922.02,93.61,145.52,False,2026-03-11 17:14:23
aa9b20,SWA4012,United States,32.1968,-110.4956,3261.36,173.01,278.03,False,2026-03-11 17:14:23
ab738b,NDU837,United States,33.0774,-111.8557,1440.18,64.76,194.26,False,2026-03-11 17:14:23
a4d42d,AAL851,United States,30.7973,-110.6203,10668.0,246.45,152.26,False,2026-03-11 17:14:23
a44916,UAL1921,United States,30.2999,-77.744,11582.4,254.84,177.8,False,2026-03-11 17:14:23
a12ff9,FDX3604,United States,40.9115,-95.5717,10675.62,267.61,108.61,False,2026-03-11 17:14:23
abd69d,DAL799,United States,33.932,-118.5642,1074.42,139.63,260.88,False,2026-03-11 17:14:23
a0af51,N143RE,United States,41.8898,-74.001,2971.8,146.58,237.76,False,2026-03-11 17:14:23
a72d13,N56101,United States,38.9555,-76.3903,891.54,76.39,77.55,False,2026-03-11 17:14:23
a12fda,DAL767,United States,40.7975,-77.723,9144.0,216.45,278.61,False,2026-03-11 17:14:23
a4e766,N415HD,United States,33.7277,-112.5596,2072.64,133.08,67.5,False,2026-03-11 17:14:23
ad1697,SWA1570,United States,36.8811,-90.9618,11277.6,273.26,81.99,False,2026-03-11 17:14:23
a78da1,EJA586,United States,30.4882,-83.4493,13106.4,206.37,337.27,False,2026-03-11 17:14:23
a65ab9,N5085K,United States,35.4931,-81.1485,350.52,28.01,225.74,False,2026-03-11 17:14:23
a5f432,ERU483,United States,28.6427,-80.8435,91.44,43.55,194.36,False,2026-03-11 17:14:23
a29f19,N2680M,United States,31.9546,-106.8378,1889.76,59.41,119.01,False,2026-03-11 17:14:23
a5a4c1,AAL2240,United States,35.71,-86.408,9144.0,205.47,277.48,False,2026-03-11 17:14:23
ad036e,AAL1539,United States,33.4385,-111.9923,,2.31,180.0,True,2026-03-11 17:14:23
c0440e,ACA137,Canada,48.4919,-90.0768,9753.6,217.56,298.69,False,2026-03-11 17:14:23
ad036b,ASA248,United States,32.9354,-88.3511,10980.42,200.32,233.25,False,2026-03-11 17:14:23
a46a7e,DAL2536,United States,31.0606,-78.4072,10675.62,220.02,7.52,False,2026-03-11 17:14:23
a8f295,FXC55,United States,25.7768,-79.7163,388.62,68.66,109.25,False,2026-03-11 17:14:23
acd03d,N9246N,United States,33.2323,-117.4446,685.8,50.29,59.24,False,2026-03-11 17:14:23
a59d5f,AAL824,United States,36.8191,-94.903,10363.2,198.23,265.24,False,2026-03-11 17:14:23
a6275d,N496LA,United States,40.092,-74.999,68.58,29.84,226.4,False,2026-03-11 17:14:23
aa183b,N75FP,United States,35.6066,-94.0042,10866.12,213.13,291.67,False,2026-03-11 17:14:23
a3fae9,N35580,United States,41.5084,-70.7691,853.44,92.21,327.99,False,2026-03-11 17:14:23
adb3cb,AAL812,United States,33.4383,-111.997,,0.39,174.38,True,2026-03-11 17:14:23
a61457,,United States,35.8794,-76.9785,1036.32,43.42,193.71,False,2026-03-11 17:14:23
a2e1fd,EJA285,United States,31.0209,-103.4793,13106.4,206.29,289.07,False,2026-03-11 17:14:23
a48499,UPS5981,United States,40.0319,-94.1866,10668.0,264.93,110.93,False,2026-03-11 17:14:23
a4d454,N410CB,United States,31.8622,-97.2166,2895.6,81.67,19.12,False,2026-03-11 17:14:23
a3a152,DAL856,United States,40.7696,-73.8603,,0.0,295.31,True,2026-03-11 17:14:23
a44969,DAL2214,United States,40.9588,-111.5821,5181.6,223.04,96.22,False,2026-03-11 17:14:23
ac0912,ES805,United States,38.2805,-121.4354,45.72,30.63,352.28,False,2026-03-11 17:14:23
aaaf07,N788JA,United States,28.9307,-81.8208,685.8,52.51,304.62,False,2026-03-11 17:14:23
a44960,UAL1449,United States,37.944,-77.4385,11277.6,242.08,38.36,False,2026-03-11 17:14:23
a8a490,RPA4468,United States,39.6373,-86.2823,1386.84,142.4,127.37,False,2026-03-11 17:14:23
a3aca6,FFT1688,United States,29.5623,-82.6877,10668.0,239.4,155.36,False,2026-03-11 17:14:23
a42f3c,N369RK,United States,31.3747,-93.7542,5425.44,102.46,87.7,False,2026-03-11 17:14:23
a123e0,UAL1975,United States,37.4871,-88.955,11277.6,264.97,90.89,False,2026-03-11 17:14:23
a639bb,N50XY,United States,40.4723,-80.1949,525.78,87.98,322.13,False,2026-03-11 17:14:23
ae21da,HOPE02,United States,41.5252,-71.8613,762.0,76.39,102.45,False,2026-03-11 17:14:23
a123e2,UAL1044,United States,40.7744,-73.8685,,0.06,264.38,True,2026-03-11 17:14:23
a05366,N12X,United States,30.7462,-84.7451,3680.46,134.45,187.7,False,2026-03-11 17:14:23
a44962,UAL1988,United States,40.6991,-74.1817,,4.12,191.25,True,2026-03-11 17:14:23
a123e3,UAL2176,United States,32.5216,-82.4436,10972.8,253.21,144.76,False,2026-03-11 17:14:23
a1b001,N208CV,United States,34.099,-119.0464,2804.16,88.92,174.36,False,2026-03-11 17:14:23
adb476,AAL3213,United States,29.9039,-111.016,10066.02,246.1,182.28,False,2026-03-11 17:14:23
ac0921,N875CF,United States,26.6125,-82.2153,807.72,54.57,8.13,False,2026-03-11 17:14:23
a6fa94,JIA5291,United States,30.4546,-92.2018,3749.04,197.18,342.23,False,2026-03-11 17:14:23
ac69b6,SWA3938,United States,41.7854,-87.7524,,46.3,312.19,True,2026-03-11 17:14:23
a29328,N265SH,United States,33.8958,-81.0259,662.94,102.93,10.07,False,2026-03-11 17:14:23
a6fa8b,N549ND,United States,39.7874,-104.4517,1897.38,49.6,95.36,False,2026-03-11 17:14:23
a1d63d,UAL1822,United States,26.347,-80.6093,10134.6,244.47,184.1,False,2026-03-11 17:14:23
a2a6aa,N270BW,United States,35.221,-81.1655,510.54,20.27,156.04,False,2026-03-11 17:14:23
a0669d,DAL1349,United States,26.8344,-80.0838,1150.62,114.65,218.26,False,2026-03-11 17:14:23
a7f90d,,United States,29.4466,-81.21,259.08,44.74,8.6,False,2026-03-11 17:14:23
a0a30e,,United States,41.9727,-87.9149,,7.46,357.19,True,2026-03-11 17:14:23
a8a478,QXE2277,United States,47.4663,-122.3179,83.82,59.68,180.49,False,2026-03-11 17:14:23
a73fb9,N5661K,United States,28.9163,-81.1058,731.52,84.92,305.13,False,2026-03-11 17:14:23
a8a473,EJA656,United States,35.4482,-80.6573,586.74,75.97,280.93,False,2026-03-11 17:14:23
a44940,UAL2373,United States,33.7149,-122.0255,9448.8,222.71,243.67,False,2026-03-11 17:14:23
a6893e,DAL328,United States,46.9223,-122.1089,4137.66,187.2,164.7,False,2026-03-11 17:14:23
a4dfd2,FFT2259,United States,41.0597,-120.6261,11582.4,208.21,333.75,False,2026-03-11 17:14:23
a05f95,RPA4788,United States,40.6017,-73.4707,1211.58,133.99,10.62,False,2026-03-11 17:14:23
a9d789,N733PV,United States,37.6623,-122.1235,,4.37,30.94,True,2026-03-11 17:14:23
a759cc,N573CM,United States,29.6688,-94.982,2385.06,142.2,84.19,False,2026-03-11 17:14:23
a54312,RPA4606,United States,37.1017,-80.2033,10363.2,215.88,227.22,False,2026-03-11 17:14:23
ada167,ASA522,United States,47.0211,-118.8671,9395.46,280.69,101.85,False,2026-03-11 17:14:23
407cf7,DHK053,United Kingdom,47.1211,-80.1361,11277.6,317.05,77.63,False,2026-03-11 17:14:23
a44939,UAL1042,United States,39.3654,-72.1893,9525.0,250.47,147.58,False,2026-03-11 17:14:23
a4d3a6,N41VD,United States,41.257,-71.5186,13098.78,220.41,228.12,False,2026-03-11 17:14:23
a626be,,United States,39.2112,-75.6016,304.8,52.36,79.24,False,2026-03-11 17:14:23
abe930,DAL1826,United States,40.2234,-99.2216,10363.2,206.36,219.84,False,2026-03-11 17:14:23
a20980,N230LF,United States,37.133,-96.707,12192.0,223.39,311.55,False,2026-03-11 17:14:23
a1cf48,JBU177,United States,43.2208,-86.3759,8534.4,186.37,267.79,False,2026-03-11 17:14:23
a4491d,UAL1701,United States,30.3016,-78.5697,10668.0,226.5,8.88,False,2026-03-11 17:14:23
a4491c,UAL2852,United States,28.4208,-88.1322,10668.0,258.61,114.07,False,2026-03-11 17:14:23
a136f6,N178AS,United States,40.8023,-79.8375,13106.4,220.92,274.68,False,2026-03-11 17:14:23
a5b954,SWA2214,United States,32.8331,-96.8288,220.98,72.4,315.86,False,2026-03-11 17:14:23
a136f7,,United States,25.7312,-79.3484,1783.08,97.92,291.58,False,2026-03-11 17:14:23
a4491f,DAL1002,United States,34.4547,-84.7973,6438.9,226.98,340.54,False,2026-03-11 17:14:23
a28c23,SWA749,United States,36.1363,-86.6582,190.5,68.81,198.3,False,2026-03-11 17:14:23
a56985,WCP250,United States,27.4893,-80.4556,731.52,49.99,278.88,False,2026-03-11 17:14:23
aaaf2b,N788KM,United States,33.1007,-117.3825,1013.46,59.39,204.57,False,2026-03-11 17:14:23
ad89ba,CXK497,United States,32.4558,-111.5064,2164.08,69.99,204.3,False,2026-03-11 17:14:23
a9bd50,N7268K,United States,47.8141,-116.9575,2080.26,57.17,285.66,False,2026-03-11 17:14:23
ad292a,SWA3246,United States,35.1522,-81.1307,11277.6,257.99,54.25,False,2026-03-11 17:14:23
a2ef8e,N289BL,United States,27.8374,-81.7204,1303.02,51.25,199.34,False,2026-03-11 17:14:23
aa9a7a,SWA2777,United States,30.2089,-90.2782,3482.34,184.02,336.09,False,2026-03-11 17:14:23
a41014,XSR361,United States,34.7517,-100.3708,9448.8,241.02,113.39,False,2026-03-11 17:14:23
aa51fe,SKW6500,United States,32.8914,-97.0332,,9.77,177.19,True,2026-03-11 17:14:23
a72167,FRG281,United States,40.6064,-90.8335,8115.3,189.78,329.54,False,2026-03-11 17:14:23
a483bc,N390KT,United States,44.0121,-116.0747,9448.8,261.83,124.19,False,2026-03-11 17:14:23
aafca8,JBU2052,United States,28.4144,-81.3145,,0.0,95.62,True,2026-03-11 17:14:23
a7d1ae,N60244,United States,36.2114,-115.155,807.72,52.41,328.65,False,2026-03-11 17:14:23
c03bf7,WJA436,Canada,43.6791,-79.6206,,6.69,357.19,True,2026-03-11 17:14:23
abcf2f,DAL1571,United States,35.1489,-85.9153,9326.88,248.11,141.99,False,2026-03-11 17:14:23
abd627,SWA462,United States,39.8635,-104.6664,,0.0,180.0,True,2026-03-11 17:14:23
c03bf2,WJA519,Canada,51.126,-114.0152,,7.46,270.0,True,2026-03-11 17:14:23
a781d7,JBU544,United States,40.8608,-72.9687,419.1,95.89,326.82,False,2026-03-11 17:14:23
c03bf5,WJA271,Canada,50.8001,-116.2327,9144.0,163.24,254.65,False,2026-03-11 17:14:23
c03bf1,WJA2152,Canada,44.0118,-119.1682,11277.6,270.67,144.44,False,2026-03-11 17:14:23
a519b8,DAL777,United States,35.4745,-110.4676,9144.0,230.48,269.49,False,2026-03-11 17:14:23
0d0eb6,AMX622,Mexico,33.0298,-116.3727,10972.8,219.27,301.86,False,2026-03-11 17:14:23
ad0f29,SWA3881,United States,37.3234,-86.3617,11887.2,280.9,90.63,False,2026-03-11 17:14:23
a90ab9,,United States,33.0,-112.9066,1417.32,40.51,287.74,False,2026-03-11 17:14:23
a376ec,DAL1472,United States,32.1144,-84.3753,9845.04,237.18,171.52,False,2026-03-11 17:14:23
a44988,DAL462,United States,33.6947,-115.7127,10828.02,251.0,95.06,False,2026-03-11 17:14:23
a85493,,United States,33.6378,-84.4265,,3.6,90.0,True,2026-03-11 17:14:23
ab23ad,N817DE,United States,33.5482,-113.3067,10424.16,226.85,283.37,False,2026-03-11 17:14:23
aa51dd,N764RB,United States,27.5363,-81.5429,1760.22,88.95,318.75,False,2026-03-11 17:14:23
a44982,UAL1699,United States,39.6125,-102.2117,8572.5,266.28,96.77,False,2026-03-11 17:14:23
ac56d9,SWA681,United States,37.5467,-86.7826,11887.2,281.28,59.68,False,2026-03-11 17:14:23
a44981,UAL1181,United States,32.3732,-107.0179,10058.4,262.79,131.43,False,2026-03-11 17:14:23
a7d1e8,BPX253,United States,25.8964,-80.4161,236.22,42.75,87.24,False,2026-03-11 17:14:23
a924d9,SKW4173,United States,44.9379,-93.2812,1120.14,112.43,316.3,False,2026-03-11 17:14:23
ac56ba,SWA3877,United States,28.8652,-87.6852,11582.4,209.27,300.92,False,2026-03-11 17:14:23
a243cb,ENY3672,United States,26.9904,-97.5923,6111.24,222.92,8.09,False,2026-03-11 17:14:23
ac9f52,AAL3091,United States,32.3252,-81.1092,11582.4,237.34,177.76,False,2026-03-11 17:14:23
a42f65,N369TA,United States,38.8395,-76.5968,144.78,5.75,26.57,False,2026-03-11 17:14:23
aaa326,AAL95,United States,39.9177,-73.5554,2758.44,126.95,280.03,False,2026-03-11 17:14:23
a16037,AAL2321,United States,27.9868,-82.5416,-45.72,88.02,182.01,False,2026-03-11 17:14:23
a1bc3b,N21022,United States,29.8694,-81.2916,2834.64,51.01,158.09,False,2026-03-11 17:14:23
a781ee,N583K,United States,33.3485,-82.4664,1280.16,108.51,71.48,False,2026-03-11 17:14:23
0d0eba,XBMFW,Mexico,25.8057,-100.4649,1463.04,106.38,85.01,False,2026-03-11 17:14:23
a7cade,N6009M,United States,32.9203,-111.8982,1607.82,48.05,195.52,False,2026-03-11 17:14:23
a8a43a,NKS238,United States,25.112,-79.7382,9235.44,247.09,150.98,False,2026-03-11 17:14:23
a4dfa5,CST11,United States,28.5227,-78.812,11803.38,195.54,13.23,False,2026-03-11 17:14:23
ac9f65,GARDN2,United States,39.0071,-76.943,228.6,51.35,142.33,False,2026-03-11 17:14:23
a0405c,N115SF,United States,40.7265,-122.328,220.98,16.82,203.43,False,2026-03-11 17:14:23
a4495d,UAL1922,United States,40.9105,-86.1028,7010.4,211.49,325.3,False,2026-03-11 17:14:23
a4495c,UAL2248,United States,31.6077,-105.6786,10972.8,211.6,292.14,False,2026-03-11 17:14:23
abcf58,FDX630,United States,47.1496,-119.1386,11887.2,293.57,116.65,False,2026-03-11 17:14:23
a3a0cc,UAL528,United States,41.074,-93.1246,7924.8,183.17,255.69,False,2026-03-11 17:14:23
ab1122,DAL1998,United States,32.9382,-101.348,9151.62,257.34,215.15,False,2026-03-11 17:14:23
ad7754,N967NA,United States,28.4321,-82.2805,8534.4,231.0,270.64,False,2026-03-11 17:14:23
a5f3cf,ASA645,United States,39.9143,-114.4142,10363.2,201.63,331.67,False,2026-03-11 17:14:23
aaf111,DAL411,United States,28.9493,-83.4503,8221.98,244.0,155.33,False,2026-03-11 17:14:23
a9d6b3,N733FF,United States,43.0276,-106.5739,2499.36,39.06,319.81,False,2026-03-11 17:14:23
a2dc9b,,United States,36.5829,-77.3802,1371.6,31.96,213.18,False,2026-03-11 17:14:23
ac9de3,N9118S,United States,27.8989,-82.4542,83.82,40.6,112.34,False,2026-03-11 17:14:23
a7a9fb,N593QS,United States,37.4051,-72.1377,12496.8,220.5,204.83,False,2026-03-11 17:14:23
ac5765,SWA489,United States,33.0063,-96.0057,6751.32,226.68,83.75,False,2026-03-11 17:14:23
a613e3,VAR491,United States,33.3941,-112.5746,533.4,66.11,69.03,False,2026-03-11 17:14:23
a590d1,N458LC,United States,32.9622,-97.3164,312.42,45.3,358.05,False,2026-03-11 17:14:23
a613e0,ASA133,United States,44.4245,-122.9885,4373.88,184.54,11.91,False,2026-03-11 17:14:23
ad7760,AAL3024,United States,40.2989,-89.8469,10195.56,280.36,24.73,False,2026-03-11 17:14:23
aaadf8,SWA2411,United States,38.74,-77.2056,3078.48,131.07,265.5,False,2026-03-11 17:14:23
a1b084,N208JA,United States,38.2526,-77.1627,624.84,70.81,130.29,False,2026-03-11 17:14:23
ac2a33,AAL1887,United States,31.9893,-91.5204,11277.6,260.7,102.88,False,2026-03-11 17:14:23
ac576e,N8946V,United States,29.6874,-98.036,487.68,52.02,135.4,False,2026-03-11 17:14:23
0d038e,XCSST,Mexico,25.7534,-99.9594,1196.34,91.17,9.09,False,2026-03-11 17:14:23
c055c9,JZA437,Canada,53.4669,-127.9133,7162.8,165.46,322.45,False,2026-03-11 17:14:23
c055d2,JZA339,Canada,50.7819,-122.791,7330.44,163.75,2.52,False,2026-03-11 17:14:23
ad27db,N947HC,United States,30.5371,-86.5856,541.02,75.69,177.66,False,2026-03-11 17:14:23
a92664,N689TW,United States,36.2024,-114.1765,8671.56,205.24,81.93,False,2026-03-11 17:14:23
a7e630,JIA5490,United States,39.9114,-84.711,6934.2,247.99,86.19,False,2026-03-11 17:14:23
a3a0ed,UAL4196,United States,25.8362,-82.9017,11582.4,201.32,267.66,False,2026-03-11 17:14:23
a29391,SWA1639,United States,38.8008,-104.7006,,0.0,244.69,True,2026-03-11 17:14:23
a8ff1b,N679W,United States,37.8392,-100.1195,9753.6,203.73,269.57,False,2026-03-11 17:14:23
a90001,N67930,United States,41.5781,-71.1426,701.04,35.17,174.12,False,2026-03-11 17:14:23
c055eb,JZA392,Canada,49.9356,-118.6995,5836.92,183.31,73.7,False,2026-03-11 17:14:23
a13804,N178MM,United States,26.702,-80.0946,1447.8,131.76,174.62,False,2026-03-11 17:14:23
aa5f7c,CKS528,United States,36.7726,-122.1689,11582.4,232.43,323.46,False,2026-03-11 17:14:23
a80689,JENA616,United States,37.6705,-77.4488,754.38,118.24,139.59,False,2026-03-11 17:14:23
aa4c3e,UAL2637,United States,40.0792,-104.6592,3543.3,171.24,32.74,False,2026-03-11 17:14:23
ab84ff,EJA841,United States,32.6722,-81.1679,11887.2,234.08,10.77,False,2026-03-11 17:14:23
a97fd8,N711AV,United States,41.1954,-74.2145,822.96,56.0,200.43,False,2026-03-11 17:14:23
ab6af3,CNS101,United States,33.069,-83.1021,7010.4,156.11,50.75,False,2026-03-11 17:14:23
a7e666,EJA608,United States,40.3968,-94.7416,12496.8,164.87,218.16,False,2026-03-11 17:14:23
3c4584,BOX585,Germany,38.9555,-84.2129,1607.82,115.82,15.46,False,2026-03-11 17:14:23
a733e6,AAL80G,United States,35.0442,-106.6873,2240.28,123.49,268.81,False,2026-03-11 17:14:23
abd4f3,N8610N,United States,34.942,-80.6649,1181.1,52.46,187.89,False,2026-03-11 17:14:23
a6bf7c,N534CA,United States,32.5599,-96.9609,845.82,23.33,228.58,False,2026-03-11 17:14:23
a9d6a5,N733ES,United States,33.5053,-96.9678,1036.32,51.1,237.75,False,2026-03-11 17:14:23
a1d69f,N2175W,United States,34.0888,-117.2573,281.94,38.56,71.32,False,2026-03-11 17:14:23
a6504b,ASA1,United States,48.1062,-111.2401,10972.8,186.83,260.33,False,2026-03-11 17:14:23
a6bf7e,N534CC,United States,37.0428,-86.5112,7338.06,214.23,14.04,False,2026-03-11 17:14:23
a1bc92,JBU2511,United States,38.6771,-80.0907,10347.96,215.24,256.59,False,2026-03-11 17:14:23
ab0a73,RPA5623,United States,40.7651,-73.841,365.76,75.53,121.63,False,2026-03-11 17:14:23
a9d6a2,N733EP,United States,26.6114,-80.0822,129.54,41.87,275.64,False,2026-03-11 17:14:23
c055e9,JZA144,Canada,53.2448,-113.7671,4831.08,117.07,220.9,False,2026-03-11 17:14:23
a3f06f,N353F,United States,25.8224,-80.2471,358.14,53.19,48.14,False,2026-03-11 17:14:23
a5e0d3,SWA2368,United States,34.1341,-85.9137,10972.8,190.48,240.73,False,2026-03-11 17:14:23
a496fd,N395SS,United States,44.3398,-88.6337,10972.8,147.56,287.87,False,2026-03-11 17:14:23
aca760,AAL1340,United States,27.3579,-82.2953,10066.02,220.15,281.73,False,2026-03-11 17:14:23
aafd90,BBQ8364,United States,43.5445,-96.7809,571.5,66.38,35.54,False,2026-03-11 17:14:23
ac91c2,XLJ909,United States,26.355,-79.9402,2369.82,146.12,210.0,False,2026-03-11 17:14:23
aa4c42,UAL1452,United States,38.7666,-98.6797,9753.6,200.17,242.78,False,2026-03-11 17:14:23
a7f980,N6127G,United States,28.3775,-82.0193,1577.34,29.07,103.3,False,2026-03-11 17:14:23
ac3d96,N888WW,United States,28.0197,-82.0317,6713.22,131.43,312.62,False,2026-03-11 17:14:23
ab2496,AAL2999,United States,41.973,-87.8985,,1.54,146.25,True,2026-03-11 17:14:23
ac2a69,EJA883,United States,44.7575,-98.1389,13106.4,218.95,233.02,False,2026-03-11 17:14:23
abc1bc,DAL891,United States,33.9373,-118.4167,,1.8,303.75,True,2026-03-11 17:14:23
a17ecd,DAL713,United States,36.1515,-94.873,11582.4,186.06,260.77,False,2026-03-11 17:14:23
a01880,AAL118,United States,37.522,-95.4575,9448.8,249.41,94.97,False,2026-03-11 17:14:23
a66316,SKW4907,United States,33.9405,-118.3908,,6.43,264.38,True,2026-03-11 17:14:23
a759eb,DAL657,United States,40.8215,-111.9791,1554.48,95.67,351.65,False,2026-03-11 17:14:23
ace1af,EDV5294,United States,37.0425,-76.4352,10668.0,241.19,38.68,False,2026-03-11 17:14:23
a41096,LXJ361,United States,42.3578,-71.0125,,2.83,213.75,True,2026-03-11 17:14:23
ad01ab,SWA176,United States,37.3211,-107.9801,11894.82,227.91,42.62,False,2026-03-11 17:14:23
a66f50,N51325,United States,28.5756,-81.7403,845.82,59.73,10.92,False,2026-03-11 17:14:23
0d0f8f,VTM7702,Mexico,31.5601,-113.8726,9166.86,214.85,291.34,False,2026-03-11 17:14:23
a7a9c5,JIA5456,United States,34.2735,-83.6466,4411.98,170.12,221.94,False,2026-03-11 17:14:23
a2a823,SKW3680,United States,33.642,-84.4346,,0.51,312.19,True,2026-03-11 17:14:23
a23e23,N24342,United States,32.8629,-116.7513,1584.96,27.16,65.38,False,2026-03-11 17:14:23
c04eb6,ACA7337,Canada,35.0822,-115.6321,9646.92,220.87,226.42,False,2026-03-11 17:14:23
a53006,UAL707,United States,25.9262,-102.034,10965.18,195.1,232.28,False,2026-03-11 17:14:23
a6c616,N5355Q,United States,45.5591,-122.361,152.4,47.85,0.62,False,2026-03-11 17:14:23
a04bbe,AAL3061,United States,35.8213,-112.5366,10668.0,252.87,95.84,False,2026-03-11 17:14:23
7c8065,QFA3,Australia,28.0896,-97.8022,11879.58,297.41,59.09,False,2026-03-11 17:14:23
a24529,UAL2091,United States,42.3352,-99.0349,10668.0,265.42,83.88,False,2026-03-11 17:14:23
abc1cd,N857ER,United States,33.8131,-117.4868,1249.68,50.66,302.56,False,2026-03-11 17:14:23
ab0a92,RTY810,United States,40.4422,-105.0081,1432.56,28.48,339.93,False,2026-03-11 17:14:23
a24526,UAL1653,United States,43.5197,-96.7891,10668.0,266.21,98.33,False,2026-03-11 17:14:23
aa4c1a,UAL2273,United States,39.8591,-104.5358,2286.0,128.29,113.89,False,2026-03-11 17:14:23
aaea6a,N802MM,United States,30.7845,-83.1315,6400.8,137.91,125.59,False,2026-03-11 17:14:23
ab0a95,AAL2003,United States,38.0757,-84.4041,9753.6,241.64,336.27,False,2026-03-11 17:14:23
a29eb6,SWA1362,United States,33.6497,-111.9602,2628.9,125.26,161.57,False,2026-03-11 17:14:23
a22b09,N239MG,United States,32.0648,-82.9224,1318.26,58.24,312.85,False,2026-03-11 17:14:23
a8c9d4,N6655A,United States,33.5684,-117.1309,,12.86,194.06,True,2026-03-11 17:14:23
a0fe42,EJA163,United States,39.3402,-77.3626,1318.26,134.83,172.77,False,2026-03-11 17:14:23
a198ea,EPI111,United States,27.9697,-80.5651,1600.2,51.14,156.27,False,2026-03-11 17:14:23
a97fc5,N711AA,United States,36.0845,-97.4705,4114.8,92.86,21.45,False,2026-03-11 17:14:23
a2450b,UAL1638,United States,33.9416,-118.3984,,1.03,351.56,True,2026-03-11 17:14:23
aca788,SWA4536,United States,39.5615,-94.8507,9448.8,264.86,71.07,False,2026-03-11 17:14:23
a66f82,N5134K,United States,32.2888,-111.3038,1828.8,37.48,313.33,False,2026-03-11 17:14:23
a3b3df,DAL1990,United States,27.8852,-79.0436,9745.98,259.35,128.23,False,2026-03-11 17:14:23
a80641,JIA5640,United States,38.8062,-76.1426,9448.8,241.22,40.42,False,2026-03-11 17:14:23
a185a3,N1978G,United States,26.0699,-81.3946,5623.56,196.5,115.76,False,2026-03-11 17:14:23
a5a659,OPT463,United States,32.6322,-83.9967,12192.0,210.8,339.57,False,2026-03-11 17:14:23
a208b1,MXY330,United States,40.9085,-73.0663,3627.12,178.08,56.91,False,2026-03-11 17:14:23
a9bd9a,,United States,33.9383,-118.4132,,6.17,264.38,True,2026-03-11 17:14:23
c055c1,JZA171,Canada,51.633,-124.5075,6705.6,156.6,335.96,False,2026-03-11 17:14:23
a613c8,N49094,United States,34.3125,-119.1804,982.98,39.41,305.97,False,2026-03-11 17:14:23
c04ed6,HRT364,Canada,41.1113,-73.7407,403.86,69.62,149.83,False,2026-03-11 17:14:23
a5ecc4,ERU481,United States,29.0656,-81.2564,274.32,56.39,43.89,False,2026-03-11 17:14:23
a24508,UAL1659,United States,41.1321,-87.7163,6423.66,186.87,175.26,False,2026-03-11 17:14:23
a4105b,DAL2013,United States,27.9209,-83.4814,11277.6,233.11,30.36,False,2026-03-11 17:14:23
a6ac0d,N529TG,United States,40.3534,-82.9769,11887.2,203.13,165.93,False,2026-03-11 17:14:23
acf4f9,ERU934,United States,29.0468,-81.1391,541.02,44.17,206.27,False,2026-03-11 17:14:23
ac2a8d,N883SC,United States,30.4858,-87.1915,7.62,55.53,166.61,False,2026-03-11 17:14:23
a66346,AAL3195,United States,40.6902,-83.9022,8542.02,207.28,195.11,False,2026-03-11 17:14:23
ad646e,JBU387,United States,44.3865,-86.4861,8526.78,193.45,278.41,False,2026-03-11 17:14:23
a1b092,RPA5778,United States,36.0911,-86.6928,609.6,71.65,195.83,False,2026-03-11 17:14:23
a85fba,TCF639,United States,28.0683,-80.8409,579.12,53.38,349.45,False,2026-03-11 17:14:23
a00547,LXJ100,United States,37.5827,-81.533,13716.0,210.88,238.37,False,2026-03-11 17:14:23
a6d95b,EJA540,United States,40.7726,-74.5909,1165.86,156.48,46.6,False,2026-03-11 17:14:23
a613d9,SHERPA2,United States,32.7625,-111.2077,2987.04,61.5,313.31,False,2026-03-11 17:14:23
a3a0ca,UAL2302,United States,38.9783,-97.4217,9448.8,259.64,71.64,False,2026-03-11 17:14:23
a172d3,ERU1,United States,29.181,-81.0445,-15.24,34.28,244.2,False,2026-03-11 17:14:23
a302a0,SWA3907,United States,31.5171,-100.8216,8839.2,235.58,114.1,False,2026-03-11 17:14:23
a172d4,N1926S,United States,29.1174,-111.373,13723.62,226.24,125.28,False,2026-03-11 17:14:23
a4ce28,ATN3330,United States,39.8452,-104.6841,,12.35,180.0,True,2026-03-11 17:14:23
a3b529,AAL3257,United States,31.9825,-100.9348,10972.8,213.77,310.71,False,2026-03-11 17:14:23
a448db,DAL2041,United States,47.535,-117.0093,10363.2,171.79,274.29,False,2026-03-11 17:14:23
a1122a,CXK182,United States,36.2125,-115.2011,,0.0,45.0,True,2026-03-11 17:14:23
a1388c,SKW3430,United States,44.5067,-118.9549,10363.2,169.66,301.23,False,2026-03-11 17:14:23
ac09c2,JRE875,United States,27.3223,-82.4318,13716.0,210.17,151.49,False,2026-03-11 17:14:23
a2f5ad,KAP33,United States,41.4079,-70.5991,121.92,57.33,174.85,False,2026-03-11 17:14:23
a292c0,N265ND,United States,27.8221,-80.5233,152.4,37.58,160.82,False,2026-03-11 17:14:23
a54ec0,N441EH,United States,37.5486,-93.47,6096.0,117.68,246.01,False,2026-03-11 17:14:23
a89076,PDT6130,United States,40.6217,-76.7469,6705.6,180.83,302.33,False,2026-03-11 17:14:23
a59e1a,N461J,United States,45.661,-108.8698,5128.26,81.6,228.07,False,2026-03-11 17:14:23
a09b79,N1381W,United States,34.8081,-99.1169,2194.56,65.48,308.94,False,2026-03-11 17:14:23
a840ec,N6306F,United States,40.6668,-72.9992,609.6,30.94,93.81,False,2026-03-11 17:14:23
a0fe7a,SKW5928,United States,42.0252,-88.2451,2674.62,132.1,288.15,False,2026-03-11 17:14:23
a568e8,LXJ448,United States,35.2118,-89.5359,2590.8,160.04,4.79,False,2026-03-11 17:14:23
a3fba4,FFT4807,United States,39.2461,-77.2399,9692.64,221.59,219.16,False,2026-03-11 17:14:23
a5b8c2,EJA468,United States,38.4527,-107.2854,12611.1,182.63,269.84,False,2026-03-11 17:14:23
a35e49,DAL2746,United States,32.8918,-97.0337,,3.6,264.38,True,2026-03-11 17:14:23
a35e47,JTZ316,United States,27.6346,-80.9847,10576.56,153.48,339.8,False,2026-03-11 17:14:23
acca7b,JTZ923,United States,40.9152,-111.9975,3040.38,133.3,354.69,False,2026-03-11 17:14:23
a448d7,UAL674,United States,38.7132,-76.6813,10972.8,241.08,37.46,False,2026-03-11 17:14:23
a448d6,UAL1435,United States,39.5222,-74.8215,7863.84,225.18,225.46,False,2026-03-11 17:14:23
a8e071,LFA530,United States,28.8779,-81.6235,579.12,56.99,329.04,False,2026-03-11 17:14:23
a2454f,UAL2357,United States,39.5884,-104.6636,2636.52,113.73,1.56,False,2026-03-11 17:14:23
a0fe80,FFL626,United States,36.9708,-121.4541,99.06,50.2,114.2,False,2026-03-11 17:14:23
a448d3,UAL469,United States,28.8973,-97.0939,10363.2,214.96,292.51,False,2026-03-11 17:14:23
a11e8b,SKW3042,United States,47.445,-122.3098,,6.94,95.62,True,2026-03-11 17:14:23
a53ba4,RPA4476,United States,38.8559,-77.0404,,0.0,354.38,True,2026-03-11 17:14:23
a0fe4a,EJM163,United States,31.2662,-84.4874,11887.2,240.96,156.34,False,2026-03-11 17:14:23
a3a211,N333MK,United States,32.6041,-81.9108,2362.2,100.95,353.56,False,2026-03-11 17:14:23
ad29c1,N94714,United States,45.5392,-93.2587,388.62,30.0,30.96,False,2026-03-11 17:14:23
ae1199,RCH180,United States,42.6183,-108.7547,9144.0,196.13,247.81,False,2026-03-11 17:14:23
abcfb0,JRE860,United States,35.9305,-115.1358,922.02,64.31,0.92,False,2026-03-11 17:14:23
a568f6,CYO448,United States,31.1525,-78.7482,13106.4,220.76,196.24,False,2026-03-11 17:14:23
a555c3,,United States,42.3737,-71.0225,,0.0,42.19,True,2026-03-11 17:14:23
a675a9,SKW6479,United States,33.9971,-117.2797,5013.96,162.75,261.64,False,2026-03-11 17:14:23
aaafd8,SKW6094,United States,46.6918,-92.1446,3421.38,171.75,125.74,False,2026-03-11 17:14:23
a8f371,EJA676,United States,39.3042,-120.2566,2773.68,111.83,93.43,False,2026-03-11 17:14:23
a1cecb,N2152Z,United States,40.9494,-73.3048,601.98,57.11,45.36,False,2026-03-11 17:14:23
a74847,MVJ57,United States,31.5334,-104.9493,13106.4,210.74,284.27,False,2026-03-11 17:14:23
a28baa,N263RS,United States,33.43,-81.2983,6096.0,123.4,193.75,False,2026-03-11 17:14:23
0d0339,XAKCM,Mexico,34.0137,-84.5641,373.38,73.58,268.8,False,2026-03-11 17:14:23
aab6ab,N79LE,United States,33.8057,-116.3255,2499.36,108.45,143.29,False,2026-03-11 17:14:23
a3a222,DAL1929,United States,29.8979,-93.6913,10972.8,189.59,244.27,False,2026-03-11 17:14:23
a3c881,N343AP,United States,35.9219,-93.025,12496.8,270.18,111.09,False,2026-03-11 17:14:23
ac2c10,SWA2979,United States,33.4339,-112.0025,,0.0,90.0,True,2026-03-11 17:14:23
a688f0,N520AB,United States,30.3587,-90.5025,3032.76,87.61,262.92,False,2026-03-11 17:14:23
ae1193,GRZLY50,United States,34.3595,-119.3943,4785.36,128.94,312.09,False,2026-03-11 17:14:23
a36516,FFT1888,United States,41.7897,-87.7423,,0.0,129.38,True,2026-03-11 17:14:23
a2452f,UAL1865,United States,37.6671,-96.6497,8526.78,207.32,275.7,False,2026-03-11 17:14:23
a89086,AAL3254,United States,32.6291,-97.0611,914.4,109.23,23.3,False,2026-03-11 17:14:23
a22b28,ENY3752,United States,33.8531,-80.7797,4145.28,193.19,176.95,False,2026-03-11 17:14:23
a37845,N3221M,United States,37.9419,-105.1691,6408.42,135.13,47.93,False,2026-03-11 17:14:23
a2452c,UAL1568,United States,38.5432,-118.4777,10043.16,262.29,81.31,False,2026-03-11 17:14:23
a2452a,UAL371,United States,44.672,-90.5374,9753.6,179.94,252.19,False,2026-03-11 17:14:23
ab3982,AAL1087,United States,29.2768,-95.1585,10972.8,198.06,270.3,False,2026-03-11 17:14:23
a35e8a,EJA316,United States,29.5335,-95.0065,2880.36,141.39,292.46,False,2026-03-11 17:14:23
ab7feb,CXK1106,United States,39.7738,-104.1978,2819.4,58.02,10.21,False,2026-03-11 17:14:23
a1c2f6,N212WT,United States,26.0433,-80.2516,60.96,48.64,169.64,False,2026-03-11 17:14:23
abbca1,SWA673,United States,30.0003,-97.6735,1424.94,106.01,358.61,False,2026-03-11 17:14:23
ab3989,AAY1034,United States,35.6431,-81.9602,11582.4,227.2,184.94,False,2026-03-11 17:14:23
aa4195,AAL1511,United States,32.8429,-110.7805,12192.0,226.22,290.08,False,2026-03-11 17:14:23
adc933,N988DM,United States,39.5484,-110.6815,5791.2,115.19,80.75,False,2026-03-11 17:14:23
ab7fee,AAL1252,United States,41.9747,-87.8987,,0.0,36.56,True,2026-03-11 17:14:23
a3c80b,N3427B,United States,32.1586,-80.9321,2423.16,90.23,225.92,False,2026-03-11 17:14:23
ab1f6c,N8158N,United States,33.344,-84.6009,518.16,48.69,15.95,False,2026-03-11 17:14:23
a7c00f,JIA5294,United States,32.2313,-100.789,5989.32,173.83,256.83,False,2026-03-11 17:14:23
a5307f,RPA4735,United States,38.0371,-82.8329,9753.6,206.73,238.33,False,2026-03-11 17:14:23
ac9ff2,AAL1557,United States,34.5279,-81.974,10370.82,222.93,184.5,False,2026-03-11 17:14:23
a3522e,N313CF,United States,35.0924,-81.1418,7048.5,241.48,58.68,False,2026-03-11 17:14:23
a34b64,JCM311,United States,35.3723,-82.6536,3116.58,161.83,318.61,False,2026-03-11 17:14:23
ac3315,SWA3467,United States,31.9183,-81.1775,9243.06,231.37,29.87,False,2026-03-11 17:14:23
aca948,ASA208,United States,36.6399,-89.8469,10363.2,202.59,266.36,False,2026-03-11 17:14:23
a41bbb,LXJ364,United States,27.1758,-80.2193,,0.0,28.12,True,2026-03-11 17:14:23
abd6c6,FDX6087,United States,36.2024,-124.7288,8839.2,243.37,225.43,False,2026-03-11 17:14:23
aae004,N80FC,United States,35.6304,-119.2673,3444.24,100.76,135.21,False,2026-03-11 17:14:23
aae003,N80FB,United States,27.2731,-82.7019,2674.62,73.19,132.44,False,2026-03-11 17:14:23
ae2fd6,,United States,39.4781,-74.5256,342.9,85.4,0.69,False,2026-03-11 17:14:23
a77077,GJS4469,United States,40.6971,-74.1747,,1.03,303.75,True,2026-03-11 17:14:23
abbcc1,SWA578,United States,33.6897,-118.1264,5250.18,193.62,85.12,False,2026-03-11 17:14:23
ae2fd2,SCORE93,United States,39.2771,-75.453,617.22,70.03,177.47,False,2026-03-11 17:14:23
a973c7,N708RK,United States,37.3033,-106.9248,7315.2,137.27,310.14,False,2026-03-11 17:14:23
ad03a1,CAP3238,United States,36.2433,-78.1223,762.0,41.47,217.44,False,2026-03-11 17:14:23
a24573,UAL574,United States,36.0828,-115.1403,,0.13,118.12,True,2026-03-11 17:14:23
a9cfe0,N731ML,United States,31.9042,-107.6608,3459.48,85.42,88.62,False,2026-03-11 17:14:23
a91343,NDU684,United States,33.0126,-111.4633,1607.82,54.77,174.61,False,2026-03-11 17:14:23
a292e6,,United States,28.5498,-81.324,,0.9,95.62,True,2026-03-11 17:14:23
a35e6f,EDV4994,United States,35.5416,-80.5273,9136.38,247.89,42.9,False,2026-03-11 17:14:23
a7706b,LXJ579,United States,27.8884,-82.2587,10668.0,252.58,163.19,False,2026-03-11 17:14:23
a42ee9,DAL1281,United States,27.3038,-80.8595,10668.0,217.1,359.59,False,2026-03-11 17:14:23
a9d6e0,N733HA,United States,33.8288,-117.723,845.82,49.56,189.56,False,2026-03-11 17:14:23
a8f338,NKS1005,United States,38.5884,-106.5921,10972.8,197.68,249.11,False,2026-03-11 17:14:23
a4ce11,AAL2106,United States,31.3125,-103.8812,9136.38,223.1,284.42,False,2026-03-11 17:14:23
ac2c56,SWA139,United States,35.6825,-78.9305,10759.44,242.04,34.87,False,2026-03-11 17:14:23
a973d6,SPA708,United States,35.7179,-79.9182,9982.2,193.61,276.41,False,2026-03-11 17:14:23
0d0f40,XAVGN,Mexico,27.5121,-99.4793,342.9,53.2,198.61,False,2026-03-11 17:14:23
a3c847,UAL1451,United States,39.7662,-103.9458,5105.4,219.72,97.94,False,2026-03-11 17:14:23
ac8ce5,AAL402,United States,32.9101,-97.034,,9.26,90.0,True,2026-03-11 17:14:23
a35e66,AAL2622,United States,35.8384,-80.4141,4206.24,144.26,213.07,False,2026-03-11 17:14:23
a8e002,LXJ671,United States,40.1385,-86.8993,14325.6,220.53,266.79,False,2026-03-11 17:14:23
a41bb5,FFT2249,United States,25.8205,-79.366,10355.58,226.73,284.86,False,2026-03-11 17:14:23
aca94b,AAL2712,United States,30.8076,-85.8678,10972.8,204.33,271.73,False,2026-03-11 17:14:23
ac3338,SWA3461,United States,35.6569,-87.7471,11277.6,225.76,157.35,False,2026-03-11 17:14:23
a1c2c4,N212UT,United States,33.2312,-111.369,4549.14,126.58,118.13,False,2026-03-11 17:14:23
ac4668,N890MA,United States,40.8056,-73.4434,365.76,47.34,91.25,False,2026-03-11 17:14:23
a435c0,N370WA,United States,25.9815,-80.6264,746.76,68.8,263.99,False,2026-03-11 17:14:23
a448f2,UAL2638,United States,41.9238,-88.3512,3634.74,145.97,250.22,False,2026-03-11 17:14:23
a3b50f,AAL2133,United States,37.5719,-86.5493,10363.2,198.31,257.26,False,2026-03-11 17:14:23
a54eb0,N441DS,United States,32.801,-113.7969,9448.8,161.2,80.45,False,2026-03-11 17:14:23
a9cff8,NKS1151,United States,30.5469,-94.4737,4343.4,150.03,246.78,False,2026-03-11 17:14:23
a54eb1,N441DT,United States,40.7253,-84.5964,9136.38,225.51,297.73,False,2026-03-11 17:14:23
ac3dec,SWA247,United States,33.6446,-84.4294,,3.09,90.0,True,2026-03-11 17:14:23
a90bb9,N682MA,United States,40.2936,-74.7888,190.5,29.33,232.13,False,2026-03-11 17:14:23
ab24ee,N817SA,United States,32.8283,-97.8161,3055.62,123.38,241.62,False,2026-03-11 17:14:23
ab6137,EJA832,United States,39.7949,-73.5163,13106.4,227.73,225.55,False,2026-03-11 17:14:23
a7dedf,KFB606,United States,41.9197,-87.4562,13106.4,194.93,275.76,False,2026-03-11 17:14:23
ace41b,N93JC,United States,25.8573,-79.9285,3284.22,119.87,116.78,False,2026-03-11 17:14:23
a9ab05,ASA305,United States,46.2758,-113.9287,10058.4,291.77,106.07,False,2026-03-11 17:14:23
abaa1a,SWA2133,United States,32.0408,-90.7994,11582.4,192.8,243.71,False,2026-03-11 17:14:23
a017c9,FDX452,United States,35.8253,-92.0526,8854.44,245.16,108.47,False,2026-03-11 17:14:23
aab77f,N79US,United States,41.6491,-111.9073,2293.62,53.2,189.46,False,2026-03-11 17:14:23
a60e95,N49JP,United States,35.7089,-77.9311,1950.72,79.5,164.61,False,2026-03-11 17:14:23
a5f581,UAL509,United States,39.7795,-104.3057,3215.64,176.6,114.25,False,2026-03-11 17:14:23
aaeae5,SKW4059,United States,44.4624,-88.1336,312.42,67.39,359.56,False,2026-03-11 17:14:23
a71b43,AAL2689,United States,25.9034,-80.6773,1630.68,135.03,97.88,False,2026-03-11 17:14:23
a18723,AAY867,United States,39.8708,-84.9431,7254.24,211.95,350.22,False,2026-03-11 17:14:23
aa40c8,N76SJ,United States,37.2684,-119.8491,5219.7,111.75,2.64,False,2026-03-11 17:14:23
ab11cf,MVP620,United States,29.5898,-81.1263,12192.0,230.17,167.61,False,2026-03-11 17:14:23
ab879f,DAL2985,United States,37.9127,-72.247,10058.4,249.53,179.17,False,2026-03-11 17:14:23
a3a27a,ENY3720,United States,42.3076,-88.3803,3093.72,173.1,122.75,False,2026-03-11 17:14:23
a05410,DAL2656,United States,29.9935,-95.3051,152.4,75.11,269.61,False,2026-03-11 17:14:23
ad5dcb,SKW5604,United States,42.498,-87.9793,4693.92,167.79,347.97,False,2026-03-11 17:14:23
ab0aed,N810SA,United States,29.8603,-97.8764,487.68,50.93,180.0,False,2026-03-11 17:14:23
adfd11,LOOT77,United States,32.9188,-99.2955,2552.7,155.76,206.06,False,2026-03-11 17:14:23
a74892,N569CG,United States,44.3524,-93.6787,4831.08,174.83,212.38,False,2026-03-11 17:14:23
a0540a,DAL305,United States,37.3888,-75.8394,10980.42,228.46,206.33,False,2026-03-11 17:14:23
a6fb32,AAL2221,United States,35.5297,-81.8064,3749.04,180.37,116.42,False,2026-03-11 17:14:23
a422f7,DAL1471,United States,30.4316,-78.5258,10058.4,225.46,8.0,False,2026-03-11 17:14:23
a74899,CAP2769,United States,36.0184,-115.5909,2110.74,53.52,287.91,False,2026-03-11 17:14:23
a4c25b,N40557,United States,44.1037,-97.0067,1828.8,87.46,270.67,False,2026-03-11 17:14:23
a4bb99,N404BC,United States,38.1136,-85.589,11887.2,222.16,155.51,False,2026-03-11 17:14:23
ace43d,N93KM,United States,35.9893,-115.1343,853.44,87.77,15.99,False,2026-03-11 17:14:23
acd10b,N925DC,United States,33.5535,-86.7751,563.88,101.6,237.2,False,2026-03-11 17:14:23
acd120,DAL1004,United States,35.0476,-106.6193,,4.12,87.19,True,2026-03-11 17:14:23
a017a8,DAL824,United States,36.0762,-115.1518,,9.26,334.69,True,2026-03-11 17:14:23
abc462,N8575B,United States,30.5604,-84.2633,1775.46,90.12,310.6,False,2026-03-11 17:14:23
a3526a,ERU313,United States,29.5181,-81.337,1706.88,58.58,172.94,False,2026-03-11 17:14:23
abaa43,SWA1301,United States,31.8557,-102.3044,11163.3,243.2,129.08,False,2026-03-11 17:14:23
ad9a3d,LYM300,United States,28.2579,-82.385,1249.68,113.15,225.92,False,2026-03-11 17:14:23
a90ba7,LFA539,United States,28.7786,-81.2454,-30.48,36.56,87.58,False,2026-03-11 17:14:23
a35e9c,AAL2083,United States,33.8587,-101.3286,10972.8,216.23,282.09,False,2026-03-11 17:14:23
ad9a33,N976CT,United States,33.3537,-84.6694,701.04,44.41,251.77,False,2026-03-11 17:14:23
ac7a5b,ASA270,United States,34.1879,-120.1562,9753.6,225.15,251.48,False,2026-03-11 17:14:23
a3524e,DAL3196,United States,33.6348,-84.4331,,8.75,357.19,True,2026-03-11 17:14:23
a85568,LBQ800,United States,42.5572,-77.4447,5250.18,114.54,158.39,False,2026-03-11 17:14:23
a6abe1,N529RN,United States,35.8824,-84.4077,1805.94,51.65,236.78,False,2026-03-11 17:14:23
0d0f07,VIV1001,Mexico,31.4021,-106.4192,3086.1,160.69,170.42,False,2026-03-11 17:14:23
aa4ce9,ABX520,United States,29.0013,-96.0021,6705.6,203.7,228.38,False,2026-03-11 17:14:23
a7def8,EJA606,United States,41.2565,-101.9915,10972.8,193.17,248.77,False,2026-03-11 17:14:23
a782e4,AAL1811,United States,33.3029,-96.4554,5433.06,163.88,229.71,False,2026-03-11 17:14:23
a7f8fc,N6123Q,United States,43.0873,-96.538,1272.54,54.2,106.54,False,2026-03-11 17:14:23
ac7a69,OZN903,United States,25.5263,-80.5782,251.46,54.06,272.18,False,2026-03-11 17:14:23
a9d830,N733WM,United States,34.1,-117.1266,662.94,37.68,94.7,False,2026-03-11 17:14:23
adf128,JBU2152,United States,39.2771,-74.9386,10660.38,231.72,33.87,False,2026-03-11 17:14:23
a1c403,N2125M,United States,37.5285,-82.5795,1097.28,37.86,137.2,False,2026-03-11 17:14:23
aa9c3e,CSTT179,United States,37.6713,-97.1794,594.36,88.02,267.99,False,2026-03-11 17:14:23
a6bec6,N5336K,United States,34.5672,-106.6248,2468.88,46.83,268.74,False,2026-03-11 17:14:23
ad046d,LFA691,United States,28.6876,-81.2269,541.02,63.77,280.22,False,2026-03-11 17:14:23
ab616f,SCX8275,United States,39.9918,-107.4258,11277.6,251.27,49.07,False,2026-03-11 17:14:23
a004d9,TWY200,United States,30.9248,-102.7033,13716.0,265.77,96.78,False,2026-03-11 17:14:23
a257bc,EJM50,United States,26.9356,-79.9967,1143.0,132.98,214.12,False,2026-03-11 17:14:23
ac9499,N91CW,United States,48.1347,-122.3401,3573.78,178.18,349.01,False,2026-03-11 17:14:23
a1d72e,N2179Z,United States,33.8505,-117.4276,822.96,48.64,287.86,False,2026-03-11 17:14:23
a4d545,N410MT,United States,28.8046,-81.5336,541.02,47.34,109.03,False,2026-03-11 17:14:23
a124b5,DAL480,United States,33.3685,-123.1359,10668.0,224.34,255.93,False,2026-03-11 17:14:23
a5a5aa,N463KJ,United States,30.606,-81.6695,1043.94,71.29,339.73,False,2026-03-11 17:14:23
a35da8,FFT25,United States,32.0863,-83.1167,9563.1,256.3,143.41,False,2026-03-11 17:14:23
abbd8d,SWA1721,United States,37.5752,-77.3706,449.58,82.76,149.77,False,2026-03-11 17:14:23
a09aaf,N138UD,United States,38.398,-75.2547,914.4,34.57,233.47,False,2026-03-11 17:14:23
a6d8bf,N540JL,United States,28.3807,-81.424,2354.58,132.21,0.0,False,2026-03-11 17:14:23
a84e0c,QXE2479,United States,33.3945,-117.756,5692.14,211.39,138.55,False,2026-03-11 17:14:23
a04126,N1150H,United States,27.3722,-82.3741,8534.4,122.89,281.59,False,2026-03-11 17:14:23
a925a8,LFA546,United States,29.0466,-81.5322,998.22,55.41,291.8,False,2026-03-11 17:14:23
a004df,N100BT,United States,35.0322,-85.18,502.92,57.75,25.88,False,2026-03-11 17:14:23
aa0653,NKS1670,United States,36.5696,-93.0456,10355.58,189.08,250.28,False,2026-03-11 17:14:23
ae111b,DEVIL62,United States,28.8078,-100.3808,3360.42,99.26,58.78,False,2026-03-11 17:14:23
a86861,N64056,United States,32.8635,-111.9515,1089.66,45.27,53.78,False,2026-03-11 17:14:23
a7486a,ASA1458,United States,38.9092,-114.4397,11582.4,202.05,254.8,False,2026-03-11 17:14:23
a89ba8,N654AT,United States,33.6114,-82.361,8839.2,232.68,188.78,False,2026-03-11 17:14:23
a84200,FFT2507,United States,31.9675,-80.7629,10363.2,226.31,197.73,False,2026-03-11 17:14:23
a542d7,SWA3629,United States,42.2886,-92.1456,10972.8,187.27,287.59,False,2026-03-11 17:14:23
a84e3f,SKW5747,United States,34.5095,-119.1188,5836.92,201.26,143.63,False,2026-03-11 17:14:23
abb172,SWA2035,United States,40.6538,-86.2138,5875.02,194.82,337.16,False,2026-03-11 17:14:23
a8b805,AAL2663,United States,40.6633,-74.0101,8686.8,247.64,40.87,False,2026-03-11 17:14:23
a0541b,AAL3096,United States,32.9946,-97.0523,1051.56,130.17,359.09,False,2026-03-11 17:14:23
ae114b,KATT15,United States,30.4371,-87.0147,5097.78,129.68,1.36,False,2026-03-11 17:14:23
a28d12,N2634M,United States,40.7069,-73.3397,449.58,69.76,14.96,False,2026-03-11 17:14:23
aa79f9,TCN774,United States,36.4969,-79.0708,4373.88,192.0,131.85,False,2026-03-11 17:14:23
ae1149,KATT41,United States,30.3416,-87.593,1981.2,126.5,94.9,False,2026-03-11 17:14:23
a23da6,N2431G,United States,31.7518,-97.0206,487.68,58.95,249.03,False,2026-03-11 17:14:23
ae1145,KATT81,United States,30.2697,-87.3314,1264.92,83.91,186.69,False,2026-03-11 17:14:23
aa195f,N75TF,United States,39.2737,-101.5152,13716.0,284.51,90.73,False,2026-03-11 17:14:23
a15a00,N1865C,United States,30.2826,-82.6774,12092.94,152.36,358.07,False,2026-03-11 17:14:23
c0584f,ACA1002,Canada,27.8878,-79.404,9105.9,255.8,195.99,False,2026-03-11 17:14:23
ad4afe,AAL3277,United States,34.3503,-96.7163,8389.62,276.69,28.42,False,2026-03-11 17:14:23
a1872f,N198PG,United States,25.5028,-80.5692,30.48,41.68,88.59,False,2026-03-11 17:14:23
ae1150,KATT16,United States,30.8072,-86.6689,7604.76,163.59,90.0,False,2026-03-11 17:14:23
a9b0ed,,United States,41.9825,-87.9087,,7.2,67.5,True,2026-03-11 17:14:23
aa79dd,N774WF,United States,26.9644,-97.3947,7513.32,233.83,357.23,False,2026-03-11 17:14:23
a257b7,N250CG,United States,33.6213,-116.2297,8397.24,231.45,83.49,False,2026-03-11 17:14:23
a6d8f4,N540LP,United States,44.5041,-73.1808,388.62,38.81,128.54,False,2026-03-11 17:14:23
a5db2c,ASA682,United States,47.3706,-120.2125,8046.72,261.02,104.15,False,2026-03-11 17:14:23
a8683d,N64045,United States,33.4422,-117.0146,1882.14,41.18,12.99,False,2026-03-11 17:14:23
a5f551,ULA483,United States,32.5846,-96.3939,830.58,118.03,307.92,False,2026-03-11 17:14:23
a16d89,SKW3250,United States,33.4361,-112.0047,,0.39,0.0,True,2026-03-11 17:14:23
a9ab87,FFT3211,United States,33.1814,-99.5052,10340.34,215.37,284.67,False,2026-03-11 17:14:23
a0fdeb,N163ME,United States,39.4161,-77.3975,426.72,57.77,28.16,False,2026-03-11 17:14:23
a65d06,SKW6276,United States,35.2073,-114.1918,7315.2,206.39,295.86,False,2026-03-11 17:14:23
a0a457,SKW4801,United States,39.6869,-103.0604,7094.22,230.77,96.14,False,2026-03-11 17:14:23
a3b4b5,DAL487,United States,27.9857,-82.5416,-83.82,56.11,182.1,False,2026-03-11 17:14:23
a0f1ba,N160AM,United States,34.0676,-117.381,396.24,60.3,356.58,False,2026-03-11 17:14:23
a83b9e,N63CJ,United States,33.1579,-83.1282,9776.46,221.29,157.01,False,2026-03-11 17:14:23
a0f1bb,AAL891,United States,35.7431,-76.7189,9144.0,238.72,204.58,False,2026-03-11 17:14:23
a3add3,ENY3822,United States,34.1557,-102.3807,10363.2,207.51,284.79,False,2026-03-11 17:14:23
a05494,N120KA,United States,27.1656,-81.5818,7924.8,202.46,333.11,False,2026-03-11 17:14:23
a3adce,AAL2285,United States,35.5801,-109.413,8534.4,224.34,251.69,False,2026-03-11 17:14:23
0d0dd3,VOI1820,Mexico,36.0802,-120.9132,9547.86,208.06,311.69,False,2026-03-11 17:14:23
a231b9,N240TS,United States,41.7838,-111.8548,,0.0,42.19,True,2026-03-11 17:14:23
a2a7cd,N270PM,United States,30.4507,-87.8793,114.3,29.7,194.04,False,2026-03-11 17:14:23
a9c56a,N729EL,United States,36.9954,-122.0777,1981.2,44.92,13.24,False,2026-03-11 17:14:23
a124cc,N173EX,United States,38.3102,-122.6032,967.74,90.96,126.03,False,2026-03-11 17:14:23
aafda1,UAL361,United States,39.9092,-104.695,2011.68,97.69,10.01,False,2026-03-11 17:14:23
a1aa10,UAL838,United States,38.5055,-123.1963,7940.04,248.06,129.7,False,2026-03-11 17:14:23
c0581a,CGHJL,Canada,48.7451,-123.1246,243.84,73.06,60.0,False,2026-03-11 17:14:23
a627d1,EJA496,United States,26.5293,-80.7582,6126.48,171.7,315.0,False,2026-03-11 17:14:23
a3b4d6,,United States,32.9097,-97.0488,,6.69,2.81,True,2026-03-11 17:14:23
a6c71c,JIA5354,United States,35.8348,-84.0767,7025.64,184.77,244.43,False,2026-03-11 17:14:23
a35dc2,ENY3376,United States,42.8094,-85.2926,7635.24,172.14,261.58,False,2026-03-11 17:14:23
a9ab72,SKW6357,United States,33.2741,-112.1336,3048.0,156.88,136.99,False,2026-03-11 17:14:23
a3f119,N353MV,United States,34.0324,-118.5341,685.8,52.16,306.98,False,2026-03-11 17:14:23
ab5a01,SCX101,United States,36.2607,-114.4417,3505.2,155.22,231.46,False,2026-03-11 17:14:23
c03e07,WJA115,Canada,51.0202,-114.5317,6469.38,155.26,277.81,False,2026-03-11 17:14:23
a52a24,PFA328,United States,27.7463,-80.4379,487.68,40.38,224.48,False,2026-03-11 17:14:23
c08095,WJA383,Canada,49.7379,-96.8786,1905.0,119.87,270.0,False,2026-03-11 17:14:23
ad1717,N9421F,United States,28.2059,-82.1189,2926.08,89.9,101.89,False,2026-03-11 17:14:23
a2f721,SKW104T,United States,42.0839,-111.8349,8732.52,186.49,354.78,False,2026-03-11 17:14:23
a3f120,DAL2975,United States,43.7951,-122.5879,9966.96,194.41,341.33,False,2026-03-11 17:14:23
a257f8,N250EX,United States,40.6291,-87.8408,12192.0,230.15,336.41,False,2026-03-11 17:14:23
ac57af,SWA1048,United States,41.1224,-91.3684,7711.44,236.17,96.63,False,2026-03-11 17:14:23
a9627a,N7033F,United States,40.3106,-75.3265,563.88,42.78,183.45,False,2026-03-11 17:14:23
aaa414,N785LA,United States,26.1169,-81.7872,236.22,54.61,312.71,False,2026-03-11 17:14:23
ac57d2,SWA2639,United States,32.5051,-93.1702,11894.82,223.67,141.44,False,2026-03-11 17:14:23
aafdc4,VXP306,United States,30.814,-82.5454,11277.6,234.98,28.08,False,2026-03-11 17:14:23
ab1dd5,VXP466,United States,34.0268,-79.3775,11582.4,223.33,214.68,False,2026-03-11 17:14:23
a1b158,N208SN,United States,35.0779,-78.9468,1645.92,57.42,192.42,False,2026-03-11 17:14:23
ad5da7,N960RK,United States,32.0122,-106.7915,7924.8,143.77,277.61,False,2026-03-11 17:14:23
a9be75,N727KG,United States,37.8576,-98.7094,11391.9,246.08,76.95,False,2026-03-11 17:14:23
a351e3,N3129S,United States,25.4847,-81.3324,6027.42,111.69,339.23,False,2026-03-11 17:14:23
a8557a,QXE2154,United States,45.4331,-121.4869,10668.0,239.45,169.73,False,2026-03-11 17:14:23
a27a83,N259SF,United States,40.0407,-105.057,2026.92,58.08,34.53,False,2026-03-11 17:14:23
ab6101,AAL1217,United States,32.9084,-97.0348,,5.4,270.0,True,2026-03-11 17:14:23
a9ab2d,KAPT978,United States,41.749,-70.2385,883.92,68.41,119.26,False,2026-03-11 17:14:23
ab6108,AAY1195,United States,34.4444,-85.4929,10972.8,211.93,319.23,False,2026-03-11 17:14:23
a912f0,PDT5801,United States,34.9439,-77.6814,868.68,122.63,63.33,False,2026-03-11 17:14:23
c030bb,ACA997,Canada,31.6398,-113.7882,10972.8,217.18,303.01,False,2026-03-11 17:14:23
a34ae0,DAL1832,United States,28.3095,-89.7151,11277.6,221.61,174.81,False,2026-03-11 17:14:23
a1aa4e,SWA3050,United States,33.49,-116.7312,10218.42,250.9,97.07,False,2026-03-11 17:14:23
a89bed,N654DM,United States,29.7938,-81.6559,975.36,107.2,74.7,False,2026-03-11 17:14:23
a5e27f,N47891,United States,43.1501,-115.5439,2750.82,81.75,130.41,False,2026-03-11 17:14:23
a2f77b,SWA3621,United States,32.3606,-109.1523,11887.2,241.03,100.95,False,2026-03-11 17:14:23
ad77b8,N967SA,United States,36.2623,-76.1925,213.36,36.14,274.9,False,2026-03-11 17:14:23
a34ae6,DAL2098,United States,42.3672,-71.0124,,7.72,182.81,True,2026-03-11 17:14:23
a7d2bc,DAL2032,United States,39.7142,-104.6956,10066.02,287.3,112.75,False,2026-03-11 17:14:23
a40a1e,N36BT,United States,34.3057,-84.3984,876.3,62.8,55.01,False,2026-03-11 17:14:23
a83b8c,N63BR,United States,34.6618,-84.5618,1775.46,70.17,323.05,False,2026-03-11 17:14:23
ab5a1d,UAL331,United States,37.6154,-122.3805,,6.69,208.12,True,2026-03-11 17:14:23
a3ada3,AAL390P,United States,30.1444,-98.2745,10812.78,251.04,5.17,False,2026-03-11 17:14:23
c030ef,ACA545,Canada,48.3067,-125.7948,10972.8,170.13,245.53,False,2026-03-11 17:14:23
a364e7,DAL1564,United States,43.662,-101.1732,11277.6,259.84,91.02,False,2026-03-11 17:14:23
a8b87f,TCF661,United States,27.193,-80.9956,1760.22,54.97,211.61,False,2026-03-11 17:14:23
adc7b9,BL710,United States,30.3214,-87.6586,220.98,44.81,257.4,False,2026-03-11 17:14:23
a9ab0b,XSR722,United States,29.3093,-83.0997,10523.22,219.72,324.34,False,2026-03-11 17:14:23
a2dd59,FDX3901,United States,39.1299,-99.5293,10668.0,278.01,81.17,False,2026-03-11 17:14:23
acdd17,KFB928,United States,40.544,-75.3812,9433.56,210.51,238.8,False,2026-03-11 17:14:23
ac31a1,AAL2587,United States,33.9404,-118.384,,0.77,81.56,True,2026-03-11 17:14:23
abc432,SWA1467,United States,33.6394,-84.4321,,0.0,270.0,True,2026-03-11 17:14:23
a3adb9,AAL249,United States,30.8938,-98.5496,11582.4,209.25,191.2,False,2026-03-11 17:14:23
a9d86c,RPA3513,United States,43.4649,-70.4849,7551.42,239.22,67.63,False,2026-03-11 17:14:23
abaa0e,SWA2574,United States,34.0389,-117.6327,3162.3,150.35,252.68,False,2026-03-11 17:14:23
8695c6,ANA12,Japan,48.3386,-124.9062,10058.4,315.87,90.09,False,2026-03-11 17:14:23
a40a17,N36BL,United States,37.6534,-113.1723,12192.0,190.42,301.97,False,2026-03-11 17:14:23
a40a18,N36BM,United States,42.1243,-122.4793,13716.0,247.0,358.69,False,2026-03-11 17:14:23
a17490,AAY2477,United States,31.4701,-84.6098,11109.96,246.22,157.13,False,2026-03-11 17:14:23
a5e29a,ASA377,United States,47.7375,-119.5782,10363.2,171.46,276.72,False,2026-03-11 17:14:23
ad64a7,N962M,United States,35.7883,-87.949,2743.2,107.57,75.03,False,2026-03-11 17:14:23
a8ebca,NKS1157,United States,35.444,-94.2314,9738.36,190.2,221.71,False,2026-03-11 17:14:23
c030f3,ASP858,Canada,51.0986,-114.0124,1097.28,0.0,53.44,True,2026-03-11 17:14:23
abbd47,SWA1103,United States,37.6769,-109.1942,11582.4,205.71,230.38,False,2026-03-11 17:14:23
a17fb5,AAY1563,United States,35.1915,-88.119,10050.78,236.43,146.0,False,2026-03-11 17:14:23
a89119,ABX2029,United States,31.0365,-81.7882,11590.02,248.81,160.18,False,2026-03-11 17:14:23
ae2ed8,RFNK770,United States,27.3475,-97.1818,2743.2,53.79,326.31,False,2026-03-11 17:14:23
ae2ed7,BRCAT09,United States,32.5892,-104.2548,4373.88,60.08,317.43,False,2026-03-11 17:14:23
a6c780,N536JA,United States,38.7664,-86.2502,9509.76,169.4,174.95,False,2026-03-11 17:14:23
a5a78a,N4633J,United States,40.0093,-105.0487,,3.6,233.44,True,2026-03-11 17:14:23
a6c781,JBU1245,United States,36.789,-76.5383,10965.18,217.18,214.48,False,2026-03-11 17:14:23
ad520a,MMY79,United States,40.4393,-122.2158,449.58,45.58,290.48,False,2026-03-11 17:14:23
ac3e5d,SWA1414,United States,28.2784,-82.7042,1691.64,136.9,88.28,False,2026-03-11 17:14:23
a854d0,JBU1310,United States,39.5033,-74.7328,11285.22,232.81,35.38,False,2026-03-11 17:14:23
a471ec,DAL467,United States,35.2944,-81.1018,10652.76,256.74,49.06,False,2026-03-11 17:14:23
a79795,N589CM,United States,35.3394,-109.5536,12870.18,264.51,76.04,False,2026-03-11 17:14:23
ac92b1,EDV5011,United States,31.8669,-87.2192,9448.8,273.86,55.18,False,2026-03-11 17:14:23
a5dad9,N4768E,United States,32.0877,-111.3147,1424.94,53.11,266.11,False,2026-03-11 17:14:23
aa546c,N765DF,United States,36.2013,-80.2584,4229.1,165.85,311.35,False,2026-03-11 17:14:23
a5a790,N4633Q,United States,32.8125,-117.1304,68.58,32.23,294.52,False,2026-03-11 17:14:23
abbbae,UAL1309,United States,39.4987,-77.6123,10934.7,209.29,238.26,False,2026-03-11 17:14:23
a066c7,FDX5050,United States,42.2852,-83.7349,9776.46,205.06,220.52,False,2026-03-11 17:14:23
a24609,N2458G,United States,25.6525,-80.4437,0.0,37.78,83.75,False,2026-03-11 17:14:23
a89d3f,N654T,United States,33.8227,-118.1479,-76.2,28.81,271.02,False,2026-03-11 17:14:23
a23f0e,KAP60,United States,43.1701,-71.8098,2095.5,68.77,128.93,False,2026-03-11 17:14:23
a12625,AAL2595,United States,39.2504,-94.2537,9448.8,271.56,84.02,False,2026-03-11 17:14:23
a734e0,N5633R,United States,40.6253,-111.9939,1242.06,28.01,172.61,False,2026-03-11 17:14:23
ad6539,SKW420W,United States,31.1278,-100.906,9753.6,201.51,309.09,False,2026-03-11 17:14:23
a23f0c,MXY181,United States,32.8072,-82.1732,10972.8,228.43,180.65,False,2026-03-11 17:14:23
c043b7,ACA261,Canada,46.2632,-85.5175,10378.44,203.37,299.22,False,2026-03-11 17:14:23
c04fff,ACA1315,Canada,36.3435,-110.6004,10972.8,206.26,315.1,False,2026-03-11 17:14:23
ad15cf,AAL1988,United States,33.6714,-96.682,6926.58,237.31,28.34,False,2026-03-11 17:14:23
a5449a,AAL2894,United States,28.5165,-79.0118,10363.2,247.08,186.7,False,2026-03-11 17:14:23
48e8f9,JDI24W,Poland,42.7803,-71.5151,,0.0,210.94,True,2026-03-11 17:14:23
a50900,RPA4417,United States,33.1092,-81.2201,9753.6,225.24,196.86,False,2026-03-11 17:14:23
a6c76c,N536HF,United States,28.9385,-80.8599,1341.12,41.96,229.47,False,2026-03-11 17:14:23
a209c0,AAY2331,United States,40.1827,-112.0049,11582.4,216.67,1.63,False,2026-03-11 17:14:23
a84dce,NKS583,United States,33.4947,-81.6997,10980.42,226.79,186.51,False,2026-03-11 17:14:23
71be19,KAL017,Republic of Korea,34.2803,-118.9172,4305.3,190.46,142.57,False,2026-03-11 17:14:23
c03cd9,N,Canada,48.8569,-123.3765,1767.84,107.2,292.87,False,2026-03-11 17:14:23
ae2ef8,BRCAT01,United States,33.267,-104.5288,1181.1,72.94,244.52,False,2026-03-11 17:14:23
aa4d77,JBU1247,United States,32.853,-81.5952,10972.8,223.94,201.14,False,2026-03-11 17:14:23
aaf253,SKW3946,United States,42.2286,-83.3646,358.14,69.06,208.47,False,2026-03-11 17:14:23
a39a84,N331LD,United States,36.8947,-94.1892,3497.58,144.08,173.03,False,2026-03-11 17:14:23
a52a99,AAL3202,United States,33.9917,-117.8362,2438.4,144.47,263.46,False,2026-03-11 17:14:23
ae2ef6,RFNK731,United States,27.5948,-97.3189,327.66,102.01,24.11,False,2026-03-11 17:14:23
ae35cc,R01903,United States,42.2704,-73.8058,1508.76,48.64,246.96,False,2026-03-11 17:14:23
a6b470,DAL384,United States,49.1804,-113.6032,11544.3,207.57,240.45,False,2026-03-11 17:14:23
a8a4a2,N656SP,United States,33.0774,-112.0347,1249.68,63.17,149.68,False,2026-03-11 17:14:23
ae2eef,BOMR823,United States,27.633,-97.328,259.08,69.56,317.7,False,2026-03-11 17:14:23
ae2eeb,RN110,United States,31.1072,-86.4367,1607.82,127.9,13.25,False,2026-03-11 17:14:23
ac2b61,SWA1584,United States,38.6531,-113.4482,12192.0,194.79,266.67,False,2026-03-11 17:14:23
adb52f,N98219,United States,33.1587,-117.4485,822.96,48.38,261.44,False,2026-03-11 17:14:23
aaf268,RAX123,United States,35.2508,-108.4718,9128.76,241.16,237.19,False,2026-03-11 17:14:23
a066a3,DAL2798,United States,32.847,-97.055,373.38,73.57,0.0,False,2026-03-11 17:14:23
a77d89,EDV5094,United States,40.952,-73.891,3970.02,151.35,323.01,False,2026-03-11 17:14:23
a066a8,KOW25,United States,30.1433,-96.5348,14325.6,206.79,279.88,False,2026-03-11 17:14:23
aaf264,MVP438,United States,27.301,-81.5,9547.86,203.23,330.26,False,2026-03-11 17:14:23
a62902,N4962B,United States,38.5813,-75.422,1219.2,51.9,107.9,False,2026-03-11 17:14:23
a40a4c,N36DP,United States,29.6488,-100.265,12496.8,179.08,124.47,False,2026-03-11 17:14:23
a7d43c,SKW5324,United States,39.869,-104.6622,,10.8,0.0,True,2026-03-11 17:14:23
ac3e9c,N8885H,United States,31.0984,-84.5953,1584.96,59.04,138.53,False,2026-03-11 17:14:23
a05fc9,N123KS,United States,27.8033,-81.9093,861.06,52.02,45.4,False,2026-03-11 17:14:23
a00623,EJA100,United States,26.6833,-80.1091,-38.1,56.16,93.15,False,2026-03-11 17:14:23
a27a94,SKW4076,United States,46.3858,-95.4297,6400.8,213.71,121.82,False,2026-03-11 17:14:23
a2ca64,UAL1147,United States,37.8571,-108.0576,12192.0,209.33,266.2,False,2026-03-11 17:14:23
a2efae,SWA3273,United States,33.3117,-97.0069,5775.96,196.15,328.19,False,2026-03-11 17:14:23
a11f5a,UAL311,United States,35.7471,-99.5874,10363.2,220.83,254.18,False,2026-03-11 17:14:23
a89d0a,QXE2095,United States,43.1702,-122.6852,11323.32,186.46,357.15,False,2026-03-11 17:14:23
ad4b73,CFS8675,United States,45.593,-122.622,,5.66,298.12,True,2026-03-11 17:14:23
a10c31,FDX3619,United States,38.9106,-89.0676,9951.72,285.12,78.45,False,2026-03-11 17:14:23
a1bca8,N21056,United States,38.6656,-76.1712,899.16,39.58,207.9,False,2026-03-11 17:14:23
a173a8,DAL382,United States,37.583,-124.495,10363.2,218.56,240.84,False,2026-03-11 17:14:23
a0ec20,FDX3629,United States,38.2307,-94.3321,10668.0,272.58,77.35,False,2026-03-11 17:14:23
a1e9f4,N222RP,United States,33.0944,-81.6955,9144.0,161.63,173.24,False,2026-03-11 17:14:23
a55785,UAL1677,United States,33.9906,-88.2369,10347.96,257.41,34.17,False,2026-03-11 17:14:23
a11324,ASI447,United States,33.6889,-112.0945,403.86,36.07,86.73,False,2026-03-11 17:14:23
ac2b80,SWA4053,United States,32.8985,-96.6985,3025.14,157.83,107.25,False,2026-03-11 17:14:23
a449af,DAL1767,United States,26.8313,-84.9732,11582.4,220.41,229.54,False,2026-03-11 17:14:23
a987c0,N713FS,United States,40.5485,-104.9391,2164.08,56.6,62.97,False,2026-03-11 17:14:23
a209fa,N230RC,United States,43.5092,-103.2077,8839.2,200.95,86.77,False,2026-03-11 17:14:23
c069d8,WJA106,Canada,50.0033,-117.4478,8229.6,257.33,65.18,False,2026-03-11 17:14:23
a23f4d,EPI244,United States,29.082,-81.2572,190.5,41.06,307.87,False,2026-03-11 17:14:23
ac2b8e,ASH6293,United States,30.6815,-88.5935,10058.4,252.27,77.64,False,2026-03-11 17:14:23
aaf27c,UAL1599,United States,39.8292,-104.6417,1546.86,74.08,0.4,False,2026-03-11 17:14:23
a0ec34,N159G,United States,28.0809,-81.7636,190.5,34.27,277.77,False,2026-03-11 17:14:23
a5edbf,EJA481,United States,28.6033,-82.767,9029.7,205.92,4.59,False,2026-03-11 17:14:23
acdbe7,PDT5831,United States,34.6181,-79.5748,9456.42,238.13,27.12,False,2026-03-11 17:14:23
a199dd,N202EH,United States,28.2021,-82.1328,213.36,59.8,291.71,False,2026-03-11 17:14:23
a6b435,ASA792,United States,45.1084,-122.6586,3124.2,151.89,2.33,False,2026-03-11 17:14:23
39c429,AFR342,France,48.8416,-65.8802,11582.4,201.54,224.38,False,2026-03-11 17:14:23
71be10,KAL261,Republic of Korea,42.8842,-108.7066,10363.2,183.82,296.42,False,2026-03-11 17:14:23
a05ff5,N123ML,United States,33.4301,-111.9936,,0.0,33.75,True,2026-03-11 17:14:23
ad526b,,United States,41.9857,-87.8904,,5.92,177.19,True,2026-03-11 17:14:23
a71aad,DAL1030,United States,31.623,-83.3777,10058.4,254.99,148.36,False,2026-03-11 17:14:23
ad526c,AAL2254,United States,41.8596,-91.5141,9144.0,193.96,264.06,False,2026-03-11 17:14:23
a449a4,UAL2100,United States,33.3106,-80.2694,10668.0,244.79,26.73,False,2026-03-11 17:14:23
a6510e,RTY506,United States,40.4522,-105.0112,,5.92,340.31,True,2026-03-11 17:14:23
a449a2,UAL1219,United States,36.7475,-89.0313,10668.0,265.71,83.33,False,2026-03-11 17:14:23
a71ac4,SFY550,United States,28.0372,-80.5227,1638.3,46.4,176.19,False,2026-03-11 17:14:23
a066cd,N125FL,United States,35.8223,-80.3594,731.52,66.7,288.43,False,2026-03-11 17:14:23
a591d5,SWA2557,United States,39.4202,-105.0209,3962.4,162.1,76.98,False,2026-03-11 17:14:23
a30fb0,N297CC,United States,33.51,-84.3064,403.86,49.14,96.01,False,2026-03-11 17:14:23
adfbf0,ISAT1,United States,39.2345,-74.7278,594.36,106.4,36.15,False,2026-03-11 17:14:23
a199ef,N202FA,United States,41.3132,-112.283,2903.22,52.46,187.89,False,2026-03-11 17:14:23
ad5269,ASA405,United States,45.6379,-119.6064,10668.0,285.43,121.51,False,2026-03-11 17:14:23
acdbee,AAL1555,United States,39.1112,-76.8454,9753.6,217.53,225.19,False,2026-03-11 17:14:23
a64a3b,EJA504,United States,36.0812,-115.1717,,1.8,104.06,True,2026-03-11 17:14:23
a5313d,N4334X,United States,41.6204,-72.572,1524.0,70.51,69.05,False,2026-03-11 17:14:23
c056c6,WJA1086,Canada,39.0526,-112.9117,11277.6,214.68,195.57,False,2026-03-11 17:14:23
a89d22,RPA4355,United States,35.4847,-97.4438,2042.16,139.7,64.94,False,2026-03-11 17:14:23
a3a1f9,N333LL,United States,35.3676,-81.21,975.36,62.12,206.57,False,2026-03-11 17:14:23
aaf29f,VXP718,United States,30.5533,-81.3986,11254.74,218.86,357.44,False,2026-03-11 17:14:23
a77100,N579MW,United States,33.6048,-86.2325,2118.36,98.92,17.87,False,2026-03-11 17:14:23
ac8a7b,EJM907,United States,40.9697,-84.4426,13106.4,182.15,271.13,False,2026-03-11 17:14:23
a8fc72,UAL1739,United States,32.8542,-80.1096,10363.2,223.69,219.4,False,2026-03-11 17:14:23
a12215,N172RC,United States,33.1529,-97.7481,655.32,43.12,287.35,False,2026-03-11 17:14:23
a12216,N172RD,United States,33.858,-117.3955,1097.28,44.59,78.69,False,2026-03-11 17:14:23
acf486,AAL2420,United States,34.312,-117.447,7208.52,230.83,51.06,False,2026-03-11 17:14:23
aced8f,SKW5171,United States,32.8938,-97.0342,,2.57,275.62,True,2026-03-11 17:14:23
a075df,RPA4557,United States,43.4285,-80.9266,8534.4,184.83,258.44,False,2026-03-11 17:14:23
a43ea3,UAL245,United States,36.2693,-102.288,10363.2,208.59,305.77,False,2026-03-11 17:14:23
a0c5c6,SKW5937,United States,33.718,-117.9296,1424.94,108.74,20.49,False,2026-03-11 17:14:23
a9ccde,AAL1902,United States,34.6613,-97.5619,6690.36,204.91,182.3,False,2026-03-11 17:14:23
a2fea7,YEL2,United States,34.8675,-85.1391,8534.4,209.63,325.3,False,2026-03-11 17:14:23
a6c393,LXJ535,United States,42.6167,-79.8952,13106.4,195.36,273.62,False,2026-03-11 17:14:23
abba6c,FDX6030,United States,36.2529,-92.4322,10233.66,244.48,120.61,False,2026-03-11 17:14:23
abba6b,N855FC,United States,36.7416,-96.8327,13716.0,268.6,91.21,False,2026-03-11 17:14:23
a37517,JBU65,United States,42.369,-71.0167,,0.0,39.38,True,2026-03-11 17:14:23
a36e1e,N32YA,United States,26.3614,-81.4277,365.76,45.81,102.32,False,2026-03-11 17:14:23
a18ee5,N2SD,United States,27.9117,-82.6984,-53.34,15.47,183.81,False,2026-03-11 17:14:23
a9e6ec,N737VE,United States,30.6606,-96.9782,335.28,42.18,270.0,False,2026-03-11 17:14:23
abc16c,AUB146,United States,33.3932,-86.362,1478.28,66.4,349.73,False,2026-03-11 17:14:23
a12227,N172RW,United States,32.9177,-117.2727,434.34,50.43,181.17,False,2026-03-11 17:14:23
a78c8f,DAL800,United States,34.0176,-117.1087,5981.7,165.66,262.15,False,2026-03-11 17:14:23
a79386,ASA2609,United States,36.0115,-109.7729,11894.82,250.09,72.65,False,2026-03-11 17:14:23
a8fc6d,N67840,United States,28.0089,-81.9596,320.04,34.87,111.64,False,2026-03-11 17:14:23
a8a0d9,RPA4347,United States,40.817,-73.8447,243.84,72.09,211.88,False,2026-03-11 17:14:23
a6d69f,N54LT,United States,40.7137,-101.927,9753.6,154.48,253.56,False,2026-03-11 17:14:23
a38836,JBU647,United States,48.1124,-99.7474,10972.8,220.84,265.59,False,2026-03-11 17:14:23
a18ef8,N2SY,United States,34.648,-92.1281,13716.0,154.68,235.57,False,2026-03-11 17:14:23
c03b90,CFWOL,Canada,33.7611,-84.3949,533.4,34.42,80.54,False,2026-03-11 17:14:23
ac8a9c,EJA907,United States,36.2599,-79.8996,1082.04,130.97,77.98,False,2026-03-11 17:14:23
ab3601,EJA821,United States,38.1206,-99.1773,10690.86,283.24,92.6,False,2026-03-11 17:14:23
ad8906,N971TA,United States,33.628,-117.951,640.08,43.42,256.29,False,2026-03-11 17:14:23
a2e098,ASA292,United States,41.7427,-113.9423,10058.4,270.88,67.09,False,2026-03-11 17:14:23
a18eaf,GTW2,United States,26.8345,-82.2281,12489.18,230.32,154.18,False,2026-03-11 17:14:23
a11b00,AAL2084,United States,28.4294,-81.3167,,0.0,250.31,True,2026-03-11 17:14:23
aa4a90,SKW5487,United States,39.4512,-87.176,11277.6,210.12,166.41,False,2026-03-11 17:14:23
acf49d,OZN934,United States,25.9854,-81.6285,228.6,52.27,280.2,False,2026-03-11 17:14:23
a8acdf,N6580W,United States,28.5414,-80.7744,190.5,46.71,306.49,False,2026-03-11 17:14:23
a338ac,JBU2101,United States,42.7082,-76.2103,3063.24,162.08,345.48,False,2026-03-11 17:14:23
aaa19e,RPA3501,United States,37.382,-77.1104,6400.8,182.56,14.86,False,2026-03-11 17:14:23
789213,CPA828,China,43.438,-82.6074,8991.6,267.75,82.49,False,2026-03-11 17:14:23
86d572,ANA180,Japan,39.8156,-125.4081,12496.8,269.56,129.04,False,2026-03-11 17:14:23
a2b813,N27424,United States,40.7771,-113.3971,2438.4,61.13,263.23,False,2026-03-11 17:14:23
a6c39f,GJS4495,United States,39.0513,-77.5752,1828.8,122.44,0.24,False,2026-03-11 17:14:23
c00700,ACA1048,Canada,48.9439,-120.8521,7162.8,282.16,92.4,False,2026-03-11 17:14:23
a9dffd,N7350G,United States,33.3773,-84.3452,457.2,43.12,144.22,False,2026-03-11 17:14:23
acf492,AAL869,United States,36.433,-88.8939,11277.6,259.24,98.79,False,2026-03-11 17:14:23
a1c08b,N2117E,United States,42.5784,-70.9312,38.1,29.62,72.82,False,2026-03-11 17:14:23
a63832,N50GE,United States,34.3922,-106.7209,7200.9,180.85,84.61,False,2026-03-11 17:14:23
a92361,UAL2672,United States,41.9667,-87.892,,1.29,177.19,True,2026-03-11 17:14:23
ab1c04,AAL2612,United States,28.0154,-80.2302,9380.22,244.57,153.92,False,2026-03-11 17:14:23
a00228,N1Y,United States,36.1233,-86.6748,,6.43,306.56,True,2026-03-11 17:14:23
a18ed1,N2RJ,United States,28.6476,-82.444,6385.56,112.56,346.79,False,2026-03-11 17:14:23
a92367,UAL2858,United States,34.3083,-79.6615,10668.0,246.64,27.05,False,2026-03-11 17:14:23
ac692a,SWA1155,United States,33.4321,-111.9942,,0.0,90.0,True,2026-03-11 17:14:23
c04e7d,,Canada,41.9636,-112.1528,12184.38,233.32,186.08,False,2026-03-11 17:14:23
ac4f29,SWA1677,United States,28.8145,-81.5685,2148.84,136.44,127.65,False,2026-03-11 17:14:23
a062ec,DAL2099,United States,36.8801,-81.1007,10972.8,212.92,223.14,False,2026-03-11 17:14:23
a1e5f1,ENY3920,United States,32.6723,-97.0436,1226.82,110.2,40.46,False,2026-03-11 17:14:23
aa6495,N769SP,United States,33.2438,-97.5527,670.56,44.9,175.4,False,2026-03-11 17:14:23
a85ce8,QXE9987,United States,47.6228,-117.5396,,0.0,90.0,True,2026-03-11 17:14:23
a062ef,DAL1730,United States,28.4707,-81.8076,4122.42,197.55,245.7,False,2026-03-11 17:14:23
a8bfeb,FFT1267,United States,34.0769,-117.4803,3901.44,155.96,253.72,False,2026-03-11 17:14:23
a35b42,AAL2599,United States,32.3108,-99.2756,7315.2,200.5,86.47,False,2026-03-11 17:14:23
a36e73,ENY3795,United States,37.7097,-88.4442,10363.2,191.16,183.24,False,2026-03-11 17:14:23
a48e3a,DAL1416,United States,31.4165,-82.3628,10058.4,247.63,28.0,False,2026-03-11 17:14:23
a5537a,EJA442,United States,38.4759,-77.5408,8580.12,191.66,205.95,False,2026-03-11 17:14:23
abf9b1,SWA1897,United States,42.2344,-70.9681,1127.76,101.21,197.15,False,2026-03-11 17:14:23
a2f2a3,N2896Q,United States,30.0582,-98.6166,1463.04,37.22,310.52,False,2026-03-11 17:14:23
a8165a,N620BD,United States,37.5933,-79.902,11582.4,184.35,236.84,False,2026-03-11 17:14:23
a6cf94,EJA538,United States,31.9909,-86.6228,12496.8,242.59,50.33,False,2026-03-11 17:14:23
a8c6e1,AAL678,United States,31.1609,-92.7747,10972.8,194.03,247.72,False,2026-03-11 17:14:23
a48e46,DAL2770,United States,44.3533,-93.0333,4876.8,198.94,147.46,False,2026-03-11 17:14:23
a24e90,N248JS,United States,39.5493,-104.8524,1760.22,55.34,5.87,False,2026-03-11 17:14:23
a9d3a9,NDU732,United States,33.1245,-111.5965,1584.96,61.84,196.93,False,2026-03-11 17:14:23
a7f63d,ASA362,United States,52.395,-127.8001,11887.2,256.15,141.93,False,2026-03-11 17:14:23
a42ba5,N368SS,United States,32.8747,-118.1017,1455.42,78.33,128.6,False,2026-03-11 17:14:23
c03b48,CFWLR,Canada,51.0944,-114.3715,1310.64,19.28,316.08,False,2026-03-11 17:14:23
a7e318,SKW5461,United States,33.6992,-114.1112,9486.9,210.24,283.73,False,2026-03-11 17:14:23
a5fcef,UAL499,United States,37.5887,-122.3036,175.26,69.51,298.27,False,2026-03-11 17:14:23
a36219,N317PB,United States,29.5333,-83.2843,6096.0,138.92,324.19,False,2026-03-11 17:14:23
a3b0fe,DAL2427,United States,36.8279,-88.8177,10370.82,202.05,279.82,False,2026-03-11 17:14:23
aa779d,SWA2548,United States,35.0349,-107.0347,10972.8,222.06,251.36,False,2026-03-11 17:14:23
a23b55,MXY131,United States,39.7326,-87.1511,10668.0,201.88,166.14,False,2026-03-11 17:14:23
a36200,DAL2541,United States,37.3194,-121.7773,1699.26,144.2,137.6,False,2026-03-11 17:14:23
a43ec9,UAL497,United States,39.8503,-104.6841,,6.43,180.0,True,2026-03-11 17:14:23
a0156c,N104VA,United States,38.7212,-77.5327,365.76,50.67,330.83,False,2026-03-11 17:14:23
ac694f,SWA3382,United States,35.891,-113.853,7780.02,244.99,95.54,False,2026-03-11 17:14:23
a6c365,JIA5483,United States,37.616,-97.4546,472.44,59.91,20.61,False,2026-03-11 17:14:23
aa5d7f,N767WB,United States,41.9362,-94.1161,11574.78,176.74,248.66,False,2026-03-11 17:14:23
a6d697,N54LK,United States,38.0305,-77.7995,944.88,53.15,265.56,False,2026-03-11 17:14:23
a062ca,N124CK,United States,38.1733,-121.3362,822.96,53.18,245.42,False,2026-03-11 17:14:23
a1e5d1,N221MF,United States,29.8641,-97.856,365.76,38.6,358.47,False,2026-03-11 17:14:23
ac9ca4,N911ZC,United States,37.5343,-77.3373,213.36,52.07,150.4,False,2026-03-11 17:14:23
a2b852,N2744X,United States,39.772,-80.5857,1851.66,59.37,242.1,False,2026-03-11 17:14:23
a49510,UAL1936,United States,29.9837,-94.7917,2125.98,114.72,289.65,False,2026-03-11 17:14:23
a996be,N717HA,United States,30.9917,-83.3542,670.56,131.37,153.23,False,2026-03-11 17:14:23
acffb4,ASA233,United States,42.0715,-127.9697,10668.0,212.48,217.42,False,2026-03-11 17:14:23
acffb7,AAL939,United States,25.915,-80.1125,2682.24,128.06,220.6,False,2026-03-11 17:14:23
a6c358,DAL795,United States,39.6821,-105.7155,9159.24,199.4,255.35,False,2026-03-11 17:14:23
aabff1,ASI67,United States,32.9224,-112.0413,1295.4,48.42,47.15,False,2026-03-11 17:14:23
ad1fbc,N945AA,United States,35.3295,-107.8142,8534.4,139.13,350.85,False,2026-03-11 17:14:23
ad8935,AAL2920,United States,33.1562,-80.9797,9037.32,245.73,177.0,False,2026-03-11 17:14:23
a67399,SCX3016,United States,32.5631,-110.0341,11582.4,217.56,289.76,False,2026-03-11 17:14:23
ad1fc8,AAL1342,United States,38.0809,-78.2421,8191.5,212.95,230.19,False,2026-03-11 17:14:23
a66c9a,N513AF,United States,28.3912,-80.8464,533.4,46.86,109.23,False,2026-03-11 17:14:23
ab1c47,DAL1688,United States,33.8155,-84.6239,3307.08,136.55,137.6,False,2026-03-11 17:14:23
a8299a,JBU1420,United States,40.7227,-73.4495,1211.58,134.88,354.53,False,2026-03-11 17:14:23
aaacc3,RPA3576,United States,40.9706,-79.9647,6050.28,217.03,52.13,False,2026-03-11 17:14:23
a062f5,N124EC,United States,30.4462,-89.4685,2385.06,80.16,275.89,False,2026-03-11 17:14:23
a1dee1,N22CG,United States,36.9358,-97.9768,10058.4,173.27,105.85,False,2026-03-11 17:14:23
a5a388,N4621D,United States,38.5206,-75.9605,922.02,55.73,113.96,False,2026-03-11 17:14:23
a67ef3,BSM32,United States,33.9319,-96.5113,1211.58,50.2,204.2,False,2026-03-11 17:14:23
ab1ab9,N8141F,United States,36.1232,-79.7528,982.98,72.74,323.05,False,2026-03-11 17:14:23
a72b25,IFG561,United States,27.3717,-80.2511,198.12,54.19,199.98,False,2026-03-11 17:14:23
a3625f,REH21,United States,33.8404,-116.5449,121.92,23.75,4.97,False,2026-03-11 17:14:23
a698fa,BPX265,United States,33.6642,-85.6828,1775.46,35.68,241.59,False,2026-03-11 17:14:23
ad2733,ASA606,United States,42.7095,-117.8794,10668.0,272.25,143.61,False,2026-03-11 17:14:23
aab431,RPA3619,United States,38.9399,-76.5864,8229.6,245.18,49.42,False,2026-03-11 17:14:23
a12296,N172WG,United States,33.0181,-97.6634,1554.48,46.2,315.45,False,2026-03-11 17:14:23
a8c840,QXE2135,United States,45.5807,-122.8474,1386.84,102.29,309.69,False,2026-03-11 17:14:23
a685f0,N5195L,United States,34.7145,-84.4265,2026.92,71.99,329.04,False,2026-03-11 17:14:23
a2f2d9,OXF4857,United States,33.1132,-111.4154,1577.34,44.74,351.4,False,2026-03-11 17:14:23
a5f208,SWA353,United States,36.0794,-115.1478,,4.37,30.94,True,2026-03-11 17:14:23
ad273b,DAL3045,United States,30.5752,-85.6477,2811.78,163.97,14.91,False,2026-03-11 17:14:23
0c218b,CMP809,Panama,30.7008,-78.0806,10668.0,218.73,5.8,False,2026-03-11 17:14:23
a54beb,,United States,40.3535,-79.9253,,10.8,98.44,True,2026-03-11 17:14:23
a6d5b1,JNY54,United States,38.406,-101.9841,13716.0,281.28,72.0,False,2026-03-11 17:14:23
a445f2,UAL2271,United States,45.9583,-119.3792,7924.8,190.23,310.06,False,2026-03-11 17:14:23
710104,SVA021,Saudi Arabia,40.8249,-72.8992,3558.54,135.22,215.87,False,2026-03-11 17:14:23
a445f8,DAL1915,United States,35.4446,-88.1562,10668.0,240.18,133.44,False,2026-03-11 17:14:23
a86540,PDT5998,United States,34.5995,-81.4309,5753.1,190.79,34.68,False,2026-03-11 17:14:23
a72b40,GJS4399,United States,41.8741,-87.8394,2438.4,165.52,69.82,False,2026-03-11 17:14:23
a6bbc5,N533CA,United States,34.1721,-118.1804,1874.52,50.07,279.46,False,2026-03-11 17:14:23
a1226b,UPS5837,United States,38.8719,-86.5804,5021.58,187.51,171.0,False,2026-03-11 17:14:23
ab34f3,DAL629,United States,33.6423,-84.4405,,0.0,2.81,True,2026-03-11 17:14:23
abc107,SWA2134,United States,33.6536,-111.5995,2522.22,143.47,215.51,False,2026-03-11 17:14:23
a2ebd7,N288BL,United States,28.2727,-81.8299,1158.24,43.52,122.94,False,2026-03-11 17:14:23
abd41a,RPA4471,United States,40.3397,-76.5034,10972.8,196.71,243.1,False,2026-03-11 17:14:23
a43eec,UAL2200,United States,40.7747,-73.8705,,1.29,33.75,True,2026-03-11 17:14:23
a43eea,UAL1117,United States,42.9667,-85.2199,7620.0,284.18,79.99,False,2026-03-11 17:14:23
a92ea0,EDV5229,United States,39.0459,-84.5323,861.06,65.37,268.2,False,2026-03-11 17:14:23
a1d2dc,JBU133,United States,42.3692,-111.9321,10965.18,181.78,246.48,False,2026-03-11 17:14:23
a12275,N172UZ,United States,41.2028,-112.0014,1196.34,33.1,224.37,False,2026-03-11 17:14:23
a43eed,UAL1189,United States,37.6191,-122.3806,,3.34,120.94,True,2026-03-11 17:14:23
a815d6,N62VY,United States,44.1326,-121.2282,1363.98,67.59,4.37,False,2026-03-11 17:14:23
aced21,ASA546,United States,32.7329,-117.2,,0.51,22.5,True,2026-03-11 17:14:23
aced23,AAL2451,United States,32.9426,-92.2186,10675.62,249.76,110.75,False,2026-03-11 17:14:23
aced24,AAL3117,United States,26.637,-82.1571,2232.66,144.01,144.89,False,2026-03-11 17:14:23
a1d2d1,N21648,United States,32.8342,-83.8652,1615.44,40.17,170.42,False,2026-03-11 17:14:23
a445d9,DAL1400,United States,37.0783,-89.1611,9380.22,219.86,294.47,False,2026-03-11 17:14:23
ac67fc,AAL2558,United States,31.8063,-93.807,10668.0,239.42,128.54,False,2026-03-11 17:14:23
ac8a1f,N907KS,United States,27.9767,-81.9493,297.18,51.25,289.34,False,2026-03-11 17:14:23
c04e63,CRN411,Canada,49.1819,-123.1661,,0.0,146.25,True,2026-03-11 17:14:23
ac3ac9,SWA3691,United States,41.1878,-90.6802,12192.0,177.55,237.78,False,2026-03-11 17:14:23
a672d6,N5141R,United States,28.3474,-80.7029,60.96,33.03,142.59,False,2026-03-11 17:14:23
aced1c,PDT5842,United States,37.8519,-82.2156,10058.4,244.08,94.47,False,2026-03-11 17:14:23
abe77a,SWA2720,United States,39.3942,-82.3419,3093.72,130.01,242.42,False,2026-03-11 17:14:23
a7d085,SKW5433,United States,35.3833,-119.2,10668.0,234.68,128.5,False,2026-03-11 17:14:23
abba43,DAL864,United States,42.3649,-83.2872,1036.32,94.66,180.31,False,2026-03-11 17:14:23
a73e17,N566KB,United States,37.4004,-103.7655,9555.48,190.7,316.75,False,2026-03-11 17:14:23
a6b096,N530BR,United States,36.0845,-112.229,7924.8,125.68,331.65,False,2026-03-11 17:14:23
a1e709,N221ZT,United States,28.0423,-82.2343,182.88,38.67,303.06,False,2026-03-11 17:14:23
a027ca,SKW5687,United States,41.8401,-88.1223,3398.52,193.0,66.1,False,2026-03-11 17:14:23
ac41ab,SWA2318,United States,37.6317,-119.3375,11582.4,202.93,274.94,False,2026-03-11 17:14:23
a79ea8,DAL1134,United States,31.0389,-83.4233,10668.0,253.3,161.9,False,2026-03-11 17:14:23
a5c8ac,JJ72,United States,30.7955,-88.1928,1181.1,55.34,290.12,False,2026-03-11 17:14:23
a87808,N645CH,United States,28.9438,-80.9092,266.7,66.04,62.64,False,2026-03-11 17:14:23
aa6fca,SWA754,United States,42.9366,-78.7303,,0.0,132.19,True,2026-03-11 17:14:23
ac078b,SWA116,United States,39.5772,-104.7689,3268.98,126.14,16.59,False,2026-03-11 17:14:23
ac3adf,SWA3015,United States,33.8186,-118.1461,,0.0,90.0,True,2026-03-11 17:14:23
a4959a,ATN3321,United States,36.3488,-83.8177,9029.7,242.49,7.8,False,2026-03-11 17:14:23
a948a2,PDT5896,United States,40.3492,-75.4098,2522.22,122.95,179.76,False,2026-03-11 17:14:23
adbdc9,DAL1063,United States,40.4457,-87.8685,8930.64,192.97,178.63,False,2026-03-11 17:14:23
a708b0,AAL1722,United States,29.5108,-82.0995,6377.94,214.06,170.18,False,2026-03-11 17:14:23
ace108,EJA929,United States,36.0671,-77.49,13106.4,191.63,218.13,False,2026-03-11 17:14:23
a3be67,N340MF,United States,38.8581,-120.4303,3817.62,101.46,21.1,False,2026-03-11 17:14:23
aecaa3,BGST331,United States,26.744,-98.7506,2141.22,113.77,141.06,False,2026-03-11 17:14:23
a50549,RPA4371,United States,40.7806,-73.8783,,0.77,354.38,True,2026-03-11 17:14:23
a18403,AAL2476,United States,34.1545,-110.0387,8557.26,251.43,68.26,False,2026-03-11 17:14:23
a828c9,N62494,United States,36.0059,-79.6041,2514.6,78.2,0.38,False,2026-03-11 17:14:23
ac9d8a,N91158,United States,31.6273,-84.2406,259.08,61.63,52.46,False,2026-03-11 17:14:23
abe79d,SWA3311,United States,34.058,-117.5939,,14.92,90.0,True,2026-03-11 17:14:23
a54bab,SWA843,United States,35.9308,-115.2271,3002.28,158.5,138.29,False,2026-03-11 17:14:23
ad0d86,DAL2542,United States,32.4553,-87.0526,9753.6,218.3,213.95,False,2026-03-11 17:14:23
a4f871,STRSHP1,United States,26.5361,-82.6499,7010.4,171.6,120.64,False,2026-03-11 17:14:23
ac41ce,SWA1782,United States,31.1234,-100.9494,9456.42,244.59,99.44,False,2026-03-11 17:14:23
a4d200,N41CG,United States,34.0983,-103.4276,11879.58,217.82,52.97,False,2026-03-11 17:14:23
a3d87c,N347NA,United States,29.1337,-81.562,9525.0,233.21,346.61,False,2026-03-11 17:14:23
a59b34,N460SJ,United States,41.9572,-87.6494,1417.32,109.06,270.0,False,2026-03-11 17:14:23
a3be73,N340MT,United States,28.7704,-81.2077,45.72,39.67,87.03,False,2026-03-11 17:14:23
a3627d,ENY3911,United States,32.3699,-100.0022,7924.8,251.71,242.75,False,2026-03-11 17:14:23
a4e538,,United States,32.8858,-80.0263,281.94,79.19,124.41,False,2026-03-11 17:14:23
a55ef3,UAL1502,United States,42.0021,-87.5125,1264.92,86.94,270.0,False,2026-03-11 17:14:23
a6384c,N50HF,United States,26.606,-81.824,259.08,52.39,44.2,False,2026-03-11 17:14:23
ac8a66,AAL1528,United States,26.2239,-81.748,6972.3,217.27,119.66,False,2026-03-11 17:14:23
a708bf,VOI7710,United States,31.7005,-114.1745,11582.4,211.66,307.59,False,2026-03-11 17:14:23
a9238a,UAL2120,United States,40.5795,-74.6275,1836.42,153.86,11.57,False,2026-03-11 17:14:23
a3be6a,N340MJ,United States,35.024,-114.0324,7620.0,122.03,84.19,False,2026-03-11 17:14:23
a36272,N317SR,United States,26.566,-79.8358,2179.32,72.15,102.35,False,2026-03-11 17:14:23
abba5f,ERU855,United States,29.3129,-81.1159,68.58,28.85,168.69,False,2026-03-11 17:14:23
a06408,N124RC,United States,33.6341,-83.102,1005.84,30.59,222.27,False,2026-03-11 17:14:23
acda2c,SWA2067,United States,30.817,-98.9033,7231.38,225.8,101.57,False,2026-03-11 17:14:23
a6252d,N4951G,United States,27.7365,-80.7398,563.88,48.0,197.46,False,2026-03-11 17:14:23
a36279,SKW3989,United States,44.772,-93.3706,2316.48,158.13,155.19,False,2026-03-11 17:14:23
a802fa,N615T,United States,38.4476,-115.4483,13106.4,217.27,260.87,False,2026-03-11 17:14:23
adbe91,JBU957,United States,36.0258,-103.8453,10355.58,215.26,263.83,False,2026-03-11 17:14:23
a16a20,AMF6601,United States,41.56,-70.2361,594.36,85.04,146.6,False,2026-03-11 17:14:23
a4470e,ASA829,United States,45.4159,-98.3662,11582.4,219.77,268.26,False,2026-03-11 17:14:23
a24dc1,ASA24,United States,37.7244,-105.5752,10675.62,254.63,70.65,False,2026-03-11 17:14:23
ac4279,SWA684,United States,35.6444,-112.5182,11277.6,249.14,61.11,False,2026-03-11 17:14:23
a8658c,N640DF,United States,43.9476,-91.9704,4968.24,91.73,203.11,False,2026-03-11 17:14:23
a32746,EJM302,United States,41.4041,-86.8894,12496.8,244.88,143.37,False,2026-03-11 17:14:23
a04a49,,United States,38.8572,-77.0397,,7.2,354.38,True,2026-03-11 17:14:23
a7326b,N563DS,United States,35.8911,-77.9427,1493.52,81.54,42.95,False,2026-03-11 17:14:23
a3bda6,DAL1190,United States,28.3927,-82.4058,10660.38,243.44,166.43,False,2026-03-11 17:14:23
a06461,AAL1985,United States,35.7823,-84.9323,9144.0,212.49,284.44,False,2026-03-11 17:14:23
ae2be1,RDHK731,United States,37.0266,-76.5947,281.94,51.41,247.03,False,2026-03-11 17:14:23
a32734,ERU302,United States,29.2313,-81.2987,929.64,67.35,325.58,False,2026-03-11 17:14:23
acf2e4,EDV5175,United States,44.5299,-91.0427,9174.48,193.55,292.34,False,2026-03-11 17:14:23
a014c9,AAL76,United States,48.1008,-94.7541,10355.58,206.99,265.3,False,2026-03-11 17:14:23
adab81,N980DT,United States,49.0091,-108.8832,13716.0,193.63,304.28,False,2026-03-11 17:14:23
a0ad24,UAL2853,United States,39.4751,-104.7998,3375.66,121.69,15.45,False,2026-03-11 17:14:23
a04a0a,N118BF,United States,40.1588,-111.6884,1447.8,35.38,310.87,False,2026-03-11 17:14:23
a16a02,AAL3131,United States,32.8937,-113.1388,10355.58,218.37,260.78,False,2026-03-11 17:14:23
a8c88f,UAL123,United States,47.1158,-68.3748,9144.0,215.35,225.19,False,2026-03-11 17:14:23
a7e2ff,N607TX,United States,35.6334,-97.6304,2255.52,108.8,14.23,False,2026-03-11 17:14:23
a54d0a,OXF1296,United States,32.9981,-111.9081,381.0,36.83,245.22,False,2026-03-11 17:14:23
a00df8,N102UV,United States,37.1827,-79.5773,1242.06,40.51,310.36,False,2026-03-11 17:14:23
a3bdbe,N340EM,United States,35.0588,-106.5339,2011.68,112.96,159.75,False,2026-03-11 17:14:23
0d04fd,TAA430,Mexico,35.1283,-87.9935,4236.72,112.15,236.6,False,2026-03-11 17:14:23
ac429b,SWA639,United States,36.3001,-103.9433,11582.4,211.89,259.51,False,2026-03-11 17:14:23
a0ad1d,UAL2294,United States,42.9225,-97.1573,10668.0,268.13,97.28,False,2026-03-11 17:14:23
a7456c,JBU2879,United States,27.0869,-80.7092,10363.2,243.93,203.75,False,2026-03-11 17:14:23
a2da28,N283LP,United States,29.0419,-81.0166,472.44,58.26,60.95,False,2026-03-11 17:14:23
a85e6e,WIS300,United States,42.5957,-88.3284,1280.16,78.12,353.95,False,2026-03-11 17:14:23
a05162,N12AJ,United States,26.6819,-80.0758,312.42,75.15,91.96,False,2026-03-11 17:14:23
a35aae,AAL2456,United States,36.1755,-80.5582,10972.8,203.94,217.62,False,2026-03-11 17:14:23
a60b77,EJA489,United States,29.5717,-95.2335,4282.44,205.92,79.06,False,2026-03-11 17:14:23
a802c0,EJA615,United States,34.3009,-101.0004,12496.8,230.66,87.7,False,2026-03-11 17:14:23
a28a53,MXY869,United States,28.5019,-81.0066,10058.4,214.8,340.26,False,2026-03-11 17:14:23
a2b7f5,UAL2375,United States,43.9767,-116.7824,10668.0,289.41,108.66,False,2026-03-11 17:14:23
a73e80,GRB931,United States,34.8266,-106.9225,13106.4,219.58,263.41,False,2026-03-11 17:14:23
a9854e,AAL1842,United States,31.5274,-87.7877,11887.2,261.76,54.84,False,2026-03-11 17:14:23
a1cd4e,ENY3614,United States,36.8666,-96.9845,7871.46,213.51,0.69,False,2026-03-11 17:14:23
ab9737,N846MA,United States,30.5658,-85.502,3406.14,97.34,32.26,False,2026-03-11 17:14:23
ab7d21,N8397L,United States,40.7756,-112.9796,2446.02,46.72,241.74,False,2026-03-11 17:14:23
a28a2c,ASA306,United States,47.3251,-114.106,9456.42,284.02,85.01,False,2026-03-11 17:14:23
a0faf3,AAL1326,United States,36.3897,-96.0376,9441.18,261.74,83.0,False,2026-03-11 17:14:23
c053c8,ASP609,Canada,27.4111,-84.3233,12832.08,219.94,101.47,False,2026-03-11 17:14:23
a7f5d0,N6117P,United States,42.4079,-123.437,1371.6,61.14,231.49,False,2026-03-11 17:14:23
a9e868,N7377Q,United States,25.8185,-81.5991,701.04,49.47,106.93,False,2026-03-11 17:14:23
a1ba37,N210HF,United States,40.8218,-73.0696,213.36,32.14,219.81,False,2026-03-11 17:14:23
a17150,,United States,31.4035,-84.8866,30.48,44.09,228.31,False,2026-03-11 17:14:23
a35ab8,EDV4921,United States,29.6491,-98.4474,7360.92,176.18,209.18,False,2026-03-11 17:14:23
a4473b,N375JW,United States,36.7917,-85.9072,2712.72,113.01,56.89,False,2026-03-11 17:14:23
a11ad4,SKW3440,United States,33.7906,-117.8527,685.8,67.75,103.61,False,2026-03-11 17:14:23
ad270d,N9469H,United States,33.1637,-96.567,472.44,37.04,179.2,False,2026-03-11 17:14:23
c1e9e8,ES247,Canada,51.1313,-114.0121,,0.06,16.88,True,2026-03-11 17:14:23
a8c855,N665RT,United States,27.3051,-80.2529,640.08,67.03,342.12,False,2026-03-11 17:14:23
a8ae2e,PDT6072,United States,34.0853,-83.297,9753.6,189.23,235.19,False,2026-03-11 17:14:23
a1d433,ASA867,United States,39.3758,-120.5574,9761.22,211.35,245.56,False,2026-03-11 17:14:23
adb29c,ASA183,United States,36.1973,-118.8902,10972.8,225.29,349.07,False,2026-03-11 17:14:23
a23ab8,CXK596,United States,30.476,-91.3047,1203.96,59.0,312.17,False,2026-03-11 17:14:23
a59b9c,SWA1368,United States,34.1676,-100.0493,9448.8,241.56,102.17,False,2026-03-11 17:14:23
a7e2d1,N607SA,United States,33.0347,-97.369,1371.6,72.93,196.39,False,2026-03-11 17:14:23
a387f0,JBU922,United States,40.074,-74.2047,11277.6,230.0,35.72,False,2026-03-11 17:14:23
a96b0b,KAP763,United States,43.0126,-70.8765,1767.84,57.93,199.72,False,2026-03-11 17:14:23
a1cd55,AAY728,United States,39.2395,-105.3743,10668.0,244.12,48.25,False,2026-03-11 17:14:23
a98539,DAL392,United States,35.4707,-108.892,11277.6,247.59,78.74,False,2026-03-11 17:14:23
c1e9e2,ES241,Canada,51.1355,-114.0252,,1.03,180.0,True,2026-03-11 17:14:23
a8ae3d,VAR659,United States,33.3795,-113.1566,556.26,54.07,68.81,False,2026-03-11 17:14:23
a8ae3e,AAL2187,United States,29.9893,-97.4602,10972.8,207.86,180.85,False,2026-03-11 17:14:23
ac54a4,ERU894,United States,29.3605,-81.3699,845.82,56.08,67.91,False,2026-03-11 17:14:23
a7dbcd,NEW605,United States,39.9738,-74.2887,5867.4,191.19,207.05,False,2026-03-11 17:14:23
a17d89,COL1953,United States,39.7292,-88.7463,10363.2,243.79,347.69,False,2026-03-11 17:14:23
a7e2af,EJA607,United States,42.9582,-87.8987,,0.0,272.81,True,2026-03-11 17:14:23
a3d7a7,DAL1100,United States,33.6375,-84.4403,,2.06,47.81,True,2026-03-11 17:14:23
a254d8,UAL79,United States,40.6999,-74.1794,,1.29,120.94,True,2026-03-11 17:14:23
c1e9f1,EL18,Canada,51.1133,-114.0295,,9.26,354.38,True,2026-03-11 17:14:23
aa01b3,ENY3410,United States,42.0029,-87.8913,297.18,63.79,269.54,False,2026-03-11 17:14:23
aa01b5,N744DD,United States,39.2828,-74.5124,4549.14,104.45,38.0,False,2026-03-11 17:14:23
a54d73,OXF2477,United States,33.1867,-111.4296,975.36,51.49,338.3,False,2026-03-11 17:14:23
a6d74d,N54TS,United States,40.8477,-73.4167,449.58,34.47,179.14,False,2026-03-11 17:14:23
c1e9ac,,Canada,51.0969,-114.0316,,6.17,8.44,True,2026-03-11 17:14:23
abe5a2,FDX3806,United States,47.5634,-101.1299,11582.4,225.39,260.41,False,2026-03-11 17:14:23
a0519f,N12CV,United States,45.0518,-122.8976,10660.38,188.44,173.57,False,2026-03-11 17:14:23
a2da60,AAY1286,United States,37.4154,-87.3418,10370.82,223.17,327.04,False,2026-03-11 17:14:23
a30167,N293J,United States,32.821,-116.9358,495.3,30.88,280.56,False,2026-03-11 17:14:23
c1e9d3,ES246,Canada,51.1332,-114.0129,,1.03,239.06,True,2026-03-11 17:14:23
a744b3,ASA544,United States,45.5878,-122.6016,,10.29,98.44,True,2026-03-11 17:14:23
a77a04,N581EA,United States,32.5015,-101.0368,6096.0,131.19,262.79,False,2026-03-11 17:14:23
a3fa60,N35543,United States,32.285,-96.8654,1341.12,42.69,167.47,False,2026-03-11 17:14:23
a2da59,ENY3928,United States,32.1406,-100.508,7924.8,233.62,241.74,False,2026-03-11 17:14:23
a68786,N52KR,United States,35.9098,-83.8763,1005.84,65.84,225.32,False,2026-03-11 17:14:23
a997cc,DAL329,United States,34.8676,-104.0468,10972.8,223.07,258.56,False,2026-03-11 17:14:23
a47ad2,UPS2957,United States,37.6876,-96.915,10218.42,261.58,95.64,False,2026-03-11 17:14:23
a5413a,EJM8,United States,38.1289,-120.1946,10896.6,252.25,79.42,False,2026-03-11 17:14:23
ac3b0f,SWA194,United States,34.0474,-110.4771,9555.48,237.17,66.88,False,2026-03-11 17:14:23
a67452,DAL367,United States,41.885,-103.497,10668.0,257.28,58.41,False,2026-03-11 17:14:23
a12f07,UAL686,United States,36.0879,-107.0288,10058.4,263.55,121.67,False,2026-03-11 17:14:23
a4477a,N375MJ,United States,25.5099,-80.5974,1600.2,70.64,207.31,False,2026-03-11 17:14:23
a12f09,UAL8125,United States,39.1571,-93.2897,10363.2,185.64,227.02,False,2026-03-11 17:14:23
c066dd,ACA551,Canada,49.1203,-123.3242,1120.14,134.18,298.14,False,2026-03-11 17:14:23
ab1b3e,UAL1414,United States,40.2187,-87.4274,10058.4,203.17,174.33,False,2026-03-11 17:14:23
c1e9a6,ST36,Canada,51.1348,-114.0236,,5.92,233.44,True,2026-03-11 17:14:23
c0197e,JZA63,Canada,49.1944,-123.1828,,2.06,50.62,True,2026-03-11 17:14:23
c0064c,JZA460,Canada,40.7742,-73.8674,,0.19,300.94,True,2026-03-11 17:14:23
a04a8d,N118GM,United States,41.8088,-111.8474,1447.8,39.15,3.01,False,2026-03-11 17:14:23
a23af9,CXK594,United States,39.5942,-104.8718,1935.48,41.16,180.0,False,2026-03-11 17:14:23
ac5544,N894MA,United States,28.2723,-81.4621,548.64,48.64,293.04,False,2026-03-11 17:14:23
c053c6,GLR2768,Canada,53.8999,-122.6709,731.52,57.85,170.79,False,2026-03-11 17:14:23
a78d73,DAL1208,United States,33.7224,-84.5155,10668.0,254.59,144.13,False,2026-03-11 17:14:23
ae58e6,BRCAT15,United States,32.812,-104.263,3741.42,129.13,236.37,False,2026-03-11 17:14:23
c066f4,ACA2410,Canada,41.9806,-87.9078,,2.57,8.44,True,2026-03-11 17:14:23
a5b785,N468C,United States,32.7107,-80.2762,3413.76,76.86,25.36,False,2026-03-11 17:14:23
ac18fe,AAL2845,United States,32.8971,-97.0457,,0.0,90.0,True,2026-03-11 17:14:23
a7942b,N588FP,United States,33.6447,-84.3728,1767.84,131.73,181.34,False,2026-03-11 17:14:23
aab2c5,N789JH,United States,40.1474,-103.6104,2156.46,108.3,123.77,False,2026-03-11 17:14:23
c1e9b9,WLD32,Canada,51.1246,-113.9876,,6.94,345.94,True,2026-03-11 17:14:23
c0196c,ROU1634,Canada,28.4229,-81.2944,,0.13,270.0,True,2026-03-11 17:14:23
abf8ff,SWA2562,United States,35.1342,-108.2498,10668.0,249.76,77.51,False,2026-03-11 17:14:23
a65a4d,N5082G,United States,33.9803,-83.9661,,2.31,284.06,True,2026-03-11 17:14:23
c053b4,ASP655,Canada,34.1916,-116.0681,6667.5,165.16,45.76,False,2026-03-11 17:14:23
a17170,AAL3063,United States,33.5717,-77.7602,9448.8,233.63,15.32,False,2026-03-11 17:14:23
a1ba59,RPA5828,United States,38.0472,-76.9608,8839.2,245.61,94.44,False,2026-03-11 17:14:23
c066e2,CGMYZ,Canada,51.3027,-114.476,1844.04,75.63,179.61,False,2026-03-11 17:14:23
a494c5,UAL2374,United States,34.9602,-118.7908,10668.0,243.58,129.95,False,2026-03-11 17:14:23
abd2a9,VTE3052,United States,40.9331,-88.1748,8534.4,156.52,192.53,False,2026-03-11 17:14:23
ab2e8a,N82AH,United States,33.7543,-84.3668,571.5,63.47,73.03,False,2026-03-11 17:14:23
ac4e85,UAL1107,United States,33.7211,-103.1815,10058.4,263.97,132.55,False,2026-03-11 17:14:23
a2b919,ASA704,United States,42.9207,-120.553,10660.38,256.06,165.1,False,2026-03-11 17:14:23
aa5d23,SKW4781,United States,41.3256,-82.2015,10972.8,192.93,270.61,False,2026-03-11 17:14:23
a339b4,DAL2711,United States,33.9788,-83.2421,7292.34,255.6,57.49,False,2026-03-11 17:14:23
adc531,AAL2516,United States,29.0937,-82.6476,7117.08,245.22,352.89,False,2026-03-11 17:14:23
a9d59a,UAL1505,United States,47.3299,-122.2684,1615.44,139.51,103.22,False,2026-03-11 17:14:23
a3d7dc,FFT1829,United States,37.6023,-102.9699,9753.6,214.58,251.7,False,2026-03-11 17:14:23
ae58ea,BB245,United States,31.5386,-86.4462,2270.76,130.24,51.09,False,2026-03-11 17:14:23
a517dc,RPA4418,United States,37.9373,-79.2172,10363.2,216.65,237.71,False,2026-03-11 17:14:23
a1360a,N17732,United States,31.2719,-85.8205,2987.04,100.91,349.72,False,2026-03-11 17:14:23
ac4237,SWA676,United States,31.7829,-106.1223,10972.8,213.98,283.77,False,2026-03-11 17:14:23
ac5569,AAL2007,United States,30.3711,-87.1423,1424.94,134.2,120.4,False,2026-03-11 17:14:23
a757ae,AAL2366,United States,35.4035,-101.8015,9768.84,216.48,266.46,False,2026-03-11 17:14:23
a31fa0,SFY203,United States,27.3364,-80.8077,883.92,50.72,220.48,False,2026-03-11 17:14:23
abdeec,,United States,41.9653,-87.8882,,10.8,39.38,True,2026-03-11 17:14:23
c05fa9,KFA579,Canada,51.1336,-120.8135,5440.68,99.42,340.35,False,2026-03-11 17:14:23
ac3b51,SWA3992,United States,31.0014,-84.4379,9448.8,248.24,153.54,False,2026-03-11 17:14:23
ad8895,AAL2353,United States,33.2036,-111.9532,3825.24,189.05,107.74,False,2026-03-11 17:14:23
c079a6,TSC253,Canada,46.7909,-65.2114,11582.4,175.93,274.36,False,2026-03-11 17:14:23
adc527,N987AB,United States,37.7724,-122.3584,3078.48,104.22,333.94,False,2026-03-11 17:14:23
a4f7cb,RPA4776,United States,38.8957,-74.7075,5615.94,196.53,270.75,False,2026-03-11 17:14:23
a3b1a0,UPS5196,United States,37.7526,-83.8309,10980.42,212.49,249.15,False,2026-03-11 17:14:23
a18fbd,N20AU,United States,34.4013,-86.0443,7620.0,221.11,163.93,False,2026-03-11 17:14:23
a219d4,N23407,United States,34.1269,-84.917,731.52,61.58,96.23,False,2026-03-11 17:14:23
a05cc7,SKW5484,United States,32.8353,-87.3243,10363.2,191.1,202.98,False,2026-03-11 17:14:23
ae58f7,TEXN258,United States,30.2964,-89.3511,853.44,94.14,0.0,False,2026-03-11 17:14:23
a481ec,N39RE,United States,39.8712,-86.2522,2026.92,131.32,45.16,False,2026-03-11 17:14:23
ae58f4,RN255,United States,30.7817,-87.0833,579.12,111.15,146.9,False,2026-03-11 17:14:23
a076a8,N129RR,United States,33.6546,-112.4266,1280.16,55.56,269.47,False,2026-03-11 17:14:23
ac3b78,SWA669,United States,41.5476,-79.7897,8191.5,241.02,21.8,False,2026-03-11 17:14:23
a6d734,N54SS,United States,32.7512,-82.7027,1165.86,57.21,232.31,False,2026-03-11 17:14:23
acb88c,EPI508,United States,28.8064,-80.863,998.22,58.59,343.16,False,2026-03-11 17:14:23
a1c17e,N212FS,United States,38.957,-120.9744,1821.18,76.45,143.21,False,2026-03-11 17:14:23
a7dd01,N6056E,United States,36.0022,-78.311,2255.52,81.01,28.03,False,2026-03-11 17:14:23
c079d5,WJA2200,Canada,35.8265,-102.4427,11269.98,267.33,162.65,False,2026-03-11 17:14:23
aa7718,SWA4078,United States,39.1844,-90.9177,12192.0,180.5,226.62,False,2026-03-11 17:14:23
ad6e97,N9649B,United States,37.8427,-78.722,1828.8,47.32,191.92,False,2026-03-11 17:14:23
adab31,AAL2282,United States,34.5068,-96.0664,9052.56,277.25,34.34,False,2026-03-11 17:14:23
adab38,TAI324,United States,27.3535,-90.0003,10355.58,236.97,357.01,False,2026-03-11 17:14:23
a61dbb,N4931C,United States,37.1924,-113.5275,3055.62,70.96,240.46,False,2026-03-11 17:14:23
a54d4e,OXF1791,United States,33.6763,-111.6751,632.46,50.49,188.79,False,2026-03-11 17:14:23
a29184,KAPT787,United States,41.2354,-70.567,731.52,84.47,42.53,False,2026-03-11 17:14:23
a0161a,N1041Q,United States,33.0013,-111.9266,1584.96,58.13,172.37,False,2026-03-11 17:14:23
a5410a,N438CB,United States,33.9906,-117.6506,487.68,58.66,88.99,False,2026-03-11 17:14:23
a4f7ec,N4190E,United States,34.4099,-112.2804,2956.56,65.36,334.85,False,2026-03-11 17:14:23
ad12e0,SWA755,United States,31.2423,-83.0511,10668.0,252.65,154.43,False,2026-03-11 17:14:23
a06fd7,N127XY,United States,40.8895,-111.8816,1554.48,71.31,174.62,False,2026-03-11 17:14:23
acb892,SKW4674,United States,41.6724,-104.023,8618.22,205.16,17.66,False,2026-03-11 17:14:23
abd2e6,DAL931,United States,32.631,-85.3384,10363.2,221.04,324.09,False,2026-03-11 17:14:23
a1492e,N182MA,United States,30.2155,-82.0151,685.8,54.21,46.15,False,2026-03-11 17:14:23
a9d599,N73250,United States,32.8571,-83.5668,426.72,35.59,184.14,False,2026-03-11 17:14:23
a4213f,N3650H,United States,30.3491,-97.9664,1036.32,83.69,20.89,False,2026-03-11 17:14:23
a54d5f,N4403A,United States,41.1165,-112.1382,3200.4,102.46,182.3,False,2026-03-11 17:14:23
a0299e,AXEL10,United States,35.9843,-85.469,12153.9,268.29,77.94,False,2026-03-11 17:14:23
a12f6d,UAL503,United States,43.5869,-79.3165,8534.4,207.97,260.75,False,2026-03-11 17:14:23
a24317,N245FH,United States,40.7716,-111.9621,1150.62,67.91,0.43,False,2026-03-11 17:14:23
a0acbb,UAL594,United States,35.0877,-82.081,11277.6,229.56,4.24,False,2026-03-11 17:14:23
a9c1c8,N728FG,United States,40.4802,-75.1135,1249.68,39.22,274.51,False,2026-03-11 17:14:23
a6b174,N530LN,United States,38.1209,-85.5649,403.86,55.66,188.5,False,2026-03-11 17:14:23
a0fc32,N1625Q,United States,36.0818,-83.8125,1028.7,25.29,265.33,False,2026-03-11 17:14:23
a00353,N10KY,United States,34.2878,-117.8237,2621.28,64.41,328.72,False,2026-03-11 17:14:23
a9d4da,N7320J,United States,34.141,-117.4166,975.36,42.03,68.46,False,2026-03-11 17:14:23
a66193,,United States,27.9306,-81.6028,556.26,51.8,304.48,False,2026-03-11 17:14:23
a851f6,SKW5851,United States,39.0896,-108.6345,11087.1,172.06,256.34,False,2026-03-11 17:14:23
a3c60d,AAL611,United States,32.2613,-78.3392,10972.8,248.43,169.62,False,2026-03-11 17:14:23
a699a1,AAL2808,United States,29.7769,-94.3869,10058.4,279.33,64.24,False,2026-03-11 17:14:23
a29cbf,ASA627,United States,36.0847,-115.1406,,3.34,5.62,True,2026-03-11 17:14:23
a6aa80,N529BK,United States,42.0856,-72.1896,1196.34,91.69,39.76,False,2026-03-11 17:14:23
a2b93a,JTL275,United States,32.724,-96.0313,7353.3,196.29,110.24,False,2026-03-11 17:14:23
a12f7e,ASI176,United States,33.6885,-112.0716,449.58,45.05,83.44,False,2026-03-11 17:14:23
a339e0,FFT3231,United States,41.2393,-93.4725,9738.36,191.19,259.14,False,2026-03-11 17:14:23
abc292,AAL1035,United States,32.8773,-97.2897,3726.18,152.33,178.45,False,2026-03-11 17:14:23
a01697,N1045,United States,26.4739,-81.9762,556.26,56.33,350.54,False,2026-03-11 17:14:23
a6391c,N50RP,United States,35.757,-80.9547,274.32,12.37,16.93,False,2026-03-11 17:14:23
ab1d05,FFL938,United States,38.5681,-118.1609,11277.6,212.79,93.19,False,2026-03-11 17:14:23
86d660,ANA179,Japan,36.6267,-121.2919,11582.4,226.63,297.15,False,2026-03-11 17:14:23
a24f66,TRF60,United States,33.932,-96.9852,784.86,68.02,12.67,False,2026-03-11 17:14:23
a709ae,BPX251,United States,29.2177,-81.2157,518.16,48.37,293.84,False,2026-03-11 17:14:23
a4cc00,SKW3300,United States,32.9096,-113.0202,10668.0,242.31,80.84,False,2026-03-11 17:14:23
a8fd5a,SKW3734,United States,36.7698,-81.3448,10972.8,236.53,347.57,False,2026-03-11 17:14:23
a196c8,SWA1094,United States,40.4634,-79.8781,1272.54,112.26,342.4,False,2026-03-11 17:14:23
a12f52,UAL1192,United States,28.9769,-90.1309,10058.4,258.71,107.35,False,2026-03-11 17:14:23
a29ca9,N2679Z,United States,40.15,-75.2435,182.88,40.97,234.71,False,2026-03-11 17:14:23
a96ae3,ASA18,United States,45.8249,-98.3467,10668.0,271.06,99.28,False,2026-03-11 17:14:23
a18fce,PRE20,United States,33.9411,-118.3452,121.92,73.0,263.53,False,2026-03-11 17:14:23
a87907,JIA5216,United States,36.7395,-78.5592,7612.38,173.47,36.8,False,2026-03-11 17:14:23
ac5700,SWA3430,United States,36.0333,-84.2948,11277.6,231.02,181.02,False,2026-03-11 17:14:23
ac929c,SWA1220,United States,30.7457,-97.4007,4831.08,132.76,205.97,False,2026-03-11 17:14:23
a4df1c,PFA254,United States,27.637,-80.4227,251.46,61.49,279.15,False,2026-03-11 17:14:23
a37616,DAL901,United States,36.569,-96.7306,9456.42,257.59,84.04,False,2026-03-11 17:14:23
a1e6b9,SWA1672,United States,36.9376,-121.6167,2766.06,135.84,341.22,False,2026-03-11 17:14:23
a829a0,N625JH,United States,35.9239,-114.8239,822.96,37.33,7.13,False,2026-03-11 17:14:23
a60c09,SWA2307,United States,33.4273,-118.0901,8542.02,175.41,320.47,False,2026-03-11 17:14:23
a87904,NKS2186,United States,40.5907,-74.4639,2865.12,131.25,268.2,False,2026-03-11 17:14:23
a2b91b,N275AM,United States,39.3592,-104.6793,2499.36,52.22,161.03,False,2026-03-11 17:14:23
a0acaf,N1421X,United States,32.7688,-117.2312,1767.84,81.62,329.72,False,2026-03-11 17:14:23
ac07b8,SWA2997,United States,39.2411,-103.5426,7338.06,188.16,290.32,False,2026-03-11 17:14:23
aafd11,MNL45,United States,36.4518,-120.9786,4754.88,120.5,317.25,False,2026-03-11 17:14:23
adabfe,JBU287,United States,36.2462,-114.008,10363.2,214.27,234.48,False,2026-03-11 17:14:23
ab1d28,AAL2630,United States,33.0065,-98.0892,7421.88,204.36,290.94,False,2026-03-11 17:14:23
a91d8e,DAL625,United States,27.8306,-92.8967,10972.8,206.02,211.63,False,2026-03-11 17:14:23
a0acb6,UAL2285,United States,39.3241,-119.3013,10058.4,237.74,34.69,False,2026-03-11 17:14:23
a13650,UAL661,United States,34.8939,-113.5694,11277.6,248.04,62.58,False,2026-03-11 17:14:23
a2b98d,N275FA,United States,40.6694,-75.3372,670.56,51.54,297.33,False,2026-03-11 17:14:23
a984d1,JIA5023,United States,44.7691,-69.4129,2522.22,151.66,52.86,False,2026-03-11 17:14:23
a1ccec,RPA5686,United States,40.447,-74.4696,3032.76,168.91,70.24,False,2026-03-11 17:14:23
a0acff,UAL2048,United States,38.7267,-108.9222,10363.2,198.32,243.5,False,2026-03-11 17:14:23
a9d4b5,RPA3450,United States,42.9508,-87.9023,,0.0,135.0,True,2026-03-11 17:14:23
a9110e,N6832V,United States,35.1214,-106.8174,1859.28,49.41,128.66,False,2026-03-11 17:14:23
a48f5d,EJA393,United States,41.15,-82.1641,10005.06,194.4,163.87,False,2026-03-11 17:14:23
a8fd3c,AAL2721,United States,32.3114,-102.4086,10363.2,230.1,264.23,False,2026-03-11 17:14:23
a23c5d,ENY3660,United States,33.4391,-111.9967,,7.2,90.0,True,2026-03-11 17:14:23
a48321,DAL530,United States,37.9531,-96.443,8534.4,203.88,283.72,False,2026-03-11 17:14:23
ab1d30,DAL57,United States,53.9543,-101.9246,11582.4,235.36,206.9,False,2026-03-11 17:14:23
ac5723,SWA3819,United States,36.6262,-113.7884,7033.26,212.51,250.34,False,2026-03-11 17:14:23
aaadb2,SWA1975,United States,37.8237,-77.0419,11277.6,233.45,28.71,False,2026-03-11 17:14:23
a36f7e,DAL646,United States,26.7516,-97.4038,10980.42,208.97,178.17,False,2026-03-11 17:14:23
a6b12a,N530HP,United States,33.8181,-117.5836,1828.8,94.78,292.67,False,2026-03-11 17:14:23
a73dfe,JBU22,United States,42.3658,-71.0139,,0.0,298.12,True,2026-03-11 17:14:23
ad7701,JBU919,United States,34.8834,-107.6036,9151.62,218.19,250.58,False,2026-03-11 17:14:23
a24369,RPA5835,United States,41.5903,-74.2165,7010.4,215.16,157.36,False,2026-03-11 17:14:23
a48315,DAL2419,United States,47.0219,-122.1473,4229.1,178.95,165.0,False,2026-03-11 17:14:23
a0f02a,N16JN,United States,38.4408,-97.2392,13563.6,196.73,262.34,False,2026-03-11 17:14:23
a25695,DRL25,United States,42.0991,-87.8934,327.66,59.47,329.89,False,2026-03-11 17:14:23
ab97e6,UAL359,United States,32.2376,-97.0504,10972.8,200.19,205.58,False,2026-03-11 17:14:23
a23030,MXY783,United States,31.2448,-78.717,10972.8,233.76,196.36,False,2026-03-11 17:14:23
c0301a,ASP686,Canada,30.1424,-77.4484,13716.0,161.12,348.58,False,2026-03-11 17:14:23
a2b983,N275ER,United States,38.3854,-84.017,14325.6,183.61,260.48,False,2026-03-11 17:14:23
a7f765,JIA5224,United States,32.8334,-89.5605,10668.0,269.85,49.02,False,2026-03-11 17:14:23
a3d90a,AAL3207,United States,38.0175,-106.2831,10980.42,195.51,270.75,False,2026-03-11 17:14:23
a5f1ca,UAL1089,United States,25.4069,-97.9411,10668.0,257.03,10.03,False,2026-03-11 17:14:23
aafd1f,DAL979,United States,35.9445,-115.2613,10675.62,257.53,58.98,False,2026-03-11 17:14:23
a37651,LXJ322,United States,39.3549,-75.9697,13716.0,257.57,49.37,False,2026-03-11 17:14:23
a0acdd,UAL1269,United States,41.0919,-93.0322,12192.0,185.91,255.58,False,2026-03-11 17:14:23
a1dffb,N22PP,United States,38.7771,-76.8762,243.84,27.82,199.44,False,2026-03-11 17:14:23
a183e3,N197TP,United States,31.406,-84.8832,45.72,40.98,231.12,False,2026-03-11 17:14:23
a48304,N390CJ,United States,38.9229,-84.4002,3162.3,146.13,64.79,False,2026-03-11 17:14:23
a23000,N240AA,United States,28.7246,-81.671,838.2,57.51,21.52,False,2026-03-11 17:14:23
ab0a26,N810JB,United States,32.4163,-82.5599,12199.62,231.47,154.18,False,2026-03-11 17:14:23
ab84c9,AAL3015,United States,40.8019,-73.7551,1143.0,141.79,31.5,False,2026-03-11 17:14:23
a6b14a,SIS53,United States,31.8686,-89.8359,10058.4,266.55,59.62,False,2026-03-11 17:14:23
ab1116,N812DA,United States,28.7749,-81.7364,266.7,46.11,305.46,False,2026-03-11 17:14:23
ad14a3,AAL3090,United States,38.6373,-77.8755,10972.8,217.18,225.48,False,2026-03-11 17:14:23
a326d8,N302AZ,United States,25.9928,-79.959,1760.22,149.71,307.46,False,2026-03-11 17:14:23
a6b140,N530JL,United States,36.1121,-115.1971,685.8,33.63,276.15,False,2026-03-11 17:14:23
a8fd2c,PDT5987,United States,37.9263,-87.7516,10972.8,199.48,317.09,False,2026-03-11 17:14:23
a446aa,DAL1811,United States,38.396,-90.3844,10668.0,205.94,170.66,False,2026-03-11 17:14:23
a1235b,UAL2188,United States,38.9415,-101.5083,10058.4,277.64,114.52,False,2026-03-11 17:14:23
a8fd49,N679BJ,United States,34.1535,-80.1659,2095.5,95.82,21.74,False,2026-03-11 17:14:23
a446b6,DAL2347,United States,26.2975,-79.3452,6088.38,213.41,39.52,False,2026-03-11 17:14:23
a8b4c6,FFT1080,United States,33.644,-84.4238,,0.0,0.0,True,2026-03-11 17:14:23
ad0db6,N940FS,United States,25.9239,-81.3269,1097.28,57.8,290.85,False,2026-03-11 17:14:23
a997ea,N717VA,United States,31.298,-81.7785,3992.88,96.92,322.77,False,2026-03-11 17:14:23
a1d3b4,MXY171,United States,32.2734,-81.9444,10972.8,225.19,187.48,False,2026-03-11 17:14:23
a851c3,QXE2448,United States,42.2098,-121.7336,10668.0,234.76,175.6,False,2026-03-11 17:14:23
a9e7c9,N73726,United States,29.8358,-97.8543,449.58,35.17,354.12,False,2026-03-11 17:14:23
a7e453,N6075M,United States,34.0471,-84.8353,1432.56,56.52,304.99,False,2026-03-11 17:14:23
a6c46f,EJA535,United States,40.2443,-76.8412,9753.6,209.09,252.68,False,2026-03-11 17:14:23
a0acf8,UAL2492,United States,37.3501,-117.7258,9448.8,240.66,84.97,False,2026-03-11 17:14:23
a0acf9,UAL2617,United States,32.7976,-89.0015,10972.8,193.31,242.07,False,2026-03-11 17:14:23
a05e02,UAL1949,United States,34.0616,-118.6733,2346.96,137.97,2.14,False,2026-03-11 17:14:23
a816ca,FFT2082,United States,26.8266,-77.2573,10668.0,248.28,123.16,False,2026-03-11 17:14:23
a5a3c1,N46221,United States,36.6227,-76.1074,853.44,22.17,273.99,False,2026-03-11 17:14:23
ab6b45,DAL1514,United States,37.8067,-72.1604,10668.0,244.74,186.15,False,2026-03-11 17:14:23
abd536,SWA1882,United States,41.1891,-81.6823,2209.8,174.61,31.63,False,2026-03-11 17:14:23
ad6ecb,DAL631,United States,33.6318,-84.3984,358.14,70.49,269.16,False,2026-03-11 17:14:23
a3c68c,UPS2941,United States,39.9804,-95.1081,11277.6,264.32,97.83,False,2026-03-11 17:14:23
a4df7d,N413CF,United States,32.7703,-96.7869,495.3,59.92,293.26,False,2026-03-11 17:14:23
a72c3b,EJM561,United States,38.2309,-113.2952,13723.62,261.12,95.77,False,2026-03-11 17:14:23
a66ce0,DAL510,United States,41.6147,-94.9051,10058.4,270.23,81.13,False,2026-03-11 17:14:23
a54cfb,OXF3571,United States,32.8741,-111.4711,1264.92,57.11,358.97,False,2026-03-11 17:14:23
a028aa,N1091M,United States,33.1325,-111.4135,1280.16,48.09,206.02,False,2026-03-11 17:14:23
a7f6aa,CBC612,United States,42.8534,-101.8887,11887.2,266.95,77.2,False,2026-03-11 17:14:23
aaa224,,United States,34.2114,-118.3588,,5.4,309.38,True,2026-03-11 17:14:23
a3ac7a,DAL792,United States,44.8277,-93.0957,769.62,83.99,300.96,False,2026-03-11 17:14:23
ad6ec6,AAL1979,United States,38.3154,-99.5786,9753.6,198.66,246.82,False,2026-03-11 17:14:23
a6d6be,N54MZ,United States,35.9937,-79.8645,1889.76,139.72,43.81,False,2026-03-11 17:14:23
a92fdc,EJA691,United States,36.0502,-95.0178,4320.54,167.21,280.1,False,2026-03-11 17:14:23
aac87b,SKW5369,United States,38.3479,-98.9017,8839.2,276.79,115.9,False,2026-03-11 17:14:23
ac8b2e,SWA1920,United States,32.5097,-111.4321,9982.2,248.22,133.15,False,2026-03-11 17:14:23
a420af,UPS2903,United States,37.734,-86.5012,4564.38,208.82,81.07,False,2026-03-11 17:14:23
aaae79,ENY3845,United States,39.091,-87.1691,10668.0,212.21,164.25,False,2026-03-11 17:14:23
a673cf,N5148V,United States,34.1656,-118.5549,868.68,52.66,255.28,False,2026-03-11 17:14:23
ab1bdd,PFA339,United States,27.767,-80.6634,693.42,47.4,115.73,False,2026-03-11 17:14:23
a923a9,UAL1799,United States,30.3738,-101.4497,8534.4,221.31,294.0,False,2026-03-11 17:14:23
a6399b,N50WR,United States,40.6723,-73.3306,769.62,35.83,129.17,False,2026-03-11 17:14:23
a7a956,JBU2983,United States,33.6617,-79.3146,11590.02,220.95,218.95,False,2026-03-11 17:14:23
aa4ac9,AAL2266,United States,40.6078,-96.4148,7292.34,211.98,197.95,False,2026-03-11 17:14:23
a6d6d8,N54P,United States,25.7733,-100.1088,,0.0,343.12,True,2026-03-11 17:14:23
abe872,SWA3272,United States,33.09,-111.5755,3200.4,140.53,337.85,False,2026-03-11 17:14:23
a8a309,PDT5994,United States,36.4702,-79.8945,8183.88,213.88,213.92,False,2026-03-11 17:14:23
a35048,SHERPA3,United States,33.1068,-112.2862,3048.0,63.96,85.85,False,2026-03-11 17:14:23
aa9a30,RPA3454,United States,42.9267,-86.8509,8557.26,255.93,87.47,False,2026-03-11 17:14:23
ab7e7c,N84LB,United States,36.3578,-79.7767,1402.08,44.86,176.05,False,2026-03-11 17:14:23
ac920a,EJA909,United States,41.1611,-71.5349,9906.0,184.28,233.51,False,2026-03-11 17:14:23
ab1bf9,ASA750,United States,45.5878,-122.5973,,2.31,300.94,True,2026-03-11 17:14:23
a0a0dd,N14FJ,United States,37.9341,-75.5408,7299.96,159.66,34.1,False,2026-03-11 17:14:23
aa64ca,AAL2830,United States,33.439,-112.019,,4.37,90.0,True,2026-03-11 17:14:23
a85f6f,N639CT,United States,29.866,-97.854,342.9,37.36,321.71,False,2026-03-11 17:14:23
abd559,SWA3415,United States,27.3072,-81.8428,5760.72,199.82,342.78,False,2026-03-11 17:14:23
aafbdf,AAL2759,United States,35.242,-95.1101,12039.6,286.59,54.94,False,2026-03-11 17:14:23
a7eff7,JIA5161,United States,34.0974,-81.803,7620.0,249.86,30.84,False,2026-03-11 17:14:23
aa5de7,N7670F,United States,34.2614,-119.0649,1554.48,48.24,82.65,False,2026-03-11 17:14:23
a540e3,AAL1472,United States,34.354,-107.0726,9151.62,224.83,273.94,False,2026-03-11 17:14:23
a2a686,ASA9803,United States,37.1571,-119.754,11277.6,238.98,159.46,False,2026-03-11 17:14:23
ac088e,SWA3080,United States,34.1562,-118.8433,10363.2,221.61,256.58,False,2026-03-11 17:14:23
ac9e77,DAL794,United States,37.9204,-109.3067,9753.6,206.49,245.41,False,2026-03-11 17:14:23
a12392,N1724U,United States,40.3753,-75.0711,388.62,49.48,314.16,False,2026-03-11 17:14:23
a2ecec,ENY3828,United States,37.9421,-92.8925,5364.48,213.24,31.08,False,2026-03-11 17:14:23
a60c79,N48900,United States,29.0751,-81.2698,91.44,36.16,230.19,False,2026-03-11 17:14:23
aaa247,SWA3140,United States,33.4037,-84.3507,11582.4,217.86,342.55,False,2026-03-11 17:14:23
ac55f3,UAL2606,United States,29.8204,-95.0409,3124.2,160.77,93.3,False,2026-03-11 17:14:23
c03019,ASP668,Canada,43.6762,-79.4678,2506.98,115.18,215.18,False,2026-03-11 17:14:23
a6b0a0,BYF6,United States,37.8577,-121.4662,152.4,32.38,315.64,False,2026-03-11 17:14:23
adc5b8,MTN8976,United States,41.9774,-72.0754,1821.18,65.87,226.58,False,2026-03-11 17:14:23
a5ec6c,CSQ481,United States,44.33,-69.2916,2735.58,142.18,26.19,False,2026-03-11 17:14:23
0c2061,CMP228,Panama,29.4394,-89.0473,10363.2,225.65,350.82,False,2026-03-11 17:14:23
a4c03c,405LP,United States,40.6879,-74.0976,205.74,45.89,307.26,False,2026-03-11 17:14:23
a48f85,N393SG,United States,36.7774,-111.8723,13716.0,220.41,49.54,False,2026-03-11 17:14:23
a446eb,FFT1809,United States,39.2193,-74.2487,9464.04,213.39,218.64,False,2026-03-11 17:14:23
a2ecf3,AAY1416,United States,35.516,-100.5111,10972.8,222.7,263.37,False,2026-03-11 17:14:23
abe892,SWA3906,United States,36.0791,-115.1462,,0.0,33.75,True,2026-03-11 17:14:23
ac42bf,SWA1057,United States,34.0255,-114.8318,10972.8,212.38,281.17,False,2026-03-11 17:14:23
acee50,AAL2263,United States,32.9048,-97.0521,,1.29,90.0,True,2026-03-11 17:14:23
a290d0,UAL858,United States,37.6233,-122.3903,,7.2,253.12,True,2026-03-11 17:14:23
a7f6bf,LXJ612,United States,35.3562,-77.9263,11887.2,216.07,3.96,False,2026-03-11 17:14:23
a660bb,N51SW,United States,39.7082,-75.0206,121.92,40.43,255.26,False,2026-03-11 17:14:23
a98620,N7122G,United States,34.4329,-86.7261,1493.52,31.9,179.08,False,2026-03-11 17:14:23
aa77f3,N774AR,United States,35.4357,-112.4365,10972.8,170.76,7.62,False,2026-03-11 17:14:23
a4cc95,RPA4406,United States,42.1831,-74.4721,5791.2,221.09,116.68,False,2026-03-11 17:14:23
a73348,JIA5543,United States,35.3856,-80.2266,5646.42,219.19,52.05,False,2026-03-11 17:14:23
a388a9,DAL1378,United States,29.3506,-82.5253,10066.02,239.78,181.11,False,2026-03-11 17:14:23
a4839f,N390JP,United States,30.0082,-84.6891,4503.42,132.52,284.85,False,2026-03-11 17:14:23
a4df56,ASA430,United States,46.3776,-121.4005,8008.62,260.06,122.15,False,2026-03-11 17:14:23
a73f35,SWA3403,United States,37.8356,-106.2901,8229.6,229.66,53.75,False,2026-03-11 17:14:23
a80fb2,N6186T,United States,27.7497,-81.8482,541.02,54.08,55.86,False,2026-03-11 17:14:23
a1ce16,SWA3172,United States,32.0063,-90.516,3810.0,203.28,50.75,False,2026-03-11 17:14:23
aa5dc5,RPA3648,United States,40.6887,-74.1738,,6.69,25.31,True,2026-03-11 17:14:23
a7a90d,N593FD,United States,27.6459,-80.4142,2948.94,116.72,304.04,False,2026-03-11 17:14:23
a67fba,LXJ518,United States,37.3445,-86.8823,13723.62,213.76,172.53,False,2026-03-11 17:14:23
aaa267,UAL580,United States,34.6771,-81.4209,10363.2,228.93,179.74,False,2026-03-11 17:14:23
a7d196,CXK610,United States,32.3974,-98.2582,1097.28,36.13,241.98,False,2026-03-11 17:14:23
ac3beb,DAL698,United States,40.787,-111.9969,1112.52,62.5,354.81,False,2026-03-11 17:14:23
ad1560,JBU2677,United States,35.5156,-107.8895,10355.58,212.67,267.5,False,2026-03-11 17:14:23
af9ba1,JOLLY11,United States,40.7841,-72.6755,68.58,54.37,69.51,False,2026-03-11 17:14:23
a66cb8,N513BL,United States,27.7769,-81.7437,1478.28,52.79,347.05,False,2026-03-11 17:14:23
a002a6,N10D,United States,25.9607,-76.5918,13716.0,273.33,116.13,False,2026-03-11 17:14:23
a06544,N1242Z,United States,32.8687,-81.634,9989.82,206.15,195.04,False,2026-03-11 17:14:23
a63975,N50VC,United States,35.2464,-119.3783,13098.78,220.41,299.2,False,2026-03-11 17:14:23
a4df4b,CNS333,United States,31.423,-81.8046,7924.8,123.65,220.78,False,2026-03-11 17:14:23
a54cd9,RPA4576,United States,39.9837,-82.7343,807.72,71.14,273.73,False,2026-03-11 17:14:23
abbb5a,EJA855,United States,29.1317,-79.3268,10363.2,260.36,192.55,False,2026-03-11 17:14:23
a32814,EDV5278,United States,29.3333,-80.8944,10363.2,251.92,157.68,False,2026-03-11 17:14:23
a89a9f,N65329,United States,39.4515,-77.2148,914.4,51.66,75.0,False,2026-03-11 17:14:23
a829e9,COL625,United States,29.8913,-81.1664,12184.38,223.21,173.38,False,2026-03-11 17:14:23
c04301,NOJ91,Canada,35.9748,-83.7087,8755.38,204.62,245.17,False,2026-03-11 17:14:23
a5198f,N428CF,United States,32.5587,-97.3093,365.76,41.24,3.58,False,2026-03-11 17:14:23
a9249c,UAL1026,United States,37.8676,-103.5428,9448.8,254.92,149.97,False,2026-03-11 17:14:23
a4df78,CAP2149,United States,44.6175,-93.2954,861.06,50.95,234.87,False,2026-03-11 17:14:23
c0694e,CGNWV,Canada,50.1835,-97.0445,662.94,66.97,356.92,False,2026-03-11 17:14:23
aa5da8,N767XT,United States,39.105,-84.4277,,1.8,286.88,True,2026-03-11 17:14:23
abbb77,RPA4527,United States,39.0437,-74.4183,7924.8,191.02,219.86,False,2026-03-11 17:14:23
a00ec7,N1022G,United States,34.7242,-112.5189,7406.64,209.61,124.2,False,2026-03-11 17:14:23
a0f07a,N16MT,United States,34.733,-81.8758,1790.7,77.38,322.29,False,2026-03-11 17:14:23
a148b9,EDV5483,United States,34.0693,-78.8969,10668.0,242.31,43.97,False,2026-03-11 17:14:23
aa77c0,SWA1538,United States,39.9958,-93.2695,12199.62,176.8,235.43,False,2026-03-11 17:14:23
ae223a,C2303,United States,25.1113,-81.516,1920.24,103.49,230.85,False,2026-03-11 17:14:23
a87942,QXE2141,United States,46.6872,-116.1817,11277.6,277.99,102.29,False,2026-03-11 17:14:23
abbb92,SCX621,United States,30.7529,-97.2967,9966.96,162.77,182.9,False,2026-03-11 17:14:23
c03c04,WJA2394,Canada,51.0243,-113.954,2346.96,129.02,147.7,False,2026-03-11 17:14:23
a85f20,UAL2030,United States,37.3472,-103.1673,10058.4,254.6,150.33,False,2026-03-11 17:14:23
a7efa2,N610KC,United States,29.085,-82.2433,906.78,57.26,171.21,False,2026-03-11 17:14:23
a3ac77,DAL1015,United States,47.5717,-117.6922,10363.2,166.46,278.53,False,2026-03-11 17:14:23
a85f29,UAL1115,United States,27.4698,-81.7036,5509.26,194.95,156.68,False,2026-03-11 17:14:23
a420d4,N365WA,United States,33.857,-98.0899,1874.52,119.37,269.01,False,2026-03-11 17:14:23
a148c9,N182H,United States,40.4727,-105.0241,1661.16,51.32,331.89,False,2026-03-11 17:14:23
a75966,UAL2311,United States,32.8098,-85.2261,10668.0,266.2,53.88,False,2026-03-11 17:14:23
a816a3,N620EB,United States,33.7295,-80.8324,2865.12,88.86,129.13,False,2026-03-11 17:14:23
a553ce,UAL267,United States,40.888,-99.9055,10660.38,262.77,66.95,False,2026-03-11 17:14:23
a96c96,DAL774,United States,42.24,-97.9608,10972.8,207.33,311.68,False,2026-03-11 17:14:23
aaa0fc,SKW6052,United States,36.7099,-121.8684,5074.92,168.68,327.33,False,2026-03-11 17:14:23
a20878,TWY92,United States,33.9463,-118.4226,,3.86,163.12,True,2026-03-11 17:14:23
aa7816,N774CA,United States,28.8812,-81.427,373.38,55.91,102.76,False,2026-03-11 17:14:23
ac90f3,DAL2586,United States,28.3019,-110.4068,10668.0,246.74,167.35,False,2026-03-11 17:14:23
a32867,SKW3779,United States,47.3111,-122.5919,4213.86,137.47,272.36,False,2026-03-11 17:14:23
a0fbb7,UAL2625,United States,38.6571,-104.2077,9441.18,242.44,166.38,False,2026-03-11 17:14:23
a31533,SWA3657,United States,41.1944,-91.4853,10363.2,184.57,248.58,False,2026-03-11 17:14:23
a32861,AAL1382,United States,32.3287,-98.9117,8389.62,222.67,86.42,False,2026-03-11 17:14:23
adac5d,AAL1202,United States,25.4752,-79.8588,4122.42,179.12,305.06,False,2026-03-11 17:14:23
a84059,N63019,United States,29.8365,-82.2813,2529.84,49.84,172.29,False,2026-03-11 17:14:23
a5e090,N478TW,United States,40.5469,-112.2869,2225.04,43.75,131.19,False,2026-03-11 17:14:23
0d0ffd,VOI3230,Mexico,32.4786,-117.0885,1478.28,123.89,147.89,False,2026-03-11 17:14:23
a36eae,DAL2618,United States,39.9494,-111.0642,6972.3,182.91,296.2,False,2026-03-11 17:14:23
a24ef7,AAY889,United States,36.2231,-84.0942,11269.98,222.53,186.24,False,2026-03-11 17:14:23
a42e13,DAL894,United States,36.1444,-90.8272,10370.82,199.09,269.85,False,2026-03-11 17:14:23
a9b030,MXTEST,United States,40.6083,-74.3484,3528.06,136.14,227.14,False,2026-03-11 17:14:23
a36ec4,ERU320,United States,29.3095,-81.1155,15.24,42.88,169.63,False,2026-03-11 17:14:23
ace0d2,AAL2798,United States,44.5456,-120.7661,8877.3,288.17,129.86,False,2026-03-11 17:14:23
a638b0,OXF8128,United States,32.4587,-111.2051,1280.16,63.02,317.98,False,2026-03-11 17:14:23
aac811,NDU794,United States,32.8541,-111.2361,1485.9,57.37,212.55,False,2026-03-11 17:14:23
a96c72,SKW245G,United States,39.8419,-84.4741,6705.6,220.11,18.82,False,2026-03-11 17:14:23
ab48aa,WWI82,United States,39.265,-102.1135,13098.78,190.7,248.97,False,2026-03-11 17:14:23
ad639e,ASA308,United States,38.2052,-119.5402,10668.0,241.74,168.21,False,2026-03-11 17:14:23
a1985e,EPI222,United States,28.9482,-81.0225,647.7,42.2,189.12,False,2026-03-11 17:14:23
a24ec1,SKW4811,United States,33.4377,-111.9923,,3.09,180.0,True,2026-03-11 17:14:23
a32844,ENY4176,United States,32.3877,-93.7194,10965.18,193.39,264.2,False,2026-03-11 17:14:23
a4480f,N375TH,United States,38.3426,-84.0854,2788.92,113.51,35.78,False,2026-03-11 17:14:23
a9d668,N733CF,United States,35.5933,-79.0962,60.96,47.39,200.99,False,2026-03-11 17:14:23
a505ac,N4222A,United States,36.3289,-77.833,3032.76,129.61,239.47,False,2026-03-11 17:14:23
ac0818,SWA2549,United States,31.0279,-90.0962,5958.84,172.19,219.3,False,2026-03-11 17:14:23
a9b00a,N723PV,United States,34.3308,-117.4043,1714.5,69.04,37.13,False,2026-03-11 17:14:23
a9cf92,N731JH,United States,28.7698,-81.3204,403.86,58.65,89.5,False,2026-03-11 17:14:23
a8af9d,QXE2030,United States,45.5131,-122.7878,1668.78,112.73,338.59,False,2026-03-11 17:14:23
adb35c,JBU2223,United States,34.4391,-114.4199,10355.58,223.72,255.48,False,2026-03-11 17:14:23
a56866,ASA485,United States,45.5914,-122.5996,,4.37,90.0,True,2026-03-11 17:14:23
ab48cc,SCX383,United States,30.2552,-83.9019,10668.0,245.94,153.54,False,2026-03-11 17:14:23
a05281,N12MW,United States,36.7866,-118.4718,11887.2,275.25,96.12,False,2026-03-11 17:14:23
ac0832,N87443,United States,33.3002,-86.6583,1127.76,82.19,339.86,False,2026-03-11 17:14:23
c041bc,ROU1622,Canada,26.6851,-79.7883,4000.5,177.04,199.7,False,2026-03-11 17:14:23
a28b5b,ENY4323,United States,33.4407,-111.9274,579.12,76.14,270.0,False,2026-03-11 17:14:23
ab6b02,AAL2489,United States,42.4705,-71.1991,2514.6,155.26,105.37,False,2026-03-11 17:14:23
a86689,640PJ,United States,35.2605,-80.9393,419.1,61.3,177.11,False,2026-03-11 17:14:23
0c202c,CMP239,Panama,28.3743,-81.3256,541.02,113.18,185.48,False,2026-03-11 17:14:23
a923cd,UAL2114,United States,37.6237,-122.3814,,33.95,298.12,True,2026-03-11 17:14:23
a42e67,LND913,United States,37.5149,-122.2519,,0.45,244.69,True,2026-03-11 17:14:23
a30246,SKW4139,United States,33.519,-117.2902,8016.24,226.57,106.62,False,2026-03-11 17:14:23
a3a086,UAL741,United States,39.8314,-104.6605,1524.0,57.11,0.52,False,2026-03-11 17:14:23
a35be6,N3151G,United States,36.263,-114.5938,7307.58,126.8,219.57,False,2026-03-11 17:14:23
aaae1b,SWA3402,United States,33.9903,-118.823,11582.4,215.36,314.42,False,2026-03-11 17:14:23
a9866c,N7124N,United States,30.4963,-98.9077,1737.36,85.32,33.69,False,2026-03-11 17:14:23
a1c237,N212PB,United States,33.1947,-97.1917,,2.57,16.88,True,2026-03-11 17:14:23
ac9e26,,United States,33.9397,-118.4091,,1.29,261.56,True,2026-03-11 17:14:23
ab2ed4,N82DG,United States,25.3301,-80.7354,4663.44,167.91,19.32,False,2026-03-11 17:14:23
a8fce3,N6788C,United States,35.2683,-97.512,731.52,62.64,255.74,False,2026-03-11 17:14:23
a7f6f6,JBU987,United States,34.2043,-79.0413,10980.42,223.92,214.89,False,2026-03-11 17:14:23
a2e222,N285SD,United States,40.8798,-83.669,7010.4,114.94,169.95,False,2026-03-11 17:14:23
402298,SPR812,United Kingdom,44.7712,-63.7216,1127.76,122.45,65.16,False,2026-03-11 17:14:23
a72c78,AAL1412,United States,32.0887,-101.5647,10668.0,223.43,81.93,False,2026-03-11 17:14:23
a495bf,DAL2849,United States,40.5625,-103.4403,7802.88,183.5,245.66,False,2026-03-11 17:14:23
0d0fbf,XARFE,Mexico,27.8551,-100.4132,2270.76,99.1,172.54,False,2026-03-11 17:14:23
a8af98,EJA659,United States,36.0815,-115.172,,2.06,95.62,True,2026-03-11 17:14:23
a97351,N708LS,United States,33.976,-111.6814,1889.76,85.77,192.12,False,2026-03-11 17:14:23
a4d38a,N41UA,United States,37.2413,-87.917,8366.76,265.94,102.85,False,2026-03-11 17:14:23
a0fbfa,UAL291,United States,40.0376,-121.6417,10972.8,225.32,12.26,False,2026-03-11 17:14:23
a242e6,N245DJ,United States,34.635,-115.4894,5935.98,217.81,186.1,False,2026-03-11 17:14:23
a242c3,MXY292,United States,39.7585,-73.8626,9753.6,219.62,214.7,False,2026-03-11 17:14:23
a1c229,ENY3437,United States,36.5574,-82.3813,10058.4,226.21,166.18,False,2026-03-11 17:14:23
a41b0f,N3639L,United States,28.8517,-82.2904,632.46,45.89,93.86,False,2026-03-11 17:14:23
a8af59,NDU659,United States,32.8318,-111.4911,1562.1,55.94,245.56,False,2026-03-11 17:14:23
aa63ed,ENY3633,United States,35.9676,-84.5606,9144.0,201.34,276.31,False,2026-03-11 17:14:23
a9cf44,N731FE,United States,41.8528,-72.768,883.92,48.36,180.61,False,2026-03-11 17:14:23
ab35d2,AAY2713,United States,40.9892,-93.2983,4968.24,189.11,147.78,False,2026-03-11 17:14:23
ab35d8,ASI532,United States,33.6891,-112.0905,373.38,36.07,86.73,False,2026-03-11 17:14:23
a9e956,CFS8658,United States,40.2559,-122.9265,2926.08,95.33,327.34,False,2026-03-11 17:14:23
a9e957,BL8FY,United States,30.2399,-87.7803,457.2,52.21,84.35,False,2026-03-11 17:14:23
ae481c,SPUD27,United States,31.1154,-85.9004,1165.86,40.98,241.5,False,2026-03-11 17:14:23
ac9e31,OZN912,United States,25.6686,-80.484,213.36,49.9,232.54,False,2026-03-11 17:14:23
a8a319,AAL2332,United States,39.1453,-75.392,5181.6,192.07,187.7,False,2026-03-11 17:14:23
a936dd,LFA550,United States,28.6604,-80.8262,548.64,53.55,278.29,False,2026-03-11 17:14:23
a2db21,SWA1471,United States,35.5509,-103.4411,11277.6,245.92,90.6,False,2026-03-11 17:14:23
abe82c,SWA454,United States,45.4163,-93.2729,9753.6,218.33,296.44,False,2026-03-11 17:14:23
a48ebb,EJM393,United States,37.8947,-84.3257,11559.54,241.59,150.82,False,2026-03-11 17:14:23
ac55c1,N894SA,United States,41.6999,-112.1385,2202.18,46.89,183.14,False,2026-03-11 17:14:23
ab2ef2,N82EM,United States,28.8477,-81.003,1714.5,126.48,144.44,False,2026-03-11 17:14:23
a1e877,N222AH,United States,25.6555,-80.3369,541.02,86.97,349.09,False,2026-03-11 17:14:23
a8af5f,NKS8801,United States,27.0549,-82.5786,10058.4,248.79,119.48,False,2026-03-11 17:14:23
a29e5c,SKW4011,United States,37.9145,-99.2457,9144.0,188.73,273.91,False,2026-03-11 17:14:23
ac9e3b,N912BJ,United States,32.6415,-103.2692,1516.38,53.15,47.35,False,2026-03-11 17:14:23
a793fd,DAL663,United States,37.7465,-98.9563,9144.0,195.13,277.57,False,2026-03-11 17:14:23
a96c47,EJA1951,United States,38.978,-76.8944,1859.28,124.01,243.12,False,2026-03-11 17:14:23
a1857f,N1977F,United States,33.6973,-118.1833,998.22,25.97,33.69,False,2026-03-11 17:14:23
a362a2,UPS2805,United States,34.055,-117.5778,228.6,70.99,270.0,False,2026-03-11 17:14:23
0d0ff3,AMX455,Mexico,27.9348,-92.9061,11887.2,269.24,46.08,False,2026-03-11 17:14:23
0d0ff5,AMX912,Mexico,25.5776,-99.742,2461.26,108.08,301.57,False,2026-03-11 17:14:23
abce31,N86TK,United States,40.0505,-74.2111,1836.42,88.81,215.81,False,2026-03-11 17:14:23
ab8553,UAL398,United States,39.8601,-104.6768,,0.0,270.0,True,2026-03-11 17:14:23
aac873,N794SB,United States,26.7733,-80.6915,2598.42,134.89,111.48,False,2026-03-11 17:14:23
ac696c,SWA2056,United States,34.8163,-87.8131,12192.0,217.87,326.46,False,2026-03-11 17:14:23
ad7631,ASA555,United States,47.3634,-121.1278,5882.64,220.2,89.2,False,2026-03-11 17:14:23
ad7634,AAL2731,United States,34.3197,-95.3919,7315.2,181.14,219.93,False,2026-03-11 17:14:23
aafc2d,WWI80,United States,38.9767,-96.708,1082.04,94.85,250.68,False,2026-03-11 17:14:23
ad1fcd,DAL3164,United States,33.134,-85.0789,5052.06,213.41,47.74,False,2026-03-11 17:14:23
add949,N9914L,United States,32.8458,-116.9424,365.76,40.34,95.86,False,2026-03-11 17:14:23
a42e9e,N369KB,United States,36.9062,-76.1886,7.62,32.94,218.66,False,2026-03-11 17:14:23
ad7639,DAL3118,United States,31.374,-82.2036,9448.8,219.48,333.25,False,2026-03-11 17:14:23
aafc36,DAL772,United States,42.0233,-85.4241,7002.78,255.66,93.58,False,2026-03-11 17:14:23
acb963,N919PD,United States,40.7022,-73.9045,129.54,63.06,25.1,False,2026-03-11 17:14:23
ac4f4c,SWA3978,United States,38.8995,-75.4353,5836.92,199.49,188.0,False,2026-03-11 17:14:23
a5a553,LXJ463,United States,28.2449,-81.0922,2255.52,127.05,30.41,False,2026-03-11 17:14:23
a91e3a,LFA544,United States,28.603,-80.8194,266.7,43.41,139.33,False,2026-03-11 17:14:23
abf9f8,SWA268,United States,44.8679,-93.1884,251.46,74.49,302.59,False,2026-03-11 17:14:23
a7e522,EJM608,United States,40.5834,-87.3685,11955.78,170.61,168.52,False,2026-03-11 17:14:23
a5fef7,VAR486,United States,33.3482,-112.7817,670.56,65.35,56.56,False,2026-03-11 17:14:23
a8b5ad,QXE2443,United States,43.8234,-121.3285,10363.2,181.16,335.33,False,2026-03-11 17:14:23
a65b4b,N5089R,United States,28.3311,-80.8171,1325.88,43.73,180.0,False,2026-03-11 17:14:23
a90b22,N682F,United States,26.5719,-81.6368,1950.72,64.51,318.56,False,2026-03-11 17:14:23
a13717,CTF178,United States,33.039,-111.9259,1729.74,110.57,174.66,False,2026-03-11 17:14:23
ab1019,,United States,30.504,-90.4154,182.88,38.39,107.95,False,2026-03-11 17:14:23
a13718,N178CA,United States,27.388,-82.5196,487.68,62.5,81.0,False,2026-03-11 17:14:23
ac6993,SWA4043,United States,30.5021,-100.0765,11582.4,214.0,286.91,False,2026-03-11 17:14:23
a41b5e,N364CD,United States,42.0998,-71.4751,1333.5,56.98,186.74,False,2026-03-11 17:14:23
a05da7,N1221M,United States,40.3217,-84.9296,6804.66,188.55,256.91,False,2026-03-11 17:14:23
c054b3,GLR734,Canada,50.2758,-119.5791,3048.0,125.87,355.78,False,2026-03-11 17:14:23
acb953,AAL3022,United States,36.0085,-85.1925,7620.0,237.63,95.22,False,2026-03-11 17:14:23
a8eb16,FDX3646,United States,38.9879,-96.1193,10058.4,274.14,82.23,False,2026-03-11 17:14:23
a79545,N588SW,United States,37.4903,-121.9006,632.46,65.41,177.3,False,2026-03-11 17:14:23
a5b899,N468PA,United States,38.3857,-109.4671,7315.2,111.17,204.9,False,2026-03-11 17:14:23
a6ab27,JBU126,United States,27.9357,-82.6556,2788.92,155.53,9.71,False,2026-03-11 17:14:23
c00757,ACA272,Canada,50.093,-119.3969,1219.2,77.5,174.67,False,2026-03-11 17:14:23
ab96fc,N846JS,United States,29.5172,-82.0523,10721.34,217.21,184.35,False,2026-03-11 17:14:23
c00783,CFCVY,Canada,48.3678,-89.321,175.26,24.98,302.38,False,2026-03-11 17:14:23
a72bda,JIA5397,United States,38.0901,-78.9112,10363.2,226.09,237.83,False,2026-03-11 17:14:23
ad1fee,KAP5483,United States,42.2964,-73.7896,2453.64,61.27,164.91,False,2026-03-11 17:14:23
a65b74,CSI509,United States,32.1772,-104.039,5486.4,138.09,262.29,False,2026-03-11 17:14:23
ab83e8,DAL2273,United States,41.7132,-107.0589,10668.0,284.76,85.75,False,2026-03-11 17:14:23
a1bb83,SWA2105,United States,39.8614,-104.6848,,4.12,120.94,True,2026-03-11 17:14:23
a732d9,JBU69,United States,32.5759,-78.0914,10370.82,224.85,196.07,False,2026-03-11 17:14:23
a9b088,AAL1944,United States,38.8566,-77.0422,,0.0,199.69,True,2026-03-11 17:14:23
a78246,JIA5668,United States,38.8715,-77.0394,99.06,68.42,180.0,False,2026-03-11 17:14:23
a01704,N1048D,United States,37.423,-76.1793,1676.4,104.43,43.6,False,2026-03-11 17:14:23
a0b59d,DAL1293,United States,43.5136,-121.1336,11529.06,181.63,335.39,False,2026-03-11 17:14:23
aa4b32,RPA3550,United States,35.7133,-80.5141,3383.28,145.62,197.47,False,2026-03-11 17:14:23
acb989,EJA919,United States,33.5531,-103.1618,13106.4,194.62,315.11,False,2026-03-11 17:14:23
a5ebe4,N48068,United States,40.4892,-111.8538,1920.24,36.19,84.29,False,2026-03-11 17:14:23
86d602,TZP24,Japan,38.5309,-123.2191,12496.8,261.19,135.32,False,2026-03-11 17:14:23
a7de53,,United States,38.8531,-77.0413,,1.03,70.31,True,2026-03-11 17:14:23
c041a3,PAG361,Canada,49.0243,-90.3876,3627.12,124.04,319.37,False,2026-03-11 17:14:23
c04ddc,WJA2974,Canada,31.1808,-92.3516,10363.2,195.38,234.97,False,2026-03-11 17:14:23
ad5c38,DAL3030,United States,31.8148,-83.5575,8846.82,246.03,151.93,False,2026-03-11 17:14:23
a7a8ed,DAL1090,United States,43.0364,-113.9422,10363.2,183.83,308.41,False,2026-03-11 17:14:23
0d0fb1,LET5963,Mexico,28.1759,-97.3471,7109.46,248.8,37.44,False,2026-03-11 17:14:23
abd3c7,AAL1067,United States,33.3546,-115.5451,11277.6,247.01,97.54,False,2026-03-11 17:14:23
ac4f92,SWA942,United States,31.9841,-93.5344,11277.6,254.91,99.29,False,2026-03-11 17:14:23
a54e58,N441AD,United States,41.488,-121.7936,8221.98,175.88,139.51,False,2026-03-11 17:14:23
a077e8,N1293F,United States,43.532,-116.8104,1432.56,47.24,321.63,False,2026-03-11 17:14:23
aa6533,RPA3447,United States,33.3433,-84.787,10058.4,269.27,55.43,False,2026-03-11 17:14:23
a5685b,N448AF,United States,39.0692,-121.5694,60.96,38.06,80.67,False,2026-03-11 17:14:23
a60ba5,GKA610,United States,34.7733,-79.3141,2491.74,75.87,200.65,False,2026-03-11 17:14:23
a53b26,GPD436,United States,26.4951,-79.7443,2110.74,139.92,287.77,False,2026-03-11 17:14:23
aa28db,N75391,United States,39.3919,-104.8433,2499.36,80.77,0.73,False,2026-03-11 17:14:23
a17db4,N1954T,United States,32.1718,-81.1969,243.84,45.79,180.0,False,2026-03-11 17:14:23
ac3c86,EJM30,United States,40.0636,-73.7826,6705.6,225.8,39.64,False,2026-03-11 17:14:23
adbf4a,SCA5,United States,33.6287,-111.9063,,1.8,298.12,True,2026-03-11 17:14:23
a91e11,PDT5837,United States,35.2674,-80.9398,457.2,76.43,174.98,False,2026-03-11 17:14:23
a7f804,SKW5398,United States,41.9572,-87.5241,1851.66,104.95,270.0,False,2026-03-11 17:14:23
ac5697,SWA2776,United States,40.7971,-111.9743,,0.06,264.38,True,2026-03-11 17:14:23
a1240a,,United States,38.1445,-116.21,10363.2,200.77,263.82,False,2026-03-11 17:14:23
a4e5be,ASI230,United States,33.8243,-112.5282,1280.16,47.34,271.25,False,2026-03-11 17:14:23
a53b2b,UAL619,United States,37.4586,-122.1322,1226.82,112.08,15.44,False,2026-03-11 17:14:23
aa0ec7,RPA3676,United States,35.9587,-80.4682,9806.94,251.77,57.77,False,2026-03-11 17:14:23
a7951e,N588RG,United States,36.1164,-86.6782,,0.0,16.88,True,2026-03-11 17:14:23
ad5c83,N960DT,United States,28.9574,-82.8274,10340.34,239.89,329.31,False,2026-03-11 17:14:23
a8a397,LXJ656,United States,39.0775,-77.4248,624.84,92.61,200.15,False,2026-03-11 17:14:23
a05db9,N12215,United States,36.2926,-115.2817,1889.76,48.04,316.74,False,2026-03-11 17:14:23
a77b0e,EJA581,United States,41.7263,-96.7979,12496.8,267.33,73.8,False,2026-03-11 17:14:23
a4cbc8,EJA408,United States,38.4153,-110.3701,13106.4,175.52,268.15,False,2026-03-11 17:14:23
a79531,N588SA,United States,43.3905,-123.338,3825.24,118.69,6.97,False,2026-03-11 17:14:23
c00741,WJA668,Canada,50.5994,-105.2967,10668.0,259.28,89.77,False,2026-03-11 17:14:23
a11d08,N171BL,United States,30.5818,-87.4744,1165.86,58.02,280.21,False,2026-03-11 17:14:23
a9739c,JIA5383,United States,34.0792,-96.4153,6789.42,241.99,33.55,False,2026-03-11 17:14:23
a612a6,UAL2039,United States,35.7925,-118.9964,10363.2,230.2,6.03,False,2026-03-11 17:14:23
a8050b,N616AC,United States,42.4357,-72.5521,1501.14,67.26,21.07,False,2026-03-11 17:14:23
a3c5fd,DAL737,United States,37.9003,-77.4213,6088.38,217.91,29.41,False,2026-03-11 17:14:23
aa781f,CKS243,United States,38.2342,-99.3613,9448.8,288.34,138.69,False,2026-03-11 17:14:23
a7de16,FFT2026,United States,30.3092,-81.4497,10668.0,232.96,18.27,False,2026-03-11 17:14:23
a4359b,UPS2989,United States,38.7178,-92.5781,10668.0,253.35,127.82,False,2026-03-11 17:14:23
abc0e4,SWA1441,United States,38.7287,-112.6367,11582.4,187.2,261.62,False,2026-03-11 17:14:23
a9bc8a,N7262X,United States,34.0602,-84.0418,731.52,54.48,140.75,False,2026-03-11 17:14:23
a9c380,RPA3480,United States,38.2472,-81.032,9448.8,239.23,109.99,False,2026-03-11 17:14:23
a1371d,N178CF,United States,42.9845,-79.0234,2125.98,123.01,185.52,False,2026-03-11 17:14:23
ad00bf,N937MB,United States,33.7959,-118.3272,-7.62,49.73,309.12,False,2026-03-11 17:14:23
a11d18,N171CB,United States,37.3509,-121.4056,1546.86,71.04,92.08,False,2026-03-11 17:14:23
0ac9c3,AVA246,Colombia,26.3808,-77.5276,10972.8,216.39,356.87,False,2026-03-11 17:14:23
a41b89,DAL796,United States,33.4805,-94.9003,10378.44,222.07,300.49,False,2026-03-11 17:14:23
