GlobalEventID,Day,MonthYear,Year,FractionDate,Actor1Code,Actor1Name,Actor1CountryCode,Actor1KnownGroupCode,Actor1EthnicCode,Actor1Religion1Code,Actor1Religion2Code,Actor1Type1Code,Actor1Type2Code,Actor1Type3Code,Actor2Code,Actor2Name,Actor2CountryCode,Actor2KnownGroupCode,Actor2EthnicCode,Actor2Religion1Code,Actor2Religion2Code,Actor2Type1Code,Actor2Type2Code,Actor2Type3Code,IsRootEvent,EventCode,EventBaseCode,EventRootCode,QuadClass,GoldsteinScale,NumMentions,NumSources,NumArticles,AvgTone,Actor1Geo_Type,Actor1Geo_FullName,Actor1Geo_CountryCode,Actor1Geo_ADM1Code,Actor1Geo_ADM2Code,Actor1Geo_Lat,Actor1Geo_Long,Actor1Geo_FeatureID,Actor2Geo_Type,Actor2Geo_FullName,Actor2Geo_CountryCode,Actor2Geo_ADM1Code,Actor2Geo_ADM2Code,Actor2Geo_Lat,Actor2Geo_Long,Actor2Geo_FeatureID,ActionGeo_Type,ActionGeo_FullName,ActionGeo_CountryCode,ActionGeo_ADM1Code,ActionGeo_ADM2Code,ActionGeo_Lat,ActionGeo_Long,ActionGeo_FeatureID,DATEADDED,SOURCEURL
1292361436,20250304,202503,2025,2025.1753,EUR,EUROPE,EUR,,,,,,,,,,,,,,,,,,1,61,61,6,2,6.4,5,1,5,-4.50928381962865,1,United Kingdom,UK,UK,,54.0,-4.0,UK,0,,,,,,,,1,United Kingdom,UK,UK,,54.0,-4.0,UK,20260304154500,https://www.thespiritsbusiness.com/2026/03/cognac-exports-to-north-america-slide-34/
1292361438,20260202,202602,2026,2026.0877,ESP,SPAIN,ESP,,,,,,,,MED,MEDIA,,,,,,MED,,,0,130,130,13,3,-4.4,1,1,1,-6.32603406326034,4,"Gaza, Israel (general), Israel",IS,IS00,18315,31.4167,34.3333,-797156,4,"Gaza, Israel (general), Israel",IS,IS00,18315,31.4167,34.3333,-797156,4,"Barcelona, Comunidad Autonoma de Cataluna, Spain",SP,SP56,25806,41.3833,2.18333,-372490,20260304154500,https://www.aljazeera.com/news/2026/3/4/spain-no-to-israel-us-war-iran
1292361439,20260202,202602,2026,2026.0877,IGOEUREEC,EUROPEAN UNION,EUR,EEC,,,,IGO,,,RUS,RUSSIA,RUS,,,,,,,,1,20,20,2,1,3.0,10,1,10,-1.60642570281124,1,Iran,IR,IR,,32.0,53.0,IR,1,Iran,IR,IR,,32.0,53.0,IR,1,Iran,IR,IR,,32.0,53.0,IR,20260304154500,https://peakoil.com/business/iran-war-could-reopen-eu-debate-over-russian-gas-norway-says
1292361440,20260202,202602,2026,2026.0877,IGOEUREEC,EUROPEAN UNION,EUR,EEC,,,,IGO,,,RUS,RUSSIA,RUS,,,,,,,,1,51,51,5,1,3.4,4,1,4,-1.60642570281124,4,"Oslo, Oslo, Norway",NO,NO12,23413,59.9167,10.75,-273837,4,"Moscow, Moskva, Russia",RS,RS48,25106,55.7522,37.6156,-2960561,4,"Oslo, Oslo, Norway",NO,NO12,23413,59.9167,10.75,-273837,20260304154500,https://peakoil.com/business/iran-war-could-reopen-eu-debate-over-russian-gas-norway-says
1292361441,20260202,202602,2026,2026.0877,IGOEUREEC,EUROPEAN UNION,EUR,EEC,,,,IGO,,,RUS,RUSSIA,RUS,,,,,,,,1,51,51,5,1,3.4,6,1,6,-1.60642570281124,4,"Moscow, Moskva, Russia",RS,RS48,25106,55.7522,37.6156,-2960561,4,"Moscow, Moskva, Russia",RS,RS48,25106,55.7522,37.6156,-2960561,4,"Moscow, Moskva, Russia",RS,RS48,25106,55.7522,37.6156,-2960561,20260304154500,https://peakoil.com/business/iran-war-could-reopen-eu-debate-over-russian-gas-norway-says
1292361442,20260202,202602,2026,2026.0877,IGOEUREEC,EUROPEAN UNION,EUR,EEC,,,,IGO,,,RUS,RUSSIA,RUS,,,,,,,,1,61,61,6,2,6.4,4,1,4,-1.60642570281124,4,"Oslo, Oslo, Norway",NO,NO12,23413,59.9167,10.75,-273837,4,"Moscow, Moskva, Russia",RS,RS48,25106,55.7522,37.6156,-2960561,4,"Moscow, Moskva, Russia",RS,RS48,25106,55.7522,37.6156,-2960561,20260304154500,https://peakoil.com/business/iran-war-could-reopen-eu-debate-over-russian-gas-norway-says
1292361443,20260202,202602,2026,2026.0877,IRN,IRAN,IRN,,,,,,,,MIL,MILITARY,,,,,,MIL,,,0,150,150,15,4,-7.2,10,1,10,-3.1924882629108,4,"Gulf Of Oman, Iran (general), Iran",IR,IR00,40979,25.4489,57.7939,-3077385,4,"Qeshm, Kordestan, Iran",IR,IR16,41068,35.4421,47.3506,-3080448,4,"Qeshm, Kordestan, Iran",IR,IR16,41068,35.4421,47.3506,-3080448,20260304154500,https://www.independent.co.uk/news/world/middle-east/iran-strait-of-hormuz-economy-attacks-b2931612.html
1292361444,20260202,202602,2026,2026.0877,ISR,ISRAEL,ISR,,,,,,,,ISRMED,ISRAEL,ISR,,,,,MED,,,0,13,13,1,1,0.4,2,1,2,-5.78905630452022,4,"Gaza, Israel (general), Israel",IS,IS00,18315,31.4167,34.3333,-797156,4,"Gaza, Israel (general), Israel",IS,IS00,18315,31.4167,34.3333,-797156,4,"Gaza, Israel (general), Israel",IS,IS00,18315,31.4167,34.3333,-797156,20260304154500,https://www.aljazeera.com/news/2026/3/4/why-are-the-us-and-israel-framing-the-ongoing-conflict-as-a-religious-war
1292361445,20260202,202602,2026,2026.0877,ISR,ISRAEL,ISR,,,,,,,,MED,COMMENTATOR,,,,,,MED,,,0,13,13,1,1,0.4,8,1,8,-5.78905630452022,4,"Gaza, Israel (general), Israel",IS,IS00,18315,31.4167,34.3333,-797156,4,"Gaza, Israel (general), Israel",IS,IS00,18315,31.4167,34.3333,-797156,4,"Gaza, Israel (general), Israel",IS,IS00,18315,31.4167,34.3333,-797156,20260304154500,https://www.aljazeera.com/news/2026/3/4/why-are-the-us-and-israel-framing-the-ongoing-conflict-as-a-religious-war
1292361446,20260202,202602,2026,2026.0877,USAMED,REUTERS,USA,,,,,MED,,,,,,,,,,,,,0,10,10,1,1,0.0,2,1,2,-5.15970515970516,1,Venezuela,VE,VE,,8.0,-66.0,VE,0,,,,,,,,1,Venezuela,VE,VE,,8.0,-66.0,VE,20260304154500,https://www.yahoo.com/news/articles/trump-wild-move-retain-grip-054433965.html
1292361447,20260225,202602,2026,2026.1507,CAN,SASKATCHEWAN,CAN,,,,,,,,,,,,,,,,,,1,90,90,9,2,-2.0,6,1,6,-4.88888888888889,2,"Montana, United States",US,USMT,,46.9048,-110.326,MT,0,,,,,,,,2,"Montana, United States",US,USMT,,46.9048,-110.326,MT,20260304154500,https://www.swiftcurrentonline.com/articles/low-pressure-brings-fresh-snow-to-swift-current
1292361448,20260225,202602,2026,2026.1507,MIL,DESTROYER,,,,,,MIL,,,CYP,CYPRUS,CYP,,,,,,,,0,74,74,7,2,8.5,2,1,2,-2.28509249183896,3,"White House, District of Columbia, United States",US,USDC,,38.8951,-77.0364,531871,1,Cyprus,CY,CY,,35.0,33.0,CY,1,Cyprus,CY,CY,,35.0,33.0,CY,20260304154500,https://www.irishnews.com/news/uk/starmer-says-uk-us-relationship-does-not-mean-hanging-on-to-trumps-words-WWKSM5YMVBPPJHM4WCMYLWNWNM/
1292361449,20260225,202602,2026,2026.1507,SWE,SWEDEN,SWE,,,,,,,,USA,AMERICAN,USA,,,,,,,,1,17,17,1,1,0.0,2,1,2,-4.96644295302014,1,Sweden,SW,SW,,62.0,15.0,SW,1,Sweden,SW,SW,,62.0,15.0,SW,1,Sweden,SW,SW,,62.0,15.0,SW,20260304154500,https://www.thelocal.se/20260304/politics-in-sweden-sweden-needs-to-get-off-the-fence-on-iran-but-how
1292361450,20260225,202602,2026,2026.1507,SWE,SWEDEN,SWE,,,,,,,,USA,AMERICAN,USA,,,,,,,,1,17,17,1,1,0.0,8,1,8,-4.96644295302014,1,Sweden,SW,SW,,62.0,15.0,SW,1,United States,US,US,,39.828175,-98.5795,US,1,Sweden,SW,SW,,62.0,15.0,SW,20260304154500,https://www.thelocal.se/20260304/politics-in-sweden-sweden-needs-to-get-off-the-fence-on-iran-but-how
1292361451,20260304,202603,2026,2026.1753,,,,,,,,,,,AFG,AFGHANISTAN,AFG,,,,,,,,0,190,190,19,4,-10.0,2,1,2,-9.14512922465208,0,,,,,,,,4,"Islamabad, Islamabad, Pakistan",PK,PK08,23674,33.7,73.1667,-2762812,4,"Islamabad, Islamabad, Pakistan",PK,PK08,23674,33.7,73.1667,-2762812,20260304154500,https://tribune.com.pk/story/2595792/481-afghan-taliban-killed-226-checkposts-destroyed-as-operation-ghazab-lil-haq-enters-seventh-day
1292361452,20260304,202603,2026,2026.1753,,,,,,,,,,,AFG,AFGHANISTAN,AFG,,,,,,,,0,190,190,19,4,-10.0,6,1,6,-9.14512922465208,0,,,,,,,,4,"Kabul, Kabol, Afghanistan",AF,AF13,3580,34.5167,69.1833,-3378435,4,"Khorasan, Helmand, Afghanistan",AF,AF10,3500,32.2193,63.808,-3380846,20260304154500,https://tribune.com.pk/story/2595792/481-afghan-taliban-killed-226-checkposts-destroyed-as-operation-ghazab-lil-haq-enters-seventh-day
1292361453,20260304,202603,2026,2026.1753,,,,,,,,,,,AFR,AFRICA,AFR,,,,,,,,1,84,84,8,2,7.0,2,1,2,-3.06603773584905,0,,,,,,,,4,"Robben Island, Western Cape, South Africa",SF,SF11,77317,-33.8064,18.3688,-1277178,4,"Robben Island, Western Cape, South Africa",SF,SF11,77317,-33.8064,18.3688,-1277178,20260304154500,https://www.africanews.com/2026/03/04/south-african-anti-apartheid-activist-mosiuoa-lekota-dies-at-77/
1292361454,20260304,202603,2026,2026.1753,,,,,,,,,,,AFR,AFRICA,AFR,,,,,,,,1,841,84,8,2,7.0,4,1,4,-3.06603773584905,0,,,,,,,,4,"Robben Island, Western Cape, South Africa",SF,SF11,77317,-33.8064,18.3688,-1277178,4,"Robben Island, Western Cape, South Africa",SF,SF11,77317,-33.8064,18.3688,-1277178,20260304154500,https://www.africanews.com/2026/03/04/south-african-anti-apartheid-activist-mosiuoa-lekota-dies-at-77/
1292361455,20260304,202603,2026,2026.1753,,,,,,,,,,,AGR,FARMER,,,,,,AGR,,,0,36,36,3,1,4.0,10,1,10,1.46443514644351,0,,,,,,,,4,"Shibganj, Rajshahi, Bangladesh",BG,BG83,17955,24.6829,88.1597,-2737970,4,"Shibganj, Rajshahi, Bangladesh",BG,BG83,17955,24.6829,88.1597,-2737970,20260304154500,https://www.dhakatribune.com/bangladesh/government-affairs/404718/pm-tarique-to-launch-farmer-card-distribution
1292361456,20260304,202603,2026,2026.1753,,,,,,,,,,,ARE,UNITED ARAB EMIRATES,ARE,,,,,,,,1,43,43,4,1,2.8,5,1,5,-3.70370370370371,0,,,,,,,,3,"Philadelphia, Pennsylvania, United States",US,USPA,PA101,39.9523,-75.1638,1209052,3,"Philadelphia, Pennsylvania, United States",US,USPA,PA101,39.9523,-75.1638,1209052,20260304154500,https://www.independent.co.uk/news/science/archaeology/iran-swords-philadelphia-bronze-age-b2931723.html
1292361457,20260304,202603,2026,2026.1753,,,,,,,,,,,AUS,AUSTRALIAN,AUS,,,,,,,,1,71,71,7,2,7.4,2,1,2,2.10772833723654,0,,,,,,,,4,"Nappamerri, Queensland, Australia",AS,AS04,5149,-27.6,141.117,-1590804,4,"Nappamerri, Queensland, Australia",AS,AS04,5149,-27.6,141.117,-1590804,20260304154500,https://www.rigzone.com/news/vintage_secures_extension_of_loan_for_australian_gas_projects-04-mar-2026-183125-article/
1292361458,20260304,202603,2026,2026.1753,,,,,,,,,,,AUSGOV,AUSTRALIAN,AUS,,,,,GOV,,,1,71,71,7,2,7.4,6,1,6,2.10772833723654,0,,,,,,,,4,"Nappamerri, Queensland, Australia",AS,AS04,5149,-27.6,141.117,-1590804,4,"Nappamerri, Queensland, Australia",AS,AS04,5149,-27.6,141.117,-1590804,20260304154500,https://www.rigzone.com/news/vintage_secures_extension_of_loan_for_australian_gas_projects-04-mar-2026-183125-article/
1292361459,20260304,202603,2026,2026.1753,,,,,,,,,,,AUT,AUSTRIA,AUT,,,,,,,,0,42,42,4,1,1.9,3,1,3,-2.59938837920489,0,,,,,,,,4,"London, London, City of, United Kingdom",UK,UKH9,40110,51.5,-0.116667,-2601889,4,"London, London, City of, United Kingdom",UK,UKH9,40110,51.5,-0.116667,-2601889,20260304154500,https://www.vol.at/ott-process-takacs-testifies-about-boat-accident/10027535
1292361460,20260304,202603,2026,2026.1753,,,,,,,,,,,BUS,INDUSTRY,,,,,,BUS,,,1,42,42,4,1,1.9,1,1,1,9.32203389830509,0,,,,,,,,2,"Texas, United States",US,USTX,,31.106,-97.6475,TX,3,"Mcfaddin Ranch, Texas, United States",US,USTX,,33.5593,-99.8784,1362447,20260304154500,https://www.thefencepost.com/news/national-environmental-stewardship-award-presented-to-nebraska-ranch/
1292361461,20260304,202603,2026,2026.1753,,,,,,,,,,,BUS,BANK,,,,,,BUS,,,1,43,43,4,1,2.8,10,1,10,13.7096774193548,0,,,,,,,,5,"Westmeath, Westmeath, Ireland",EI,EI29,18307,53.5,-7.5,-1506168,5,"Westmeath, Westmeath, Ireland",EI,EI29,18307,53.5,-7.5,-1506168,20260304154500,https://www.westmeathindependent.ie/2026/03/04/athlone-and-moate-area-dominate-at-leinster-regional-restaurant-awards/
1292361462,20260304,202603,2026,2026.1753,,,,,,,,,,,BUS,INVESTOR,,,,,,BUS,,,1,45,45,4,1,5.0,5,1,5,4.6,0,,,,,,,,4,"Delhi, Delhi, India",IN,IN07,17911,28.6667,77.2167,-2094230,4,"Delhi, Delhi, India",IN,IN07,17911,28.6667,77.2167,-2094230,20260304154500,https://indiaeducationdiary.in/mosambi-climate-conference-2-0-reinforces-its-role-as-the-global-souths-climate-tech-scale-platform/
1292361463,20260304,202603,2026,2026.1753,,,,,,,,,,,BUS,BUSINESS,,,,,,BUS,,,1,100,100,10,3,-5.0,5,1,5,4.51807228915663,0,,,,,,,,4,"Kandal, KâóSpoe, Cambodia",CB,CB04,12362,11.7152,103.816,-1026826,4,"Kandal, KâóSpoe, Cambodia",CB,CB04,12362,11.7152,103.816,-1026826,20260304154500,https://www.akp.gov.kh/post/detail/363994
1292361464,20260304,202603,2026,2026.1753,,,,,,,,,,,BUS,INDUSTRY,,,,,,BUS,,,0,111,111,11,3,-2.0,5,1,5,5.8516196447231,0,,,,,,,,2,"Texas, United States",US,USTX,,31.106,-97.6475,TX,2,"Texas, United States",US,USTX,,31.106,-97.6475,TX,20260304154500,http://www.prnewswire.com/news-releases/apro-ceo-releases-new-book-defining-the-past-present-and-future-of-rent-to-own-302703718.html
1292361465,20260304,202603,2026,2026.1753,,,,,,,,,,,BUS,INDUSTRY,,,,,,BUS,,,1,190,190,19,4,-10.0,10,1,10,5.01002004008016,0,,,,,,,,4,"Manila, Manila, Philippines",RP,RPD9,24210,14.6042,120.982,-2437894,4,"Manila, Manila, Philippines",RP,RPD9,24210,14.6042,120.982,-2437894,20260304154500,https://www.manilatimes.net/2026/03/04/tmt-newswire/globenewswire/questex-demonstrates-proven-acquisition-playbook-driving-growth-across-living-and-life-sciences-markets/2293325
1292361466,20260304,202603,2026,2026.1753,,,,,,,,,,,CHE,SWISS,CHE,,,,,,,,1,40,40,4,1,1.0,2,1,2,5.23809523809523,0,,,,,,,,1,Switzerland,SZ,SZ,,47.0,8.0,SZ,1,Bangladesh,BG,BG,,24.0,90.0,BG,20260304154500,https://www.tbsnews.net/bangladesh/swiss-envoy-meets-fakhrul-discusses-trade-investment-and-rural-development-1377406
1292361467,20260304,202603,2026,2026.1753,,,,,,,,,,,CHECHR,BALE,CHE,,,CHR,,,,,1,42,42,4,1,1.9,6,1,6,-0.18083182640145,0,,,,,,,,2,"New York, United States",US,USNY,,42.1497,-74.9384,NY,2,"New York, United States",US,USNY,,42.1497,-74.9384,NY,20260304154500,https://www.aol.co.uk/articles/jake-gyllenhaal-reads-meaningful-note-151918069.html
1292361468,20260304,202603,2026,2026.1753,,,,,,,,,,,CHEGOV,SWISS,CHE,,,,,GOV,,,1,46,46,4,1,7.0,3,1,3,5.23809523809523,0,,,,,,,,1,Switzerland,SZ,SZ,,47.0,8.0,SZ,1,Switzerland,SZ,SZ,,47.0,8.0,SZ,20260304154500,https://www.tbsnews.net/bangladesh/swiss-envoy-meets-fakhrul-discusses-trade-investment-and-rural-development-1377406
1292361469,20260304,202603,2026,2026.1753,,,,,,,,,,,CHN,CHINA,CHN,,,,,,,,1,36,36,3,1,4.0,8,1,8,4.08163265306122,0,,,,,,,,4,"Hutong, Guangdong, China",CH,CH30,13057,22.0708,110.627,6001055,4,"Hutong, Guangdong, China",CH,CH30,13057,22.0708,110.627,6001055,20260304154500,https://www.thespiritsbusiness.com/2026/03/millie-tang-partners-with-hutong-in-london/
1292361470,20260304,202603,2026,2026.1753,,,,,,,,,,,CHN,CHINA,CHN,,,,,,,,1,51,51,5,1,3.4,10,1,10,2.20588235294118,0,,,,,,,,1,Canada,CA,CA,,60.0,-96.0,CA,1,Canada,CA,CA,,60.0,-96.0,CA,20260304154500,https://www.prnewswire.com/news-releases/frontage-laboratories-completes-acquisition-of-teddy-lab-strengthening-global-central-laboratory-capabilities-302704080.html
1292361471,20260304,202603,2026,2026.1753,,,,,,,,,,,CHN,CHINA,CHN,,,,,,,,1,57,57,5,1,8.0,8,1,8,1.9349164467898,0,,,,,,,,4,"Leju, Guizhou, China",CH,CH18,13003,28.7617,108.046,-3842337,4,"Leju, Guizhou, China",CH,CH18,13003,28.7617,108.046,-3842337,20260304154500,https://autonews.gasgoo.com/articles/market-industry/schaeffler-partners-with-leju-why-are-tier-1-giants-racing-into-humanoid-robotics-2029182654044278784
1292361472,20260304,202603,2026,2026.1753,,,,,,,,,,,CHN,SUZHOU,CHN,,,,,,,,1,57,57,5,1,8.0,2,1,2,1.9349164467898,0,,,,,,,,4,"Suzhou, Jiangsu, China",CH,CH04,13148,31.3114,120.618,79514,4,"Leju, Guizhou, China",CH,CH18,13003,28.7617,108.046,-3842337,20260304154500,https://autonews.gasgoo.com/articles/market-industry/schaeffler-partners-with-leju-why-are-tier-1-giants-racing-into-humanoid-robotics-2029182654044278784
1292361473,20260304,202603,2026,2026.1753,,,,,,,,,,,CHNBUS,CHINA,CHN,,,,,BUS,,,1,130,130,13,3,-4.4,10,1,10,3.70370370370371,0,,,,,,,,4,"Chengzhong, Guangxi, China",CH,CH16,13058,22.1682,107.007,-1900467,4,"Chengzhong, Guangxi, China",CH,CH16,13058,22.1682,107.007,-1900467,20260304154500,https://autonews.gasgoo.com/articles/market-industry/2026-two-sessions-delixis-hu-chengzhong-urges-accelerating-solid-state-battery-standards-and-technology-breakthroughs-2029173355649794049
1292361475,20260304,202603,2026,2026.1753,,,,,,,,,,,COP,POLICE,,,,,,COP,,,1,43,43,4,1,2.8,10,1,10,-10.9510086455332,0,,,,,,,,4,"Bengaluru, Karnataka, India",IN,IN19,70159,12.9833,77.5833,-2090174,4,"Bengaluru, Karnataka, India",IN,IN19,70159,12.9833,77.5833,-2090174,20260304154500,https://indianexpress.com/article/cities/bangalore/from-unnatural-death-to-murder-22-yr-old-man-held-for-killing-disabled-uncle-over-rented-house-dispute-in-bengaluru-10564749/
1292361476,20260304,202603,2026,2026.1753,,,,,,,,,,,DEU,MUNICH,DEU,,,,,,,,0,43,43,4,1,2.8,2,1,2,-2.49294449670743,0,,,,,,,,4,"Tehran, Tehran, Iran",IR,IR26,41130,35.75,51.5148,10074674,4,"Tehran, Tehran, Iran",IR,IR26,41130,35.75,51.5148,10074674,20260304154500,https://www.presstv.ir/Detail/2026/02/14/764052/the-munich-paradox-a-security-forums-embrace-of-war-advocates-under-the-guise-of-dialogue%20class=hover-effect
1292361477,20260304,202603,2026,2026.1753,,,,,,,,,,,EDU,SCHOOL,,,,,,EDU,,,0,42,42,4,1,1.9,6,1,6,-6.52709359605911,0,,,,,,,,3,"Hollywood, California, United States",US,USCA,CA037,34.0983,-118.327,1660757,3,"Hollywood, California, United States",US,USCA,CA037,34.0983,-118.327,1660757,20260304154500,https://www.koimoi.com/hollywood-news/all-scream-movies-ranked-how-the-1996-original-compares-to-scream-7/
1292361478,20260304,202603,2026,2026.1753,,,,,,,,,,,EDU,SCHOOL,,,,,,EDU,,,1,51,51,5,1,3.4,10,1,10,7.17821782178218,0,,,,,,,,2,"Wisconsin, United States",US,USWI,,44.2563,-89.6385,WI,2,"Wisconsin, United States",US,USWI,,44.2563,-89.6385,WI,20260304154500,https://www.wispolitics.com/2026/carthage-college-dedicates-duncan-family-nursing-education-center-announces-200000-scholarship-match/
1292361479,20260304,202603,2026,2026.1753,,,,,,,,,,,EDU,SCHOOL,,,,,,EDU,,,1,180,180,18,4,-9.0,3,1,3,-10.0,0,,,,,,,,4,"Minab, Sistan va Baluchestan, Iran",IR,IR04,41051,25.7893,61.1025,293743,1,Israel,IS,IS,,31.5,34.75,IS,20260304154500,https://www.islamicinvitationturkey.com/us-israeli-strikes-target-another-girls-school-in-iran/
1292361480,20260304,202603,2026,2026.1753,,,,,,,,,,,EDU,SCHOOL,,,,,,EDU,,,0,190,190,19,4,-10.0,6,1,6,-6.52709359605911,0,,,,,,,,3,"Hollywood, California, United States",US,USCA,CA037,34.0983,-118.327,1660757,3,"Hollywood, California, United States",US,USCA,CA037,34.0983,-118.327,1660757,20260304154500,https://www.koimoi.com/hollywood-news/all-scream-movies-ranked-how-the-1996-original-compares-to-scream-7/
1292361481,20260304,202603,2026,2026.1753,,,,,,,,,,,EGY,EGYPT,EGY,,,,,,,,1,173,173,17,4,-5.0,4,1,4,-5.67226890756306,0,,,,,,,,1,Egypt,EG,EG,,27.0,30.0,EG,1,Egypt,EG,EG,,27.0,30.0,EG,20260304154500,https://balkaninsight.com/2026/03/04/greek-final-court-decision-rules-that-golden-dawn-is-a-criminal-organisation/
1292361482,20260304,202603,2026,2026.1753,,,,,,,,,,,EGY,EGYPT,EGY,,,,,,,,1,190,190,19,4,-10.0,4,1,4,-5.67226890756306,0,,,,,,,,1,Egypt,EG,EG,,27.0,30.0,EG,1,Egypt,EG,EG,,27.0,30.0,EG,20260304154500,https://balkaninsight.com/2026/03/04/greek-final-court-decision-rules-that-golden-dawn-is-a-criminal-organisation/
1292361483,20260304,202603,2026,2026.1753,,,,,,,,,,,EUR,EUROPEAN,EUR,,,,,,,,0,42,42,4,1,1.9,8,1,8,3.45744680851064,0,,,,,,,,4,"Bucharest, Bucuresti, Romania",RO,RO10,25006,44.4333,26.1,-1153951,4,"Bucharest, Bucuresti, Romania",RO,RO10,25006,44.4333,26.1,-1153951,20260304154500,https://www.stiripesurse.ro/bulgarias-national-day-celebrated-at-the-romanian-parliament-the-worlds-second-largest-administrative-building_3864627
1292361484,20260304,202603,2026,2026.1753,,,,,,,,,,,EUR,EUROPEAN,EUR,,,,,,,,0,42,42,4,1,1.9,2,1,2,3.45744680851064,0,,,,,,,,4,"Grivitsa, Pleven, Bulgaria",BU,BU50,11964,43.4167,24.7,-834430,4,"Grivitsa, Pleven, Bulgaria",BU,BU50,11964,43.4167,24.7,-834430,20260304154500,https://www.stiripesurse.ro/bulgarias-national-day-celebrated-at-the-romanian-parliament-the-worlds-second-largest-administrative-building_3864627
1292361485,20260304,202603,2026,2026.1753,,,,,,,,,,,FIN,FINLAND,FIN,,,,,,,,1,42,42,4,1,1.9,4,1,4,-1.01925254813137,0,,,,,,,,4,"Munich, Bayern, Germany",GM,GM02,16532,48.15,11.5833,-1829149,4,"Munich, Bayern, Germany",GM,GM02,16532,48.15,11.5833,-1829149,20260304154500,https://timesofindia.indiatimes.com/life-style/spotlight/two-170-year-old-beer-bottles-found-in-a-shipwreck-from-baltic-sea-scientists-test-if-they-are-still-drinkable/articleshow/129034185.cms
1292361486,20260304,202603,2026,2026.1753,,,,,,,,,,,FRA,FRENCH,FRA,,,,,,,,1,100,100,10,3,-5.0,10,1,10,-0.49140049140049,0,,,,,,,,1,France,FR,FR,,46.0,2.0,FR,1,France,FR,FR,,46.0,2.0,FR,20260304154500,https://www.thespiritsbusiness.com/2026/03/calvados-sales-dip-in-2025/
1292361487,20260304,202603,2026,2026.1753,,,,,,,,,,,GBR,UNITED KINGDOM,GBR,,,,,,,,1,14,14,1,1,0.0,5,1,5,-3.7243947858473,0,,,,,,,,4,"Salford, Salford, United Kingdom",UK,UKL5,40111,53.4833,-2.26667,-2606975,4,"Salford, Salford, United Kingdom",UK,UKL5,40111,53.4833,-2.26667,-2606975,20260304154500,https://www.express.co.uk/news/world/2178110/iran-control-straight-of-hormuz
1292361488,20260304,202603,2026,2026.1753,,,,,,,,,,,GBR,UNITED KINGDOM,GBR,,,,,,,,1,40,40,4,1,1.0,2,1,2,-0.5730659025788,0,,,,,,,,4,"Frinton, Essex, United Kingdom",UK,UKE4,40108,51.8333,1.25,-2596568,4,"Frinton, Essex, United Kingdom",UK,UKE4,40108,51.8333,1.25,-2596568,20260304154500,https://www.clactonandfrintongazette.co.uk/news/national/uk-today/25906553.helen-skelton-calls-out-doctor-bbcs-morning-live/
1292361489,20260304,202603,2026,2026.1753,,,,,,,,,,,GBR,BRITISH,GBR,,,,,,,,1,40,40,4,1,1.0,2,1,2,2.53411306042885,0,,,,,,,,4,"London, London, City of, United Kingdom",UK,UKH9,40110,51.5,-0.116667,-2601889,1,Kyrgyzstan,KG,KG,,41.0,75.0,KG,20260304154500,https://timesca.com/tag/ca5uk/
1292361490,20260304,202603,2026,2026.1753,,,,,,,,,,,GBR,UNITED KINGDOM,GBR,,,,,,,,1,42,42,4,1,1.9,16,1,8,2.56410256410256,0,,,,,,,,4,"Leicester, Leicester, United Kingdom",UK,UKH4,40124,52.6333,-1.13333,-2600961,4,"Leicester, Leicester, United Kingdom",UK,UKH4,40124,52.6333,-1.13333,-2600961,20260304154500,https://www.leicestermercury.co.uk/whats-on/music-nightlife/legendary-leicester-music-venue-hosted-10847319
1292361491,20260304,202603,2026,2026.1753,,,,,,,,,,,GBR,SCOTLAND,GBR,,,,,,,,0,51,51,5,1,3.4,7,1,7,3.81165919282511,0,,,,,,,,4,"River Tweed, Northumberland, United Kingdom",UK,UKJ6,40125,55.7667,-2.0,-2610340,4,"River Tweed, Northumberland, United Kingdom",UK,UKJ6,40125,55.7667,-2.0,-2610340,20260304154500,https://www.bordertelegraph.com/news/25903342.harp-school-receives-funding-teach-create-instrument-hub/
1292361492,20260304,202603,2026,2026.1753,,,,,,,,,,,GOV,PRIME MINISTER,,,,,,GOV,,,1,40,40,4,1,1.0,10,1,10,0.76335877862595,0,,,,,,,,4,"Vaimauga, Samoa (general), Samoa",WS,WS00,25301,-13.8333,-171.717,-1307659,4,"Vaimauga, Samoa (general), Samoa",WS,WS00,25301,-13.8333,-171.717,-1307659,20260304154500,https://www.samoaobserver.ws/category/samoa/118763
1292361493,20260304,202603,2026,2026.1753,,,,,,,,,,,HLH,DOCTOR,,,,,,HLH,,,1,20,20,2,1,3.0,7,1,6,-0.5730659025788,0,,,,,,,,4,"Frinton, Essex, United Kingdom",UK,UKE4,40108,51.8333,1.25,-2596568,4,"Frinton, Essex, United Kingdom",UK,UKE4,40108,51.8333,1.25,-2596568,20260304154500,https://www.clactonandfrintongazette.co.uk/news/national/uk-today/25906553.helen-skelton-calls-out-doctor-bbcs-morning-live/
1292361494,20260304,202603,2026,2026.1753,,,,,,,,,,,HLH,HOSPITAL,,,,,,HLH,,,1,42,42,4,1,1.9,10,1,10,-7.11297071129707,0,,,,,,,,4,"West Midlands, United Kingdom (general), United Kingdom",UK,UK00,40136,52.5,-1.96667,-2611326,4,"West Midlands, United Kingdom (general), United Kingdom",UK,UK00,40136,52.5,-1.96667,-2611326,20260304154500,https://www.birminghammail.co.uk/news/midlands-news/teenager-badly-injured-serious-fall-33530488
1292361495,20260304,202603,2026,2026.1753,,,,,,,,,,,IGOUNO,UNITED NATIONS,,UNO,,,,IGO,,,1,18,18,1,1,3.4,1,1,1,-4.05405405405405,0,,,,,,,,4,"Minab, Sistan va Baluchestan, Iran",IR,IR04,41051,25.7893,61.1025,293743,4,"Minab, Sistan va Baluchestan, Iran",IR,IR04,41051,25.7893,61.1025,293743,20260304154500,https://www.myjoyonline.com/un-deeply-disturbed-by-strike-on-iran-school-that-killed-160-children/
1292361496,20260304,202603,2026,2026.1753,,,,,,,,,,,IRL,IRELAND,IRL,,,,,,,,1,43,43,4,1,2.8,6,1,6,13.7096774193548,0,,,,,,,,4,"Athlone, Westmeath, Ireland",EI,EI29,18307,53.4333,-7.95,-1500280,5,"Westmeath, Westmeath, Ireland",EI,EI29,18307,53.5,-7.5,-1506168,20260304154500,https://www.westmeathindependent.ie/2026/03/04/athlone-and-moate-area-dominate-at-leinster-regional-restaurant-awards/
1292361497,20260304,202603,2026,2026.1753,,,,,,,,,,,IRL,IRELAND,IRL,,,,,,,,1,43,43,4,1,2.8,10,1,8,13.7096774193548,0,,,,,,,,5,"Westmeath, Westmeath, Ireland",EI,EI29,18307,53.5,-7.5,-1506168,5,"Westmeath, Westmeath, Ireland",EI,EI29,18307,53.5,-7.5,-1506168,20260304154500,https://www.westmeathindependent.ie/2026/03/04/athlone-and-moate-area-dominate-at-leinster-regional-restaurant-awards/
1292361498,20260304,202603,2026,2026.1753,,,,,,,,,,,IRN,IRAN,IRN,,,,,,,,1,40,40,4,1,1.0,1,1,1,-7.62195121951219,0,,,,,,,,1,Iran,IR,IR,,32.0,53.0,IR,2,"Alabama, United States",US,USAL,,32.799,-86.8073,AL,20260304154500,https://crooksandliars.com/2026/03/absolute-dumbest-man-politics-thinks-youre
1292361499,20260304,202603,2026,2026.1753,,,,,,,,,,,IRN,IRAN,IRN,,,,,,,,1,42,42,4,1,1.9,6,1,6,-7.86240786240786,0,,,,,,,,1,Norway,NO,NO,,62.0,10.0,NO,1,Norway,NO,NO,,62.0,10.0,NO,20260304154500,https://www.aljazeera.com/news/2026/3/4/hegseth-says-more-us-forces-arriving-in-middle-east-as-iran-war-ramps-up
1292361500,20260304,202603,2026,2026.1753,,,,,,,,,,,IRN,IRAN,IRN,,,,,,,,1,52,52,5,1,3.5,10,1,10,-2.98507462686567,0,,,,,,,,1,United Kingdom,UK,UK,,54.0,-4.0,UK,1,United Kingdom,UK,UK,,54.0,-4.0,UK,20260304154500,https://www.standard.co.uk/news/politics/keir-starmer-iran-government-british-prime-minister-b1273446.html
1292361501,20260304,202603,2026,2026.1753,,,,,,,,,,,IRN,IRAN,IRN,,,,,,,,1,111,111,11,3,-2.0,10,5,10,-1.12913186883556,0,,,,,,,,4,"Makran, Mazandaran, Iran",IR,IR35,41093,36.7047,53.2279,-3073635,4,"Makran, Mazandaran, Iran",IR,IR35,41093,36.7047,53.2279,-3073635,20260304154500,https://www.thetimes-tribune.com/2026/03/04/sri-lanka-iran-warship-bodies/
1292361502,20260304,202603,2026,2026.1753,,,,,,,,,,,IRN,IRAN,IRN,,,,,,,,1,111,111,11,3,-2.0,2,1,2,-0.97087378640777,0,,,,,,,,4,"Bangkok, Krung Thep Mahanakhon, Thailand",TH,TH40,26423,13.75,100.517,-3250083,4,"Bangkok, Krung Thep Mahanakhon, Thailand",TH,TH40,26423,13.75,100.517,-3250083,20260304154500,https://www.clickondetroit.com/news/world/2026/03/04/sri-lanka-says-an-iranian-warship-has-sunk-off-its-coast-in-the-indian-ocean/
1292361503,20260304,202603,2026,2026.1753,,,,,,,,,,,IRN,IRANIAN,IRN,,,,,,,,1,111,111,11,3,-2.0,8,1,8,-11.1111111111111,0,,,,,,,,4,"Belgrano, Distrito Federal, Argentina",AR,AR07,22379,-34.5608,-58.46,-978382,4,"Belgrano, Distrito Federal, Argentina",AR,AR07,22379,-34.5608,-58.46,-978382,20260304154500,https://www.express.co.uk/news/world/2178254/iran-warship-sinking-pete-hegseth-falklands-war-general-belgrano
1292361504,20260304,202603,2026,2026.1753,,,,,,,,,,,IRN,IRAN,IRN,,,,,,,,1,111,111,11,3,-2.0,8,4,8,-1.16869638944251,0,,,,,,,,1,South Africa,SF,SF,,-30.0,26.0,SF,1,South Africa,SF,SF,,-30.0,26.0,SF,20260304154500,https://www.thetimes-tribune.com/2026/03/04/sri-lanka-iran-warship-bodies/
1292361505,20260304,202603,2026,2026.1753,,,,,,,,,,,IRNEDU,IRAN,IRN,,,,,EDU,,,1,180,180,18,4,-9.0,2,1,2,-10.0,0,,,,,,,,4,"Minab, Sistan va Baluchestan, Iran",IR,IR04,41051,25.7893,61.1025,293743,1,Israel,IS,IS,,31.5,34.75,IS,20260304154500,https://www.islamicinvitationturkey.com/us-israeli-strikes-target-another-girls-school-in-iran/
1292361506,20260304,202603,2026,2026.1753,,,,,,,,,,,ITAMIL,MILAN,ITA,,,,,MIL,,,0,62,62,6,2,7.4,84,1,84,-4.9235022276009,0,,,,,,,,4,"Milan, Lombardia, Italy",IT,IT09,18363,45.4667,9.2,-121726,4,"Milan, Lombardia, Italy",IT,IT09,18363,45.4667,9.2,-121726,20260304154500,https://newsradio1290wtks.iheart.com/content/2026-03-04-us-submarine-sinks-iranian-warship-in-the-indian-ocean/
1292361507,20260304,202603,2026,2026.1753,,,,,,,,,,,KGZ,KYRGYZSTAN,KGZ,,,,,,,,1,130,130,13,3,-4.4,10,1,10,-1.52284263959391,0,,,,,,,,1,Kazakhstan,KZ,KZ,,48.0,68.0,KZ,1,Kazakhstan,KZ,KZ,,48.0,68.0,KZ,20260304154500,https://timesca.com/middle-east-conflict-tests-central-asias-trade-routes-and-energy-security/
1292361508,20260304,202603,2026,2026.1753,,,,,,,,,,,KHM,CAMBODIAN,KHM,,,,,,,,1,42,42,4,1,1.9,7,1,7,-0.626959247648899,0,,,,,,,,4,"Thmar Puok, Banté Mé Cheay, Cambodia",CB,CB25,12379,13.9396,103.05,-1031069,4,"Thmar Puok, Banté Mé Cheay, Cambodia",CB,CB25,12379,13.9396,103.05,-1031069,20260304154500,https://www.akp.gov.kh/post/detail/363979
1292361509,20260304,202603,2026,2026.1753,,,,,,,,,,,KHM,PHNOM PENH,KHM,,,,,,,,1,43,43,4,1,2.8,5,1,5,3.57142857142857,0,,,,,,,,4,"Phnom Penh, (CB11), Cambodia",CB,CB11,12390,11.55,104.917,-1033783,4,"Phnom Penh, (CB11), Cambodia",CB,CB11,12390,11.55,104.917,-1033783,20260304154500,https://www.akp.gov.kh/post/detail/363992
1292361510,20260304,202603,2026,2026.1753,,,,,,,,,,,LAB,EMPLOYEE,,,,,,LAB,,,0,43,43,4,1,2.8,3,1,3,-1.01975780752072,0,,,,,,,,3,"Evanston, Illinois, United States",US,USIL,IL031,42.0411,-87.6901,408101,3,"Evanston, Illinois, United States",US,USIL,IL031,42.0411,-87.6901,408101,20260304154500,https://dailynorthwestern.com/2026/03/04/city/mayor-daniel-biss-isnt-afraid-to-make-waves-now-hes-aiming-for-washington/
1292361511,20260304,202603,2026,2026.1753,,,,,,,,,,,MDV,MALE,MDV,,,,,,,,1,190,190,19,4,-10.0,10,1,10,-7.11297071129707,0,,,,,,,,4,"West Midlands, United Kingdom (general), United Kingdom",UK,UK00,40136,52.5,-1.96667,-2611326,4,"West Midlands, United Kingdom (general), United Kingdom",UK,UK00,40136,52.5,-1.96667,-2611326,20260304154500,https://www.birminghammail.co.uk/news/midlands-news/teenager-badly-injured-serious-fall-33530488
1292361512,20260304,202603,2026,2026.1753,,,,,,,,,,,MED,MEDIA,,,,,,MED,,,0,213,21,2,1,3.4,6,1,6,0.82872928176795,0,,,,,,,,1,China,CH,CH,,35.0,105.0,CH,1,China,CH,CH,,35.0,105.0,CH,20260304154500,https://www.dailyrecord.co.uk/news/politics/anas-sarwar-backs-labour-over-36816477
1292361513,20260304,202603,2026,2026.1753,,,,,,,,,,,MED,PUBLICATION,,,,,,MED,,,0,40,40,4,1,1.0,10,1,10,2.89308176100629,0,,,,,,,,2,"California, United States",US,USCA,,36.17,-119.746,CA,2,"California, United States",US,USCA,,36.17,-119.746,CA,20260304154500,https://www.hola.com/us/royals/20260304887372/princess-martha-louise-home-delays-durek-verrett-norway-house-nightmare/
1292361514,20260304,202603,2026,2026.1753,,,,,,,,,,,MED,PUBLISHER,,,,,,MED,,,0,42,42,4,1,1.9,6,1,6,-2.59938837920489,0,,,,,,,,1,Germany,GM,GM,,51.5,10.5,GM,1,Germany,GM,GM,,51.5,10.5,GM,20260304154500,https://www.vol.at/ott-process-takacs-testifies-about-boat-accident/10027535
1292361515,20260304,202603,2026,2026.1753,,,,,,,,,,,MED,WEBSITE,,,,,,MED,,,1,42,42,4,1,1.9,10,1,10,-0.28248587570621,0,,,,,,,,1,India,IN,IN,,20.0,77.0,IN,1,India,IN,IN,,20.0,77.0,IN,20260304154500,https://www.jagranjosh.com/articles/rrb-ntpc-city-slip-2026-download-cbt-1-exam-city-link-and-admit-card-date-at-rrbcdg-gov-in-1800009384-1
1292361516,20260304,202603,2026,2026.1753,,,,,,,,,,,MIL,ARMY,,,,,,MIL,,,1,190,190,19,4,-10.0,1,1,1,-1.53172866520788,0,,,,,,,,4,"Rome, Lazio, Italy",IT,IT07,18350,41.9,12.4833,-126693,4,"Rome, Lazio, Italy",IT,IT07,18350,41.9,12.4833,-126693,20260304154500,https://aleteia.org/2022/03/04/when-st-casimir-chose-peace-instead-of-war-in-eastern-europe/
1292361517,20260304,202603,2026,2026.1753,,,,,,,,,,,MIL,ARMY,,,,,,MIL,,,1,190,190,19,4,-10.0,4,1,4,-1.53172866520788,0,,,,,,,,1,Hungary,HU,HU,,47.0,20.0,HU,1,Hungary,HU,HU,,47.0,20.0,HU,20260304154500,https://aleteia.org/2022/03/04/when-st-casimir-chose-peace-instead-of-war-in-eastern-europe/
1292361518,20260304,202603,2026,2026.1753,,,,,,,,,,,MOS,ISLAMIC,,,,MOS,,,,,0,190,190,19,4,-10.0,3,1,3,-4.28571428571429,0,,,,,,,,1,Israel,IS,IS,,31.5,34.75,IS,4,"Tehran, Tehran, Iran",IR,IR26,41130,35.75,51.5148,10074674,20260304154500,https://www.islamicinvitationturkey.com/araghchi-accuses-trump-of-diplomacy-breach-and-u-s-betrayal-with-iran-assault/
1292361519,20260304,202603,2026,2026.1753,,,,,,,,,,,NGACOP,NIGERIAN,NGA,,,,,COP,,,1,190,190,19,4,-10.0,6,1,6,-1.19047619047619,0,,,,,,,,4,"Abuja, Abuja Federal Capital Territory, Nigeria",NI,NI11,191147,9.08333,7.53333,-1997013,4,"Abuja, Abuja Federal Capital Territory, Nigeria",NI,NI11,191147,9.08333,7.53333,-1997013,20260304154500,https://www.nationalaccordnewspaper.com/u-s-embassy-warns-of-possible-iran-linked-protests-in-abuja-urges-citizens-to-stay-indoors/
1292361520,20260304,202603,2026,2026.1753,,,,,,,,,,,NGOHLHIRC,RED CROSS,,IRC,,,,NGO,HLH,,0,43,43,4,1,2.8,5,1,5,1.32575757575758,0,,,,,,,,4,"Geneva, Genè, Switzerland",SZ,SZ07,16329,46.1956,6.14811,-2552151,4,"Geneva, Genè, Switzerland",SZ,SZ07,16329,46.1956,6.14811,-2552151,20260304154500,https://www.swissinfo.ch/eng/international-geneva/swiss-lawmakers-save-funding-for-red-cross-museum-in-geneva/91038139
1292361521,20260304,202603,2026,2026.1753,,,,,,,,,,,NOR,NORWAY,NOR,,,,,,,,1,42,42,4,1,1.9,6,1,6,2.89308176100629,0,,,,,,,,4,"Geiranger, Møg Romsdal, Norway",NO,NO08,23289,62.1,7.2,-259538,4,"Geiranger, Møg Romsdal, Norway",NO,NO08,23289,62.1,7.2,-259538,20260304154500,https://www.hola.com/us/royals/20260304887372/princess-martha-louise-home-delays-durek-verrett-norway-house-nightmare/
1292361522,20260304,202603,2026,2026.1753,,,,,,,,,,,OPP,DISSENTER,,,,,,OPP,,,0,111,111,11,3,-2.0,5,1,5,-2.10526315789473,0,,,,,,,,3,"Bryce Canyon, Utah, United States",US,USUT,,37.6283,-112.168,1439206,3,"Bryce Canyon, Utah, United States",US,USUT,,37.6283,-112.168,1439206,20260304154500,https://www.yahoo.com/news/articles/opinion-why-management-plan-grand-140000159.html
1292361523,20260304,202603,2026,2026.1753,,,,,,,,,,,OPP,THE OPPOSITION,,,,,,OPP,,,0,130,130,13,3,-4.4,10,1,10,3.17002881844381,0,,,,,,,,4,"Kaduna, Kaduna, Nigeria",NI,NI23,22832,10.5231,7.44028,-2014086,4,"Kaduna, Kaduna, Nigeria",NI,NI23,22832,10.5231,7.44028,-2014086,20260304154500,https://pmnewsnigeria.com/2026/03/04/2027-i-have-no-preferred-candidates-kaduna-gov-uba-sani/
1292361524,20260304,202603,2026,2026.1753,,,,,,,,,,,PAK,PAKISTAN,PAK,,,,,,,,0,100,100,10,3,-5.0,1,1,1,-3.91404451266308,0,,,,,,,,4,"Tehran, Tehran, Iran",IR,IR26,41130,35.75,51.5148,10074674,4,"Tehran, Tehran, Iran",IR,IR26,41130,35.75,51.5148,10074674,20260304154500,https://www.foxla.com/news/iran-war-continues-march-4-2026
1292361525,20260304,202603,2026,2026.1753,,,,,,,,,,,PAN,PANAMA,PAN,,,,,,,,1,80,80,8,2,5.0,10,1,10,-9.21052631578948,0,,,,,,,,1,Panama,PM,PM,,9.0,-80.0,PM,1,Panama,PM,PM,,9.0,-80.0,PM,20260304154500,https://www.tvguide.co.uk/schedule/056ce995-687e-5564-914e-e083dbd8efee/the-fall-guy
1292361526,20260304,202603,2026,2026.1753,,,,,,,,,,,PSE,PALESTINE,PSE,,,,,,,,0,51,51,5,1,3.4,9,1,9,-2.93757649938801,0,,,,,,,,4,"New Delhi, Delhi, India",IN,IN07,17911,28.6,77.2,-2106102,4,"New Delhi, Delhi, India",IN,IN07,17911,28.6,77.2,-2106102,20260304154500,https://www.presstv.ir/Detail/2026/02/27/764806/modi-israel-visit-shows-morality-no-longer-guides-india-foreign-policy-journalist
1292361527,20260304,202603,2026,2026.1753,,,,,,,,,,,PSE,PALESTINE,PSE,,,,,,,,0,51,51,5,1,3.4,2,1,2,-2.93757649938801,0,,,,,,,,4,"New Delhi, Delhi, India",IN,IN07,17911,28.6,77.2,-2106102,1,Pakistan,PK,PK,,30.0,70.0,PK,20260304154500,https://www.presstv.ir/Detail/2026/02/27/764806/modi-israel-visit-shows-morality-no-longer-guides-india-foreign-policy-journalist
1292361528,20260304,202603,2026,2026.1753,,,,,,,,,,,PTY,POLITICAL PARTIES,,,,,,,,,0,190,190,19,4,-10.0,3,1,3,0.7185628742515,0,,,,,,,,5,"Akwa Ibom State, Akwa Ibom, Nigeria",NI,NI21,191377,5.0,7.83333,-1998981,5,"Akwa Ibom State, Akwa Ibom, Nigeria",NI,NI21,191377,5.0,7.83333,-1998981,20260304154500,https://www.naijanews.com/2026/03/04/electoral-act-inec-begins-review-of-2022-regulations-and-guidelines-for-political-parties/
1292361529,20260304,202603,2026,2026.1753,,,,,,,,,,,QAT,DOHA,QAT,,,,,,,,0,36,36,3,1,4.0,6,1,6,-2.57648953301127,0,,,,,,,,4,"Doha, Ad Daw?ah, Qatar",QA,QA01,25307,25.2867,51.5333,-785169,4,"Doha, Ad Daw?ah, Qatar",QA,QA01,25307,25.2867,51.5333,-785169,20260304154500,https://www.upi.com/Top_News/World-News/2026/03/04/evacuate-americans-middle-east-war/9141772636040/
1292361530,20260304,202603,2026,2026.1753,,,,,,,,,,,QAT,QATAR,QAT,,,,,,,,1,130,130,13,3,-4.4,2,1,2,-3.69774919614147,0,,,,,,,,4,"Ras Laffan, Al Khawr, Qatar",QA,QA04,25307,25.9086,51.5783,-785460,4,"Ras Laffan, Al Khawr, Qatar",QA,QA04,25307,25.9086,51.5783,-785460,20260304154500,https://www.rigzone.com/news/qatarenergy_stops_lng_some_downstream_production-04-mar-2026-183124-article/
1292361531,20260304,202603,2026,2026.1753,,,,,,,,,,,RUS,RUSSIA,RUS,,,,,,,,0,30,30,3,1,4.0,2,1,2,-2.59938837920489,0,,,,,,,,1,Russia,RS,RS,,60.0,100.0,RS,4,"Ankara, Ankara, Turkey",TU,TU68,27516,39.9272,32.8644,-735338,20260304154500,https://www.vol.at/ott-process-takacs-testifies-about-boat-accident/10027535
1292361532,20260304,202603,2026,2026.1753,,,,,,,,,,,RUS,RUSSIA,RUS,,,,,,,,1,36,36,3,1,4.0,1,1,1,-7.37704918032787,0,,,,,,,,4,"Kremlin, Moskva, Russia",RS,RS48,25106,55.7522,37.6156,-2960561,4,"Druzhba, Odes'ka Oblast, Ukraine",UP,UP17,28558,46.8216,30.075,-1058449,20260304154500,https://www.yahoo.com/news/articles/hungary-presses-russia-not-hike-134651378.html
1292361533,20260304,202603,2026,2026.1753,,,,,,,,,,,RUS,RUSSIA,RUS,,,,,,,,1,42,42,4,1,1.9,10,1,10,0.0,0,,,,,,,,4,"Bulava, Khabarovskiy Kray, Russia",RS,RS30,25057,51.9167,140.417,-2894108,4,"Bulava, Khabarovskiy Kray, Russia",RS,RS30,25057,51.9167,140.417,-2894108,20260304154500,https://www.thebarentsobserver.com/security/not-all-eyes-are-on-the-middle-eastnbsp/446158
1292361534,20260304,202603,2026,2026.1753,,,,,,,,,,,RUS,RUSSIAN,RUS,,,,,,,,0,51,51,5,1,3.4,8,1,8,-3.75494071146245,0,,,,,,,,4,"Primorsk, Orenburgskaya Oblast', Russia",RS,RS55,25084,51.8862,58.8888,9059834,4,"Primorsk, Orenburgskaya Oblast', Russia",RS,RS55,25084,51.8862,58.8888,9059834,20260304154500,https://www.rigzone.com/news/wire/russian_oil_remains_cheap-04-mar-2026-183126-article/
1292361535,20260304,202603,2026,2026.1753,,,,,,,,,,,RUS,RUSSIA,RUS,,,,,,,,1,111,111,11,3,-2.0,3,1,3,-5.66666666666667,0,,,,,,,,1,Russia,RS,RS,,60.0,100.0,RS,4,"Dnipropetrovsk, Dnipropetrovs'ka Oblast', Ukraine",UP,UP04,28546,48.463,35.039,-1037865,20260304154500,https://nypost.com/2026/03/04/world-news/russian-drone-hits-empty-passenger-train-in-ukraines-south/
1292361536,20260304,202603,2026,2026.1753,,,,,,,,,,,USA,UNITED STATES,USA,,,,,,,,0,36,36,3,1,4.0,2,1,2,-3.20924261874197,0,,,,,,,,2,"Wisconsin, United States",US,USWI,,44.2563,-89.6385,WI,2,"Texas, United States",US,USTX,,31.106,-97.6475,TX,20260304154500,https://talkingpointsmemo.com/news/embattled-gonzales-and-right-wing-youtuber-set-to-face-off-in-a-runoff
1292361537,20260304,202603,2026,2026.1753,,,,,,,,,,,USA,UNITED STATES,USA,,,,,,,,0,36,36,3,1,4.0,2,1,2,-3.20924261874197,0,,,,,,,,2,"Wisconsin, United States",US,USWI,,44.2563,-89.6385,WI,2,"Wisconsin, United States",US,USWI,,44.2563,-89.6385,WI,20260304154500,https://talkingpointsmemo.com/news/embattled-gonzales-and-right-wing-youtuber-set-to-face-off-in-a-runoff
1292361538,20260304,202603,2026,2026.1753,,,,,,,,,,,USA,UNITED STATES,USA,,,,,,,,1,40,40,4,1,1.0,4,1,4,3.52941176470589,0,,,,,,,,3,"Brooklyn, New York, United States",US,USNY,NY025,42.3442,-75.1704,944840,3,"Brooklyn, New York, United States",US,USNY,NY025,42.3442,-75.1704,944840,20260304154500,https://www.bhg.com/interior-designer-outdated-decor-picks-march-2026-11918087
1292361539,20260304,202603,2026,2026.1753,,,,,,,,,,,USA,THE US,USA,,,,,,,,0,42,42,4,1,1.9,10,1,10,1.78913738019169,0,,,,,,,,4,"Dublin, Dublin, Ireland",EI,EI07,18288,53.3331,-6.24889,-1502554,4,"Dublin, Dublin, Ireland",EI,EI07,18288,53.3331,-6.24889,-1502554,20260304154500,https://www.businessinsider.com/moving-to-ireland-from-united-states-things-to-know-advice-2026-3
1292361540,20260304,202603,2026,2026.1753,,,,,,,,,,,USA,YOSEMITE,USA,,,,,,,,0,42,42,4,1,1.9,5,1,5,-2.10526315789473,0,,,,,,,,3,"Bryce Canyon, Utah, United States",US,USUT,,37.6283,-112.168,1439206,3,"Bryce Canyon, Utah, United States",US,USUT,,37.6283,-112.168,1439206,20260304154500,https://www.yahoo.com/news/articles/opinion-why-management-plan-grand-140000159.html
1292361541,20260304,202603,2026,2026.1753,,,,,,,,,,,USA,UNITED STATES,USA,,,,,,,,0,42,42,4,1,1.9,7,1,7,12.7747252747252,0,,,,,,,,3,"Nuestro, California, United States",US,USCA,CA101,39.1838,-121.662,1659262,3,"Nuestro, California, United States",US,USCA,CA101,39.1838,-121.662,1659262,20260304154500,https://www.upi.com/Entertainment_News/Movies/2026/03/04/awards-oscars-grammys-golden-globes/5721767707522/
1292361542,20260304,202603,2026,2026.1753,,,,,,,,,,,USA,UNITED STATES,USA,,,,,,,,1,42,42,4,1,1.9,4,1,4,-1.91387559808612,0,,,,,,,,3,"Las Vegas, Nevada, United States",US,USNV,,36.175,-115.137,847388,3,"Las Vegas, Nevada, United States",US,USNV,,36.175,-115.137,847388,20260304154500,https://decider.com/2026/03/04/wwhl-tom-sandoval-reveals-lindsay-hubbard-bravocon-fight/
1292361543,20260304,202603,2026,2026.1753,,,,,,,,,,,USA,LOS ANGELES,USA,,,,,,,,1,42,42,4,1,1.9,10,1,10,5.4054054054054,0,,,,,,,,1,Jordan,JO,JO,,31.0,36.0,JO,1,Jordan,JO,JO,,31.0,36.0,JO,20260304154500,https://www.billboard.com/music/awards/sankofa-org-social-justice-awards-2026-honorees-chuck-d-1236191219/
1292361544,20260304,202603,2026,2026.1753,,,,,,,,,,,USA,RALEIGH,USA,,,,,,,,0,43,43,4,1,2.8,4,1,4,-2.57400257400257,0,,,,,,,,3,"Raleigh, North Carolina, United States",US,USNC,NC183,35.7721,-78.6386,1024242,3,"Raleigh, North Carolina, United States",US,USNC,NC183,35.7721,-78.6386,1024242,20260304154500,https://www.ibtimes.com.au/tornado-warning-statewide-tornado-drills-sweep-multiple-states-severe-weather-prompts-siren-tests-1862639
1292361545,20260304,202603,2026,2026.1753,,,,,,,,,,,USA,ILLINOIS,USA,,,,,,,,0,100,100,10,3,-5.0,2,1,2,-2.75526742301459,0,,,,,,,,3,"Shelbyville, Illinois, United States",US,USIL,IL173,39.4064,-88.7901,418336,3,"Shelbyville, Illinois, United States",US,USIL,IL173,39.4064,-88.7901,418336,20260304154500,https://www.yahoo.com/news/articles/illinois-lawmaker-supports-epa-rollback-151400832.html
1292361546,20260304,202603,2026,2026.1753,,,,,,,,,,,USA,UNITED STATES,USA,,,,,,,,0,100,100,10,3,-5.0,4,1,4,-3.20924261874197,0,,,,,,,,2,"Wisconsin, United States",US,USWI,,44.2563,-89.6385,WI,2,"Wisconsin, United States",US,USWI,,44.2563,-89.6385,WI,20260304154500,https://talkingpointsmemo.com/news/embattled-gonzales-and-right-wing-youtuber-set-to-face-off-in-a-runoff
1292361547,20260304,202603,2026,2026.1753,,,,,,,,,,,USA,UNITED STATES,USA,,,,,,,,1,112,112,11,3,-2.0,2,1,2,-6.92307692307692,0,,,,,,,,3,"Temple University, Pennsylvania, United States",US,USPA,,39.9809,-75.153,1189357,3,"Temple University, Pennsylvania, United States",US,USPA,,39.9809,-75.153,1189357,20260304154500,https://www.foxnews.com/politics/whatley-links-cooper-transit-killing-accuses-dem-freeing-rapists-murderers
1292361548,20260304,202603,2026,2026.1753,,,,,,,,,,,USA,DALLAS,USA,,,,,,,,1,173,173,17,4,-5.0,1,1,1,-1.3986013986014,0,,,,,,,,3,"Dallas County, Texas, United States",US,USTX,,32.7668,-96.7836,1383842,2,"Texas, United States",US,USTX,,31.106,-97.6475,TX,20260304154500,https://www.advocate.com/politics/election/texas-crockett-talarico-primary
1292361549,20260304,202603,2026,2026.1753,,,,,,,,,,,USACVL,UNITED STATES,USA,,,,,CVL,,,0,51,51,5,1,3.4,4,1,4,-1.01975780752072,0,,,,,,,,3,"Evanston, Illinois, United States",US,USIL,IL031,42.0411,-87.6901,408101,3,"Evanston, Illinois, United States",US,USIL,IL031,42.0411,-87.6901,408101,20260304154500,https://dailynorthwestern.com/2026/03/04/city/mayor-daniel-biss-isnt-afraid-to-make-waves-now-hes-aiming-for-washington/
1292361550,20260304,202603,2026,2026.1753,,,,,,,,,,,USAELI,WASHINGTON,USA,,,,,ELI,,,1,190,190,19,4,-10.0,6,1,6,-4.6875,0,,,,,,,,3,"Washington, District of Columbia, United States",US,USDC,DC001,38.8951,-77.0364,531871,3,"Washington, District of Columbia, United States",US,USDC,DC001,38.8951,-77.0364,531871,20260304154500,https://www.oxygen.com/crime-news/kevin-west-sentenced-for-the-murder-of-wife-marcy-west
1292361551,20260304,202603,2026,2026.1753,,,,,,,,,,,USALEG,TEXAS,USA,,,,,LEG,,,0,241,24,2,1,-0.3,6,1,6,-3.20924261874197,0,,,,,,,,2,"Texas, United States",US,USTX,,31.106,-97.6475,TX,2,"Texas, United States",US,USTX,,31.106,-97.6475,TX,20260304154500,https://talkingpointsmemo.com/news/embattled-gonzales-and-right-wing-youtuber-set-to-face-off-in-a-runoff
1292361552,20260304,202603,2026,2026.1753,,,,,,,,,,,VAT,VATICAN,VAT,,,,,,,,0,40,40,4,1,1.0,3,1,3,-1.25,0,,,,,,,,4,"Sanaa, Sana', Yemen",YM,YM16,32956,15.3547,44.2067,-3191442,4,"Sanaa, Sana', Yemen",YM,YM16,32956,15.3547,44.2067,-3191442,20260304154500,"https://www.asianews.it/news-en/Martyred-nuns-of-Aden:-10-years-later,-still-seeds-of-peace-64964.html"
1292361554,20260304,202603,2026,2026.1753,,,,,,,,,,,ZAF,EASTERN CAPE,ZAF,,,,,,,,1,173,173,17,4,-5.0,15,1,10,-10.0977198697068,0,,,,,,,,4,"Alexandria, Al Iskandariyah, Egypt",EG,EG06,61590,31.1981,29.9192,-290263,4,"Alexandria, Al Iskandariyah, Egypt",EG,EG06,61590,31.1981,29.9192,-290263,20260304154500,https://www.citizen.co.za/news/south-africa/courts/parolee-gets-25-years-for-raping-blind-woman-in-her-home/
1292361555,20260304,202603,2026,2026.1753,,,,,,,,,,,ZAF,FREE STATE,ZAF,,,,,,,,0,190,190,19,4,-10.0,5,1,5,-10.0977198697068,0,,,,,,,,4,"Alexandria, Al Iskandariyah, Egypt",EG,EG06,61590,31.1981,29.9192,-290263,4,"Alexandria, Al Iskandariyah, Egypt",EG,EG06,61590,31.1981,29.9192,-290263,20260304154500,https://www.citizen.co.za/news/south-africa/courts/parolee-gets-25-years-for-raping-blind-woman-in-her-home/
1292361556,20260304,202603,2026,2026.1753,AFG,AFGHAN,AFG,,,,,,,,,,,,,,,,,,1,12,12,1,1,-0.4,10,1,10,-1.63934426229508,4,"South Waziristan, Federally Administered Tribal Areas, Pakistan",PK,PK01,40321,32.304,69.6821,-2775090,0,,,,,,,,4,"South Waziristan, Federally Administered Tribal Areas, Pakistan",PK,PK01,40321,32.304,69.6821,-2775090,20260304154500,https://tribune.com.pk/story/2595797/cdf-munir-says-all-necessary-measures-to-be-taken-for-neutralising-threat-from-afghan-border
1292361557,20260304,202603,2026,2026.1753,AFG,AFGHAN,AFG,,,,,,,,,,,,,,,,,,1,130,130,13,3,-4.4,20,1,10,-1.63934426229508,4,"Kabul, Kabol, Afghanistan",AF,AF13,3580,34.5167,69.1833,-3378435,0,,,,,,,,4,"Kabul, Kabol, Afghanistan",AF,AF13,3580,34.5167,69.1833,-3378435,20260304154500,https://tribune.com.pk/story/2595797/cdf-munir-says-all-necessary-measures-to-be-taken-for-neutralising-threat-from-afghan-border
1292361558,20260304,202603,2026,2026.1753,AFG,AFGHANISTAN,AFG,,,,,,,,PAK,PAKISTANI,PAK,,,,,,,,1,190,190,19,4,-10.0,3,1,3,-1.63934426229508,4,"Kabul, Kabol, Afghanistan",AF,AF13,3580,34.5167,69.1833,-3378435,4,"South Waziristan, Federally Administered Tribal Areas, Pakistan",PK,PK01,40321,32.304,69.6821,-2775090,4,"Kabul, Kabol, Afghanistan",AF,AF13,3580,34.5167,69.1833,-3378435,20260304154500,https://tribune.com.pk/story/2595797/cdf-munir-says-all-necessary-measures-to-be-taken-for-neutralising-threat-from-afghan-border
1292361559,20260304,202603,2026,2026.1753,AFR,AFRICA,AFR,,,,,,,,,,,,,,,,,,1,39,39,3,1,5.0,4,1,4,-4.86725663716814,4,"Pretoria, Gauteng, South Africa",SF,SF06,77346,-25.7069,28.2294,-1273769,0,,,,,,,,4,"Pretoria, Gauteng, South Africa",SF,SF06,77346,-25.7069,28.2294,-1273769,20260304154500,https://www.africanews.com/2026/03/04/south-africa-offers-to-mediate-in-middle-east-conflict-if-asked/
1292361560,20260304,202603,2026,2026.1753,AFR,AFRICA,AFR,,,,,,,,UAF,TERRORIST LEADER,,,,,,UAF,,,1,43,43,4,1,2.8,10,1,10,-6.81818181818182,1,Somalia,SO,SO,,6.0,48.0,SO,1,Somalia,SO,SO,,6.0,48.0,SO,1,Somalia,SO,SO,,6.0,48.0,SO,20260304154500,https://www.tvguide.co.uk/schedule/602ced3a-d43b-59a2-a086-5dc49a4cb340/ncis
1292361561,20260304,202603,2026,2026.1753,AFR,AFRICA,AFR,,,,,,,,UGA,UGANDA,UGA,,,,,,,,0,61,61,6,2,6.4,6,1,6,-6.45161290322581,4,"Queen Elizabeth National Park, Buhweju, Uganda",UG,UGE6,18585,-0.25,30.1864,-1734850,4,"Queen Elizabeth National Park, Buhweju, Uganda",UG,UGE6,18585,-0.25,30.1864,-1734850,4,"Queen Elizabeth National Park, Buhweju, Uganda",UG,UGE6,18585,-0.25,30.1864,-1734850,20260304154500,https://www.thesun.co.uk/health/38404784/school-trips-bat-cave-marburg-kills-victims-pandemic/
1292361562,20260304,202603,2026,2026.1753,AFR,AFRICA,AFR,,,,,,,,UGA,UGANDA,UGA,,,,,,,,0,61,61,6,2,6.4,2,1,2,-6.45161290322581,1,Germany,GM,GM,,51.5,10.5,GM,4,"Queen Elizabeth National Park, Buhweju, Uganda",UG,UGE6,18585,-0.25,30.1864,-1734850,4,"Queen Elizabeth National Park, Buhweju, Uganda",UG,UGE6,18585,-0.25,30.1864,-1734850,20260304154500,https://www.thesun.co.uk/health/38404784/school-trips-bat-cave-marburg-kills-victims-pandemic/
1292361563,20260304,202603,2026,2026.1753,AFR,AFRICA,AFR,,,,,,,,UGA,UGANDA,UGA,,,,,,,,0,61,61,6,2,6.4,2,1,2,-6.45161290322581,1,Germany,GM,GM,,51.5,10.5,GM,1,Germany,GM,GM,,51.5,10.5,GM,1,Germany,GM,GM,,51.5,10.5,GM,20260304154500,https://www.thesun.co.uk/health/38404784/school-trips-bat-cave-marburg-kills-victims-pandemic/
1292361564,20260304,202603,2026,2026.1753,AFR,AFRICA,AFR,,,,,,,,USA,UNITED STATES,USA,,,,,,,,1,40,40,4,1,1.0,10,1,10,5.4054054054054,1,United States,US,US,,39.828175,-98.5795,US,1,United States,US,US,,39.828175,-98.5795,US,1,United States,US,US,,39.828175,-98.5795,US,20260304154500,https://www.billboard.com/music/awards/sankofa-org-social-justice-awards-2026-honorees-chuck-d-1236191219/
1292361565,20260304,202603,2026,2026.1753,AFR,AFRICA,AFR,,,,,,,,qia,QIANG,,,qia,,,,,,1,42,42,4,1,1.9,3,1,3,5.64516129032259,4,"Manila, Manila, Philippines",RP,RPD9,24210,14.6042,120.982,-2437894,4,"Manila, Manila, Philippines",RP,RPD9,24210,14.6042,120.982,-2437894,4,"Manila, Manila, Philippines",RP,RPD9,24210,14.6042,120.982,-2437894,20260304154500,https://www.manilatimes.net/2026/03/04/tmt-newswire/pr-newswire/huawei-and-bittel-release-xinghe-al-safestay-hotel-campus-network-solution/2293318
1292361566,20260304,202603,2026,2026.1753,AGR,FARMER,,,,,,AGR,,,,,,,,,,,,,0,36,36,3,1,4.0,10,1,10,1.46443514644351,4,"Shibganj, Rajshahi, Bangladesh",BG,BG83,17955,24.6829,88.1597,-2737970,0,,,,,,,,4,"Shibganj, Rajshahi, Bangladesh",BG,BG83,17955,24.6829,88.1597,-2737970,20260304154500,https://www.dhakatribune.com/bangladesh/government-affairs/404718/pm-tarique-to-launch-farmer-card-distribution
1292361567,20260304,202603,2026,2026.1753,ARE,UNITED ARAB EMIRATES,ARE,,,,,,,,,,,,,,,,,,1,10,10,1,1,0.0,5,1,5,-3.70370370370371,3,"Philadelphia, Pennsylvania, United States",US,USPA,PA101,39.9523,-75.1638,1209052,0,,,,,,,,3,"Philadelphia, Pennsylvania, United States",US,USPA,PA101,39.9523,-75.1638,1209052,20260304154500,https://www.independent.co.uk/news/science/archaeology/iran-swords-philadelphia-bronze-age-b2931723.html
1292361568,20260304,202603,2026,2026.1753,ARE,UNITED ARAB EMIRATES,ARE,,,,,,,,,,,,,,,,,,1,42,42,4,1,1.9,5,1,5,-3.70370370370371,3,"Philadelphia, Pennsylvania, United States",US,USPA,PA101,39.9523,-75.1638,1209052,0,,,,,,,,3,"Philadelphia, Pennsylvania, United States",US,USPA,PA101,39.9523,-75.1638,1209052,20260304154500,https://www.independent.co.uk/news/science/archaeology/iran-swords-philadelphia-bronze-age-b2931723.html
1292361569,20260304,202603,2026,2026.1753,ARE,DUBAI,ARE,,,,,,,,BUS,AIRLINE,,,,,,BUS,,,1,80,80,8,2,5.0,6,1,6,0.66518847006652,4,"Dubai, Dubayy, United Arab Emirates",AE,AE03,28575,25.2522,55.28,-782831,1,Israel,IS,IS,,31.5,34.75,IS,4,"Dubai, Dubayy, United Arab Emirates",AE,AE03,28575,25.2522,55.28,-782831,20260304154500,https://www.manchestereveningnews.co.uk/news/world-news/virgin-atlantic-riyadh-dubai-flights-33530580
1292361570,20260304,202603,2026,2026.1753,ARE,UNITED ARAB EMIRATES,ARE,,,,,,,,BUS,AIRLINE,,,,,,BUS,,,1,80,80,8,2,5.0,2,1,2,0.66518847006652,4,"Dubai, Dubayy, United Arab Emirates",AE,AE03,28575,25.2522,55.28,-782831,1,Israel,IS,IS,,31.5,34.75,IS,1,Israel,IS,IS,,31.5,34.75,IS,20260304154500,https://www.manchestereveningnews.co.uk/news/world-news/virgin-atlantic-riyadh-dubai-flights-33530580
1292361571,20260304,202603,2026,2026.1753,ARE,DUBAI,ARE,,,,,,,,BUS,AIRLINE,,,,,,BUS,,,1,80,80,8,2,5.0,2,1,2,0.66518847006652,1,Israel,IS,IS,,31.5,34.75,IS,1,Iran,IR,IR,,32.0,53.0,IR,1,Israel,IS,IS,,31.5,34.75,IS,20260304154500,https://www.manchestereveningnews.co.uk/news/world-news/virgin-atlantic-riyadh-dubai-flights-33530580
1292361572,20260304,202603,2026,2026.1753,ARE,UNITED ARAB EMIRATES,ARE,,,,,,,,CVL,CITIZEN,,,,,,CVL,,,0,26,26,2,1,4.0,2,1,2,-1.03030303030303,4,"Erbil, Liwa' Irbil, Iraq",IZ,IZ11,123554,36.1926,44.0106,-3106433,1,United States,US,US,,39.828175,-98.5795,US,1,United States,US,US,,39.828175,-98.5795,US,20260304154500,https://krdo.com/news/2026/03/04/closed-airports-empty-skies-what-travelers-impacted-by-middle-east-air-disruptions-need-to-know/
1292361573,20260304,202603,2026,2026.1753,ARE,UNITED ARAB EMIRATES,ARE,,,,,,,,USA,JACKSONVILLE,USA,,,,,,,,1,10,10,1,1,0.0,5,1,5,-3.70370370370371,3,"Philadelphia, Pennsylvania, United States",US,USPA,PA101,39.9523,-75.1638,1209052,3,"Philadelphia, Pennsylvania, United States",US,USPA,PA101,39.9523,-75.1638,1209052,3,"Philadelphia, Pennsylvania, United States",US,USPA,PA101,39.9523,-75.1638,1209052,20260304154500,https://www.independent.co.uk/news/science/archaeology/iran-swords-philadelphia-bronze-age-b2931723.html
1292361574,20260304,202603,2026,2026.1753,ARE,UNITED ARAB EMIRATES,ARE,,,,,,,,USA,JACKSONVILLE,USA,,,,,,,,1,42,42,4,1,1.9,5,1,5,-3.70370370370371,3,"Philadelphia, Pennsylvania, United States",US,USPA,PA101,39.9523,-75.1638,1209052,3,"Philadelphia, Pennsylvania, United States",US,USPA,PA101,39.9523,-75.1638,1209052,3,"Philadelphia, Pennsylvania, United States",US,USPA,PA101,39.9523,-75.1638,1209052,20260304154500,https://www.independent.co.uk/news/science/archaeology/iran-swords-philadelphia-bronze-age-b2931723.html
1292361575,20260304,202603,2026,2026.1753,ARE,UNITED ARAB EMIRATES,ARE,,,,,,,,USAMED,REUTERS,USA,,,,,MED,,,0,43,43,4,1,2.8,10,1,10,-5.0,4,"Fujairah, Al Fujayrah, United Arab Emirates",AE,AE04,149629,25.1164,56.3414,-782158,4,"Fujairah, Al Fujayrah, United Arab Emirates",AE,AE04,149629,25.1164,56.3414,-782158,4,"Fujairah, Al Fujayrah, United Arab Emirates",AE,AE04,149629,25.1164,56.3414,-782158,20260304154500,https://oilprice.com/Latest-Energy-News/World-News/Iran-Claims-It-Has-Complete-Control-Over-Strait-of-Hormuz.html
1292361576,20260304,202603,2026,2026.1753,ARG,ARGENTINA,ARG,,,,,,,,,,,,,,,,,,1,71,71,7,2,7.4,10,1,10,2.60303687635575,1,Argentina,AR,AR,,-34.0,-64.0,AR,0,,,,,,,,1,Argentina,AR,AR,,-34.0,-64.0,AR,20260304154500,https://www.tickerreport.com/banking-finance/13367309/global-x-msci-argentina-etf-nysearcaargt-short-interest-update.html
1292361577,20260304,202603,2026,2026.1753,ARG,ARGENTINE,ARG,,,,,,,,,,,,,,,,,,0,80,80,8,2,5.0,10,1,10,-11.1111111111111,4,"Belgrano, Distrito Federal, Argentina",AR,AR07,22379,-34.5608,-58.46,-978382,0,,,,,,,,4,"Belgrano, Distrito Federal, Argentina",AR,AR07,22379,-34.5608,-58.46,-978382,20260304154500,https://www.express.co.uk/news/world/2178254/iran-warship-sinking-pete-hegseth-falklands-war-general-belgrano
1292361578,20260304,202603,2026,2026.1753,AUS,AUSTRALIAN,AUS,,,,,,,,,,,,,,,,,,0,10,10,1,1,0.0,2,1,2,-1.03030303030303,4,"Doha, Ad Daw?ah, Qatar",QA,QA01,25307,25.2867,51.5333,-785169,0,,,,,,,,4,"Doha, Ad Daw?ah, Qatar",QA,QA01,25307,25.2867,51.5333,-785169,20260304154500,https://krdo.com/news/2026/03/04/closed-airports-empty-skies-what-travelers-impacted-by-middle-east-air-disruptions-need-to-know/
1292361579,20260304,202603,2026,2026.1753,AUS,AUSTRALIAN,AUS,,,,,,,,,,,,,,,,,,1,13,13,1,1,0.4,2,1,2,2.10772833723654,4,"Nappamerri, Queensland, Australia",AS,AS04,5149,-27.6,141.117,-1590804,0,,,,,,,,4,"Nappamerri, Queensland, Australia",AS,AS04,5149,-27.6,141.117,-1590804,20260304154500,https://www.rigzone.com/news/vintage_secures_extension_of_loan_for_australian_gas_projects-04-mar-2026-183125-article/
1292361580,20260304,202603,2026,2026.1753,AUS,AUSTRALIA,AUS,,,,,,,,BRA,BRAZIL,BRA,,,,,,,,1,111,111,11,3,-2.0,2,1,2,1.88679245283019,1,Australia,AS,AS,,-25.0,135.0,AS,1,Australia,AS,AS,,-25.0,135.0,AS,1,Australia,AS,AS,,-25.0,135.0,AS,20260304154500,http://www.brazilsun.com/news/278901895/world-no-1-aryna-sabalenka-announces-engagement
1292361581,20260304,202603,2026,2026.1753,AUS,AUSTRALIA,AUS,,,,,,,,BRA,BRAZIL,BRA,,,,,,,,1,111,111,11,3,-2.0,2,1,2,1.88679245283019,1,Australia,AS,AS,,-25.0,135.0,AS,1,Brazil,BR,BR,,-10.0,-55.0,BR,1,Brazil,BR,BR,,-10.0,-55.0,BR,20260304154500,http://www.brazilsun.com/news/278901895/world-no-1-aryna-sabalenka-announces-engagement
1292361582,20260304,202603,2026,2026.1753,AUS,SYDNEY,AUS,,,,,,,,CAN,CANADIAN,CAN,,,,,,,,1,40,40,4,1,1.0,7,1,7,1.30293159609121,4,"Sydney, New South Wales, Australia",AS,AS02,154637,-33.8833,151.217,-1603135,4,"Ottawa, Ontario, Canada",CA,CA08,12755,45.4167,-75.7,-570760,4,"Sydney, New South Wales, Australia",AS,AS02,154637,-33.8833,151.217,-1603135,20260304154500,https://www.castanetkamloops.net/news/Canada/601804/-We-can-set-the-agenda-Carney-continues-middle-power-pitch-in-Australia
1292361583,20260304,202603,2026,2026.1753,AUS,SYDNEY,AUS,,,,,,,,CANGOVBUS,MARK CARNEY,CAN,,,,,GOV,BUS,,1,40,40,4,1,1.0,3,1,3,1.30293159609121,4,"Sydney, New South Wales, Australia",AS,AS02,154637,-33.8833,151.217,-1603135,4,"Ottawa, Ontario, Canada",CA,CA08,12755,45.4167,-75.7,-570760,4,"Sydney, New South Wales, Australia",AS,AS02,154637,-33.8833,151.217,-1603135,20260304154500,https://www.castanetkamloops.net/news/Canada/601804/-We-can-set-the-agenda-Carney-continues-middle-power-pitch-in-Australia
1292361584,20260304,202603,2026,2026.1753,AUS,AUSTRALIAN,AUS,,,,,,,,CHN,SHANGHAI,CHN,,,,,,,,1,332,33,3,1,5.2,2,1,2,4.08163265306122,1,Australia,AS,AS,,-25.0,135.0,AS,4,"Hutong, Guangdong, China",CH,CH30,13057,22.0708,110.627,6001055,1,Australia,AS,AS,,-25.0,135.0,AS,20260304154500,https://www.thespiritsbusiness.com/2026/03/millie-tang-partners-with-hutong-in-london/
1292361585,20260304,202603,2026,2026.1753,AUS,AUSTRALIAN,AUS,,,,,,,,CHN,SHANGHAI,CHN,,,,,,,,1,332,33,3,1,5.2,8,1,8,4.08163265306122,1,Australia,AS,AS,,-25.0,135.0,AS,1,Australia,AS,AS,,-25.0,135.0,AS,1,Australia,AS,AS,,-25.0,135.0,AS,20260304154500,https://www.thespiritsbusiness.com/2026/03/millie-tang-partners-with-hutong-in-london/
1292361586,20260304,202603,2026,2026.1753,AUS,AUSTRALIAN,AUS,,,,,,,,CHN,SHANGHAI,CHN,,,,,,,,1,36,36,3,1,4.0,8,1,8,4.08163265306122,1,Australia,AS,AS,,-25.0,135.0,AS,4,"Hutong, Guangdong, China",CH,CH30,13057,22.0708,110.627,6001055,1,Australia,AS,AS,,-25.0,135.0,AS,20260304154500,https://www.thespiritsbusiness.com/2026/03/millie-tang-partners-with-hutong-in-london/
1292361587,20260304,202603,2026,2026.1753,AUS,AUSTRALIAN,AUS,,,,,,,,CHN,CHINA,CHN,,,,,,,,1,36,36,3,1,4.0,2,1,2,4.08163265306122,1,Australia,AS,AS,,-25.0,135.0,AS,1,Australia,AS,AS,,-25.0,135.0,AS,1,Australia,AS,AS,,-25.0,135.0,AS,20260304154500,https://www.thespiritsbusiness.com/2026/03/millie-tang-partners-with-hutong-in-london/
1292361588,20260304,202603,2026,2026.1753,AUS,AUSTRALIA,AUS,,,,,,,,CHN,CHINA,CHN,,,,,,,,1,172,172,17,4,-5.0,2,1,2,4.08163265306122,1,Australia,AS,AS,,-25.0,135.0,AS,4,"Hutong, Guangdong, China",CH,CH30,13057,22.0708,110.627,6001055,4,"Hutong, Guangdong, China",CH,CH30,13057,22.0708,110.627,6001055,20260304154500,https://www.thespiritsbusiness.com/2026/03/millie-tang-partners-with-hutong-in-london/
1292361589,20260304,202603,2026,2026.1753,AUS,AUSTRALIAN,AUS,,,,,,,,CHN,SHANGHAI,CHN,,,,,,,,1,172,172,17,4,-5.0,1,1,1,4.08163265306122,1,Australia,AS,AS,,-25.0,135.0,AS,1,Australia,AS,AS,,-25.0,135.0,AS,4,"Hutong, Guangdong, China",CH,CH30,13057,22.0708,110.627,6001055,20260304154500,https://www.thespiritsbusiness.com/2026/03/millie-tang-partners-with-hutong-in-london/
1292361590,20260304,202603,2026,2026.1753,AUS,AUSTRALIAN,AUS,,,,,,,,GBR,LONDON,GBR,,,,,,,,1,172,172,17,4,-5.0,5,1,5,4.08163265306122,1,Australia,AS,AS,,-25.0,135.0,AS,4,"London, London, City of, United Kingdom",UK,UKH9,40110,51.5,-0.116667,-2601889,4,"Hutong, Guangdong, China",CH,CH30,13057,22.0708,110.627,6001055,20260304154500,https://www.thespiritsbusiness.com/2026/03/millie-tang-partners-with-hutong-in-london/
1292361591,20260304,202603,2026,2026.1753,AUS,AUSTRALIAN,AUS,,,,,,,,GBR,UNITED KINGDOM,GBR,,,,,,,,1,172,172,17,4,-5.0,2,1,2,4.08163265306122,1,Australia,AS,AS,,-25.0,135.0,AS,1,Australia,AS,AS,,-25.0,135.0,AS,1,Australia,AS,AS,,-25.0,135.0,AS,20260304154500,https://www.thespiritsbusiness.com/2026/03/millie-tang-partners-with-hutong-in-london/
1292361592,20260304,202603,2026,2026.1753,AUS,AUSTRALIA,AUS,,,,,,,,HLH,DOCTOR,,,,,,HLH,,,1,42,42,4,1,1.9,4,1,4,3.33333333333333,1,Australia,AS,AS,,-25.0,135.0,AS,1,Australia,AS,AS,,-25.0,135.0,AS,1,Australia,AS,AS,,-25.0,135.0,AS,20260304154500,https://pagesix.com/2026/03/04/celebrity-news/harry-jowsey-reveals-he-got-penis-botox/
1292361593,20260304,202603,2026,2026.1753,AUSGOV,AUSTRALIA,AUS,,,,,GOV,,,AUS,AUSTRALIAN,AUS,,,,,,,,1,71,71,7,2,7.4,2,1,2,2.10772833723654,4,"Nappamerri, Queensland, Australia",AS,AS04,5149,-27.6,141.117,-1590804,4,"Nappamerri, Queensland, Australia",AS,AS04,5149,-27.6,141.117,-1590804,4,"Nappamerri, Queensland, Australia",AS,AS04,5149,-27.6,141.117,-1590804,20260304154500,https://www.rigzone.com/news/vintage_secures_extension_of_loan_for_australian_gas_projects-04-mar-2026-183125-article/
1292361594,20260304,202603,2026,2026.1753,AUTCOP,AUSTRIA,AUT,,,,,COP,,,AUT,AUSTRIA,AUT,,,,,,,,1,20,20,2,1,3.0,1,1,1,-2.16919739696312,1,Austria,AU,AU,,47.333333,13.333333,AU,1,Austria,AU,AU,,47.333333,13.333333,AU,1,Austria,AU,AU,,47.333333,13.333333,AU,20260304154500,https://www.vol.at/iran-war-federal-states-for-tax-reduction-on-energy/10027622
1292361595,20260304,202603,2026,2026.1753,AUTCOP,AUSTRIA,AUT,,,,,COP,,,AUTGOV,AUSTRIA,AUT,,,,,GOV,,,1,20,20,2,1,3.0,1,1,1,-2.16919739696312,1,Austria,AU,AU,,47.333333,13.333333,AU,1,Austria,AU,AU,,47.333333,13.333333,AU,1,Austria,AU,AU,,47.333333,13.333333,AU,20260304154500,https://www.vol.at/iran-war-federal-states-for-tax-reduction-on-energy/10027622
1292361596,20260304,202603,2026,2026.1753,AUTCOP,AUSTRIA,AUT,,,,,COP,,,GOVCOP,GOVERNOR,,,,,,GOV,COP,,1,20,20,2,1,3.0,3,1,3,-2.16919739696312,1,Austria,AU,AU,,47.333333,13.333333,AU,1,Austria,AU,AU,,47.333333,13.333333,AU,1,Austria,AU,AU,,47.333333,13.333333,AU,20260304154500,https://www.vol.at/iran-war-federal-states-for-tax-reduction-on-energy/10027622
1292361597,20260304,202603,2026,2026.1753,BGD,BANGLADESH,BGD,,,,,,,,USA,THE US,USA,,,,,,,,0,50,50,5,1,3.5,10,1,10,1.02040816326531,1,Bangladesh,BG,BG,,24.0,90.0,BG,1,Bangladesh,BG,BG,,24.0,90.0,BG,1,Bangladesh,BG,BG,,24.0,90.0,BG,20260304154500,https://www.tbsnews.net/bangladesh/us-trade-deal-discussed-bnp-jamaat-signing-fm-1377386
1292361598,20260304,202603,2026,2026.1753,BGDGOV,BANGLADESH,BGD,,,,,GOV,,,GOV,CABINET,,,,,,GOV,,,1,40,40,4,1,1.0,10,1,10,1.46443514644351,4,"Shibganj, Rajshahi, Bangladesh",BG,BG83,17955,24.6829,88.1597,-2737970,4,"Shibganj, Rajshahi, Bangladesh",BG,BG83,17955,24.6829,88.1597,-2737970,4,"Shibganj, Rajshahi, Bangladesh",BG,BG83,17955,24.6829,88.1597,-2737970,20260304154500,https://www.dhakatribune.com/bangladesh/government-affairs/404718/pm-tarique-to-launch-farmer-card-distribution
1292361599,20260304,202603,2026,2026.1753,BGR,BULGARIAN,BGR,,,,,,,,,,,,,,,,,,1,51,51,5,1,3.4,2,1,2,3.45744680851064,4,"Bucharest, Bucuresti, Romania",RO,RO10,25006,44.4333,26.1,-1153951,0,,,,,,,,4,"Grivitsa, Pleven, Bulgaria",BU,BU50,11964,43.4167,24.7,-834430,20260304154500,https://www.stiripesurse.ro/bulgarias-national-day-celebrated-at-the-romanian-parliament-the-worlds-second-largest-administrative-building_3864627
1292361600,20260304,202603,2026,2026.1753,BGR,BULGARIAN,BGR,,,,,,,,,,,,,,,,,,1,51,51,5,1,3.4,5,1,5,3.45744680851064,4,"Grivitsa, Pleven, Bulgaria",BU,BU50,11964,43.4167,24.7,-834430,0,,,,,,,,4,"Grivitsa, Pleven, Bulgaria",BU,BU50,11964,43.4167,24.7,-834430,20260304154500,https://www.stiripesurse.ro/bulgarias-national-day-celebrated-at-the-romanian-parliament-the-worlds-second-largest-administrative-building_3864627
1292361601,20260304,202603,2026,2026.1753,BGR,BULGARIAN,BGR,,,,,,,,,,,,,,,,,,1,70,70,7,2,7.0,2,1,2,3.45744680851064,4,"Bucharest, Bucuresti, Romania",RO,RO10,25006,44.4333,26.1,-1153951,0,,,,,,,,4,"Grivitsa, Pleven, Bulgaria",BU,BU50,11964,43.4167,24.7,-834430,20260304154500,https://www.stiripesurse.ro/bulgarias-national-day-celebrated-at-the-romanian-parliament-the-worlds-second-largest-administrative-building_3864627
1292361602,20260304,202603,2026,2026.1753,BGR,BULGARIA,BGR,,,,,,,,,,,,,,,,,,1,70,70,7,2,7.0,2,1,2,3.45744680851064,4,"Grivitsa, Pleven, Bulgaria",BU,BU50,11964,43.4167,24.7,-834430,0,,,,,,,,4,"Bucharest, Bucuresti, Romania",RO,RO10,25006,44.4333,26.1,-1153951,20260304154500,https://www.stiripesurse.ro/bulgarias-national-day-celebrated-at-the-romanian-parliament-the-worlds-second-largest-administrative-building_3864627
1292361603,20260304,202603,2026,2026.1753,BGR,BULGARIAN,BGR,,,,,,,,,,,,,,,,,,1,70,70,7,2,7.0,6,1,6,3.45744680851064,4,"Grivitsa, Pleven, Bulgaria",BU,BU50,11964,43.4167,24.7,-834430,0,,,,,,,,4,"Grivitsa, Pleven, Bulgaria",BU,BU50,11964,43.4167,24.7,-834430,20260304154500,https://www.stiripesurse.ro/bulgarias-national-day-celebrated-at-the-romanian-parliament-the-worlds-second-largest-administrative-building_3864627
1292361604,20260304,202603,2026,2026.1753,BGR,BULGARIA,BGR,,,,,,,,ROU,ROMANIAN,,,,,,,,,1,51,51,5,1,3.4,2,1,2,3.45744680851064,4,"Bucharest, Bucuresti, Romania",RO,RO10,25006,44.4333,26.1,-1153951,4,"Bucharest, Bucuresti, Romania",RO,RO10,25006,44.4333,26.1,-1153951,4,"Bucharest, Bucuresti, Romania",RO,RO10,25006,44.4333,26.1,-1153951,20260304154500,https://www.stiripesurse.ro/bulgarias-national-day-celebrated-at-the-romanian-parliament-the-worlds-second-largest-administrative-building_3864627
1292361605,20260304,202603,2026,2026.1753,BGR,BULGARIA,BGR,,,,,,,,ROU,ROMANIAN,,,,,,,,,1,51,51,5,1,3.4,2,1,2,3.45744680851064,4,"Grivitsa, Pleven, Bulgaria",BU,BU50,11964,43.4167,24.7,-834430,4,"Bucharest, Bucuresti, Romania",RO,RO10,25006,44.4333,26.1,-1153951,4,"Bucharest, Bucuresti, Romania",RO,RO10,25006,44.4333,26.1,-1153951,20260304154500,https://www.stiripesurse.ro/bulgarias-national-day-celebrated-at-the-romanian-parliament-the-worlds-second-largest-administrative-building_3864627
1292361606,20260304,202603,2026,2026.1753,BGR,BULGARIA,BGR,,,,,,,,ROULEG,ROMANIAN,,,,,,LEG,,,1,51,51,5,1,3.4,6,1,6,3.45744680851064,4,"Bucharest, Bucuresti, Romania",RO,RO10,25006,44.4333,26.1,-1153951,4,"Bucharest, Bucuresti, Romania",RO,RO10,25006,44.4333,26.1,-1153951,4,"Bucharest, Bucuresti, Romania",RO,RO10,25006,44.4333,26.1,-1153951,20260304154500,https://www.stiripesurse.ro/bulgarias-national-day-celebrated-at-the-romanian-parliament-the-worlds-second-largest-administrative-building_3864627
1292361607,20260304,202603,2026,2026.1753,BGRGOV,BULGARIA,BGR,,,,,GOV,,,BGR,BULGARIA,BGR,,,,,,,,1,10,10,1,1,0.0,2,1,2,3.45744680851064,4,"Bucharest, Bucuresti, Romania",RO,RO10,25006,44.4333,26.1,-1153951,4,"Pleven, Pleven, Bulgaria",BU,BU50,11964,43.4167,24.6167,-837287,4,"Pleven, Pleven, Bulgaria",BU,BU50,11964,43.4167,24.6167,-837287,20260304154500,https://www.stiripesurse.ro/bulgarias-national-day-celebrated-at-the-romanian-parliament-the-worlds-second-largest-administrative-building_3864627
1292361608,20260304,202603,2026,2026.1753,BGRGOV,BULGARIA,BGR,,,,,GOV,,,BGR,BULGARIA,BGR,,,,,,,,1,10,10,1,1,0.0,2,1,2,3.45744680851064,4,"Pleven, Pleven, Bulgaria",BU,BU50,11964,43.4167,24.6167,-837287,4,"Pleven, Pleven, Bulgaria",BU,BU50,11964,43.4167,24.6167,-837287,4,"Bucharest, Bucuresti, Romania",RO,RO10,25006,44.4333,26.1,-1153951,20260304154500,https://www.stiripesurse.ro/bulgarias-national-day-celebrated-at-the-romanian-parliament-the-worlds-second-largest-administrative-building_3864627
1292361609,20260304,202603,2026,2026.1753,BGRGOV,BULGARIA,BGR,,,,,GOV,,,BGR,BULGARIA,BGR,,,,,,,,1,10,10,1,1,0.0,6,1,6,3.45744680851064,4,"Pleven, Pleven, Bulgaria",BU,BU50,11964,43.4167,24.6167,-837287,4,"Pleven, Pleven, Bulgaria",BU,BU50,11964,43.4167,24.6167,-837287,4,"Pleven, Pleven, Bulgaria",BU,BU50,11964,43.4167,24.6167,-837287,20260304154500,https://www.stiripesurse.ro/bulgarias-national-day-celebrated-at-the-romanian-parliament-the-worlds-second-largest-administrative-building_3864627
1292361610,20260304,202603,2026,2026.1753,BHR,MANAMA,BHR,,,,,,,,BGDGOV,BANGLADESH,BGD,,,,,GOV,,,1,10,10,1,1,0.0,6,1,6,-8.43373493975904,4,"Manama, Al Manamah, Bahrain",BA,BA02,25307,26.2361,50.5831,-784833,1,Bangladesh,BG,BG,,24.0,90.0,BG,4,"Manama, Al Manamah, Bahrain",BA,BA02,25307,26.2361,50.5831,-784833,20260304154500,https://www.newsofbahrain.com/bahrain/127870.html
1292361611,20260304,202603,2026,2026.1753,BHR,BAHRAIN,BHR,,,,,,,,BGDGOV,BANGLADESH,BGD,,,,,GOV,,,1,10,10,1,1,0.0,2,1,2,-8.43373493975904,1,Bangladesh,BG,BG,,24.0,90.0,BG,1,Bangladesh,BG,BG,,24.0,90.0,BG,4,"Manama, Al Manamah, Bahrain",BA,BA02,25307,26.2361,50.5831,-784833,20260304154500,https://www.newsofbahrain.com/bahrain/127870.html
1292361612,20260304,202603,2026,2026.1753,BHR,BAHRAIN,BHR,,,,,,,,RUS,RUSSIAN,RUS,,,,,,,,0,43,43,4,1,2.8,2,1,2,-5.18834399431414,1,Bahrain,BA,BA,,26.0,50.5,BA,4,"Moscow, Moskva, Russia",RS,RS48,25106,55.7522,37.6156,-2960561,4,"Moscow, Moskva, Russia",RS,RS48,25106,55.7522,37.6156,-2960561,20260304154500,https://tass.com/politics/2096327
1292361613,20260304,202603,2026,2026.1753,BHR,BAHRAIN,BHR,,,,,,,,RUS,RUSSIAN,RUS,,,,,,,,0,43,43,4,1,2.8,2,1,2,-5.18834399431414,1,Kuwait,KU,KU,,29.5,47.75,KU,4,"Moscow, Moskva, Russia",RS,RS48,25106,55.7522,37.6156,-2960561,4,"Moscow, Moskva, Russia",RS,RS48,25106,55.7522,37.6156,-2960561,20260304154500,https://tass.com/politics/2096327
1292361614,20260304,202603,2026,2026.1753,BHR,BAHRAIN,BHR,,,,,,,,RUSGOV,RUSSIAN,RUS,,,,,GOV,,,0,43,43,4,1,2.8,4,1,4,-5.18834399431414,1,Bahrain,BA,BA,,26.0,50.5,BA,4,"Moscow, Moskva, Russia",RS,RS48,25106,55.7522,37.6156,-2960561,4,"Moscow, Moskva, Russia",RS,RS48,25106,55.7522,37.6156,-2960561,20260304154500,https://tass.com/politics/2096327
1292361615,20260304,202603,2026,2026.1753,BHR,BAHRAIN,BHR,,,,,,,,RUSGOV,RUSSIA,RUS,,,,,GOV,,,0,43,43,4,1,2.8,2,1,2,-5.18834399431414,1,Kuwait,KU,KU,,29.5,47.75,KU,4,"Moscow, Moskva, Russia",RS,RS48,25106,55.7522,37.6156,-2960561,4,"Moscow, Moskva, Russia",RS,RS48,25106,55.7522,37.6156,-2960561,20260304154500,https://tass.com/politics/2096327
1292361616,20260304,202603,2026,2026.1753,BHSGOV,JAMES SMITH,BHS,,,,,GOV,,,GOV,GOVERNMENT,,,,,,GOV,,,0,20,20,2,1,3.0,10,1,10,-3.35570469798657,1,Iran,IR,IR,,32.0,53.0,IR,1,Iran,IR,IR,,32.0,53.0,IR,1,Iran,IR,IR,,32.0,53.0,IR,20260304154500,https://www.birminghammail.co.uk/news/cost-of-living/brits-urged-one-thing-offset-33530480
1292361617,20260304,202603,2026,2026.1753,BUS,BUSINESS,,,,,,BUS,,,,,,,,,,,,,0,10,10,1,1,0.0,10,1,10,9.36454849498328,1,Nigeria,NI,NI,,10.0,8.0,NI,0,,,,,,,,1,Nigeria,NI,NI,,10.0,8.0,NI,20260304154500,https://pmnewsnigeria.com/2026/03/04/the-vaib-brand-announces-pointek-as-official-retail-partner-in-nigeria/
1292361618,20260304,202603,2026,2026.1753,BUS,COMPANIES,,,,,,BUS,,,,,,,,,,,,,1,20,20,2,1,3.0,5,1,5,3.70370370370371,4,"Chengzhong, Guangxi, China",CH,CH16,13058,22.1682,107.007,-1900467,0,,,,,,,,4,"Chengzhong, Guangxi, China",CH,CH16,13058,22.1682,107.007,-1900467,20260304154500,https://autonews.gasgoo.com/articles/market-industry/2026-two-sessions-delixis-hu-chengzhong-urges-accelerating-solid-state-battery-standards-and-technology-breakthroughs-2029173355649794049
1292361619,20260304,202603,2026,2026.1753,BUS,BUSINESS,,,,,,BUS,,,,,,,,,,,,,0,20,20,2,1,3.0,10,1,10,-0.30272452068617,1,Kazakhstan,KZ,KZ,,48.0,68.0,KZ,0,,,,,,,,1,Kazakhstan,KZ,KZ,,48.0,68.0,KZ,20260304154500,https://timesca.com/navigation-seals-in-the-eaeu-digital-modernization-or-a-new-barrier-for-kazakhstani-businesses/
1292361620,20260304,202603,2026,2026.1753,BUS,BUSINESS,,,,,,BUS,,,,,,,,,,,,,0,30,30,3,1,4.0,10,1,10,2.56410256410256,4,"Nottingham, Nottingham, United Kingdom",UK,UKJ8,40126,52.9667,-1.16667,-2604469,0,,,,,,,,4,"Nottingham, Nottingham, United Kingdom",UK,UKJ8,40126,52.9667,-1.16667,-2604469,20260304154500,https://www.leicestermercury.co.uk/whats-on/music-nightlife/legendary-leicester-music-venue-hosted-10847319
1292361621,20260304,202603,2026,2026.1753,BUS,AIRLINE,,,,,,BUS,,,,,,,,,,,,,1,36,36,3,1,4.0,2,1,2,0.43668122270742,4,"Frinton, Essex, United Kingdom",UK,UKE4,40108,51.8333,1.25,-2596568,0,,,,,,,,4,"Frinton, Essex, United Kingdom",UK,UKE4,40108,51.8333,1.25,-2596568,20260304154500,https://www.clactonandfrintongazette.co.uk/news/national/uk-today/25907024.wizz-air-suspends-flights-middle-east-march-15/
1292361622,20260304,202603,2026,2026.1753,BUS,AIRLINE,,,,,,BUS,,,,,,,,,,,,,1,36,36,3,1,4.0,8,1,8,0.43668122270742,4,"Frinton, Essex, United Kingdom",UK,UKE4,40108,51.8333,1.25,-2596568,0,,,,,,,,1,Israel,IS,IS,,31.5,34.75,IS,20260304154500,https://www.clactonandfrintongazette.co.uk/news/national/uk-today/25907024.wizz-air-suspends-flights-middle-east-march-15/
1292361623,20260304,202603,2026,2026.1753,BUS,BANK,,,,,,BUS,,,,,,,,,,,,,1,42,42,4,1,1.9,2,1,2,13.7096774193548,4,"Athlone, Westmeath, Ireland",EI,EI29,18307,53.4333,-7.95,-1500280,0,,,,,,,,4,"Mullingar, Westmeath, Ireland",EI,EI29,18307,53.5333,-7.35,-1504774,20260304154500,https://www.westmeathindependent.ie/2026/03/04/athlone-and-moate-area-dominate-at-leinster-regional-restaurant-awards/
1292361624,20260304,202603,2026,2026.1753,BUS,BANK,,,,,,BUS,,,,,,,,,,,,,1,42,42,4,1,1.9,8,1,8,13.7096774193548,5,"Westmeath, Westmeath, Ireland",EI,EI29,18307,53.5,-7.5,-1506168,0,,,,,,,,5,"Westmeath, Westmeath, Ireland",EI,EI29,18307,53.5,-7.5,-1506168,20260304154500,https://www.westmeathindependent.ie/2026/03/04/athlone-and-moate-area-dominate-at-leinster-regional-restaurant-awards/
1292361625,20260304,202603,2026,2026.1753,BUS,INDUSTRY,,,,,,BUS,,,,,,,,,,,,,1,43,43,4,1,2.8,3,1,3,9.32203389830509,3,"Lawrenceburg, Iowa, United States",US,USIA,IA181,41.2272,-93.5485,464254,0,,,,,,,,3,"Lawrenceburg, Iowa, United States",US,USIA,IA181,41.2272,-93.5485,464254,20260304154500,https://www.thefencepost.com/news/national-environmental-stewardship-award-presented-to-nebraska-ranch/
1292361626,20260304,202603,2026,2026.1753,BUS,INDUSTRY,,,,,,BUS,,,,,,,,,,,,,1,43,43,4,1,2.8,2,1,2,9.32203389830509,2,"Nebraska, United States",US,USNE,,41.1289,-98.2883,NE,0,,,,,,,,2,"Nebraska, United States",US,USNE,,41.1289,-98.2883,NE,20260304154500,https://www.thefencepost.com/news/national-environmental-stewardship-award-presented-to-nebraska-ranch/
1292361627,20260304,202603,2026,2026.1753,BUS,TANKER,,,,,,BUS,,,,,,,,,,,,,1,45,45,4,1,5.0,5,1,5,-4.23076923076923,4,"Yanbu, Al Madinah, Saudi Arabia",SA,SA05,25311,24.0891,38.0637,-3101071,0,,,,,,,,4,"Yanbu, Al Madinah, Saudi Arabia",SA,SA05,25311,24.0891,38.0637,-3101071,20260304154500,https://indianexpress.com/article/business/crude-tanker-rates-go-through-the-roof-amid-west-asia-conflict-10564844/
1292361628,20260304,202603,2026,2026.1753,BUS,COMPANY,,,,,,BUS,,,,,,,,,,,,,1,51,51,5,1,3.4,10,1,10,4.53257790368272,4,"Airdrie, Alberta, Canada",CA,CA01,154724,51.2667,-114.017,-559949,0,,,,,,,,4,"Airdrie, Alberta, Canada",CA,CA01,154724,51.2667,-114.017,-559949,20260304154500,https://discoverairdrie.com/articles/ottawa-conditionally-approves-up-to-365m-for-lithium-project-east-of-olds
1292361629,20260304,202603,2026,2026.1753,BUS,BUSINESS,,,,,,BUS,,,,,,,,,,,,,0,51,51,5,1,3.4,10,1,10,9.36454849498328,1,Nigeria,NI,NI,,10.0,8.0,NI,0,,,,,,,,1,Nigeria,NI,NI,,10.0,8.0,NI,20260304154500,https://pmnewsnigeria.com/2026/03/04/the-vaib-brand-announces-pointek-as-official-retail-partner-in-nigeria/
1292361630,20260304,202603,2026,2026.1753,BUS,AIRLINE,,,,,,BUS,,,,,,,,,,,,,0,71,71,7,2,7.4,2,1,2,-2.91878172588832,4,"Birstall, Kirklees, United Kingdom",UK,UKG8,40138,53.7333,-1.65,-2590000,0,,,,,,,,4,"Birstall, Kirklees, United Kingdom",UK,UKG8,40138,53.7333,-1.65,-2590000,20260304154500,https://www.leicestermercury.co.uk/news/local-news/leicestershire-family-stuck-kuwait-amid-10847276
1292361631,20260304,202603,2026,2026.1753,BUS,AIRLINE,,,,,,BUS,,,,,,,,,,,,,0,71,71,7,2,7.4,3,1,3,-2.91878172588832,4,"Ali Al Salem Air Base, Kuwait (general), Kuwait",KU,KU00,123556,29.35,47.5211,186617,0,,,,,,,,5,"Leicestershire, Leicestershire, United Kingdom",UK,UKH5,40119,52.6649,-1.03489,-2600962,20260304154500,https://www.leicestermercury.co.uk/news/local-news/leicestershire-family-stuck-kuwait-amid-10847276
1292361632,20260304,202603,2026,2026.1753,BUS,TRADER,,,,,,BUS,,,,,,,,,,,,,0,73,73,7,2,7.4,7,1,7,-3.70370370370371,3,"Philadelphia, Pennsylvania, United States",US,USPA,PA101,39.9523,-75.1638,1209052,0,,,,,,,,3,"Philadelphia, Pennsylvania, United States",US,USPA,PA101,39.9523,-75.1638,1209052,20260304154500,https://www.independent.co.uk/news/science/archaeology/iran-swords-philadelphia-bronze-age-b2931723.html
1292361633,20260304,202603,2026,2026.1753,BUS,BUSINESS,,,,,,BUS,,,,,,,,,,,,,1,80,80,8,2,5.0,2,1,2,2.56410256410256,4,"Nottingham, Nottingham, United Kingdom",UK,UKJ8,40126,52.9667,-1.16667,-2604469,0,,,,,,,,4,"Nottingham, Nottingham, United Kingdom",UK,UKJ8,40126,52.9667,-1.16667,-2604469,20260304154500,https://www.leicestermercury.co.uk/whats-on/music-nightlife/legendary-leicester-music-venue-hosted-10847319
1292361634,20260304,202603,2026,2026.1753,BUS,MANUFACTURER,,,,,,BUS,,,,,,,,,,,,,0,80,80,8,2,5.0,5,1,5,1.49142431021625,4,"Sichuan, Gansu, China",CH,CH15,13024,35.1221,105.48,10650455,0,,,,,,,,4,"Sichuan, Gansu, China",CH,CH15,13024,35.1221,105.48,10650455,20260304154500,https://www.wateronline.com/doc/china-dairy-wastewater-treatment-processes-contractor-0001
1292361635,20260304,202603,2026,2026.1753,BUS,TANKER,,,,,,BUS,,,,,,,,,,,,,1,111,111,11,3,-2.0,10,1,10,-2.4390243902439,4,"Zvezda, Novgorodskaya Oblast', Russia",RS,RS52,25106,57.9665,32.7679,10593013,0,,,,,,,,4,"Zvezda, Novgorodskaya Oblast', Russia",RS,RS52,25106,57.9665,32.7679,10593013,20260304154500,https://www.thebarentsobserver.com/news/tanker-attacked-in-mediterranean-was-carrying-sanctioned-arctic-gas/446187
1292361636,20260304,202603,2026,2026.1753,BUS,BUSINESS,,,,,,BUS,,,,,,,,,,,,,1,120,120,12,3,-4.0,10,1,10,0.0,1,Bahrain,BA,BA,,26.0,50.5,BA,0,,,,,,,,1,Bahrain,BA,BA,,26.0,50.5,BA,20260304154500,https://www.bbc.co.uk/news/articles/c99jjr7d40yo
1292361637,20260304,202603,2026,2026.1753,BUS,AIRLINE,,,,,,BUS,,,,,,,,,,,,,1,160,160,16,4,-4.0,8,1,8,0.66518847006652,1,Australia,AS,AS,,-25.0,135.0,AS,0,,,,,,,,1,Australia,AS,AS,,-25.0,135.0,AS,20260304154500,https://www.manchestereveningnews.co.uk/news/world-news/virgin-atlantic-riyadh-dubai-flights-33530580
1292361638,20260304,202603,2026,2026.1753,BUS,INDUSTRY,,,,,,BUS,,,,,,,,,,,,,1,190,190,19,4,-10.0,5,1,5,2.95983086680761,4,"Xiaomi, Fujian, China",CH,CH07,13163,25.2225,116.057,10999868,0,,,,,,,,4,"Xiaomi, Fujian, China",CH,CH07,13163,25.2225,116.057,10999868,20260304154500,https://autonews.gasgoo.com/articles/ev/2026-two-sessions-automotive-industry-still-short-of-talent-2029183369504464896
1292361639,20260304,202603,2026,2026.1753,BUS,ENTREPRENEUR,,,,,,BUS,,,BRA,BRAZIL,BRA,,,,,,,,1,111,111,11,3,-2.0,6,1,6,1.88679245283019,1,Brazil,BR,BR,,-10.0,-55.0,BR,1,Brazil,BR,BR,,-10.0,-55.0,BR,1,Brazil,BR,BR,,-10.0,-55.0,BR,20260304154500,http://www.brazilsun.com/news/278901895/world-no-1-aryna-sabalenka-announces-engagement
1292361640,20260304,202603,2026,2026.1753,BUS,CORPORATION,,,,,,BUS,,,CAN,ONTARIO,CAN,,,,,,,,1,60,60,6,2,6.0,2,1,2,-3.1578947368421,4,"Ottawa, Ontario, Canada",CA,CA08,12755,45.4167,-75.7,-570760,4,"Ottawa, Ontario, Canada",CA,CA08,12755,45.4167,-75.7,-570760,4,"Ottawa, Ontario, Canada",CA,CA08,12755,45.4167,-75.7,-570760,20260304154500,https://www.castanetkamloops.net/news/Canada/601811/High-speed-rail-project-runs-into-rural-opposition
1292361641,20260304,202603,2026,2026.1753,BUS,EMPLOYER,,,,,,BUS,,,EDU,SCHOOL,,,,,,EDU,,,1,10,10,1,1,0.0,10,1,10,7.34341252699784,2,"Pennsylvania, United States",US,USPA,,40.5773,-77.264,PA,2,"Pennsylvania, United States",US,USPA,,40.5773,-77.264,PA,2,"Pennsylvania, United States",US,USPA,,40.5773,-77.264,PA,20260304154500,https://www.thecourierexpress.com/news/local/employers-invited-to-showcase-career-pathways-on-regional-website/article_3ef8bc9b-6bc1-4aaf-89f4-9c4a86083384.html
1292361642,20260304,202603,2026,2026.1753,BUS,PRODUCER,,,,,,BUS,,,EUR,EUROPE,EUR,,,,,,,,1,12,12,1,1,-0.4,10,1,10,-1.50442477876106,1,Qatar,QA,QA,,25.5,51.25,QA,1,Qatar,QA,QA,,25.5,51.25,QA,1,Qatar,QA,QA,,25.5,51.25,QA,20260304154500,https://peakoil.com/production/u-s-oil-and-gas-exporters-cant-fill-middle-east-supply-gap-as-hormuz-crisis-deepens
1292361643,20260304,202603,2026,2026.1753,BUS,INDUSTRY,,,,,,BUS,,,GOV,PRESIDENT,,,,,,GOV,,,1,13,13,1,1,0.4,3,1,3,-2.16508795669824,1,United States,US,US,,39.828175,-98.5795,US,1,United States,US,US,,39.828175,-98.5795,US,1,United States,US,US,,39.828175,-98.5795,US,20260304154500,https://dailynorthwestern.com/2026/03/04/top-stories/students-from-political-clubs-debate-maga-u-s-nato-membership-and-immigration-in-bridgenu-event/
1292361645,20260304,202603,2026,2026.1753,BUS,COMPANY,,,,,,BUS,,,IRL,IRELAND,IRL,,,,,,,,1,46,46,4,1,7.0,2,1,2,5.20231213872832,1,Ireland,EI,EI,,53.0,-8.0,EI,1,Ireland,EI,EI,,53.0,-8.0,EI,1,Ireland,EI,EI,,53.0,-8.0,EI,20260304154500,https://deadline.com/2026/03/cartoon-saloon-ceo-anthony-leo-aircraft-pictures-the-breadwinner-1236743542/
1292361647,20260304,202603,2026,2026.1753,BUS,BUSINESS,,,,,,BUS,,,USA,CINCINNATI,USA,,,,,,,,1,51,51,5,1,3.4,5,1,5,15.5102040816327,3,"Lawrenceburg, Indiana, United States",US,USIN,IN029,39.0909,-84.85,437674,3,"Lawrenceburg, Indiana, United States",US,USIN,IN029,39.0909,-84.85,437674,3,"Lawrenceburg, Indiana, United States",US,USIN,IN029,39.0909,-84.85,437674,20260304154500,https://www.eaglecountryonline.com/news/local-news/liberty-theater-receives-18-best-of-cincinnati-nominations/
1292361648,20260304,202603,2026,2026.1753,BUS,BUSINESS,,,,,,BUS,,,USA,CINCINNATI,USA,,,,,,,,1,51,51,5,1,3.4,1,1,1,15.5102040816327,3,"Lawrenceburg, Indiana, United States",US,USIN,IN029,39.0909,-84.85,437674,2,"Indiana, United States",US,USIN,,39.8647,-86.2604,IN,3,"Lawrenceburg, Indiana, United States",US,USIN,IN029,39.0909,-84.85,437674,20260304154500,https://www.eaglecountryonline.com/news/local-news/liberty-theater-receives-18-best-of-cincinnati-nominations/
1292361649,20260304,202603,2026,2026.1753,BUS,TANKER,,,,,,BUS,,,USA,UNITED STATES,USA,,,,,,,,1,163,163,16,4,-8.0,2,1,2,-2.4390243902439,4,"Zvezda, Novgorodskaya Oblast', Russia",RS,RS52,25106,57.9665,32.7679,10593013,4,"Zvezda, Novgorodskaya Oblast', Russia",RS,RS52,25106,57.9665,32.7679,10593013,4,"Zvezda, Novgorodskaya Oblast', Russia",RS,RS52,25106,57.9665,32.7679,10593013,20260304154500,https://www.thebarentsobserver.com/news/tanker-attacked-in-mediterranean-was-carrying-sanctioned-arctic-gas/446187
1292361650,20260304,202603,2026,2026.1753,BUS,TANKER,,,,,,BUS,,,USA,UNITED STATES,USA,,,,,,,,1,163,163,16,4,-8.0,8,1,8,-2.4390243902439,4,"Zvezda, Novgorodskaya Oblast', Russia",RS,RS52,25106,57.9665,32.7679,10593013,1,United States,US,US,,39.828175,-98.5795,US,1,United States,US,US,,39.828175,-98.5795,US,20260304154500,https://www.thebarentsobserver.com/news/tanker-attacked-in-mediterranean-was-carrying-sanctioned-arctic-gas/446187
1292361651,20260304,202603,2026,2026.1753,BUS,COMPANY,,,,,,BUS,,,USA,CALIFORNIA,USA,,,,,,,,0,173,173,17,4,-5.0,10,1,10,1.5068493150685,2,"California, United States",US,USCA,,36.17,-119.746,CA,2,"California, United States",US,USCA,,36.17,-119.746,CA,2,"California, United States",US,USCA,,36.17,-119.746,CA,20260304154500,https://www.finanznachrichten.de/nachrichten-2026-03/67855411-armis-named-a-leader-for-second-consecutive-year-in-2026-gartner-magic-quadrant-for-cps-protection-platforms-004.htm
1292361652,20260304,202603,2026,2026.1753,BUSCVL,BUSINESS,,,,,,BUS,CVL,,,,,,,,,,,,0,20,20,2,1,3.0,5,1,5,-0.30272452068617,1,Kazakhstan,KZ,KZ,,48.0,68.0,KZ,0,,,,,,,,1,Kazakhstan,KZ,KZ,,48.0,68.0,KZ,20260304154500,https://timesca.com/navigation-seals-in-the-eaeu-digital-modernization-or-a-new-barrier-for-kazakhstani-businesses/
1292361653,20260304,202603,2026,2026.1753,BUSGOV,INDUSTRY,,,,,,BUS,GOV,,,,,,,,,,,,0,71,71,7,2,7.4,10,1,10,0.88566827697262,4,"Xiaomi, Fujian, China",CH,CH07,13163,25.2225,116.057,10999868,0,,,,,,,,4,"Xiaomi, Fujian, China",CH,CH07,13163,25.2225,116.057,10999868,20260304154500,https://autonews.gasgoo.com/articles/market-industry/2026-two-sessions-lei-juns-five-proposals-robots-need-to-be-regularized-intelligent-driving-needs-rules-2029171178759884800
1292361654,20260304,202603,2026,2026.1753,BUSLEG,BUSINESS,,,,,,BUS,LEG,,KGZ,KYRGYZSTAN,KGZ,,,,,,,,1,46,46,4,1,7.0,2,1,2,1.42348754448398,4,"London, London, City of, United Kingdom",UK,UKH9,40110,51.5,-0.116667,-2601889,1,Kyrgyzstan,KG,KG,,41.0,75.0,KG,1,Kyrgyzstan,KG,KG,,41.0,75.0,KG,20260304154500,https://timesca.com/uk-and-kyrgyzstan-expand-financial-cooperation/
1292361655,20260304,202603,2026,2026.1753,BUSLEG,BUSINESS,,,,,,BUS,LEG,,KGZ,KYRGYZ,KGZ,,,,,,,,1,46,46,4,1,7.0,5,1,5,1.42348754448398,1,Kyrgyzstan,KG,KG,,41.0,75.0,KG,1,Kyrgyzstan,KG,KG,,41.0,75.0,KG,1,Kyrgyzstan,KG,KG,,41.0,75.0,KG,20260304154500,https://timesca.com/uk-and-kyrgyzstan-expand-financial-cooperation/
1292361656,20260304,202603,2026,2026.1753,CAN,CANADA,CAN,,,,,,,,,,,,,,,,,,0,13,13,1,1,0.4,2,1,2,4.53257790368272,4,"Calgary, Alberta, Canada",CA,CA01,12549,51.0833,-114.083,-561990,0,,,,,,,,4,"Calgary, Alberta, Canada",CA,CA01,12549,51.0833,-114.083,-561990,20260304154500,https://discoverairdrie.com/articles/ottawa-conditionally-approves-up-to-365m-for-lithium-project-east-of-olds
1292361657,20260304,202603,2026,2026.1753,CAN,CANADA,CAN,,,,,,,,,,,,,,,,,,0,111,111,11,3,-2.0,1,1,1,-4.1522491349481,4,"Ottawa, Ontario, Canada",CA,CA08,12755,45.4167,-75.7,-570760,0,,,,,,,,1,Syria,SY,SY,,35.0,38.0,SY,20260304154500,https://www.castanetkamloops.net/news/Canada/601802/Mother-urges-Canada-to-swiftly-repatriate-her-son-after-reported-transfer-to-Iraq
1292361658,20260304,202603,2026,2026.1753,CAN,CANADA,CAN,,,,,,,,,,,,,,,,,,1,120,120,12,3,-4.0,1,1,1,-0.81799591002045,1,United Kingdom,UK,UK,,54.0,-4.0,UK,0,,,,,,,,4,"Ottawa, Ontario, Canada",CA,CA08,12755,45.4167,-75.7,-570760,20260304154500,https://www.castanetkamloops.net/news/Canada/601806/Immigration-could-soon-account-for-all-of-Canada-s-population-growth-expert
1292361659,20260304,202603,2026,2026.1753,CAN,CANADIAN,CAN,,,,,,,,AUS,SYDNEY,AUS,,,,,,,,1,40,40,4,1,1.0,7,1,7,1.30293159609121,4,"Canberra, Australian Capital Territory, Australia",AS,AS01,4940,-35.2833,149.217,-1563952,4,"Canberra, Australian Capital Territory, Australia",AS,AS01,4940,-35.2833,149.217,-1563952,4,"Canberra, Australian Capital Territory, Australia",AS,AS01,4940,-35.2833,149.217,-1563952,20260304154500,https://www.castanetkamloops.net/news/Canada/601804/-We-can-set-the-agenda-Carney-continues-middle-power-pitch-in-Australia
1292361660,20260304,202603,2026,2026.1753,CAN,CANADIAN,CAN,,,,,,,,CANGOV,CANADA,CAN,,,,,GOV,,,1,43,43,4,1,2.8,2,1,2,0.856164383561645,1,Canada,CA,CA,,60.0,-96.0,CA,1,Canada,CA,CA,,60.0,-96.0,CA,1,Canada,CA,CA,,60.0,-96.0,CA,20260304154500,https://www.world-nuclear-news.org/articles/potential-for-candu-units-in-turkey-to-be-explored
1292361662,20260304,202603,2026,2026.1753,CAN,CANADIAN,CAN,,,,,,,,IRN,IRAN,IRN,,,,,,,,0,20,20,2,1,3.0,8,1,8,-2.92134831460675,4,"Ottawa, Ontario, Canada",CA,CA08,12755,45.4167,-75.7,-570760,1,Iran,IR,IR,,32.0,53.0,IR,4,"Ottawa, Ontario, Canada",CA,CA08,12755,45.4167,-75.7,-570760,20260304154500,https://www.castanetkamloops.net/news/Canada/601813/Canada-secures-limited-seats-on-commercial-flights-from-Lebanon-as-conflict-widens
1292361663,20260304,202603,2026,2026.1753,CAN,CANADIAN,CAN,,,,,,,,IRN,IRAN,IRN,,,,,,,,0,42,42,4,1,1.9,8,1,8,-2.92134831460675,4,"Ottawa, Ontario, Canada",CA,CA08,12755,45.4167,-75.7,-570760,1,Iran,IR,IR,,32.0,53.0,IR,4,"Ottawa, Ontario, Canada",CA,CA08,12755,45.4167,-75.7,-570760,20260304154500,https://www.castanetkamloops.net/news/Canada/601813/Canada-secures-limited-seats-on-commercial-flights-from-Lebanon-as-conflict-widens
1292361664,20260304,202603,2026,2026.1753,CAN,CANADIAN,CAN,,,,,,,,IRN,IRAN,IRN,,,,,,,,0,42,42,4,1,1.9,2,1,2,-2.92134831460675,1,Egypt,EG,EG,,27.0,30.0,EG,4,"Ottawa, Ontario, Canada",CA,CA08,12755,45.4167,-75.7,-570760,1,Egypt,EG,EG,,27.0,30.0,EG,20260304154500,https://www.castanetkamloops.net/news/Canada/601813/Canada-secures-limited-seats-on-commercial-flights-from-Lebanon-as-conflict-widens
1292361665,20260304,202603,2026,2026.1753,CAN,CANADIAN,CAN,,,,,,,,IRN,IRAN,IRN,,,,,,,,0,51,51,5,1,3.4,1,1,1,-6.63176265270506,4,"Ottawa, Ontario, Canada",CA,CA08,12755,45.4167,-75.7,-570760,4,"Tehran, Tehran, Iran",IR,IR26,41130,35.75,51.5148,10074674,4,"Ottawa, Ontario, Canada",CA,CA08,12755,45.4167,-75.7,-570760,20260304154500,https://www.upi.com/Top_News/World-News/2026/03/04/Spain-Canada-set-out-Iran-war-stances/2511772628375/
1292361666,20260304,202603,2026,2026.1753,CAN,CANADIAN,CAN,,,,,,,,IRN,IRAN,IRN,,,,,,,,0,51,51,5,1,3.4,1,1,1,-6.63176265270506,3,"Washington, District of Columbia, United States",US,USDC,DC001,38.8951,-77.0364,531871,4,"Madrid, Madrid, Spain",SP,SP29,25820,40.4,-3.68333,-390625,4,"Madrid, Madrid, Spain",SP,SP29,25820,40.4,-3.68333,-390625,20260304154500,https://www.upi.com/Top_News/World-News/2026/03/04/Spain-Canada-set-out-Iran-war-stances/2511772628375/
1292361667,20260304,202603,2026,2026.1753,CAN,CANADIAN,CAN,,,,,,,,IRN,IRAN,IRN,,,,,,,,0,110,110,11,3,-2.0,1,1,1,-6.63176265270506,4,"Ottawa, Ontario, Canada",CA,CA08,12755,45.4167,-75.7,-570760,4,"Tehran, Tehran, Iran",IR,IR26,41130,35.75,51.5148,10074674,4,"Tehran, Tehran, Iran",IR,IR26,41130,35.75,51.5148,10074674,20260304154500,https://www.upi.com/Top_News/World-News/2026/03/04/Spain-Canada-set-out-Iran-war-stances/2511772628375/
1292361668,20260304,202603,2026,2026.1753,CAN,CANADIAN,CAN,,,,,,,,IRN,IRAN,IRN,,,,,,,,0,110,110,11,3,-2.0,1,1,1,-6.63176265270506,3,"Washington, District of Columbia, United States",US,USDC,DC001,38.8951,-77.0364,531871,4,"Madrid, Madrid, Spain",SP,SP29,25820,40.4,-3.68333,-390625,4,"Madrid, Madrid, Spain",SP,SP29,25820,40.4,-3.68333,-390625,20260304154500,https://www.upi.com/Top_News/World-News/2026/03/04/Spain-Canada-set-out-Iran-war-stances/2511772628375/
1292361669,20260304,202603,2026,2026.1753,CAN,CANADA,CAN,,,,,,,,UAFUAF,TERRORIST,,,,,,UAF,UAF,,0,112,112,11,3,-2.0,2,1,2,-4.1522491349481,4,"Ottawa, Ontario, Canada",CA,CA08,12755,45.4167,-75.7,-570760,1,Syria,SY,SY,,35.0,38.0,SY,1,Syria,SY,SY,,35.0,38.0,SY,20260304154500,https://www.castanetkamloops.net/news/Canada/601802/Mother-urges-Canada-to-swiftly-repatriate-her-son-after-reported-transfer-to-Iraq
1292361670,20260304,202603,2026,2026.1753,CANGOV,CANADA,CAN,,,,,GOV,,,,,,,,,,,,,1,112,112,11,3,-2.0,10,1,10,-7.6923076923077,4,"Sydney, New South Wales, Australia",AS,AS02,154637,-33.8833,151.217,-1603135,0,,,,,,,,4,"Sydney, New South Wales, Australia",AS,AS02,154637,-33.8833,151.217,-1603135,20260304154500,https://www.channelnewsasia.com/watch/canadian-pm-says-israeli-us-strikes-iran-inconsistent-international-law-5970921
1292361671,20260304,202603,2026,2026.1753,CANGOV,CANADA,CAN,,,,,GOV,,,CAN,CANADIAN,CAN,,,,,,,,1,42,42,4,1,1.9,2,1,2,0.856164383561645,1,Canada,CA,CA,,60.0,-96.0,CA,1,Canada,CA,CA,,60.0,-96.0,CA,1,Canada,CA,CA,,60.0,-96.0,CA,20260304154500,https://www.world-nuclear-news.org/articles/potential-for-candu-units-in-turkey-to-be-explored
1292361672,20260304,202603,2026,2026.1753,CHE,SWISS,CHE,,,,,,,,,,,,,,,,,,0,36,36,3,1,4.0,1,1,1,5.23809523809523,1,Bangladesh,BG,BG,,24.0,90.0,BG,0,,,,,,,,1,Bangladesh,BG,BG,,24.0,90.0,BG,20260304154500,https://www.tbsnews.net/bangladesh/swiss-envoy-meets-fakhrul-discusses-trade-investment-and-rural-development-1377406
1292361673,20260304,202603,2026,2026.1753,CHE,SWISS,CHE,,,,,,,,,,,,,,,,,,1,40,40,4,1,1.0,2,1,2,5.23809523809523,1,Bangladesh,BG,BG,,24.0,90.0,BG,0,,,,,,,,1,Bangladesh,BG,BG,,24.0,90.0,BG,20260304154500,https://www.tbsnews.net/bangladesh/swiss-envoy-meets-fakhrul-discusses-trade-investment-and-rural-development-1377406
1292361674,20260304,202603,2026,2026.1753,CHE,SWISS,CHE,,,,,,,,BGD,BANGLADESH,BGD,,,,,,,,0,36,36,3,1,4.0,5,1,5,5.23809523809523,1,Bangladesh,BG,BG,,24.0,90.0,BG,1,Bangladesh,BG,BG,,24.0,90.0,BG,1,Bangladesh,BG,BG,,24.0,90.0,BG,20260304154500,https://www.tbsnews.net/bangladesh/swiss-envoy-meets-fakhrul-discusses-trade-investment-and-rural-development-1377406
1292361675,20260304,202603,2026,2026.1753,CHE,SWISS,CHE,,,,,,,,BGD,BANGLADESH,BGD,,,,,,,,0,36,36,3,1,4.0,3,1,3,5.23809523809523,1,Switzerland,SZ,SZ,,47.0,8.0,SZ,1,Bangladesh,BG,BG,,24.0,90.0,BG,1,Switzerland,SZ,SZ,,47.0,8.0,SZ,20260304154500,https://www.tbsnews.net/bangladesh/swiss-envoy-meets-fakhrul-discusses-trade-investment-and-rural-development-1377406
1292361676,20260304,202603,2026,2026.1753,CHE,SWISS,CHE,,,,,,,,BGR,BULGARIAN,BGR,,,,,,,,1,81,81,8,2,5.0,6,1,4,1.51515151515151,4,"Bellinzona, Ticino, Switzerland",SZ,SZ20,26305,46.1952,9.02283,-2551220,1,Bulgaria,BU,BU,,43.0,25.0,BU,1,Bulgaria,BU,BU,,43.0,25.0,BU,20260304154500,https://www.swissinfo.ch/eng/swiss-politics/swiss-court-clears-ubs-in-bulgaria-case/91037146
1292361677,20260304,202603,2026,2026.1753,CHE,SWISS,CHE,,,,,,,,BGRCRM,BULGARIAN,BGR,,,,,CRM,,,1,81,81,8,2,5.0,9,1,6,1.51515151515151,4,"Bellinzona, Ticino, Switzerland",SZ,SZ20,26305,46.1952,9.02283,-2551220,1,Bulgaria,BU,BU,,43.0,25.0,BU,4,"Bellinzona, Ticino, Switzerland",SZ,SZ20,26305,46.1952,9.02283,-2551220,20260304154500,https://www.swissinfo.ch/eng/swiss-politics/swiss-court-clears-ubs-in-bulgaria-case/91037146
1292361678,20260304,202603,2026,2026.1753,CHE,SWISS,CHE,,,,,,,,CHECVL,SWITZERLAND,CHE,,,,,CVL,,,0,60,60,6,2,6.0,4,1,4,-1.88133140376266,4,"Geneva, Genè, Switzerland",SZ,SZ07,16329,46.1956,6.14811,-2552151,4,"Geneva, Genè, Switzerland",SZ,SZ07,16329,46.1956,6.14811,-2552151,4,"Geneva, Genè, Switzerland",SZ,SZ07,16329,46.1956,6.14811,-2552151,20260304154500,https://www.swissinfo.ch/eng/swiss-diplomacy/swiss-protecting-power-mandate-in-iran-crown-jewel-or-diplomatic-relic/91030279
1292361679,20260304,202603,2026,2026.1753,CHE,SWISS,CHE,,,,,,,,CHELEG,SWITZERLAND,CHE,,,,,LEG,,,0,120,120,12,3,-4.0,6,1,4,-1.31578947368421,1,Switzerland,SZ,SZ,,47.0,8.0,SZ,1,Switzerland,SZ,SZ,,47.0,8.0,SZ,1,Switzerland,SZ,SZ,,47.0,8.0,SZ,20260304154500,https://www.swissinfo.ch/eng/swiss-politics/second-swiss-parliament-chamber-rejects-cuts-to-swissinfo/91036609
1292361680,20260304,202603,2026,2026.1753,CHE,SWISS,CHE,,,,,,,,CHEMED,SWITZERLAND,CHE,,,,,MED,,,0,10,10,1,1,0.0,4,1,4,-1.31578947368421,1,Switzerland,SZ,SZ,,47.0,8.0,SZ,1,Switzerland,SZ,SZ,,47.0,8.0,SZ,1,Switzerland,SZ,SZ,,47.0,8.0,SZ,20260304154500,https://www.swissinfo.ch/eng/swiss-politics/second-swiss-parliament-chamber-rejects-cuts-to-swissinfo/91036609
1292361681,20260304,202603,2026,2026.1753,CHE,SWISS,CHE,,,,,,,,CHEMED,SWITZERLAND,CHE,,,,,MED,,,0,20,20,2,1,3.0,2,1,2,-1.31578947368421,1,Switzerland,SZ,SZ,,47.0,8.0,SZ,1,Switzerland,SZ,SZ,,47.0,8.0,SZ,1,Switzerland,SZ,SZ,,47.0,8.0,SZ,20260304154500,https://www.swissinfo.ch/eng/swiss-politics/second-swiss-parliament-chamber-rejects-cuts-to-swissinfo/91036609
1292361682,20260304,202603,2026,2026.1753,CHE,SWISS,CHE,,,,,,,,CHEMED,SWITZERLAND,CHE,,,,,MED,,,0,60,60,6,2,6.0,4,1,4,-1.31578947368421,1,Switzerland,SZ,SZ,,47.0,8.0,SZ,1,Switzerland,SZ,SZ,,47.0,8.0,SZ,1,Switzerland,SZ,SZ,,47.0,8.0,SZ,20260304154500,https://www.swissinfo.ch/eng/swiss-politics/second-swiss-parliament-chamber-rejects-cuts-to-swissinfo/91036609
1292361683,20260304,202603,2026,2026.1753,CHE,SWISS,CHE,,,,,,,,CHEMED,SWITZERLAND,CHE,,,,,MED,,,1,70,70,7,2,7.0,4,1,2,-1.31578947368421,1,Switzerland,SZ,SZ,,47.0,8.0,SZ,1,Switzerland,SZ,SZ,,47.0,8.0,SZ,1,Switzerland,SZ,SZ,,47.0,8.0,SZ,20260304154500,https://www.swissinfo.ch/eng/swiss-politics/second-swiss-parliament-chamber-rejects-cuts-to-swissinfo/91036609
1292361684,20260304,202603,2026,2026.1753,CHE,SWISS,CHE,,,,,,,,CRM,MAFIA,,,,,,CRM,,,0,173,173,17,4,-5.0,8,1,8,-2.60336906584992,1,Italy,IT,IT,,42.833333,12.833333,IT,1,Italy,IT,IT,,42.833333,12.833333,IT,1,Italy,IT,IT,,42.833333,12.833333,IT,20260304154500,https://www.swissinfo.ch/eng/swiss-politics/europe-wide-drugs-probe-raises-questions-about-swiss-residency-checks/91037788
1292361685,20260304,202603,2026,2026.1753,CHE,SWITZERLAND,CHE,,,,,,,,GOV,GOVERNMENT,,,,,,GOV,,,1,84,84,8,2,7.0,4,1,4,3.07328605200946,1,Switzerland,SZ,SZ,,47.0,8.0,SZ,1,Switzerland,SZ,SZ,,47.0,8.0,SZ,1,Switzerland,SZ,SZ,,47.0,8.0,SZ,20260304154500,https://www.myjoyonline.com/local-government-minister-inspects-seco-kfw-funded-projects-in-ahafo-region/
1292361686,20260304,202603,2026,2026.1753,CHE,SWISS,CHE,,,,,,,,GOV,GOVERNMENT,,,,,,GOV,,,0,120,120,12,3,-4.0,2,1,2,-1.31578947368421,1,Switzerland,SZ,SZ,,47.0,8.0,SZ,1,Switzerland,SZ,SZ,,47.0,8.0,SZ,1,Switzerland,SZ,SZ,,47.0,8.0,SZ,20260304154500,https://www.swissinfo.ch/eng/swiss-politics/second-swiss-parliament-chamber-rejects-cuts-to-swissinfo/91036609
1292361687,20260304,202603,2026,2026.1753,CHE,SWISS,CHE,,,,,,,,LEGLEG,CHAMBER,,,,,,LEG,LEG,,1,120,120,12,3,-4.0,6,1,2,-1.31578947368421,1,Switzerland,SZ,SZ,,47.0,8.0,SZ,1,Switzerland,SZ,SZ,,47.0,8.0,SZ,1,Switzerland,SZ,SZ,,47.0,8.0,SZ,20260304154500,https://www.swissinfo.ch/eng/swiss-politics/second-swiss-parliament-chamber-rejects-cuts-to-swissinfo/91036609
1292361688,20260304,202603,2026,2026.1753,CHE,SWISS,CHE,,,,,,,,MIL,MILITARY,,,,,,MIL,,,0,51,51,5,1,3.4,1,1,1,-1.88133140376266,4,"Tehran, Tehran, Iran",IR,IR26,41130,35.75,51.5148,10074674,4,"Bern, Bern, Switzerland",SZ,SZ05,26290,46.9167,7.46667,-2551235,4,"Bern, Bern, Switzerland",SZ,SZ05,26290,46.9167,7.46667,-2551235,20260304154500,https://www.swissinfo.ch/eng/swiss-diplomacy/swiss-protecting-power-mandate-in-iran-crown-jewel-or-diplomatic-relic/91030279
1292361689,20260304,202603,2026,2026.1753,CHE,GENEVA,CHE,,,,,,,,NGOHLHIRC,RED CRESCENT,,IRC,,,,NGO,HLH,,0,40,40,4,1,1.0,10,1,10,1.32575757575758,4,"Geneva, Genè, Switzerland",SZ,SZ07,16329,46.1956,6.14811,-2552151,4,"Geneva, Genè, Switzerland",SZ,SZ07,16329,46.1956,6.14811,-2552151,4,"Geneva, Genè, Switzerland",SZ,SZ07,16329,46.1956,6.14811,-2552151,20260304154500,https://www.swissinfo.ch/eng/international-geneva/swiss-lawmakers-save-funding-for-red-cross-museum-in-geneva/91038139
1292361690,20260304,202603,2026,2026.1753,CHE,SWISS,CHE,,,,,,,,NGOHLHIRC,RED CROSS,,IRC,,,,NGO,HLH,,1,71,71,7,2,7.4,6,1,2,1.32575757575758,4,"Geneva, Genè, Switzerland",SZ,SZ07,16329,46.1956,6.14811,-2552151,4,"Geneva, Genè, Switzerland",SZ,SZ07,16329,46.1956,6.14811,-2552151,4,"Geneva, Genè, Switzerland",SZ,SZ07,16329,46.1956,6.14811,-2552151,20260304154500,https://www.swissinfo.ch/eng/international-geneva/swiss-lawmakers-save-funding-for-red-cross-museum-in-geneva/91038139
1292361691,20260304,202603,2026,2026.1753,CHE,SWISS,CHE,,,,,,,,NGOHLHIRC,RED CROSS,,IRC,,,,NGO,HLH,,1,71,71,7,2,7.4,4,1,4,1.32575757575758,1,Italy,IT,IT,,42.833333,12.833333,IT,1,Italy,IT,IT,,42.833333,12.833333,IT,1,Italy,IT,IT,,42.833333,12.833333,IT,20260304154500,https://www.swissinfo.ch/eng/international-geneva/swiss-lawmakers-save-funding-for-red-cross-museum-in-geneva/91038139
1292361692,20260304,202603,2026,2026.1753,CHE,SWISS,CHE,,,,,,,,PTY,DEMOCRATIC PARTY,,,,,,,,,1,51,51,5,1,3.4,2,1,2,1.32575757575758,4,"Bern, Bern, Switzerland",SZ,SZ05,26290,46.9167,7.46667,-2551235,4,"Bern, Bern, Switzerland",SZ,SZ05,26290,46.9167,7.46667,-2551235,4,"Bern, Bern, Switzerland",SZ,SZ05,26290,46.9167,7.46667,-2551235,20260304154500,https://www.swissinfo.ch/eng/international-geneva/swiss-lawmakers-save-funding-for-red-cross-museum-in-geneva/91038139
1292361693,20260304,202603,2026,2026.1753,CHECHR,BALE,CHE,,,CHR,,,,,,,,,,,,,,,1,43,43,4,1,2.8,6,1,6,-0.18083182640145,3,"Chicago, Illinois, United States",US,USIL,IL031,41.85,-87.6501,423587,0,,,,,,,,3,"Chicago, Illinois, United States",US,USIL,IL031,41.85,-87.6501,423587,20260304154500,https://www.aol.co.uk/articles/jake-gyllenhaal-reads-meaningful-note-151918069.html
1292361694,20260304,202603,2026,2026.1753,CHECHR,BALE,CHE,,,CHR,,,,,USA,UNITED STATES,USA,,,,,,,,1,42,42,4,1,1.9,2,1,2,-0.18083182640145,2,"New York, United States",US,USNY,,42.1497,-74.9384,NY,2,"New York, United States",US,USNY,,42.1497,-74.9384,NY,2,"New York, United States",US,USNY,,42.1497,-74.9384,NY,20260304154500,https://www.aol.co.uk/articles/jake-gyllenhaal-reads-meaningful-note-151918069.html
1292361695,20260304,202603,2026,2026.1753,CHEGOV,SWISS,CHE,,,,,GOV,,,,,,,,,,,,,1,46,46,4,1,7.0,3,1,3,5.23809523809523,1,Bangladesh,BG,BG,,24.0,90.0,BG,0,,,,,,,,1,Bangladesh,BG,BG,,24.0,90.0,BG,20260304154500,https://www.tbsnews.net/bangladesh/swiss-envoy-meets-fakhrul-discusses-trade-investment-and-rural-development-1377406
1292361696,20260304,202603,2026,2026.1753,CHEGOV,SWISS,CHE,,,,,GOV,,,CHE,GENEVA,CHE,,,,,,,,1,71,71,7,2,7.4,6,1,6,1.32575757575758,4,"Geneva, Genè, Switzerland",SZ,SZ07,16329,46.1956,6.14811,-2552151,4,"Geneva, Genè, Switzerland",SZ,SZ07,16329,46.1956,6.14811,-2552151,4,"Geneva, Genè, Switzerland",SZ,SZ07,16329,46.1956,6.14811,-2552151,20260304154500,https://www.swissinfo.ch/eng/international-geneva/swiss-lawmakers-save-funding-for-red-cross-museum-in-geneva/91038139
1292361697,20260304,202603,2026,2026.1753,CHEGOV,SWISS,CHE,,,,,GOV,,,CHECVL,SWISS,CHE,,,,,CVL,,,0,60,60,6,2,6.0,3,1,3,-1.88133140376266,4,"Geneva, Genè, Switzerland",SZ,SZ07,16329,46.1956,6.14811,-2552151,4,"Geneva, Genè, Switzerland",SZ,SZ07,16329,46.1956,6.14811,-2552151,4,"Geneva, Genè, Switzerland",SZ,SZ07,16329,46.1956,6.14811,-2552151,20260304154500,https://www.swissinfo.ch/eng/swiss-diplomacy/swiss-protecting-power-mandate-in-iran-crown-jewel-or-diplomatic-relic/91030279
1292361698,20260304,202603,2026,2026.1753,CHEGOV,SWISS,CHE,,,,,GOV,,,CHEMED,SWISS,CHE,,,,,MED,,,1,70,70,7,2,7.0,6,1,6,-1.31578947368421,1,Switzerland,SZ,SZ,,47.0,8.0,SZ,1,Switzerland,SZ,SZ,,47.0,8.0,SZ,1,Switzerland,SZ,SZ,,47.0,8.0,SZ,20260304154500,https://www.swissinfo.ch/eng/swiss-politics/second-swiss-parliament-chamber-rejects-cuts-to-swissinfo/91036609
1292361699,20260304,202603,2026,2026.1753,CHELEG,SWISS,CHE,,,,,LEG,,,,,,,,,,,,,0,120,120,12,3,-4.0,9,1,6,-1.31578947368421,1,Switzerland,SZ,SZ,,47.0,8.0,SZ,0,,,,,,,,1,Switzerland,SZ,SZ,,47.0,8.0,SZ,20260304154500,https://www.swissinfo.ch/eng/swiss-politics/second-swiss-parliament-chamber-rejects-cuts-to-swissinfo/91036609
1292361700,20260304,202603,2026,2026.1753,CHELEG,SWITZERLAND,CHE,,,,,LEG,,,CHE,SWISS,CHE,,,,,,,,0,20,20,2,1,3.0,2,1,2,-1.31578947368421,1,Switzerland,SZ,SZ,,47.0,8.0,SZ,1,Switzerland,SZ,SZ,,47.0,8.0,SZ,1,Switzerland,SZ,SZ,,47.0,8.0,SZ,20260304154500,https://www.swissinfo.ch/eng/swiss-politics/second-swiss-parliament-chamber-rejects-cuts-to-swissinfo/91036609
1292361701,20260304,202603,2026,2026.1753,CHELEG,SWITZERLAND,CHE,,,,,LEG,,,CHE,SWITZERLAND,CHE,,,,,,,,1,51,51,5,1,3.4,1,1,1,1.32575757575758,4,"Bern, Bern, Switzerland",SZ,SZ05,26290,46.9167,7.46667,-2551235,4,"Bern, Bern, Switzerland",SZ,SZ05,26290,46.9167,7.46667,-2551235,4,"Bern, Bern, Switzerland",SZ,SZ05,26290,46.9167,7.46667,-2551235,20260304154500,https://www.swissinfo.ch/eng/international-geneva/swiss-lawmakers-save-funding-for-red-cross-museum-in-geneva/91038139
1292361702,20260304,202603,2026,2026.1753,CHELEG,SWITZERLAND,CHE,,,,,LEG,,,CHE,SWISS,CHE,,,,,,,,0,70,70,7,2,7.0,2,1,2,-1.31578947368421,1,Switzerland,SZ,SZ,,47.0,8.0,SZ,1,Switzerland,SZ,SZ,,47.0,8.0,SZ,1,Switzerland,SZ,SZ,,47.0,8.0,SZ,20260304154500,https://www.swissinfo.ch/eng/swiss-politics/second-swiss-parliament-chamber-rejects-cuts-to-swissinfo/91036609
1292361703,20260304,202603,2026,2026.1753,CHELEG,SWISS,CHE,,,,,LEG,,,CHEMED,SWISS,CHE,,,,,MED,,,0,20,20,2,1,3.0,6,1,6,-1.31578947368421,1,Switzerland,SZ,SZ,,47.0,8.0,SZ,1,Switzerland,SZ,SZ,,47.0,8.0,SZ,1,Switzerland,SZ,SZ,,47.0,8.0,SZ,20260304154500,https://www.swissinfo.ch/eng/swiss-politics/second-swiss-parliament-chamber-rejects-cuts-to-swissinfo/91036609
1292361704,20260304,202603,2026,2026.1753,CHELEG,SWISS,CHE,,,,,LEG,,,CHEMED,SWISS,CHE,,,,,MED,,,0,70,70,7,2,7.0,6,1,6,-1.31578947368421,1,Switzerland,SZ,SZ,,47.0,8.0,SZ,1,Switzerland,SZ,SZ,,47.0,8.0,SZ,1,Switzerland,SZ,SZ,,47.0,8.0,SZ,20260304154500,https://www.swissinfo.ch/eng/swiss-politics/second-swiss-parliament-chamber-rejects-cuts-to-swissinfo/91036609
1292361705,20260304,202603,2026,2026.1753,CHELEG,SWISS,CHE,,,,,LEG,,,GOV,GOVERNMENT,,,,,,GOV,,,0,120,120,12,3,-4.0,8,1,8,-1.31578947368421,1,Switzerland,SZ,SZ,,47.0,8.0,SZ,1,Switzerland,SZ,SZ,,47.0,8.0,SZ,1,Switzerland,SZ,SZ,,47.0,8.0,SZ,20260304154500,https://www.swissinfo.ch/eng/swiss-politics/second-swiss-parliament-chamber-rejects-cuts-to-swissinfo/91036609
1292361706,20260304,202603,2026,2026.1753,CHELEG,SWISS,CHE,,,,,LEG,,,LEGLEG,CHAMBER,,,,,,LEG,LEG,,1,120,120,12,3,-4.0,17,1,8,-1.31578947368421,1,Switzerland,SZ,SZ,,47.0,8.0,SZ,1,Switzerland,SZ,SZ,,47.0,8.0,SZ,1,Switzerland,SZ,SZ,,47.0,8.0,SZ,20260304154500,https://www.swissinfo.ch/eng/swiss-politics/second-swiss-parliament-chamber-rejects-cuts-to-swissinfo/91036609
1292361707,20260304,202603,2026,2026.1753,CHELEG,SWISS,CHE,,,,,LEG,,,NGOHLHIRC,RED CROSS,,IRC,,,,NGO,HLH,,1,71,71,7,2,7.4,9,1,6,1.32575757575758,4,"Geneva, Genè, Switzerland",SZ,SZ07,16329,46.1956,6.14811,-2552151,4,"Geneva, Genè, Switzerland",SZ,SZ07,16329,46.1956,6.14811,-2552151,4,"Geneva, Genè, Switzerland",SZ,SZ07,16329,46.1956,6.14811,-2552151,20260304154500,https://www.swissinfo.ch/eng/international-geneva/swiss-lawmakers-save-funding-for-red-cross-museum-in-geneva/91038139
1292361708,20260304,202603,2026,2026.1753,CHELEG,SWISS,CHE,,,,,LEG,,,NGOHLHIRC,RED CROSS,,IRC,,,,NGO,HLH,,1,71,71,7,2,7.4,6,1,6,1.32575757575758,1,Italy,IT,IT,,42.833333,12.833333,IT,1,Italy,IT,IT,,42.833333,12.833333,IT,1,Italy,IT,IT,,42.833333,12.833333,IT,20260304154500,https://www.swissinfo.ch/eng/international-geneva/swiss-lawmakers-save-funding-for-red-cross-museum-in-geneva/91038139
1292361709,20260304,202603,2026,2026.1753,CHELEG,SWISS,CHE,,,,,LEG,,,PTY,DEMOCRATIC PARTY,,,,,,,,,1,51,51,5,1,3.4,6,1,6,1.32575757575758,4,"Bern, Bern, Switzerland",SZ,SZ05,26290,46.9167,7.46667,-2551235,4,"Bern, Bern, Switzerland",SZ,SZ05,26290,46.9167,7.46667,-2551235,4,"Bern, Bern, Switzerland",SZ,SZ05,26290,46.9167,7.46667,-2551235,20260304154500,https://www.swissinfo.ch/eng/international-geneva/swiss-lawmakers-save-funding-for-red-cross-museum-in-geneva/91038139
1292361710,20260304,202603,2026,2026.1753,CHEMED,SWISS,CHE,,,,,MED,,,,,,,,,,,,,0,10,10,1,1,0.0,6,1,6,-1.31578947368421,1,Switzerland,SZ,SZ,,47.0,8.0,SZ,0,,,,,,,,1,Switzerland,SZ,SZ,,47.0,8.0,SZ,20260304154500,https://www.swissinfo.ch/eng/swiss-politics/second-swiss-parliament-chamber-rejects-cuts-to-swissinfo/91036609
1292361711,20260304,202603,2026,2026.1753,CHEMED,SWISS,CHE,,,,,MED,,,,,,,,,,,,,0,60,60,6,2,6.0,6,1,6,-1.31578947368421,1,Switzerland,SZ,SZ,,47.0,8.0,SZ,0,,,,,,,,1,Switzerland,SZ,SZ,,47.0,8.0,SZ,20260304154500,https://www.swissinfo.ch/eng/swiss-politics/second-swiss-parliament-chamber-rejects-cuts-to-swissinfo/91036609
1292361712,20260304,202603,2026,2026.1753,CHN,CHINA,CHN,,,,,,,,,,,,,,,,,,1,10,10,1,1,0.0,5,1,5,-4.23076923076923,4,"Yanbu, Al Madinah, Saudi Arabia",SA,SA05,25311,24.0891,38.0637,-3101071,0,,,,,,,,4,"Red Sea, Djibouti (general), Djibouti",DJ,DJ00,25312,19.0,39.5,-2037160,20260304154500,https://indianexpress.com/article/business/crude-tanker-rates-go-through-the-roof-amid-west-asia-conflict-10564844/
1292361713,20260304,202603,2026,2026.1753,CHN,CHINA,CHN,,,,,,,,,,,,,,,,,,1,36,36,3,1,4.0,8,1,8,4.08163265306122,4,"Hutong, Guangdong, China",CH,CH30,13057,22.0708,110.627,6001055,0,,,,,,,,4,"Hutong, Guangdong, China",CH,CH30,13057,22.0708,110.627,6001055,20260304154500,https://www.thespiritsbusiness.com/2026/03/millie-tang-partners-with-hutong-in-london/
1292361714,20260304,202603,2026,2026.1753,CHN,SUZHOU,CHN,,,,,,,,,,,,,,,,,,1,57,57,5,1,8.0,10,1,10,1.9349164467898,4,"Taicang, Hebei, China",CH,CH10,13103,36.3333,113.92,6015655,0,,,,,,,,4,"Taicang, Hebei, China",CH,CH10,13103,36.3333,113.92,6015655,20260304154500,https://autonews.gasgoo.com/articles/market-industry/schaeffler-partners-with-leju-why-are-tier-1-giants-racing-into-humanoid-robotics-2029182654044278784
1292361715,20260304,202603,2026,2026.1753,CHN,SHIJIAZHUANG,CHN,,,,,,,,,,,,,,,,,,1,111,111,11,3,-2.0,8,1,8,1.49142431021625,4,"Sichuan, Gansu, China",CH,CH15,13024,35.1221,105.48,10650455,0,,,,,,,,4,"Sichuan, Gansu, China",CH,CH15,13024,35.1221,105.48,10650455,20260304154500,https://www.wateronline.com/doc/china-dairy-wastewater-treatment-processes-contractor-0001
1292361716,20260304,202603,2026,2026.1753,CHN,CHINA,CHN,,,,,,,,AUS,AUSTRALIAN,AUS,,,,,,,,1,36,36,3,1,4.0,4,1,4,4.08163265306122,4,"Hutong, Guangdong, China",CH,CH30,13057,22.0708,110.627,6001055,1,Australia,AS,AS,,-25.0,135.0,AS,4,"Hutong, Guangdong, China",CH,CH30,13057,22.0708,110.627,6001055,20260304154500,https://www.thespiritsbusiness.com/2026/03/millie-tang-partners-with-hutong-in-london/
1292361717,20260304,202603,2026,2026.1753,CHN,SHANGHAI,CHN,,,,,,,,AUS,AUSTRALIAN,AUS,,,,,,,,1,36,36,3,1,4.0,6,1,6,4.08163265306122,4,"Hutong, Guangdong, China",CH,CH30,13057,22.0708,110.627,6001055,1,Australia,AS,AS,,-25.0,135.0,AS,1,Australia,AS,AS,,-25.0,135.0,AS,20260304154500,https://www.thespiritsbusiness.com/2026/03/millie-tang-partners-with-hutong-in-london/
1292361718,20260304,202603,2026,2026.1753,CHN,CHINA,CHN,,,,,,,,CHNMIL,CHINA,CHN,,,,,MIL,,,0,10,10,1,1,0.0,3,1,3,-4.10094637223975,1,China,CH,CH,,35.0,105.0,CH,1,China,CH,CH,,35.0,105.0,CH,1,China,CH,CH,,35.0,105.0,CH,20260304154500,https://www.yahoo.com/news/articles/pakistan-then-iran-chinese-air-130000354.html
1292361719,20260304,202603,2026,2026.1753,CHN,CHINA,CHN,,,,,,,,CHNMIL,CHINA,CHN,,,,,MIL,,,0,138,138,13,3,-7.0,3,1,3,-4.10094637223975,1,China,CH,CH,,35.0,105.0,CH,1,China,CH,CH,,35.0,105.0,CH,1,China,CH,CH,,35.0,105.0,CH,20260304154500,https://www.yahoo.com/news/articles/pakistan-then-iran-chinese-air-130000354.html
1292361720,20260304,202603,2026,2026.1753,CHN,CHINA,CHN,,,,,,,,EUR,EUROPE,EUR,,,,,,,,1,61,61,6,2,6.4,1,1,1,-2.53317249698432,4,"Nuuk, Vestgrød, Greenland",GL,GL03,25042,64.1833,-51.75,-2084615,1,China,CH,CH,,35.0,105.0,CH,4,"Nuuk, Vestgrød, Greenland",GL,GL03,25042,64.1833,-51.75,-2084615,20260304154500,https://www.castanetkamloops.net/news/World/601801/It-s-too-warm-Greenland-s-fishermen-are-under-threat-from-climate-change
1292361721,20260304,202603,2026,2026.1753,CHN,CHINA,CHN,,,,,,,,GBR,BRITISH,GBR,,,,,,,,1,40,40,4,1,1.0,6,1,6,2.53411306042885,1,China,CH,CH,,35.0,105.0,CH,4,"London, London, City of, United Kingdom",UK,UKH9,40110,51.5,-0.116667,-2601889,4,"London, London, City of, United Kingdom",UK,UKH9,40110,51.5,-0.116667,-2601889,20260304154500,https://timesca.com/tag/ca5uk/
1292361722,20260304,202603,2026,2026.1753,CHN,CHINA,CHN,,,,,,,,GBR,UNITED KINGDOM,GBR,,,,,,,,1,40,40,4,1,1.0,2,1,2,2.53411306042885,1,Russia,RS,RS,,60.0,100.0,RS,4,"London, London, City of, United Kingdom",UK,UKH9,40110,51.5,-0.116667,-2601889,4,"London, London, City of, United Kingdom",UK,UKH9,40110,51.5,-0.116667,-2601889,20260304154500,https://timesca.com/tag/ca5uk/
1292361723,20260304,202603,2026,2026.1753,CHN,CHINESE,CHN,,,,,,,,GOV,MINIST,,,,,,GOV,,,1,10,10,1,1,0.0,1,1,1,-4.17956656346749,4,"Beijing, Beijing, China",CH,CH22,13001,39.9289,116.388,-1898541,4,"London, London, City of, United Kingdom",UK,UKH9,40110,51.5,-0.116667,-2601889,4,"London, London, City of, United Kingdom",UK,UKH9,40110,51.5,-0.116667,-2601889,20260304154500,https://www.independent.ie/world-news/britain/husband-of-uk-labour-mp-joani-reid-arrested-on-suspicion-of-spying-for-china/a949585759.html
1292361724,20260304,202603,2026,2026.1753,CHN,CHINA,CHN,,,,,,,,GOVEDU,MINIST OF EDUCATION,,,,,,GOV,EDU,,0,20,20,2,1,3.0,4,1,4,0.88566827697262,4,"Xiaomi, Fujian, China",CH,CH07,13163,25.2225,116.057,10999868,4,"Xiaomi, Fujian, China",CH,CH07,13163,25.2225,116.057,10999868,4,"Xiaomi, Fujian, China",CH,CH07,13163,25.2225,116.057,10999868,20260304154500,https://autonews.gasgoo.com/articles/market-industry/2026-two-sessions-lei-juns-five-proposals-robots-need-to-be-regularized-intelligent-driving-needs-rules-2029171178759884800
1292361725,20260304,202603,2026,2026.1753,CHN,CHINA,CHN,,,,,,,,JPN,JAPAN,JPN,,,,,,,,1,61,61,6,2,6.4,1,1,1,-2.53317249698432,4,"Nuuk, Vestgrød, Greenland",GL,GL03,25042,64.1833,-51.75,-2084615,1,China,CH,CH,,35.0,105.0,CH,4,"Nuuk, Vestgrød, Greenland",GL,GL03,25042,64.1833,-51.75,-2084615,20260304154500,https://www.castanetkamloops.net/news/World/601801/It-s-too-warm-Greenland-s-fishermen-are-under-threat-from-climate-change
1292361726,20260304,202603,2026,2026.1753,CHN,CHINA,CHN,,,,,,,,MED,MEDIA,,,,,,MED,,,0,213,21,2,1,3.4,4,1,4,0.82872928176795,1,China,CH,CH,,35.0,105.0,CH,1,China,CH,CH,,35.0,105.0,CH,1,China,CH,CH,,35.0,105.0,CH,20260304154500,https://www.dailyrecord.co.uk/news/politics/anas-sarwar-backs-labour-over-36816477
1292361727,20260304,202603,2026,2026.1753,CHN,CHINESE,CHN,,,,,,,,PAK,PAKISTANI,PAK,,,,,,,,0,112,112,11,3,-2.0,1,1,1,-4.10094637223975,1,China,CH,CH,,35.0,105.0,CH,1,Pakistan,PK,PK,,30.0,70.0,PK,1,Pakistan,PK,PK,,30.0,70.0,PK,20260304154500,https://www.yahoo.com/news/articles/pakistan-then-iran-chinese-air-130000354.html
1292361728,20260304,202603,2026,2026.1753,CHN,CHINESE,CHN,,,,,,,,PAK,PAKISTANI,PAK,,,,,,,,0,112,112,11,3,-2.0,1,1,1,-4.10094637223975,1,Pakistan,PK,PK,,30.0,70.0,PK,1,China,CH,CH,,35.0,105.0,CH,1,China,CH,CH,,35.0,105.0,CH,20260304154500,https://www.yahoo.com/news/articles/pakistan-then-iran-chinese-air-130000354.html
1292361729,20260304,202603,2026,2026.1753,CHN,CHINA,CHN,,,,,,,,USA,UNITED STATES,USA,,,,,,,,1,61,61,6,2,6.4,1,1,1,-2.53317249698432,4,"Nuuk, Vestgrød, Greenland",GL,GL03,25042,64.1833,-51.75,-2084615,1,China,CH,CH,,35.0,105.0,CH,4,"Nuuk, Vestgrød, Greenland",GL,GL03,25042,64.1833,-51.75,-2084615,20260304154500,https://www.castanetkamloops.net/news/World/601801/It-s-too-warm-Greenland-s-fishermen-are-under-threat-from-climate-change
1292361730,20260304,202603,2026,2026.1753,CHNCOP,CHINA,CHN,,,,,COP,,,,,,,,,,,,,1,90,90,9,2,-2.0,10,1,10,-4.16666666666666,5,"South Lanarkshire, South Lanarkshire, United Kingdom",UK,UKW5,40176,55.5833,-3.83333,6077678,0,,,,,,,,5,"South Lanarkshire, South Lanarkshire, United Kingdom",UK,UKW5,40176,55.5833,-3.83333,6077678,20260304154500,https://www.countytimes.co.uk/news/25906824.man-arrested-powys-metropolitan-police-china-spy-probe/
1292361731,20260304,202603,2026,2026.1753,CHNGOV,CHINA,CHN,,,,,GOV,,,PAKGOV,PAKISTAN,PAK,,,,,GOV,,,0,20,20,2,1,3.0,1,1,1,-4.10094637223975,1,China,CH,CH,,35.0,105.0,CH,1,Pakistan,PK,PK,,30.0,70.0,PK,1,China,CH,CH,,35.0,105.0,CH,20260304154500,https://www.yahoo.com/news/articles/pakistan-then-iran-chinese-air-130000354.html
1292361732,20260304,202603,2026,2026.1753,CHNGOV,CHINESE,CHN,,,,,GOV,,,PAKGOV,PAKISTANI,PAK,,,,,GOV,,,0,20,20,2,1,3.0,2,1,2,-4.10094637223975,1,China,CH,CH,,35.0,105.0,CH,1,Pakistan,PK,PK,,30.0,70.0,PK,1,Pakistan,PK,PK,,30.0,70.0,PK,20260304154500,https://www.yahoo.com/news/articles/pakistan-then-iran-chinese-air-130000354.html
1292361733,20260304,202603,2026,2026.1753,CHR,DIOCESE,,,,CHR,,,,,,,,,,,,,,,0,10,10,1,1,0.0,12,3,12,-7.26403789870227,2,"Rhode Island, United States",US,USRI,,41.6772,-71.5101,RI,0,,,,,,,,2,"Pennsylvania, United States",US,USPA,,40.5773,-77.264,PA,20260304154500,https://mymotherlode.com/news/national/10590717/sprawling-investigation-finds-decades-of-sexual-abuse-among-catholic-priests-in-rhode-island.html
1292361735,20260304,202603,2026,2026.1753,CHR,CHRISTIAN,,,,CHR,,,,,CHRCTH,THE POPE,,,,CHR,CTH,,,,1,20,20,2,1,3.0,10,1,10,0.69444444444445,1,France,FR,FR,,46.0,2.0,FR,1,France,FR,FR,,46.0,2.0,FR,1,France,FR,FR,,46.0,2.0,FR,20260304154500,https://aleteia.org/2026/03/04/leo-xiv-urges-seminarians-to-keep-the-supernatural/
1292361736,20260304,202603,2026,2026.1753,CHR,CHRISTIAN,,,,CHR,,,,,CHRCTH,THE POPE,,,,CHR,CTH,,,,0,20,20,2,1,3.0,10,1,10,0.69444444444445,1,Spain,SP,SP,,40.0,-4.0,SP,1,Spain,SP,SP,,40.0,-4.0,SP,1,Spain,SP,SP,,40.0,-4.0,SP,20260304154500,https://aleteia.org/2026/03/04/leo-xiv-urges-seminarians-to-keep-the-supernatural/
1292361739,20260304,202603,2026,2026.1753,CHRCTH,CATHOLIC,,,,CHR,CTH,,,,GOV,MINISTRY,,,,,,GOV,,,0,20,20,2,1,3.0,5,1,5,0.69444444444445,1,France,FR,FR,,46.0,2.0,FR,1,France,FR,FR,,46.0,2.0,FR,1,France,FR,FR,,46.0,2.0,FR,20260304154500,https://aleteia.org/2026/03/04/leo-xiv-urges-seminarians-to-keep-the-supernatural/
1292361740,20260304,202603,2026,2026.1753,COP,POLICE,,,,,,COP,,,,,,,,,,,,,0,10,10,1,1,0.0,5,1,5,-6.32911392405064,4,"Brasilia, Distrito Federal, Brazil",BR,BR07,40202,-15.7833,-47.9167,-631243,0,,,,,,,,4,"Brasilia, Distrito Federal, Brazil",BR,BR07,40202,-15.7833,-47.9167,-631243,20260304154500,https://nypost.com/2026/03/04/world-news/influencer-karla-nogueira-killed-in-motorcycle-crash-and-her-dad-killed-himself-after-finding-her/
1292361741,20260304,202603,2026,2026.1753,COP,DEPUTY,,,,,,COP,,,,,,,,,,,,,1,10,10,1,1,0.0,5,1,5,-3.77358490566037,4,"Tehran, Tehran, Iran",IR,IR26,41130,35.75,51.5148,10074674,0,,,,,,,,4,"Tehran, Tehran, Iran",IR,IR26,41130,35.75,51.5148,10074674,20260304154500,https://www.jagonews24.com/en/international/news/90546
1292361742,20260304,202603,2026,2026.1753,COP,POLICE,,,,,,COP,,,,,,,,,,,,,1,10,10,1,1,0.0,10,1,10,-5.60747663551401,2,"Nevada, United States",US,USNV,,38.4199,-117.122,NV,0,,,,,,,,2,"Nevada, United States",US,USNV,,38.4199,-117.122,NV,20260304154500,https://www.fox5vegas.com/2026/03/04/nevada-state-police-investigating-deadly-crash-northwest-valley-freeway/
1292361743,20260304,202603,2026,2026.1753,COP,DEPUTY,,,,,,COP,,,,,,,,,,,,,0,10,10,1,1,0.0,6,1,6,-1.23239436619719,2,"Wisconsin, United States",US,USWI,,44.2563,-89.6385,WI,0,,,,,,,,2,"Wisconsin, United States",US,USWI,,44.2563,-89.6385,WI,20260304154500,https://www.wispolitics.com/2026/co-chair-says-nothing-wrong-with-dpi-water-park-conference-as-joint-finance-releases-1-75-million-to-agency/
1292361744,20260304,202603,2026,2026.1753,COP,POLICE,,,,,,COP,,,,,,,,,,,,,1,42,42,4,1,1.9,10,1,10,-10.9510086455332,4,"Bengaluru, Karnataka, India",IN,IN19,70159,12.9833,77.5833,-2090174,0,,,,,,,,4,"Bengaluru, Karnataka, India",IN,IN19,70159,12.9833,77.5833,-2090174,20260304154500,https://indianexpress.com/article/cities/bangalore/from-unnatural-death-to-murder-22-yr-old-man-held-for-killing-disabled-uncle-over-rented-house-dispute-in-bengaluru-10564749/
1292361745,20260304,202603,2026,2026.1753,COP,TROOPER,,,,,,COP,,,,,,,,,,,,,1,73,73,7,2,7.4,4,1,4,1.35135135135135,3,"East Durham, New York, United States",US,USNY,NY039,42.3726,-74.0957,949061,0,,,,,,,,3,"East Durham, New York, United States",US,USNY,,42.3726,-74.0957,949061,20260304154500,https://www.dailygazette.com/spotlightnews/news/fire/thruway-owl-rescue-albany-county/article_c2724cc3-4df4-4910-917c-d47a8f114371.html
1292361747,20260304,202603,2026,2026.1753,COP,POLICE,,,,,,COP,,,,,,,,,,,,,0,90,90,9,2,-2.0,10,1,10,-10.0591715976331,2,"Delaware, United States",US,USDE,,39.3498,-75.5148,DE,0,,,,,,,,2,"Delaware, United States",US,USDE,,39.3498,-75.5148,DE,20260304154500,https://www.fox29.com/news/man-dead-wilmington-officer-involved-shooting-what-we-know
1292361748,20260304,202603,2026,2026.1753,COP,POLICE OFFICER,,,,,,COP,,,,,,,,,,,,,1,112,112,11,3,-2.0,4,1,4,-2.59938837920489,1,Russia,RS,RS,,60.0,100.0,RS,0,,,,,,,,1,Russia,RS,RS,,60.0,100.0,RS,20260304154500,https://www.vol.at/ott-process-takacs-testifies-about-boat-accident/10027535
1292361749,20260304,202603,2026,2026.1753,COP,PRISON,,,,,,COP,,,,,,,,,,,,,0,173,173,17,4,-5.0,2,1,2,-2.42990654205607,4,"Aung Hlaing, Ayeyarwady, Myanmar",BM,BM03,41780,15.7667,94.9833,-440327,0,,,,,,,,4,"Aung Hlaing, Ayeyarwady, Myanmar",BM,BM03,41780,15.7667,94.9833,-440327,20260304154500,"https://www.asianews.it/news-en/Burmese-government-releases-12,000-prisoners-in-new-image-boosting-operation-64963.html"
1292361750,20260304,202603,2026,2026.1753,COP,PRISON,,,,,,COP,,,,,,,,,,,,,0,173,173,17,4,-5.0,8,1,8,-2.42990654205607,4,"Naypyidaw, Mandalay, Myanmar",BM,BM08,41807,19.745,96.1297,9272014,0,,,,,,,,4,"Naypyidaw, Mandalay, Myanmar",BM,BM08,41807,19.745,96.1297,9272014,20260304154500,"https://www.asianews.it/news-en/Burmese-government-releases-12,000-prisoners-in-new-image-boosting-operation-64963.html"
1292361751,20260304,202603,2026,2026.1753,COP,POLICE,,,,,,COP,,,,,,,,,,,,,0,180,180,18,4,-9.0,5,1,5,-2.08333333333334,2,"Wisconsin, United States",US,USWI,,44.2563,-89.6385,WI,0,,,,,,,,2,"Wisconsin, United States",US,USWI,,44.2563,-89.6385,WI,20260304154500,https://whsm.com:443/news/2026/03/04/evers-says-he-has-to-think-about-the-bell-to-bell-cell-phone-ban-lawmakers-are-pushing
1292361752,20260304,202603,2026,2026.1753,COP,POLICE OFFICER,,,,,,COP,,,,,,,,,,,,,1,193,193,19,4,-10.0,10,1,10,-4.02298850574713,2,"Delaware, United States",US,USDE,,39.3498,-75.5148,DE,0,,,,,,,,2,"Delaware, United States",US,USDE,,39.3498,-75.5148,DE,20260304154500,https://www.cbsnews.com/philadelphia/news/wilmington-delaware-shooting-ramsey-road-barricade/
1292361754,20260304,202603,2026,2026.1753,COP,PRISON,,,,,,COP,,,EDU,STUDENT,,,,,,EDU,,,0,84,84,8,2,7.0,3,1,3,-2.42990654205607,4,"Naypyidaw, Mandalay, Myanmar",BM,BM08,41807,19.745,96.1297,9272014,4,"Naypyidaw, Mandalay, Myanmar",BM,BM08,41807,19.745,96.1297,9272014,4,"Naypyidaw, Mandalay, Myanmar",BM,BM08,41807,19.745,96.1297,9272014,20260304154500,"https://www.asianews.it/news-en/Burmese-government-releases-12,000-prisoners-in-new-image-boosting-operation-64963.html"
1292361755,20260304,202603,2026,2026.1753,COP,POLICE,,,,,,COP,,,GOV,GOVERNMENT,,,,,,GOV,,,1,35,35,3,1,7.0,10,1,10,-0.74074074074074,1,Nigeria,NI,NI,,10.0,8.0,NI,1,Nigeria,NI,NI,,10.0,8.0,NI,1,Nigeria,NI,NI,,10.0,8.0,NI,20260304154500,https://pmnewsnigeria.com/2026/03/04/igp-tunji-disu-inaugurates-state-police-committee/
1292361756,20260304,202603,2026,2026.1753,COP,POLICE,,,,,,COP,,,GOV,GOVERNMENT,,,,,,GOV,,,1,110,110,11,3,-2.0,10,1,10,-0.74074074074074,1,Nigeria,NI,NI,,10.0,8.0,NI,1,Nigeria,NI,NI,,10.0,8.0,NI,1,Nigeria,NI,NI,,10.0,8.0,NI,20260304154500,https://pmnewsnigeria.com/2026/03/04/igp-tunji-disu-inaugurates-state-police-committee/
1292361758,20260304,202603,2026,2026.1753,COP,PRISON,,,,,,COP,,,LBR,LIBERIA,LBR,,,,,,,,1,42,42,4,1,1.9,2,1,2,-10.828025477707,5,"Montserrado County, Montserrado, Liberia",LI,LI14,147263,6.5,-10.5,-2134017,4,"Monrovia, Montserrado, Liberia",LI,LI14,147290,6.31056,-10.8047,-2134012,4,"Monrovia, Montserrado, Liberia",LI,LI14,147290,6.31056,-10.8047,-2134012,20260304154500,https://allafrica.com/view/group/main/main/id/00095930.html
1292361759,20260304,202603,2026,2026.1753,COP,DEPUTY,,,,,,COP,,,MED,TELEVISION,,,,,,MED,,,1,1124,112,11,3,-2.0,4,1,4,-3.77358490566037,4,"Tehran, Tehran, Iran",IR,IR26,41130,35.75,51.5148,10074674,4,"Tehran, Tehran, Iran",IR,IR26,41130,35.75,51.5148,10074674,4,"Colombo, Western, Sri Lanka",CE,CE36,25852,6.93194,79.8478,-2214877,20260304154500,https://www.jagonews24.com/en/international/news/90546
1292361760,20260304,202603,2026,2026.1753,COP,DEPUTY,,,,,,COP,,,MED,TELEVISION,,,,,,MED,,,1,1124,112,11,3,-2.0,1,1,1,-3.77358490566037,4,"Tehran, Tehran, Iran",IR,IR26,41130,35.75,51.5148,10074674,4,"Tehran, Tehran, Iran",IR,IR26,41130,35.75,51.5148,10074674,4,"Tehran, Tehran, Iran",IR,IR26,41130,35.75,51.5148,10074674,20260304154500,https://www.jagonews24.com/en/international/news/90546
1292361761,20260304,202603,2026,2026.1753,COP,POLICE,,,,,,COP,,,MED,MAGAZINE,,,,,,MED,,,0,173,173,17,4,-5.0,5,1,5,-2.08333333333334,2,"Wisconsin, United States",US,USWI,,44.2563,-89.6385,WI,2,"Wisconsin, United States",US,USWI,,44.2563,-89.6385,WI,2,"Wisconsin, United States",US,USWI,,44.2563,-89.6385,WI,20260304154500,https://whsm.com:443/news/2026/03/04/evers-says-he-has-to-think-about-the-bell-to-bell-cell-phone-ban-lawmakers-are-pushing
1292361762,20260304,202603,2026,2026.1753,COP,DEPUTY,,,,,,COP,,,USA,JERSEY,USA,,,,,,,,1,51,51,5,1,3.4,4,1,4,-4.44444444444445,1,Jersey,JE,JE,,49.216667,-2.116667,JE,1,Jersey,JE,JE,,49.216667,-2.116667,JE,1,Jersey,JE,JE,,49.216667,-2.116667,JE,20260304154500,https://www.christian.org.uk/news/jersey-backs-easier-and-quicker-divorce/
1292361763,20260304,202603,2026,2026.1753,COP,TROOPER,,,,,,COP,,,USA,UNITED STATES,USA,,,,,,,,1,73,73,7,2,7.4,6,1,6,1.35135135135135,3,"East Durham, New York, United States",US,USNY,NY039,42.3726,-74.0957,949061,3,"East Durham, New York, United States",US,USNY,,42.3726,-74.0957,949061,3,"East Durham, New York, United States",US,USNY,,42.3726,-74.0957,949061,20260304154500,https://www.dailygazette.com/spotlightnews/news/fire/thruway-owl-rescue-albany-county/article_c2724cc3-4df4-4910-917c-d47a8f114371.html
1292361764,20260304,202603,2026,2026.1753,COP,POLICE,,,,,,COP,,,USA,DELAWARE,USA,,,,,,,,1,193,193,19,4,-10.0,20,2,20,-7.04108005169012,2,"Delaware, United States",US,USDE,,39.3498,-75.5148,DE,2,"Delaware, United States",US,USDE,,39.3498,-75.5148,DE,2,"Delaware, United States",US,USDE,,39.3498,-75.5148,DE,20260304154500,https://www.fox29.com/news/man-dead-wilmington-officer-involved-shooting-what-we-know
1292361765,20260304,202603,2026,2026.1753,COPGOV,DEPUTY,,,,,,COP,GOV,,ISR,ISRAEL,ISR,,,,,,,,1,40,40,4,1,1.0,4,1,4,-2.50783699059561,4,"Moscow, Moskva, Russia",RS,RS48,25106,55.7522,37.6156,-2960561,4,"Gaza, Israel (general), Israel",IS,IS00,18315,31.4167,34.3333,-797156,4,"Moscow, Moskva, Russia",RS,RS48,25106,55.7522,37.6156,-2960561,20260304154500,https://www.aa.com.tr/en/asia-pacific/russia-launches-consultations-with-iraq-palestine-turkiye-amid-us-israel-iran-conflict/3850111
1292361766,20260304,202603,2026,2026.1753,COPGOV,DEPUTY,,,,,,COP,GOV,,PSE,GAZA,PSE,,,,,,,,1,40,40,4,1,1.0,4,1,4,-2.50783699059561,4,"Moscow, Moskva, Russia",RS,RS48,25106,55.7522,37.6156,-2960561,4,"Gaza, Israel (general), Israel",IS,IS00,18315,31.4167,34.3333,-797156,4,"Moscow, Moskva, Russia",RS,RS48,25106,55.7522,37.6156,-2960561,20260304154500,https://www.aa.com.tr/en/asia-pacific/russia-launches-consultations-with-iraq-palestine-turkiye-amid-us-israel-iran-conflict/3850111
1292361767,20260304,202603,2026,2026.1753,COPGOV,DEPUTY,,,,,,COP,GOV,,PSE,GAZA,PSE,,,,,,,,1,40,40,4,1,1.0,2,1,2,-2.50783699059561,4,"Moscow, Moskva, Russia",RS,RS48,25106,55.7522,37.6156,-2960561,4,"Gaza, Israel (general), Israel",IS,IS00,18315,31.4167,34.3333,-797156,4,"Gaza, Israel (general), Israel",IS,IS00,18315,31.4167,34.3333,-797156,20260304154500,https://www.aa.com.tr/en/asia-pacific/russia-launches-consultations-with-iraq-palestine-turkiye-amid-us-israel-iran-conflict/3850111
1292361768,20260304,202603,2026,2026.1753,COPGOV,DEPUTY,,,,,,COP,GOV,,PSEGOV,PALESTINIAN,PSE,,,,,GOV,,,1,46,46,4,1,7.0,3,1,3,-2.50783699059561,4,"Moscow, Moskva, Russia",RS,RS48,25106,55.7522,37.6156,-2960561,4,"Moscow, Moskva, Russia",RS,RS48,25106,55.7522,37.6156,-2960561,4,"Moscow, Moskva, Russia",RS,RS48,25106,55.7522,37.6156,-2960561,20260304154500,https://www.aa.com.tr/en/asia-pacific/russia-launches-consultations-with-iraq-palestine-turkiye-amid-us-israel-iran-conflict/3850111
1292361769,20260304,202603,2026,2026.1753,COPGOV,DEPUTY,,,,,,COP,GOV,,PSEGOV,PALESTINIAN,PSE,,,,,GOV,,,1,46,46,4,1,7.0,2,1,2,-2.50783699059561,4,"Anadolu, Turkey (general), Turkey",TU,TU00,28356,39.0,35.0,-735281,4,"Anadolu, Turkey (general), Turkey",TU,TU00,28356,39.0,35.0,-735281,4,"Anadolu, Turkey (general), Turkey",TU,TU00,28356,39.0,35.0,-735281,20260304154500,https://www.aa.com.tr/en/asia-pacific/russia-launches-consultations-with-iraq-palestine-turkiye-amid-us-israel-iran-conflict/3850111
1292361770,20260304,202603,2026,2026.1753,COPGOV,DEPUTY,,,,,,COP,GOV,,PSEGOV,PALESTINIAN,PSE,,,,,GOV,,,1,46,46,4,1,7.0,1,1,1,-2.50783699059561,1,Oman,MU,MU,,21.0,57.0,MU,4,"Anadolu, Turkey (general), Turkey",TU,TU00,28356,39.0,35.0,-735281,4,"Anadolu, Turkey (general), Turkey",TU,TU00,28356,39.0,35.0,-735281,20260304154500,https://www.aa.com.tr/en/asia-pacific/russia-launches-consultations-with-iraq-palestine-turkiye-amid-us-israel-iran-conflict/3850111
1292361771,20260304,202603,2026,2026.1753,COPGOV,DEPUTY,,,,,,COP,GOV,,TUR,TURKISH,TUR,,,,,,,,1,46,46,4,1,7.0,4,1,4,-2.50783699059561,4,"Anadolu, Turkey (general), Turkey",TU,TU00,28356,39.0,35.0,-735281,4,"Anadolu, Turkey (general), Turkey",TU,TU00,28356,39.0,35.0,-735281,4,"Anadolu, Turkey (general), Turkey",TU,TU00,28356,39.0,35.0,-735281,20260304154500,https://www.aa.com.tr/en/asia-pacific/russia-launches-consultations-with-iraq-palestine-turkiye-amid-us-israel-iran-conflict/3850111
1292361772,20260304,202603,2026,2026.1753,COPGOV,DEPUTY,,,,,,COP,GOV,,TURGOV,TURKISH,TUR,,,,,GOV,,,1,46,46,4,1,7.0,4,1,4,-2.50783699059561,4,"Anadolu, Turkey (general), Turkey",TU,TU00,28356,39.0,35.0,-735281,4,"Anadolu, Turkey (general), Turkey",TU,TU00,28356,39.0,35.0,-735281,4,"Anadolu, Turkey (general), Turkey",TU,TU00,28356,39.0,35.0,-735281,20260304154500,https://www.aa.com.tr/en/asia-pacific/russia-launches-consultations-with-iraq-palestine-turkiye-amid-us-israel-iran-conflict/3850111
1292361773,20260304,202603,2026,2026.1753,COPGOV,DEPUTY,,,,,,COP,GOV,,TURGOV,TURKEY,TUR,,,,,GOV,,,1,46,46,4,1,7.0,2,1,2,-2.50783699059561,4,"Gaza, Israel (general), Israel",IS,IS00,18315,31.4167,34.3333,-797156,4,"Anadolu, Turkey (general), Turkey",TU,TU00,28356,39.0,35.0,-735281,4,"Anadolu, Turkey (general), Turkey",TU,TU00,28356,39.0,35.0,-735281,20260304154500,https://www.aa.com.tr/en/asia-pacific/russia-launches-consultations-with-iraq-palestine-turkiye-amid-us-israel-iran-conflict/3850111
1292361774,20260304,202603,2026,2026.1753,CRM,CRIMINAL,,,,,,CRM,,,,,,,,,,,,,1,13,13,1,1,0.4,10,1,10,1.50753768844221,4,"Makurdi, Benue, Nigeria",NI,NI26,22691,7.7411,8.5121,-2018676,0,,,,,,,,4,"Makurdi, Benue, Nigeria",NI,NI26,22691,7.7411,8.5121,-2018676,20260304154500,https://www.nationalaccordnewspaper.com/coas-salutes-troops-of-operation-whirl-stroke-for-securing-communities-orders-sustained-onslaught-against-criminal-elements/
1292361775,20260304,202603,2026,2026.1753,CRM,WHORE,,,,,,CRM,,,,,,,,,,,,,1,30,30,3,1,4.0,2,1,2,1.69491525423729,4,"London, London, City of, United Kingdom",UK,UKH9,40110,51.5,-0.116667,-2601889,0,,,,,,,,4,"London, London, City of, United Kingdom",UK,UKH9,40110,51.5,-0.116667,-2601889,20260304154500,https://www.nme.com/news/music/courtney-love-teases-hole-reunion-tour-with-melissa-auf-der-maur-3932670
1292361776,20260304,202603,2026,2026.1753,CRM,WHORE,,,,,,CRM,,,,,,,,,,,,,1,30,30,3,1,4.0,6,1,6,1.69491525423729,2,"New York, United States",US,USNY,,42.1497,-74.9384,NY,0,,,,,,,,2,"New York, United States",US,USNY,,42.1497,-74.9384,NY,20260304154500,https://www.nme.com/news/music/courtney-love-teases-hole-reunion-tour-with-melissa-auf-der-maur-3932670
1292361778,20260304,202603,2026,2026.1753,CRM,PERPETRATOR,,,,,,CRM,,,,,,,,,,,,,1,1821,182,18,4,-9.0,4,1,4,-10.0977198697068,4,"Alexandria, Al Iskandariyah, Egypt",EG,EG06,61590,31.1981,29.9192,-290263,0,,,,,,,,4,"Alexandria, Al Iskandariyah, Egypt",EG,EG06,61590,31.1981,29.9192,-290263,20260304154500,https://www.citizen.co.za/news/south-africa/courts/parolee-gets-25-years-for-raping-blind-woman-in-her-home/
1292361779,20260304,202603,2026,2026.1753,CRM,CRIMINAL,,,,,,CRM,,,BGR,BULGARIAN,BGR,,,,,,,,1,71,71,7,2,7.4,3,1,3,1.51515151515151,4,"Ticino, Switzerland (general), Switzerland",SZ,SZ00,18364,45.15,9.23333,-2554456,1,Bulgaria,BU,BU,,43.0,25.0,BU,1,Bulgaria,BU,BU,,43.0,25.0,BU,20260304154500,https://www.swissinfo.ch/eng/swiss-politics/swiss-court-clears-ubs-in-bulgaria-case/91037146
1292361780,20260304,202603,2026,2026.1753,CRM,CRIMINAL,,,,,,CRM,,,BGR,BULGARIAN,BGR,,,,,,,,1,81,81,8,2,5.0,10,1,10,1.51515151515151,4,"Ticino, Switzerland (general), Switzerland",SZ,SZ00,18364,45.15,9.23333,-2554456,1,Bulgaria,BU,BU,,43.0,25.0,BU,1,Bulgaria,BU,BU,,43.0,25.0,BU,20260304154500,https://www.swissinfo.ch/eng/swiss-politics/swiss-court-clears-ubs-in-bulgaria-case/91037146
1292361781,20260304,202603,2026,2026.1753,CRM,CRIMINAL,,,,,,CRM,,,BGR,BULGARIA,BGR,,,,,,,,1,81,81,8,2,5.0,10,1,10,1.51515151515151,1,Germany,GM,GM,,51.5,10.5,GM,1,Germany,GM,GM,,51.5,10.5,GM,1,Germany,GM,GM,,51.5,10.5,GM,20260304154500,https://www.swissinfo.ch/eng/swiss-politics/swiss-court-clears-ubs-in-bulgaria-case/91037146
1292361782,20260304,202603,2026,2026.1753,CRM,CRIMINAL,,,,,,CRM,,,CHN,CANTON,CHN,,,,,,,,0,20,20,2,1,3.0,5,1,5,-2.60336906584992,4,"Roveredo, Switzerland (general), Switzerland",SZ,SZ00,26305,46.2351,9.12622,-2553877,4,"Roveredo, Switzerland (general), Switzerland",SZ,SZ00,26305,46.2351,9.12622,-2553877,4,"Roveredo, Switzerland (general), Switzerland",SZ,SZ00,26305,46.2351,9.12622,-2553877,20260304154500,https://www.swissinfo.ch/eng/swiss-politics/europe-wide-drugs-probe-raises-questions-about-swiss-residency-checks/91037788
1292361783,20260304,202603,2026,2026.1753,CRM,PERPETRATOR,,,,,,CRM,,,EGY,EGYPT,EGY,,,,,,,,1,1821,182,18,4,-9.0,1,1,1,-10.0977198697068,4,"Alexandria, Al Iskandariyah, Egypt",EG,EG06,61590,31.1981,29.9192,-290263,4,"Alexandria, Al Iskandariyah, Egypt",EG,EG06,61590,31.1981,29.9192,-290263,4,"Alexandria, Al Iskandariyah, Egypt",EG,EG06,61590,31.1981,29.9192,-290263,20260304154500,https://www.citizen.co.za/news/south-africa/courts/parolee-gets-25-years-for-raping-blind-woman-in-her-home/
1292361784,20260304,202603,2026,2026.1753,CRM,CRIMINAL,,,,,,CRM,,,MNCCHE,CREDIT SUISSE,CHE,,,,,MNC,,,1,71,71,7,2,7.4,4,1,4,1.51515151515151,4,"Ticino, Switzerland (general), Switzerland",SZ,SZ00,18364,45.15,9.23333,-2554456,4,"Bellinzona, Ticino, Switzerland",SZ,SZ20,26305,46.1952,9.02283,-2551220,1,Bulgaria,BU,BU,,43.0,25.0,BU,20260304154500,https://www.swissinfo.ch/eng/swiss-politics/swiss-court-clears-ubs-in-bulgaria-case/91037146
1292361785,20260304,202603,2026,2026.1753,CRM,CRIMINAL,,,,,,CRM,,,MNCCHE,CREDIT SUISSE,CHE,,,,,MNC,,,1,71,71,7,2,7.4,1,1,1,1.51515151515151,4,"Ticino, Switzerland (general), Switzerland",SZ,SZ00,18364,45.15,9.23333,-2554456,1,Bulgaria,BU,BU,,43.0,25.0,BU,1,Bulgaria,BU,BU,,43.0,25.0,BU,20260304154500,https://www.swissinfo.ch/eng/swiss-politics/swiss-court-clears-ubs-in-bulgaria-case/91037146
1292361786,20260304,202603,2026,2026.1753,CRM,CRIMINAL,,,,,,CRM,,,REL,CLERGY,,,,,,,,,0,112,112,11,3,-2.0,1,1,1,-7.23014256619144,3,"Immaculate Conception Church, Rhode Island, United States",US,USRI,RI009,41.3762,-71.8281,1902237,2,"Rhode Island, United States",US,USRI,,41.6772,-71.5101,RI,3,"Immaculate Conception Church, Rhode Island, United States",US,USRI,,41.3762,-71.8281,1902237,20260304154500,https://www.smdailyjournal.com/news/national/sprawling-investigation-finds-decades-of-sexual-abuse-among-catholic-priests-in-rhode-island/article_a10cf1ed-43c9-5c62-8426-2fd27488603d.html
1292361787,20260304,202603,2026,2026.1753,CVL,RESIDENTS,,,,,,CVL,,,,,,,,,,,,,1,12,12,1,1,-0.4,3,1,3,-0.18975332068311,2,"Utah, United States",US,USUT,,40.1135,-111.854,UT,0,,,,,,,,2,"Utah, United States",US,USUT,,40.1135,-111.854,UT,20260304154500,https://www.fox13now.com/news/local-news/carbon-county/will-new-coal-mine-next-to-reservoir-disturb-mountain-tranquility-of-utah-community
1292361788,20260304,202603,2026,2026.1753,CVL,COMMUNITY,,,,,,CVL,,,,,,,,,,,,,1,20,20,2,1,3.0,10,1,10,15.0442477876106,4,"Belgrade, Serbia (general),",RB,RB00,47629,44.8186,20.4681,-74897,0,,,,,,,,4,"Belgrade, Serbia (general),",RB,RB00,47629,44.8186,20.4681,-74897,20260304154500,https://www.belgrade-news.com/news/downtown-gets-new-art-gallery/article_ed6557de-8384-41fb-9bbe-0ad909e34942.html
1292361789,20260304,202603,2026,2026.1753,CVL,CITIZEN,,,,,,CVL,,,,,,,,,,,,,1,51,51,5,1,3.4,10,1,10,1.24031007751938,4,"Mano River, Liberia (general), Liberia",LI,LI00,25417,6.93667,-11.5206,-2133789,0,,,,,,,,4,"Mano River, Liberia (general), Liberia",LI,LI00,25417,6.93667,-11.5206,-2133789,20260304154500,https://allafrica.com/stories/202603040502.html
1292361790,20260304,202603,2026,2026.1753,CVL,RESIDENTS,,,,,,CVL,,,,,,,,,,,,,1,51,51,5,1,3.4,5,1,5,-2.57400257400257,2,"Kansas, United States",US,USKS,,38.5111,-96.8005,KS,0,,,,,,,,2,"Kansas, United States",US,USKS,,38.5111,-96.8005,KS,20260304154500,https://www.ibtimes.com.au/tornado-warning-statewide-tornado-drills-sweep-multiple-states-severe-weather-prompts-siren-tests-1862639
1292361791,20260304,202603,2026,2026.1753,CVL,CITIZEN,,,,,,CVL,,,,,,,,,,,,,1,60,60,6,2,6.0,10,2,10,-2.84170110782324,4,"Quito, Pichincha, Ecuador",EC,EC18,18585,-0.216667,-78.5,-932573,0,,,,,,,,4,"Quito, Pichincha, Ecuador",EC,EC18,18585,-0.216667,-78.5,-932573,20260304154500,https://www.wgauradio.com/news/world/us-ecuador-launch/HAAKXTR7UYZSZDXR5SRDCTT4Z4/
1292361792,20260304,202603,2026,2026.1753,CVL,RESIDENTS,,,,,,CVL,,,,,,,,,,,,,0,70,70,7,2,7.0,4,1,4,-2.96610169491526,4,"Pune, Maharashtra, India",IN,IN16,70178,18.5333,73.8667,-2108361,0,,,,,,,,4,"Pune, Maharashtra, India",IN,IN16,70178,18.5333,73.8667,-2108361,20260304154500,https://indianexpress.com/article/cities/pune/indians-stranded-dubai-brunt-overstay-shell-out-lakhs-10564834/
1292361793,20260304,202603,2026,2026.1753,CVL,COMMUNITY,,,,,,CVL,,,,,,,,,,,,,0,1123,112,11,3,-2.0,2,1,2,-0.9278350515464,2,"Texas, United States",US,USTX,,31.106,-97.6475,TX,0,,,,,,,,3,"Houston, Texas, United States",US,USTX,TX201,29.7633,-95.3633,1380948,20260304154500,https://www.houstonpublicmedia.org/articles/news/politics/election-2026/2026/03/04/545136/republicans-head-to-runoff-in-texas-attorney-general-primary-dems-uncertain/
1292361794,20260304,202603,2026,2026.1753,CVL,CIVILIAN,,,,,,CVL,,,ALB,ALBANIA,ALB,,,,,,,,1,173,173,17,4,-5.0,4,1,4,-9.62732919254654,4,"Mitrovica, Mitrovica, Kosovo",KV,KV15,47644,42.8833,20.8667,-85316,1,,RB,RB,,,,RB,4,"Mitrovica, Mitrovica, Kosovo",KV,KV15,47644,42.8833,20.8667,-85316,20260304154500,https://balkaninsight.com/2026/03/04/kosovo-detains-four-serbs-suspected-of-wartime-killings/
1292361795,20260304,202603,2026,2026.1753,CVL,VOTER,,,,,,CVL,,,ECU,ECUADORIAN,ECU,,,,,,,,0,120,120,12,3,-4.0,10,1,10,-8.84808013355589,4,"Guayaquil, Guayas, Ecuador",EC,EC10,18585,-2.16667,-79.9,-927505,4,"Guayaquil, Guayas, Ecuador",EC,EC10,18585,-2.16667,-79.9,-927505,4,"Guayaquil, Guayas, Ecuador",EC,EC10,18585,-2.16667,-79.9,-927505,20260304154500,https://themunicheye.com/ecuador-us-joint-military-operation-drug-gangs-32826
1292361796,20260304,202603,2026,2026.1753,CVL,COMMUNITY,,,,,,CVL,,,EDU,SCHOOL,,,,,,EDU,,,0,51,51,5,1,3.4,10,1,10,7.17821782178218,2,"Wisconsin, United States",US,USWI,,44.2563,-89.6385,WI,2,"Wisconsin, United States",US,USWI,,44.2563,-89.6385,WI,2,"Wisconsin, United States",US,USWI,,44.2563,-89.6385,WI,20260304154500,https://www.wispolitics.com/2026/carthage-college-dedicates-duncan-family-nursing-education-center-announces-200000-scholarship-match/
1292361797,20260304,202603,2026,2026.1753,CVL,TOURIST,,,,,,CVL,,,ETH,ETHIOPIA,ETH,,,,,,,,1,43,43,4,1,2.8,10,1,10,3.38461538461539,4,"Bishoftu, Oromiya, Ethiopia",ET,ET51,47694,9.1,37.25,-606105,4,"Bishoftu, Oromiya, Ethiopia",ET,ET51,47694,9.1,37.25,-606105,4,"Bishoftu, Oromiya, Ethiopia",ET,ET51,47694,9.1,37.25,-606105,20260304154500,https://ftnnews.com/travel-news/tours/ethiopia-tourism-rebound-gains-momentum-as-aviation-growth-drives-arrivals/
1292361798,20260304,202603,2026,2026.1753,CVL,COMMUNITY,,,,,,CVL,,,GBR,EDINBURGH,GBR,,,,,,,,1,60,60,6,2,6.0,10,1,10,5.9090909090909,4,"Edinburgh, Edinburgh, City of, United Kingdom",UK,UKU8,40173,55.95,-3.2,-2595386,4,"Edinburgh, Edinburgh, City of, United Kingdom",UK,UKU8,40173,55.95,-3.2,-2595386,4,"Edinburgh, Edinburgh, City of, United Kingdom",UK,UKU8,40173,55.95,-3.2,-2595386,20260304154500,https://theedinburghreporter.co.uk/2026/03/edinburgh-officers-win-community-alcohol-partnerships-excellence-in-education-award-2026/
1292361799,20260304,202603,2026,2026.1753,CVL,VILLAGE,,,,,,CVL,,,GOVMIL,MINIST OF NATIONAL DEFENCE,,,,,,GOV,MIL,,1,43,43,4,1,2.8,3,1,3,-0.626959247648899,4,"Thmar Puok, Banté Mé Cheay, Cambodia",CB,CB25,12379,13.9396,103.05,-1031069,4,"Thmar Puok, Banté Mé Cheay, Cambodia",CB,CB25,12379,13.9396,103.05,-1031069,4,"Thmar Puok, Banté Mé Cheay, Cambodia",CB,CB25,12379,13.9396,103.05,-1031069,20260304154500,https://www.akp.gov.kh/post/detail/363979
1292361800,20260304,202603,2026,2026.1753,CVL,RESIDENTS,,,,,,CVL,,,IND,PUNE,IND,,,,,,,,0,70,70,7,2,7.0,6,1,6,-2.96610169491526,4,"Pune, Maharashtra, India",IN,IN16,70178,18.5333,73.8667,-2108361,4,"Pune, Maharashtra, India",IN,IN16,70178,18.5333,73.8667,-2108361,4,"Pune, Maharashtra, India",IN,IN16,70178,18.5333,73.8667,-2108361,20260304154500,https://indianexpress.com/article/cities/pune/indians-stranded-dubai-brunt-overstay-shell-out-lakhs-10564834/
1292361801,20260304,202603,2026,2026.1753,CVL,SCIENTIST,,,,,,CVL,,,IRL,CORK,IRL,,,,,,,,1,20,20,2,1,3.0,10,1,10,-1.01925254813137,4,"Munich, Bayern, Germany",GM,GM02,16532,48.15,11.5833,-1829149,4,"Munich, Bayern, Germany",GM,GM02,16532,48.15,11.5833,-1829149,4,"Munich, Bayern, Germany",GM,GM02,16532,48.15,11.5833,-1829149,20260304154500,https://timesofindia.indiatimes.com/life-style/spotlight/two-170-year-old-beer-bottles-found-in-a-shipwreck-from-baltic-sea-scientists-test-if-they-are-still-drinkable/articleshow/129034185.cms
1292361802,20260304,202603,2026,2026.1753,CVL,RESIDENTS,,,,,,CVL,,,ISR,ISRAEL,ISR,,,,,,,,1,42,42,4,1,1.9,2,1,2,-4.15430267062315,1,Greece,GR,GR,,39.0,22.0,GR,1,Greece,GR,GR,,39.0,22.0,GR,1,Greece,GR,GR,,39.0,22.0,GR,20260304154500,https://aleteia.org/2026/03/04/lebanon-they-yearn-for-an-ordinary-life/
1292361803,20260304,202603,2026,2026.1753,CVL,VOTER,,,,,,CVL,,,ISR,ISRAEL,ISR,,,,,,,,1,51,51,5,1,3.4,1,1,1,-2.93757649938801,4,"Gaza, Israel (general), Israel",IS,IS00,18315,31.4167,34.3333,-797156,4,"Tel Aviv, Tel Aviv, Israel",IS,IS05,18316,32.0667,34.7667,-781545,4,"Gaza, Israel (general), Israel",IS,IS00,18315,31.4167,34.3333,-797156,20260304154500,https://www.presstv.ir/Detail/2026/02/27/764806/modi-israel-visit-shows-morality-no-longer-guides-india-foreign-policy-journalist
1292361804,20260304,202603,2026,2026.1753,CVL,VILLAGE,,,,,,CVL,,,KHM,CAMBODIA,KHM,,,,,,,,1,43,43,4,1,2.8,4,1,4,-0.626959247648899,4,"Thmar Puok, Banté Mé Cheay, Cambodia",CB,CB25,12379,13.9396,103.05,-1031069,4,"Thmar Puok, Banté Mé Cheay, Cambodia",CB,CB25,12379,13.9396,103.05,-1031069,4,"Thmar Puok, Banté Mé Cheay, Cambodia",CB,CB25,12379,13.9396,103.05,-1031069,20260304154500,https://www.akp.gov.kh/post/detail/363979
1292361805,20260304,202603,2026,2026.1753,CVL,RESIDENTS,,,,,,CVL,,,MED,MEDIA,,,,,,MED,,,1,42,42,4,1,1.9,3,1,3,-4.15430267062315,1,Greece,GR,GR,,39.0,22.0,GR,1,Greece,GR,GR,,39.0,22.0,GR,1,Greece,GR,GR,,39.0,22.0,GR,20260304154500,https://aleteia.org/2026/03/04/lebanon-they-yearn-for-an-ordinary-life/
1292361806,20260304,202603,2026,2026.1753,CVL,VOTER,,,,,,CVL,,,MEDGOV,WEBSITE,,,,,,MED,GOV,,0,10,10,1,1,0.0,8,1,8,1.15511551155116,2,"Texas, United States",US,USTX,,31.106,-97.6475,TX,2,"Texas, United States",US,USTX,,31.106,-97.6475,TX,2,"Texas, United States",US,USTX,,31.106,-97.6475,TX,20260304154500,https://www.statesman.com/news/article/james-talarico-primary-win-texas-voter-reaction-21954627.php
1292361807,20260304,202603,2026,2026.1753,CVL,SCIENTIST,,,,,,CVL,,,UGA,UGANDA,UGA,,,,,,,,1,90,90,9,2,-2.0,6,1,6,-6.45161290322581,1,Germany,GM,GM,,51.5,10.5,GM,1,Germany,GM,GM,,51.5,10.5,GM,1,Germany,GM,GM,,51.5,10.5,GM,20260304154500,https://www.thesun.co.uk/health/38404784/school-trips-bat-cave-marburg-kills-victims-pandemic/
1292361808,20260304,202603,2026,2026.1753,CVL,SCIENTIST,,,,,,CVL,,,USA,COLORADO,USA,,,,,,,,0,20,20,2,1,3.0,10,1,10,-0.11547344110855,2,"Colorado, United States",US,USCO,,39.0646,-105.327,CO,2,"Colorado, United States",US,USCO,,39.0646,-105.327,CO,2,"Colorado, United States",US,USCO,,39.0646,-105.327,CO,20260304154500,https://www.thefencepost.com/news/soil-moisture-system-will-yield-information-for-farmers-foresters-and-forecasters/
1292361809,20260304,202603,2026,2026.1753,CVL,COMMUNITY,,,,,,CVL,,,USA,UNITED STATES,USA,,,,,,,,0,51,51,5,1,3.4,2,1,2,-1.01975780752072,3,"Evanston, Illinois, United States",US,USIL,IL031,42.0411,-87.6901,408101,3,"Evanston, Illinois, United States",US,USIL,IL031,42.0411,-87.6901,408101,3,"Evanston, Illinois, United States",US,USIL,IL031,42.0411,-87.6901,408101,20260304154500,https://dailynorthwestern.com/2026/03/04/city/mayor-daniel-biss-isnt-afraid-to-make-waves-now-hes-aiming-for-washington/
1292361810,20260304,202603,2026,2026.1753,CVL,COMMUNITY,,,,,,CVL,,,USA,UNITED STATES,USA,,,,,,,,0,1123,112,11,3,-2.0,1,1,1,-0.9278350515464,2,"Texas, United States",US,USTX,,31.106,-97.6475,TX,3,"Dallas, Texas, United States",US,USTX,TX113,32.7831,-96.8067,1380944,3,"Houston, Texas, United States",US,USTX,TX201,29.7633,-95.3633,1380948,20260304154500,https://www.houstonpublicmedia.org/articles/news/politics/election-2026/2026/03/04/545136/republicans-head-to-runoff-in-texas-attorney-general-primary-dems-uncertain/
1292361811,20260304,202603,2026,2026.1753,CVL,COMMUNITY,,,,,,CVL,,,USA,UNITED STATES,USA,,,,,,,,0,1123,112,11,3,-2.0,1,1,1,-0.9278350515464,2,"Texas, United States",US,USTX,,31.106,-97.6475,TX,3,"Houston, Texas, United States",US,USTX,TX201,29.7633,-95.3633,1380948,3,"Houston, Texas, United States",US,USTX,TX201,29.7633,-95.3633,1380948,20260304154500,https://www.houstonpublicmedia.org/articles/news/politics/election-2026/2026/03/04/545136/republicans-head-to-runoff-in-texas-attorney-general-primary-dems-uncertain/
1292361812,20260304,202603,2026,2026.1753,CVL,CIVILIAN,,,,,,CVL,,,USA,AMERICAN,USA,,,,,,,,0,190,190,19,4,-10.0,8,1,8,-3.91404451266308,4,"Shuaiba, Kuwait (general), Kuwait",KU,KU00,25307,29.0411,48.1375,-789624,3,"Des Moines, Iowa, United States",US,USIA,,41.6005,-93.6091,465961,3,"Des Moines, Iowa, United States",US,USIA,,41.6005,-93.6091,465961,20260304154500,https://www.foxla.com/news/iran-war-continues-march-4-2026
1292361813,20260304,202603,2026,2026.1753,CVL,CIVILIAN,,,,,,CVL,,,USA,UNITED STATES,USA,,,,,,,,0,190,190,19,4,-10.0,2,1,2,-3.91404451266308,3,"Des Moines, Iowa, United States",US,USIA,IA153,41.6005,-93.6091,465961,3,"Des Moines, Iowa, United States",US,USIA,,41.6005,-93.6091,465961,3,"Des Moines, Iowa, United States",US,USIA,,41.6005,-93.6091,465961,20260304154500,https://www.foxla.com/news/iran-war-continues-march-4-2026
1292361814,20260304,202603,2026,2026.1753,CVL,CIVILIAN,,,,,,CVL,,,USAMIL,THE US,USA,,,,,MIL,,,1,130,130,13,3,-4.4,5,1,5,-2.67857142857143,1,Iran,IR,IR,,32.0,53.0,IR,1,Iran,IR,IR,,32.0,53.0,IR,1,Iran,IR,IR,,32.0,53.0,IR,20260304154500,https://www.presstv.ir/Detail/2026/03/04/764950/IRGC-says-dismantled-US-radar-in-Qatar-attacked-destroyer-in-Indian-Ocean
1292361815,20260304,202603,2026,2026.1753,CVL,THE POOR,,,,,,CVL,,,VAT,VATICAN,VAT,,,,,,,,0,40,40,4,1,1.0,3,1,3,-1.25,4,"Sanaa, Sana', Yemen",YM,YM16,32956,15.3547,44.2067,-3191442,4,"Sanaa, Sana', Yemen",YM,YM16,32956,15.3547,44.2067,-3191442,4,"Sanaa, Sana', Yemen",YM,YM16,32956,15.3547,44.2067,-3191442,20260304154500,"https://www.asianews.it/news-en/Martyred-nuns-of-Aden:-10-years-later,-still-seeds-of-peace-64964.html"
1292361816,20260304,202603,2026,2026.1753,CYPGOV,CYPRUS,CYP,,,,,GOV,,,LBN,LEBANESE,LBN,,,,,,,,0,172,172,17,4,-5.0,1,1,1,-8.28924162257495,4,"Akrotiri, Perifereia Notiou Aigaiou, Greece",GR,GR61,16709,36.3584,25.3959,-813565,1,Cyprus,CY,CY,,35.0,33.0,CY,1,Cyprus,CY,CY,,35.0,33.0,CY,20260304154500,https://pmnewsnigeria.com/2026/03/04/iran-tried-to-kill-president-trump-as-u-s-vows-to-deliver-death-and-destruction-from-the-sky/
1292361817,20260304,202603,2026,2026.1753,CYPGOV,CYPRUS,CYP,,,,,GOV,,,LBN,LEBANESE,LBN,,,,,,,,0,172,172,17,4,-5.0,7,1,7,-8.28924162257495,1,Cyprus,CY,CY,,35.0,33.0,CY,1,Lebanon,LE,LE,,33.833333,35.833333,LE,1,Lebanon,LE,LE,,33.833333,35.833333,LE,20260304154500,https://pmnewsnigeria.com/2026/03/04/iran-tried-to-kill-president-trump-as-u-s-vows-to-deliver-death-and-destruction-from-the-sky/
1292361818,20260304,202603,2026,2026.1753,DEU,MUNICH,DEU,,,,,,,,,,,,,,,,,,0,13,13,1,1,0.4,2,1,2,-2.49294449670743,4,"Tehran, Tehran, Iran",IR,IR26,41130,35.75,51.5148,10074674,0,,,,,,,,4,"Munich, Bayern, Germany",GM,GM02,16532,48.15,11.5833,-1829149,20260304154500,https://www.presstv.ir/Detail/2026/02/14/764052/the-munich-paradox-a-security-forums-embrace-of-war-advocates-under-the-guise-of-dialogue%20class=hover-effect
1292361819,20260304,202603,2026,2026.1753,DEU,GERMANY,DEU,,,,,,,,,,,,,,,,,,1,20,20,2,1,3.0,10,1,10,-6.04395604395605,1,Spain,SP,SP,,40.0,-4.0,SP,0,,,,,,,,1,Spain,SP,SP,,40.0,-4.0,SP,20260304154500,https://ftnnews.com/travel-news/technology/qr-code-scam-at-ev-charging-stations-spreads-across-europe/
1292361820,20260304,202603,2026,2026.1753,DEU,MUNICH,DEU,,,,,,,,,,,,,,,,,,0,42,42,4,1,1.9,2,1,2,-2.49294449670743,4,"Tehran, Tehran, Iran",IR,IR26,41130,35.75,51.5148,10074674,0,,,,,,,,4,"Tehran, Tehran, Iran",IR,IR26,41130,35.75,51.5148,10074674,20260304154500,https://www.presstv.ir/Detail/2026/02/14/764052/the-munich-paradox-a-security-forums-embrace-of-war-advocates-under-the-guise-of-dialogue%20class=hover-effect
1292361821,20260304,202603,2026,2026.1753,DEU,MUNICH,DEU,,,,,,,,,,,,,,,,,,0,50,50,5,1,3.5,3,1,3,-2.49294449670743,4,"Munich, Bayern, Germany",GM,GM02,16532,48.15,11.5833,-1829149,0,,,,,,,,4,"Munich, Bayern, Germany",GM,GM02,16532,48.15,11.5833,-1829149,20260304154500,https://www.presstv.ir/Detail/2026/02/14/764052/the-munich-paradox-a-security-forums-embrace-of-war-advocates-under-the-guise-of-dialogue%20class=hover-effect
1292361822,20260304,202603,2026,2026.1753,DEU,GERMANY,DEU,,,,,,,,,,,,,,,,,,1,111,111,11,3,-2.0,2,1,2,-5.60420315236427,4,"Prahran, Victoria, Australia",AS,AS07,5416,-37.85,145.0,-1596003,0,,,,,,,,4,"Prahran, Victoria, Australia",AS,AS07,5416,-37.85,145.0,-1596003,20260304154500,https://nypost.com/2026/03/04/world-news/two-men-denied-entry-to-australian-nightclub-for-wearing-popular-footwear/
1292361823,20260304,202603,2026,2026.1753,DEU,GERMANY,DEU,,,,,,,,,,,,,,,,,,0,192,192,19,4,-9.5,1,1,1,-2.49294449670743,4,"Munich, Bayern, Germany",GM,GM02,16532,48.15,11.5833,-1829149,0,,,,,,,,4,"Munich, Bayern, Germany",GM,GM02,16532,48.15,11.5833,-1829149,20260304154500,https://www.presstv.ir/Detail/2026/02/14/764052/the-munich-paradox-a-security-forums-embrace-of-war-advocates-under-the-guise-of-dialogue%20class=hover-effect
1292361824,20260304,202603,2026,2026.1753,DEU,MUNICH,DEU,,,,,,,,,,,,,,,,,,0,192,192,19,4,-9.5,2,1,2,-2.49294449670743,4,"Munich, Bayern, Germany",GM,GM02,16532,48.15,11.5833,-1829149,0,,,,,,,,4,"Tehran, Tehran, Iran",IR,IR26,41130,35.75,51.5148,10074674,20260304154500,https://www.presstv.ir/Detail/2026/02/14/764052/the-munich-paradox-a-security-forums-embrace-of-war-advocates-under-the-guise-of-dialogue%20class=hover-effect
1292361825,20260304,202603,2026,2026.1753,DEU,GERMAN,DEU,,,,,,,,,,,,,,,,,,0,192,192,19,4,-9.5,10,1,10,-6.85483870967742,4,"Uckermark, Brandenburg, Germany",GM,GM11,16544,53.1167,13.5,-1876528,0,,,,,,,,4,"Uckermark, Brandenburg, Germany",GM,GM11,16544,53.1167,13.5,-1876528,20260304154500,https://themunicheye.com/afd-poster-nazi-symbolism-investigation-brandenburg-32824
1292361826,20260304,202603,2026,2026.1753,DEU,GERMANY,DEU,,,,,,,,EUR,EUROPE,EUR,,,,,,,,0,90,90,9,2,-2.0,1,1,1,-2.49294449670743,4,"Munich, Bayern, Germany",GM,GM02,16532,48.15,11.5833,-1829149,4,"Tehran, Tehran, Iran",IR,IR26,41130,35.75,51.5148,10074674,4,"Tehran, Tehran, Iran",IR,IR26,41130,35.75,51.5148,10074674,20260304154500,https://www.presstv.ir/Detail/2026/02/14/764052/the-munich-paradox-a-security-forums-embrace-of-war-advocates-under-the-guise-of-dialogue%20class=hover-effect
1292361827,20260304,202603,2026,2026.1753,DEU,GERMANY,DEU,,,,,,,,EUR,EUROPE,EUR,,,,,,,,0,90,90,9,2,-2.0,1,1,1,-2.49294449670743,4,"Munich, Bayern, Germany",GM,GM02,16532,48.15,11.5833,-1829149,3,"Washington, District of Columbia, United States",US,USDC,DC001,38.8951,-77.0364,531871,3,"Washington, District of Columbia, United States",US,USDC,DC001,38.8951,-77.0364,531871,20260304154500,https://www.presstv.ir/Detail/2026/02/14/764052/the-munich-paradox-a-security-forums-embrace-of-war-advocates-under-the-guise-of-dialogue%20class=hover-effect
1292361828,20260304,202603,2026,2026.1753,DEU,GERMANY,DEU,,,,,,,,FIN,FINLAND,FIN,,,,,,,,1,43,43,4,1,2.8,5,1,5,0.0,4,"Geilenkirchen, Nordrhein-Westfalen, Germany",GM,GM07,16552,50.9667,6.11667,-1774857,4,"Lake Inari, Lapland, Finland",FI,FI26,16222,69.0,28.0,-1366574,4,"Geilenkirchen, Nordrhein-Westfalen, Germany",GM,GM07,16552,50.9667,6.11667,-1774857,20260304154500,https://www.thebarentsobserver.com/security/not-all-eyes-are-on-the-middle-eastnbsp/446158
1292361829,20260304,202603,2026,2026.1753,DEU,MUNICH,DEU,,,,,,,,IRN,IRAN,IRN,,,,,,,,0,50,50,5,1,3.5,3,1,3,-2.49294449670743,4,"Munich, Bayern, Germany",GM,GM02,16532,48.15,11.5833,-1829149,4,"Tehran, Tehran, Iran",IR,IR26,41130,35.75,51.5148,10074674,4,"Munich, Bayern, Germany",GM,GM02,16532,48.15,11.5833,-1829149,20260304154500,https://www.presstv.ir/Detail/2026/02/14/764052/the-munich-paradox-a-security-forums-embrace-of-war-advocates-under-the-guise-of-dialogue%20class=hover-effect
1292361830,20260304,202603,2026,2026.1753,DEU,GERMANY,DEU,,,,,,,,IRN,IRAN,IRN,,,,,,,,0,192,192,19,4,-9.5,1,1,1,-2.49294449670743,4,"Munich, Bayern, Germany",GM,GM02,16532,48.15,11.5833,-1829149,4,"Tehran, Tehran, Iran",IR,IR26,41130,35.75,51.5148,10074674,4,"Munich, Bayern, Germany",GM,GM02,16532,48.15,11.5833,-1829149,20260304154500,https://www.presstv.ir/Detail/2026/02/14/764052/the-munich-paradox-a-security-forums-embrace-of-war-advocates-under-the-guise-of-dialogue%20class=hover-effect
1292361831,20260304,202603,2026,2026.1753,DEU,MUNICH,DEU,,,,,,,,IRN,IRAN,IRN,,,,,,,,0,192,192,19,4,-9.5,2,1,2,-2.49294449670743,4,"Munich, Bayern, Germany",GM,GM02,16532,48.15,11.5833,-1829149,4,"Tehran, Tehran, Iran",IR,IR26,41130,35.75,51.5148,10074674,4,"Tehran, Tehran, Iran",IR,IR26,41130,35.75,51.5148,10074674,20260304154500,https://www.presstv.ir/Detail/2026/02/14/764052/the-munich-paradox-a-security-forums-embrace-of-war-advocates-under-the-guise-of-dialogue%20class=hover-effect
1292361832,20260304,202603,2026,2026.1753,DEU,MUNICH,DEU,,,,,,,,THA,BANGKOK,THA,,,,,,,,1,80,80,8,2,5.0,10,1,10,2.97397769516729,4,"Bangkok, Krung Thep Mahanakhon, Thailand",TH,TH40,26423,13.75,100.517,-3250083,4,"Bangkok, Krung Thep Mahanakhon, Thailand",TH,TH40,26423,13.75,100.517,-3250083,4,"Bangkok, Krung Thep Mahanakhon, Thailand",TH,TH40,26423,13.75,100.517,-3250083,20260304154500,https://autonews.gasgoo.com/articles/ev/avatr-07-launches-mass-deliveries-in-thailand-2029182920227393537
1292361833,20260304,202603,2026,2026.1753,DEU,MUNICH,DEU,,,,,,,,THA,BANGKOK,THA,,,,,,,,1,111,111,11,3,-2.0,2,1,2,2.95857988165681,4,"Bangkok, Krung Thep Mahanakhon, Thailand",TH,TH40,26423,13.75,100.517,-3250083,4,"Bangkok, Krung Thep Mahanakhon, Thailand",TH,TH40,26423,13.75,100.517,-3250083,4,"Bangkok, Krung Thep Mahanakhon, Thailand",TH,TH40,26423,13.75,100.517,-3250083,20260304154500,https://autonews.gasgoo.com/articles/market-industry/avatr-ramps-up-thailand-push-with-first-avatr-07-deliveries-2029093830257643521
1292361834,20260304,202603,2026,2026.1753,DEU,GERMANY,DEU,,,,,,,,UKR,UKRAINE,UKR,,,,,,,,0,40,40,4,1,1.0,2,1,2,-2.49294449670743,4,"Munich, Bayern, Germany",GM,GM02,16532,48.15,11.5833,-1829149,1,Ukraine,UP,UP,,49.0,32.0,UP,1,Ukraine,UP,UP,,49.0,32.0,UP,20260304154500,https://www.presstv.ir/Detail/2026/02/14/764052/the-munich-paradox-a-security-forums-embrace-of-war-advocates-under-the-guise-of-dialogue%20class=hover-effect
1292361835,20260304,202603,2026,2026.1753,DEU,MUNICH,DEU,,,,,,,,UKRGOV,UKRAINIAN,UKR,,,,,GOV,,,0,40,40,4,1,1.0,7,1,7,-2.49294449670743,4,"Munich, Bayern, Germany",GM,GM02,16532,48.15,11.5833,-1829149,1,Ukraine,UP,UP,,49.0,32.0,UP,1,Ukraine,UP,UP,,49.0,32.0,UP,20260304154500,https://www.presstv.ir/Detail/2026/02/14/764052/the-munich-paradox-a-security-forums-embrace-of-war-advocates-under-the-guise-of-dialogue%20class=hover-effect
1292361836,20260304,202603,2026,2026.1753,DJI,DJIBOUTI,DJI,,,,,,,,,,,,,,,,,,0,10,10,1,1,0.0,2,1,2,-1.50442477876106,4,"Red Sea, Djibouti (general), Djibouti",DJ,DJ00,25312,19.0,39.5,-2037160,0,,,,,,,,4,"Red Sea, Djibouti (general), Djibouti",DJ,DJ00,25312,19.0,39.5,-2037160,20260304154500,https://peakoil.com/production/u-s-oil-and-gas-exporters-cant-fill-middle-east-supply-gap-as-hormuz-crisis-deepens
1292361837,20260304,202603,2026,2026.1753,DJI,DJIBOUTI,DJI,,,,,,,,,,,,,,,,,,0,10,10,1,1,0.0,2,1,2,-1.50442477876106,4,"Red Sea, Djibouti (general), Djibouti",DJ,DJ00,25312,19.0,39.5,-2037160,0,,,,,,,,1,Iran,IR,IR,,32.0,53.0,IR,20260304154500,https://peakoil.com/production/u-s-oil-and-gas-exporters-cant-fill-middle-east-supply-gap-as-hormuz-crisis-deepens
1292361838,20260304,202603,2026,2026.1753,ECU,ECUADOR,ECU,,,,,,,,,,,,,,,,,,0,130,130,13,3,-4.4,2,1,2,-2.66666666666667,4,"Quito, Pichincha, Ecuador",EC,EC18,18585,-0.216667,-78.5,-932573,0,,,,,,,,4,"Quito, Pichincha, Ecuador",EC,EC18,18585,-0.216667,-78.5,-932573,20260304154500,https://www.breitbart.com/national-security/2026/03/04/southcom-launches-anti-narco-terrorism-operations-in-ecuador/
1292361839,20260304,202603,2026,2026.1753,ECU,ECUADOR,ECU,,,,,,,,,,,,,,,,,,0,130,130,13,3,-4.4,2,1,2,-2.66666666666667,4,"Quito, Pichincha, Ecuador",EC,EC18,18585,-0.216667,-78.5,-932573,0,,,,,,,,3,"White House, District of Columbia, United States",US,USDC,,38.8951,-77.0364,531871,20260304154500,https://www.breitbart.com/national-security/2026/03/04/southcom-launches-anti-narco-terrorism-operations-in-ecuador/
1292361840,20260304,202603,2026,2026.1753,ECU,ECUADOR,ECU,,,,,,,,CRM,GANG,,,,,,CRM,,,1,10,10,1,1,0.0,10,1,10,-8.84808013355589,4,"Guayaquil, Guayas, Ecuador",EC,EC10,18585,-2.16667,-79.9,-927505,4,"Guayaquil, Guayas, Ecuador",EC,EC10,18585,-2.16667,-79.9,-927505,4,"Guayaquil, Guayas, Ecuador",EC,EC10,18585,-2.16667,-79.9,-927505,20260304154500,https://themunicheye.com/ecuador-us-joint-military-operation-drug-gangs-32826
1292361841,20260304,202603,2026,2026.1753,ECU,ECUADOR,ECU,,,,,,,,CRM,DRUG TRAFFICKER,,,,,,CRM,,,0,10,10,1,1,0.0,4,1,4,-2.66666666666667,4,"Quito, Pichincha, Ecuador",EC,EC18,18585,-0.216667,-78.5,-932573,4,"Quito, Pichincha, Ecuador",EC,EC18,18585,-0.216667,-78.5,-932573,4,"Quito, Pichincha, Ecuador",EC,EC18,18585,-0.216667,-78.5,-932573,20260304154500,https://www.breitbart.com/national-security/2026/03/04/southcom-launches-anti-narco-terrorism-operations-in-ecuador/
1292361842,20260304,202603,2026,2026.1753,ECU,ECUADOR,ECU,,,,,,,,CRM,DRUG TRAFFICKER,,,,,,CRM,,,0,20,20,2,1,3.0,4,1,4,-2.66666666666667,4,"Quito, Pichincha, Ecuador",EC,EC18,18585,-0.216667,-78.5,-932573,4,"Quito, Pichincha, Ecuador",EC,EC18,18585,-0.216667,-78.5,-932573,4,"Quito, Pichincha, Ecuador",EC,EC18,18585,-0.216667,-78.5,-932573,20260304154500,https://www.breitbart.com/national-security/2026/03/04/southcom-launches-anti-narco-terrorism-operations-in-ecuador/
1292361843,20260304,202603,2026,2026.1753,ECU,ECUADOR,ECU,,,,,,,,CRM,ORGANIZED CRIME,,,,,,CRM,,,1,190,190,19,4,-10.0,10,1,10,-2.77078085642318,4,"Quito, Pichincha, Ecuador",EC,EC18,18585,-0.216667,-78.5,-932573,4,"Quito, Pichincha, Ecuador",EC,EC18,18585,-0.216667,-78.5,-932573,4,"Quito, Pichincha, Ecuador",EC,EC18,18585,-0.216667,-78.5,-932573,20260304154500,https://www.winnipegfreepress.com/world/2026/03/04/us-and-ecuador-launch-military-operation-against-organized-crime-groups
1292361844,20260304,202603,2026,2026.1753,ECU,ECUADOR,ECU,,,,,,,,GOV,AUTHORITIES,,,,,,GOV,,,0,90,90,9,2,-2.0,10,1,10,-8.84808013355589,4,"Guayaquil, Guayas, Ecuador",EC,EC10,18585,-2.16667,-79.9,-927505,4,"Guayaquil, Guayas, Ecuador",EC,EC10,18585,-2.16667,-79.9,-927505,4,"Guayaquil, Guayas, Ecuador",EC,EC10,18585,-2.16667,-79.9,-927505,20260304154500,https://themunicheye.com/ecuador-us-joint-military-operation-drug-gangs-32826
1292361845,20260304,202603,2026,2026.1753,EDU,STUDENT,,,,,,EDU,,,,,,,,,,,,,1,10,10,1,1,0.0,1,1,1,4.1025641025641,4,"Prek Leap, Kâal, Cambodia",CB,CB07,12390,11.6369,104.92,-1024199,0,,,,,,,,4,"Prek Leap, Kâal, Cambodia",CB,CB07,12390,11.6369,104.92,-1024199,20260304154500,https://www.thestar.com.my/aseanplus/aseanplus-news/2026/03/04/lancang-mekong-library-sparks-reading-habits-among-students-in-cambodia
1292361846,20260304,202603,2026,2026.1753,EDU,STUDENT,,,,,,EDU,,,,,,,,,,,,,1,10,10,1,1,0.0,2,1,2,4.1025641025641,4,"Prek Leap, Kâal, Cambodia",CB,CB07,12390,11.6369,104.92,-1024199,0,,,,,,,,4,"Lancang, Yunnan, China",CH,CH29,13310,22.5621,99.9103,-1918543,20260304154500,https://www.thestar.com.my/aseanplus/aseanplus-news/2026/03/04/lancang-mekong-library-sparks-reading-habits-among-students-in-cambodia
1292361847,20260304,202603,2026,2026.1753,EDU,PROFESSOR,,,,,,EDU,,,,,,,,,,,,,1,10,10,1,1,0.0,1,1,1,-6.45161290322581,4,"Queen Elizabeth National Park, Buhweju, Uganda",UG,UGE6,18585,-0.25,30.1864,-1734850,0,,,,,,,,4,"Queen Elizabeth National Park, Buhweju, Uganda",UG,UGE6,18585,-0.25,30.1864,-1734850,20260304154500,https://www.thesun.co.uk/health/38404784/school-trips-bat-cave-marburg-kills-victims-pandemic/
1292361848,20260304,202603,2026,2026.1753,EDU,PROFESSOR,,,,,,EDU,,,,,,,,,,,,,1,10,10,1,1,0.0,4,1,4,-6.45161290322581,4,"Queen Elizabeth National Park, Buhweju, Uganda",UG,UGE6,18585,-0.25,30.1864,-1734850,0,,,,,,,,1,Egypt,EG,EG,,27.0,30.0,EG,20260304154500,https://www.thesun.co.uk/health/38404784/school-trips-bat-cave-marburg-kills-victims-pandemic/
1292361849,20260304,202603,2026,2026.1753,EDU,LECTURER,,,,,,EDU,,,,,,,,,,,,,1,10,10,1,1,0.0,1,1,1,-3.7243947858473,4,"Salford, Salford, United Kingdom",UK,UKL5,40111,53.4833,-2.26667,-2606975,0,,,,,,,,4,"Salford, Salford, United Kingdom",UK,UKL5,40111,53.4833,-2.26667,-2606975,20260304154500,https://www.express.co.uk/news/world/2178110/iran-control-straight-of-hormuz
1292361850,20260304,202603,2026,2026.1753,EDU,STUDENT,,,,,,EDU,,,,,,,,,,,,,1,10,10,1,1,0.0,10,1,10,-0.29673590504451,1,Malaysia,MY,MY,,2.5,112.5,MY,0,,,,,,,,1,Malaysia,MY,MY,,2.5,112.5,MY,20260304154500,https://www.thestar.com.my/news/nation/2026/03/04/m039sian-students-in-middle-east-conflict-zones-told-to-report-to-embassies-immediately
1292361851,20260304,202603,2026,2026.1753,EDU,SCHOOL,,,,,,EDU,,,,,,,,,,,,,0,14,14,1,1,0.0,1,1,1,-10.6100795755968,4,"Minab, Sistan va Baluchestan, Iran",IR,IR04,41051,25.7893,61.1025,293743,0,,,,,,,,4,"Minab, Sistan va Baluchestan, Iran",IR,IR04,41051,25.7893,61.1025,293743,20260304154500,https://www.presstv.ir/Detail/2026/03/04/764951/Another-girls-school-targeted-in-US-Israeli-attacks-on-Iran
1292361852,20260304,202603,2026,2026.1753,EDU,SCHOOL,,,,,,EDU,,,,,,,,,,,,,1,20,20,2,1,3.0,10,1,10,-2.49520153550863,3,"Pine Bush, New York, United States",US,USNY,NY071,41.6082,-74.299,960421,0,,,,,,,,3,"Pine Bush, New York, United States",US,USNY,,41.6082,-74.299,960421,20260304154500,https://www.jagranjosh.com/us/trending/school-closings-and-delays-today-wednesday-march-4-1860002591
1292361853,20260304,202603,2026,2026.1753,EDU,SCHOOL,,,,,,EDU,,,,,,,,,,,,,0,43,43,4,1,2.8,6,1,6,-6.52709359605911,3,"Hollywood, California, United States",US,USCA,CA037,34.0983,-118.327,1660757,0,,,,,,,,3,"Hollywood, California, United States",US,USCA,CA037,34.0983,-118.327,1660757,20260304154500,https://www.koimoi.com/hollywood-news/all-scream-movies-ranked-how-the-1996-original-compares-to-scream-7/
1292361854,20260304,202603,2026,2026.1753,EDU,SCHOOL,,,,,,EDU,,,,,,,,,,,,,1,51,51,5,1,3.4,10,1,10,10.4089219330855,4,"Paris, France (general), France",FR,FR00,16282,48.8667,2.33333,-1456928,0,,,,,,,,4,"Paris, France (general), France",FR,FR00,16282,48.8667,2.33333,-1456928,20260304154500,https://www.norfolktoday.ca/2026/03/04/164763/
1292361855,20260304,202603,2026,2026.1753,EDU,SCHOOL,,,,,,EDU,,,,,,,,,,,,,0,51,51,5,1,3.4,10,1,10,-2.08333333333334,2,"Wisconsin, United States",US,USWI,,44.2563,-89.6385,WI,0,,,,,,,,2,"Wisconsin, United States",US,USWI,,44.2563,-89.6385,WI,20260304154500,https://whsm.com:443/news/2026/03/04/evers-says-he-has-to-think-about-the-bell-to-bell-cell-phone-ban-lawmakers-are-pushing
1292361856,20260304,202603,2026,2026.1753,EDU,SCHOOL,,,,,,EDU,,,,,,,,,,,,,1,71,71,7,2,7.4,10,1,10,3.81165919282511,4,"River Tweed, Northumberland, United Kingdom",UK,UKJ6,40125,55.7667,-2.0,-2610340,0,,,,,,,,4,"River Tweed, Northumberland, United Kingdom",UK,UKJ6,40125,55.7667,-2.0,-2610340,20260304154500,https://www.bordertelegraph.com/news/25903342.harp-school-receives-funding-teach-create-instrument-hub/
1292361857,20260304,202603,2026,2026.1753,EDU,SCHOOL,,,,,,EDU,,,,,,,,,,,,,1,90,90,9,2,-2.0,2,1,2,3.07328605200946,4,"Kenyasi, Ghana (general), Ghana",GH,GH00,190709,6.98191,-2.38738,-2074402,0,,,,,,,,4,"Kenyasi, Ghana (general), Ghana",GH,GH00,190709,6.98191,-2.38738,-2074402,20260304154500,https://www.myjoyonline.com/local-government-minister-inspects-seco-kfw-funded-projects-in-ahafo-region/
1292361858,20260304,202603,2026,2026.1753,EDU,UNIVERSITY,,,,,,EDU,,,,,,,,,,,,,0,112,112,11,3,-2.0,6,1,6,-6.45161290322581,1,Netherlands,NL,NL,,52.5,5.75,NL,0,,,,,,,,1,Netherlands,NL,NL,,52.5,5.75,NL,20260304154500,https://www.thesun.co.uk/health/38404784/school-trips-bat-cave-marburg-kills-victims-pandemic/
1292361859,20260304,202603,2026,2026.1753,EDU,STUDENT,,,,,,EDU,,,,,,,,,,,,,0,172,172,17,4,-5.0,5,1,5,-2.08333333333334,2,"New York, United States",US,USNY,,42.1497,-74.9384,NY,0,,,,,,,,2,"New York, United States",US,USNY,,42.1497,-74.9384,NY,20260304154500,https://whsm.com:443/news/2026/03/04/evers-says-he-has-to-think-about-the-bell-to-bell-cell-phone-ban-lawmakers-are-pushing
1292361860,20260304,202603,2026,2026.1753,EDU,SCHOOL,,,,,,EDU,,,,,,,,,,,,,1,1721,172,17,4,-5.0,10,1,10,-2.49520153550863,2,"New York, United States",US,USNY,,42.1497,-74.9384,NY,0,,,,,,,,2,"New York, United States",US,USNY,,42.1497,-74.9384,NY,20260304154500,https://www.jagranjosh.com/us/trending/school-closings-and-delays-today-wednesday-march-4-1860002591
1292361861,20260304,202603,2026,2026.1753,EDU,SCHOOL,,,,,,EDU,,,CVL,COMMUNITY,,,,,,CVL,,,0,36,36,3,1,4.0,10,1,10,7.17821782178218,2,"Wisconsin, United States",US,USWI,,44.2563,-89.6385,WI,2,"Wisconsin, United States",US,USWI,,44.2563,-89.6385,WI,2,"Wisconsin, United States",US,USWI,,44.2563,-89.6385,WI,20260304154500,https://www.wispolitics.com/2026/carthage-college-dedicates-duncan-family-nursing-education-center-announces-200000-scholarship-match/
1292361862,20260304,202603,2026,2026.1753,EDU,LECTURER,,,,,,EDU,,,GBREDU,UNITED KINGDOM,GBR,,,,,EDU,,,1,10,10,1,1,0.0,2,1,2,-3.7243947858473,4,"Salford, Salford, United Kingdom",UK,UKL5,40111,53.4833,-2.26667,-2606975,4,"Salford, Salford, United Kingdom",UK,UKL5,40111,53.4833,-2.26667,-2606975,4,"Salford, Salford, United Kingdom",UK,UKL5,40111,53.4833,-2.26667,-2606975,20260304154500,https://www.express.co.uk/news/world/2178110/iran-control-straight-of-hormuz
1292361863,20260304,202603,2026,2026.1753,EDU,SCHOOL,,,,,,EDU,,,GOV,FOREIGN MINIST,,,,,,GOV,,,0,14,14,1,1,0.0,1,1,1,-10.6100795755968,4,"Minab, Sistan va Baluchestan, Iran",IR,IR04,41051,25.7893,61.1025,293743,4,"Minab, Sistan va Baluchestan, Iran",IR,IR04,41051,25.7893,61.1025,293743,4,"Minab, Sistan va Baluchestan, Iran",IR,IR04,41051,25.7893,61.1025,293743,20260304154500,https://www.presstv.ir/Detail/2026/03/04/764951/Another-girls-school-targeted-in-US-Israeli-attacks-on-Iran
1292361865,20260304,202603,2026,2026.1753,EDU,STUDENT,,,,,,EDU,,,IRN,IRANIAN,IRN,,,,,,,,1,14,14,1,1,0.0,2,1,2,-10.6100795755968,4,"Minab, Sistan va Baluchestan, Iran",IR,IR04,41051,25.7893,61.1025,293743,4,"Minab, Sistan va Baluchestan, Iran",IR,IR04,41051,25.7893,61.1025,293743,4,"Minab, Sistan va Baluchestan, Iran",IR,IR04,41051,25.7893,61.1025,293743,20260304154500,https://www.presstv.ir/Detail/2026/03/04/764951/Another-girls-school-targeted-in-US-Israeli-attacks-on-Iran
1292361866,20260304,202603,2026,2026.1753,EDU,ECONOMIST,,,,,,EDU,,,IRN,IRAN,IRN,,,,,,,,0,20,20,2,1,3.0,2,1,2,-1.52284263959391,4,"Bandar Abbas, Hormozgan, Iran",IR,IR11,40896,27.1865,56.2808,-3055107,4,"Bandar Abbas, Hormozgan, Iran",IR,IR11,40896,27.1865,56.2808,-3055107,4,"Bandar Abbas, Hormozgan, Iran",IR,IR11,40896,27.1865,56.2808,-3055107,20260304154500,https://timesca.com/middle-east-conflict-tests-central-asias-trade-routes-and-energy-security/
1292361867,20260304,202603,2026,2026.1753,EDU,ECONOMIST,,,,,,EDU,,,IRN,IRAN,IRN,,,,,,,,0,20,20,2,1,3.0,2,1,2,-1.52284263959391,1,Turkmenistan,TX,TX,,40.0,60.0,TX,4,"Bandar Abbas, Hormozgan, Iran",IR,IR11,40896,27.1865,56.2808,-3055107,4,"Bandar Abbas, Hormozgan, Iran",IR,IR11,40896,27.1865,56.2808,-3055107,20260304154500,https://timesca.com/middle-east-conflict-tests-central-asias-trade-routes-and-energy-security/
1292361868,20260304,202603,2026,2026.1753,EDU,ECONOMIST,,,,,,EDU,,,IRN,IRAN,IRN,,,,,,,,0,20,20,2,1,3.0,1,1,1,-1.52284263959391,1,Turkmenistan,TX,TX,,40.0,60.0,TX,4,"Bandar Abbas, Hormozgan, Iran",IR,IR11,40896,27.1865,56.2808,-3055107,1,Turkmenistan,TX,TX,,40.0,60.0,TX,20260304154500,https://timesca.com/middle-east-conflict-tests-central-asias-trade-routes-and-energy-security/
1292361869,20260304,202603,2026,2026.1753,EDU,SCHOOL,,,,,,EDU,,,IRN,IRANIAN,IRN,,,,,,,,0,43,43,4,1,2.8,4,2,4,-4.386957181901,4,"Tehran, Tehran, Iran",IR,IR26,41130,35.75,51.5148,10074674,1,Israel,IS,IS,,31.5,34.75,IS,1,Israel,IS,IS,,31.5,34.75,IS,20260304154500,https://www.wkyufm.org/news/2026-03-04/the-u-s-sinks-irans-ships-and-slams-its-missile-launchers-as-the-war-enters-day-5
1292361870,20260304,202603,2026,2026.1753,EDU,STUDENT,,,,,,EDU,,,IRNEDU,IRANIAN,IRN,,,,,EDU,,,1,14,14,1,1,0.0,3,1,3,-10.6100795755968,4,"Minab, Sistan va Baluchestan, Iran",IR,IR04,41051,25.7893,61.1025,293743,4,"Minab, Sistan va Baluchestan, Iran",IR,IR04,41051,25.7893,61.1025,293743,4,"Minab, Sistan va Baluchestan, Iran",IR,IR04,41051,25.7893,61.1025,293743,20260304154500,https://www.presstv.ir/Detail/2026/03/04/764951/Another-girls-school-targeted-in-US-Israeli-attacks-on-Iran
1292361871,20260304,202603,2026,2026.1753,EDU,PROFESSOR,,,,,,EDU,,,LAB,EMPLOYEE,,,,,,LAB,,,0,14,14,1,1,0.0,10,1,10,-1.89959294436907,2,"Florida, United States",US,USFL,,27.8333,-81.717,FL,2,"Florida, United States",US,USFL,,27.8333,-81.717,FL,2,"Florida, United States",US,USFL,,27.8333,-81.717,FL,20260304154500,https://www.usforacle.com/2026/03/04/usf-florida-pause-h1b-hiring-until-2027/
1292361872,20260304,202603,2026,2026.1753,EDU,PROFESSOR,,,,,,EDU,,,USA,FLORIDA,USA,,,,,,,,1,12,12,1,1,-0.4,3,1,3,-1.89959294436907,2,"Florida, United States",US,USFL,,27.8333,-81.717,FL,2,"Florida, United States",US,USFL,,27.8333,-81.717,FL,2,"Florida, United States",US,USFL,,27.8333,-81.717,FL,20260304154500,https://www.usforacle.com/2026/03/04/usf-florida-pause-h1b-hiring-until-2027/
1292361873,20260304,202603,2026,2026.1753,EDU,SCHOOL,,,,,,EDU,,,USA,UNITED STATES,USA,,,,,,,,0,42,42,4,1,1.9,4,1,4,-6.52709359605911,3,"Hollywood, California, United States",US,USCA,CA037,34.0983,-118.327,1660757,3,"Hollywood, California, United States",US,USCA,CA037,34.0983,-118.327,1660757,3,"Hollywood, California, United States",US,USCA,CA037,34.0983,-118.327,1660757,20260304154500,https://www.koimoi.com/hollywood-news/all-scream-movies-ranked-how-the-1996-original-compares-to-scream-7/
1292361874,20260304,202603,2026,2026.1753,EDU,STUDENT,,,,,,EDU,,,USA,INDIANAPOLIS,USA,,,,,,,,1,42,42,4,1,1.9,10,1,10,1.18343195266272,3,"Lawrenceburg, Indiana, United States",US,USIN,IN029,39.0909,-84.85,437674,3,"Lawrenceburg, Indiana, United States",US,USIN,IN029,39.0909,-84.85,437674,3,"Lawrenceburg, Indiana, United States",US,USIN,IN029,39.0909,-84.85,437674,20260304154500,https://www.eaglecountryonline.com/news/local-news/sen-maxwell-welcomes-local-students-to-statehouse-as-senate-pages/
1292361875,20260304,202603,2026,2026.1753,EDU,SCHOOL,,,,,,EDU,,,USA,UNITED STATES,USA,,,,,,,,0,190,190,19,4,-10.0,4,1,4,-6.52709359605911,3,"Hollywood, California, United States",US,USCA,CA037,34.0983,-118.327,1660757,3,"Hollywood, California, United States",US,USCA,CA037,34.0983,-118.327,1660757,3,"Hollywood, California, United States",US,USCA,CA037,34.0983,-118.327,1660757,20260304154500,https://www.koimoi.com/hollywood-news/all-scream-movies-ranked-how-the-1996-original-compares-to-scream-7/
1292361876,20260304,202603,2026,2026.1753,EDUEDU,UNIVERSITY,,,,,,EDU,EDU,,,,,,,,,,,,0,10,10,1,1,0.0,3,1,3,-2.59938837920489,4,"London, London, City of, United Kingdom",UK,UKH9,40110,51.5,-0.116667,-2601889,0,,,,,,,,4,"London, London, City of, United Kingdom",UK,UKH9,40110,51.5,-0.116667,-2601889,20260304154500,https://www.vol.at/ott-process-takacs-testifies-about-boat-accident/10027535
1292361877,20260304,202603,2026,2026.1753,EGY,ALEXANDRIA,EGY,,,,,,,,,,,,,,,,,,1,173,173,17,4,-5.0,3,1,3,-10.0977198697068,4,"Alexandria, Al Iskandariyah, Egypt",EG,EG06,61590,31.1981,29.9192,-290263,0,,,,,,,,4,"Alexandria, Al Iskandariyah, Egypt",EG,EG06,61590,31.1981,29.9192,-290263,20260304154500,https://www.citizen.co.za/news/south-africa/courts/parolee-gets-25-years-for-raping-blind-woman-in-her-home/
1292361878,20260304,202603,2026,2026.1753,EGY,EGYPTIAN,EGY,,,,,,,,,,,,,,,,,,1,173,173,17,4,-5.0,2,1,2,-5.67226890756306,1,Egypt,EG,EG,,27.0,30.0,EG,0,,,,,,,,1,Egypt,EG,EG,,27.0,30.0,EG,20260304154500,https://balkaninsight.com/2026/03/04/greek-final-court-decision-rules-that-golden-dawn-is-a-criminal-organisation/
1292361879,20260304,202603,2026,2026.1753,EGY,EGYPT,EGY,,,,,,,,,,,,,,,,,,1,1821,182,18,4,-9.0,4,1,4,-10.0977198697068,4,"Alexandria, Al Iskandariyah, Egypt",EG,EG06,61590,31.1981,29.9192,-290263,0,,,,,,,,4,"Alexandria, Al Iskandariyah, Egypt",EG,EG06,61590,31.1981,29.9192,-290263,20260304154500,https://www.citizen.co.za/news/south-africa/courts/parolee-gets-25-years-for-raping-blind-woman-in-her-home/
1292361880,20260304,202603,2026,2026.1753,EGY,EGYPT,EGY,,,,,,,,GRC,GREECE,GRC,,,,,,,,1,173,173,17,4,-5.0,4,1,4,-5.67226890756306,1,Egypt,EG,EG,,27.0,30.0,EG,4,"Perama, Perifereia Voreiou Aigaiou, Greece",GR,GR65,16725,39.0483,26.4972,-825892,1,Egypt,EG,EG,,27.0,30.0,EG,20260304154500,https://balkaninsight.com/2026/03/04/greek-final-court-decision-rules-that-golden-dawn-is-a-criminal-organisation/
1292361881,20260304,202603,2026,2026.1753,EGY,EGYPTIAN,EGY,,,,,,,,GRC,GREECE,GRC,,,,,,,,1,173,173,17,4,-5.0,4,1,4,-5.67226890756306,1,Egypt,EG,EG,,27.0,30.0,EG,1,Egypt,EG,EG,,27.0,30.0,EG,1,Egypt,EG,EG,,27.0,30.0,EG,20260304154500,https://balkaninsight.com/2026/03/04/greek-final-court-decision-rules-that-golden-dawn-is-a-criminal-organisation/
1292361882,20260304,202603,2026,2026.1753,EGY,ALEXANDRIA,EGY,,,,,,,,ZAF,EASTERN CAPE,ZAF,,,,,,,,1,173,173,17,4,-5.0,7,1,7,-10.0977198697068,4,"Alexandria, Al Iskandariyah, Egypt",EG,EG06,61590,31.1981,29.9192,-290263,4,"Alexandria, Al Iskandariyah, Egypt",EG,EG06,61590,31.1981,29.9192,-290263,4,"Alexandria, Al Iskandariyah, Egypt",EG,EG06,61590,31.1981,29.9192,-290263,20260304154500,https://www.citizen.co.za/news/south-africa/courts/parolee-gets-25-years-for-raping-blind-woman-in-her-home/
1292361883,20260304,202603,2026,2026.1753,EGYJUD,EGYPT,EGY,,,,,JUD,,,,,,,,,,,,,0,10,10,1,1,0.0,2,1,2,-10.0977198697068,4,"Alexandria, Al Iskandariyah, Egypt",EG,EG06,61590,31.1981,29.9192,-290263,0,,,,,,,,4,"Alexandria, Al Iskandariyah, Egypt",EG,EG06,61590,31.1981,29.9192,-290263,20260304154500,https://www.citizen.co.za/news/south-africa/courts/parolee-gets-25-years-for-raping-blind-woman-in-her-home/
1292361884,20260304,202603,2026,2026.1753,ELI,ACTOR,,,,,,ELI,,,,,,,,,,,,,0,120,120,12,3,-4.0,2,1,2,5.4054054054054,1,Jordan,JO,JO,,31.0,36.0,JO,0,,,,,,,,1,Jordan,JO,JO,,31.0,36.0,JO,20260304154500,https://www.billboard.com/music/awards/sankofa-org-social-justice-awards-2026-honorees-chuck-d-1236191219/
1292361886,20260304,202603,2026,2026.1753,ELI,ACTOR,,,,,,ELI,,,ISR,ISRAELI,ISR,,,,,,,,0,36,36,3,1,4.0,1,1,1,-2.49294449670743,4,"Munich, Bayern, Germany",GM,GM02,16532,48.15,11.5833,-1829149,1,Israel,IS,IS,,31.5,34.75,IS,1,Israel,IS,IS,,31.5,34.75,IS,20260304154500,https://www.presstv.ir/Detail/2026/02/14/764052/the-munich-paradox-a-security-forums-embrace-of-war-advocates-under-the-guise-of-dialogue%20class=hover-effect
1292361887,20260304,202603,2026,2026.1753,ELI,ACTOR,,,,,,ELI,,,ISR,ISRAELI,ISR,,,,,,,,0,36,36,3,1,4.0,1,1,1,-2.49294449670743,1,Israel,IS,IS,,31.5,34.75,IS,4,"Tehran, Tehran, Iran",IR,IR26,41130,35.75,51.5148,10074674,4,"Tehran, Tehran, Iran",IR,IR26,41130,35.75,51.5148,10074674,20260304154500,https://www.presstv.ir/Detail/2026/02/14/764052/the-munich-paradox-a-security-forums-embrace-of-war-advocates-under-the-guise-of-dialogue%20class=hover-effect
1292361888,20260304,202603,2026,2026.1753,ELI,ACTOR,,,,,,ELI,,,OPP,ACTIVIST,,,,,,OPP,,,0,30,30,3,1,4.0,8,1,8,5.4054054054054,1,Jordan,JO,JO,,31.0,36.0,JO,1,Jordan,JO,JO,,31.0,36.0,JO,1,Jordan,JO,JO,,31.0,36.0,JO,20260304154500,https://www.billboard.com/music/awards/sankofa-org-social-justice-awards-2026-honorees-chuck-d-1236191219/
1292361889,20260304,202603,2026,2026.1753,ELI,ACTOR,,,,,,ELI,,,OPP,ACTIVIST,,,,,,OPP,,,0,120,120,12,3,-4.0,8,1,8,5.4054054054054,1,Jordan,JO,JO,,31.0,36.0,JO,1,Jordan,JO,JO,,31.0,36.0,JO,1,Jordan,JO,JO,,31.0,36.0,JO,20260304154500,https://www.billboard.com/music/awards/sankofa-org-social-justice-awards-2026-honorees-chuck-d-1236191219/
1292361890,20260304,202603,2026,2026.1753,ENV,ENVIRONMENTALIST,,,,,,ENV,,,OPP,DISSENTER,,,,,,OPP,,,0,111,111,11,3,-2.0,5,1,5,-2.10526315789473,3,"Bryce Canyon, Utah, United States",US,USUT,UT017,37.6283,-112.168,1439206,3,"Bryce Canyon, Utah, United States",US,USUT,,37.6283,-112.168,1439206,3,"Bryce Canyon, Utah, United States",US,USUT,,37.6283,-112.168,1439206,20260304154500,https://www.yahoo.com/news/articles/opinion-why-management-plan-grand-140000159.html
1292361891,20260304,202603,2026,2026.1753,ENV,ENVIRONMENTALIST,,,,,,ENV,,,USA,YOSEMITE,USA,,,,,,,,0,42,42,4,1,1.9,5,1,5,-2.10526315789473,3,"Bryce Canyon, Utah, United States",US,USUT,UT017,37.6283,-112.168,1439206,3,"Bryce Canyon, Utah, United States",US,USUT,,37.6283,-112.168,1439206,3,"Bryce Canyon, Utah, United States",US,USUT,,37.6283,-112.168,1439206,20260304154500,https://www.yahoo.com/news/articles/opinion-why-management-plan-grand-140000159.html
1292361892,20260304,202603,2026,2026.1753,ESP,SPAIN,ESP,,,,,,,,,,,,,,,,,,1,10,10,1,1,0.0,2,1,2,1.72413793103449,4,"Iberian Peninsula, Spain (general), Spain",SP,SP00,25815,40.0,-5.0,-385712,0,,,,,,,,4,"Iberian Peninsula, Spain (general), Spain",SP,SP00,25815,40.0,-5.0,-385712,20260304154500,https://www.birminghammail.co.uk/travel/foreign-office-travel-advice-spain-33530500
1292361893,20260304,202603,2026,2026.1753,ESP,SPAIN,ESP,,,,,,,,CAN,CANADA,CAN,,,,,,,,1,141,141,14,3,-6.5,10,1,10,-6.63176265270506,4,"Tehran, Tehran, Iran",IR,IR26,41130,35.75,51.5148,10074674,4,"Tehran, Tehran, Iran",IR,IR26,41130,35.75,51.5148,10074674,4,"Ottawa, Ontario, Canada",CA,CA08,12755,45.4167,-75.7,-570760,20260304154500,https://www.upi.com/Top_News/World-News/2026/03/04/Spain-Canada-set-out-Iran-war-stances/2511772628375/
1292361894,20260304,202603,2026,2026.1753,ESP,SPAIN,ESP,,,,,,,,ESPGOV,SPANISH,ESP,,,,,GOV,,,1,130,130,13,3,-4.4,3,1,3,-10.8108108108108,1,Israel,IS,IS,,31.5,34.75,IS,1,Russia,RS,RS,,60.0,100.0,RS,1,Russia,RS,RS,,60.0,100.0,RS,20260304154500,https://www.aol.co.uk/articles/defiant-spanish-pm-says-trump-151805076.html
1292361895,20260304,202603,2026,2026.1753,ETH,ETHIOPIA,ETH,,,,,,,,BUS,AIRLINE,,,,,,BUS,,,0,80,80,8,2,5.0,10,1,10,3.38461538461539,4,"Tigray, Tigray, Ethiopia",ET,ET53,149298,13.5,39.5,-620571,4,"Tigray, Tigray, Ethiopia",ET,ET53,149298,13.5,39.5,-620571,4,"Tigray, Tigray, Ethiopia",ET,ET53,149298,13.5,39.5,-620571,20260304154500,https://ftnnews.com/travel-news/tours/ethiopia-tourism-rebound-gains-momentum-as-aviation-growth-drives-arrivals/
1292361896,20260304,202603,2026,2026.1753,ETH,ETHIOPIA,ETH,,,,,,,,CVL,TOURIST,,,,,,CVL,,,1,42,42,4,1,1.9,10,1,10,3.38461538461539,4,"Simien Mountains, Amara, Ethiopia",ET,ET46,149280,13.35,38.3,-619791,4,"Simien Mountains, Amara, Ethiopia",ET,ET46,149280,13.35,38.3,-619791,4,"Simien Mountains, Amara, Ethiopia",ET,ET46,149280,13.35,38.3,-619791,20260304154500,https://ftnnews.com/travel-news/tours/ethiopia-tourism-rebound-gains-momentum-as-aviation-growth-drives-arrivals/
1292361897,20260304,202603,2026,2026.1753,EUR,EUROPEAN,EUR,,,,,,,,,,,,,,,,,,0,43,43,4,1,2.8,8,1,8,3.45744680851064,4,"Bucharest, Bucuresti, Romania",RO,RO10,25006,44.4333,26.1,-1153951,0,,,,,,,,4,"Bucharest, Bucuresti, Romania",RO,RO10,25006,44.4333,26.1,-1153951,20260304154500,https://www.stiripesurse.ro/bulgarias-national-day-celebrated-at-the-romanian-parliament-the-worlds-second-largest-administrative-building_3864627
1292361898,20260304,202603,2026,2026.1753,EUR,EUROPEAN,EUR,,,,,,,,,,,,,,,,,,0,43,43,4,1,2.8,2,1,2,3.45744680851064,4,"Grivitsa, Pleven, Bulgaria",BU,BU50,11964,43.4167,24.7,-834430,0,,,,,,,,4,"Grivitsa, Pleven, Bulgaria",BU,BU50,11964,43.4167,24.7,-834430,20260304154500,https://www.stiripesurse.ro/bulgarias-national-day-celebrated-at-the-romanian-parliament-the-worlds-second-largest-administrative-building_3864627
1292361899,20260304,202603,2026,2026.1753,EUR,EUROPEAN,EUR,,,,,,,,IRN,IRAN,IRN,,,,,,,,1,130,130,13,3,-4.4,7,1,7,-5.84878744650499,4,"Tehran, Tehran, Iran",IR,IR26,41130,35.75,51.5148,10074674,4,"Tehran, Tehran, Iran",IR,IR26,41130,35.75,51.5148,10074674,4,"Tehran, Tehran, Iran",IR,IR26,41130,35.75,51.5148,10074674,20260304154500,https://www.islamicinvitationturkey.com/tehran-criticizes-eu-over-nazi-mindsets-condemns-german-support-for-israeli-us-aggression/
1292361900,20260304,202603,2026,2026.1753,EUR,EUROPEAN,EUR,,,,,,,,IRNGOV,IRAN,IRN,,,,,GOV,,,1,40,40,4,1,1.0,5,1,5,-5.84878744650499,4,"Tehran, Tehran, Iran",IR,IR26,41130,35.75,51.5148,10074674,4,"Tehran, Tehran, Iran",IR,IR26,41130,35.75,51.5148,10074674,4,"Tehran, Tehran, Iran",IR,IR26,41130,35.75,51.5148,10074674,20260304154500,https://www.islamicinvitationturkey.com/tehran-criticizes-eu-over-nazi-mindsets-condemns-german-support-for-israeli-us-aggression/
1292361901,20260304,202603,2026,2026.1753,EUR,EUROPEAN,EUR,,,,,,,,IRNGOV,IRAN,IRN,,,,,GOV,,,1,40,40,4,1,1.0,2,1,2,-5.84878744650499,4,"Tehran, Tehran, Iran",IR,IR26,41130,35.75,51.5148,10074674,1,United States,US,US,,39.828175,-98.5795,US,4,"Tehran, Tehran, Iran",IR,IR26,41130,35.75,51.5148,10074674,20260304154500,https://www.islamicinvitationturkey.com/tehran-criticizes-eu-over-nazi-mindsets-condemns-german-support-for-israeli-us-aggression/
1292361902,20260304,202603,2026,2026.1753,EUR,EUROPEAN,EUR,,,,,,,,USA,AMERICAN,USA,,,,,,,,1,46,46,4,1,7.0,8,1,8,-1.06382978723405,3,"Washington, District of Columbia, United States",US,USDC,DC001,38.8951,-77.0364,531871,3,"Washington, District of Columbia, United States",US,USDC,DC001,38.8951,-77.0364,531871,4,"Moscow, Moskva, Russia",RS,RS48,25106,55.7522,37.6156,-2960561,20260304154500,https://tass.com/world/2096335
1292361903,20260304,202603,2026,2026.1753,EUR,EUROPEAN,EUR,,,,,,,,USA,UNITED STATES,USA,,,,,,,,1,46,46,4,1,7.0,2,1,2,-1.06382978723405,3,"Washington, District of Columbia, United States",US,USDC,DC001,38.8951,-77.0364,531871,3,"Washington, District of Columbia, United States",US,USDC,DC001,38.8951,-77.0364,531871,3,"Washington, District of Columbia, United States",US,USDC,DC001,38.8951,-77.0364,531871,20260304154500,https://tass.com/world/2096335
1292361904,20260304,202603,2026,2026.1753,FIN,FINLAND,FIN,,,,,,,,DEU,GERMANY,DEU,,,,,,,,1,42,42,4,1,1.9,5,1,5,0.0,4,"Lake Inari, Lapland, Finland",FI,FI26,16222,69.0,28.0,-1366574,4,"Geilenkirchen, Nordrhein-Westfalen, Germany",GM,GM07,16552,50.9667,6.11667,-1774857,4,"Geilenkirchen, Nordrhein-Westfalen, Germany",GM,GM07,16552,50.9667,6.11667,-1774857,20260304154500,https://www.thebarentsobserver.com/security/not-all-eyes-are-on-the-middle-eastnbsp/446158
1292361905,20260304,202603,2026,2026.1753,FIN,FINLAND,FIN,,,,,,,,GOV,PRESIDENT,,,,,,GOV,,,1,36,36,3,1,4.0,10,1,10,0.900900900900899,1,Finland,FI,FI,,64.0,26.0,FI,1,Finland,FI,FI,,64.0,26.0,FI,4,"New Delhi, Delhi, India",IN,IN07,17911,28.6,77.2,-2106102,20260304154500,https://news.webindia123.com/news/Articles/World/20260304/4423471.html
1292361906,20260304,202603,2026,2026.1753,FIN,FINLAND,FIN,,,,,,,,MIL,AIR FORCE,,,,,,MIL,,,1,43,43,4,1,2.8,2,1,2,0.0,4,"Lake Inari, Lapland, Finland",FI,FI26,16222,69.0,28.0,-1366574,1,Sweden,SW,SW,,62.0,15.0,SW,4,"Lake Inari, Lapland, Finland",FI,FI26,16222,69.0,28.0,-1366574,20260304154500,https://www.thebarentsobserver.com/security/not-all-eyes-are-on-the-middle-eastnbsp/446158
1292361907,20260304,202603,2026,2026.1753,FIN,FINLAND,FIN,,,,,,,,SWEMIL,SWEDEN,SWE,,,,,MIL,,,1,43,43,4,1,2.8,8,1,8,0.0,4,"Lake Inari, Lapland, Finland",FI,FI26,16222,69.0,28.0,-1366574,1,Sweden,SW,SW,,62.0,15.0,SW,4,"Lake Inari, Lapland, Finland",FI,FI26,16222,69.0,28.0,-1366574,20260304154500,https://www.thebarentsobserver.com/security/not-all-eyes-are-on-the-middle-eastnbsp/446158
1292361908,20260304,202603,2026,2026.1753,FRA,FRENCH,FRA,,,,,,,,FRAGOV,FRANCE,FRA,,,,,GOV,,,0,20,20,2,1,3.0,2,1,2,-2.95302013422819,1,France,FR,FR,,46.0,2.0,FR,1,France,FR,FR,,46.0,2.0,FR,1,France,FR,FR,,46.0,2.0,FR,20260304154500,https://www.upi.com/Voices/2026/03/04/iran-us-war-outcome/4711772633151/
1292361909,20260304,202603,2026,2026.1753,FRA,FRENCH,FRA,,,,,,,,FRAGOV,FRANCE,FRA,,,,,GOV,,,0,20,20,2,1,3.0,2,1,2,-2.95302013422819,1,United States,US,US,,39.828175,-98.5795,US,4,"Tehran, Tehran, Iran",IR,IR26,41130,35.75,51.5148,10074674,4,"Tehran, Tehran, Iran",IR,IR26,41130,35.75,51.5148,10074674,20260304154500,https://www.upi.com/Voices/2026/03/04/iran-us-war-outcome/4711772633151/
1292361910,20260304,202603,2026,2026.1753,FRAGOV,LYON,FRA,,,,,GOV,,,ISRGOV,ISRAELI,ISR,,,,,GOV,,,1,45,45,4,1,5.0,3,1,3,3.45744680851064,1,Israel,IS,IS,,31.5,34.75,IS,1,Israel,IS,IS,,31.5,34.75,IS,4,"Bucharest, Bucuresti, Romania",RO,RO10,25006,44.4333,26.1,-1153951,20260304154500,https://www.stiripesurse.ro/bulgarias-national-day-celebrated-at-the-romanian-parliament-the-worlds-second-largest-administrative-building_3864627
1292361911,20260304,202603,2026,2026.1753,GBR,UNITED KINGDOM,GBR,,,,,,,,,,,,,,,,,,0,10,10,1,1,0.0,4,1,4,-2.91878172588832,4,"Birstall, Kirklees, United Kingdom",UK,UKG8,40138,53.7333,-1.65,-2590000,0,,,,,,,,4,"Birstall, Kirklees, United Kingdom",UK,UKG8,40138,53.7333,-1.65,-2590000,20260304154500,https://www.leicestermercury.co.uk/news/local-news/leicestershire-family-stuck-kuwait-amid-10847276
1292361912,20260304,202603,2026,2026.1753,GBR,UNITED KINGDOM,GBR,,,,,,,,,,,,,,,,,,1,36,36,3,1,4.0,5,1,5,5.4307116104869,4,"Ankara, Ankara, Turkey",TU,TU68,27516,39.9272,32.8644,-735338,0,,,,,,,,4,"Ankara, Ankara, Turkey",TU,TU68,27516,39.9272,32.8644,-735338,20260304154500,https://www.pharmiweb.com/press-release/2026-03-04/reithera-to-attend-advanced-therapies-congress-2026-in-london-booth-295
1292361913,20260304,202603,2026,2026.1753,GBR,UNITED KINGDOM,GBR,,,,,,,,,,,,,,,,,,1,40,40,4,1,1.0,2,1,2,-0.5730659025788,4,"Frinton, Essex, United Kingdom",UK,UKE4,40108,51.8333,1.25,-2596568,0,,,,,,,,4,"Frinton, Essex, United Kingdom",UK,UKE4,40108,51.8333,1.25,-2596568,20260304154500,https://www.clactonandfrintongazette.co.uk/news/national/uk-today/25906553.helen-skelton-calls-out-doctor-bbcs-morning-live/
1292361914,20260304,202603,2026,2026.1753,GBR,UNITED KINGDOM,GBR,,,,,,,,,,,,,,,,,,1,43,43,4,1,2.8,8,1,8,2.56410256410256,4,"Leicester, Leicester, United Kingdom",UK,UKH4,40124,52.6333,-1.13333,-2600961,0,,,,,,,,4,"Leicester, Leicester, United Kingdom",UK,UKH4,40124,52.6333,-1.13333,-2600961,20260304154500,https://www.leicestermercury.co.uk/whats-on/music-nightlife/legendary-leicester-music-venue-hosted-10847319
1292361915,20260304,202603,2026,2026.1753,GBR,UNITED KINGDOM,GBR,,,,,,,,,,,,,,,,,,1,50,50,5,1,3.5,2,1,2,-3.43642611683849,3,"White House, District of Columbia, United States",US,USDC,,38.8951,-77.0364,531871,0,,,,,,,,3,"White House, District of Columbia, United States",US,USDC,,38.8951,-77.0364,531871,20260304154500,https://www.express.co.uk/news/politics/2178182/nigel-farage-uk-us-special-relationship-donald-trump
1292361916,20260304,202603,2026,2026.1753,GBR,UNITED KINGDOM,GBR,,,,,,,,,,,,,,,,,,1,60,60,6,2,6.0,2,1,2,1.7283950617284,4,"London, London, City of, United Kingdom",UK,UKH9,40110,51.5,-0.116667,-2601889,0,,,,,,,,4,"London, London, City of, United Kingdom",UK,UKH9,40110,51.5,-0.116667,-2601889,20260304154500,https://www.shortlist.com/music/green-man-2026-festival-line-up-announced-wolf-alice-sparks-four-tet-and-more
1292361917,20260304,202603,2026,2026.1753,GBR,UNITED KINGDOM,GBR,,,,,,,,,,,,,,,,,,1,874,87,8,2,10.0,2,1,2,1.69491525423729,4,"London, London, City of, United Kingdom",UK,UKH9,40110,51.5,-0.116667,-2601889,0,,,,,,,,4,"London, London, City of, United Kingdom",UK,UKH9,40110,51.5,-0.116667,-2601889,20260304154500,https://www.nme.com/news/music/courtney-love-teases-hole-reunion-tour-with-melissa-auf-der-maur-3932670
1292361918,20260304,202603,2026,2026.1753,GBR,UNITED KINGDOM,GBR,,,,,,,,,,,,,,,,,,1,874,87,8,2,10.0,2,1,2,1.69491525423729,4,"London, London, City of, United Kingdom",UK,UKH9,40110,51.5,-0.116667,-2601889,0,,,,,,,,2,"New York, United States",US,USNY,,42.1497,-74.9384,NY,20260304154500,https://www.nme.com/news/music/courtney-love-teases-hole-reunion-tour-with-melissa-auf-der-maur-3932670
1292361919,20260304,202603,2026,2026.1753,GBR,WALES,GBR,,,,,,,,,,,,,,,,,,0,110,110,11,3,-2.0,10,1,10,-4.44444444444445,1,Jersey,JE,JE,,49.216667,-2.116667,JE,0,,,,,,,,1,Jersey,JE,JE,,49.216667,-2.116667,JE,20260304154500,https://www.christian.org.uk/news/jersey-backs-easier-and-quicker-divorce/
1292361920,20260304,202603,2026,2026.1753,GBR,UNITED KINGDOM,GBR,,,,,,,,,,,,,,,,,,0,111,111,11,3,-2.0,2,1,2,0.50890585241731,3,"Washington, District of Columbia, United States",US,USDC,DC001,38.8951,-77.0364,531871,0,,,,,,,,4,"London, London, City of, United Kingdom",UK,UKH9,40110,51.5,-0.116667,-2601889,20260304154500,https://economictimes.indiatimes.com/news/international/world-news/uks-keir-starmer-vows-to-keep-a-cool-head-after-trump-castigation/articleshow/129033903.cms
1292361921,20260304,202603,2026,2026.1753,GBR,BRITAIN,GBR,,,,,,,,,,,,,,,,,,0,111,111,11,3,-2.0,3,1,3,0.50890585241731,3,"Washington, District of Columbia, United States",US,USDC,DC001,38.8951,-77.0364,531871,0,,,,,,,,3,"Washington, District of Columbia, United States",US,USDC,DC001,38.8951,-77.0364,531871,20260304154500,https://economictimes.indiatimes.com/news/international/world-news/uks-keir-starmer-vows-to-keep-a-cool-head-after-trump-castigation/articleshow/129033903.cms
1292361922,20260304,202603,2026,2026.1753,GBR,UNITED KINGDOM,GBR,,,,,,,,,,,,,,,,,,1,160,160,16,4,-4.0,2,1,2,0.43668122270742,4,"Frinton, Essex, United Kingdom",UK,UKE4,40108,51.8333,1.25,-2596568,0,,,,,,,,4,"Frinton, Essex, United Kingdom",UK,UKE4,40108,51.8333,1.25,-2596568,20260304154500,https://www.clactonandfrintongazette.co.uk/news/national/uk-today/25907024.wizz-air-suspends-flights-middle-east-march-15/
1292361923,20260304,202603,2026,2026.1753,GBR,UNITED KINGDOM,GBR,,,,,,,,,,,,,,,,,,1,1721,172,17,4,-5.0,2,1,2,-0.74074074074074,4,"London, London, City of, United Kingdom",UK,UKH9,40110,51.5,-0.116667,-2601889,0,,,,,,,,4,"London, London, City of, United Kingdom",UK,UKH9,40110,51.5,-0.116667,-2601889,20260304154500,https://www.mirror.co.uk/tv/tv-news/brit-awards-slapped-over-140-36816520
1292361924,20260304,202603,2026,2026.1753,GBR,LONDON,GBR,,,,,,,,,,,,,,,,,,1,173,173,17,4,-5.0,3,1,3,-15.4761904761905,3,"Madison County, Ohio, United States",US,USOH,OH097,39.8667,-83.4333,1074061,0,,,,,,,,3,"Madison County, Ohio, United States",US,USOH,,39.8667,-83.4333,1074061,20260304154500,https://abc6onyourside.com/news/local/madison-county-man-arrested-charged-with-murder-in-wifes-death-london-true-crime
1292361925,20260304,202603,2026,2026.1753,GBR,UNITED KINGDOM,GBR,,,,,,,,BUS,BUSINESS,,,,,,BUS,,,1,80,80,8,2,5.0,8,1,8,2.56410256410256,4,"Nottingham, Nottingham, United Kingdom",UK,UKJ8,40126,52.9667,-1.16667,-2604469,4,"Nottingham, Nottingham, United Kingdom",UK,UKJ8,40126,52.9667,-1.16667,-2604469,4,"Nottingham, Nottingham, United Kingdom",UK,UKJ8,40126,52.9667,-1.16667,-2604469,20260304154500,https://www.leicestermercury.co.uk/whats-on/music-nightlife/legendary-leicester-music-venue-hosted-10847319
1292361926,20260304,202603,2026,2026.1753,GBR,BRITISH,GBR,,,,,,,,CHN,CHINA,CHN,,,,,,,,1,40,40,4,1,1.0,6,1,6,2.53411306042885,4,"London, London, City of, United Kingdom",UK,UKH9,40110,51.5,-0.116667,-2601889,1,China,CH,CH,,35.0,105.0,CH,4,"London, London, City of, United Kingdom",UK,UKH9,40110,51.5,-0.116667,-2601889,20260304154500,https://timesca.com/tag/ca5uk/
1292361927,20260304,202603,2026,2026.1753,GBR,UNITED KINGDOM,GBR,,,,,,,,CHN,CHINA,CHN,,,,,,,,1,40,40,4,1,1.0,2,1,2,2.53411306042885,4,"London, London, City of, United Kingdom",UK,UKH9,40110,51.5,-0.116667,-2601889,1,Russia,RS,RS,,60.0,100.0,RS,4,"London, London, City of, United Kingdom",UK,UKH9,40110,51.5,-0.116667,-2601889,20260304154500,https://timesca.com/tag/ca5uk/
1292361928,20260304,202603,2026,2026.1753,GBR,UNITED KINGDOM,GBR,,,,,,,,CHN,CHINA,CHN,,,,,,,,1,90,90,9,2,-2.0,10,1,10,-4.17956656346749,4,"East Kilbride, South Lanarkshire, United Kingdom",UK,UKW5,40176,55.7667,-4.16667,-2595206,4,"East Kilbride, South Lanarkshire, United Kingdom",UK,UKW5,40176,55.7667,-4.16667,-2595206,4,"East Kilbride, South Lanarkshire, United Kingdom",UK,UKW5,40176,55.7667,-4.16667,-2595206,20260304154500,https://www.independent.ie/world-news/britain/husband-of-uk-labour-mp-joani-reid-arrested-on-suspicion-of-spying-for-china/a949585759.html
1292361929,20260304,202603,2026,2026.1753,GBR,UNITED KINGDOM,GBR,,,,,,,,CHN,CHINA,CHN,,,,,,,,0,90,90,9,2,-2.0,4,1,4,-4.17956656346749,4,"London, London, City of, United Kingdom",UK,UKH9,40110,51.5,-0.116667,-2601889,4,"Beijing, Beijing, China",CH,CH22,13001,39.9289,116.388,-1898541,4,"London, London, City of, United Kingdom",UK,UKH9,40110,51.5,-0.116667,-2601889,20260304154500,https://www.independent.ie/world-news/britain/husband-of-uk-labour-mp-joani-reid-arrested-on-suspicion-of-spying-for-china/a949585759.html
1292361930,20260304,202603,2026,2026.1753,GBR,UNITED KINGDOM,GBR,,,,,,,,CVL,IMMIGRANT,,,,,,CVL,,,1,180,180,18,4,-9.0,10,1,10,-5.36585365853659,1,United Kingdom,UK,UK,,54.0,-4.0,UK,1,United Kingdom,UK,UK,,54.0,-4.0,UK,1,United Kingdom,UK,UK,,54.0,-4.0,UK,20260304154500,https://www.africanews.com/2026/03/04/uk-will-no-longer-issue-study-visas-to-nationals-from-cameroon-sudan-myanmar-and-afghanist/
1292361931,20260304,202603,2026,2026.1753,GBR,UNITED KINGDOM,GBR,,,,,,,,GBRBUS,UNITED KINGDOM,GBR,,,,,BUS,,,0,40,40,4,1,1.0,2,1,2,1.42348754448398,4,"London, London, City of, United Kingdom",UK,UKH9,40110,51.5,-0.116667,-2601889,4,"London, London, City of, United Kingdom",UK,UKH9,40110,51.5,-0.116667,-2601889,4,"London, London, City of, United Kingdom",UK,UKH9,40110,51.5,-0.116667,-2601889,20260304154500,https://timesca.com/uk-and-kyrgyzstan-expand-financial-cooperation/
1292361932,20260304,202603,2026,2026.1753,GBR,UNITED KINGDOM,GBR,,,,,,,,GBRBUS,UNITED KINGDOM,GBR,,,,,BUS,,,0,40,40,4,1,1.0,2,1,2,1.42348754448398,4,"London, London, City of, United Kingdom",UK,UKH9,40110,51.5,-0.116667,-2601889,1,Kyrgyzstan,KG,KG,,41.0,75.0,KG,1,Kyrgyzstan,KG,KG,,41.0,75.0,KG,20260304154500,https://timesca.com/uk-and-kyrgyzstan-expand-financial-cooperation/
1292361933,20260304,202603,2026,2026.1753,GBR,BRITISH,GBR,,,,,,,,GBRCVL,UNITED KINGDOM,GBR,,,,,CVL,,,1,20,20,2,1,3.0,2,1,2,-0.25906735751296,1,United Kingdom,UK,UK,,54.0,-4.0,UK,1,United Kingdom,UK,UK,,54.0,-4.0,UK,4,"Salalah, Z¸ufar, Oman",MU,MU08,23600,17.015,54.0924,-788664,20260304154500,https://www.birminghammail.co.uk/travel/foreign-office-urges-british-nationals-33529869
1292361934,20260304,202603,2026,2026.1753,GBR,BRITISH,GBR,,,,,,,,GBRCVL,UNITED KINGDOM,GBR,,,,,CVL,,,1,60,60,6,2,6.0,4,1,4,0.0,1,United Kingdom,UK,UK,,54.0,-4.0,UK,1,United Kingdom,UK,UK,,54.0,-4.0,UK,1,United Kingdom,UK,UK,,54.0,-4.0,UK,20260304154500,https://article.wn.com/view/2026/03/04/British_Airways_announces_additional_repatriation_flights_fr/
1292361935,20260304,202603,2026,2026.1753,GBR,BRITISH,GBR,,,,,,,,GBRCVL,UNITED KINGDOM,GBR,,,,,CVL,,,0,190,190,19,4,-10.0,2,1,2,-2.91878172588832,5,"Leicestershire, Leicestershire, United Kingdom",UK,UKH5,40119,52.6649,-1.03489,-2600962,5,"Leicestershire, Leicestershire, United Kingdom",UK,UKH5,40119,52.6649,-1.03489,-2600962,5,"Leicestershire, Leicestershire, United Kingdom",UK,UKH5,40119,52.6649,-1.03489,-2600962,20260304154500,https://www.leicestermercury.co.uk/news/local-news/leicestershire-family-stuck-kuwait-amid-10847276
1292361936,20260304,202603,2026,2026.1753,GBR,BRITISH,GBR,,,,,,,,GBRCVL,UNITED KINGDOM,GBR,,,,,CVL,,,0,194,194,19,4,-10.0,2,1,2,-2.91878172588832,5,"Leicestershire, Leicestershire, United Kingdom",UK,UKH5,40119,52.6649,-1.03489,-2600962,5,"Leicestershire, Leicestershire, United Kingdom",UK,UKH5,40119,52.6649,-1.03489,-2600962,5,"Leicestershire, Leicestershire, United Kingdom",UK,UKH5,40119,52.6649,-1.03489,-2600962,20260304154500,https://www.leicestermercury.co.uk/news/local-news/leicestershire-family-stuck-kuwait-amid-10847276
1292361937,20260304,202603,2026,2026.1753,GBR,UNITED KINGDOM,GBR,,,,,,,,GBRGOV,BRITISH,GBR,,,,,GOV,,,0,10,10,1,1,0.0,2,1,2,0.42796005706135,1,United Kingdom,UK,UK,,54.0,-4.0,UK,1,United Kingdom,UK,UK,,54.0,-4.0,UK,1,United Kingdom,UK,UK,,54.0,-4.0,UK,20260304154500,https://quicknews-africa.net/no-more-begging-vulnerable-groups-to-compete-legally-for-contracts-fg/
1292361938,20260304,202603,2026,2026.1753,GBR,BRITISH,GBR,,,,,,,,GBRGOV,UNITED KINGDOM,GBR,,,,,GOV,,,0,51,51,5,1,3.4,4,1,4,0.66518847006652,1,United Kingdom,UK,UK,,54.0,-4.0,UK,1,United Kingdom,UK,UK,,54.0,-4.0,UK,1,United Kingdom,UK,UK,,54.0,-4.0,UK,20260304154500,https://www.manchestereveningnews.co.uk/news/world-news/virgin-atlantic-riyadh-dubai-flights-33530580
1292361939,20260304,202603,2026,2026.1753,GBR,UNITED KINGDOM,GBR,,,,,,,,GBRJUD,GLASGOW,GBR,,,,,JUD,,,1,1821,182,18,4,-9.0,4,1,4,-10.2362204724409,4,"Glasgow, Glasgow City, United Kingdom",UK,UKV2,40176,55.8333,-4.25,-2597039,4,"Glasgow, Glasgow City, United Kingdom",UK,UKV2,40176,55.8333,-4.25,-2597039,4,"Glasgow, Glasgow City, United Kingdom",UK,UKV2,40176,55.8333,-4.25,-2597039,20260304154500,https://theedinburghreporter.co.uk/2026/03/callous-predator-jailed-for-16-years-for-non-recent-sexual-and-violence-offences/
1292361940,20260304,202603,2026,2026.1753,GBR,UNITED KINGDOM,GBR,,,,,,,,GBRMED,UNITED KINGDOM,GBR,,,,,MED,,,1,160,160,16,4,-4.0,4,1,4,0.43668122270742,4,"Frinton, Essex, United Kingdom",UK,UKE4,40108,51.8333,1.25,-2596568,4,"Frinton, Essex, United Kingdom",UK,UKE4,40108,51.8333,1.25,-2596568,4,"Frinton, Essex, United Kingdom",UK,UKE4,40108,51.8333,1.25,-2596568,20260304154500,https://www.clactonandfrintongazette.co.uk/news/national/uk-today/25907024.wizz-air-suspends-flights-middle-east-march-15/
1292361941,20260304,202603,2026,2026.1753,GBR,UNITED KINGDOM,GBR,,,,,,,,HLH,DOCTOR,,,,,,HLH,,,1,20,20,2,1,3.0,8,1,8,-0.5730659025788,4,"Frinton, Essex, United Kingdom",UK,UKE4,40108,51.8333,1.25,-2596568,4,"Frinton, Essex, United Kingdom",UK,UKE4,40108,51.8333,1.25,-2596568,4,"Frinton, Essex, United Kingdom",UK,UKE4,40108,51.8333,1.25,-2596568,20260304154500,https://www.clactonandfrintongazette.co.uk/news/national/uk-today/25906553.helen-skelton-calls-out-doctor-bbcs-morning-live/
1292361943,20260304,202603,2026,2026.1753,GBR,BIRMINGHAM,GBR,,,,,,,,HLH,HOSPITAL,,,,,,HLH,,,1,42,42,4,1,1.9,30,1,10,-7.11297071129707,4,"West Midlands, United Kingdom (general), United Kingdom",UK,UK00,40136,52.5,-1.96667,-2611326,4,"West Midlands, United Kingdom (general), United Kingdom",UK,UK00,40136,52.5,-1.96667,-2611326,4,"West Midlands, United Kingdom (general), United Kingdom",UK,UK00,40136,52.5,-1.96667,-2611326,20260304154500,https://www.birminghammail.co.uk/news/midlands-news/teenager-badly-injured-serious-fall-33530488
1292361948,20260304,202603,2026,2026.1753,GBR,BRITISH,GBR,,,,,,,,IGOEUREEC,THE EUROPEAN UNION,EUR,EEC,,,,IGO,,,1,40,40,4,1,1.0,8,1,8,2.53411306042885,4,"London, London, City of, United Kingdom",UK,UKH9,40110,51.5,-0.116667,-2601889,1,Russia,RS,RS,,60.0,100.0,RS,4,"London, London, City of, United Kingdom",UK,UKH9,40110,51.5,-0.116667,-2601889,20260304154500,https://timesca.com/tag/ca5uk/
1292361949,20260304,202603,2026,2026.1753,GBR,UNITED KINGDOM,GBR,,,,,,,,IRN,IRAN,IRN,,,,,,,,0,13,13,1,1,0.4,1,1,1,-4.33705080545229,4,"London, London, City of, United Kingdom",UK,UKH9,40110,51.5,-0.116667,-2601889,1,Iran,IR,IR,,32.0,53.0,IR,4,"London, London, City of, United Kingdom",UK,UKH9,40110,51.5,-0.116667,-2601889,20260304154500,https://economictimes.indiatimes.com/news/defence/how-the-us-uk-special-relationship-may-be-impacted-after-starmer-drew-trumps-anger-over-iran/articleshow/129035054.cms
1292361950,20260304,202603,2026,2026.1753,GBR,UNITED KINGDOM,GBR,,,,,,,,IRN,IRAN,IRN,,,,,,,,0,13,13,1,1,0.4,1,1,1,-4.33705080545229,1,Iran,IR,IR,,32.0,53.0,IR,1,Iran,IR,IR,,32.0,53.0,IR,1,Iran,IR,IR,,32.0,53.0,IR,20260304154500,https://economictimes.indiatimes.com/news/defence/how-the-us-uk-special-relationship-may-be-impacted-after-starmer-drew-trumps-anger-over-iran/articleshow/129035054.cms
1292361951,20260304,202603,2026,2026.1753,GBR,BRITISH,GBR,,,,,,,,JPN,JAPAN,JPN,,,,,,,,1,40,40,4,1,1.0,8,1,8,2.53411306042885,4,"London, London, City of, United Kingdom",UK,UKH9,40110,51.5,-0.116667,-2601889,1,Japan,JA,JA,,36.0,138.0,JA,4,"London, London, City of, United Kingdom",UK,UKH9,40110,51.5,-0.116667,-2601889,20260304154500,https://timesca.com/tag/ca5uk/
1292361952,20260304,202603,2026,2026.1753,GBR,UNITED KINGDOM,GBR,,,,,,,,KAZ,KAZAKHSTAN,KAZ,,,,,,,,0,57,57,5,1,8.0,2,1,2,-0.3448275862069,4,"Almaty, Almaty Qalasy, Kazakhstan",KZ,KZ02,37206,43.25,76.95,-2334069,4,"Almaty, Almaty Qalasy, Kazakhstan",KZ,KZ02,37206,43.25,76.95,-2334069,4,"Almaty, Almaty Qalasy, Kazakhstan",KZ,KZ02,37206,43.25,76.95,-2334069,20260304154500,https://timesca.com/central-asia-and-britain-launch-ca5uk-ministerial-track/
1292361953,20260304,202603,2026,2026.1753,GBR,UNITED KINGDOM,GBR,,,,,,,,KAZ,KAZAKHSTAN,KAZ,,,,,,,,0,57,57,5,1,8.0,2,1,2,-0.3448275862069,4,"Almaty, Almaty Qalasy, Kazakhstan",KZ,KZ02,37206,43.25,76.95,-2334069,4,"Almaty, Almaty Qalasy, Kazakhstan",KZ,KZ02,37206,43.25,76.95,-2334069,4,"London, London, City of, United Kingdom",UK,UKH9,40110,51.5,-0.116667,-2601889,20260304154500,https://timesca.com/central-asia-and-britain-launch-ca5uk-ministerial-track/
1292361954,20260304,202603,2026,2026.1753,GBR,UNITED KINGDOM,GBR,,,,,,,,KAZ,KAZAKHSTAN,KAZ,,,,,,,,0,57,57,5,1,8.0,6,1,6,-0.3448275862069,4,"London, London, City of, United Kingdom",UK,UKH9,40110,51.5,-0.116667,-2601889,4,"Almaty, Almaty Qalasy, Kazakhstan",KZ,KZ02,37206,43.25,76.95,-2334069,4,"London, London, City of, United Kingdom",UK,UKH9,40110,51.5,-0.116667,-2601889,20260304154500,https://timesca.com/central-asia-and-britain-launch-ca5uk-ministerial-track/
1292361955,20260304,202603,2026,2026.1753,GBR,BRITISH,GBR,,,,,,,,KGZ,KYRGYZ,KGZ,,,,,,,,1,40,40,4,1,1.0,7,1,7,1.42348754448398,4,"London, London, City of, United Kingdom",UK,UKH9,40110,51.5,-0.116667,-2601889,1,Kyrgyzstan,KG,KG,,41.0,75.0,KG,4,"London, London, City of, United Kingdom",UK,UKH9,40110,51.5,-0.116667,-2601889,20260304154500,https://timesca.com/uk-and-kyrgyzstan-expand-financial-cooperation/
1292361956,20260304,202603,2026,2026.1753,GBR,BRITAIN,GBR,,,,,,,,MIL,AIRCRAFT CARRIER,,,,,,MIL,,,1,36,36,3,1,4.0,10,1,10,0.6993006993007,4,"Rosyth, Fife, United Kingdom",UK,UKV1,40176,56.0333,-3.43333,-2606540,4,"Rosyth, Fife, United Kingdom",UK,UKV1,40176,56.0333,-3.43333,-2606540,4,"Rosyth, Fife, United Kingdom",UK,UKV1,40176,56.0333,-3.43333,-2606540,20260304154500,https://www.tvguide.co.uk/schedule/405db3c6-6b56-5172-aa75-564edab28ecb/britains-biggest-warship
1292361957,20260304,202603,2026,2026.1753,GBR,UNITED KINGDOM,GBR,,,,,,,,MIL,MILITARY,,,,,,MIL,,,0,111,111,11,3,-2.0,3,1,3,0.50890585241731,4,"London, London, City of, United Kingdom",UK,UKH9,40110,51.5,-0.116667,-2601889,4,"London, London, City of, United Kingdom",UK,UKH9,40110,51.5,-0.116667,-2601889,4,"London, London, City of, United Kingdom",UK,UKH9,40110,51.5,-0.116667,-2601889,20260304154500,https://economictimes.indiatimes.com/news/international/world-news/uks-keir-starmer-vows-to-keep-a-cool-head-after-trump-castigation/articleshow/129033903.cms
1292361958,20260304,202603,2026,2026.1753,GBR,UNITED KINGDOM,GBR,,,,,,,,MIL,MILITARY,,,,,,MIL,,,0,111,111,11,3,-2.0,1,1,1,0.50890585241731,4,"London, London, City of, United Kingdom",UK,UKH9,40110,51.5,-0.116667,-2601889,4,"Shahed, Fars, Iran",IR,IR07,25307,28.5934,52.2295,-3083999,4,"Shahed, Fars, Iran",IR,IR07,25307,28.5934,52.2295,-3083999,20260304154500,https://economictimes.indiatimes.com/news/international/world-news/uks-keir-starmer-vows-to-keep-a-cool-head-after-trump-castigation/articleshow/129033903.cms
1292361959,20260304,202603,2026,2026.1753,GBR,UNITED KINGDOM,GBR,,,,,,,,NGA,NIGERIA,NGA,,,,,,,,1,173,173,17,4,-5.0,2,1,2,-5.2924791086351,4,"London, London, City of, United Kingdom",UK,UKH9,40110,51.5,-0.116667,-2601889,4,"Lagos, Lagos, Nigeria",NI,NI05,191416,6.45306,3.39583,-2017355,4,"London, London, City of, United Kingdom",UK,UKH9,40110,51.5,-0.116667,-2601889,20260304154500,https://pmnewsnigeria.com/2026/03/04/uk-wanted-drug-lord-uzoma-valentine-finally-arrested-in-lagos/
1292361960,20260304,202603,2026,2026.1753,GBR,UNITED KINGDOM,GBR,,,,,,,,OMN,MUSCAT,OMN,,,,,,,,1,43,43,4,1,2.8,10,1,10,-5.0,4,"Fujairah, Al Fujayrah, United Arab Emirates",AE,AE04,149629,25.1164,56.3414,-782158,4,"Fujairah, Al Fujayrah, United Arab Emirates",AE,AE04,149629,25.1164,56.3414,-782158,3,"Washington, District of Columbia, United States",US,USDC,DC001,38.8951,-77.0364,531871,20260304154500,https://oilprice.com/Latest-Energy-News/World-News/Iran-Claims-It-Has-Complete-Control-Over-Strait-of-Hormuz.html
1292361961,20260304,202603,2026,2026.1753,GBR,UNITED KINGDOM,GBR,,,,,,,,QATMED,AL JAZEERA,QAT,,,,,MED,,,0,13,13,1,1,0.4,1,1,1,-5.78905630452022,1,United Kingdom,UK,UK,,54.0,-4.0,UK,1,Iran,IR,IR,,32.0,53.0,IR,1,Iran,IR,IR,,32.0,53.0,IR,20260304154500,https://www.aljazeera.com/news/2026/3/4/why-are-the-us-and-israel-framing-the-ongoing-conflict-as-a-religious-war
1292361962,20260304,202603,2026,2026.1753,GBR,UNITED KINGDOM,GBR,,,,,,,,QATMED,AL JAZEERA,QAT,,,,,MED,,,0,13,13,1,1,0.4,1,1,1,-5.78905630452022,1,United Kingdom,UK,UK,,54.0,-4.0,UK,1,United Kingdom,UK,UK,,54.0,-4.0,UK,1,United Kingdom,UK,UK,,54.0,-4.0,UK,20260304154500,https://www.aljazeera.com/news/2026/3/4/why-are-the-us-and-israel-framing-the-ongoing-conflict-as-a-religious-war
1292361963,20260304,202603,2026,2026.1753,GBR,UNITED KINGDOM,GBR,,,,,,,,REF,ASYLUM SEEKER,,,,,,REF,,,1,170,170,17,4,-7.0,10,1,10,-5.36585365853659,1,United Kingdom,UK,UK,,54.0,-4.0,UK,1,United Kingdom,UK,UK,,54.0,-4.0,UK,1,United Kingdom,UK,UK,,54.0,-4.0,UK,20260304154500,https://www.africanews.com/2026/03/04/uk-will-no-longer-issue-study-visas-to-nationals-from-cameroon-sudan-myanmar-and-afghanist/
1292361964,20260304,202603,2026,2026.1753,GBR,BRITISH,GBR,,,,,,,,RUS,RUSSIA,RUS,,,,,,,,1,40,40,4,1,1.0,8,1,8,2.53411306042885,4,"London, London, City of, United Kingdom",UK,UKH9,40110,51.5,-0.116667,-2601889,1,Russia,RS,RS,,60.0,100.0,RS,4,"London, London, City of, United Kingdom",UK,UKH9,40110,51.5,-0.116667,-2601889,20260304154500,https://timesca.com/tag/ca5uk/
1292361965,20260304,202603,2026,2026.1753,GBR,UNITED KINGDOM,GBR,,,,,,,,USA,UNITED STATES,USA,,,,,,,,0,111,111,11,3,-2.0,3,1,3,-3.43642611683849,1,United Kingdom,UK,UK,,54.0,-4.0,UK,3,"White House, District of Columbia, United States",US,USDC,,38.8951,-77.0364,531871,3,"White House, District of Columbia, United States",US,USDC,,38.8951,-77.0364,531871,20260304154500,https://www.express.co.uk/news/politics/2178182/nigel-farage-uk-us-special-relationship-donald-trump
1292361966,20260304,202603,2026,2026.1753,GBR,UNITED KINGDOM,GBR,,,,,,,,USA,THE US,USA,,,,,,,,1,120,120,12,3,-4.0,2,1,2,-2.28509249183896,4,"Tehran, Tehran, Iran",IR,IR26,41130,35.75,51.5148,10074674,4,"Tehran, Tehran, Iran",IR,IR26,41130,35.75,51.5148,10074674,4,"Tehran, Tehran, Iran",IR,IR26,41130,35.75,51.5148,10074674,20260304154500,https://www.irishnews.com/news/uk/starmer-says-uk-us-relationship-does-not-mean-hanging-on-to-trumps-words-WWKSM5YMVBPPJHM4WCMYLWNWNM/
1292361967,20260304,202603,2026,2026.1753,GBR,LONDON,GBR,,,,,,,,USA,UNITED STATES,USA,,,,,,,,1,173,173,17,4,-5.0,3,1,3,-15.4761904761905,4,"London, London, City of, United Kingdom",UK,UKH9,40110,51.5,-0.116667,-2601889,2,"Ohio, United States",US,USOH,,40.3736,-82.7755,OH,4,"London, London, City of, United Kingdom",UK,UKH9,40110,51.5,-0.116667,-2601889,20260304154500,https://abc6onyourside.com/news/local/madison-county-man-arrested-charged-with-murder-in-wifes-death-london-true-crime
1292361968,20260304,202603,2026,2026.1753,GBR,LONDON,GBR,,,,,,,,USA,OHIO,USA,,,,,,,,1,173,173,17,4,-5.0,3,1,3,-15.4761904761905,3,"Madison County, Ohio, United States",US,USOH,OH097,39.8667,-83.4333,1074061,3,"Madison County, Ohio, United States",US,USOH,,39.8667,-83.4333,1074061,3,"Madison County, Ohio, United States",US,USOH,,39.8667,-83.4333,1074061,20260304154500,https://abc6onyourside.com/news/local/madison-county-man-arrested-charged-with-murder-in-wifes-death-london-true-crime
1292361969,20260304,202603,2026,2026.1753,GBR,UNITED KINGDOM,GBR,,,,,,,,USA,UNITED STATES,USA,,,,,,,,1,190,190,19,4,-10.0,1,1,1,-15.4761904761905,4,"London, London, City of, United Kingdom",UK,UKH9,40110,51.5,-0.116667,-2601889,4,"London, London, City of, United Kingdom",UK,UKH9,40110,51.5,-0.116667,-2601889,4,"London, London, City of, United Kingdom",UK,UKH9,40110,51.5,-0.116667,-2601889,20260304154500,https://abc6onyourside.com/news/local/madison-county-man-arrested-charged-with-murder-in-wifes-death-london-true-crime
1292361970,20260304,202603,2026,2026.1753,GBR,LONDON,GBR,,,,,,,,USA,OHIO,USA,,,,,,,,1,190,190,19,4,-10.0,2,1,2,-15.4761904761905,4,"London, London, City of, United Kingdom",UK,UKH9,40110,51.5,-0.116667,-2601889,2,"Ohio, United States",US,USOH,,40.3736,-82.7755,OH,4,"London, London, City of, United Kingdom",UK,UKH9,40110,51.5,-0.116667,-2601889,20260304154500,https://abc6onyourside.com/news/local/madison-county-man-arrested-charged-with-murder-in-wifes-death-london-true-crime
1292361971,20260304,202603,2026,2026.1753,GBR,LONDON,GBR,,,,,,,,USA,OHIO,USA,,,,,,,,1,190,190,19,4,-10.0,4,1,4,-15.4761904761905,4,"London, London, City of, United Kingdom",UK,UKH9,40110,51.5,-0.116667,-2601889,2,"Ohio, United States",US,USOH,,40.3736,-82.7755,OH,3,"Madison County, Ohio, United States",US,USOH,,39.8667,-83.4333,1074061,20260304154500,https://abc6onyourside.com/news/local/madison-county-man-arrested-charged-with-murder-in-wifes-death-london-true-crime
1292361972,20260304,202603,2026,2026.1753,GBRBUS,UNITED KINGDOM,GBR,,,,,BUS,,,GBR,UNITED KINGDOM,GBR,,,,,,,,0,40,40,4,1,1.0,2,1,2,1.42348754448398,4,"London, London, City of, United Kingdom",UK,UKH9,40110,51.5,-0.116667,-2601889,4,"London, London, City of, United Kingdom",UK,UKH9,40110,51.5,-0.116667,-2601889,4,"London, London, City of, United Kingdom",UK,UKH9,40110,51.5,-0.116667,-2601889,20260304154500,https://timesca.com/uk-and-kyrgyzstan-expand-financial-cooperation/
1292361973,20260304,202603,2026,2026.1753,GBRBUS,UNITED KINGDOM,GBR,,,,,BUS,,,GBR,UNITED KINGDOM,GBR,,,,,,,,0,40,40,4,1,1.0,2,1,2,1.42348754448398,1,Kyrgyzstan,KG,KG,,41.0,75.0,KG,4,"London, London, City of, United Kingdom",UK,UKH9,40110,51.5,-0.116667,-2601889,1,Kyrgyzstan,KG,KG,,41.0,75.0,KG,20260304154500,https://timesca.com/uk-and-kyrgyzstan-expand-financial-cooperation/
1292361974,20260304,202603,2026,2026.1753,GBRBUS,UNITED KINGDOM,GBR,,,,,BUS,,,GOV,MINIST DELEGATION,,,,,,GOV,,,0,40,40,4,1,1.0,10,1,10,-0.3448275862069,4,"London, London, City of, United Kingdom",UK,UKH9,40110,51.5,-0.116667,-2601889,4,"London, London, City of, United Kingdom",UK,UKH9,40110,51.5,-0.116667,-2601889,4,"London, London, City of, United Kingdom",UK,UKH9,40110,51.5,-0.116667,-2601889,20260304154500,https://timesca.com/central-asia-and-britain-launch-ca5uk-ministerial-track/
1292361975,20260304,202603,2026,2026.1753,GBRBUS,BRITISH,GBR,,,,,BUS,,,KGZ,KYRGYZ,KGZ,,,,,,,,0,40,40,4,1,1.0,4,1,4,1.42348754448398,4,"London, London, City of, United Kingdom",UK,UKH9,40110,51.5,-0.116667,-2601889,1,Kyrgyzstan,KG,KG,,41.0,75.0,KG,4,"London, London, City of, United Kingdom",UK,UKH9,40110,51.5,-0.116667,-2601889,20260304154500,https://timesca.com/uk-and-kyrgyzstan-expand-financial-cooperation/
1292361976,20260304,202603,2026,2026.1753,GBRBUS,UNITED KINGDOM,GBR,,,,,BUS,,,KGZ,KYRGYZSTAN,KGZ,,,,,,,,0,40,40,4,1,1.0,2,1,2,1.42348754448398,1,Kyrgyzstan,KG,KG,,41.0,75.0,KG,1,Kyrgyzstan,KG,KG,,41.0,75.0,KG,4,"London, London, City of, United Kingdom",UK,UKH9,40110,51.5,-0.116667,-2601889,20260304154500,https://timesca.com/uk-and-kyrgyzstan-expand-financial-cooperation/
1292361977,20260304,202603,2026,2026.1753,GBRCOP,SCOTLAND,GBR,,,,,COP,,,COP,NATIONAL POLICE CHIEF,,,,,,COP,,,1,172,172,17,4,-5.0,10,1,10,-3.35051546391753,4,"Edinburgh, Edinburgh, City of, United Kingdom",UK,UKU8,40173,55.95,-3.2,-2595386,4,"Edinburgh, Edinburgh, City of, United Kingdom",UK,UKU8,40173,55.95,-3.2,-2595386,4,"Edinburgh, Edinburgh, City of, United Kingdom",UK,UKU8,40173,55.95,-3.2,-2595386,20260304154500,https://theedinburghreporter.co.uk/2026/03/drugs-and-cash-seized-during-multi-agency-operation-to-tackle-organised-immigration-crime/
1292361978,20260304,202603,2026,2026.1753,GBRCVL,BRITISH,GBR,,,,,CVL,,,,,,,,,,,,,1,60,60,6,2,6.0,6,1,6,0.0,1,United Kingdom,UK,UK,,54.0,-4.0,UK,0,,,,,,,,1,United Kingdom,UK,UK,,54.0,-4.0,UK,20260304154500,https://article.wn.com/view/2026/03/04/British_Airways_announces_additional_repatriation_flights_fr/
1292361979,20260304,202603,2026,2026.1753,GBRCVL,BRITISH,GBR,,,,,CVL,,,GBR,BRITISH,GBR,,,,,,,,0,51,51,5,1,3.4,6,1,6,0.66518847006652,1,United Kingdom,UK,UK,,54.0,-4.0,UK,1,United Kingdom,UK,UK,,54.0,-4.0,UK,4,"Dubai, Dubayy, United Arab Emirates",AE,AE03,28575,25.2522,55.28,-782831,20260304154500,https://www.manchestereveningnews.co.uk/news/world-news/virgin-atlantic-riyadh-dubai-flights-33530580
1292361980,20260304,202603,2026,2026.1753,GBRCVL,UNITED KINGDOM,GBR,,,,,CVL,,,KWT,KUWAIT,KWT,,,,,,,,1,20,20,2,1,3.0,2,1,2,-2.91878172588832,5,"Leicestershire, Leicestershire, United Kingdom",UK,UKH5,40119,52.6649,-1.03489,-2600962,4,"Ali Al Salem Air Base, Kuwait (general), Kuwait",KU,KU00,123556,29.35,47.5211,186617,4,"Ali Al Salem Air Base, Kuwait (general), Kuwait",KU,KU00,123556,29.35,47.5211,186617,20260304154500,https://www.leicestermercury.co.uk/news/local-news/leicestershire-family-stuck-kuwait-amid-10847276
1292361981,20260304,202603,2026,2026.1753,GBRCVL,UNITED KINGDOM,GBR,,,,,CVL,,,KWT,KUWAIT,KWT,,,,,,,,1,42,42,4,1,1.9,2,1,2,-2.91878172588832,5,"Leicestershire, Leicestershire, United Kingdom",UK,UKH5,40119,52.6649,-1.03489,-2600962,4,"Ali Al Salem Air Base, Kuwait (general), Kuwait",KU,KU00,123556,29.35,47.5211,186617,4,"Ali Al Salem Air Base, Kuwait (general), Kuwait",KU,KU00,123556,29.35,47.5211,186617,20260304154500,https://www.leicestermercury.co.uk/news/local-news/leicestershire-family-stuck-kuwait-amid-10847276
1292361982,20260304,202603,2026,2026.1753,GBRGOV,BRITISH,GBR,,,,,GOV,,,,,,,,,,,,,1,19,19,1,1,3.4,3,1,3,2.53411306042885,4,"London, London, City of, United Kingdom",UK,UKH9,40110,51.5,-0.116667,-2601889,0,,,,,,,,4,"London, London, City of, United Kingdom",UK,UKH9,40110,51.5,-0.116667,-2601889,20260304154500,https://timesca.com/tag/ca5uk/
1292361983,20260304,202603,2026,2026.1753,GBRGOV,UNITED KINGDOM,GBR,,,,,GOV,,,UZB,UZBEKISTAN,UZB,,,,,,,,1,40,40,4,1,1.0,10,1,10,-0.3448275862069,4,"London, London, City of, United Kingdom",UK,UKH9,40110,51.5,-0.116667,-2601889,4,"Tashkent, Toshkent Shahri, Uzbekistan",UZ,UZ13,37316,41.3167,69.25,-2579372,4,"Tashkent, Toshkent Shahri, Uzbekistan",UZ,UZ13,37316,41.3167,69.25,-2579372,20260304154500,https://timesca.com/central-asia-and-britain-launch-ca5uk-ministerial-track/
1292361984,20260304,202603,2026,2026.1753,GBRJUD,GLASGOW,GBR,,,,,JUD,,,,,,,,,,,,,1,1821,182,18,4,-9.0,3,1,3,-10.2362204724409,4,"Glasgow, Glasgow City, United Kingdom",UK,UKV2,40176,55.8333,-4.25,-2597039,0,,,,,,,,4,"Glasgow, Glasgow City, United Kingdom",UK,UKV2,40176,55.8333,-4.25,-2597039,20260304154500,https://theedinburghreporter.co.uk/2026/03/callous-predator-jailed-for-16-years-for-non-recent-sexual-and-violence-offences/
1292361985,20260304,202603,2026,2026.1753,GBRJUD,GLASGOW,GBR,,,,,JUD,,,GBR,UNITED KINGDOM,GBR,,,,,,,,1,173,173,17,4,-5.0,4,1,4,-10.2362204724409,4,"Glasgow, Glasgow City, United Kingdom",UK,UKV2,40176,55.8333,-4.25,-2597039,4,"Glasgow, Glasgow City, United Kingdom",UK,UKV2,40176,55.8333,-4.25,-2597039,4,"Glasgow, Glasgow City, United Kingdom",UK,UKV2,40176,55.8333,-4.25,-2597039,20260304154500,https://theedinburghreporter.co.uk/2026/03/callous-predator-jailed-for-16-years-for-non-recent-sexual-and-violence-offences/
1292361986,20260304,202603,2026,2026.1753,GBRMED,UNITED KINGDOM,GBR,,,,,MED,,,,,,,,,,,,,1,160,160,16,4,-4.0,2,1,2,0.43668122270742,4,"Frinton, Essex, United Kingdom",UK,UKE4,40108,51.8333,1.25,-2596568,0,,,,,,,,4,"Frinton, Essex, United Kingdom",UK,UKE4,40108,51.8333,1.25,-2596568,20260304154500,https://www.clactonandfrintongazette.co.uk/news/national/uk-today/25907024.wizz-air-suspends-flights-middle-east-march-15/
1292361987,20260304,202603,2026,2026.1753,GBRMED,UNITED KINGDOM,GBR,,,,,MED,,,HLH,DOCTOR,,,,,,HLH,,,1,20,20,2,1,3.0,2,1,2,-0.5730659025788,4,"Clacton, Essex, United Kingdom",UK,UKE4,40108,51.7833,1.16667,-2592633,4,"Clacton, Essex, United Kingdom",UK,UKE4,40108,51.7833,1.16667,-2592633,4,"Clacton, Essex, United Kingdom",UK,UKE4,40108,51.7833,1.16667,-2592633,20260304154500,https://www.clactonandfrintongazette.co.uk/news/national/uk-today/25906553.helen-skelton-calls-out-doctor-bbcs-morning-live/
1292361988,20260304,202603,2026,2026.1753,GBRMED,UNITED KINGDOM,GBR,,,,,MED,,,HLH,DOCTOR,,,,,,HLH,,,1,20,20,2,1,3.0,2,1,2,-0.5730659025788,4,"Frinton, Essex, United Kingdom",UK,UKE4,40108,51.8333,1.25,-2596568,4,"Clacton, Essex, United Kingdom",UK,UKE4,40108,51.7833,1.16667,-2592633,4,"Clacton, Essex, United Kingdom",UK,UKE4,40108,51.7833,1.16667,-2592633,20260304154500,https://www.clactonandfrintongazette.co.uk/news/national/uk-today/25906553.helen-skelton-calls-out-doctor-bbcs-morning-live/
1292361989,20260304,202603,2026,2026.1753,GHA,GHANA,GHA,,,,,,,,,,,,,,,,,,0,54,54,5,1,6.0,4,1,4,7.92452830188679,4,"Accra, Greater Accra, Ghana",GH,GH01,190655,5.55,-0.216667,-2067935,0,,,,,,,,4,"Accra, Greater Accra, Ghana",GH,GH01,190655,5.55,-0.216667,-2067935,20260304154500,https://zizonline.com/prime-minister-arrives-in-ghana-for-state-visit/
1292361990,20260304,202603,2026,2026.1753,GHA,GHANA,GHA,,,,,,,,EDU,SCHOOL,,,,,,EDU,,,1,90,90,9,2,-2.0,6,1,6,3.07328605200946,4,"Kenyasi, Ghana (general), Ghana",GH,GH00,190709,6.98191,-2.38738,-2074402,4,"Kenyasi, Ghana (general), Ghana",GH,GH00,190709,6.98191,-2.38738,-2074402,4,"Kenyasi, Ghana (general), Ghana",GH,GH00,190709,6.98191,-2.38738,-2074402,20260304154500,https://www.myjoyonline.com/local-government-minister-inspects-seco-kfw-funded-projects-in-ahafo-region/
1292361991,20260304,202603,2026,2026.1753,GHA,ACCRA,GHA,,,,,,,,HLH,HOSPITAL,,,,,,HLH,,,1,81,81,8,2,5.0,6,1,6,-7.03517587939699,4,"Accra, Greater Accra, Ghana",GH,GH01,190655,5.55,-0.216667,-2067935,4,"Accra, Greater Accra, Ghana",GH,GH01,190655,5.55,-0.216667,-2067935,4,"Accra, Greater Accra, Ghana",GH,GH01,190655,5.55,-0.216667,-2067935,20260304154500,https://www.myjoyonline.com/mamprobi-polyclinic-baby-theft-suspect-granted-%E2%82%B5200k-bail/
1292361992,20260304,202603,2026,2026.1753,GHA,GHANA,GHA,,,,,,,,KNA,SAINT KITTS AND NEVIS,KNA,,,,,,,,1,40,40,4,1,1.0,5,1,5,7.92452830188679,4,"Accra, Greater Accra, Ghana",GH,GH01,190655,5.55,-0.216667,-2067935,4,"Accra, Greater Accra, Ghana",GH,GH01,190655,5.55,-0.216667,-2067935,4,"Accra, Greater Accra, Ghana",GH,GH01,190655,5.55,-0.216667,-2067935,20260304154500,https://zizonline.com/prime-minister-arrives-in-ghana-for-state-visit/
1292361993,20260304,202603,2026,2026.1753,GHA,GHANA,GHA,,,,,,,,KNAGOV,SAINT KITTS AND NEVIS,KNA,,,,,GOV,,,1,43,43,4,1,2.8,8,1,8,7.92452830188679,4,"Accra, Greater Accra, Ghana",GH,GH01,190655,5.55,-0.216667,-2067935,4,"Accra, Greater Accra, Ghana",GH,GH01,190655,5.55,-0.216667,-2067935,4,"Accra, Greater Accra, Ghana",GH,GH01,190655,5.55,-0.216667,-2067935,20260304154500,https://zizonline.com/prime-minister-arrives-in-ghana-for-state-visit/
1292361994,20260304,202603,2026,2026.1753,GHA,GHANA,GHA,,,,,,,,LEG,REPRESENTATIVES,,,,,,LEG,,,1,43,43,4,1,2.8,4,1,4,3.07328605200946,4,"Kensere, Ghana (general), Ghana",GH,GH00,190580,6.37327,-1.57162,-2074394,4,"Kensere, Ghana (general), Ghana",GH,GH00,190580,6.37327,-1.57162,-2074394,4,"Kensere, Ghana (general), Ghana",GH,GH00,190580,6.37327,-1.57162,-2074394,20260304154500,https://www.myjoyonline.com/local-government-minister-inspects-seco-kfw-funded-projects-in-ahafo-region/
1292361995,20260304,202603,2026,2026.1753,GHAGOV,GHANA,GHA,,,,,GOV,,,,,,,,,,,,,0,51,51,5,1,3.4,10,1,10,3.07328605200946,4,"Kenyasi, Ghana (general), Ghana",GH,GH00,190709,6.98191,-2.38738,-2074402,0,,,,,,,,4,"Kenyasi, Ghana (general), Ghana",GH,GH00,190709,6.98191,-2.38738,-2074402,20260304154500,https://www.myjoyonline.com/local-government-minister-inspects-seco-kfw-funded-projects-in-ahafo-region/
1292361996,20260304,202603,2026,2026.1753,GOV,AUTHORITIES,,,,,,GOV,,,,,,,,,,,,,0,10,10,1,1,0.0,5,1,5,-0.30272452068617,1,Kazakhstan,KZ,KZ,,48.0,68.0,KZ,0,,,,,,,,1,Kazakhstan,KZ,KZ,,48.0,68.0,KZ,20260304154500,https://timesca.com/navigation-seals-in-the-eaeu-digital-modernization-or-a-new-barrier-for-kazakhstani-businesses/
1292361997,20260304,202603,2026,2026.1753,GOV,GOVERNMENT,,,,,,GOV,,,,,,,,,,,,,0,11,11,1,1,-0.1,6,1,6,-1.16896918172158,4,"Sargasso Sea, Oceans (general), Oceans",OS,OS00,,30.0,-60.0,-1506425,0,,,,,,,,4,"Sargasso Sea, Oceans (general), Oceans",OS,OS00,,30.0,-60.0,-1506425,20260304154500,https://www.independent.co.uk/climate-change/uk-aid-cuts-climate-nature-labour-b2931772.html
1292361998,20260304,202603,2026,2026.1753,GOV,GOVERNMENT,,,,,,GOV,,,,,,,,,,,,,0,11,11,1,1,-0.1,2,1,2,-1.16896918172158,1,United States,US,US,,39.828175,-98.5795,US,0,,,,,,,,4,"Sargasso Sea, Oceans (general), Oceans",OS,OS00,,30.0,-60.0,-1506425,20260304154500,https://www.independent.co.uk/climate-change/uk-aid-cuts-climate-nature-labour-b2931772.html
1292361999,20260304,202603,2026,2026.1753,GOV,GOVERNMENT,,,,,,GOV,,,,,,,,,,,,,0,11,11,1,1,-0.1,2,1,2,-1.16896918172158,1,United States,US,US,,39.828175,-98.5795,US,0,,,,,,,,1,United States,US,US,,39.828175,-98.5795,US,20260304154500,https://www.independent.co.uk/climate-change/uk-aid-cuts-climate-nature-labour-b2931772.html
1292362000,20260304,202603,2026,2026.1753,GOV,REGIME,,,,,,GOV,,,,,,,,,,,,,1,12,12,1,1,-0.4,2,1,2,-4.96644295302014,1,Sweden,SW,SW,,62.0,15.0,SW,0,,,,,,,,1,United States,US,US,,39.828175,-98.5795,US,20260304154500,https://www.thelocal.se/20260304/politics-in-sweden-sweden-needs-to-get-off-the-fence-on-iran-but-how
1292362001,20260304,202603,2026,2026.1753,GOV,INTERIOR MINIST,,,,,,GOV,,,,,,,,,,,,,1,14,14,1,1,0.0,10,1,10,-1.43540669856459,4,"Accra, Greater Accra, Ghana",GH,GH01,190655,5.55,-0.216667,-2067935,0,,,,,,,,4,"Accra, Greater Accra, Ghana",GH,GH01,190655,5.55,-0.216667,-2067935,20260304154500,https://www.myjoyonline.com/interior-ministry-launches-youth-dialogue-initiative-in-conflict-prone-communities/
1292362002,20260304,202603,2026,2026.1753,GOV,DEPUTY PRIME MINISTER,,,,,,GOV,,,,,,,,,,,,,0,20,20,2,1,3.0,10,1,10,4.51807228915663,4,"Kandal, KâóSpoe, Cambodia",CB,CB04,12362,11.7152,103.816,-1026826,0,,,,,,,,4,"Kandal, KâóSpoe, Cambodia",CB,CB04,12362,11.7152,103.816,-1026826,20260304154500,https://www.akp.gov.kh/post/detail/363994
1292362003,20260304,202603,2026,2026.1753,GOV,FOREIGN MINIST,,,,,,GOV,,,,,,,,,,,,,0,30,30,3,1,4.0,10,1,10,1.02040816326531,1,Bangladesh,BG,BG,,24.0,90.0,BG,0,,,,,,,,1,Bangladesh,BG,BG,,24.0,90.0,BG,20260304154500,https://www.tbsnews.net/bangladesh/us-trade-deal-discussed-bnp-jamaat-signing-fm-1377386
1292362004,20260304,202603,2026,2026.1753,GOV,GOVERNMENT,,,,,,GOV,,,,,,,,,,,,,0,30,30,3,1,4.0,10,1,10,-1.16896918172158,1,United Kingdom,UK,UK,,54.0,-4.0,UK,0,,,,,,,,1,United Kingdom,UK,UK,,54.0,-4.0,UK,20260304154500,https://www.independent.co.uk/climate-change/uk-aid-cuts-climate-nature-labour-b2931772.html
1292362005,20260304,202603,2026,2026.1753,GOV,PRIME MINISTER,,,,,,GOV,,,,,,,,,,,,,1,40,40,4,1,1.0,10,1,10,0.76335877862595,4,"Vaimauga, Samoa (general), Samoa",WS,WS00,25301,-13.8333,-171.717,-1307659,0,,,,,,,,4,"Vaimauga, Samoa (general), Samoa",WS,WS00,25301,-13.8333,-171.717,-1307659,20260304154500,https://www.samoaobserver.ws/category/samoa/118763
1292362006,20260304,202603,2026,2026.1753,GOV,MINIST,,,,,,GOV,,,,,,,,,,,,,1,70,70,7,2,7.0,10,1,10,1.94805194805195,4,"Phnom Penh, (CB11), Cambodia",CB,CB11,12390,11.55,104.917,-1033783,0,,,,,,,,4,"Phnom Penh, (CB11), Cambodia",CB,CB11,12390,11.55,104.917,-1033783,20260304154500,https://www.akp.gov.kh/post/detail/363993
1292362007,20260304,202603,2026,2026.1753,GOV,AUTHORITIES,,,,,,GOV,,,,,,,,,,,,,1,70,70,7,2,7.0,7,1,7,-5.71428571428572,4,"Jakarta, Jakarta Raya, Indonesia",ID,ID04,18585,-6.17444,106.829,-2679652,0,,,,,,,,4,"Jakarta, Jakarta Raya, Indonesia",ID,ID04,18585,-6.17444,106.829,-2679652,20260304154500,https://www.dealstreetasia.com/stories/ojk-mirae-asset-sekuritas-474737
1292362008,20260304,202603,2026,2026.1753,GOV,GOVERNMENT,,,,,,GOV,,,,,,,,,,,,,1,71,71,7,2,7.4,10,1,10,4.53257790368272,4,"Calgary, Alberta, Canada",CA,CA01,12549,51.0833,-114.083,-561990,0,,,,,,,,4,"Calgary, Alberta, Canada",CA,CA01,12549,51.0833,-114.083,-561990,20260304154500,https://discoverairdrie.com/articles/ottawa-conditionally-approves-up-to-365m-for-lithium-project-east-of-olds
1292362009,20260304,202603,2026,2026.1753,GOV,FOREIGN MINIST,,,,,,GOV,,,,,,,,,,,,,1,73,73,7,2,7.4,42,1,42,-4.92350222760089,1,United States,US,US,,39.828175,-98.5795,US,0,,,,,,,,1,Iran,IR,IR,,32.0,53.0,IR,20260304154500,https://newsradio1290wtks.iheart.com/content/2026-03-04-us-submarine-sinks-iranian-warship-in-the-indian-ocean/
1292362010,20260304,202603,2026,2026.1753,GOV,INTERIOR MINIST,,,,,,GOV,,,,,,,,,,,,,1,84,84,8,2,7.0,10,1,10,2.7027027027027,1,Ghana,GH,GH,,8.0,-2.0,GH,0,,,,,,,,1,Ghana,GH,GH,,8.0,-2.0,GH,20260304154500,https://www.myjoyonline.com/interior-ministry-announces-release-of-aptitude-test-results-for-2025-26-security-recruitment/
1292362011,20260304,202603,2026,2026.1753,GOV,PRESIDENT,,,,,,GOV,,,,,,,,,,,,,1,100,100,10,3,-5.0,3,1,3,-1.89959294436907,2,"Florida, United States",US,USFL,,27.8333,-81.717,FL,0,,,,,,,,2,"Florida, United States",US,USFL,,27.8333,-81.717,FL,20260304154500,https://www.usforacle.com/2026/03/04/usf-florida-pause-h1b-hiring-until-2027/
1292362012,20260304,202603,2026,2026.1753,GOV,AUTHORITIES,,,,,,GOV,,,,,,,,,,,,,0,112,112,11,3,-2.0,10,1,10,-5.71428571428572,4,"Jakarta, Jakarta Raya, Indonesia",ID,ID04,18585,-6.17444,106.829,-2679652,0,,,,,,,,4,"Jakarta, Jakarta Raya, Indonesia",ID,ID04,18585,-6.17444,106.829,-2679652,20260304154500,https://www.dealstreetasia.com/stories/ojk-mirae-asset-sekuritas-474737
1292362013,20260304,202603,2026,2026.1753,GOV,REGIME,,,,,,GOV,,,,,,,,,,,,,1,114,114,11,3,-2.0,10,1,10,-6.85483870967742,4,"Uckermark, Brandenburg, Germany",GM,GM11,16544,53.1167,13.5,-1876528,0,,,,,,,,4,"Uckermark, Brandenburg, Germany",GM,GM11,16544,53.1167,13.5,-1876528,20260304154500,https://themunicheye.com/afd-poster-nazi-symbolism-investigation-brandenburg-32824
1292362014,20260304,202603,2026,2026.1753,GOV,ADMINISTRATION,,,,,,GOV,,,,,,,,,,,,,1,120,120,12,3,-4.0,10,1,10,-5.0,2,"Minnesota, United States",US,USMN,,45.7326,-93.9196,MN,0,,,,,,,,2,"Minnesota, United States",US,USMN,,45.7326,-93.9196,MN,20260304154500,https://quickcountry.com/ixp/1172/p/minnesota-lawsuit-medicaid-funding-pause/
1292362015,20260304,202603,2026,2026.1753,GOV,ADMINISTRATION,,,,,,GOV,,,,,,,,,,,,,1,124,124,12,3,-4.0,10,1,10,-5.0,2,"Minnesota, United States",US,USMN,,45.7326,-93.9196,MN,0,,,,,,,,2,"Minnesota, United States",US,USMN,,45.7326,-93.9196,MN,20260304154500,https://quickcountry.com/ixp/1172/p/minnesota-lawsuit-medicaid-funding-pause/
1292362016,20260304,202603,2026,2026.1753,GOV,DIPLOMAT,,,,,,GOV,,,,,,,,,,,,,1,160,160,16,4,-4.0,10,1,10,-4.28571428571429,4,"Tehran, Tehran, Iran",IR,IR26,41130,35.75,51.5148,10074674,0,,,,,,,,4,"Tehran, Tehran, Iran",IR,IR26,41130,35.75,51.5148,10074674,20260304154500,https://www.islamicinvitationturkey.com/araghchi-accuses-trump-of-diplomacy-breach-and-u-s-betrayal-with-iran-assault/
1292362017,20260304,202603,2026,2026.1753,GOV,PRINCE,,,,,,GOV,,,,,,,,,,,,,1,173,173,17,4,-5.0,4,1,4,-9.52380952380952,4,"Fontenoy, Saint George, Grenada",GJ,GJ03,16732,12.0667,-61.75,-1201862,0,,,,,,,,4,"Fontenoy, Saint George, Grenada",GJ,GJ03,16732,12.0667,-61.75,-1201862,20260304154500,https://gbn.gd/man-charged-with-non-capital-murder-and-other-offenses/
1292362018,20260304,202603,2026,2026.1753,GOV,MAYOR,,,,,,GOV,,,,,,,,,,,,,1,190,190,19,4,-10.0,8,1,8,-1.01975780752072,3,"Evanston, Illinois, United States",US,USIL,IL031,42.0411,-87.6901,408101,0,,,,,,,,3,"Evanston, Illinois, United States",US,USIL,IL031,42.0411,-87.6901,408101,20260304154500,https://dailynorthwestern.com/2026/03/04/city/mayor-daniel-biss-isnt-afraid-to-make-waves-now-hes-aiming-for-washington/
1292362019,20260304,202603,2026,2026.1753,GOV,CABINET,,,,,,GOV,,,BGDGOV,BANGLADESH,BGD,,,,,GOV,,,1,40,40,4,1,1.0,2,1,2,1.46443514644351,4,"Moulvibazar, Sylhet, Bangladesh",BG,BG86,5822,24.4833,91.7833,-2737854,4,"Teknaf, Chittagong, Bangladesh",BG,BG84,5772,20.8624,92.3058,-2737993,4,"Pirojpur, Barisal, Bangladesh",BG,BG85,5766,22.5667,89.9833,-2737916,20260304154500,https://www.dhakatribune.com/bangladesh/government-affairs/404718/pm-tarique-to-launch-farmer-card-distribution
1292362020,20260304,202603,2026,2026.1753,GOV,MINIST FOR FOREIGN,,,,,,GOV,,,BTN,BHUTAN,BTN,,,,,,,,1,44,44,4,1,2.5,5,1,5,0.900900900900899,4,"New Delhi, Delhi, India",IN,IN07,17911,28.6,77.2,-2106102,4,"New Delhi, Delhi, India",IN,IN07,17911,28.6,77.2,-2106102,4,"New Delhi, Delhi, India",IN,IN07,17911,28.6,77.2,-2106102,20260304154500,https://news.webindia123.com/news/Articles/World/20260304/4423471.html
1292362021,20260304,202603,2026,2026.1753,GOV,SOVEREIGN,,,,,,GOV,,,BUS,COMPANY,,,,,,BUS,,,1,70,70,7,2,7.0,5,1,5,-0.848896434634971,1,Iran,IR,IR,,32.0,53.0,IR,1,Iran,IR,IR,,32.0,53.0,IR,1,Iran,IR,IR,,32.0,53.0,IR,20260304154500,https://markets.financialcontent.com/stocks/article/marketminute-2026-3-4-defense-stocks-surge-palantir-and-lockheed-martin-lead-market-rally-amid-middle-east-escalation
1292362022,20260304,202603,2026,2026.1753,GOV,PRESIDENT,,,,,,GOV,,,COP,POLICE,,,,,,COP,,,1,72,72,7,2,8.3,8,1,8,-8.13953488372093,5,"Gauteng, Gauteng, South Africa",SF,SF06,77346,-26.0833,28.25,204226,4,"West Rand, Gauteng, South Africa",SF,SF06,77346,-26.1117,27.7485,-1300741,4,"West Rand, Gauteng, South Africa",SF,SF06,77346,-26.1117,27.7485,-1300741,20260304154500,https://allafrica.com/stories/202603040532.html
1292362023,20260304,202603,2026,2026.1753,GOV,PRESIDENT,,,,,,GOV,,,COP,POLICE,,,,,,COP,,,1,72,72,7,2,8.3,2,1,2,-8.13953488372093,5,"Gauteng, Gauteng, South Africa",SF,SF06,77346,-26.0833,28.25,204226,5,"Gauteng, Gauteng, South Africa",SF,SF06,77346,-26.0833,28.25,204226,5,"Gauteng, Gauteng, South Africa",SF,SF06,77346,-26.0833,28.25,204226,20260304154500,https://allafrica.com/stories/202603040532.html
1292362024,20260304,202603,2026,2026.1753,GOV,FIRE DEPARTMENT,,,,,,GOV,,,CVL,COMMUNITY,,,,,,CVL,,,1,20,20,2,1,3.0,2,1,2,-3.40909090909091,3,"Plattekill, New York, United States",US,USNY,NY111,41.6176,-74.076,960690,3,"Plattekill, New York, United States",US,USNY,NY111,41.6176,-74.076,960690,3,"Plattekill, New York, United States",US,USNY,NY111,41.6176,-74.076,960690,20260304154500,https://cnynews.com/ixp/706/p/close-before-you-doze-fire-safety/
1292362025,20260304,202603,2026,2026.1753,GOV,ADMINISTRATION,,,,,,GOV,,,CVL,POPULATION,,,,,,CVL,,,0,51,51,5,1,3.4,4,1,4,-6.41350210970464,3,"White House, District of Columbia, United States",US,USDC,,38.8951,-77.0364,531871,3,"White House, District of Columbia, United States",US,USDC,,38.8951,-77.0364,531871,3,"White House, District of Columbia, United States",US,USDC,,38.8951,-77.0364,531871,20260304154500,https://ijr.com/scoop-theres-more-than-meets-the-eye-in-noem-dhs-deportation-figures/
1292362026,20260304,202603,2026,2026.1753,GOV,MINISTRY,,,,,,GOV,,,CVL,NATIONALS,,,,,,CVL,,,1,60,60,6,2,6.0,10,1,10,0.0,1,Latvia,LG,LG,,57.0,25.0,LG,1,Oman,MU,MU,,21.0,57.0,MU,1,Oman,MU,MU,,21.0,57.0,MU,20260304154500,https://www.baltictimes.com/foreign_ministry_coordinates_with_eu_partners_on_assistance_for_travelers_in_middle_east_region/
1292362027,20260304,202603,2026,2026.1753,GOV,MINISTRY,,,,,,GOV,,,CVL,TRAVELER,,,,,,CVL,,,1,70,70,7,2,7.0,7,1,7,0.0,1,Iran,IR,IR,,32.0,53.0,IR,1,Iran,IR,IR,,32.0,53.0,IR,1,Iran,IR,IR,,32.0,53.0,IR,20260304154500,https://www.baltictimes.com/foreign_ministry_coordinates_with_eu_partners_on_assistance_for_travelers_in_middle_east_region/
1292362028,20260304,202603,2026,2026.1753,GOV,MINIST,,,,,,GOV,,,CVL,COMMUNITY,,,,,,CVL,,,1,90,90,9,2,-2.0,5,1,5,3.07328605200946,4,"Kensere, Ghana (general), Ghana",GH,GH00,190580,6.37327,-1.57162,-2074394,4,"Kensere, Ghana (general), Ghana",GH,GH00,190580,6.37327,-1.57162,-2074394,4,"Kensere, Ghana (general), Ghana",GH,GH00,190580,6.37327,-1.57162,-2074394,20260304154500,https://www.myjoyonline.com/local-government-minister-inspects-seco-kfw-funded-projects-in-ahafo-region/
1292362029,20260304,202603,2026,2026.1753,GOV,ADMINISTRATION,,,,,,GOV,,,CVL,POPULATION,,,,,,CVL,,,0,120,120,12,3,-4.0,4,1,4,-6.41350210970464,3,"White House, District of Columbia, United States",US,USDC,,38.8951,-77.0364,531871,3,"White House, District of Columbia, United States",US,USDC,,38.8951,-77.0364,531871,3,"White House, District of Columbia, United States",US,USDC,,38.8951,-77.0364,531871,20260304154500,https://ijr.com/scoop-theres-more-than-meets-the-eye-in-noem-dhs-deportation-figures/
1292362030,20260304,202603,2026,2026.1753,GOV,ADMINISTRATION,,,,,,GOV,,,CVL,POPULATION,,,,,,CVL,,,0,120,120,12,3,-4.0,6,1,6,-6.41350210970464,2,"Texas, United States",US,USTX,,31.106,-97.6475,TX,2,"Texas, United States",US,USTX,,31.106,-97.6475,TX,2,"Texas, United States",US,USTX,,31.106,-97.6475,TX,20260304154500,https://ijr.com/scoop-theres-more-than-meets-the-eye-in-noem-dhs-deportation-figures/
1292362031,20260304,202603,2026,2026.1753,GOV,REGIME,,,,,,GOV,,,EUR,EUROPE,EUR,,,,,,,,0,90,90,9,2,-2.0,3,1,3,-2.49294449670743,4,"London, London, City of, United Kingdom",UK,UKH9,40110,51.5,-0.116667,-2601889,3,"Washington, District of Columbia, United States",US,USDC,DC001,38.8951,-77.0364,531871,3,"Washington, District of Columbia, United States",US,USDC,DC001,38.8951,-77.0364,531871,20260304154500,https://www.presstv.ir/Detail/2026/02/14/764052/the-munich-paradox-a-security-forums-embrace-of-war-advocates-under-the-guise-of-dialogue%20class=hover-effect
1292362032,20260304,202603,2026,2026.1753,GOV,FOREIGN OFFICE,,,,,,GOV,,,GBR,BRITISH,GBR,,,,,,,,1,20,20,2,1,3.0,1,1,1,-2.91878172588832,5,"Leicestershire, Leicestershire, United Kingdom",UK,UKH5,40119,52.6649,-1.03489,-2600962,5,"Leicestershire, Leicestershire, United Kingdom",UK,UKH5,40119,52.6649,-1.03489,-2600962,4,"Ali Al Salem Air Base, Kuwait (general), Kuwait",KU,KU00,123556,29.35,47.5211,186617,20260304154500,https://www.leicestermercury.co.uk/news/local-news/leicestershire-family-stuck-kuwait-amid-10847276
1292362033,20260304,202603,2026,2026.1753,GOV,FOREIGN OFFICE,,,,,,GOV,,,GBR,BRITISH,GBR,,,,,,,,1,20,20,2,1,3.0,1,1,1,-2.91878172588832,4,"Ali Al Salem Air Base, Kuwait (general), Kuwait",KU,KU00,123556,29.35,47.5211,186617,5,"Leicestershire, Leicestershire, United Kingdom",UK,UKH5,40119,52.6649,-1.03489,-2600962,4,"Ali Al Salem Air Base, Kuwait (general), Kuwait",KU,KU00,123556,29.35,47.5211,186617,20260304154500,https://www.leicestermercury.co.uk/news/local-news/leicestershire-family-stuck-kuwait-amid-10847276
1292362034,20260304,202603,2026,2026.1753,GOV,FOREIGN OFFICE,,,,,,GOV,,,GBR,BRITISH,GBR,,,,,,,,1,256,25,2,1,-0.3,4,1,4,-0.25906735751296,4,"Salalah, Z¸ufar, Oman",MU,MU08,23600,17.015,54.0924,-788664,1,Israel,IS,IS,,31.5,34.75,IS,4,"Salalah, Z¸ufar, Oman",MU,MU08,23600,17.015,54.0924,-788664,20260304154500,https://www.birminghammail.co.uk/travel/foreign-office-urges-british-nationals-33529869
1292362035,20260304,202603,2026,2026.1753,GOV,FOREIGN OFFICE,,,,,,GOV,,,GBR,BRITISH,GBR,,,,,,,,1,256,25,2,1,-0.3,4,1,4,-0.25906735751296,1,United Kingdom,UK,UK,,54.0,-4.0,UK,1,United Kingdom,UK,UK,,54.0,-4.0,UK,1,United Kingdom,UK,UK,,54.0,-4.0,UK,20260304154500,https://www.birminghammail.co.uk/travel/foreign-office-urges-british-nationals-33529869
1292362036,20260304,202603,2026,2026.1753,GOV,FOREIGN MINIST,,,,,,GOV,,,GBR,LONDON,GBR,,,,,,,,1,42,42,4,1,1.9,2,1,2,2.53411306042885,4,"London, London, City of, United Kingdom",UK,UKH9,40110,51.5,-0.116667,-2601889,4,"London, London, City of, United Kingdom",UK,UKH9,40110,51.5,-0.116667,-2601889,4,"London, London, City of, United Kingdom",UK,UKH9,40110,51.5,-0.116667,-2601889,20260304154500,https://timesca.com/tag/ca5uk/
1292362037,20260304,202603,2026,2026.1753,GOV,FOREIGN MINIST,,,,,,GOV,,,GBR,UNITED KINGDOM,GBR,,,,,,,,1,42,42,4,1,1.9,4,1,4,2.53411306042885,1,Kyrgyzstan,KG,KG,,41.0,75.0,KG,4,"London, London, City of, United Kingdom",UK,UKH9,40110,51.5,-0.116667,-2601889,4,"London, London, City of, United Kingdom",UK,UKH9,40110,51.5,-0.116667,-2601889,20260304154500,https://timesca.com/tag/ca5uk/
1292362038,20260304,202603,2026,2026.1753,GOV,FOREIGN MINIST,,,,,,GOV,,,GBR,LONDON,GBR,,,,,,,,1,42,42,4,1,1.9,2,1,2,2.53411306042885,1,Kyrgyzstan,KG,KG,,41.0,75.0,KG,4,"London, London, City of, United Kingdom",UK,UKH9,40110,51.5,-0.116667,-2601889,1,Kyrgyzstan,KG,KG,,41.0,75.0,KG,20260304154500,https://timesca.com/tag/ca5uk/
1292362039,20260304,202603,2026,2026.1753,GOV,MINIST DELEGATION,,,,,,GOV,,,GBRBUS,UNITED KINGDOM,GBR,,,,,BUS,,,0,40,40,4,1,1.0,10,1,10,-0.3448275862069,4,"London, London, City of, United Kingdom",UK,UKH9,40110,51.5,-0.116667,-2601889,4,"London, London, City of, United Kingdom",UK,UKH9,40110,51.5,-0.116667,-2601889,4,"London, London, City of, United Kingdom",UK,UKH9,40110,51.5,-0.116667,-2601889,20260304154500,https://timesca.com/central-asia-and-britain-launch-ca5uk-ministerial-track/
1292362040,20260304,202603,2026,2026.1753,GOV,FOREIGN OFFICE,,,,,,GOV,,,GBRCVL,BRITISH,GBR,,,,,CVL,,,1,20,20,2,1,3.0,4,1,4,-2.91878172588832,5,"Leicestershire, Leicestershire, United Kingdom",UK,UKH5,40119,52.6649,-1.03489,-2600962,5,"Leicestershire, Leicestershire, United Kingdom",UK,UKH5,40119,52.6649,-1.03489,-2600962,4,"Ali Al Salem Air Base, Kuwait (general), Kuwait",KU,KU00,123556,29.35,47.5211,186617,20260304154500,https://www.leicestermercury.co.uk/news/local-news/leicestershire-family-stuck-kuwait-amid-10847276
1292362041,20260304,202603,2026,2026.1753,GOV,FOREIGN OFFICE,,,,,,GOV,,,GBRCVL,UNITED KINGDOM,GBR,,,,,CVL,,,1,20,20,2,1,3.0,2,1,2,-2.91878172588832,4,"Ali Al Salem Air Base, Kuwait (general), Kuwait",KU,KU00,123556,29.35,47.5211,186617,5,"Leicestershire, Leicestershire, United Kingdom",UK,UKH5,40119,52.6649,-1.03489,-2600962,4,"Ali Al Salem Air Base, Kuwait (general), Kuwait",KU,KU00,123556,29.35,47.5211,186617,20260304154500,https://www.leicestermercury.co.uk/news/local-news/leicestershire-family-stuck-kuwait-amid-10847276
1292362042,20260304,202603,2026,2026.1753,GOV,FOREIGN OFFICE,,,,,,GOV,,,GBRCVL,UNITED KINGDOM,GBR,,,,,CVL,,,1,256,25,2,1,-0.3,2,1,2,-0.25906735751296,4,"Salalah, Z¸ufar, Oman",MU,MU08,23600,17.015,54.0924,-788664,4,"Salalah, Z¸ufar, Oman",MU,MU08,23600,17.015,54.0924,-788664,4,"Salalah, Z¸ufar, Oman",MU,MU08,23600,17.015,54.0924,-788664,20260304154500,https://www.birminghammail.co.uk/travel/foreign-office-urges-british-nationals-33529869
1292362043,20260304,202603,2026,2026.1753,GOV,FOREIGN OFFICE,,,,,,GOV,,,GBRCVL,BRITISH,GBR,,,,,CVL,,,1,256,25,2,1,-0.3,4,1,4,-0.25906735751296,4,"Salalah, Z¸ufar, Oman",MU,MU08,23600,17.015,54.0924,-788664,1,Israel,IS,IS,,31.5,34.75,IS,4,"Salalah, Z¸ufar, Oman",MU,MU08,23600,17.015,54.0924,-788664,20260304154500,https://www.birminghammail.co.uk/travel/foreign-office-urges-british-nationals-33529869
1292362044,20260304,202603,2026,2026.1753,GOV,FOREIGN OFFICE,,,,,,GOV,,,GBRCVL,BRITISH,GBR,,,,,CVL,,,1,256,25,2,1,-0.3,6,1,6,-0.25906735751296,1,United Kingdom,UK,UK,,54.0,-4.0,UK,1,United Kingdom,UK,UK,,54.0,-4.0,UK,1,United Kingdom,UK,UK,,54.0,-4.0,UK,20260304154500,https://www.birminghammail.co.uk/travel/foreign-office-urges-british-nationals-33529869
1292362045,20260304,202603,2026,2026.1753,GOV,PRIME MINISTER,,,,,,GOV,,,GHA,GHANA,GHA,,,,,,,,1,51,51,5,1,3.4,5,1,5,4.95867768595041,1,Ghana,GH,GH,,8.0,-2.0,GH,1,Ghana,GH,GH,,8.0,-2.0,GH,1,Ghana,GH,GH,,8.0,-2.0,GH,20260304154500,https://www.myjoyonline.com/photos-president-mahama-hosts-st-kitts-and-nevis-prime-minister-on-4-day-state-visit/
1292362047,20260304,202603,2026,2026.1753,GOV,REGIME,,,,,,GOV,,,GOVMIL,SECRETARY OF DEFENSE,,,,,,GOV,MIL,,0,40,40,4,1,1.0,3,1,3,-5.78905630452022,1,Iran,IR,IR,,32.0,53.0,IR,1,Iran,IR,IR,,32.0,53.0,IR,1,Iran,IR,IR,,32.0,53.0,IR,20260304154500,https://www.aljazeera.com/news/2026/3/4/why-are-the-us-and-israel-framing-the-ongoing-conflict-as-a-religious-war
1292362048,20260304,202603,2026,2026.1753,GOV,PRINCE,,,,,,GOV,,,GRD,GRENADA,GRD,,,,,,,,1,173,173,17,4,-5.0,6,1,6,-9.52380952380952,4,"Fontenoy, Saint George, Grenada",GJ,GJ03,16732,12.0667,-61.75,-1201862,4,"Fontenoy, Saint George, Grenada",GJ,GJ03,16732,12.0667,-61.75,-1201862,4,"Fontenoy, Saint George, Grenada",GJ,GJ03,16732,12.0667,-61.75,-1201862,20260304154500,https://gbn.gd/man-charged-with-non-capital-murder-and-other-offenses/
1292362049,20260304,202603,2026,2026.1753,GOV,AUTHORITIES,,,,,,GOV,,,IDN,INDONESIA,IDN,,,,,,,,1,70,70,7,2,7.0,3,1,3,-5.71428571428572,4,"Jakarta, Jakarta Raya, Indonesia",ID,ID04,18585,-6.17444,106.829,-2679652,1,Singapore,SN,SN,,1.366667,103.8,SN,4,"Jakarta, Jakarta Raya, Indonesia",ID,ID04,18585,-6.17444,106.829,-2679652,20260304154500,https://www.dealstreetasia.com/stories/ojk-mirae-asset-sekuritas-474737
1292362050,20260304,202603,2026,2026.1753,GOV,AUTHORITIES,,,,,,GOV,,,IDN,INDONESIA,IDN,,,,,,,,0,90,90,9,2,-2.0,2,1,2,-5.71428571428572,4,"Jakarta, Jakarta Raya, Indonesia",ID,ID04,18585,-6.17444,106.829,-2679652,4,"Jakarta, Jakarta Raya, Indonesia",ID,ID04,18585,-6.17444,106.829,-2679652,4,"Jakarta, Jakarta Raya, Indonesia",ID,ID04,18585,-6.17444,106.829,-2679652,20260304154500,https://www.dealstreetasia.com/stories/ojk-mirae-asset-sekuritas-474737
1292362052,20260304,202603,2026,2026.1753,GOV,PRESIDENT,,,,,,GOV,,,IRN,IRAN,IRN,,,,,,,,1,14,14,1,1,0.0,2,1,2,-7.01298701298701,1,Israel,IS,IS,,31.5,34.75,IS,4,"Tehran, Tehran, Iran",IR,IR26,41130,35.75,51.5148,10074674,1,Israel,IS,IS,,31.5,34.75,IS,20260304154500,https://indianexpress.com/article/world/iran-us-israel-war-day-5-updates-death-toll-ayatollah-ali-khamenei-us-submarine-iran-warship-10564578/
1292362053,20260304,202603,2026,2026.1753,GOV,PRESIDENT,,,,,,GOV,,,IRN,IRAN,IRN,,,,,,,,1,14,14,1,1,0.0,6,1,6,-7.01298701298701,1,Israel,IS,IS,,31.5,34.75,IS,1,Israel,IS,IS,,31.5,34.75,IS,1,Israel,IS,IS,,31.5,34.75,IS,20260304154500,https://indianexpress.com/article/world/iran-us-israel-war-day-5-updates-death-toll-ayatollah-ali-khamenei-us-submarine-iran-warship-10564578/
1292362054,20260304,202603,2026,2026.1753,GOV,PRESIDENT,,,,,,GOV,,,IRN,IRANIAN,IRN,,,,,,,,0,18,18,1,1,3.4,1,1,1,-10.6100795755968,4,"Minab, Sistan va Baluchestan, Iran",IR,IR04,41051,25.7893,61.1025,293743,4,"Minab, Sistan va Baluchestan, Iran",IR,IR04,41051,25.7893,61.1025,293743,4,"Minab, Sistan va Baluchestan, Iran",IR,IR04,41051,25.7893,61.1025,293743,20260304154500,https://www.presstv.ir/Detail/2026/03/04/764951/Another-girls-school-targeted-in-US-Israeli-attacks-on-Iran
1292362055,20260304,202603,2026,2026.1753,GOV,REGIME,,,,,,GOV,,,IRNGOVMIL,IRAN,IRN,,,,,GOV,MIL,,0,40,40,4,1,1.0,1,1,1,-5.78905630452022,1,Iran,IR,IR,,32.0,53.0,IR,1,Iran,IR,IR,,32.0,53.0,IR,1,Iran,IR,IR,,32.0,53.0,IR,20260304154500,https://www.aljazeera.com/news/2026/3/4/why-are-the-us-and-israel-framing-the-ongoing-conflict-as-a-religious-war
1292362056,20260304,202603,2026,2026.1753,GOV,PRESIDENT,,,,,,GOV,,,IRNMIL,IRANIAN,IRN,,,,,MIL,,,0,112,112,11,3,-2.0,3,1,3,-10.2380952380952,4,"Gulf Of Oman, Iran (general), Iran",IR,IR00,40979,25.4489,57.7939,-3077385,4,"Gulf Of Oman, Iran (general), Iran",IR,IR00,40979,25.4489,57.7939,-3077385,4,"Gulf Of Oman, Iran (general), Iran",IR,IR00,40979,25.4489,57.7939,-3077385,20260304154500,https://www.businessinsider.com/us-navy-submarine-sank-iranian-warship-2026-3
1292362057,20260304,202603,2026,2026.1753,GOV,PRESIDENT,,,,,,GOV,,,IRNMIL,IRANIAN,IRN,,,,,MIL,,,0,120,120,12,3,-4.0,3,1,3,-10.2380952380952,4,"Gulf Of Oman, Iran (general), Iran",IR,IR00,40979,25.4489,57.7939,-3077385,4,"Gulf Of Oman, Iran (general), Iran",IR,IR00,40979,25.4489,57.7939,-3077385,4,"Gulf Of Oman, Iran (general), Iran",IR,IR00,40979,25.4489,57.7939,-3077385,20260304154500,https://www.businessinsider.com/us-navy-submarine-sank-iranian-warship-2026-3
1292362058,20260304,202603,2026,2026.1753,GOV,PRESIDENT,,,,,,GOV,,,ISR,ISRAEL,ISR,,,,,,,,0,20,20,2,1,3.0,2,2,2,-4.386957181901,3,"Capitol Hill, District of Columbia, United States",US,USDC,DC001,38.889,-77.0003,529313,1,Israel,IS,IS,,31.5,34.75,IS,1,Israel,IS,IS,,31.5,34.75,IS,20260304154500,https://www.wkyufm.org/news/2026-03-04/the-u-s-sinks-irans-ships-and-slams-its-missile-launchers-as-the-war-enters-day-5
1292362059,20260304,202603,2026,2026.1753,GOV,AUTHORITIES,,,,,,GOV,,,ISR,ISRAELI,ISR,,,,,,,,0,112,112,11,3,-2.0,2,1,2,-7.86240786240786,4,"Tehran, Tehran, Iran",IR,IR26,41130,35.75,51.5148,10074674,4,"Tehran, Tehran, Iran",IR,IR26,41130,35.75,51.5148,10074674,4,"Tehran, Tehran, Iran",IR,IR26,41130,35.75,51.5148,10074674,20260304154500,https://www.aljazeera.com/news/2026/3/4/hegseth-says-more-us-forces-arriving-in-middle-east-as-iran-war-ramps-up
1292362060,20260304,202603,2026,2026.1753,GOV,AUTHORITIES,,,,,,GOV,,,ISR,ISRAEL,ISR,,,,,,,,0,112,112,11,3,-2.0,2,1,2,-7.86240786240786,4,"Tehran, Tehran, Iran",IR,IR26,41130,35.75,51.5148,10074674,1,Israel,IS,IS,,31.5,34.75,IS,1,United States,US,US,,39.828175,-98.5795,US,20260304154500,https://www.aljazeera.com/news/2026/3/4/hegseth-says-more-us-forces-arriving-in-middle-east-as-iran-war-ramps-up
1292362061,20260304,202603,2026,2026.1753,GOV,AUTHORITIES,,,,,,GOV,,,ISR,ISRAELI,ISR,,,,,,,,0,112,112,11,3,-2.0,6,1,6,-7.86240786240786,1,United States,US,US,,39.828175,-98.5795,US,1,Israel,IS,IS,,31.5,34.75,IS,1,United States,US,US,,39.828175,-98.5795,US,20260304154500,https://www.aljazeera.com/news/2026/3/4/hegseth-says-more-us-forces-arriving-in-middle-east-as-iran-war-ramps-up
1292362062,20260304,202603,2026,2026.1753,GOV,MINISTRY,,,,,,GOV,,,KHM,CAMBODIA,KHM,,,,,,,,1,42,42,4,1,1.9,10,1,10,2.65151515151515,4,"Phnom Penh, (CB11), Cambodia",CB,CB11,12390,11.55,104.917,-1033783,4,"Phnom Penh, (CB11), Cambodia",CB,CB11,12390,11.55,104.917,-1033783,4,"Phnom Penh, (CB11), Cambodia",CB,CB11,12390,11.55,104.917,-1033783,20260304154500,https://www.akp.gov.kh/post/detail/363991
1292362063,20260304,202603,2026,2026.1753,GOV,PRESIDENT,,,,,,GOV,,,KNAGOV,ST KITTS AND NEVIS,KNA,,,,,GOV,,,1,43,43,4,1,2.8,10,1,10,4.95867768595041,1,Ghana,GH,GH,,8.0,-2.0,GH,1,Ghana,GH,GH,,8.0,-2.0,GH,1,Ghana,GH,GH,,8.0,-2.0,GH,20260304154500,https://www.myjoyonline.com/photos-president-mahama-hosts-st-kitts-and-nevis-prime-minister-on-4-day-state-visit/
1292362064,20260304,202603,2026,2026.1753,GOV,FOREIGN OFFICE,,,,,,GOV,,,KWT,KUWAIT,KWT,,,,,,,,1,42,42,4,1,1.9,5,1,5,-2.91878172588832,5,"Leicestershire, Leicestershire, United Kingdom",UK,UKH5,40119,52.6649,-1.03489,-2600962,4,"Ali Al Salem Air Base, Kuwait (general), Kuwait",KU,KU00,123556,29.35,47.5211,186617,4,"Ali Al Salem Air Base, Kuwait (general), Kuwait",KU,KU00,123556,29.35,47.5211,186617,20260304154500,https://www.leicestermercury.co.uk/news/local-news/leicestershire-family-stuck-kuwait-amid-10847276
1292362065,20260304,202603,2026,2026.1753,GOV,FOREIGN OFFICE,,,,,,GOV,,,KWT,KUWAIT,KWT,,,,,,,,1,42,42,4,1,1.9,3,1,3,-2.91878172588832,4,"Ali Al Salem Air Base, Kuwait (general), Kuwait",KU,KU00,123556,29.35,47.5211,186617,4,"Ali Al Salem Air Base, Kuwait (general), Kuwait",KU,KU00,123556,29.35,47.5211,186617,4,"Ali Al Salem Air Base, Kuwait (general), Kuwait",KU,KU00,123556,29.35,47.5211,186617,20260304154500,https://www.leicestermercury.co.uk/news/local-news/leicestershire-family-stuck-kuwait-amid-10847276
1292362066,20260304,202603,2026,2026.1753,GOV,MINIST,,,,,,GOV,,,LBN,LEBANON,LBN,,,,,,,,1,14,14,1,1,0.0,2,1,2,-2.92134831460675,4,"Ottawa, Ontario, Canada",CA,CA08,12755,45.4167,-75.7,-570760,4,"Ottawa, Ontario, Canada",CA,CA08,12755,45.4167,-75.7,-570760,4,"Ottawa, Ontario, Canada",CA,CA08,12755,45.4167,-75.7,-570760,20260304154500,https://www.castanetkamloops.net/news/Canada/601813/Canada-secures-limited-seats-on-commercial-flights-from-Lebanon-as-conflict-widens
1292362067,20260304,202603,2026,2026.1753,GOV,MINIST,,,,,,GOV,,,LBN,LEBANON,LBN,,,,,,,,1,14,14,1,1,0.0,8,1,8,-2.92134831460675,4,"Beirut, Beyrouth, Lebanon",LE,LE04,18808,33.8719,35.5097,-801546,4,"Beirut, Beyrouth, Lebanon",LE,LE04,18808,33.8719,35.5097,-801546,4,"Beirut, Beyrouth, Lebanon",LE,LE04,18808,33.8719,35.5097,-801546,20260304154500,https://www.castanetkamloops.net/news/Canada/601813/Canada-secures-limited-seats-on-commercial-flights-from-Lebanon-as-conflict-widens
1292362068,20260304,202603,2026,2026.1753,GOV,GOVERNMENT,,,,,,GOV,,,LEG,LAWMAKER,,,,,,LEG,,,0,10,10,1,1,0.0,5,1,5,-5.0,2,"Minnesota, United States",US,USMN,,45.7326,-93.9196,MN,2,"Minnesota, United States",US,USMN,,45.7326,-93.9196,MN,2,"Minnesota, United States",US,USMN,,45.7326,-93.9196,MN,20260304154500,https://quickcountry.com/ixp/1172/p/minnesota-lawsuit-medicaid-funding-pause/
1292362069,20260304,202603,2026,2026.1753,GOV,MINIST,,,,,,GOV,,,LEG,HOUSE OF COMMONS,,,,,,LEG,,,1,40,40,4,1,1.0,10,1,10,-0.3448275862069,4,"London, London, City of, United Kingdom",UK,UKH9,40110,51.5,-0.116667,-2601889,4,"London, London, City of, United Kingdom",UK,UKH9,40110,51.5,-0.116667,-2601889,4,"London, London, City of, United Kingdom",UK,UKH9,40110,51.5,-0.116667,-2601889,20260304154500,https://timesca.com/central-asia-and-britain-launch-ca5uk-ministerial-track/
1292362070,20260304,202603,2026,2026.1753,GOV,MAYOR,,,,,,GOV,,,LEG,SENATE,,,,,,LEG,,,1,42,42,4,1,1.9,6,1,6,-10.3896103896104,2,"New York, United States",US,USNY,,42.1497,-74.9384,NY,2,"New York, United States",US,USNY,,42.1497,-74.9384,NY,2,"New York, United States",US,USNY,,42.1497,-74.9384,NY,20260304154500,https://www.baltimoresun.com/2026/03/04/schumer-condemns-nyc-radio-host-for-calling-mamdani-a-radical-islam-cockroach/
1292362071,20260304,202603,2026,2026.1753,GOV,MINIST,,,,,,GOV,,,LEG,REPRESENTATIVES,,,,,,LEG,,,1,43,43,4,1,2.8,1,1,1,3.07328605200946,4,"Kensere, Ghana (general), Ghana",GH,GH00,190580,6.37327,-1.57162,-2074394,4,"Kensere, Ghana (general), Ghana",GH,GH00,190580,6.37327,-1.57162,-2074394,4,"Kensere, Ghana (general), Ghana",GH,GH00,190580,6.37327,-1.57162,-2074394,20260304154500,https://www.myjoyonline.com/local-government-minister-inspects-seco-kfw-funded-projects-in-ahafo-region/
1292362072,20260304,202603,2026,2026.1753,GOV,ATTORNEY GENERAL,,,,,,GOV,,,LEG,SENATOR,,,,,,LEG,,,1,43,43,4,1,2.8,8,1,8,-0.9278350515464,3,"Houston, Texas, United States",US,USTX,TX201,29.7633,-95.3633,1380948,3,"Houston, Texas, United States",US,USTX,TX201,29.7633,-95.3633,1380948,3,"Houston, Texas, United States",US,USTX,TX201,29.7633,-95.3633,1380948,20260304154500,https://www.houstonpublicmedia.org/articles/news/politics/election-2026/2026/03/04/545136/republicans-head-to-runoff-in-texas-attorney-general-primary-dems-uncertain/
1292362073,20260304,202603,2026,2026.1753,GOV,ATTORNEY GENERAL,,,,,,GOV,,,LEG,SENATOR,,,,,,LEG,,,1,43,43,4,1,2.8,8,1,8,-0.9278350515464,2,"Texas, United States",US,USTX,,31.106,-97.6475,TX,3,"Houston, Texas, United States",US,USTX,TX201,29.7633,-95.3633,1380948,3,"Houston, Texas, United States",US,USTX,TX201,29.7633,-95.3633,1380948,20260304154500,https://www.houstonpublicmedia.org/articles/news/politics/election-2026/2026/03/04/545136/republicans-head-to-runoff-in-texas-attorney-general-primary-dems-uncertain/
1292362074,20260304,202603,2026,2026.1753,GOV,MINIST OF FOREIGN AFFAIRS,,,,,,GOV,,,LKA,SRI LANKA,LKA,,,,,,,,1,36,36,3,1,4.0,3,1,3,0.900900900900899,1,Seychelles,SE,SE,,-4.583333,55.666667,SE,1,Sri Lanka,CE,CE,,7.0,81.0,CE,4,"New Delhi, Delhi, India",IN,IN07,17911,28.6,77.2,-2106102,20260304154500,https://news.webindia123.com/news/Articles/World/20260304/4423471.html
1292362075,20260304,202603,2026,2026.1753,GOV,FOREIGN MINIST,,,,,,GOV,,,MED,TELEVISION,,,,,,MED,,,1,13,13,1,1,0.4,5,1,5,-3.77358490566037,4,"Tehran, Tehran, Iran",IR,IR26,41130,35.75,51.5148,10074674,4,"Tehran, Tehran, Iran",IR,IR26,41130,35.75,51.5148,10074674,4,"Tehran, Tehran, Iran",IR,IR26,41130,35.75,51.5148,10074674,20260304154500,https://www.jagonews24.com/en/international/news/90546
1292362076,20260304,202603,2026,2026.1753,GOV,PRIME MINISTER,,,,,,GOV,,,MED,MEDIA,,,,,,MED,,,1,831,83,8,2,5.0,10,1,10,0.76335877862595,4,"Vaimauga, Samoa (general), Samoa",WS,WS00,25301,-13.8333,-171.717,-1307659,4,"Vaimauga, Samoa (general), Samoa",WS,WS00,25301,-13.8333,-171.717,-1307659,4,"Vaimauga, Samoa (general), Samoa",WS,WS00,25301,-13.8333,-171.717,-1307659,20260304154500,https://www.samoaobserver.ws/category/samoa/118763
1292362077,20260304,202603,2026,2026.1753,GOV,MINIST OF FOREIGN AFFAIRS,,,,,,GOV,,,MUS,MAURITIUS,MUS,,,,,,,,1,43,43,4,1,2.8,2,1,2,0.900900900900899,4,"New Delhi, Delhi, India",IN,IN07,17911,28.6,77.2,-2106102,1,Mauritius,MP,MP,,16.0,146.0,MP,4,"New Delhi, Delhi, India",IN,IN07,17911,28.6,77.2,-2106102,20260304154500,https://news.webindia123.com/news/Articles/World/20260304/4423471.html
1292362078,20260304,202603,2026,2026.1753,GOV,MINIST OF FOREIGN AFFAIRS,,,,,,GOV,,,MUS,MAURITIUS,MUS,,,,,,,,1,43,43,4,1,2.8,1,1,1,0.900900900900899,1,Mauritius,MP,MP,,16.0,146.0,MP,1,Mauritius,MP,MP,,16.0,146.0,MP,4,"New Delhi, Delhi, India",IN,IN07,17911,28.6,77.2,-2106102,20260304154500,https://news.webindia123.com/news/Articles/World/20260304/4423471.html
1292362079,20260304,202603,2026,2026.1753,GOV,MINIST OF FOREIGN AFFAIRS,,,,,,GOV,,,MUS,MAURITIUS,MUS,,,,,,,,1,43,43,4,1,2.8,4,1,4,0.900900900900899,1,Mauritius,MP,MP,,16.0,146.0,MP,1,Mauritius,MP,MP,,16.0,146.0,MP,1,Mauritius,MP,MP,,16.0,146.0,MP,20260304154500,https://news.webindia123.com/news/Articles/World/20260304/4423471.html
1292362080,20260304,202603,2026,2026.1753,GOV,CONSULATE,,,,,,GOV,,,NGA,NIGERIA,NGA,,,,,,,,0,50,50,5,1,3.5,2,1,2,-1.19047619047619,4,"Lagos, Lagos, Nigeria",NI,NI05,191416,6.45306,3.39583,-2017355,4,"Lagos, Lagos, Nigeria",NI,NI05,191416,6.45306,3.39583,-2017355,4,"Lagos, Lagos, Nigeria",NI,NI05,191416,6.45306,3.39583,-2017355,20260304154500,https://www.nationalaccordnewspaper.com/u-s-embassy-warns-of-possible-iran-linked-protests-in-abuja-urges-citizens-to-stay-indoors/
1292362081,20260304,202603,2026,2026.1753,GOV,CONSULATE,,,,,,GOV,,,NGA,LAGOS,NGA,,,,,,,,0,50,50,5,1,3.5,8,1,8,-1.19047619047619,4,"Lagos, Lagos, Nigeria",NI,NI05,191416,6.45306,3.39583,-2017355,4,"Lagos, Lagos, Nigeria",NI,NI05,191416,6.45306,3.39583,-2017355,1,United States,US,US,,39.828175,-98.5795,US,20260304154500,https://www.nationalaccordnewspaper.com/u-s-embassy-warns-of-possible-iran-linked-protests-in-abuja-urges-citizens-to-stay-indoors/
1292362082,20260304,202603,2026,2026.1753,GOV,AUTHORITIES,,,,,,GOV,,,QATMED,AL JAZEERA,QAT,,,,,MED,,,1,10,10,1,1,0.0,10,1,10,-3.77358490566037,4,"Colombo, Western, Sri Lanka",CE,CE36,25852,6.93194,79.8478,-2214877,4,"Colombo, Western, Sri Lanka",CE,CE36,25852,6.93194,79.8478,-2214877,4,"Colombo, Western, Sri Lanka",CE,CE36,25852,6.93194,79.8478,-2214877,20260304154500,https://www.jagonews24.com/en/international/news/90546
1292362083,20260304,202603,2026,2026.1753,GOV,CHIEF EXECUTIVE,,,,,,GOV,,,RUS,RUSSIA,RUS,,,,,,,,0,10,10,1,1,0.0,30,10,30,-1.58544378300205,1,United Kingdom,UK,UK,,54.0,-4.0,UK,1,United Kingdom,UK,UK,,54.0,-4.0,UK,1,United Kingdom,UK,UK,,54.0,-4.0,UK,20260304154500,https://www.bordertelegraph.com/news/national/25907528.energy-bills-forecast-rise-10-july-middle-east-war-drives-prices/
1292362084,20260304,202603,2026,2026.1753,GOV,MINIST OF FOREIGN AFFAIRS,,,,,,GOV,,,SYC,SEYCHELLES,SYC,,,,,,,,1,43,43,4,1,2.8,1,1,1,0.900900900900899,1,Mauritius,MP,MP,,16.0,146.0,MP,1,Seychelles,SE,SE,,-4.583333,55.666667,SE,4,"New Delhi, Delhi, India",IN,IN07,17911,28.6,77.2,-2106102,20260304154500,https://news.webindia123.com/news/Articles/World/20260304/4423471.html
1292362085,20260304,202603,2026,2026.1753,GOV,MINIST OF FOREIGN AFFAIRS,,,,,,GOV,,,SYC,SEYCHELLES,SYC,,,,,,,,1,43,43,4,1,2.8,2,1,2,0.900900900900899,1,Mauritius,MP,MP,,16.0,146.0,MP,1,Seychelles,SE,SE,,-4.583333,55.666667,SE,1,Mauritius,MP,MP,,16.0,146.0,MP,20260304154500,https://news.webindia123.com/news/Articles/World/20260304/4423471.html
1292362086,20260304,202603,2026,2026.1753,GOV,MINIST OF FOREIGN AFFAIRS,,,,,,GOV,,,SYCGOV,BARRY FAURE,SYC,,,,,GOV,,,1,43,43,4,1,2.8,1,1,1,0.900900900900899,1,Mauritius,MP,MP,,16.0,146.0,MP,1,Seychelles,SE,SE,,-4.583333,55.666667,SE,4,"New Delhi, Delhi, India",IN,IN07,17911,28.6,77.2,-2106102,20260304154500,https://news.webindia123.com/news/Articles/World/20260304/4423471.html
1292362087,20260304,202603,2026,2026.1753,GOV,MINIST OF FOREIGN AFFAIRS,,,,,,GOV,,,SYCGOV,BARRY FAURE,SYC,,,,,GOV,,,1,43,43,4,1,2.8,2,1,2,0.900900900900899,1,Mauritius,MP,MP,,16.0,146.0,MP,1,Seychelles,SE,SE,,-4.583333,55.666667,SE,1,Mauritius,MP,MP,,16.0,146.0,MP,20260304154500,https://news.webindia123.com/news/Articles/World/20260304/4423471.html
1292362088,20260304,202603,2026,2026.1753,GOV,MINISTRY,,,,,,GOV,,,SYR,DAMASCUS,SYR,,,,,,,,1,40,40,4,1,1.0,1,1,1,5.38461538461539,4,"Gyula, Bés, Hungary",HU,HU03,17503,46.65,21.2833,-854923,4,"Damascus, Dimashq, Syria",SY,SY13,26324,33.5,36.3,-2541260,4,"Gyula, Bés, Hungary",HU,HU03,17503,46.65,21.2833,-854923,20260304154500,https://sana.sy/en/syria/2300420/
1292362089,20260304,202603,2026,2026.1753,GOV,MINISTRY,,,,,,GOV,,,SYR,DAMASCUS,SYR,,,,,,,,1,43,43,4,1,2.8,1,1,1,5.38461538461539,4,"Gyula, Bés, Hungary",HU,HU03,17503,46.65,21.2833,-854923,4,"Damascus, Dimashq, Syria",SY,SY13,26324,33.5,36.3,-2541260,4,"Gyula, Bés, Hungary",HU,HU03,17503,46.65,21.2833,-854923,20260304154500,https://sana.sy/en/syria/2300420/
1292362090,20260304,202603,2026,2026.1753,GOV,MAYOR,,,,,,GOV,,,USA,UNITED STATES,USA,,,,,,,,1,10,10,1,1,0.0,2,1,2,-1.01975780752072,3,"Evanston, Illinois, United States",US,USIL,IL031,42.0411,-87.6901,408101,3,"Evanston, Illinois, United States",US,USIL,IL031,42.0411,-87.6901,408101,3,"Evanston, Illinois, United States",US,USIL,IL031,42.0411,-87.6901,408101,20260304154500,https://dailynorthwestern.com/2026/03/04/city/mayor-daniel-biss-isnt-afraid-to-make-waves-now-hes-aiming-for-washington/
1292362091,20260304,202603,2026,2026.1753,GOV,PRESIDENT,,,,,,GOV,,,USA,UTAH,USA,,,,,,,,1,43,43,4,1,2.8,10,1,10,-2.10526315789473,2,"Utah, United States",US,USUT,,40.1135,-111.854,UT,2,"Utah, United States",US,USUT,,40.1135,-111.854,UT,2,"Utah, United States",US,USUT,,40.1135,-111.854,UT,20260304154500,https://www.yahoo.com/news/articles/opinion-why-management-plan-grand-140000159.html
1292362092,20260304,202603,2026,2026.1753,GOV,PRESIDENT,,,,,,GOV,,,USA,UNITED STATES,USA,,,,,,,,1,100,100,10,3,-5.0,2,1,2,-1.89959294436907,2,"Florida, United States",US,USFL,,27.8333,-81.717,FL,2,"Florida, United States",US,USFL,,27.8333,-81.717,FL,2,"Florida, United States",US,USFL,,27.8333,-81.717,FL,20260304154500,https://www.usforacle.com/2026/03/04/usf-florida-pause-h1b-hiring-until-2027/
1292362093,20260304,202603,2026,2026.1753,GOV,AUTHORITIES,,,,,,GOV,,,USA,AMERICAN,USA,,,,,,,,0,112,112,11,3,-2.0,2,1,2,-7.86240786240786,4,"Tehran, Tehran, Iran",IR,IR26,41130,35.75,51.5148,10074674,4,"Tehran, Tehran, Iran",IR,IR26,41130,35.75,51.5148,10074674,4,"Tehran, Tehran, Iran",IR,IR26,41130,35.75,51.5148,10074674,20260304154500,https://www.aljazeera.com/news/2026/3/4/hegseth-says-more-us-forces-arriving-in-middle-east-as-iran-war-ramps-up
1292362094,20260304,202603,2026,2026.1753,GOV,AUTHORITIES,,,,,,GOV,,,USA,UNITED STATES,USA,,,,,,,,0,112,112,11,3,-2.0,2,1,2,-7.86240786240786,4,"Tehran, Tehran, Iran",IR,IR26,41130,35.75,51.5148,10074674,1,United States,US,US,,39.828175,-98.5795,US,1,United States,US,US,,39.828175,-98.5795,US,20260304154500,https://www.aljazeera.com/news/2026/3/4/hegseth-says-more-us-forces-arriving-in-middle-east-as-iran-war-ramps-up
1292362095,20260304,202603,2026,2026.1753,GOV,PRESIDENT,,,,,,GOV,,,USA,UNITED STATES,USA,,,,,,,,0,173,173,17,4,-5.0,4,1,4,12.7747252747252,3,"Hollywood, California, United States",US,USCA,CA037,34.0983,-118.327,1660757,3,"Hollywood, California, United States",US,USCA,CA037,34.0983,-118.327,1660757,3,"Hollywood, California, United States",US,USCA,CA037,34.0983,-118.327,1660757,20260304154500,https://www.upi.com/Entertainment_News/Movies/2026/03/04/awards-oscars-grammys-golden-globes/5721767707522/
1292362096,20260304,202603,2026,2026.1753,GOV,ATTORNEY GENERAL,,,,,,GOV,,,USALEG,UNITED STATES,USA,,,,,LEG,,,1,43,43,4,1,2.8,2,1,2,-0.9278350515464,3,"Houston, Texas, United States",US,USTX,TX201,29.7633,-95.3633,1380948,3,"Houston, Texas, United States",US,USTX,TX201,29.7633,-95.3633,1380948,3,"Houston, Texas, United States",US,USTX,TX201,29.7633,-95.3633,1380948,20260304154500,https://www.houstonpublicmedia.org/articles/news/politics/election-2026/2026/03/04/545136/republicans-head-to-runoff-in-texas-attorney-general-primary-dems-uncertain/
1292362097,20260304,202603,2026,2026.1753,GOV,ATTORNEY GENERAL,,,,,,GOV,,,USALEG,UNITED STATES,USA,,,,,LEG,,,1,43,43,4,1,2.8,2,1,2,-0.9278350515464,2,"Texas, United States",US,USTX,,31.106,-97.6475,TX,3,"Houston, Texas, United States",US,USTX,TX201,29.7633,-95.3633,1380948,3,"Houston, Texas, United States",US,USTX,TX201,29.7633,-95.3633,1380948,20260304154500,https://www.houstonpublicmedia.org/articles/news/politics/election-2026/2026/03/04/545136/republicans-head-to-runoff-in-texas-attorney-general-primary-dems-uncertain/
1292362098,20260304,202603,2026,2026.1753,GOVGOV,GOVERNMENT,,,,,,GOV,GOV,,,,,,,,,,,,1,71,71,7,2,7.4,10,1,10,3.07328605200946,1,Switzerland,SZ,SZ,,47.0,8.0,SZ,0,,,,,,,,1,Switzerland,SZ,SZ,,47.0,8.0,SZ,20260304154500,https://www.myjoyonline.com/local-government-minister-inspects-seco-kfw-funded-projects-in-ahafo-region/
1292362099,20260304,202603,2026,2026.1753,GOVGOV,GOVERNMENT,,,,,,GOV,GOV,,,,,,,,,,,,1,90,90,9,2,-2.0,10,1,10,3.07328605200946,4,"Kenyasi, Ghana (general), Ghana",GH,GH00,190709,6.98191,-2.38738,-2074402,0,,,,,,,,4,"Kenyasi, Ghana (general), Ghana",GH,GH00,190709,6.98191,-2.38738,-2074402,20260304154500,https://www.myjoyonline.com/local-government-minister-inspects-seco-kfw-funded-projects-in-ahafo-region/
1292362100,20260304,202603,2026,2026.1753,GOVMIL,DEFENSE MINIST,,,,,,GOV,MIL,,,,,,,,,,,,0,51,51,5,1,3.4,6,1,6,3.45744680851064,4,"Bucharest, Bucuresti, Romania",RO,RO10,25006,44.4333,26.1,-1153951,0,,,,,,,,4,"Bucharest, Bucuresti, Romania",RO,RO10,25006,44.4333,26.1,-1153951,20260304154500,https://www.stiripesurse.ro/bulgarias-national-day-celebrated-at-the-romanian-parliament-the-worlds-second-largest-administrative-building_3864627
1292362101,20260304,202603,2026,2026.1753,GOVMIL,MINIST OF DEFENCE,,,,,,GOV,MIL,,,,,,,,,,,,0,194,194,19,4,-10.0,6,1,6,-0.55762081784386,4,"Kuala Lumpur, Kuala Lumpur, Malaysia",MY,MY14,18585,3.16667,101.7,-2403010,0,,,,,,,,1,Iran,IR,IR,,32.0,53.0,IR,20260304154500,https://www.thestar.com.my/news/nation/2026/03/04/no-malaysians-reported-affected-following-security-developments-in-uae-says-envoy
1292362102,20260304,202603,2026,2026.1753,GOVMIL,MINIST OF DEFENCE,,,,,,GOV,MIL,,,,,,,,,,,,0,194,194,19,4,-10.0,4,1,4,-0.55762081784386,1,Iran,IR,IR,,32.0,53.0,IR,0,,,,,,,,1,Iran,IR,IR,,32.0,53.0,IR,20260304154500,https://www.thestar.com.my/news/nation/2026/03/04/no-malaysians-reported-affected-following-security-developments-in-uae-says-envoy
1292362103,20260304,202603,2026,2026.1753,GOVMIL,DEFENSE MINIST,,,,,,GOV,MIL,,BGR,BULGARIA,BGR,,,,,,,,0,30,30,3,1,4.0,5,1,5,3.45744680851064,4,"Bucharest, Bucuresti, Romania",RO,RO10,25006,44.4333,26.1,-1153951,4,"Grivitsa, Pleven, Bulgaria",BU,BU50,11964,43.4167,24.7,-834430,4,"Grivitsa, Pleven, Bulgaria",BU,BU50,11964,43.4167,24.7,-834430,20260304154500,https://www.stiripesurse.ro/bulgarias-national-day-celebrated-at-the-romanian-parliament-the-worlds-second-largest-administrative-building_3864627
1292362104,20260304,202603,2026,2026.1753,GOVMIL,MINIST OF NATIONAL DEFENCE,,,,,,GOV,MIL,,CVL,VILLAGE,,,,,,CVL,,,1,42,42,4,1,1.9,3,1,3,-0.626959247648899,4,"Thmar Puok, Banté Mé Cheay, Cambodia",CB,CB25,12379,13.9396,103.05,-1031069,1,Thailand,TH,TH,,15.0,100.0,TH,1,Thailand,TH,TH,,15.0,100.0,TH,20260304154500,https://www.akp.gov.kh/post/detail/363979
1292362105,20260304,202603,2026,2026.1753,GOVMIL,DEFENSE SECRETARY,,,,,,GOV,MIL,,IRN,IRAN,IRN,,,,,,,,1,42,42,4,1,1.9,6,1,6,-7.86240786240786,4,"Tehran, Tehran, Iran",IR,IR26,41130,35.75,51.5148,10074674,4,"Tehran, Tehran, Iran",IR,IR26,41130,35.75,51.5148,10074674,1,United States,US,US,,39.828175,-98.5795,US,20260304154500,https://www.aljazeera.com/news/2026/3/4/hegseth-says-more-us-forces-arriving-in-middle-east-as-iran-war-ramps-up
1292362106,20260304,202603,2026,2026.1753,GOVMIL,DEFENSE SECRETARY,,,,,,GOV,MIL,,IRN,IRAN,IRN,,,,,,,,1,42,42,4,1,1.9,2,1,2,-7.86240786240786,1,United States,US,US,,39.828175,-98.5795,US,4,"Tehran, Tehran, Iran",IR,IR26,41130,35.75,51.5148,10074674,1,United States,US,US,,39.828175,-98.5795,US,20260304154500,https://www.aljazeera.com/news/2026/3/4/hegseth-says-more-us-forces-arriving-in-middle-east-as-iran-war-ramps-up
1292362107,20260304,202603,2026,2026.1753,GOVMIL,SECRETARY OF DEFENSE,,,,,,GOV,MIL,,IRN,IRAN,IRN,,,,,,,,1,190,190,19,4,-10.0,2,1,2,-5.76923076923077,1,United States,US,US,,39.828175,-98.5795,US,1,United States,US,US,,39.828175,-98.5795,US,1,United States,US,US,,39.828175,-98.5795,US,20260304154500,https://www.mediaite.com/media/news/trump-war-chief-hegseth-confronted-over-attack-on-girls-school-that-killed-160-children/
1292362108,20260304,202603,2026,2026.1753,GOVMIL,DEFENCE SECRETARY,,,,,,GOV,MIL,,MED,MEDIA,,,,,,MED,,,1,40,40,4,1,1.0,6,1,6,-6.25,2,"Connecticut, United States",US,USCT,,41.5834,-72.7622,CT,2,"Connecticut, United States",US,USCT,,41.5834,-72.7622,CT,2,"Connecticut, United States",US,USCT,,41.5834,-72.7622,CT,20260304154500,https://newrepublic.com/post/207330/pete-hegseth-troops-dying-iran-donald-trump-look-bad
1292362109,20260304,202603,2026,2026.1753,GOVMIL,DEFENCE SECRETARY,,,,,,GOV,MIL,,MED,MEDIA,,,,,,MED,,,1,40,40,4,1,1.0,2,1,2,-6.25,2,"Connecticut, United States",US,USCT,,41.5834,-72.7622,CT,1,Iran,IR,IR,,32.0,53.0,IR,1,Iran,IR,IR,,32.0,53.0,IR,20260304154500,https://newrepublic.com/post/207330/pete-hegseth-troops-dying-iran-donald-trump-look-bad
1292362110,20260304,202603,2026,2026.1753,GOVMIL,DEFENCE SECRETARY,,,,,,GOV,MIL,,MED,MEDIA,,,,,,MED,,,1,114,114,11,3,-2.0,8,1,8,-6.25,1,Iran,IR,IR,,32.0,53.0,IR,1,Iran,IR,IR,,32.0,53.0,IR,1,Iran,IR,IR,,32.0,53.0,IR,20260304154500,https://newrepublic.com/post/207330/pete-hegseth-troops-dying-iran-donald-trump-look-bad
1292362111,20260304,202603,2026,2026.1753,GOVMIL,DEFENSE SECRETARY,,,,,,GOV,MIL,,MIL,MILITARY,,,,,,MIL,,,0,10,10,1,1,0.0,6,1,6,-3.91404451266308,4,"Tehran, Tehran, Iran",IR,IR26,41130,35.75,51.5148,10074674,4,"Tehran, Tehran, Iran",IR,IR26,41130,35.75,51.5148,10074674,4,"Tehran, Tehran, Iran",IR,IR26,41130,35.75,51.5148,10074674,20260304154500,https://www.foxla.com/news/iran-war-continues-march-4-2026
1292362112,20260304,202603,2026,2026.1753,GOVMIL,DEFENSE SECRETARY,,,,,,GOV,MIL,,MIL,MILITARY,,,,,,MIL,,,0,10,10,1,1,0.0,2,1,2,-3.91404451266308,3,"Des Moines, Iowa, United States",US,USIA,IA153,41.6005,-93.6091,465961,4,"Tehran, Tehran, Iran",IR,IR26,41130,35.75,51.5148,10074674,3,"Des Moines, Iowa, United States",US,USIA,,41.6005,-93.6091,465961,20260304154500,https://www.foxla.com/news/iran-war-continues-march-4-2026
1292362113,20260304,202603,2026,2026.1753,GOVMIL,DEFENSE MINIST,,,,,,GOV,MIL,,ROU,ROMANIA,,,,,,,,,0,51,51,5,1,3.4,2,1,2,3.45744680851064,4,"Bucharest, Bucuresti, Romania",RO,RO10,25006,44.4333,26.1,-1153951,4,"Bucharest, Bucuresti, Romania",RO,RO10,25006,44.4333,26.1,-1153951,4,"Bucharest, Bucuresti, Romania",RO,RO10,25006,44.4333,26.1,-1153951,20260304154500,https://www.stiripesurse.ro/bulgarias-national-day-celebrated-at-the-romanian-parliament-the-worlds-second-largest-administrative-building_3864627
1292362114,20260304,202603,2026,2026.1753,GOVMIL,DEFENSE SECRETARY,,,,,,GOV,MIL,,USA,UNITED STATES,USA,,,,,,,,1,12,12,1,1,-0.4,6,1,6,-7.86240786240786,4,"Tehran, Tehran, Iran",IR,IR26,41130,35.75,51.5148,10074674,1,United States,US,US,,39.828175,-98.5795,US,1,United States,US,US,,39.828175,-98.5795,US,20260304154500,https://www.aljazeera.com/news/2026/3/4/hegseth-says-more-us-forces-arriving-in-middle-east-as-iran-war-ramps-up
1292362115,20260304,202603,2026,2026.1753,GOVMIL,DEFENSE SECRETARY,,,,,,GOV,MIL,,USA,UNITED STATES,USA,,,,,,,,1,12,12,1,1,-0.4,2,1,2,-7.86240786240786,1,United States,US,US,,39.828175,-98.5795,US,1,United States,US,US,,39.828175,-98.5795,US,1,United States,US,US,,39.828175,-98.5795,US,20260304154500,https://www.aljazeera.com/news/2026/3/4/hegseth-says-more-us-forces-arriving-in-middle-east-as-iran-war-ramps-up
1292362116,20260304,202603,2026,2026.1753,GOVMIL,DEFENSE MINIST,,,,,,GOV,MIL,,USAMED,THE ASSOCIATED PRESS,USA,,,,,MED,,,1,11,11,1,1,-0.1,20,2,20,-2.84170110782324,4,"Quito, Pichincha, Ecuador",EC,EC18,18585,-0.216667,-78.5,-932573,4,"Quito, Pichincha, Ecuador",EC,EC18,18585,-0.216667,-78.5,-932573,4,"Quito, Pichincha, Ecuador",EC,EC18,18585,-0.216667,-78.5,-932573,20260304154500,https://www.wgauradio.com/news/world/us-ecuador-launch/HAAKXTR7UYZSZDXR5SRDCTT4Z4/
1292362117,20260304,202603,2026,2026.1753,GOVMIL,DEFENSE MINIST,,,,,,GOV,MIL,,USAMED,THE ASSOCIATED PRESS,USA,,,,,MED,,,1,124,124,12,3,-4.0,20,2,20,-2.84170110782324,4,"Quito, Pichincha, Ecuador",EC,EC18,18585,-0.216667,-78.5,-932573,4,"Quito, Pichincha, Ecuador",EC,EC18,18585,-0.216667,-78.5,-932573,4,"Quito, Pichincha, Ecuador",EC,EC18,18585,-0.216667,-78.5,-932573,20260304154500,https://www.wgauradio.com/news/world/us-ecuador-launch/HAAKXTR7UYZSZDXR5SRDCTT4Z4/
1292362118,20260304,202603,2026,2026.1753,GOVREL,KING,,,,,,GOV,,,MIL,ARMY,,,,,,MIL,,,1,190,190,19,4,-10.0,4,1,4,-1.53172866520788,4,"Rome, Lazio, Italy",IT,IT07,18350,41.9,12.4833,-126693,4,"Rome, Lazio, Italy",IT,IT07,18350,41.9,12.4833,-126693,4,"Rome, Lazio, Italy",IT,IT07,18350,41.9,12.4833,-126693,20260304154500,https://aleteia.org/2022/03/04/when-st-casimir-chose-peace-instead-of-war-in-eastern-europe/
1292362119,20260304,202603,2026,2026.1753,GRC,GREEK,GRC,,,,,,,,,,,,,,,,,,1,25,25,2,1,-0.3,10,1,10,-5.79710144927536,4,"Mykonos, Perifereia Notiou Aigaiou, Greece",GR,GR61,16709,37.45,25.3333,-823958,0,,,,,,,,4,"Mykonos, Perifereia Notiou Aigaiou, Greece",GR,GR61,16709,37.45,25.3333,-823958,20260304154500,https://www.aol.co.uk/articles/harry-maguire-handed-15-month-151726112.html
1292362120,20260304,202603,2026,2026.1753,GRC,GREEK,GRC,,,,,,,,,,,,,,,,,,1,80,80,8,2,5.0,10,1,10,-5.79710144927536,4,"Mykonos, Perifereia Notiou Aigaiou, Greece",GR,GR61,16709,37.45,25.3333,-823958,0,,,,,,,,4,"Mykonos, Perifereia Notiou Aigaiou, Greece",GR,GR61,16709,37.45,25.3333,-823958,20260304154500,https://www.aol.co.uk/articles/harry-maguire-handed-15-month-151726112.html
1292362121,20260304,202603,2026,2026.1753,GRC,GREEK,GRC,,,,,,,,,,,,,,,,,,1,81,81,8,2,5.0,20,1,10,-5.79710144927536,4,"Mykonos, Perifereia Notiou Aigaiou, Greece",GR,GR61,16709,37.45,25.3333,-823958,0,,,,,,,,4,"Mykonos, Perifereia Notiou Aigaiou, Greece",GR,GR61,16709,37.45,25.3333,-823958,20260304154500,https://www.aol.co.uk/articles/harry-maguire-handed-15-month-151726112.html
1292362122,20260304,202603,2026,2026.1753,GRC,GREEK,GRC,,,,,,,,,,,,,,,,,,1,112,112,11,3,-2.0,10,1,10,-8.91472868217057,1,Turkey,TU,TU,,39.059012,34.911546,TU,0,,,,,,,,1,Turkey,TU,TU,,39.059012,34.911546,TU,20260304154500,https://cpt.org/2026/03/04/the-architecture-of-crimmigration-and-the-chios-tragedy
1292362123,20260304,202603,2026,2026.1753,GRC,GREECE,GRC,,,,,,,,CYP,CYPRIOT,CYP,,,,,,,,0,120,120,12,3,-4.0,8,1,8,-8.28924162257495,4,"Akrotiri, Perifereia Notiou Aigaiou, Greece",GR,GR61,16709,36.3584,25.3959,-813565,1,Cyprus,CY,CY,,35.0,33.0,CY,1,Cyprus,CY,CY,,35.0,33.0,CY,20260304154500,https://pmnewsnigeria.com/2026/03/04/iran-tried-to-kill-president-trump-as-u-s-vows-to-deliver-death-and-destruction-from-the-sky/
1292362124,20260304,202603,2026,2026.1753,GRC,GREECE,GRC,,,,,,,,CYP,CYPRIOT,CYP,,,,,,,,0,120,120,12,3,-4.0,2,1,2,-8.28924162257495,4,"Tehran, Tehran, Iran",IR,IR26,41130,35.75,51.5148,10074674,4,"Akrotiri, Perifereia Notiou Aigaiou, Greece",GR,GR61,16709,36.3584,25.3959,-813565,4,"Akrotiri, Perifereia Notiou Aigaiou, Greece",GR,GR61,16709,36.3584,25.3959,-813565,20260304154500,https://pmnewsnigeria.com/2026/03/04/iran-tried-to-kill-president-trump-as-u-s-vows-to-deliver-death-and-destruction-from-the-sky/
1292362125,20260304,202603,2026,2026.1753,GRC,GREECE,GRC,,,,,,,,EGY,EGYPTIAN,EGY,,,,,,,,1,10,10,1,1,0.0,3,1,3,-5.67226890756306,1,Egypt,EG,EG,,27.0,30.0,EG,1,Egypt,EG,EG,,27.0,30.0,EG,1,Egypt,EG,EG,,27.0,30.0,EG,20260304154500,https://balkaninsight.com/2026/03/04/greek-final-court-decision-rules-that-golden-dawn-is-a-criminal-organisation/
1292362126,20260304,202603,2026,2026.1753,GRC,GREECE,GRC,,,,,,,,EGY,EGYPTIAN,EGY,,,,,,,,1,190,190,19,4,-10.0,2,1,2,-5.67226890756306,1,Egypt,EG,EG,,27.0,30.0,EG,1,Egypt,EG,EG,,27.0,30.0,EG,1,Egypt,EG,EG,,27.0,30.0,EG,20260304154500,https://balkaninsight.com/2026/03/04/greek-final-court-decision-rules-that-golden-dawn-is-a-criminal-organisation/
1292362127,20260304,202603,2026,2026.1753,HIN,HINDU,,,,HIN,,,,,,,,,,,,,,,1,51,51,5,1,3.4,5,1,5,7.19794344473004,4,"Mumbai, Maharashtra, India",IN,IN16,70184,18.975,72.8258,-2092174,0,,,,,,,,4,"Mumbai, Maharashtra, India",IN,IN16,70184,18.975,72.8258,-2092174,20260304154500,https://www.independent.co.uk/asia/india/holi-india-festival-colours-b2931558.html
1292362128,20260304,202603,2026,2026.1753,HIN,HINDU,,,,HIN,,,,,IND,AHMEDABAD,IND,,,,,,,,0,42,42,4,1,1.9,1,1,1,7.19794344473004,4,"Mumbai, Maharashtra, India",IN,IN16,70184,18.975,72.8258,-2092174,4,"Ahmedabad, Gujarat, India",IN,IN09,17644,23.0333,72.6167,-2088270,4,"Ahmedabad, Gujarat, India",IN,IN09,17644,23.0333,72.6167,-2088270,20260304154500,https://www.independent.co.uk/asia/india/holi-india-festival-colours-b2931558.html
1292362129,20260304,202603,2026,2026.1753,HIN,HINDU,,,,HIN,,,,,IND,AHMEDABAD,IND,,,,,,,,0,42,42,4,1,1.9,2,1,2,7.19794344473004,4,"Mumbai, Maharashtra, India",IN,IN16,70184,18.975,72.8258,-2092174,4,"Ahmedabad, Gujarat, India",IN,IN09,17644,23.0333,72.6167,-2088270,4,"Mumbai, Maharashtra, India",IN,IN16,70184,18.975,72.8258,-2092174,20260304154500,https://www.independent.co.uk/asia/india/holi-india-festival-colours-b2931558.html
1292362130,20260304,202603,2026,2026.1753,HIN,HINDU,,,,HIN,,,,,IND,AHMEDABAD,IND,,,,,,,,0,42,42,4,1,1.9,3,1,3,7.19794344473004,4,"Mumbai, Maharashtra, India",IN,IN16,70184,18.975,72.8258,-2092174,4,"Mumbai, Maharashtra, India",IN,IN16,70184,18.975,72.8258,-2092174,4,"Mumbai, Maharashtra, India",IN,IN16,70184,18.975,72.8258,-2092174,20260304154500,https://www.independent.co.uk/asia/india/holi-india-festival-colours-b2931558.html
1292362131,20260304,202603,2026,2026.1753,HIN,HINDU,,,,HIN,,,,,IND,AHMEDABAD,IND,,,,,,,,0,51,51,5,1,3.4,2,1,2,7.19794344473004,4,"Mumbai, Maharashtra, India",IN,IN16,70184,18.975,72.8258,-2092174,4,"Ahmedabad, Gujarat, India",IN,IN09,17644,23.0333,72.6167,-2088270,4,"Ahmedabad, Gujarat, India",IN,IN09,17644,23.0333,72.6167,-2088270,20260304154500,https://www.independent.co.uk/asia/india/holi-india-festival-colours-b2931558.html
1292362132,20260304,202603,2026,2026.1753,HIN,HINDU,,,,HIN,,,,,IND,AHMEDABAD,IND,,,,,,,,0,51,51,5,1,3.4,4,1,4,7.19794344473004,4,"Mumbai, Maharashtra, India",IN,IN16,70184,18.975,72.8258,-2092174,4,"Ahmedabad, Gujarat, India",IN,IN09,17644,23.0333,72.6167,-2088270,4,"Mumbai, Maharashtra, India",IN,IN16,70184,18.975,72.8258,-2092174,20260304154500,https://www.independent.co.uk/asia/india/holi-india-festival-colours-b2931558.html
1292362133,20260304,202603,2026,2026.1753,HIN,HINDU,,,,HIN,,,,,USAMED,REUTERS,USA,,,,,MED,,,0,42,42,4,1,1.9,2,1,2,7.19794344473004,4,"Mumbai, Maharashtra, India",IN,IN16,70184,18.975,72.8258,-2092174,4,"Ahmedabad, Gujarat, India",IN,IN09,17644,23.0333,72.6167,-2088270,4,"Mumbai, Maharashtra, India",IN,IN16,70184,18.975,72.8258,-2092174,20260304154500,https://www.independent.co.uk/asia/india/holi-india-festival-colours-b2931558.html
1292362134,20260304,202603,2026,2026.1753,HIN,HINDU,,,,HIN,,,,,USAMED,REUTERS,USA,,,,,MED,,,0,42,42,4,1,1.9,2,1,2,7.19794344473004,4,"Mumbai, Maharashtra, India",IN,IN16,70184,18.975,72.8258,-2092174,4,"Mumbai, Maharashtra, India",IN,IN16,70184,18.975,72.8258,-2092174,4,"Mumbai, Maharashtra, India",IN,IN16,70184,18.975,72.8258,-2092174,20260304154500,https://www.independent.co.uk/asia/india/holi-india-festival-colours-b2931558.html
1292362135,20260304,202603,2026,2026.1753,HIN,HINDU,,,,HIN,,,,,USAMED,REUTERS,USA,,,,,MED,,,0,51,51,5,1,3.4,4,1,4,7.19794344473004,4,"Mumbai, Maharashtra, India",IN,IN16,70184,18.975,72.8258,-2092174,4,"Ahmedabad, Gujarat, India",IN,IN09,17644,23.0333,72.6167,-2088270,4,"Mumbai, Maharashtra, India",IN,IN16,70184,18.975,72.8258,-2092174,20260304154500,https://www.independent.co.uk/asia/india/holi-india-festival-colours-b2931558.html
1292362136,20260304,202603,2026,2026.1753,HLH,HOSPITAL,,,,,,HLH,,,,,,,,,,,,,1,43,43,4,1,2.8,10,1,10,-7.11297071129707,4,"West Midlands, United Kingdom (general), United Kingdom",UK,UK00,40136,52.5,-1.96667,-2611326,0,,,,,,,,4,"West Midlands, United Kingdom (general), United Kingdom",UK,UK00,40136,52.5,-1.96667,-2611326,20260304154500,https://www.birminghammail.co.uk/news/midlands-news/teenager-badly-injured-serious-fall-33530488
1292362137,20260304,202603,2026,2026.1753,HLH,DOCTOR,,,,,,HLH,,,AUS,AUSTRALIA,AUS,,,,,,,,1,43,43,4,1,2.8,4,1,4,3.33333333333333,1,Australia,AS,AS,,-25.0,135.0,AS,1,Australia,AS,AS,,-25.0,135.0,AS,1,Australia,AS,AS,,-25.0,135.0,AS,20260304154500,https://pagesix.com/2026/03/04/celebrity-news/harry-jowsey-reveals-he-got-penis-botox/
1292362139,20260304,202603,2026,2026.1753,HLH,HOSPITAL,,,,,,HLH,,,GBR,BIRMINGHAM,GBR,,,,,,,,1,43,43,4,1,2.8,30,1,10,-7.11297071129707,4,"West Midlands, United Kingdom (general), United Kingdom",UK,UK00,40136,52.5,-1.96667,-2611326,4,"West Midlands, United Kingdom (general), United Kingdom",UK,UK00,40136,52.5,-1.96667,-2611326,4,"West Midlands, United Kingdom (general), United Kingdom",UK,UK00,40136,52.5,-1.96667,-2611326,20260304154500,https://www.birminghammail.co.uk/news/midlands-news/teenager-badly-injured-serious-fall-33530488
1292362140,20260304,202603,2026,2026.1753,HLH,HOSPITAL,,,,,,HLH,,,GHA,GHANA,GHA,,,,,,,,1,81,81,8,2,5.0,2,1,2,-7.03517587939699,4,"Accra, Greater Accra, Ghana",GH,GH01,190655,5.55,-0.216667,-2067935,4,"Accra, Greater Accra, Ghana",GH,GH01,190655,5.55,-0.216667,-2067935,4,"Accra, Greater Accra, Ghana",GH,GH01,190655,5.55,-0.216667,-2067935,20260304154500,https://www.myjoyonline.com/mamprobi-polyclinic-baby-theft-suspect-granted-%E2%82%B5200k-bail/
1292362141,20260304,202603,2026,2026.1753,HLH,HOSPITAL,,,,,,HLH,,,GHA,ACCRA,GHA,,,,,,,,1,173,173,17,4,-5.0,10,1,10,-7.03517587939699,4,"Accra, Greater Accra, Ghana",GH,GH01,190655,5.55,-0.216667,-2067935,4,"Accra, Greater Accra, Ghana",GH,GH01,190655,5.55,-0.216667,-2067935,4,"Accra, Greater Accra, Ghana",GH,GH01,190655,5.55,-0.216667,-2067935,20260304154500,https://www.myjoyonline.com/mamprobi-polyclinic-baby-theft-suspect-granted-%E2%82%B5200k-bail/
1292362142,20260304,202603,2026,2026.1753,HLH,HOSPITAL,,,,,,HLH,,,KHM,KANDAL,KHM,,,,,,,,1,43,43,4,1,2.8,3,1,3,4.51807228915663,4,"Kandal, KâóSpoe, Cambodia",CB,CB04,12362,11.7152,103.816,-1026826,4,"Kandal, KâóSpoe, Cambodia",CB,CB04,12362,11.7152,103.816,-1026826,4,"Kandal, KâóSpoe, Cambodia",CB,CB04,12362,11.7152,103.816,-1026826,20260304154500,https://www.akp.gov.kh/post/detail/363994
1292362143,20260304,202603,2026,2026.1753,HLH,DOCTOR,,,,,,HLH,,,USA,TENNESSEE,USA,,,,,,,,0,51,51,5,1,3.4,10,1,10,0.67643742953777,2,"Tennessee, United States",US,USTN,,35.7449,-86.7489,TN,2,"Tennessee, United States",US,USTN,,35.7449,-86.7489,TN,2,"Tennessee, United States",US,USTN,,35.7449,-86.7489,TN,20260304154500,https://www.advocate.com/politics/states/anti-lgbtq-bill-wave-tennessee
1292362144,20260304,202603,2026,2026.1753,HUN,HUNGARY,HUN,,,,,,,,REL,SAINT,,,,,,,,,1,10,10,1,1,0.0,2,1,2,-1.53172866520788,4,"Rome, Lazio, Italy",IT,IT07,18350,41.9,12.4833,-126693,4,"Rome, Lazio, Italy",IT,IT07,18350,41.9,12.4833,-126693,4,"Rome, Lazio, Italy",IT,IT07,18350,41.9,12.4833,-126693,20260304154500,https://aleteia.org/2022/03/04/when-st-casimir-chose-peace-instead-of-war-in-eastern-europe/
1292362145,20260304,202603,2026,2026.1753,HUN,HUNGARY,HUN,,,,,,,,RUS,RUSSIA,RUS,,,,,,,,1,100,100,10,3,-5.0,10,1,10,-7.37704918032787,4,"Budapest, Budapest, Hungary",HU,HU05,17514,47.5,19.0833,-850553,4,"Budapest, Budapest, Hungary",HU,HU05,17514,47.5,19.0833,-850553,4,"Budapest, Budapest, Hungary",HU,HU05,17514,47.5,19.0833,-850553,20260304154500,https://www.yahoo.com/news/articles/hungary-presses-russia-not-hike-134651378.html
1292362146,20260304,202603,2026,2026.1753,HUN,HUNGARY,HUN,,,,,,,,UKR,UKRAINE,UKR,,,,,,,,0,14,14,1,1,0.0,1,1,1,-7.37704918032787,4,"Kyiv, Kyyiv, Misto, Ukraine",UP,UP12,28554,50.4333,30.5167,-1044367,4,"Kremlin, Moskva, Russia",RS,RS48,25106,55.7522,37.6156,-2960561,4,"Kremlin, Moskva, Russia",RS,RS48,25106,55.7522,37.6156,-2960561,20260304154500,https://www.yahoo.com/news/articles/hungary-presses-russia-not-hike-134651378.html
1292362147,20260304,202603,2026,2026.1753,HUN,HUNGARY,HUN,,,,,,,,UKR,UKRAINE,UKR,,,,,,,,0,14,14,1,1,0.0,1,1,1,-7.37704918032787,4,"Budapest, Budapest, Hungary",HU,HU05,17514,47.5,19.0833,-850553,4,"Kyiv, Kyyiv, Misto, Ukraine",UP,UP12,28554,50.4333,30.5167,-1044367,4,"Kyiv, Kyyiv, Misto, Ukraine",UP,UP12,28554,50.4333,30.5167,-1044367,20260304154500,https://www.yahoo.com/news/articles/hungary-presses-russia-not-hike-134651378.html
1292362148,20260304,202603,2026,2026.1753,IGOAFRAFU,THE AU,AFR,,,,,IGO,,,LBR,LIBERIA,LBR,,,,,,,,1,54,54,5,1,6.0,10,1,10,1.24031007751938,4,"Mano River, Liberia (general), Liberia",LI,LI00,25417,6.93667,-11.5206,-2133789,4,"Mano River, Liberia (general), Liberia",LI,LI00,25417,6.93667,-11.5206,-2133789,4,"Mano River, Liberia (general), Liberia",LI,LI00,25417,6.93667,-11.5206,-2133789,20260304154500,https://allafrica.com/stories/202603040502.html
1292362149,20260304,202603,2026,2026.1753,IGOEUREEC,THE EUROPEAN UNION,EUR,EEC,,,,IGO,,,,,,,,,,,,,1,10,10,1,1,0.0,10,1,10,-5.63380281690141,1,Iran,IR,IR,,32.0,53.0,IR,0,,,,,,,,1,Iran,IR,IR,,32.0,53.0,IR,20260304154500,https://www.channelnewsasia.com/watch/eu-gas-supply-coordination-group-meeting-discuss-energy-impact-5970891
1292362150,20260304,202603,2026,2026.1753,IGOEUREEC,THE EUROPEAN UNION,EUR,EEC,,,,IGO,,,,,,,,,,,,,1,40,40,4,1,1.0,10,1,10,-5.63380281690141,1,Iran,IR,IR,,32.0,53.0,IR,0,,,,,,,,1,Iran,IR,IR,,32.0,53.0,IR,20260304154500,https://www.channelnewsasia.com/watch/eu-gas-supply-coordination-group-meeting-discuss-energy-impact-5970891
1292362151,20260304,202603,2026,2026.1753,IGOEUREEC,THE EUROPEAN UNION,EUR,EEC,,,,IGO,,,GBR,BRITISH,GBR,,,,,,,,1,40,40,4,1,1.0,8,1,8,2.53411306042885,1,Russia,RS,RS,,60.0,100.0,RS,4,"London, London, City of, United Kingdom",UK,UKH9,40110,51.5,-0.116667,-2601889,4,"London, London, City of, United Kingdom",UK,UKH9,40110,51.5,-0.116667,-2601889,20260304154500,https://timesca.com/tag/ca5uk/
1292362152,20260304,202603,2026,2026.1753,IGOSEAASN,ASEAN,SEA,ASN,,,,IGO,,,KHM,PHNOM PENH,KHM,,,,,,,,1,46,46,4,1,7.0,10,1,10,2.65151515151515,4,"Phnom Penh, (CB11), Cambodia",CB,CB11,12390,11.55,104.917,-1033783,4,"Phnom Penh, (CB11), Cambodia",CB,CB11,12390,11.55,104.917,-1033783,4,"Phnom Penh, (CB11), Cambodia",CB,CB11,12390,11.55,104.917,-1033783,20260304154500,https://www.akp.gov.kh/post/detail/363991
1292362153,20260304,202603,2026,2026.1753,IGOUNO,UNITED NATIONS,,UNO,,,,IGO,,,CVL,CIVILIAN,,,,,,CVL,,,1,80,80,8,2,5.0,10,1,10,-7.86240786240786,4,"Tehran, Tehran, Iran",IR,IR26,41130,35.75,51.5148,10074674,4,"Tehran, Tehran, Iran",IR,IR26,41130,35.75,51.5148,10074674,4,"Tehran, Tehran, Iran",IR,IR26,41130,35.75,51.5148,10074674,20260304154500,https://www.aljazeera.com/news/2026/3/4/hegseth-says-more-us-forces-arriving-in-middle-east-as-iran-war-ramps-up
1292362154,20260304,202603,2026,2026.1753,IGOUNO,UNITED NATIONS,,UNO,,,,IGO,,,CVL,CIVILIAN,,,,,,CVL,,,0,130,130,13,3,-4.4,10,1,10,-5.91259640102828,1,Ghana,GH,GH,,8.0,-2.0,GH,1,Ghana,GH,GH,,8.0,-2.0,GH,1,Ghana,GH,GH,,8.0,-2.0,GH,20260304154500,https://www.myjoyonline.com/bawumia-and-wife-evacuated-from-qatar-by-ghanaian-embassies-as-middle-east-tensions-escalate/
1292362155,20260304,202603,2026,2026.1753,IGOUNO,UNITED NATIONS,,UNO,,,,IGO,,,IRN,IRAN,IRN,,,,,,,,0,10,10,1,1,0.0,2,1,2,-4.28571428571429,4,"Tehran, Tehran, Iran",IR,IR26,41130,35.75,51.5148,10074674,1,United States,US,US,,39.828175,-98.5795,US,1,United States,US,US,,39.828175,-98.5795,US,20260304154500,https://www.islamicinvitationturkey.com/araghchi-accuses-trump-of-diplomacy-breach-and-u-s-betrayal-with-iran-assault/
1292362156,20260304,202603,2026,2026.1753,IGOUNO,UNITED NATIONS,,UNO,,,,IGO,,,IRN,IRAN,IRN,,,,,,,,0,10,10,1,1,0.0,2,1,2,-5.84878744650499,1,Israel,IS,IS,,31.5,34.75,IS,4,"Tehran, Tehran, Iran",IR,IR26,41130,35.75,51.5148,10074674,4,"Tehran, Tehran, Iran",IR,IR26,41130,35.75,51.5148,10074674,20260304154500,https://www.islamicinvitationturkey.com/tehran-criticizes-eu-over-nazi-mindsets-condemns-german-support-for-israeli-us-aggression/
1292362157,20260304,202603,2026,2026.1753,IGOUNO,UNITED NATIONS,,UNO,,,,IGO,,,KAZ,KAZAKHSTAN,KAZ,,,,,,,,0,50,50,5,1,3.5,10,1,10,4.55764075067024,1,Kazakhstan,KZ,KZ,,48.0,68.0,KZ,1,Kazakhstan,KZ,KZ,,48.0,68.0,KZ,1,Kazakhstan,KZ,KZ,,48.0,68.0,KZ,20260304154500,https://timesca.com/kazakhstan-plans-to-expand-nature-reserves-by-2-million-hectares-by-2035/
1292362158,20260304,202603,2026,2026.1753,IGOUNO,UNITED NATIONS,,UNO,,,,IGO,,,KAZ,KAZAKHSTAN,KAZ,,,,,,,,0,71,71,7,2,7.4,10,1,10,4.55764075067024,1,Kazakhstan,KZ,KZ,,48.0,68.0,KZ,1,Kazakhstan,KZ,KZ,,48.0,68.0,KZ,1,Kazakhstan,KZ,KZ,,48.0,68.0,KZ,20260304154500,https://timesca.com/kazakhstan-plans-to-expand-nature-reserves-by-2-million-hectares-by-2035/
1292362159,20260304,202603,2026,2026.1753,IGOUNOGOVHRI,UNITED NATIONS,,UNO,,,,IGO,GOV,HRI,TZA,TANZANIA,TZA,,,,,,,,1,10,10,1,1,0.0,10,1,10,-4.26829268292683,1,Tanzania,TZ,TZ,,-6.0,35.0,TZ,1,Tanzania,TZ,TZ,,-6.0,35.0,TZ,1,Tanzania,TZ,TZ,,-6.0,35.0,TZ,20260304154500,https://allafrica.com/view/group/main/main/id/00095929.html
1292362160,20260304,202603,2026,2026.1753,IGOUNOGOVHRI,UNITED NATIONS,,UNO,,,,IGO,GOV,HRI,TZA,TANZANIA,TZA,,,,,,,,1,51,51,5,1,3.4,10,1,10,-4.26829268292683,1,Tanzania,TZ,TZ,,-6.0,35.0,TZ,1,Tanzania,TZ,TZ,,-6.0,35.0,TZ,1,Tanzania,TZ,TZ,,-6.0,35.0,TZ,20260304154500,https://allafrica.com/view/group/main/main/id/00095929.html
1292362161,20260304,202603,2026,2026.1753,IGOWSTNAT,NATO,WST,NAT,,,,IGO,,,RUSMIL,RUSSIA,RUS,,,,,MIL,,,1,90,90,9,2,-2.0,10,1,10,0.0,4,"Kola Peninsula, Murmanskaya Oblast', Russia",RS,RS49,25079,67.2995,37.5509,-2931360,4,"Kola Peninsula, Murmanskaya Oblast', Russia",RS,RS49,25079,67.2995,37.5509,-2931360,4,"Kola Peninsula, Murmanskaya Oblast', Russia",RS,RS49,25079,67.2995,37.5509,-2931360,20260304154500,https://www.thebarentsobserver.com/security/not-all-eyes-are-on-the-middle-eastnbsp/446158
1292362162,20260304,202603,2026,2026.1753,IND,KOLKATA,IND,,,,,,,,GOV,PREMIER,,,,,,GOV,,,0,51,51,5,1,3.4,6,1,6,4.90463215258855,4,"Kolkata, West Bengal, India",IN,IN28,70294,22.5697,88.3697,-2092511,4,"Kolkata, West Bengal, India",IN,IN28,70294,22.5697,88.3697,-2092511,4,"Kolkata, West Bengal, India",IN,IN28,70294,22.5697,88.3697,-2092511,20260304154500,https://www.kalw.org/podcast/sandip-roys-dispatches-from-kolkata/2026-03-04/art-boxes
1292362163,20260304,202603,2026,2026.1753,IND,AHMEDABAD,IND,,,,,,,,HIN,HINDU,,,,HIN,,,,,0,43,43,4,1,2.8,2,1,2,7.19794344473004,4,"Ahmedabad, Gujarat, India",IN,IN09,17644,23.0333,72.6167,-2088270,4,"Mumbai, Maharashtra, India",IN,IN16,70184,18.975,72.8258,-2092174,4,"Ahmedabad, Gujarat, India",IN,IN09,17644,23.0333,72.6167,-2088270,20260304154500,https://www.independent.co.uk/asia/india/holi-india-festival-colours-b2931558.html
1292362164,20260304,202603,2026,2026.1753,IND,AHMEDABAD,IND,,,,,,,,HIN,HINDU,,,,HIN,,,,,0,43,43,4,1,2.8,4,1,4,7.19794344473004,4,"Ahmedabad, Gujarat, India",IN,IN09,17644,23.0333,72.6167,-2088270,4,"Mumbai, Maharashtra, India",IN,IN16,70184,18.975,72.8258,-2092174,4,"Mumbai, Maharashtra, India",IN,IN16,70184,18.975,72.8258,-2092174,20260304154500,https://www.independent.co.uk/asia/india/holi-india-festival-colours-b2931558.html
1292362166,20260304,202603,2026,2026.1753,IRL,IRELAND,IRL,,,,,,,,,,,,,,,,,,1,42,42,4,1,1.9,6,1,6,13.7096774193548,4,"Athlone, Westmeath, Ireland",EI,EI29,18307,53.4333,-7.95,-1500280,0,,,,,,,,4,"Athlone, Westmeath, Ireland",EI,EI29,18307,53.4333,-7.95,-1500280,20260304154500,https://www.westmeathindependent.ie/2026/03/04/athlone-and-moate-area-dominate-at-leinster-regional-restaurant-awards/
1292362167,20260304,202603,2026,2026.1753,IRL,IRELAND,IRL,,,,,,,,,,,,,,,,,,1,42,42,4,1,1.9,6,1,6,13.7096774193548,4,"Athlone, Westmeath, Ireland",EI,EI29,18307,53.4333,-7.95,-1500280,0,,,,,,,,5,"Westmeath, Westmeath, Ireland",EI,EI29,18307,53.5,-7.5,-1506168,20260304154500,https://www.westmeathindependent.ie/2026/03/04/athlone-and-moate-area-dominate-at-leinster-regional-restaurant-awards/
1292362168,20260304,202603,2026,2026.1753,IRL,IRELAND,IRL,,,,,,,,,,,,,,,,,,1,42,42,4,1,1.9,2,1,2,13.7096774193548,4,"Mullingar, Westmeath, Ireland",EI,EI29,18307,53.5333,-7.35,-1504774,0,,,,,,,,4,"Mullingar, Westmeath, Ireland",EI,EI29,18307,53.5333,-7.35,-1504774,20260304154500,https://www.westmeathindependent.ie/2026/03/04/athlone-and-moate-area-dominate-at-leinster-regional-restaurant-awards/
1292362169,20260304,202603,2026,2026.1753,IRL,IRELAND,IRL,,,,,,,,,,,,,,,,,,1,42,42,4,1,1.9,2,1,2,13.7096774193548,5,"Westmeath, Westmeath, Ireland",EI,EI29,18307,53.5,-7.5,-1506168,0,,,,,,,,5,"Westmeath, Westmeath, Ireland",EI,EI29,18307,53.5,-7.5,-1506168,20260304154500,https://www.westmeathindependent.ie/2026/03/04/athlone-and-moate-area-dominate-at-leinster-regional-restaurant-awards/
1292362170,20260304,202603,2026,2026.1753,IRL,IRELAND,IRL,,,,,,,,,,,,,,,,,,0,43,43,4,1,2.8,10,1,10,1.78913738019169,4,"Dublin, Dublin, Ireland",EI,EI07,18288,53.3331,-6.24889,-1502554,0,,,,,,,,4,"Dublin, Dublin, Ireland",EI,EI07,18288,53.3331,-6.24889,-1502554,20260304154500,https://www.businessinsider.com/moving-to-ireland-from-united-states-things-to-know-advice-2026-3
1292362171,20260304,202603,2026,2026.1753,IRL,IRELAND,IRL,,,,,,,,,,,,,,,,,,1,51,51,5,1,3.4,8,1,8,13.7096774193548,5,"Westmeath, Westmeath, Ireland",EI,EI29,18307,53.5,-7.5,-1506168,0,,,,,,,,5,"Westmeath, Westmeath, Ireland",EI,EI29,18307,53.5,-7.5,-1506168,20260304154500,https://www.westmeathindependent.ie/2026/03/04/athlone-and-moate-area-dominate-at-leinster-regional-restaurant-awards/
1292362172,20260304,202603,2026,2026.1753,IRL,IRELAND,IRL,,,,,,,,BUS,COMPANY,,,,,,BUS,,,1,46,46,4,1,7.0,2,1,2,5.20231213872832,1,Ireland,EI,EI,,53.0,-8.0,EI,1,Ireland,EI,EI,,53.0,-8.0,EI,1,Ireland,EI,EI,,53.0,-8.0,EI,20260304154500,https://deadline.com/2026/03/cartoon-saloon-ceo-anthony-leo-aircraft-pictures-the-breadwinner-1236743542/
1292362173,20260304,202603,2026,2026.1753,IRL,IRELAND,IRL,,,,,,,,BUS,COMPANY,,,,,,BUS,,,1,51,51,5,1,3.4,2,1,2,5.20231213872832,1,Ireland,EI,EI,,53.0,-8.0,EI,1,Ireland,EI,EI,,53.0,-8.0,EI,1,Ireland,EI,EI,,53.0,-8.0,EI,20260304154500,https://deadline.com/2026/03/cartoon-saloon-ceo-anthony-leo-aircraft-pictures-the-breadwinner-1236743542/
1292362174,20260304,202603,2026,2026.1753,IRN,IRANIAN,IRN,,,,,,,,,,,,,,,,,,1,10,10,1,1,0.0,2,1,2,-5.20581113801452,4,"Khorasan, Helmand, Afghanistan",AF,AF10,3500,32.2193,63.808,-3380846,0,,,,,,,,4,"Khorasan, Helmand, Afghanistan",AF,AF10,3500,32.2193,63.808,-3380846,20260304154500,https://timesca.com/opinion-islamic-state-khorasan-province-and-the-strategic-risks-for-central-asia/
1292362175,20260304,202603,2026,2026.1753,IRN,IRAN,IRN,,,,,,,,,,,,,,,,,,1,10,10,1,1,0.0,2,1,2,-7.4468085106383,4,"Shuaiba Port, Kuwait (general), Kuwait",KU,KU00,25307,29.0447,48.1592,-789889,0,,,,,,,,4,"Shuaiba Port, Kuwait (general), Kuwait",KU,KU00,25307,29.0447,48.1592,-789889,20260304154500,https://www.yahoo.com/news/articles/watch-live-pete-hegseth-offers-123734886.html
1292362176,20260304,202603,2026,2026.1753,IRN,IRAN,IRN,,,,,,,,,,,,,,,,,,1,10,10,1,1,0.0,2,1,2,-7.4468085106383,1,Iran,IR,IR,,32.0,53.0,IR,0,,,,,,,,4,"Shuaiba Port, Kuwait (general), Kuwait",KU,KU00,25307,29.0447,48.1592,-789889,20260304154500,https://www.yahoo.com/news/articles/watch-live-pete-hegseth-offers-123734886.html
1292362177,20260304,202603,2026,2026.1753,IRN,IRAN,IRN,,,,,,,,,,,,,,,,,,0,30,30,3,1,4.0,2,1,2,-2.95302013422819,1,North Korea,KN,KN,,40.0,127.0,KN,0,,,,,,,,1,North Korea,KN,KN,,40.0,127.0,KN,20260304154500,https://www.upi.com/Voices/2026/03/04/iran-us-war-outcome/4711772633151/
1292362178,20260304,202603,2026,2026.1753,IRN,IRAN,IRN,,,,,,,,,,,,,,,,,,1,40,40,4,1,1.0,2,1,2,-7.62195121951219,2,"Alabama, United States",US,USAL,,32.799,-86.8073,AL,0,,,,,,,,2,"Alabama, United States",US,USAL,,32.799,-86.8073,AL,20260304154500,https://crooksandliars.com/2026/03/absolute-dumbest-man-politics-thinks-youre
1292362179,20260304,202603,2026,2026.1753,IRN,IRAN,IRN,,,,,,,,,,,,,,,,,,1,43,43,4,1,2.8,3,1,3,-2.91878172588832,5,"Leicestershire, Leicestershire, United Kingdom",UK,UKH5,40119,52.6649,-1.03489,-2600962,0,,,,,,,,5,"Leicestershire, Leicestershire, United Kingdom",UK,UKH5,40119,52.6649,-1.03489,-2600962,20260304154500,https://www.leicestermercury.co.uk/news/local-news/leicestershire-family-stuck-kuwait-amid-10847276
1292362180,20260304,202603,2026,2026.1753,IRN,IRAN,IRN,,,,,,,,,,,,,,,,,,1,145,145,14,3,-7.5,5,1,5,-3.70370370370371,1,Iran,IR,IR,,32.0,53.0,IR,0,,,,,,,,1,Iran,IR,IR,,32.0,53.0,IR,20260304154500,https://www.independent.co.uk/news/science/archaeology/iran-swords-philadelphia-bronze-age-b2931723.html
1292362181,20260304,202603,2026,2026.1753,IRN,TEHRAN,IRN,,,,,,,,,,,,,,,,,,0,194,194,19,4,-10.0,1,1,1,-7.86240786240786,1,Israel,IS,IS,,31.5,34.75,IS,0,,,,,,,,4,"Tehran, Tehran, Iran",IR,IR26,41130,35.75,51.5148,10074674,20260304154500,https://www.aljazeera.com/news/2026/3/4/hegseth-says-more-us-forces-arriving-in-middle-east-as-iran-war-ramps-up
1292362182,20260304,202603,2026,2026.1753,IRN,IRAN,IRN,,,,,,,,AZE,AZERBAIJAN,AZE,,,,,,,,0,192,192,19,4,-9.5,6,1,6,-1.64609053497943,4,"Tehran, Tehran, Iran",IR,IR26,41130,35.75,51.5148,10074674,4,"Astara, Astara, Azerbaijan",AJ,AJ08,534,38.456,48.875,-2705081,4,"Tehran, Tehran, Iran",IR,IR26,41130,35.75,51.5148,10074674,20260304154500,https://timesca.com/turkmenistan-opens-additional-crossings-as-uzbekistan-evacuates-citizens-from-iran/
1292362183,20260304,202603,2026,2026.1753,IRN,IRAN,IRN,,,,,,,,AZE,AZERBAIJAN,AZE,,,,,,,,0,192,192,19,4,-9.5,4,1,4,-1.64609053497943,4,"Tehran, Tehran, Iran",IR,IR26,41130,35.75,51.5148,10074674,4,"Tehran, Tehran, Iran",IR,IR26,41130,35.75,51.5148,10074674,4,"Tehran, Tehran, Iran",IR,IR26,41130,35.75,51.5148,10074674,20260304154500,https://timesca.com/turkmenistan-opens-additional-crossings-as-uzbekistan-evacuates-citizens-from-iran/
1292362184,20260304,202603,2026,2026.1753,IRN,IRANIAN,IRN,,,,,,,,BGDREF,BANGLADESHI,BGD,,,,,REF,,,1,190,190,19,4,-10.0,10,1,10,-8.43373493975904,1,Iran,IR,IR,,32.0,53.0,IR,1,Bangladesh,BG,BG,,24.0,90.0,BG,1,Bangladesh,BG,BG,,24.0,90.0,BG,20260304154500,https://www.newsofbahrain.com/bahrain/127870.html
1292362185,20260304,202603,2026,2026.1753,IRN,IRAN,IRN,,,,,,,,CAN,CANADIAN,CAN,,,,,,,,0,43,43,4,1,2.8,2,1,2,-2.92134831460675,4,"Ottawa, Ontario, Canada",CA,CA08,12755,45.4167,-75.7,-570760,1,Egypt,EG,EG,,27.0,30.0,EG,1,Egypt,EG,EG,,27.0,30.0,EG,20260304154500,https://www.castanetkamloops.net/news/Canada/601813/Canada-secures-limited-seats-on-commercial-flights-from-Lebanon-as-conflict-widens
1292362186,20260304,202603,2026,2026.1753,IRN,IRAN,IRN,,,,,,,,CAN,CANADIAN,CAN,,,,,,,,0,43,43,4,1,2.8,8,1,8,-2.92134831460675,1,Iran,IR,IR,,32.0,53.0,IR,4,"Ottawa, Ontario, Canada",CA,CA08,12755,45.4167,-75.7,-570760,4,"Ottawa, Ontario, Canada",CA,CA08,12755,45.4167,-75.7,-570760,20260304154500,https://www.castanetkamloops.net/news/Canada/601813/Canada-secures-limited-seats-on-commercial-flights-from-Lebanon-as-conflict-widens
1292362187,20260304,202603,2026,2026.1753,IRN,IRANIAN,IRN,,,,,,,,CHN,CHINA,CHN,,,,,,,,0,61,61,6,2,6.4,2,1,2,-4.10094637223975,4,"Tehran, Tehran, Iran",IR,IR26,41130,35.75,51.5148,10074674,4,"Tehran, Tehran, Iran",IR,IR26,41130,35.75,51.5148,10074674,4,"Tehran, Tehran, Iran",IR,IR26,41130,35.75,51.5148,10074674,20260304154500,https://www.yahoo.com/news/articles/pakistan-then-iran-chinese-air-130000354.html
1292362188,20260304,202603,2026,2026.1753,IRN,IRANIAN,IRN,,,,,,,,CHN,CHINA,CHN,,,,,,,,0,61,61,6,2,6.4,8,1,8,-4.10094637223975,4,"Tehran, Tehran, Iran",IR,IR26,41130,35.75,51.5148,10074674,1,China,CH,CH,,35.0,105.0,CH,1,China,CH,CH,,35.0,105.0,CH,20260304154500,https://www.yahoo.com/news/articles/pakistan-then-iran-chinese-air-130000354.html
1292362189,20260304,202603,2026,2026.1753,IRN,IRANIAN,IRN,,,,,,,,CVL,CIVILIAN,,,,,,CVL,,,1,62,62,6,2,7.4,12,4,12,-2.91970802919708,4,"Tehran, Tehran, Iran",IR,IR26,41130,35.75,51.5148,10074674,4,"Tehran, Tehran, Iran",IR,IR26,41130,35.75,51.5148,10074674,4,"Tehran, Tehran, Iran",IR,IR26,41130,35.75,51.5148,10074674,20260304154500,https://www.sun-sentinel.com/2026/03/04/hegseth-iran-air-attacks/
1292362190,20260304,202603,2026,2026.1753,IRN,IRANIAN,IRN,,,,,,,,CVL,CIVILIAN,,,,,,CVL,,,1,174,174,17,4,-5.0,1,1,1,-1.27795527156549,4,"Milan, Lombardia, Italy",IT,IT09,18363,45.4667,9.2,-121726,1,Iran,IR,IR,,32.0,53.0,IR,1,Iran,IR,IR,,32.0,53.0,IR,20260304154500,https://www.independent.ie/world-news/middle-east/us-sinks-iranian-warship-killing-at-least-80-israel-begins-strikes-in-southern-lebanon-as-civilians-are-ordered-to-evacuate/a627608921.html
1292362191,20260304,202603,2026,2026.1753,IRN,IRANIAN,IRN,,,,,,,,CVL,CIVILIAN,,,,,,CVL,,,1,174,174,17,4,-5.0,1,1,1,-1.27795527156549,4,"Colombo, Western, Sri Lanka",CE,CE36,25852,6.93194,79.8478,-2214877,4,"Milan, Lombardia, Italy",IT,IT09,18363,45.4667,9.2,-121726,1,India,IN,IN,,20.0,77.0,IN,20260304154500,https://www.independent.ie/world-news/middle-east/us-sinks-iranian-warship-killing-at-least-80-israel-begins-strikes-in-southern-lebanon-as-civilians-are-ordered-to-evacuate/a627608921.html
1292362192,20260304,202603,2026,2026.1753,IRN,IRAN,IRN,,,,,,,,EDU,SCHOOL,,,,,,EDU,,,0,14,14,1,1,0.0,2,1,2,-10.6100795755968,4,"Minab, Sistan va Baluchestan, Iran",IR,IR04,41051,25.7893,61.1025,293743,4,"Minab, Sistan va Baluchestan, Iran",IR,IR04,41051,25.7893,61.1025,293743,4,"Minab, Sistan va Baluchestan, Iran",IR,IR04,41051,25.7893,61.1025,293743,20260304154500,https://www.presstv.ir/Detail/2026/03/04/764951/Another-girls-school-targeted-in-US-Israeli-attacks-on-Iran
1292362193,20260304,202603,2026,2026.1753,IRN,IRANIAN,IRN,,,,,,,,EDU,SCHOOL,,,,,,EDU,,,0,42,42,4,1,1.9,4,2,4,-4.386957181901,1,Israel,IS,IS,,31.5,34.75,IS,4,"Tehran, Tehran, Iran",IR,IR26,41130,35.75,51.5148,10074674,1,Israel,IS,IS,,31.5,34.75,IS,20260304154500,https://www.wkyufm.org/news/2026-03-04/the-u-s-sinks-irans-ships-and-slams-its-missile-launchers-as-the-war-enters-day-5
1292362194,20260304,202603,2026,2026.1753,IRN,IRAN,IRN,,,,,,,,ELI,ACTOR,,,,,,ELI,,,0,20,20,2,1,3.0,8,1,8,-2.05973223480948,1,Iran,IR,IR,,32.0,53.0,IR,1,Iran,IR,IR,,32.0,53.0,IR,1,Iran,IR,IR,,32.0,53.0,IR,20260304154500,https://talkingpointsmemo.com/news/iran-blood-moon-purim-end-times-trump
1292362195,20260304,202603,2026,2026.1753,IRN,IRAN,IRN,,,,,,,,ELI,ACTOR,,,,,,ELI,,,0,20,20,2,1,3.0,2,1,2,-2.05973223480948,1,Israel,IS,IS,,31.5,34.75,IS,1,Iran,IR,IR,,32.0,53.0,IR,1,Israel,IS,IS,,31.5,34.75,IS,20260304154500,https://talkingpointsmemo.com/news/iran-blood-moon-purim-end-times-trump
1292362196,20260304,202603,2026,2026.1753,IRN,IRAN,IRN,,,,,,,,ELI,ACTOR,,,,,,ELI,,,1,111,111,11,3,-2.0,6,1,6,-8.02292263610315,4,"Tehran, Tehran, Iran",IR,IR26,41130,35.75,51.5148,10074674,4,"Tehran, Tehran, Iran",IR,IR26,41130,35.75,51.5148,10074674,4,"Tehran, Tehran, Iran",IR,IR26,41130,35.75,51.5148,10074674,20260304154500,https://news.webindia123.com/news/Articles/Entertainment/20260304/4423460.html
1292362197,20260304,202603,2026,2026.1753,IRN,IRANIAN,IRN,,,,,,,,ESP,SPAIN,ESP,,,,,,,,1,190,190,19,4,-10.0,2,1,2,-6.63176265270506,4,"Gaza, Israel (general), Israel",IS,IS00,18315,31.4167,34.3333,-797156,4,"Gaza, Israel (general), Israel",IS,IS00,18315,31.4167,34.3333,-797156,4,"Gaza, Israel (general), Israel",IS,IS00,18315,31.4167,34.3333,-797156,20260304154500,https://www.upi.com/Top_News/World-News/2026/03/04/Spain-Canada-set-out-Iran-war-stances/2511772628375/
1292362198,20260304,202603,2026,2026.1753,IRN,IRAN,IRN,,,,,,,,GOV,FOREIGN MINIST,,,,,,GOV,,,0,14,14,1,1,0.0,4,1,4,-10.6100795755968,4,"Minab, Sistan va Baluchestan, Iran",IR,IR04,41051,25.7893,61.1025,293743,4,"Minab, Sistan va Baluchestan, Iran",IR,IR04,41051,25.7893,61.1025,293743,4,"Minab, Sistan va Baluchestan, Iran",IR,IR04,41051,25.7893,61.1025,293743,20260304154500,https://www.presstv.ir/Detail/2026/03/04/764951/Another-girls-school-targeted-in-US-Israeli-attacks-on-Iran
1292362199,20260304,202603,2026,2026.1753,IRN,IRAN,IRN,,,,,,,,GOV,GOVERNMENT,,,,,,GOV,,,0,50,50,5,1,3.5,2,1,2,-2.49294449670743,4,"Tehran, Tehran, Iran",IR,IR26,41130,35.75,51.5148,10074674,4,"Tehran, Tehran, Iran",IR,IR26,41130,35.75,51.5148,10074674,4,"Munich, Bayern, Germany",GM,GM02,16532,48.15,11.5833,-1829149,20260304154500,https://www.presstv.ir/Detail/2026/02/14/764052/the-munich-paradox-a-security-forums-embrace-of-war-advocates-under-the-guise-of-dialogue%20class=hover-effect
1292362200,20260304,202603,2026,2026.1753,IRN,IRAN,IRN,,,,,,,,GOV,PRESIDENT,,,,,,GOV,,,1,51,51,5,1,3.4,2,1,2,-3.36134453781513,1,Israel,IS,IS,,31.5,34.75,IS,1,Israel,IS,IS,,31.5,34.75,IS,1,Israel,IS,IS,,31.5,34.75,IS,20260304154500,https://www.foxnews.com/media/sen-kennedy-praises-trumps-resolve-iran-says-world-safer-today-because-what-hes-done
1292362201,20260304,202603,2026,2026.1753,IRN,IRAN,IRN,,,,,,,,GOV,PRESIDENT,,,,,,GOV,,,1,185,185,18,4,-8.0,2,1,2,-8.28924162257495,4,"Tehran, Tehran, Iran",IR,IR26,41130,35.75,51.5148,10074674,3,"Washington, District of Columbia, United States",US,USDC,DC001,38.8951,-77.0364,531871,4,"Tehran, Tehran, Iran",IR,IR26,41130,35.75,51.5148,10074674,20260304154500,https://pmnewsnigeria.com/2026/03/04/iran-tried-to-kill-president-trump-as-u-s-vows-to-deliver-death-and-destruction-from-the-sky/
1292362202,20260304,202603,2026,2026.1753,IRN,IRAN,IRN,,,,,,,,GOV,RULER,,,,,,GOV,,,1,186,186,18,4,-10.0,1,1,1,-7.01298701298701,4,"Tehran, Tehran, Iran",IR,IR26,41130,35.75,51.5148,10074674,1,Israel,IS,IS,,31.5,34.75,IS,4,"Tehran, Tehran, Iran",IR,IR26,41130,35.75,51.5148,10074674,20260304154500,https://indianexpress.com/article/world/iran-us-israel-war-day-5-updates-death-toll-ayatollah-ali-khamenei-us-submarine-iran-warship-10564578/
1292362203,20260304,202603,2026,2026.1753,IRN,IRAN,IRN,,,,,,,,GOV,RULER,,,,,,GOV,,,1,186,186,18,4,-10.0,1,1,1,-7.01298701298701,4,"Tehran, Tehran, Iran",IR,IR26,41130,35.75,51.5148,10074674,1,Israel,IS,IS,,31.5,34.75,IS,1,Israel,IS,IS,,31.5,34.75,IS,20260304154500,https://indianexpress.com/article/world/iran-us-israel-war-day-5-updates-death-toll-ayatollah-ali-khamenei-us-submarine-iran-warship-10564578/
1292362204,20260304,202603,2026,2026.1753,IRN,IRAN,IRN,,,,,,,,GOVMIL,SECRETARY OF DEFENSE,,,,,,GOV,MIL,,0,40,40,4,1,1.0,1,1,1,-5.78905630452022,1,Iran,IR,IR,,32.0,53.0,IR,1,Iran,IR,IR,,32.0,53.0,IR,1,Iran,IR,IR,,32.0,53.0,IR,20260304154500,https://www.aljazeera.com/news/2026/3/4/why-are-the-us-and-israel-framing-the-ongoing-conflict-as-a-religious-war
1292362205,20260304,202603,2026,2026.1753,IRN,IRAN,IRN,,,,,,,,GOVMIL,DEFENSE SECRETARY,,,,,,GOV,MIL,,1,43,43,4,1,2.8,6,1,6,-7.86240786240786,4,"Tehran, Tehran, Iran",IR,IR26,41130,35.75,51.5148,10074674,4,"Tehran, Tehran, Iran",IR,IR26,41130,35.75,51.5148,10074674,1,United States,US,US,,39.828175,-98.5795,US,20260304154500,https://www.aljazeera.com/news/2026/3/4/hegseth-says-more-us-forces-arriving-in-middle-east-as-iran-war-ramps-up
1292362206,20260304,202603,2026,2026.1753,IRN,IRAN,IRN,,,,,,,,GOVMIL,DEFENSE SECRETARY,,,,,,GOV,MIL,,1,43,43,4,1,2.8,2,1,2,-7.86240786240786,4,"Tehran, Tehran, Iran",IR,IR26,41130,35.75,51.5148,10074674,1,United States,US,US,,39.828175,-98.5795,US,1,United States,US,US,,39.828175,-98.5795,US,20260304154500,https://www.aljazeera.com/news/2026/3/4/hegseth-says-more-us-forces-arriving-in-middle-east-as-iran-war-ramps-up
1292362207,20260304,202603,2026,2026.1753,IRN,IRAN,IRN,,,,,,,,IRNGOV,IRAN,IRN,,,,,GOV,,,1,40,40,4,1,1.0,2,1,2,-5.84878744650499,1,Israel,IS,IS,,31.5,34.75,IS,1,Israel,IS,IS,,31.5,34.75,IS,1,Israel,IS,IS,,31.5,34.75,IS,20260304154500,https://www.islamicinvitationturkey.com/tehran-criticizes-eu-over-nazi-mindsets-condemns-german-support-for-israeli-us-aggression/
1292362208,20260304,202603,2026,2026.1753,IRN,IRAN,IRN,,,,,,,,IRNGOV,IRAN,IRN,,,,,GOV,,,1,51,51,5,1,3.4,2,1,2,-3.36134453781513,1,Israel,IS,IS,,31.5,34.75,IS,1,Israel,IS,IS,,31.5,34.75,IS,1,Israel,IS,IS,,31.5,34.75,IS,20260304154500,https://www.foxnews.com/media/sen-kennedy-praises-trumps-resolve-iran-says-world-safer-today-because-what-hes-done
1292362209,20260304,202603,2026,2026.1753,IRN,IRANIAN,IRN,,,,,,,,IRNMIL,IRAN,IRN,,,,,MIL,,,1,190,190,19,4,-10.0,8,1,8,-6.36942675159235,1,Iran,IR,IR,,32.0,53.0,IR,1,Iran,IR,IR,,32.0,53.0,IR,1,Iran,IR,IR,,32.0,53.0,IR,20260304154500,https://english.news.cn/northamerica/20260304/edbc99a8e4804735a1e7973d2b9a971c/c.html
1292362210,20260304,202603,2026,2026.1753,IRN,IRAN,IRN,,,,,,,,IRNPTY,IRAN,IRN,,,,,,,,1,40,40,4,1,1.0,2,1,2,-4.96644295302014,1,Iran,IR,IR,,32.0,53.0,IR,1,Iran,IR,IR,,32.0,53.0,IR,1,Iran,IR,IR,,32.0,53.0,IR,20260304154500,https://www.thelocal.se/20260304/politics-in-sweden-sweden-needs-to-get-off-the-fence-on-iran-but-how
1292362211,20260304,202603,2026,2026.1753,IRN,KURDISTAN,IRN,,,,,,,,IRNPTY,IRANIAN,IRN,,,,,,,,0,130,130,13,3,-4.4,4,1,4,-5.08474576271186,4,"Kurdistan, Khuzestan, Iran",IR,IR15,41008,30.6693,50.2055,-3072067,4,"Kurdistan, Khuzestan, Iran",IR,IR15,41008,30.6693,50.2055,-3072067,4,"Koysinjaq, Liwa' Irbil, Iraq",IZ,IZ11,123561,36.0845,44.6286,-3107702,20260304154500,https://www.presstv.ir/Detail/2026/03/04/764953/IRGC-pounds-bases-of-anti-Iran-separatist-groups-in-Iraqi-Kurdistan
1292362212,20260304,202603,2026,2026.1753,IRN,IRAN,IRN,,,,,,,,IRNREL,IRAN,IRN,,,,,,,,0,190,190,19,4,-10.0,1,1,1,-1.31061598951508,2,"New York, United States",US,USNY,,42.1497,-74.9384,NY,2,"New York, United States",US,USNY,,42.1497,-74.9384,NY,1,Israel,IS,IS,,31.5,34.75,IS,20260304154500,https://news.webindia123.com/news/Articles/World/20260304/4423451.html
1292362213,20260304,202603,2026,2026.1753,IRN,IRAN,IRN,,,,,,,,ISR,ISRAEL,ISR,,,,,,,,1,12,12,1,1,-0.4,1,1,1,-7.01298701298701,4,"Tehran, Tehran, Iran",IR,IR26,41130,35.75,51.5148,10074674,1,Israel,IS,IS,,31.5,34.75,IS,4,"Tehran, Tehran, Iran",IR,IR26,41130,35.75,51.5148,10074674,20260304154500,https://indianexpress.com/article/world/iran-us-israel-war-day-5-updates-death-toll-ayatollah-ali-khamenei-us-submarine-iran-warship-10564578/
1292362214,20260304,202603,2026,2026.1753,IRN,IRAN,IRN,,,,,,,,ISR,ISRAEL,ISR,,,,,,,,1,111,111,11,3,-2.0,5,1,5,-5.78905630452022,1,Iran,IR,IR,,32.0,53.0,IR,4,"Gaza, Israel (general), Israel",IS,IS00,18315,31.4167,34.3333,-797156,1,Iran,IR,IR,,32.0,53.0,IR,20260304154500,https://www.aljazeera.com/news/2026/3/4/why-are-the-us-and-israel-framing-the-ongoing-conflict-as-a-religious-war
1292362215,20260304,202603,2026,2026.1753,IRN,IRAN,IRN,,,,,,,,ISRMIL,ISRAEL,ISR,,,,,MIL,,,0,1384,138,13,3,-7.0,8,1,8,-5.84878744650499,4,"Tehran, Tehran, Iran",IR,IR26,41130,35.75,51.5148,10074674,1,Israel,IS,IS,,31.5,34.75,IS,1,Israel,IS,IS,,31.5,34.75,IS,20260304154500,https://www.islamicinvitationturkey.com/tehran-criticizes-eu-over-nazi-mindsets-condemns-german-support-for-israeli-us-aggression/
1292362216,20260304,202603,2026,2026.1753,IRN,IRAN,IRN,,,,,,,,ISRMIL,ISRAEL,ISR,,,,,MIL,,,0,1384,138,13,3,-7.0,2,1,2,-5.84878744650499,1,Israel,IS,IS,,31.5,34.75,IS,1,Israel,IS,IS,,31.5,34.75,IS,1,Israel,IS,IS,,31.5,34.75,IS,20260304154500,https://www.islamicinvitationturkey.com/tehran-criticizes-eu-over-nazi-mindsets-condemns-german-support-for-israeli-us-aggression/
1292362217,20260304,202603,2026,2026.1753,IRN,IRANIAN,IRN,,,,,,,,ITA,ITALY,ITA,,,,,,,,1,42,42,4,1,1.9,2,1,2,-1.74013921113689,4,"Bonyan, Bushehr, Iran",IR,IR22,25307,28.7863,51.4356,-3055242,4,"Milan, Lombardia, Italy",IT,IT09,18363,45.4667,9.2,-121726,4,"Visakhapatnam, Andhra Pradesh, India",IN,IN02,17566,17.7,83.3,-2114520,20260304154500,https://indianexpress.com/article/explained/explained-global/us-submarine-iran-warship-iris-dena-sri-lanka-10564768/
1292362218,20260304,202603,2026,2026.1753,IRN,IRAN,IRN,,,,,,,,ITA,MILAN,ITA,,,,,,,,0,62,62,6,2,7.4,28,1,28,-4.92350222760089,1,Iran,IR,IR,,32.0,53.0,IR,1,Iran,IR,IR,,32.0,53.0,IR,1,Iran,IR,IR,,32.0,53.0,IR,20260304154500,https://newsradio1290wtks.iheart.com/content/2026-03-04-us-submarine-sinks-iranian-warship-in-the-indian-ocean/
1292362219,20260304,202603,2026,2026.1753,IRN,IRAN,IRN,,,,,,,,JEW,JEWISH,,,,JEW,,,,,1,51,51,5,1,3.4,10,1,10,-2.05973223480948,1,Iran,IR,IR,,32.0,53.0,IR,1,Iran,IR,IR,,32.0,53.0,IR,1,Iran,IR,IR,,32.0,53.0,IR,20260304154500,https://talkingpointsmemo.com/news/iran-blood-moon-purim-end-times-trump
1292362220,20260304,202603,2026,2026.1753,IRN,IRAN,IRN,,,,,,,,JUD,ADVOCATE,,,,,,JUD,,,0,18,18,1,1,3.4,4,1,4,-10.0,4,"Minab, Sistan va Baluchestan, Iran",IR,IR04,41051,25.7893,61.1025,293743,4,"Minab, Sistan va Baluchestan, Iran",IR,IR04,41051,25.7893,61.1025,293743,4,"Minab, Sistan va Baluchestan, Iran",IR,IR04,41051,25.7893,61.1025,293743,20260304154500,https://www.islamicinvitationturkey.com/us-israeli-strikes-target-another-girls-school-in-iran/
1292362221,20260304,202603,2026,2026.1753,IRN,IRAN,IRN,,,,,,,,JUD,ADVOCATE,,,,,,JUD,,,0,841,84,8,2,7.0,4,1,4,-10.0,4,"Minab, Sistan va Baluchestan, Iran",IR,IR04,41051,25.7893,61.1025,293743,4,"Minab, Sistan va Baluchestan, Iran",IR,IR04,41051,25.7893,61.1025,293743,4,"Minab, Sistan va Baluchestan, Iran",IR,IR04,41051,25.7893,61.1025,293743,20260304154500,https://www.islamicinvitationturkey.com/us-israeli-strikes-target-another-girls-school-in-iran/
1292362222,20260304,202603,2026,2026.1753,IRN,IRAN,IRN,,,,,,,,KWT,KUWAIT,KWT,,,,,,,,1,43,43,4,1,2.8,2,1,2,-2.91878172588832,1,Iran,IR,IR,,32.0,53.0,IR,4,"Ali Al Salem Air Base, Kuwait (general), Kuwait",KU,KU00,123556,29.35,47.5211,186617,1,Iran,IR,IR,,32.0,53.0,IR,20260304154500,https://www.leicestermercury.co.uk/news/local-news/leicestershire-family-stuck-kuwait-amid-10847276
1292362223,20260304,202603,2026,2026.1753,IRN,IRAN,IRN,,,,,,,,KWT,KUWAIT,KWT,,,,,,,,1,190,190,19,4,-10.0,2,1,2,-2.91878172588832,4,"Birstall, Kirklees, United Kingdom",UK,UKG8,40138,53.7333,-1.65,-2590000,4,"Birstall, Kirklees, United Kingdom",UK,UKG8,40138,53.7333,-1.65,-2590000,4,"Birstall, Kirklees, United Kingdom",UK,UKG8,40138,53.7333,-1.65,-2590000,20260304154500,https://www.leicestermercury.co.uk/news/local-news/leicestershire-family-stuck-kuwait-amid-10847276
1292362224,20260304,202603,2026,2026.1753,IRN,IRAN,IRN,,,,,,,,LKA,SRI LANKA,LKA,,,,,,,,1,20,20,2,1,3.0,14,1,14,-4.92350222760089,1,Iran,IR,IR,,32.0,53.0,IR,1,Iran,IR,IR,,32.0,53.0,IR,1,Iran,IR,IR,,32.0,53.0,IR,20260304154500,https://newsradio1290wtks.iheart.com/content/2026-03-04-us-submarine-sinks-iranian-warship-in-the-indian-ocean/
1292362225,20260304,202603,2026,2026.1753,IRN,IRAN,IRN,,,,,,,,LKA,SRI LANKA,LKA,,,,,,,,1,20,20,2,1,3.0,14,1,14,-4.92350222760089,1,United States,US,US,,39.828175,-98.5795,US,1,Iran,IR,IR,,32.0,53.0,IR,1,United States,US,US,,39.828175,-98.5795,US,20260304154500,https://newsradio1290wtks.iheart.com/content/2026-03-04-us-submarine-sinks-iranian-warship-in-the-indian-ocean/
1292362226,20260304,202603,2026,2026.1753,IRN,IRAN,IRN,,,,,,,,MOS,ISLAMIC,,,,MOS,,,,,1,190,190,19,4,-10.0,6,1,6,-6.19460081264005,4,"Tehran, Tehran, Iran",IR,IR26,41130,35.75,51.5148,10074674,4,"Tehran, Tehran, Iran",IR,IR26,41130,35.75,51.5148,10074674,4,"Tehran, Tehran, Iran",IR,IR26,41130,35.75,51.5148,10074674,20260304154500,https://www.islamicinvitationturkey.com/tehran-criticizes-eu-over-nazi-mindsets-condemns-german-support-for-israeli-us-aggression/
1292362227,20260304,202603,2026,2026.1753,IRN,IRAN,IRN,,,,,,,,MOSSHIREL,SHIA,,,,MOS,SHI,,,,0,130,130,13,3,-4.4,16,2,16,-4.386957181901,4,"Tehran, Tehran, Iran",IR,IR26,41130,35.75,51.5148,10074674,1,Israel,IS,IS,,31.5,34.75,IS,1,Israel,IS,IS,,31.5,34.75,IS,20260304154500,https://www.wkyufm.org/news/2026-03-04/the-u-s-sinks-irans-ships-and-slams-its-missile-launchers-as-the-war-enters-day-5
1292362228,20260304,202603,2026,2026.1753,IRN,IRAN,IRN,,,,,,,,MOSSHIREL,SHIA,,,,MOS,SHI,,,,0,130,130,13,3,-4.4,4,2,4,-4.386957181901,1,Israel,IS,IS,,31.5,34.75,IS,1,Israel,IS,IS,,31.5,34.75,IS,1,Israel,IS,IS,,31.5,34.75,IS,20260304154500,https://www.wkyufm.org/news/2026-03-04/the-u-s-sinks-irans-ships-and-slams-its-missile-launchers-as-the-war-enters-day-5
1292362229,20260304,202603,2026,2026.1753,IRN,IRAN,IRN,,,,,,,,QATMED,AL JAZEERA,QAT,,,,,MED,,,1,42,42,4,1,1.9,1,1,1,-2.91878172588832,1,Iran,IR,IR,,32.0,53.0,IR,1,Iran,IR,IR,,32.0,53.0,IR,1,Iran,IR,IR,,32.0,53.0,IR,20260304154500,https://www.leicestermercury.co.uk/news/local-news/leicestershire-family-stuck-kuwait-amid-10847276
1292362230,20260304,202603,2026,2026.1753,IRN,IRAN,IRN,,,,,,,,ROUPTY,ROMINA,,,,,,,,,1,40,40,4,1,1.0,2,1,2,-4.96644295302014,1,Iran,IR,IR,,32.0,53.0,IR,1,Iran,IR,IR,,32.0,53.0,IR,1,Iran,IR,IR,,32.0,53.0,IR,20260304154500,https://www.thelocal.se/20260304/politics-in-sweden-sweden-needs-to-get-off-the-fence-on-iran-but-how
1292362231,20260304,202603,2026,2026.1753,IRN,IRAN,IRN,,,,,,,,RUS,RUSSIA,RUS,,,,,,,,0,61,61,6,2,6.4,2,1,2,-1.52284263959391,4,"Bandar Abbas, Hormozgan, Iran",IR,IR11,40896,27.1865,56.2808,-3055107,4,"Novorossiysk, Krasnodarskiy Kray, Russia",RS,RS38,25065,44.7244,37.7675,-2970141,4,"Novorossiysk, Krasnodarskiy Kray, Russia",RS,RS38,25065,44.7244,37.7675,-2970141,20260304154500,https://timesca.com/middle-east-conflict-tests-central-asias-trade-routes-and-energy-security/
1292362232,20260304,202603,2026,2026.1753,IRN,IRAN,IRN,,,,,,,,RUS,RUSSIA,RUS,,,,,,,,0,61,61,6,2,6.4,2,1,2,-1.52284263959391,4,"Bandar Abbas, Hormozgan, Iran",IR,IR11,40896,27.1865,56.2808,-3055107,4,"Bandar Abbas, Hormozgan, Iran",IR,IR11,40896,27.1865,56.2808,-3055107,4,"Bandar Abbas, Hormozgan, Iran",IR,IR11,40896,27.1865,56.2808,-3055107,20260304154500,https://timesca.com/middle-east-conflict-tests-central-asias-trade-routes-and-energy-security/
1292362233,20260304,202603,2026,2026.1753,IRN,IRAN,IRN,,,,,,,,SPYGOV,INTELLIGENCE,,,,,,SPY,GOV,,1,120,120,12,3,-4.0,10,1,10,0.934579439252341,2,"New York, United States",US,USNY,,42.1497,-74.9384,NY,2,"New York, United States",US,USNY,,42.1497,-74.9384,NY,2,"New York, United States",US,USNY,,42.1497,-74.9384,NY,20260304154500,https://www.yahoo.com/news/articles/iran-denies-intelligence-ministry-contacted-151710998.html
1292362234,20260304,202603,2026,2026.1753,IRN,IRAN,IRN,,,,,,,,UAF,COMBATANT,,,,,,UAF,,,1,15,15,1,1,0.0,4,1,4,-5.08474576271186,4,"Kurdistan, Khuzestan, Iran",IR,IR15,41008,30.6693,50.2055,-3072067,4,"Kurdistan, Khuzestan, Iran",IR,IR15,41008,30.6693,50.2055,-3072067,4,"Kurdistan, Khuzestan, Iran",IR,IR15,41008,30.6693,50.2055,-3072067,20260304154500,https://www.presstv.ir/Detail/2026/03/04/764953/IRGC-pounds-bases-of-anti-Iran-separatist-groups-in-Iraqi-Kurdistan
1292362235,20260304,202603,2026,2026.1753,IRN,IRANIAN,IRN,,,,,,,,UAF,TERRORIST,,,,,,UAF,,,0,43,43,4,1,2.8,6,1,6,-5.08474576271186,4,"Kurdistan, Khuzestan, Iran",IR,IR15,41008,30.6693,50.2055,-3072067,4,"Kurdistan, Khuzestan, Iran",IR,IR15,41008,30.6693,50.2055,-3072067,4,"Kurdistan, Khuzestan, Iran",IR,IR15,41008,30.6693,50.2055,-3072067,20260304154500,https://www.presstv.ir/Detail/2026/03/04/764953/IRGC-pounds-bases-of-anti-Iran-separatist-groups-in-Iraqi-Kurdistan
1292362236,20260304,202603,2026,2026.1753,IRN,IRANIAN,IRN,,,,,,,,UAF,TERRORIST,,,,,,UAF,,,0,43,43,4,1,2.8,4,1,4,-5.08474576271186,4,"Kurdistan, Khuzestan, Iran",IR,IR15,41008,30.6693,50.2055,-3072067,4,"Koysinjaq, Liwa' Irbil, Iraq",IZ,IZ11,123561,36.0845,44.6286,-3107702,4,"Kurdistan, Khuzestan, Iran",IR,IR15,41008,30.6693,50.2055,-3072067,20260304154500,https://www.presstv.ir/Detail/2026/03/04/764953/IRGC-pounds-bases-of-anti-Iran-separatist-groups-in-Iraqi-Kurdistan
1292362237,20260304,202603,2026,2026.1753,IRN,IRAN,IRN,,,,,,,,UAF,FIGHTER,,,,,,UAF,,,1,190,190,19,4,-10.0,1,1,1,-4.90196078431372,4,"Kurdistan, Khuzestan, Iran",IR,IR15,41008,30.6693,50.2055,-3072067,4,"Kurdistan, Khuzestan, Iran",IR,IR15,41008,30.6693,50.2055,-3072067,4,"Kurdistan, Khuzestan, Iran",IR,IR15,41008,30.6693,50.2055,-3072067,20260304154500,https://www.islamicinvitationturkey.com/irgc-launches-strikes-on-anti-iran-separatist-bases-in-iraqi-kurdistan/
1292362238,20260304,202603,2026,2026.1753,IRN,IRAN,IRN,,,,,,,,UAF,FIGHTER,,,,,,UAF,,,1,190,190,19,4,-10.0,1,1,1,-4.90196078431372,1,Israel,IS,IS,,31.5,34.75,IS,4,"Kurdistan, Khuzestan, Iran",IR,IR15,41008,30.6693,50.2055,-3072067,4,"Kurdistan, Khuzestan, Iran",IR,IR15,41008,30.6693,50.2055,-3072067,20260304154500,https://www.islamicinvitationturkey.com/irgc-launches-strikes-on-anti-iran-separatist-bases-in-iraqi-kurdistan/
1292362239,20260304,202603,2026,2026.1753,IRN,IRAN,IRN,,,,,,,,UAF,TERRORIST GROUP,,,,,,UAF,,,0,194,194,19,4,-10.0,2,1,2,-5.08474576271186,4,"Kurdistan, Khuzestan, Iran",IR,IR15,41008,30.6693,50.2055,-3072067,4,"Kurdistan, Khuzestan, Iran",IR,IR15,41008,30.6693,50.2055,-3072067,4,"Kurdistan, Khuzestan, Iran",IR,IR15,41008,30.6693,50.2055,-3072067,20260304154500,https://www.presstv.ir/Detail/2026/03/04/764953/IRGC-pounds-bases-of-anti-Iran-separatist-groups-in-Iraqi-Kurdistan
1292362240,20260304,202603,2026,2026.1753,IRN,TEHRAN,IRN,,,,,,,,USA,WASHINGTON,USA,,,,,,,,1,40,40,4,1,1.0,6,1,6,-1.88133140376266,4,"Tehran, Tehran, Iran",IR,IR26,41130,35.75,51.5148,10074674,3,"Washington, District of Columbia, United States",US,USDC,DC001,38.8951,-77.0364,531871,4,"Geneva, Genè, Switzerland",SZ,SZ07,16329,46.1956,6.14811,-2552151,20260304154500,https://www.swissinfo.ch/eng/swiss-diplomacy/swiss-protecting-power-mandate-in-iran-crown-jewel-or-diplomatic-relic/91030279
1292362241,20260304,202603,2026,2026.1753,IRN,IRAN,IRN,,,,,,,,USA,UNITED STATES,USA,,,,,,,,1,40,40,4,1,1.0,1,1,1,-1.88133140376266,3,"Washington, District of Columbia, United States",US,USDC,DC001,38.8951,-77.0364,531871,4,"Tehran, Tehran, Iran",IR,IR26,41130,35.75,51.5148,10074674,4,"Geneva, Genè, Switzerland",SZ,SZ07,16329,46.1956,6.14811,-2552151,20260304154500,https://www.swissinfo.ch/eng/swiss-diplomacy/swiss-protecting-power-mandate-in-iran-crown-jewel-or-diplomatic-relic/91030279
1292362242,20260304,202603,2026,2026.1753,IRN,IRAN,IRN,,,,,,,,USA,UNITED STATES,USA,,,,,,,,1,40,40,4,1,1.0,1,1,1,-7.62195121951219,1,Iran,IR,IR,,32.0,53.0,IR,2,"Alabama, United States",US,USAL,,32.799,-86.8073,AL,2,"Alabama, United States",US,USAL,,32.799,-86.8073,AL,20260304154500,https://crooksandliars.com/2026/03/absolute-dumbest-man-politics-thinks-youre
1292362243,20260304,202603,2026,2026.1753,IRN,IRAN,IRN,,,,,,,,USA,UNITED STATES,USA,,,,,,,,1,40,40,4,1,1.0,1,1,1,-7.62195121951219,1,Iran,IR,IR,,32.0,53.0,IR,2,"Alabama, United States",US,USAL,,32.799,-86.8073,AL,1,Iran,IR,IR,,32.0,53.0,IR,20260304154500,https://crooksandliars.com/2026/03/absolute-dumbest-man-politics-thinks-youre
1292362244,20260304,202603,2026,2026.1753,IRN,IRAN,IRN,,,,,,,,USA,UNITED STATES,USA,,,,,,,,1,43,43,4,1,2.8,2,1,2,-7.86240786240786,4,"Tehran, Tehran, Iran",IR,IR26,41130,35.75,51.5148,10074674,1,United States,US,US,,39.828175,-98.5795,US,4,"Tehran, Tehran, Iran",IR,IR26,41130,35.75,51.5148,10074674,20260304154500,https://www.aljazeera.com/news/2026/3/4/hegseth-says-more-us-forces-arriving-in-middle-east-as-iran-war-ramps-up
1292362245,20260304,202603,2026,2026.1753,IRN,TEHRAN,IRN,,,,,,,,USA,WASHINGTON,USA,,,,,,,,0,46,46,4,1,7.0,2,1,2,-2.50783699059561,3,"Washington, District of Columbia, United States",US,USDC,DC001,38.8951,-77.0364,531871,4,"Tehran, Tehran, Iran",IR,IR26,41130,35.75,51.5148,10074674,4,"Tehran, Tehran, Iran",IR,IR26,41130,35.75,51.5148,10074674,20260304154500,https://www.aa.com.tr/en/asia-pacific/russia-launches-consultations-with-iraq-palestine-turkiye-amid-us-israel-iran-conflict/3850111
1292362246,20260304,202603,2026,2026.1753,IRN,IRAN,IRN,,,,,,,,USA,AMERICAN,USA,,,,,,,,0,138,138,13,3,-7.0,4,2,4,-4.386957181901,3,"Capitol Hill, District of Columbia, United States",US,USDC,DC001,38.889,-77.0003,529313,1,Bahrain,BA,BA,,26.0,50.5,BA,3,"Capitol Hill, District of Columbia, United States",US,USDC,,38.889,-77.0003,529313,20260304154500,https://www.wkyufm.org/news/2026-03-04/the-u-s-sinks-irans-ships-and-slams-its-missile-launchers-as-the-war-enters-day-5
1292362247,20260304,202603,2026,2026.1753,IRN,IRAN,IRN,,,,,,,,USA,UNITED STATES,USA,,,,,,,,1,190,190,19,4,-10.0,2,1,2,-5.76923076923077,4,"Minab, Sistan va Baluchestan, Iran",IR,IR04,41051,25.7893,61.1025,293743,1,United States,US,US,,39.828175,-98.5795,US,4,"Minab, Sistan va Baluchestan, Iran",IR,IR04,41051,25.7893,61.1025,293743,20260304154500,https://www.mediaite.com/media/news/trump-war-chief-hegseth-confronted-over-attack-on-girls-school-that-killed-160-children/
1292362248,20260304,202603,2026,2026.1753,IRN,IRAN,IRN,,,,,,,,USA,UNITED STATES,USA,,,,,,,,1,190,190,19,4,-10.0,1,1,1,-5.76923076923077,4,"Minab, Sistan va Baluchestan, Iran",IR,IR04,41051,25.7893,61.1025,293743,1,United States,US,US,,39.828175,-98.5795,US,1,United States,US,US,,39.828175,-98.5795,US,20260304154500,https://www.mediaite.com/media/news/trump-war-chief-hegseth-confronted-over-attack-on-girls-school-that-killed-160-children/
1292362249,20260304,202603,2026,2026.1753,IRN,IRAN,IRN,,,,,,,,USA,UNITED STATES,USA,,,,,,,,0,193,193,19,4,-10.0,4,1,4,-7.35930735930736,4,"Tehran, Tehran, Iran",IR,IR26,41130,35.75,51.5148,10074674,3,"Washington, District of Columbia, United States",US,USDC,DC001,38.8951,-77.0364,531871,4,"Tehran, Tehran, Iran",IR,IR26,41130,35.75,51.5148,10074674,20260304154500,https://ianslive.in/pentagon-confirms-ai-enabled-weapons-used-in-the-iran-war--20260304201204
1292362250,20260304,202603,2026,2026.1753,IRN,IRAN,IRN,,,,,,,,USAGOV,UNITED STATES,USA,,,,,GOV,,,1,185,185,18,4,-8.0,2,1,2,-8.28924162257495,3,"Washington, District of Columbia, United States",US,USDC,DC001,38.8951,-77.0364,531871,3,"Washington, District of Columbia, United States",US,USDC,DC001,38.8951,-77.0364,531871,3,"Washington, District of Columbia, United States",US,USDC,DC001,38.8951,-77.0364,531871,20260304154500,https://pmnewsnigeria.com/2026/03/04/iran-tried-to-kill-president-trump-as-u-s-vows-to-deliver-death-and-destruction-from-the-sky/
1292362251,20260304,202603,2026,2026.1753,IRN,IRAN,IRN,,,,,,,,USAGOV,UNITED STATES,USA,,,,,GOV,,,1,185,185,18,4,-8.0,2,1,2,-8.28924162257495,1,United Kingdom,UK,UK,,54.0,-4.0,UK,1,United Kingdom,UK,UK,,54.0,-4.0,UK,1,United Kingdom,UK,UK,,54.0,-4.0,UK,20260304154500,https://pmnewsnigeria.com/2026/03/04/iran-tried-to-kill-president-trump-as-u-s-vows-to-deliver-death-and-destruction-from-the-sky/
1292362252,20260304,202603,2026,2026.1753,IRN,IRAN,IRN,,,,,,,,USAGOVMIL,UNITED STATES,USA,,,,,GOV,MIL,,1,43,43,4,1,2.8,2,1,2,-7.86240786240786,4,"Tehran, Tehran, Iran",IR,IR26,41130,35.75,51.5148,10074674,1,United States,US,US,,39.828175,-98.5795,US,1,United States,US,US,,39.828175,-98.5795,US,20260304154500,https://www.aljazeera.com/news/2026/3/4/hegseth-says-more-us-forces-arriving-in-middle-east-as-iran-war-ramps-up
1292362253,20260304,202603,2026,2026.1753,IRN,IRANIAN,IRN,,,,,,,,USAMIL,UNITED STATES,USA,,,,,MIL,,,0,13,13,1,1,0.4,2,1,2,-4.28571428571429,4,"Tehran, Tehran, Iran",IR,IR26,41130,35.75,51.5148,10074674,1,Israel,IS,IS,,31.5,34.75,IS,1,Israel,IS,IS,,31.5,34.75,IS,20260304154500,https://www.islamicinvitationturkey.com/araghchi-accuses-trump-of-diplomacy-breach-and-u-s-betrayal-with-iran-assault/
1292362254,20260304,202603,2026,2026.1753,IRN,IRANIAN,IRN,,,,,,,,USAMIL,UNITED STATES,USA,,,,,MIL,,,0,13,13,1,1,0.4,2,1,2,-4.28571428571429,4,"Tehran, Tehran, Iran",IR,IR26,41130,35.75,51.5148,10074674,1,United States,US,US,,39.828175,-98.5795,US,4,"Tehran, Tehran, Iran",IR,IR26,41130,35.75,51.5148,10074674,20260304154500,https://www.islamicinvitationturkey.com/araghchi-accuses-trump-of-diplomacy-breach-and-u-s-betrayal-with-iran-assault/
1292362255,20260304,202603,2026,2026.1753,IRN,IRAN,IRN,,,,,,,,ein,EAST INDIAN,,,ein,,,,,,0,42,42,4,1,1.9,28,1,28,-4.92350222760089,4,"Milan, Lombardia, Italy",IT,IT09,18363,45.4667,9.2,-121726,4,"Milan, Lombardia, Italy",IT,IT09,18363,45.4667,9.2,-121726,4,"Milan, Lombardia, Italy",IT,IT09,18363,45.4667,9.2,-121726,20260304154500,https://newsradio1290wtks.iheart.com/content/2026-03-04-us-submarine-sinks-iranian-warship-in-the-indian-ocean/
1292362256,20260304,202603,2026,2026.1753,IRN,IRAN,IRN,,,,,,,,ein,EAST INDIAN,,,ein,,,,,,0,42,42,4,1,1.9,112,1,112,-4.92350222760089,1,Iran,IR,IR,,32.0,53.0,IR,1,Iran,IR,IR,,32.0,53.0,IR,1,Iran,IR,IR,,32.0,53.0,IR,20260304154500,https://newsradio1290wtks.iheart.com/content/2026-03-04-us-submarine-sinks-iranian-warship-in-the-indian-ocean/
1292362257,20260304,202603,2026,2026.1753,IRNEDU,IRAN,IRN,,,,,EDU,,,GOVMIL,SECRETARY OF DEFENSE,,,,,,GOV,MIL,,1,190,190,19,4,-10.0,6,1,6,-5.76923076923077,4,"Minab, Sistan va Baluchestan, Iran",IR,IR04,41051,25.7893,61.1025,293743,4,"Minab, Sistan va Baluchestan, Iran",IR,IR04,41051,25.7893,61.1025,293743,4,"Minab, Sistan va Baluchestan, Iran",IR,IR04,41051,25.7893,61.1025,293743,20260304154500,https://www.mediaite.com/media/news/trump-war-chief-hegseth-confronted-over-attack-on-girls-school-that-killed-160-children/
1292362258,20260304,202603,2026,2026.1753,IRNEDU,IRAN,IRN,,,,,EDU,,,IRNGOVMIL,IRAN,IRN,,,,,GOV,MIL,,1,190,190,19,4,-10.0,2,1,2,-5.76923076923077,1,United States,US,US,,39.828175,-98.5795,US,1,United States,US,US,,39.828175,-98.5795,US,1,United States,US,US,,39.828175,-98.5795,US,20260304154500,https://www.mediaite.com/media/news/trump-war-chief-hegseth-confronted-over-attack-on-girls-school-that-killed-160-children/
1292362259,20260304,202603,2026,2026.1753,IRNGOV,IRAN,IRN,,,,,GOV,,,EDU,SCHOOL,,,,,,EDU,,,0,14,14,1,1,0.0,2,1,2,-10.6100795755968,4,"Minab, Sistan va Baluchestan, Iran",IR,IR04,41051,25.7893,61.1025,293743,4,"Minab, Sistan va Baluchestan, Iran",IR,IR04,41051,25.7893,61.1025,293743,4,"Minab, Sistan va Baluchestan, Iran",IR,IR04,41051,25.7893,61.1025,293743,20260304154500,https://www.presstv.ir/Detail/2026/03/04/764951/Another-girls-school-targeted-in-US-Israeli-attacks-on-Iran
1292362260,20260304,202603,2026,2026.1753,IRNGOV,IRANIAN,IRN,,,,,GOV,,,ESP,SPAIN,ESP,,,,,,,,1,190,190,19,4,-10.0,6,1,6,-6.63176265270506,4,"Tehran, Tehran, Iran",IR,IR26,41130,35.75,51.5148,10074674,4,"Madrid, Madrid, Spain",SP,SP29,25820,40.4,-3.68333,-390625,4,"Tehran, Tehran, Iran",IR,IR26,41130,35.75,51.5148,10074674,20260304154500,https://www.upi.com/Top_News/World-News/2026/03/04/Spain-Canada-set-out-Iran-war-stances/2511772628375/
1292362261,20260304,202603,2026,2026.1753,IRNGOV,IRAN,IRN,,,,,GOV,,,EUR,EUROPEAN,EUR,,,,,,,,1,40,40,4,1,1.0,7,1,7,-5.84878744650499,4,"Tehran, Tehran, Iran",IR,IR26,41130,35.75,51.5148,10074674,4,"Tehran, Tehran, Iran",IR,IR26,41130,35.75,51.5148,10074674,4,"Tehran, Tehran, Iran",IR,IR26,41130,35.75,51.5148,10074674,20260304154500,https://www.islamicinvitationturkey.com/tehran-criticizes-eu-over-nazi-mindsets-condemns-german-support-for-israeli-us-aggression/
1292362262,20260304,202603,2026,2026.1753,IRNGOV,IRAN,IRN,,,,,GOV,,,IRN,IRAN,IRN,,,,,,,,1,14,14,1,1,0.0,2,1,2,-7.01298701298701,1,Israel,IS,IS,,31.5,34.75,IS,1,Israel,IS,IS,,31.5,34.75,IS,1,Israel,IS,IS,,31.5,34.75,IS,20260304154500,https://indianexpress.com/article/world/iran-us-israel-war-day-5-updates-death-toll-ayatollah-ali-khamenei-us-submarine-iran-warship-10564578/
1292362263,20260304,202603,2026,2026.1753,IRNGOV,IRAN,IRN,,,,,GOV,,,IRN,IRANIAN,IRN,,,,,,,,0,18,18,1,1,3.4,1,1,1,-10.6100795755968,4,"Minab, Sistan va Baluchestan, Iran",IR,IR04,41051,25.7893,61.1025,293743,4,"Minab, Sistan va Baluchestan, Iran",IR,IR04,41051,25.7893,61.1025,293743,4,"Minab, Sistan va Baluchestan, Iran",IR,IR04,41051,25.7893,61.1025,293743,20260304154500,https://www.presstv.ir/Detail/2026/03/04/764951/Another-girls-school-targeted-in-US-Israeli-attacks-on-Iran
1292362264,20260304,202603,2026,2026.1753,IRNGOV,IRANIAN,IRN,,,,,GOV,,,IRN,TEHRAN,IRN,,,,,,,,1,42,42,4,1,1.9,7,1,7,-4.10094637223975,1,China,CH,CH,,35.0,105.0,CH,1,China,CH,CH,,35.0,105.0,CH,1,China,CH,CH,,35.0,105.0,CH,20260304154500,https://www.yahoo.com/news/articles/pakistan-then-iran-chinese-air-130000354.html
1292362265,20260304,202603,2026,2026.1753,IRNGOV,IRAN,IRN,,,,,GOV,,,IRNEDU,IRAN,IRN,,,,,EDU,,,0,14,14,1,1,0.0,8,1,8,-10.6100795755968,4,"Minab, Sistan va Baluchestan, Iran",IR,IR04,41051,25.7893,61.1025,293743,4,"Minab, Sistan va Baluchestan, Iran",IR,IR04,41051,25.7893,61.1025,293743,4,"Minab, Sistan va Baluchestan, Iran",IR,IR04,41051,25.7893,61.1025,293743,20260304154500,https://www.presstv.ir/Detail/2026/03/04/764951/Another-girls-school-targeted-in-US-Israeli-attacks-on-Iran
1292362266,20260304,202603,2026,2026.1753,IRNGOV,IRANIAN,IRN,,,,,GOV,,,USAMIL,UNITED STATES,USA,,,,,MIL,,,0,13,13,1,1,0.4,6,1,6,-4.28571428571429,4,"Tehran, Tehran, Iran",IR,IR26,41130,35.75,51.5148,10074674,1,United States,US,US,,39.828175,-98.5795,US,4,"Tehran, Tehran, Iran",IR,IR26,41130,35.75,51.5148,10074674,20260304154500,https://www.islamicinvitationturkey.com/araghchi-accuses-trump-of-diplomacy-breach-and-u-s-betrayal-with-iran-assault/
1292362267,20260304,202603,2026,2026.1753,IRNGOVMIL,IRAN,IRN,,,,,GOV,MIL,,MED,MEDIA,,,,,,MED,,,1,40,40,4,1,1.0,2,1,2,-6.25,2,"Connecticut, United States",US,USCT,,41.5834,-72.7622,CT,1,Iran,IR,IR,,32.0,53.0,IR,2,"Connecticut, United States",US,USCT,,41.5834,-72.7622,CT,20260304154500,https://newrepublic.com/post/207330/pete-hegseth-troops-dying-iran-donald-trump-look-bad
1292362268,20260304,202603,2026,2026.1753,IRNGOVMIL,IRAN,IRN,,,,,GOV,MIL,,MED,MEDIA,,,,,,MED,,,1,114,114,11,3,-2.0,2,1,2,-6.25,1,Iran,IR,IR,,32.0,53.0,IR,1,Iran,IR,IR,,32.0,53.0,IR,1,Iran,IR,IR,,32.0,53.0,IR,20260304154500,https://newrepublic.com/post/207330/pete-hegseth-troops-dying-iran-donald-trump-look-bad
1292362269,20260304,202603,2026,2026.1753,IRNLEG,IRAN,IRN,,,,,LEG,,,MIL,GROUND TROOP,,,,,,MIL,,,0,12,12,1,1,-0.4,2,1,2,-6.13138686131387,1,Iran,IR,IR,,32.0,53.0,IR,1,Iran,IR,IR,,32.0,53.0,IR,1,Iran,IR,IR,,32.0,53.0,IR,20260304154500,https://www.islamicinvitationturkey.com/growing-concerns-surround-trumps-iran-conflict-amid-disputed-claims-and-rising-expenses-reports-suggest/
1292362270,20260304,202603,2026,2026.1753,IRNLEG,IRAN,IRN,,,,,LEG,,,MIL,GROUND TROOP,,,,,,MIL,,,0,154,154,15,4,-7.2,2,1,2,-6.13138686131387,1,Iran,IR,IR,,32.0,53.0,IR,1,Iran,IR,IR,,32.0,53.0,IR,1,Iran,IR,IR,,32.0,53.0,IR,20260304154500,https://www.islamicinvitationturkey.com/growing-concerns-surround-trumps-iran-conflict-amid-disputed-claims-and-rising-expenses-reports-suggest/
1292362271,20260304,202603,2026,2026.1753,IRNMIL,IRAN,IRN,,,,,MIL,,,IRN,IRANIAN,IRN,,,,,,,,1,111,111,11,3,-2.0,2,1,2,-3.91404451266308,4,"Tehran, Tehran, Iran",IR,IR26,41130,35.75,51.5148,10074674,4,"Tehran, Tehran, Iran",IR,IR26,41130,35.75,51.5148,10074674,4,"Tehran, Tehran, Iran",IR,IR26,41130,35.75,51.5148,10074674,20260304154500,https://www.foxla.com/news/iran-war-continues-march-4-2026
1292362272,20260304,202603,2026,2026.1753,IRNMIL,IRAN,IRN,,,,,MIL,,,LKA,SRI LANKA,LKA,,,,,,,,1,42,42,4,1,1.9,10,1,10,-1.74013921113689,1,Sri Lanka,CE,CE,,7.0,81.0,CE,1,Sri Lanka,CE,CE,,7.0,81.0,CE,1,Sri Lanka,CE,CE,,7.0,81.0,CE,20260304154500,https://indianexpress.com/article/explained/explained-global/us-submarine-iran-warship-iris-dena-sri-lanka-10564768/
1292362273,20260304,202603,2026,2026.1753,IRNMOS,IRAN,IRN,,,MOS,,,,,IRN,IRAN,IRN,,,,,,,,1,190,190,19,4,-10.0,8,1,8,-6.88622754491018,4,"Tehran, Tehran, Iran",IR,IR26,41130,35.75,51.5148,10074674,4,"Tehran, Tehran, Iran",IR,IR26,41130,35.75,51.5148,10074674,1,Israel,IS,IS,,31.5,34.75,IS,20260304154500,https://www.islamicinvitationturkey.com/irgc-ground-force-initiates-trio-of-operations-countering-alleged-israeli-us-hostilities/
1292362274,20260304,202603,2026,2026.1753,IRNMOS,IRAN,IRN,,,MOS,,,,,IRN,IRAN,IRN,,,,,,,,1,190,190,19,4,-10.0,2,1,2,-6.88622754491018,4,"Tehran, Tehran, Iran",IR,IR26,41130,35.75,51.5148,10074674,1,United States,US,US,,39.828175,-98.5795,US,1,Israel,IS,IS,,31.5,34.75,IS,20260304154500,https://www.islamicinvitationturkey.com/irgc-ground-force-initiates-trio-of-operations-countering-alleged-israeli-us-hostilities/
1292362275,20260304,202603,2026,2026.1753,IRNPTY,IRAN,IRN,,,,,,,,GOV,MINIST,,,,,,GOV,,,1,20,20,2,1,3.0,2,1,2,-4.96644295302014,1,Iran,IR,IR,,32.0,53.0,IR,1,Iran,IR,IR,,32.0,53.0,IR,1,Iran,IR,IR,,32.0,53.0,IR,20260304154500,https://www.thelocal.se/20260304/politics-in-sweden-sweden-needs-to-get-off-the-fence-on-iran-but-how
1292362276,20260304,202603,2026,2026.1753,IRNPTY,IRAN,IRN,,,,,,,,IRN,IRAN,IRN,,,,,,,,1,40,40,4,1,1.0,2,1,2,-4.96644295302014,1,Iran,IR,IR,,32.0,53.0,IR,1,Iran,IR,IR,,32.0,53.0,IR,1,Iran,IR,IR,,32.0,53.0,IR,20260304154500,https://www.thelocal.se/20260304/politics-in-sweden-sweden-needs-to-get-off-the-fence-on-iran-but-how
1292362277,20260304,202603,2026,2026.1753,IRNPTY,IRAN,IRN,,,,,,,,IRN,IRAN,IRN,,,,,,,,1,80,80,8,2,5.0,1,1,1,-4.96644295302014,1,Iran,IR,IR,,32.0,53.0,IR,1,Iran,IR,IR,,32.0,53.0,IR,1,Iran,IR,IR,,32.0,53.0,IR,20260304154500,https://www.thelocal.se/20260304/politics-in-sweden-sweden-needs-to-get-off-the-fence-on-iran-but-how
1292362278,20260304,202603,2026,2026.1753,IRNPTY,IRANIAN,IRN,,,,,,,,IRN,KURDISTAN,IRN,,,,,,,,1,190,190,19,4,-10.0,4,1,4,-4.90196078431372,4,"Kurdistan, Khuzestan, Iran",IR,IR15,41008,30.6693,50.2055,-3072067,4,"Kurdistan, Khuzestan, Iran",IR,IR15,41008,30.6693,50.2055,-3072067,4,"Kurdistan, Khuzestan, Iran",IR,IR15,41008,30.6693,50.2055,-3072067,20260304154500,https://www.islamicinvitationturkey.com/irgc-launches-strikes-on-anti-iran-separatist-bases-in-iraqi-kurdistan/
1292362279,20260304,202603,2026,2026.1753,IRQ,IRAQ,IRQ,,,,,,,,IRNPTY,IRANIAN,IRN,,,,,,,,0,130,130,13,3,-4.4,6,1,6,-5.08474576271186,4,"Koysinjaq, Liwa' Irbil, Iraq",IZ,IZ11,123561,36.0845,44.6286,-3107702,4,"Kurdistan, Khuzestan, Iran",IR,IR15,41008,30.6693,50.2055,-3072067,4,"Koysinjaq, Liwa' Irbil, Iraq",IZ,IZ11,123561,36.0845,44.6286,-3107702,20260304154500,https://www.presstv.ir/Detail/2026/03/04/764953/IRGC-pounds-bases-of-anti-Iran-separatist-groups-in-Iraqi-Kurdistan
1292362280,20260304,202603,2026,2026.1753,IRQ,IRAQ,IRQ,,,,,,,,IRNPTY,IRAN,IRN,,,,,,,,1,190,190,19,4,-10.0,3,1,3,-4.90196078431372,4,"Kurdistan, Khuzestan, Iran",IR,IR15,41008,30.6693,50.2055,-3072067,4,"Kurdistan, Khuzestan, Iran",IR,IR15,41008,30.6693,50.2055,-3072067,4,"Kurdistan, Khuzestan, Iran",IR,IR15,41008,30.6693,50.2055,-3072067,20260304154500,https://www.islamicinvitationturkey.com/irgc-launches-strikes-on-anti-iran-separatist-bases-in-iraqi-kurdistan/
1292362281,20260304,202603,2026,2026.1753,IRQ,IRAQ,IRQ,,,,,,,,IRNPTY,IRANIAN,IRN,,,,,,,,1,190,190,19,4,-10.0,2,1,2,-4.90196078431372,4,"Koysinjaq, Liwa' Irbil, Iraq",IZ,IZ11,123561,36.0845,44.6286,-3107702,4,"Kurdistan, Khuzestan, Iran",IR,IR15,41008,30.6693,50.2055,-3072067,4,"Koysinjaq, Liwa' Irbil, Iraq",IZ,IZ11,123561,36.0845,44.6286,-3107702,20260304154500,https://www.islamicinvitationturkey.com/irgc-launches-strikes-on-anti-iran-separatist-bases-in-iraqi-kurdistan/
1292362282,20260304,202603,2026,2026.1753,IRQ,IRAQ,IRQ,,,,,,,,IRNPTY,IRANIAN,IRN,,,,,,,,1,190,190,19,4,-10.0,1,1,1,-4.90196078431372,1,Israel,IS,IS,,31.5,34.75,IS,4,"Kurdistan, Khuzestan, Iran",IR,IR15,41008,30.6693,50.2055,-3072067,4,"Kurdistan, Khuzestan, Iran",IR,IR15,41008,30.6693,50.2055,-3072067,20260304154500,https://www.islamicinvitationturkey.com/irgc-launches-strikes-on-anti-iran-separatist-bases-in-iraqi-kurdistan/
1292362283,20260304,202603,2026,2026.1753,IRQ,IRAQ,IRQ,,,,,,,,RUS,RUSSIA,RUS,,,,,,,,1,40,40,4,1,1.0,3,1,3,-2.50783699059561,1,Iraq,IZ,IZ,,33.0,44.0,IZ,4,"Moscow, Moskva, Russia",RS,RS48,25106,55.7522,37.6156,-2960561,4,"Moscow, Moskva, Russia",RS,RS48,25106,55.7522,37.6156,-2960561,20260304154500,https://www.aa.com.tr/en/asia-pacific/russia-launches-consultations-with-iraq-palestine-turkiye-amid-us-israel-iran-conflict/3850111
1292362284,20260304,202603,2026,2026.1753,ISR,ISRAEL,ISR,,,,,,,,,,,,,,,,,,1,10,10,1,1,0.0,2,1,2,-2.93757649938801,4,"Gaza, Israel (general), Israel",IS,IS00,18315,31.4167,34.3333,-797156,0,,,,,,,,4,"New Delhi, Delhi, India",IN,IN07,17911,28.6,77.2,-2106102,20260304154500,https://www.presstv.ir/Detail/2026/02/27/764806/modi-israel-visit-shows-morality-no-longer-guides-india-foreign-policy-journalist
1292362285,20260304,202603,2026,2026.1753,ISR,ISRAEL,ISR,,,,,,,,,,,,,,,,,,0,12,12,1,1,-0.4,8,1,8,-2.93757649938801,4,"Gaza, Israel (general), Israel",IS,IS00,18315,31.4167,34.3333,-797156,0,,,,,,,,4,"Gaza, Israel (general), Israel",IS,IS00,18315,31.4167,34.3333,-797156,20260304154500,https://www.presstv.ir/Detail/2026/02/27/764806/modi-israel-visit-shows-morality-no-longer-guides-india-foreign-policy-journalist
1292362286,20260304,202603,2026,2026.1753,ISR,ISRAEL,ISR,,,,,,,,,,,,,,,,,,1,12,12,1,1,-0.4,1,1,1,-0.42918454935622,4,"Tehran, Tehran, Iran",IR,IR26,41130,35.75,51.5148,10074674,0,,,,,,,,1,Israel,IS,IS,,31.5,34.75,IS,20260304154500,https://pmnewsnigeria.com/2026/03/04/middle-east-tension-iran-set-to-announce-new-supreme-leader/
1292362287,20260304,202603,2026,2026.1753,ISR,ISRAELI,ISR,,,,,,,,,,,,,,,,,,0,15,15,1,1,0.0,7,1,7,-6.76982591876209,4,"Tel Hashomer, HaMerkaz, Israel",IS,IS02,18316,32.0539,34.8481,-781581,0,,,,,,,,4,"Tel Hashomer, HaMerkaz, Israel",IS,IS02,18316,32.0539,34.8481,-781581,20260304154500,https://www.islamicinvitationturkey.com/watch-hezbollah-strikes-deep-despite-brutal-zionist-attacks/
1292362288,20260304,202603,2026,2026.1753,ISR,ISRAEL,ISR,,,,,,,,,,,,,,,,,,0,111,111,11,3,-2.0,4,1,4,-9.12162162162166,1,Israel,IS,IS,,31.5,34.75,IS,0,,,,,,,,1,Iran,IR,IR,,32.0,53.0,IR,20260304154500,https://news.webindia123.com/news/Articles/India/20260304/4423467.html
1292362289,20260304,202603,2026,2026.1753,ISR,ISRAEL,ISR,,,,,,,,,,,,,,,,,,1,138,138,13,3,-7.0,10,1,10,-6.17283950617284,1,Ukraine,UP,UP,,49.0,32.0,UP,0,,,,,,,,1,Ukraine,UP,UP,,49.0,32.0,UP,20260304154500,https://www.thetimes-tribune.com/2026/03/04/letter-trump-reneges-on-anti-war-promises/
1292362290,20260304,202603,2026,2026.1753,ISR,ISRAEL,ISR,,,,,,,,,,,,,,,,,,1,190,190,19,4,-10.0,5,1,5,2.82776349614396,1,United Kingdom,UK,UK,,54.0,-4.0,UK,0,,,,,,,,1,United Kingdom,UK,UK,,54.0,-4.0,UK,20260304154500,https://www.birminghammail.co.uk/travel/british-airways-unable-fulfil-flights-33529960
1292362291,20260304,202603,2026,2026.1753,ISR,ISRAEL,ISR,,,,,,,,COPGOV,DEPUTY,,,,,,COP,GOV,,1,40,40,4,1,1.0,4,1,4,-2.50783699059561,4,"Gaza, Israel (general), Israel",IS,IS00,18315,31.4167,34.3333,-797156,4,"Moscow, Moskva, Russia",RS,RS48,25106,55.7522,37.6156,-2960561,4,"Moscow, Moskva, Russia",RS,RS48,25106,55.7522,37.6156,-2960561,20260304154500,https://www.aa.com.tr/en/asia-pacific/russia-launches-consultations-with-iraq-palestine-turkiye-amid-us-israel-iran-conflict/3850111
1292362292,20260304,202603,2026,2026.1753,ISR,ISRAEL,ISR,,,,,,,,CVL,RESIDENTS,,,,,,CVL,,,1,43,43,4,1,2.8,2,1,2,-4.15430267062315,1,Israel,IS,IS,,31.5,34.75,IS,4,"Saida, Liban-Sud, Lebanon",LE,LE06,18805,33.5631,35.3689,-810346,4,"Saida, Liban-Sud, Lebanon",LE,LE06,18805,33.5631,35.3689,-810346,20260304154500,https://aleteia.org/2026/03/04/lebanon-they-yearn-for-an-ordinary-life/
1292362293,20260304,202603,2026,2026.1753,ISR,ISRAEL,ISR,,,,,,,,EDU,SCHOOL,,,,,,EDU,,,0,120,120,12,3,-4.0,4,2,4,-4.386957181901,4,"Tehran, Tehran, Iran",IR,IR26,41130,35.75,51.5148,10074674,1,Israel,IS,IS,,31.5,34.75,IS,1,Israel,IS,IS,,31.5,34.75,IS,20260304154500,https://www.wkyufm.org/news/2026-03-04/the-u-s-sinks-irans-ships-and-slams-its-missile-launchers-as-the-war-enters-day-5
1292362294,20260304,202603,2026,2026.1753,ISR,ISRAELI,ISR,,,,,,,,EDU,SCHOOL,,,,,,EDU,,,1,143,143,14,3,-6.5,1,1,1,-10.6100795755968,4,"Minab, Sistan va Baluchestan, Iran",IR,IR04,41051,25.7893,61.1025,293743,1,Israel,IS,IS,,31.5,34.75,IS,4,"Minab, Sistan va Baluchestan, Iran",IR,IR04,41051,25.7893,61.1025,293743,20260304154500,https://www.presstv.ir/Detail/2026/03/04/764951/Another-girls-school-targeted-in-US-Israeli-attacks-on-Iran
1292362295,20260304,202603,2026,2026.1753,ISR,ISRAELI,ISR,,,,,,,,EDU,SCHOOL,,,,,,EDU,,,1,143,143,14,3,-6.5,8,1,8,-10.6100795755968,1,Israel,IS,IS,,31.5,34.75,IS,5,"Hormozgan, Hormozgan, Iran",IR,IR11,40970,27.75,56.5,-3066740,1,Israel,IS,IS,,31.5,34.75,IS,20260304154500,https://www.presstv.ir/Detail/2026/03/04/764951/Another-girls-school-targeted-in-US-Israeli-attacks-on-Iran
1292362296,20260304,202603,2026,2026.1753,ISR,ISRAELI,ISR,,,,,,,,EDU,SCHOOL,,,,,,EDU,,,1,143,143,14,3,-6.5,1,1,1,-10.6100795755968,1,Israel,IS,IS,,31.5,34.75,IS,1,Israel,IS,IS,,31.5,34.75,IS,4,"Minab, Sistan va Baluchestan, Iran",IR,IR04,41051,25.7893,61.1025,293743,20260304154500,https://www.presstv.ir/Detail/2026/03/04/764951/Another-girls-school-targeted-in-US-Israeli-attacks-on-Iran
1292362297,20260304,202603,2026,2026.1753,ISR,ISRAELI,ISR,,,,,,,,EDU,SCHOOL,,,,,,EDU,,,1,180,180,18,4,-9.0,1,1,1,-10.0,1,Israel,IS,IS,,31.5,34.75,IS,4,"Minab, Sistan va Baluchestan, Iran",IR,IR04,41051,25.7893,61.1025,293743,1,Israel,IS,IS,,31.5,34.75,IS,20260304154500,https://www.islamicinvitationturkey.com/us-israeli-strikes-target-another-girls-school-in-iran/
1292362298,20260304,202603,2026,2026.1753,ISR,ISRAELI,ISR,,,,,,,,EDU,SCHOOL,,,,,,EDU,,,1,190,190,19,4,-10.0,10,1,10,-10.6100795755968,1,Israel,IS,IS,,31.5,34.75,IS,5,"Hormozgan, Hormozgan, Iran",IR,IR11,40970,27.75,56.5,-3066740,1,Israel,IS,IS,,31.5,34.75,IS,20260304154500,https://www.presstv.ir/Detail/2026/03/04/764951/Another-girls-school-targeted-in-US-Israeli-attacks-on-Iran
1292362299,20260304,202603,2026,2026.1753,ISR,ISRAEL,ISR,,,,,,,,GOV,GOVERNMENT,,,,,,GOV,,,0,80,80,8,2,5.0,2,1,2,-2.93757649938801,4,"Gaza, Israel (general), Israel",IS,IS00,18315,31.4167,34.3333,-797156,4,"New Delhi, Delhi, India",IN,IN07,17911,28.6,77.2,-2106102,4,"New Delhi, Delhi, India",IN,IN07,17911,28.6,77.2,-2106102,20260304154500,https://www.presstv.ir/Detail/2026/02/27/764806/modi-israel-visit-shows-morality-no-longer-guides-india-foreign-policy-journalist
1292362300,20260304,202603,2026,2026.1753,ISR,ISRAELI,ISR,,,,,,,,GOV,GOVERNMENT OFFICIAL,,,,,,GOV,,,1,195,195,19,4,-10.0,2,1,2,-4.10094637223975,1,Israel,IS,IS,,31.5,34.75,IS,4,"Tehran, Tehran, Iran",IR,IR26,41130,35.75,51.5148,10074674,1,Israel,IS,IS,,31.5,34.75,IS,20260304154500,https://www.yahoo.com/news/articles/pakistan-then-iran-chinese-air-130000354.html
1292362301,20260304,202603,2026,2026.1753,ISR,ISRAELI,ISR,,,,,,,,IRN,IRAN,IRN,,,,,,,,1,20,20,2,1,3.0,2,1,2,-5.78905630452022,4,"Gaza, Israel (general), Israel",IS,IS00,18315,31.4167,34.3333,-797156,1,Iran,IR,IR,,32.0,53.0,IR,1,Iran,IR,IR,,32.0,53.0,IR,20260304154500,https://www.aljazeera.com/news/2026/3/4/why-are-the-us-and-israel-framing-the-ongoing-conflict-as-a-religious-war
1292362302,20260304,202603,2026,2026.1753,ISR,ISRAEL,ISR,,,,,,,,IRN,IRAN,IRN,,,,,,,,1,20,20,2,1,3.0,2,1,2,-5.78905630452022,3,"White House, District of Columbia, United States",US,USDC,,38.8951,-77.0364,531871,1,Iran,IR,IR,,32.0,53.0,IR,4,"Gaza, Israel (general), Israel",IS,IS00,18315,31.4167,34.3333,-797156,20260304154500,https://www.aljazeera.com/news/2026/3/4/why-are-the-us-and-israel-framing-the-ongoing-conflict-as-a-religious-war
1292362303,20260304,202603,2026,2026.1753,ISR,ISRAEL,ISR,,,,,,,,IRN,IRAN,IRN,,,,,,,,1,20,20,2,1,3.0,1,1,1,-5.78905630452022,1,Qatar,QA,QA,,25.5,51.25,QA,1,Iran,IR,IR,,32.0,53.0,IR,1,Qatar,QA,QA,,25.5,51.25,QA,20260304154500,https://www.aljazeera.com/news/2026/3/4/why-are-the-us-and-israel-framing-the-ongoing-conflict-as-a-religious-war
1292362304,20260304,202603,2026,2026.1753,ISR,ISRAEL,ISR,,,,,,,,IRN,IRAN,IRN,,,,,,,,1,20,20,2,1,3.0,1,1,1,-5.78905630452022,1,Qatar,QA,QA,,25.5,51.25,QA,1,Qatar,QA,QA,,25.5,51.25,QA,1,Qatar,QA,QA,,25.5,51.25,QA,20260304154500,https://www.aljazeera.com/news/2026/3/4/why-are-the-us-and-israel-framing-the-ongoing-conflict-as-a-religious-war
1292362305,20260304,202603,2026,2026.1753,ISR,ISRAELI,ISR,,,,,,,,IRN,IRAN,IRN,,,,,,,,1,1712,171,17,4,-9.2,1,1,1,-10.6100795755968,1,Israel,IS,IS,,31.5,34.75,IS,4,"Minab, Sistan va Baluchestan, Iran",IR,IR04,41051,25.7893,61.1025,293743,1,Israel,IS,IS,,31.5,34.75,IS,20260304154500,https://www.presstv.ir/Detail/2026/03/04/764951/Another-girls-school-targeted-in-US-Israeli-attacks-on-Iran
1292362306,20260304,202603,2026,2026.1753,ISR,ISRAELI,ISR,,,,,,,,IRN,URMIA,IRN,,,,,,,,1,1712,171,17,4,-9.2,7,1,7,-10.6100795755968,1,Israel,IS,IS,,31.5,34.75,IS,1,Israel,IS,IS,,31.5,34.75,IS,1,Israel,IS,IS,,31.5,34.75,IS,20260304154500,https://www.presstv.ir/Detail/2026/03/04/764951/Another-girls-school-targeted-in-US-Israeli-attacks-on-Iran
1292362307,20260304,202603,2026,2026.1753,ISR,ISRAELI,ISR,,,,,,,,IRN,IRAN,IRN,,,,,,,,0,173,173,17,4,-5.0,2,1,2,-4.28571428571429,1,Israel,IS,IS,,31.5,34.75,IS,4,"Tehran, Tehran, Iran",IR,IR26,41130,35.75,51.5148,10074674,4,"Tehran, Tehran, Iran",IR,IR26,41130,35.75,51.5148,10074674,20260304154500,https://www.islamicinvitationturkey.com/araghchi-accuses-trump-of-diplomacy-breach-and-u-s-betrayal-with-iran-assault/
1292362308,20260304,202603,2026,2026.1753,ISR,ISRAELI,ISR,,,,,,,,IRN,IRAN,IRN,,,,,,,,0,173,173,17,4,-5.0,2,1,2,-4.28571428571429,1,Israel,IS,IS,,31.5,34.75,IS,1,United States,US,US,,39.828175,-98.5795,US,1,United States,US,US,,39.828175,-98.5795,US,20260304154500,https://www.islamicinvitationturkey.com/araghchi-accuses-trump-of-diplomacy-breach-and-u-s-betrayal-with-iran-assault/
1292362309,20260304,202603,2026,2026.1753,ISR,TEL AVIV,ISR,,,,,,,,IRN,IRAN,IRN,,,,,,,,0,180,180,18,4,-9.0,6,1,6,-9.70149253731346,3,"Washington, District of Columbia, United States",US,USDC,DC001,38.8951,-77.0364,531871,1,Iran,IR,IR,,32.0,53.0,IR,3,"Washington, District of Columbia, United States",US,USDC,DC001,38.8951,-77.0364,531871,20260304154500,https://www.islamicinvitationturkey.com/handala-group-infiltrates-prominent-israeli-think-tank-renowned-for-anti-iran-rhetoric/
1292362310,20260304,202603,2026,2026.1753,ISR,TEL AVIV,ISR,,,,,,,,IRN,IRAN,IRN,,,,,,,,0,180,180,18,4,-9.0,4,1,4,-9.70149253731346,1,Iran,IR,IR,,32.0,53.0,IR,1,Iran,IR,IR,,32.0,53.0,IR,3,"Washington, District of Columbia, United States",US,USDC,DC001,38.8951,-77.0364,531871,20260304154500,https://www.islamicinvitationturkey.com/handala-group-infiltrates-prominent-israeli-think-tank-renowned-for-anti-iran-rhetoric/
1292362311,20260304,202603,2026,2026.1753,ISR,ISRAEL,ISR,,,,,,,,IRN,IRAN,IRN,,,,,,,,1,186,186,18,4,-10.0,1,1,1,-0.42918454935622,4,"Tehran, Tehran, Iran",IR,IR26,41130,35.75,51.5148,10074674,1,Israel,IS,IS,,31.5,34.75,IS,1,Israel,IS,IS,,31.5,34.75,IS,20260304154500,https://pmnewsnigeria.com/2026/03/04/middle-east-tension-iran-set-to-announce-new-supreme-leader/
1292362312,20260304,202603,2026,2026.1753,ISR,ISRAEL,ISR,,,,,,,,IRN,IRAN,IRN,,,,,,,,1,186,186,18,4,-10.0,1,1,1,-0.42918454935622,1,Israel,IS,IS,,31.5,34.75,IS,1,Israel,IS,IS,,31.5,34.75,IS,4,"Tehran, Tehran, Iran",IR,IR26,41130,35.75,51.5148,10074674,20260304154500,https://pmnewsnigeria.com/2026/03/04/middle-east-tension-iran-set-to-announce-new-supreme-leader/
1292362313,20260304,202603,2026,2026.1753,ISR,ISRAEL,ISR,,,,,,,,IRN,IRAN,IRN,,,,,,,,0,190,190,19,4,-10.0,1,1,1,-2.50783699059561,4,"Moscow, Moskva, Russia",RS,RS48,25106,55.7522,37.6156,-2960561,4,"Gaza, Israel (general), Israel",IS,IS00,18315,31.4167,34.3333,-797156,4,"Moscow, Moskva, Russia",RS,RS48,25106,55.7522,37.6156,-2960561,20260304154500,https://www.aa.com.tr/en/asia-pacific/russia-launches-consultations-with-iraq-palestine-turkiye-amid-us-israel-iran-conflict/3850111
1292362314,20260304,202603,2026,2026.1753,ISR,ISRAELI,ISR,,,,,,,,IRN,IRAN,IRN,,,,,,,,0,190,190,19,4,-10.0,4,1,4,-1.44665461121157,4,"Basij, Fars, Iran",IR,IR07,41029,30.608,53.1874,10467014,4,"Basij, Fars, Iran",IR,IR07,41029,30.608,53.1874,10467014,4,"Basij, Fars, Iran",IR,IR07,41029,30.608,53.1874,10467014,20260304154500,https://www.independent.co.uk/news/world/middle-east/iran-ayatollah-mojtaba-khamenei-successor-b2931574.html
1292362315,20260304,202603,2026,2026.1753,ISR,ISRAELI,ISR,,,,,,,,IRN,IRAN,IRN,,,,,,,,1,195,195,19,4,-10.0,1,1,1,-4.10094637223975,1,Israel,IS,IS,,31.5,34.75,IS,1,China,CH,CH,,35.0,105.0,CH,1,Israel,IS,IS,,31.5,34.75,IS,20260304154500,https://www.yahoo.com/news/articles/pakistan-then-iran-chinese-air-130000354.html
1292362316,20260304,202603,2026,2026.1753,ISR,ISRAEL,ISR,,,,,,,,IRNEDU,IRAN,IRN,,,,,EDU,,,1,180,180,18,4,-9.0,2,1,2,-10.0,1,Israel,IS,IS,,31.5,34.75,IS,4,"Minab, Sistan va Baluchestan, Iran",IR,IR04,41051,25.7893,61.1025,293743,1,Israel,IS,IS,,31.5,34.75,IS,20260304154500,https://www.islamicinvitationturkey.com/us-israeli-strikes-target-another-girls-school-in-iran/
1292362317,20260304,202603,2026,2026.1753,ISR,ISRAEL,ISR,,,,,,,,IRNEDU,IRAN,IRN,,,,,EDU,,,1,190,190,19,4,-10.0,8,1,8,-10.0,1,Israel,IS,IS,,31.5,34.75,IS,4,"Urmia, Az¯arbayjan-e Gharbi, Iran",IR,IR01,41057,37.5553,45.0724,-3077456,1,Israel,IS,IS,,31.5,34.75,IS,20260304154500,https://www.islamicinvitationturkey.com/us-israeli-strikes-target-another-girls-school-in-iran/
1292362318,20260304,202603,2026,2026.1753,ISR,ISRAEL,ISR,,,,,,,,IRNEDU,IRAN,IRN,,,,,EDU,,,1,190,190,19,4,-10.0,2,1,2,-10.0,1,United States,US,US,,39.828175,-98.5795,US,4,"Urmia, Az¯arbayjan-e Gharbi, Iran",IR,IR01,41057,37.5553,45.0724,-3077456,1,Israel,IS,IS,,31.5,34.75,IS,20260304154500,https://www.islamicinvitationturkey.com/us-israeli-strikes-target-another-girls-school-in-iran/
1292362319,20260304,202603,2026,2026.1753,ISR,ISRAEL,ISR,,,,,,,,ISRMIL,ISRAELI,ISR,,,,,MIL,,,1,42,42,4,1,1.9,5,1,5,-4.15430267062315,1,Greece,GR,GR,,39.0,22.0,GR,1,Greece,GR,GR,,39.0,22.0,GR,1,Greece,GR,GR,,39.0,22.0,GR,20260304154500,https://aleteia.org/2026/03/04/lebanon-they-yearn-for-an-ordinary-life/
1292362320,20260304,202603,2026,2026.1753,ISR,ISRAELI,ISR,,,,,,,,ISRMIL,ISRAEL,ISR,,,,,MIL,,,1,150,150,15,4,-7.2,2,1,2,-4.10094637223975,1,Israel,IS,IS,,31.5,34.75,IS,1,Israel,IS,IS,,31.5,34.75,IS,4,"Tehran, Tehran, Iran",IR,IR26,41130,35.75,51.5148,10074674,20260304154500,https://www.yahoo.com/news/articles/pakistan-then-iran-chinese-air-130000354.html
1292362321,20260304,202603,2026,2026.1753,ISR,ISRAELI,ISR,,,,,,,,ISRMIL,ISRAEL,ISR,,,,,MIL,,,1,150,150,15,4,-7.2,2,1,2,-4.10094637223975,1,Israel,IS,IS,,31.5,34.75,IS,1,Israel,IS,IS,,31.5,34.75,IS,1,Israel,IS,IS,,31.5,34.75,IS,20260304154500,https://www.yahoo.com/news/articles/pakistan-then-iran-chinese-air-130000354.html
1292362322,20260304,202603,2026,2026.1753,ISR,ISRAELI,ISR,,,,,,,,ISRMIL,ISRAEL,ISR,,,,,MIL,,,1,154,154,15,4,-7.2,4,1,4,-4.10094637223975,1,Israel,IS,IS,,31.5,34.75,IS,1,Israel,IS,IS,,31.5,34.75,IS,1,Israel,IS,IS,,31.5,34.75,IS,20260304154500,https://www.yahoo.com/news/articles/pakistan-then-iran-chinese-air-130000354.html
1292362323,20260304,202603,2026,2026.1753,ISR,TEL AVIV,ISR,,,,,,,,LBN,BEIRUT,LBN,,,,,,,,0,160,160,16,4,-4.0,2,1,2,-1.03030303030303,1,Germany,GM,GM,,51.5,10.5,GM,1,Germany,GM,GM,,51.5,10.5,GM,1,Germany,GM,GM,,51.5,10.5,GM,20260304154500,https://krdo.com/news/2026/03/04/closed-airports-empty-skies-what-travelers-impacted-by-middle-east-air-disruptions-need-to-know/
1292362324,20260304,202603,2026,2026.1753,ISR,ISRAEL,ISR,,,,,,,,LBNGOVHLH,LEBANON,LBN,,,,,GOV,HLH,,0,194,194,19,4,-10.0,4,2,4,-4.386957181901,1,Israel,IS,IS,,31.5,34.75,IS,4,"Beirut, Beyrouth, Lebanon",LE,LE04,18808,33.8719,35.5097,-801546,1,Israel,IS,IS,,31.5,34.75,IS,20260304154500,https://www.wkyufm.org/news/2026-03-04/the-u-s-sinks-irans-ships-and-slams-its-missile-launchers-as-the-war-enters-day-5
1292362325,20260304,202603,2026,2026.1753,ISR,ISRAELI,ISR,,,,,,,,MIL,ARMY,,,,,,MIL,,,1,190,190,19,4,-10.0,3,1,3,-6.76982591876209,4,"Metula, Ha?afon, Israel",IS,IS03,18314,33.2792,35.5795,-780681,4,"Metula, Ha?afon, Israel",IS,IS03,18314,33.2792,35.5795,-780681,4,"Metula, Ha?afon, Israel",IS,IS03,18314,33.2792,35.5795,-780681,20260304154500,https://www.islamicinvitationturkey.com/watch-hezbollah-strikes-deep-despite-brutal-zionist-attacks/
1292362326,20260304,202603,2026,2026.1753,ISR,ISRAEL,ISR,,,,,,,,MOS,MUSLIM,,,,MOS,,,,,0,51,51,5,1,3.4,2,1,2,-2.93757649938801,4,"New Delhi, Delhi, India",IN,IN07,17911,28.6,77.2,-2106102,4,"New Delhi, Delhi, India",IN,IN07,17911,28.6,77.2,-2106102,4,"New Delhi, Delhi, India",IN,IN07,17911,28.6,77.2,-2106102,20260304154500,https://www.presstv.ir/Detail/2026/02/27/764806/modi-israel-visit-shows-morality-no-longer-guides-india-foreign-policy-journalist
1292362327,20260304,202603,2026,2026.1753,ISR,ISRAEL,ISR,,,,,,,,MOS,MUSLIM,,,,MOS,,,,,0,51,51,5,1,3.4,8,1,8,-2.93757649938801,4,"Gaza, Israel (general), Israel",IS,IS00,18315,31.4167,34.3333,-797156,4,"Gaza, Israel (general), Israel",IS,IS00,18315,31.4167,34.3333,-797156,4,"Gaza, Israel (general), Israel",IS,IS00,18315,31.4167,34.3333,-797156,20260304154500,https://www.presstv.ir/Detail/2026/02/27/764806/modi-israel-visit-shows-morality-no-longer-guides-india-foreign-policy-journalist
1292362328,20260304,202603,2026,2026.1753,ISR,ISRAEL,ISR,,,,,,,,MOS,ISLAMIC,,,,MOS,,,,,0,190,190,19,4,-10.0,1,1,1,-4.28571428571429,1,Israel,IS,IS,,31.5,34.75,IS,4,"Tehran, Tehran, Iran",IR,IR26,41130,35.75,51.5148,10074674,1,United States,US,US,,39.828175,-98.5795,US,20260304154500,https://www.islamicinvitationturkey.com/araghchi-accuses-trump-of-diplomacy-breach-and-u-s-betrayal-with-iran-assault/
1292362329,20260304,202603,2026,2026.1753,ISR,ISRAEL,ISR,,,,,,,,MOS,ISLAMIC,,,,MOS,,,,,0,190,190,19,4,-10.0,1,1,1,-4.28571428571429,1,Israel,IS,IS,,31.5,34.75,IS,1,Israel,IS,IS,,31.5,34.75,IS,4,"Tehran, Tehran, Iran",IR,IR26,41130,35.75,51.5148,10074674,20260304154500,https://www.islamicinvitationturkey.com/araghchi-accuses-trump-of-diplomacy-breach-and-u-s-betrayal-with-iran-assault/
1292362330,20260304,202603,2026,2026.1753,ISR,ISRAELI,ISR,,,,,,,,NGOHLHIRC,RED CRESCENT,,IRC,,,,NGO,HLH,,0,190,190,19,4,-10.0,2,1,2,-10.6100795755968,4,"Minab, Sistan va Baluchestan, Iran",IR,IR04,41051,25.7893,61.1025,293743,4,"Minab, Sistan va Baluchestan, Iran",IR,IR04,41051,25.7893,61.1025,293743,4,"Minab, Sistan va Baluchestan, Iran",IR,IR04,41051,25.7893,61.1025,293743,20260304154500,https://www.presstv.ir/Detail/2026/03/04/764951/Another-girls-school-targeted-in-US-Israeli-attacks-on-Iran
1292362331,20260304,202603,2026,2026.1753,ISR,ISRAEL,ISR,,,,,,,,PSE,PALESTINIAN,PSE,,,,,,,,0,20,20,2,1,3.0,2,1,2,-1.01975780752072,4,"Gaza, Israel (general), Israel",IS,IS00,18315,31.4167,34.3333,-797156,4,"Gaza, Israel (general), Israel",IS,IS00,18315,31.4167,34.3333,-797156,3,"Evanston, Illinois, United States",US,USIL,IL031,42.0411,-87.6901,408101,20260304154500,https://dailynorthwestern.com/2026/03/04/city/mayor-daniel-biss-isnt-afraid-to-make-waves-now-hes-aiming-for-washington/
1292362332,20260304,202603,2026,2026.1753,ISR,ISRAEL,ISR,,,,,,,,PSE,PALESTINIAN,PSE,,,,,,,,0,20,20,2,1,3.0,2,1,2,-1.01975780752072,4,"Gaza, Israel (general), Israel",IS,IS00,18315,31.4167,34.3333,-797156,3,"Evanston, Illinois, United States",US,USIL,IL031,42.0411,-87.6901,408101,3,"Evanston, Illinois, United States",US,USIL,IL031,42.0411,-87.6901,408101,20260304154500,https://dailynorthwestern.com/2026/03/04/city/mayor-daniel-biss-isnt-afraid-to-make-waves-now-hes-aiming-for-washington/
1292362333,20260304,202603,2026,2026.1753,ISR,ISRAEL,ISR,,,,,,,,PSE,OCCUPIED TERRITORIES,PSE,,,,,,,,1,42,42,4,1,1.9,1,1,1,-2.93757649938801,4,"Gaza, Israel (general), Israel",IS,IS00,18315,31.4167,34.3333,-797156,4,"Gaza, Israel (general), Israel",IS,IS00,18315,31.4167,34.3333,-797156,4,"Gaza, Israel (general), Israel",IS,IS00,18315,31.4167,34.3333,-797156,20260304154500,https://www.presstv.ir/Detail/2026/02/27/764806/modi-israel-visit-shows-morality-no-longer-guides-india-foreign-policy-journalist
1292362334,20260304,202603,2026,2026.1753,ISR,ISRAEL,ISR,,,,,,,,PSE,PALESTINIAN,PSE,,,,,,,,0,51,51,5,1,3.4,1,1,1,-2.93757649938801,4,"New Delhi, Delhi, India",IN,IN07,17911,28.6,77.2,-2106102,4,"New Delhi, Delhi, India",IN,IN07,17911,28.6,77.2,-2106102,4,"New Delhi, Delhi, India",IN,IN07,17911,28.6,77.2,-2106102,20260304154500,https://www.presstv.ir/Detail/2026/02/27/764806/modi-israel-visit-shows-morality-no-longer-guides-india-foreign-policy-journalist
1292362335,20260304,202603,2026,2026.1753,ISR,ISRAEL,ISR,,,,,,,,UAF,MILITANT,,,,,,UAF,,,1,110,110,11,3,-2.0,10,1,10,-4.34782608695652,4,"Beirut, Beyrouth, Lebanon",LE,LE04,18808,33.8719,35.5097,-801546,1,Israel,IS,IS,,31.5,34.75,IS,1,Israel,IS,IS,,31.5,34.75,IS,20260304154500,https://www.africanews.com/2026/03/04/un-says-tens-of-thousand-displaced-in-lebanon-amid-israeli-strikes/
1292362336,20260304,202603,2026,2026.1753,ISR,ISRAEL,ISR,,,,,,,,USA,THE US,USA,,,,,,,,1,40,40,4,1,1.0,5,1,5,-5.18834399431414,4,"Tel Aviv, Tel Aviv, Israel",IS,IS05,18316,32.0667,34.7667,-781545,4,"Tel Aviv, Tel Aviv, Israel",IS,IS05,18316,32.0667,34.7667,-781545,1,Iran,IR,IR,,32.0,53.0,IR,20260304154500,https://tass.com/politics/2096327
1292362337,20260304,202603,2026,2026.1753,ISR,ISRAEL,ISR,,,,,,,,USA,UNITED STATES,USA,,,,,,,,0,51,51,5,1,3.4,2,1,2,-1.01975780752072,4,"Gaza, Israel (general), Israel",IS,IS00,18315,31.4167,34.3333,-797156,3,"Evanston, Illinois, United States",US,USIL,IL031,42.0411,-87.6901,408101,4,"Gaza, Israel (general), Israel",IS,IS00,18315,31.4167,34.3333,-797156,20260304154500,https://dailynorthwestern.com/2026/03/04/city/mayor-daniel-biss-isnt-afraid-to-make-waves-now-hes-aiming-for-washington/
1292362338,20260304,202603,2026,2026.1753,ISR,ISRAEL,ISR,,,,,,,,USA,UNITED STATES,USA,,,,,,,,0,51,51,5,1,3.4,2,1,2,-1.01975780752072,4,"Gaza, Israel (general), Israel",IS,IS00,18315,31.4167,34.3333,-797156,3,"Evanston, Illinois, United States",US,USIL,IL031,42.0411,-87.6901,408101,3,"Evanston, Illinois, United States",US,USIL,IL031,42.0411,-87.6901,408101,20260304154500,https://dailynorthwestern.com/2026/03/04/city/mayor-daniel-biss-isnt-afraid-to-make-waves-now-hes-aiming-for-washington/
1292362339,20260304,202603,2026,2026.1753,ISR,ISRAEL,ISR,,,,,,,,USA,UNITED STATES,USA,,,,,,,,1,57,57,5,1,8.0,2,1,2,-6.88622754491018,4,"Tehran, Tehran, Iran",IR,IR26,41130,35.75,51.5148,10074674,1,United States,US,US,,39.828175,-98.5795,US,4,"Tehran, Tehran, Iran",IR,IR26,41130,35.75,51.5148,10074674,20260304154500,https://www.islamicinvitationturkey.com/irgc-ground-force-initiates-trio-of-operations-countering-alleged-israeli-us-hostilities/
1292362340,20260304,202603,2026,2026.1753,ISR,ISRAEL,ISR,,,,,,,,USA,UNITED STATES,USA,,,,,,,,1,57,57,5,1,8.0,8,1,8,-6.88622754491018,1,United States,US,US,,39.828175,-98.5795,US,1,United States,US,US,,39.828175,-98.5795,US,4,"Tehran, Tehran, Iran",IR,IR26,41130,35.75,51.5148,10074674,20260304154500,https://www.islamicinvitationturkey.com/irgc-ground-force-initiates-trio-of-operations-countering-alleged-israeli-us-hostilities/
1292362341,20260304,202603,2026,2026.1753,ISRGOV,ISRAEL,ISR,,,,,GOV,,,CAN,CANADA,CAN,,,,,,,,0,40,40,4,1,1.0,2,1,2,-2.92134831460675,1,Oman,MU,MU,,21.0,57.0,MU,4,"Ottawa, Ontario, Canada",CA,CA08,12755,45.4167,-75.7,-570760,4,"Gaza, Israel (general), Israel",IS,IS00,18315,31.4167,34.3333,-797156,20260304154500,https://www.castanetkamloops.net/news/Canada/601813/Canada-secures-limited-seats-on-commercial-flights-from-Lebanon-as-conflict-widens
1292362342,20260304,202603,2026,2026.1753,ISRGOV,ISRAEL,ISR,,,,,GOV,,,ISR,TEL AVIV,ISR,,,,,,,,0,874,87,8,2,10.0,2,1,2,-2.05973223480948,1,Iran,IR,IR,,32.0,53.0,IR,1,Iran,IR,IR,,32.0,53.0,IR,1,Iran,IR,IR,,32.0,53.0,IR,20260304154500,https://talkingpointsmemo.com/news/iran-blood-moon-purim-end-times-trump
1292362343,20260304,202603,2026,2026.1753,ISRGOV,ISRAEL,ISR,,,,,GOV,,,ISR,TEL AVIV,ISR,,,,,,,,0,874,87,8,2,10.0,8,1,8,-2.05973223480948,1,Israel,IS,IS,,31.5,34.75,IS,1,Israel,IS,IS,,31.5,34.75,IS,1,Iran,IR,IR,,32.0,53.0,IR,20260304154500,https://talkingpointsmemo.com/news/iran-blood-moon-purim-end-times-trump
1292362344,20260304,202603,2026,2026.1753,ISRGOV,ISRAEL,ISR,,,,,GOV,,,JOR,JORDAN,JOR,,,,,,,,0,20,20,2,1,3.0,1,1,1,-2.57648953301127,1,Israel,IS,IS,,31.5,34.75,IS,4,"Cairo, Al Qahirah, Egypt",EG,EG11,65350,30.05,31.25,-290692,4,"Cairo, Al Qahirah, Egypt",EG,EG11,65350,30.05,31.25,-290692,20260304154500,https://www.upi.com/Top_News/World-News/2026/03/04/evacuate-americans-middle-east-war/9141772636040/
1292362345,20260304,202603,2026,2026.1753,ISRGOV,ISRAEL,ISR,,,,,GOV,,,JOR,JORDAN,JOR,,,,,,,,0,20,20,2,1,3.0,1,1,1,-2.57648953301127,1,Israel,IS,IS,,31.5,34.75,IS,1,Jordan,JO,JO,,31.0,36.0,JO,1,Jordan,JO,JO,,31.0,36.0,JO,20260304154500,https://www.upi.com/Top_News/World-News/2026/03/04/evacuate-americans-middle-east-war/9141772636040/
1292362346,20260304,202603,2026,2026.1753,ISRMIL,ISRAELI,ISR,,,,,MIL,,,,,,,,,,,,,1,150,150,15,4,-7.2,6,1,6,-4.10094637223975,1,Israel,IS,IS,,31.5,34.75,IS,0,,,,,,,,1,Israel,IS,IS,,31.5,34.75,IS,20260304154500,https://www.yahoo.com/news/articles/pakistan-then-iran-chinese-air-130000354.html
1292362347,20260304,202603,2026,2026.1753,ISRMIL,ISRAEL,ISR,,,,,MIL,,,CVL,RESIDENTS,,,,,,CVL,,,0,138,138,13,3,-7.0,1,1,1,-2.92134831460675,4,"Gaza, Israel (general), Israel",IS,IS00,18315,31.4167,34.3333,-797156,4,"Gaza, Israel (general), Israel",IS,IS00,18315,31.4167,34.3333,-797156,4,"Gaza, Israel (general), Israel",IS,IS00,18315,31.4167,34.3333,-797156,20260304154500,https://www.castanetkamloops.net/news/Canada/601813/Canada-secures-limited-seats-on-commercial-flights-from-Lebanon-as-conflict-widens
1292362348,20260304,202603,2026,2026.1753,ISRMIL,ISRAEL,ISR,,,,,MIL,,,CVL,RESIDENTS,,,,,,CVL,,,0,138,138,13,3,-7.0,1,1,1,-2.92134831460675,1,Iran,IR,IR,,32.0,53.0,IR,1,Iran,IR,IR,,32.0,53.0,IR,1,Iran,IR,IR,,32.0,53.0,IR,20260304154500,https://www.castanetkamloops.net/news/Canada/601813/Canada-secures-limited-seats-on-commercial-flights-from-Lebanon-as-conflict-widens
1292362349,20260304,202603,2026,2026.1753,ISRMIL,ISRAELI,ISR,,,,,MIL,,,GOV,GOVERNMENT OFFICIAL,,,,,,GOV,,,1,195,195,19,4,-10.0,3,1,3,-4.10094637223975,1,Israel,IS,IS,,31.5,34.75,IS,1,China,CH,CH,,35.0,105.0,CH,1,Israel,IS,IS,,31.5,34.75,IS,20260304154500,https://www.yahoo.com/news/articles/pakistan-then-iran-chinese-air-130000354.html
1292362350,20260304,202603,2026,2026.1753,ISRMIL,ISRAELI,ISR,,,,,MIL,,,IRN,IRAN,IRN,,,,,,,,0,173,173,17,4,-5.0,4,1,4,-4.28571428571429,1,Israel,IS,IS,,31.5,34.75,IS,4,"Tehran, Tehran, Iran",IR,IR26,41130,35.75,51.5148,10074674,4,"Tehran, Tehran, Iran",IR,IR26,41130,35.75,51.5148,10074674,20260304154500,https://www.islamicinvitationturkey.com/araghchi-accuses-trump-of-diplomacy-breach-and-u-s-betrayal-with-iran-assault/
1292362351,20260304,202603,2026,2026.1753,ISRMIL,ISRAEL,ISR,,,,,MIL,,,IRN,IRAN,IRN,,,,,,,,0,173,173,17,4,-5.0,2,1,2,-4.28571428571429,1,United States,US,US,,39.828175,-98.5795,US,4,"Tehran, Tehran, Iran",IR,IR26,41130,35.75,51.5148,10074674,4,"Tehran, Tehran, Iran",IR,IR26,41130,35.75,51.5148,10074674,20260304154500,https://www.islamicinvitationturkey.com/araghchi-accuses-trump-of-diplomacy-breach-and-u-s-betrayal-with-iran-assault/
1292362352,20260304,202603,2026,2026.1753,ISRMIL,ISRAEL,ISR,,,,,MIL,,,IRN,IRAN,IRN,,,,,,,,1,190,190,19,4,-10.0,2,1,2,-6.88622754491018,1,United States,US,US,,39.828175,-98.5795,US,4,"Tehran, Tehran, Iran",IR,IR26,41130,35.75,51.5148,10074674,1,Israel,IS,IS,,31.5,34.75,IS,20260304154500,https://www.islamicinvitationturkey.com/irgc-ground-force-initiates-trio-of-operations-countering-alleged-israeli-us-hostilities/
1292362353,20260304,202603,2026,2026.1753,ISRMIL,ISRAEL,ISR,,,,,MIL,,,ISR,ISRAELI,ISR,,,,,,,,1,40,40,4,1,1.0,2,1,2,-0.28735632183908,1,Israel,IS,IS,,31.5,34.75,IS,1,Israel,IS,IS,,31.5,34.75,IS,1,Israel,IS,IS,,31.5,34.75,IS,20260304154500,https://timesofindia.indiatimes.com/world/middle-east/next-mission-waiting-for-you-what-israels-air-force-commander-told-f-35-pilot-who-shot-down-iranian-jet-over-tehran/articleshow/129034521.cms
1292362354,20260304,202603,2026,2026.1753,ISRMIL,ISRAELI,ISR,,,,,MIL,,,ISR,ISRAEL,ISR,,,,,,,,1,43,43,4,1,2.8,5,1,5,-4.15430267062315,1,Israel,IS,IS,,31.5,34.75,IS,1,Israel,IS,IS,,31.5,34.75,IS,4,"Saida, Liban-Sud, Lebanon",LE,LE06,18805,33.5631,35.3689,-810346,20260304154500,https://aleteia.org/2026/03/04/lebanon-they-yearn-for-an-ordinary-life/
1292362355,20260304,202603,2026,2026.1753,ISRMIL,ISRAEL,ISR,,,,,MIL,,,LBN,BEIRUT,LBN,,,,,,,,0,174,174,17,4,-5.0,1,1,1,-2.92134831460675,4,"Gaza, Israel (general), Israel",IS,IS00,18315,31.4167,34.3333,-797156,4,"Beirut, Beyrouth, Lebanon",LE,LE04,18808,33.8719,35.5097,-801546,4,"Beirut, Beyrouth, Lebanon",LE,LE04,18808,33.8719,35.5097,-801546,20260304154500,https://www.castanetkamloops.net/news/Canada/601813/Canada-secures-limited-seats-on-commercial-flights-from-Lebanon-as-conflict-widens
1292362356,20260304,202603,2026,2026.1753,ISRMIL,ISRAEL,ISR,,,,,MIL,,,LBN,BEIRUT,LBN,,,,,,,,0,174,174,17,4,-5.0,1,1,1,-2.92134831460675,1,Iran,IR,IR,,32.0,53.0,IR,1,Armenia,AM,AM,,40.0,45.0,AM,4,"Ottawa, Ontario, Canada",CA,CA08,12755,45.4167,-75.7,-570760,20260304154500,https://www.castanetkamloops.net/news/Canada/601813/Canada-secures-limited-seats-on-commercial-flights-from-Lebanon-as-conflict-widens
1292362357,20260304,202603,2026,2026.1753,ISRMIL,ISRAELI,ISR,,,,,MIL,,,MIL,COMMANDER,,,,,,MIL,,,1,84,84,8,2,7.0,6,1,6,-0.28735632183908,1,Israel,IS,IS,,31.5,34.75,IS,1,Israel,IS,IS,,31.5,34.75,IS,1,Israel,IS,IS,,31.5,34.75,IS,20260304154500,https://timesofindia.indiatimes.com/world/middle-east/next-mission-waiting-for-you-what-israels-air-force-commander-told-f-35-pilot-who-shot-down-iranian-jet-over-tehran/articleshow/129034521.cms
1292362358,20260304,202603,2026,2026.1753,ITA,ITALIAN,ITA,,,,,,,,FRA,FRENCH,FRA,,,,,,,,1,111,111,11,3,-2.0,5,1,5,0.0,1,Italy,IT,IT,,42.833333,12.833333,IT,1,Italy,IT,IT,,42.833333,12.833333,IT,1,Italy,IT,IT,,42.833333,12.833333,IT,20260304154500,https://www.thelocal.it/20260304/italian-billionaire-agrees-sale-of-la-stampa-newspaper
1292362359,20260304,202603,2026,2026.1753,ITA,ITALY,ITA,,,,,,,,IRN,IRANIAN,IRN,,,,,,,,1,43,43,4,1,2.8,2,1,2,-1.74013921113689,4,"Milan, Lombardia, Italy",IT,IT09,18363,45.4667,9.2,-121726,4,"Bonyan, Bushehr, Iran",IR,IR22,25307,28.7863,51.4356,-3055242,4,"Visakhapatnam, Andhra Pradesh, India",IN,IN02,17566,17.7,83.3,-2114520,20260304154500,https://indianexpress.com/article/explained/explained-global/us-submarine-iran-warship-iris-dena-sri-lanka-10564768/
1292362360,20260304,202603,2026,2026.1753,ITA,MILAN,ITA,,,,,,,,IRN,IRAN,IRN,,,,,,,,0,62,62,6,2,7.4,28,1,28,-4.92350222760089,1,Iran,IR,IR,,32.0,53.0,IR,1,Iran,IR,IR,,32.0,53.0,IR,1,Iran,IR,IR,,32.0,53.0,IR,20260304154500,https://newsradio1290wtks.iheart.com/content/2026-03-04-us-submarine-sinks-iranian-warship-in-the-indian-ocean/
1292362361,20260304,202603,2026,2026.1753,ITA,ITALY,ITA,,,,,,,,LTU,LITHUANIAN,LTU,,,,,,,,0,10,10,1,1,0.0,2,1,2,-1.53172866520788,4,"Rome, Lazio, Italy",IT,IT07,18350,41.9,12.4833,-126693,4,"Rome, Lazio, Italy",IT,IT07,18350,41.9,12.4833,-126693,4,"Rome, Lazio, Italy",IT,IT07,18350,41.9,12.4833,-126693,20260304154500,https://aleteia.org/2022/03/04/when-st-casimir-chose-peace-instead-of-war-in-eastern-europe/
1292362362,20260304,202603,2026,2026.1753,ITA,ITALY,ITA,,,,,,,,LTU,LITHUANIAN,LTU,,,,,,,,0,17,17,1,1,0.0,2,1,2,-1.53172866520788,4,"Rome, Lazio, Italy",IT,IT07,18350,41.9,12.4833,-126693,4,"Rome, Lazio, Italy",IT,IT07,18350,41.9,12.4833,-126693,4,"Rome, Lazio, Italy",IT,IT07,18350,41.9,12.4833,-126693,20260304154500,https://aleteia.org/2022/03/04/when-st-casimir-chose-peace-instead-of-war-in-eastern-europe/
1292362363,20260304,202603,2026,2026.1753,ITA,ITALY,ITA,,,,,,,,USA,MIAMI,USA,,,,,,,,1,40,40,4,1,1.0,2,1,2,2.17391304347826,3,"Miami, Florida, United States",US,USFL,FL086,25.7743,-80.1937,295004,3,"Miami, Florida, United States",US,USFL,FL086,25.7743,-80.1937,295004,3,"Miami, Florida, United States",US,USFL,FL086,25.7743,-80.1937,295004,20260304154500,https://www.si.com/onsi/athlete-lifestyle/relationships/jutta-leerdam-ab-flexing-hiking-fit-causes-stir-alongside-jake-paul
1292362364,20260304,202603,2026,2026.1753,ITAGOV,ITALY,ITA,,,,,GOV,,,MIL,ARMY,,,,,,MIL,,,1,190,190,19,4,-10.0,1,1,1,-1.53172866520788,4,"Rome, Lazio, Italy",IT,IT07,18350,41.9,12.4833,-126693,1,Lithuania,LH,LH,,56.0,24.0,LH,1,Lithuania,LH,LH,,56.0,24.0,LH,20260304154500,https://aleteia.org/2022/03/04/when-st-casimir-chose-peace-instead-of-war-in-eastern-europe/
1292362365,20260304,202603,2026,2026.1753,ITAMIL,MILAN,ITA,,,,,MIL,,,,,,,,,,,,,0,62,62,6,2,7.4,84,1,84,-4.9235022276009,4,"Milan, Lombardia, Italy",IT,IT09,18363,45.4667,9.2,-121726,0,,,,,,,,4,"Milan, Lombardia, Italy",IT,IT09,18363,45.4667,9.2,-121726,20260304154500,https://newsradio1290wtks.iheart.com/content/2026-03-04-us-submarine-sinks-iranian-warship-in-the-indian-ocean/
1292362366,20260304,202603,2026,2026.1753,JOR,AMMAN,JOR,,,,,,,,,,,,,,,,,,1,20,20,2,1,3.0,3,1,3,-1.5220700152207,3,"Evanston, Illinois, United States",US,USIL,IL031,42.0411,-87.6901,408101,0,,,,,,,,3,"Evanston, Illinois, United States",US,USIL,IL031,42.0411,-87.6901,408101,20260304154500,https://dailynorthwestern.com/2026/03/04/opinion/off-the-record-missiles-over-a-familiar-sky/
1292362367,20260304,202603,2026,2026.1753,JOR,AMMAN,JOR,,,,,,,,USA,CHICAGO,USA,,,,,,,,1,20,20,2,1,3.0,5,1,5,-1.5220700152207,3,"Evanston, Illinois, United States",US,USIL,IL031,42.0411,-87.6901,408101,3,"Evanston, Illinois, United States",US,USIL,IL031,42.0411,-87.6901,408101,3,"Evanston, Illinois, United States",US,USIL,IL031,42.0411,-87.6901,408101,20260304154500,https://dailynorthwestern.com/2026/03/04/opinion/off-the-record-missiles-over-a-familiar-sky/
1292362368,20260304,202603,2026,2026.1753,JOR,JORDAN,JOR,,,,,,,,USA,UNITED STATES,USA,,,,,,,,0,43,43,4,1,2.8,4,1,4,5.4054054054054,1,Jordan,JO,JO,,31.0,36.0,JO,1,United States,US,US,,39.828175,-98.5795,US,1,Jordan,JO,JO,,31.0,36.0,JO,20260304154500,https://www.billboard.com/music/awards/sankofa-org-social-justice-awards-2026-honorees-chuck-d-1236191219/
1292362369,20260304,202603,2026,2026.1753,JPN,JAPANESE,JPN,,,,,,,,EDU,STUDENT,,,,,,EDU,,,0,51,51,5,1,3.4,10,1,10,4.06626506024097,1,Japan,JA,JA,,36.0,138.0,JA,1,Japan,JA,JA,,36.0,138.0,JA,1,Japan,JA,JA,,36.0,138.0,JA,20260304154500,https://www.usforacle.com/2026/03/04/opinion-cultural-clubs-connection-belonging-usf/
1292362370,20260304,202603,2026,2026.1753,JPN,JAPAN,JPN,,,,,,,,GBR,BRITISH,GBR,,,,,,,,1,40,40,4,1,1.0,8,1,8,2.53411306042885,1,Japan,JA,JA,,36.0,138.0,JA,4,"London, London, City of, United Kingdom",UK,UKH9,40110,51.5,-0.116667,-2601889,4,"London, London, City of, United Kingdom",UK,UKH9,40110,51.5,-0.116667,-2601889,20260304154500,https://timesca.com/tag/ca5uk/
1292362371,20260304,202603,2026,2026.1753,JUD,PROSECUTOR,,,,,,JUD,,,,,,,,,,,,,0,10,10,1,1,0.0,6,1,6,-10.0977198697068,4,"Alexandria, Al Iskandariyah, Egypt",EG,EG06,61590,31.1981,29.9192,-290263,0,,,,,,,,4,"Alexandria, Al Iskandariyah, Egypt",EG,EG06,61590,31.1981,29.9192,-290263,20260304154500,https://www.citizen.co.za/news/south-africa/courts/parolee-gets-25-years-for-raping-blind-woman-in-her-home/
1292362372,20260304,202603,2026,2026.1753,JUD,PROSECUTOR,,,,,,JUD,,,,,,,,,,,,,1,10,10,1,1,0.0,2,1,2,-15.4761904761905,3,"Madison County, Ohio, United States",US,USOH,OH097,39.8667,-83.4333,1074061,0,,,,,,,,3,"Madison County, Ohio, United States",US,USOH,,39.8667,-83.4333,1074061,20260304154500,https://abc6onyourside.com/news/local/madison-county-man-arrested-charged-with-murder-in-wifes-death-london-true-crime
1292362373,20260304,202603,2026,2026.1753,JUD,JUDGE,,,,,,JUD,,,,,,,,,,,,,1,10,10,1,1,0.0,5,1,5,-1.05263157894737,3,"Hollywood, California, United States",US,USCA,CA037,34.0983,-118.327,1660757,0,,,,,,,,3,"Hollywood, California, United States",US,USCA,CA037,34.0983,-118.327,1660757,20260304154500,https://tribune.com.pk/story/2595782/why-did-julian-kalel-quit-american-idol-season-23-was-it-due-to-anxiety
1292362374,20260304,202603,2026,2026.1753,JUD,ADVOCATE,,,,,,JUD,,,,,,,,,,,,,1,10,10,1,1,0.0,6,1,6,0.67643742953777,2,"Tennessee, United States",US,USTN,,35.7449,-86.7489,TN,0,,,,,,,,2,"Tennessee, United States",US,USTN,,35.7449,-86.7489,TN,20260304154500,https://www.advocate.com/politics/states/anti-lgbtq-bill-wave-tennessee
1292362375,20260304,202603,2026,2026.1753,JUD,DEFENSE ATTORNEY,,,,,,JUD,,,,,,,,,,,,,0,20,20,2,1,3.0,10,1,10,-9.39597315436244,4,"Vienna, Wien, Austria",AU,AU09,5672,48.2,16.3667,-1995499,0,,,,,,,,4,"Vienna, Wien, Austria",AU,AU09,5672,48.2,16.3667,-1995499,20260304154500,https://www.vol.at/mild-verdicts-against-neo-nazis-after-right-wing-extremist-act-of-violence-in-vienna-subway/10027529
1292362376,20260304,202603,2026,2026.1753,JUD,SUPREME COURT,,,,,,JUD,,,,,,,,,,,,,0,20,20,2,1,3.0,10,1,10,-7.94979079497908,3,"Charlotte, North Carolina, United States",US,USNC,NC119,35.2271,-80.8431,1019610,0,,,,,,,,3,"Charlotte, North Carolina, United States",US,USNC,NC119,35.2271,-80.8431,1019610,20260304154500,https://www.wsoctv.com/news/local/aclu-backed-lawsuit-claims-border-patrol-agents-shattered-car-window-detained-us-citizen/EHD66X6FVJCGJNEPEJVUGVUWD4/
1292362377,20260304,202603,2026,2026.1753,JUD,COUNSEL,,,,,,JUD,,,,,,,,,,,,,0,20,20,2,1,3.0,10,1,10,0.69444444444445,1,France,FR,FR,,46.0,2.0,FR,0,,,,,,,,1,France,FR,FR,,46.0,2.0,FR,20260304154500,https://aleteia.org/2026/03/04/leo-xiv-urges-seminarians-to-keep-the-supernatural/
1292362378,20260304,202603,2026,2026.1753,JUD,PROSECUTOR,,,,,,JUD,,,,,,,,,,,,,1,214,21,2,1,3.4,2,1,2,-15.4761904761905,3,"Madison County, Ohio, United States",US,USOH,OH097,39.8667,-83.4333,1074061,0,,,,,,,,3,"Madison County, Ohio, United States",US,USOH,,39.8667,-83.4333,1074061,20260304154500,https://abc6onyourside.com/news/local/madison-county-man-arrested-charged-with-murder-in-wifes-death-london-true-crime
1292362379,20260304,202603,2026,2026.1753,JUD,JUDGE,,,,,,JUD,,,,,,,,,,,,,1,51,51,5,1,3.4,5,1,5,-6.82352941176471,4,"Tbilisi, Georgia (general), Georgia",GG,GG00,16525,41.725,44.7908,-2330077,0,,,,,,,,4,"Tbilisi, Georgia (general), Georgia",GG,GG00,16525,41.725,44.7908,-2330077,20260304154500,https://dfwatch.net/complex-october-4-trials-roll-on-in-tbilisi-65987/
1292362380,20260304,202603,2026,2026.1753,JUD,COUNSELOR,,,,,,JUD,,,,,,,,,,,,,1,51,51,5,1,3.4,5,1,5,3.125,3,"Salt Lake City, Utah, United States",US,USUT,UT035,40.7608,-111.891,1454997,0,,,,,,,,3,"Salt Lake City, Utah, United States",US,USUT,,40.7608,-111.891,1454997,20260304154500,https://www.sltrib.com/religion/2026/03/04/new-lds-book-highlights-words/
1292362381,20260304,202603,2026,2026.1753,JUD,ADVOCATE,,,,,,JUD,,,,,,,,,,,,,0,81,81,8,2,5.0,5,1,5,0.67643742953777,2,"Tennessee, United States",US,USTN,,35.7449,-86.7489,TN,0,,,,,,,,2,"Tennessee, United States",US,USTN,,35.7449,-86.7489,TN,20260304154500,https://www.advocate.com/politics/states/anti-lgbtq-bill-wave-tennessee
1292362382,20260304,202603,2026,2026.1753,JUD,PUBLIC PROSECUTOR,,,,,,JUD,,,,,,,,,,,,,0,125,125,12,3,-5.0,3,1,3,-2.59938837920489,1,Germany,GM,GM,,51.5,10.5,GM,0,,,,,,,,1,Bulgaria,BU,BU,,43.0,25.0,BU,20260304154500,https://www.vol.at/ott-process-takacs-testifies-about-boat-accident/10027535
1292362383,20260304,202603,2026,2026.1753,JUD,PUBLIC PROSECUTOR,,,,,,JUD,,,,,,,,,,,,,0,125,125,12,3,-5.0,1,1,1,-2.59938837920489,1,Russia,RS,RS,,60.0,100.0,RS,0,,,,,,,,1,Russia,RS,RS,,60.0,100.0,RS,20260304154500,https://www.vol.at/ott-process-takacs-testifies-about-boat-accident/10027535
1292362384,20260304,202603,2026,2026.1753,JUD,DEFENSE ATTORNEY,,,,,,JUD,,,COP,POLICE,,,,,,COP,,,1,20,20,2,1,3.0,8,1,8,-5.24296675191816,2,"Louisiana, United States",US,USLA,,31.1801,-91.8749,LA,2,"Louisiana, United States",US,USLA,,31.1801,-91.8749,LA,2,"Louisiana, United States",US,USLA,,31.1801,-91.8749,LA,20260304154500,https://www.foxnews.com/us/ex-mayor-convicted-after-son-walks-lewd-act-alcohol-infused-pool-bash
1292362385,20260304,202603,2026,2026.1753,JUD,PROSECUTOR,,,,,,JUD,,,EGY,EGYPT,EGY,,,,,,,,0,10,10,1,1,0.0,2,1,2,-10.0977198697068,4,"Alexandria, Al Iskandariyah, Egypt",EG,EG06,61590,31.1981,29.9192,-290263,4,"Alexandria, Al Iskandariyah, Egypt",EG,EG06,61590,31.1981,29.9192,-290263,4,"Alexandria, Al Iskandariyah, Egypt",EG,EG06,61590,31.1981,29.9192,-290263,20260304154500,https://www.citizen.co.za/news/south-africa/courts/parolee-gets-25-years-for-raping-blind-woman-in-her-home/
1292362386,20260304,202603,2026,2026.1753,JUD,JUDGE,,,,,,JUD,,,GOV,GOVERNANCE,,,,,,GOV,,,1,80,80,8,2,5.0,6,1,6,-5.46875,2,"New York, United States",US,USNY,,42.1497,-74.9384,NY,2,"New York, United States",US,USNY,,42.1497,-74.9384,NY,2,"New York, United States",US,USNY,,42.1497,-74.9384,NY,20260304154500,https://nyc.streetsblog.org/2026/03/03/breaking-federal-judge-rules-trump-cant-kill-congestion-pricing
1292362387,20260304,202603,2026,2026.1753,JUD,JUDGE,,,,,,JUD,,,GOV,GOVERNMENT,,,,,,GOV,,,0,143,143,14,3,-6.5,2,1,2,-5.46875,3,"Manhattan, New York, United States",US,USNY,NY061,40.7834,-73.9662,971945,3,"Manhattan, New York, United States",US,USNY,NY061,40.7834,-73.9662,971945,3,"Manhattan, New York, United States",US,USNY,NY061,40.7834,-73.9662,971945,20260304154500,https://nyc.streetsblog.org/2026/03/03/breaking-federal-judge-rules-trump-cant-kill-congestion-pricing
1292362388,20260304,202603,2026,2026.1753,JUD,JUDGE,,,,,,JUD,,,GOV,GOVERNMENT,,,,,,GOV,,,0,143,143,14,3,-6.5,6,1,6,-5.46875,2,"New York, United States",US,USNY,,42.1497,-74.9384,NY,2,"New York, United States",US,USNY,,42.1497,-74.9384,NY,2,"New York, United States",US,USNY,,42.1497,-74.9384,NY,20260304154500,https://nyc.streetsblog.org/2026/03/03/breaking-federal-judge-rules-trump-cant-kill-congestion-pricing
1292362389,20260304,202603,2026,2026.1753,JUD,ATTORNEY,,,,,,JUD,,,JEW,JEWISH,,,,JEW,,,,,0,90,90,9,2,-2.0,10,1,10,-5.78158458244111,3,"Plainfield, Indiana, United States",US,USIN,IN091,41.7081,-86.4767,441218,3,"Plainfield, Indiana, United States",US,USIN,IN091,41.7081,-86.4767,441218,3,"Plainfield, Indiana, United States",US,USIN,IN091,41.7081,-86.4767,441218,20260304154500,https://www.christianpost.com/news/man-who-vandalized-church-with-satanic-imagery-gets-10-months.html
1292362390,20260304,202603,2026,2026.1753,JUD,JUDGE,,,,,,JUD,,,MED,NEWS OUTLET,,,,,,MED,,,0,10,10,1,1,0.0,3,1,3,-4.6875,3,"Washington, District of Columbia, United States",US,USDC,DC001,38.8951,-77.0364,531871,3,"Washington, District of Columbia, United States",US,USDC,DC001,38.8951,-77.0364,531871,3,"Washington, District of Columbia, United States",US,USDC,DC001,38.8951,-77.0364,531871,20260304154500,https://www.oxygen.com/crime-news/kevin-west-sentenced-for-the-murder-of-wife-marcy-west
1292362391,20260304,202603,2026,2026.1753,JUD,ATTORNEY,,,,,,JUD,,,USA,UNITED STATES,USA,,,,,,,,1,10,10,1,1,0.0,1,1,1,-5.24296675191816,2,"Louisiana, United States",US,USLA,,31.1801,-91.8749,LA,2,"Louisiana, United States",US,USLA,,31.1801,-91.8749,LA,2,"Louisiana, United States",US,USLA,,31.1801,-91.8749,LA,20260304154500,https://www.foxnews.com/us/ex-mayor-convicted-after-son-walks-lewd-act-alcohol-infused-pool-bash
1292362392,20260304,202603,2026,2026.1753,JUD,ATTORNEY,,,,,,JUD,,,USA,UNITED STATES,USA,,,,,,,,1,15,15,1,1,0.0,1,1,1,-5.78158458244111,3,"Plainfield, Indiana, United States",US,USIN,IN091,41.7081,-86.4767,441218,3,"Plainfield, Indiana, United States",US,USIN,IN091,41.7081,-86.4767,441218,2,"Indiana, United States",US,USIN,,39.8647,-86.2604,IN,20260304154500,https://www.christianpost.com/news/man-who-vandalized-church-with-satanic-imagery-gets-10-months.html
1292362393,20260304,202603,2026,2026.1753,JUD,ATTORNEY,,,,,,JUD,,,USA,UNITED STATES,USA,,,,,,,,1,15,15,1,1,0.0,1,1,1,-5.78158458244111,2,"Indiana, United States",US,USIN,,39.8647,-86.2604,IN,3,"Plainfield, Indiana, United States",US,USIN,IN091,41.7081,-86.4767,441218,3,"Plainfield, Indiana, United States",US,USIN,IN091,41.7081,-86.4767,441218,20260304154500,https://www.christianpost.com/news/man-who-vandalized-church-with-satanic-imagery-gets-10-months.html
1292362394,20260304,202603,2026,2026.1753,JUD,JUDGE,,,,,,JUD,,,USA,UNITED STATES,USA,,,,,,,,1,80,80,8,2,5.0,4,1,4,-5.46875,2,"New York, United States",US,USNY,,42.1497,-74.9384,NY,2,"New York, United States",US,USNY,,42.1497,-74.9384,NY,2,"New York, United States",US,USNY,,42.1497,-74.9384,NY,20260304154500,https://nyc.streetsblog.org/2026/03/03/breaking-federal-judge-rules-trump-cant-kill-congestion-pricing
1292362395,20260304,202603,2026,2026.1753,KAZ,KAZAKHSTAN,KAZ,,,,,,,,,,,,,,,,,,0,20,20,2,1,3.0,2,1,2,-1.52284263959391,1,Kazakhstan,KZ,KZ,,48.0,68.0,KZ,0,,,,,,,,4,"Persian Gulf, Oceans (general), Oceans",OS,OS00,25307,27.0,51.0,-1506414,20260304154500,https://timesca.com/middle-east-conflict-tests-central-asias-trade-routes-and-energy-security/
1292362396,20260304,202603,2026,2026.1753,KAZ,KAZAKHSTAN,KAZ,,,,,,,,,,,,,,,,,,0,20,20,2,1,3.0,2,1,2,-1.52284263959391,1,Kazakhstan,KZ,KZ,,48.0,68.0,KZ,0,,,,,,,,1,Kazakhstan,KZ,KZ,,48.0,68.0,KZ,20260304154500,https://timesca.com/middle-east-conflict-tests-central-asias-trade-routes-and-energy-security/
1292362397,20260304,202603,2026,2026.1753,KAZ,KAZAKHSTAN,KAZ,,,,,,,,GBR,UNITED KINGDOM,GBR,,,,,,,,0,57,57,5,1,8.0,2,1,2,-0.3448275862069,4,"Almaty, Almaty Qalasy, Kazakhstan",KZ,KZ02,37206,43.25,76.95,-2334069,4,"Almaty, Almaty Qalasy, Kazakhstan",KZ,KZ02,37206,43.25,76.95,-2334069,4,"Almaty, Almaty Qalasy, Kazakhstan",KZ,KZ02,37206,43.25,76.95,-2334069,20260304154500,https://timesca.com/central-asia-and-britain-launch-ca5uk-ministerial-track/
1292362398,20260304,202603,2026,2026.1753,KAZ,KAZAKHSTAN,KAZ,,,,,,,,GBR,UNITED KINGDOM,GBR,,,,,,,,0,57,57,5,1,8.0,2,1,2,-0.3448275862069,4,"Almaty, Almaty Qalasy, Kazakhstan",KZ,KZ02,37206,43.25,76.95,-2334069,4,"Almaty, Almaty Qalasy, Kazakhstan",KZ,KZ02,37206,43.25,76.95,-2334069,4,"London, London, City of, United Kingdom",UK,UKH9,40110,51.5,-0.116667,-2601889,20260304154500,https://timesca.com/central-asia-and-britain-launch-ca5uk-ministerial-track/
1292362399,20260304,202603,2026,2026.1753,KAZ,KAZAKHSTAN,KAZ,,,,,,,,GBR,UNITED KINGDOM,GBR,,,,,,,,0,57,57,5,1,8.0,6,1,6,-0.3448275862069,4,"Almaty, Almaty Qalasy, Kazakhstan",KZ,KZ02,37206,43.25,76.95,-2334069,4,"London, London, City of, United Kingdom",UK,UKH9,40110,51.5,-0.116667,-2601889,4,"London, London, City of, United Kingdom",UK,UKH9,40110,51.5,-0.116667,-2601889,20260304154500,https://timesca.com/central-asia-and-britain-launch-ca5uk-ministerial-track/
1292362400,20260304,202603,2026,2026.1753,KGZ,KYRGYZSTAN,KGZ,,,,,,,,BUSLEG,BUSINESS,,,,,,BUS,LEG,,1,46,46,4,1,7.0,2,1,2,1.42348754448398,1,Kyrgyzstan,KG,KG,,41.0,75.0,KG,4,"London, London, City of, United Kingdom",UK,UKH9,40110,51.5,-0.116667,-2601889,4,"London, London, City of, United Kingdom",UK,UKH9,40110,51.5,-0.116667,-2601889,20260304154500,https://timesca.com/uk-and-kyrgyzstan-expand-financial-cooperation/
1292362401,20260304,202603,2026,2026.1753,KGZ,KYRGYZ,KGZ,,,,,,,,BUSLEG,BUSINESS,,,,,,BUS,LEG,,1,46,46,4,1,7.0,5,1,5,1.42348754448398,1,Kyrgyzstan,KG,KG,,41.0,75.0,KG,1,Kyrgyzstan,KG,KG,,41.0,75.0,KG,1,Kyrgyzstan,KG,KG,,41.0,75.0,KG,20260304154500,https://timesca.com/uk-and-kyrgyzstan-expand-financial-cooperation/
1292362402,20260304,202603,2026,2026.1753,KGZ,KYRGYZ,KGZ,,,,,,,,GBR,BRITISH,GBR,,,,,,,,1,40,40,4,1,1.0,7,1,7,1.42348754448398,1,Kyrgyzstan,KG,KG,,41.0,75.0,KG,4,"London, London, City of, United Kingdom",UK,UKH9,40110,51.5,-0.116667,-2601889,4,"London, London, City of, United Kingdom",UK,UKH9,40110,51.5,-0.116667,-2601889,20260304154500,https://timesca.com/uk-and-kyrgyzstan-expand-financial-cooperation/
1292362403,20260304,202603,2026,2026.1753,KGZ,KYRGYZ,KGZ,,,,,,,,GBRBUS,BRITISH,GBR,,,,,BUS,,,0,40,40,4,1,1.0,2,1,2,1.42348754448398,1,Kyrgyzstan,KG,KG,,41.0,75.0,KG,4,"London, London, City of, United Kingdom",UK,UKH9,40110,51.5,-0.116667,-2601889,4,"London, London, City of, United Kingdom",UK,UKH9,40110,51.5,-0.116667,-2601889,20260304154500,https://timesca.com/uk-and-kyrgyzstan-expand-financial-cooperation/
1292362404,20260304,202603,2026,2026.1753,KGZ,KYRGYZ,KGZ,,,,,,,,GBRBUS,BRITISH,GBR,,,,,BUS,,,0,40,40,4,1,1.0,4,1,4,1.42348754448398,1,Kyrgyzstan,KG,KG,,41.0,75.0,KG,1,Kyrgyzstan,KG,KG,,41.0,75.0,KG,4,"London, London, City of, United Kingdom",UK,UKH9,40110,51.5,-0.116667,-2601889,20260304154500,https://timesca.com/uk-and-kyrgyzstan-expand-financial-cooperation/
1292362405,20260304,202603,2026,2026.1753,KHM,KANDAL,KHM,,,,,,,,,,,,,,,,,,1,332,33,3,1,5.2,2,1,2,4.51807228915663,4,"Kandal, KâóSpoe, Cambodia",CB,CB04,12362,11.7152,103.816,-1026826,0,,,,,,,,4,"Kandal, KâóSpoe, Cambodia",CB,CB04,12362,11.7152,103.816,-1026826,20260304154500,https://www.akp.gov.kh/post/detail/363994
1292362406,20260304,202603,2026,2026.1753,KHM,PHNOM PENH,KHM,,,,,,,,,,,,,,,,,,1,42,42,4,1,1.9,5,1,5,3.57142857142857,4,"Phnom Penh, (CB11), Cambodia",CB,CB11,12390,11.55,104.917,-1033783,0,,,,,,,,4,"Phnom Penh, (CB11), Cambodia",CB,CB11,12390,11.55,104.917,-1033783,20260304154500,https://www.akp.gov.kh/post/detail/363992
1292362407,20260304,202603,2026,2026.1753,KHM,CAMBODIAN,KHM,,,,,,,,,,,,,,,,,,1,43,43,4,1,2.8,7,1,7,-0.626959247648899,4,"Thmar Puok, Banté Mé Cheay, Cambodia",CB,CB25,12379,13.9396,103.05,-1031069,0,,,,,,,,4,"Thmar Puok, Banté Mé Cheay, Cambodia",CB,CB25,12379,13.9396,103.05,-1031069,20260304154500,https://www.akp.gov.kh/post/detail/363979
1292362408,20260304,202603,2026,2026.1753,KHM,CAMBODIA,KHM,,,,,,,,,,,,,,,,,,1,51,51,5,1,3.4,4,1,4,2.65151515151515,4,"Phnom Penh, (CB11), Cambodia",CB,CB11,12390,11.55,104.917,-1033783,0,,,,,,,,4,"Phnom Penh, (CB11), Cambodia",CB,CB11,12390,11.55,104.917,-1033783,20260304154500,https://www.akp.gov.kh/post/detail/363991
1292362409,20260304,202603,2026,2026.1753,KHM,CAMBODIA,KHM,,,,,,,,CVL,VILLAGE,,,,,,CVL,,,1,42,42,4,1,1.9,2,1,2,-0.626959247648899,4,"Thmar Puok, Banté Mé Cheay, Cambodia",CB,CB25,12379,13.9396,103.05,-1031069,1,Thailand,TH,TH,,15.0,100.0,TH,4,"Thmar Puok, Banté Mé Cheay, Cambodia",CB,CB25,12379,13.9396,103.05,-1031069,20260304154500,https://www.akp.gov.kh/post/detail/363979
1292362410,20260304,202603,2026,2026.1753,KHM,CAMBODIA,KHM,,,,,,,,CVL,VILLAGE,,,,,,CVL,,,1,42,42,4,1,1.9,2,1,2,-0.626959247648899,4,"Thmar Puok, Banté Mé Cheay, Cambodia",CB,CB25,12379,13.9396,103.05,-1031069,1,Thailand,TH,TH,,15.0,100.0,TH,1,Thailand,TH,TH,,15.0,100.0,TH,20260304154500,https://www.akp.gov.kh/post/detail/363979
1292362411,20260304,202603,2026,2026.1753,KHM,KANDAL,KHM,,,,,,,,GOV,AUTHORITIES,,,,,,GOV,,,1,20,20,2,1,3.0,2,1,2,4.51807228915663,4,"Kandal, KâóSpoe, Cambodia",CB,CB04,12362,11.7152,103.816,-1026826,4,"Kandal, KâóSpoe, Cambodia",CB,CB04,12362,11.7152,103.816,-1026826,4,"Kandal, KâóSpoe, Cambodia",CB,CB04,12362,11.7152,103.816,-1026826,20260304154500,https://www.akp.gov.kh/post/detail/363994
1292362412,20260304,202603,2026,2026.1753,KHM,CAMBODIA,KHM,,,,,,,,GOV,MINISTRY,,,,,,GOV,,,1,43,43,4,1,2.8,10,1,10,2.65151515151515,4,"Phnom Penh, (CB11), Cambodia",CB,CB11,12390,11.55,104.917,-1033783,4,"Phnom Penh, (CB11), Cambodia",CB,CB11,12390,11.55,104.917,-1033783,4,"Phnom Penh, (CB11), Cambodia",CB,CB11,12390,11.55,104.917,-1033783,20260304154500,https://www.akp.gov.kh/post/detail/363991
1292362413,20260304,202603,2026,2026.1753,KHM,KANDAL,KHM,,,,,,,,HLH,HOSPITAL,,,,,,HLH,,,1,42,42,4,1,1.9,3,1,3,4.51807228915663,4,"Kandal, KâóSpoe, Cambodia",CB,CB04,12362,11.7152,103.816,-1026826,4,"Kandal, KâóSpoe, Cambodia",CB,CB04,12362,11.7152,103.816,-1026826,4,"Kandal, KâóSpoe, Cambodia",CB,CB04,12362,11.7152,103.816,-1026826,20260304154500,https://www.akp.gov.kh/post/detail/363994
1292362414,20260304,202603,2026,2026.1753,KHM,CAMBODIA,KHM,,,,,,,,IGOSEAASN,ASEAN,SEA,ASN,,,,IGO,,,1,40,40,4,1,1.0,10,1,10,2.65151515151515,4,"Phnom Penh, (CB11), Cambodia",CB,CB11,12390,11.55,104.917,-1033783,4,"Phnom Penh, (CB11), Cambodia",CB,CB11,12390,11.55,104.917,-1033783,4,"Phnom Penh, (CB11), Cambodia",CB,CB11,12390,11.55,104.917,-1033783,20260304154500,https://www.akp.gov.kh/post/detail/363991
1292362415,20260304,202603,2026,2026.1753,KHM,PHNOM PENH,KHM,,,,,,,,IGOSEAASN,ASEAN,SEA,ASN,,,,IGO,,,1,46,46,4,1,7.0,10,1,10,2.65151515151515,4,"Phnom Penh, (CB11), Cambodia",CB,CB11,12390,11.55,104.917,-1033783,4,"Phnom Penh, (CB11), Cambodia",CB,CB11,12390,11.55,104.917,-1033783,4,"Phnom Penh, (CB11), Cambodia",CB,CB11,12390,11.55,104.917,-1033783,20260304154500,https://www.akp.gov.kh/post/detail/363991
1292362416,20260304,202603,2026,2026.1753,KHM,CAMBODIA,KHM,,,,,,,,IGOSEAASN,ASEAN,SEA,ASN,,,,IGO,,,1,51,51,5,1,3.4,4,1,4,2.65151515151515,4,"Phnom Penh, (CB11), Cambodia",CB,CB11,12390,11.55,104.917,-1033783,4,"Phnom Penh, (CB11), Cambodia",CB,CB11,12390,11.55,104.917,-1033783,4,"Phnom Penh, (CB11), Cambodia",CB,CB11,12390,11.55,104.917,-1033783,20260304154500,https://www.akp.gov.kh/post/detail/363991
1292362417,20260304,202603,2026,2026.1753,KHM,PHNOM PENH,KHM,,,,,,,,LEG,REPRESENTATIVES,,,,,,LEG,,,1,43,43,4,1,2.8,5,1,5,3.57142857142857,4,"Phnom Penh, (CB11), Cambodia",CB,CB11,12390,11.55,104.917,-1033783,4,"Phnom Penh, (CB11), Cambodia",CB,CB11,12390,11.55,104.917,-1033783,4,"Phnom Penh, (CB11), Cambodia",CB,CB11,12390,11.55,104.917,-1033783,20260304154500,https://www.akp.gov.kh/post/detail/363992
1292362418,20260304,202603,2026,2026.1753,KHM,CAMBODIA,KHM,,,,,,,,THA,THAILAND,THA,,,,,,,,1,10,10,1,1,0.0,6,1,6,-0.626959247648899,4,"Thmar Puok, Banté Mé Cheay, Cambodia",CB,CB25,12379,13.9396,103.05,-1031069,4,"Thmar Puok, Banté Mé Cheay, Cambodia",CB,CB25,12379,13.9396,103.05,-1031069,4,"Thmar Puok, Banté Mé Cheay, Cambodia",CB,CB25,12379,13.9396,103.05,-1031069,20260304154500,https://www.akp.gov.kh/post/detail/363979
1292362419,20260304,202603,2026,2026.1753,KHM,CAMBODIA,KHM,,,,,,,,THA,THAILAND,THA,,,,,,,,1,10,10,1,1,0.0,4,1,4,-0.626959247648899,4,"Thmar Puok, Banté Mé Cheay, Cambodia",CB,CB25,12379,13.9396,103.05,-1031069,1,Thailand,TH,TH,,15.0,100.0,TH,4,"Thmar Puok, Banté Mé Cheay, Cambodia",CB,CB25,12379,13.9396,103.05,-1031069,20260304154500,https://www.akp.gov.kh/post/detail/363979
1292362420,20260304,202603,2026,2026.1753,KHMGOVMED,CAMBODIA,KHM,,,,,GOV,MED,,,,,,,,,,,,0,51,51,5,1,3.4,5,1,5,2.65151515151515,4,"Phnom Penh, (CB11), Cambodia",CB,CB11,12390,11.55,104.917,-1033783,0,,,,,,,,4,"Phnom Penh, (CB11), Cambodia",CB,CB11,12390,11.55,104.917,-1033783,20260304154500,https://www.akp.gov.kh/post/detail/363991
1292362421,20260304,202603,2026,2026.1753,KNA,SAINT KITTS AND NEVIS,KNA,,,,,,,,GHA,GHANA,GHA,,,,,,,,1,40,40,4,1,1.0,5,1,5,7.92452830188679,4,"Accra, Greater Accra, Ghana",GH,GH01,190655,5.55,-0.216667,-2067935,4,"Accra, Greater Accra, Ghana",GH,GH01,190655,5.55,-0.216667,-2067935,4,"Accra, Greater Accra, Ghana",GH,GH01,190655,5.55,-0.216667,-2067935,20260304154500,https://zizonline.com/prime-minister-arrives-in-ghana-for-state-visit/
1292362422,20260304,202603,2026,2026.1753,KNA,FEDERATION OF SAINT KITTS AND NEVIS,KNA,,,,,,,,GHA,GHANA,GHA,,,,,,,,0,54,54,5,1,6.0,4,1,4,7.92452830188679,4,"Accra, Greater Accra, Ghana",GH,GH01,190655,5.55,-0.216667,-2067935,4,"Accra, Greater Accra, Ghana",GH,GH01,190655,5.55,-0.216667,-2067935,4,"Accra, Greater Accra, Ghana",GH,GH01,190655,5.55,-0.216667,-2067935,20260304154500,https://zizonline.com/prime-minister-arrives-in-ghana-for-state-visit/
1292362424,20260304,202603,2026,2026.1753,KNAGOV,SAINT KITTS AND NEVIS,KNA,,,,,GOV,,,GHA,GHANA,GHA,,,,,,,,1,36,36,3,1,4.0,5,1,5,7.92452830188679,4,"Accra, Greater Accra, Ghana",GH,GH01,190655,5.55,-0.216667,-2067935,4,"Accra, Greater Accra, Ghana",GH,GH01,190655,5.55,-0.216667,-2067935,4,"Accra, Greater Accra, Ghana",GH,GH01,190655,5.55,-0.216667,-2067935,20260304154500,https://zizonline.com/prime-minister-arrives-in-ghana-for-state-visit/
1292362425,20260304,202603,2026,2026.1753,KNAGOV,SAINT KITTS AND NEVIS,KNA,,,,,GOV,,,GHA,GHANA,GHA,,,,,,,,1,42,42,4,1,1.9,8,1,8,7.92452830188679,4,"Accra, Greater Accra, Ghana",GH,GH01,190655,5.55,-0.216667,-2067935,4,"Accra, Greater Accra, Ghana",GH,GH01,190655,5.55,-0.216667,-2067935,4,"Accra, Greater Accra, Ghana",GH,GH01,190655,5.55,-0.216667,-2067935,20260304154500,https://zizonline.com/prime-minister-arrives-in-ghana-for-state-visit/
1292362426,20260304,202603,2026,2026.1753,KNAGOV,ST KITTS AND NEVIS,KNA,,,,,GOV,,,GOV,PRESIDENT,,,,,,GOV,,,1,42,42,4,1,1.9,10,1,10,4.95867768595041,1,Ghana,GH,GH,,8.0,-2.0,GH,1,Ghana,GH,GH,,8.0,-2.0,GH,1,Ghana,GH,GH,,8.0,-2.0,GH,20260304154500,https://www.myjoyonline.com/photos-president-mahama-hosts-st-kitts-and-nevis-prime-minister-on-4-day-state-visit/
1292362427,20260304,202603,2026,2026.1753,KWT,KUWAIT,KWT,,,,,,,,,,,,,,,,,,0,190,190,19,4,-10.0,2,2,2,-4.386957181901,1,Israel,IS,IS,,31.5,34.75,IS,0,,,,,,,,1,Israel,IS,IS,,31.5,34.75,IS,20260304154500,https://www.wkyufm.org/news/2026-03-04/the-u-s-sinks-irans-ships-and-slams-its-missile-launchers-as-the-war-enters-day-5
1292362428,20260304,202603,2026,2026.1753,KWT,KUWAIT,KWT,,,,,,,,GBRCVL,UNITED KINGDOM,GBR,,,,,CVL,,,1,43,43,4,1,2.8,2,1,2,-2.91878172588832,4,"Ali Al Salem Air Base, Kuwait (general), Kuwait",KU,KU00,123556,29.35,47.5211,186617,5,"Leicestershire, Leicestershire, United Kingdom",UK,UKH5,40119,52.6649,-1.03489,-2600962,4,"Ali Al Salem Air Base, Kuwait (general), Kuwait",KU,KU00,123556,29.35,47.5211,186617,20260304154500,https://www.leicestermercury.co.uk/news/local-news/leicestershire-family-stuck-kuwait-amid-10847276
1292362429,20260304,202603,2026,2026.1753,KWT,KUWAIT,KWT,,,,,,,,GOV,FOREIGN OFFICE,,,,,,GOV,,,1,43,43,4,1,2.8,5,1,5,-2.91878172588832,4,"Ali Al Salem Air Base, Kuwait (general), Kuwait",KU,KU00,123556,29.35,47.5211,186617,5,"Leicestershire, Leicestershire, United Kingdom",UK,UKH5,40119,52.6649,-1.03489,-2600962,4,"Ali Al Salem Air Base, Kuwait (general), Kuwait",KU,KU00,123556,29.35,47.5211,186617,20260304154500,https://www.leicestermercury.co.uk/news/local-news/leicestershire-family-stuck-kuwait-amid-10847276
1292362430,20260304,202603,2026,2026.1753,KWT,KUWAIT,KWT,,,,,,,,GOV,FOREIGN OFFICE,,,,,,GOV,,,1,43,43,4,1,2.8,3,1,3,-2.91878172588832,4,"Ali Al Salem Air Base, Kuwait (general), Kuwait",KU,KU00,123556,29.35,47.5211,186617,4,"Ali Al Salem Air Base, Kuwait (general), Kuwait",KU,KU00,123556,29.35,47.5211,186617,4,"Ali Al Salem Air Base, Kuwait (general), Kuwait",KU,KU00,123556,29.35,47.5211,186617,20260304154500,https://www.leicestermercury.co.uk/news/local-news/leicestershire-family-stuck-kuwait-amid-10847276
1292362431,20260304,202603,2026,2026.1753,KWT,KUWAIT,KWT,,,,,,,,GOVMIL,DEPARTMENT OF DEFENSE,,,,,,GOV,MIL,,0,190,190,19,4,-10.0,2,2,2,-4.386957181901,1,Israel,IS,IS,,31.5,34.75,IS,1,Israel,IS,IS,,31.5,34.75,IS,1,Israel,IS,IS,,31.5,34.75,IS,20260304154500,https://www.wkyufm.org/news/2026-03-04/the-u-s-sinks-irans-ships-and-slams-its-missile-launchers-as-the-war-enters-day-5
1292362432,20260304,202603,2026,2026.1753,KWT,KUWAIT,KWT,,,,,,,,IRN,IRAN,IRN,,,,,,,,1,42,42,4,1,1.9,2,1,2,-2.91878172588832,4,"Ali Al Salem Air Base, Kuwait (general), Kuwait",KU,KU00,123556,29.35,47.5211,186617,1,Iran,IR,IR,,32.0,53.0,IR,1,Iran,IR,IR,,32.0,53.0,IR,20260304154500,https://www.leicestermercury.co.uk/news/local-news/leicestershire-family-stuck-kuwait-amid-10847276
1292362433,20260304,202603,2026,2026.1753,KWT,KUWAIT,KWT,,,,,,,,MIL,ARMY RESERVE,,,,,,MIL,,,0,190,190,19,4,-10.0,2,1,2,-3.91404451266308,4,"Karachi, Sindh, Pakistan",PK,PK05,40398,24.8667,67.05,-2764584,4,"Tehran, Tehran, Iran",IR,IR26,41130,35.75,51.5148,10074674,4,"Karachi, Sindh, Pakistan",PK,PK05,40398,24.8667,67.05,-2764584,20260304154500,https://www.foxla.com/news/iran-war-continues-march-4-2026
1292362434,20260304,202603,2026,2026.1753,KWT,KUWAIT,KWT,,,,,,,,MILMIL,ARMY,,,,,,MIL,MIL,,1,190,190,19,4,-10.0,1,1,1,-7.4468085106383,4,"Shuaiba Port, Kuwait (general), Kuwait",KU,KU00,25307,29.0447,48.1592,-789889,4,"Shuaiba Port, Kuwait (general), Kuwait",KU,KU00,25307,29.0447,48.1592,-789889,4,"Shuaiba Port, Kuwait (general), Kuwait",KU,KU00,25307,29.0447,48.1592,-789889,20260304154500,https://www.yahoo.com/news/articles/watch-live-pete-hegseth-offers-123734886.html
1292362435,20260304,202603,2026,2026.1753,KWT,KUWAIT,KWT,,,,,,,,MILMIL,ARMY,,,,,,MIL,MIL,,1,190,190,19,4,-10.0,1,1,1,-7.4468085106383,4,"Shuaiba Port, Kuwait (general), Kuwait",KU,KU00,25307,29.0447,48.1592,-789889,3,"West Des Moines, Iowa, United States",US,USIA,,41.5772,-93.7113,462839,4,"Shuaiba Port, Kuwait (general), Kuwait",KU,KU00,25307,29.0447,48.1592,-789889,20260304154500,https://www.yahoo.com/news/articles/watch-live-pete-hegseth-offers-123734886.html
1292362436,20260304,202603,2026,2026.1753,KWT,KUWAIT,KWT,,,,,,,,MILMIL,ARMY,,,,,,MIL,MIL,,1,190,190,19,4,-10.0,1,1,1,-7.4468085106383,3,"West Des Moines, Iowa, United States",US,USIA,IA153,41.5772,-93.7113,462839,3,"Drake University, Iowa, United States",US,USIA,,41.6014,-93.6519,456007,3,"West Des Moines, Iowa, United States",US,USIA,,41.5772,-93.7113,462839,20260304154500,https://www.yahoo.com/news/articles/watch-live-pete-hegseth-offers-123734886.html
1292362437,20260304,202603,2026,2026.1753,KWT,KUWAIT,KWT,,,,,,,,QATMED,AL JAZEERA,QAT,,,,,MED,,,1,42,42,4,1,1.9,4,1,4,-2.91878172588832,4,"Ali Al Salem Air Base, Kuwait (general), Kuwait",KU,KU00,123556,29.35,47.5211,186617,1,Iran,IR,IR,,32.0,53.0,IR,1,Iran,IR,IR,,32.0,53.0,IR,20260304154500,https://www.leicestermercury.co.uk/news/local-news/leicestershire-family-stuck-kuwait-amid-10847276
1292362438,20260304,202603,2026,2026.1753,KWT,KUWAIT,KWT,,,,,,,,RUS,RUSSIAN,RUS,,,,,,,,0,43,43,4,1,2.8,4,1,4,-5.18834399431414,1,Kuwait,KU,KU,,29.5,47.75,KU,4,"Moscow, Moskva, Russia",RS,RS48,25106,55.7522,37.6156,-2960561,4,"Moscow, Moskva, Russia",RS,RS48,25106,55.7522,37.6156,-2960561,20260304154500,https://tass.com/politics/2096327
1292362439,20260304,202603,2026,2026.1753,KWT,KUWAIT,KWT,,,,,,,,RUSGOV,RUSSIAN,RUS,,,,,GOV,,,0,43,43,4,1,2.8,6,1,6,-5.18834399431414,1,Kuwait,KU,KU,,29.5,47.75,KU,4,"Moscow, Moskva, Russia",RS,RS48,25106,55.7522,37.6156,-2960561,4,"Moscow, Moskva, Russia",RS,RS48,25106,55.7522,37.6156,-2960561,20260304154500,https://tass.com/politics/2096327
1292362440,20260304,202603,2026,2026.1753,KWT,KUWAIT,KWT,,,,,,,,USA,UNITED STATES,USA,,,,,,,,1,190,190,19,4,-10.0,2,1,2,-7.4468085106383,4,"Shuaiba Port, Kuwait (general), Kuwait",KU,KU00,25307,29.0447,48.1592,-789889,4,"Shuaiba Port, Kuwait (general), Kuwait",KU,KU00,25307,29.0447,48.1592,-789889,4,"Shuaiba Port, Kuwait (general), Kuwait",KU,KU00,25307,29.0447,48.1592,-789889,20260304154500,https://www.yahoo.com/news/articles/watch-live-pete-hegseth-offers-123734886.html
1292362441,20260304,202603,2026,2026.1753,KWT,KUWAIT,KWT,,,,,,,,USA,UNITED STATES,USA,,,,,,,,1,190,190,19,4,-10.0,1,1,1,-7.4468085106383,4,"Shuaiba Port, Kuwait (general), Kuwait",KU,KU00,25307,29.0447,48.1592,-789889,3,"West Des Moines, Iowa, United States",US,USIA,,41.5772,-93.7113,462839,4,"Shuaiba Port, Kuwait (general), Kuwait",KU,KU00,25307,29.0447,48.1592,-789889,20260304154500,https://www.yahoo.com/news/articles/watch-live-pete-hegseth-offers-123734886.html
1292362442,20260304,202603,2026,2026.1753,KWT,KUWAIT,KWT,,,,,,,,USA,UNITED STATES,USA,,,,,,,,1,190,190,19,4,-10.0,1,1,1,-7.4468085106383,3,"West Des Moines, Iowa, United States",US,USIA,IA153,41.5772,-93.7113,462839,3,"Drake University, Iowa, United States",US,USIA,,41.6014,-93.6519,456007,3,"West Des Moines, Iowa, United States",US,USIA,,41.5772,-93.7113,462839,20260304154500,https://www.yahoo.com/news/articles/watch-live-pete-hegseth-offers-123734886.html
1292362443,20260304,202603,2026,2026.1753,KWT,KUWAIT,KWT,,,,,,,,USA,AMERICAN,USA,,,,,,,,0,194,194,19,4,-10.0,10,1,10,-6.31768953068592,4,"Tehran, Tehran, Iran",IR,IR26,41130,35.75,51.5148,10074674,4,"Tehran, Tehran, Iran",IR,IR26,41130,35.75,51.5148,10074674,4,"Tehran, Tehran, Iran",IR,IR26,41130,35.75,51.5148,10074674,20260304154500,https://www.businessinsider.com/iran-drone-missile-activity-drops-us-pushes-for-air-superiority-2026-3
1292362444,20260304,202603,2026,2026.1753,LAB,EMPLOYEE,,,,,,LAB,,,,,,,,,,,,,0,42,42,4,1,1.9,3,1,3,-1.01975780752072,3,"Evanston, Illinois, United States",US,USIL,IL031,42.0411,-87.6901,408101,0,,,,,,,,3,"Evanston, Illinois, United States",US,USIL,IL031,42.0411,-87.6901,408101,20260304154500,https://dailynorthwestern.com/2026/03/04/city/mayor-daniel-biss-isnt-afraid-to-make-waves-now-hes-aiming-for-washington/
1292362445,20260304,202603,2026,2026.1753,LAB,WORKER,,,,,,LAB,,,BUS,INDUSTRY,,,,,,BUS,,,0,20,20,2,1,3.0,6,1,6,-0.15552099533437,1,Sweden,SW,SW,,62.0,15.0,SW,1,Sweden,SW,SW,,62.0,15.0,SW,1,Sweden,SW,SW,,62.0,15.0,SW,20260304154500,https://www.thelocal.se/20260304/swedish-games-boss-warns-retroactive-citizenship-reforms-not-good-for-industry
1292362446,20260304,202603,2026,2026.1753,LAB,EMPLOYEE,,,,,,LAB,,,USA,UNITED STATES,USA,,,,,,,,0,42,42,4,1,1.9,1,1,1,-1.01975780752072,3,"Evanston, Illinois, United States",US,USIL,IL031,42.0411,-87.6901,408101,3,"Evanston, Illinois, United States",US,USIL,IL031,42.0411,-87.6901,408101,3,"Evanston, Illinois, United States",US,USIL,IL031,42.0411,-87.6901,408101,20260304154500,https://dailynorthwestern.com/2026/03/04/city/mayor-daniel-biss-isnt-afraid-to-make-waves-now-hes-aiming-for-washington/
1292362447,20260304,202603,2026,2026.1753,LAB,EMPLOYEE,,,,,,LAB,,,USA,UNITED STATES,USA,,,,,,,,1,43,43,4,1,2.8,4,1,4,-4.65949820788531,2,"Massachusetts, United States",US,USMA,,42.2373,-71.5314,MA,2,"Massachusetts, United States",US,USMA,,42.2373,-71.5314,MA,2,"Massachusetts, United States",US,USMA,,42.2373,-71.5314,MA,20260304154500,https://www.cbsnews.com/news/pam-bondi-rescinds-ban-doj-employees-partisan-events/
1292362448,20260304,202603,2026,2026.1753,LAB,LABOR UNION,,,,,,LAB,,,USALAB,UNITED STATES,USA,,,,,LAB,,,0,43,43,4,1,2.8,1,1,1,-1.01975780752072,3,"Evanston, Illinois, United States",US,USIL,IL031,42.0411,-87.6901,408101,3,"Evanston, Illinois, United States",US,USIL,IL031,42.0411,-87.6901,408101,3,"Evanston, Illinois, United States",US,USIL,IL031,42.0411,-87.6901,408101,20260304154500,https://dailynorthwestern.com/2026/03/04/city/mayor-daniel-biss-isnt-afraid-to-make-waves-now-hes-aiming-for-washington/
1292362449,20260304,202603,2026,2026.1753,LBN,LEBANON,LBN,,,,,,,,GOV,MINIST,,,,,,GOV,,,1,20,20,2,1,3.0,2,1,2,-2.92134831460675,4,"Ottawa, Ontario, Canada",CA,CA08,12755,45.4167,-75.7,-570760,4,"Ottawa, Ontario, Canada",CA,CA08,12755,45.4167,-75.7,-570760,4,"Beirut, Beyrouth, Lebanon",LE,LE04,18808,33.8719,35.5097,-801546,20260304154500,https://www.castanetkamloops.net/news/Canada/601813/Canada-secures-limited-seats-on-commercial-flights-from-Lebanon-as-conflict-widens
1292362450,20260304,202603,2026,2026.1753,LBN,LEBANON,LBN,,,,,,,,GOV,MINIST,,,,,,GOV,,,1,20,20,2,1,3.0,8,1,8,-2.92134831460675,4,"Beirut, Beyrouth, Lebanon",LE,LE04,18808,33.8719,35.5097,-801546,4,"Beirut, Beyrouth, Lebanon",LE,LE04,18808,33.8719,35.5097,-801546,4,"Beirut, Beyrouth, Lebanon",LE,LE04,18808,33.8719,35.5097,-801546,20260304154500,https://www.castanetkamloops.net/news/Canada/601813/Canada-secures-limited-seats-on-commercial-flights-from-Lebanon-as-conflict-widens
1292362451,20260304,202603,2026,2026.1753,LBN,TYRE,LBN,,,,,,,,GRC,GREECE,GRC,,,,,,,,0,10,10,1,1,0.0,4,1,4,-4.15430267062315,1,Greece,GR,GR,,39.0,22.0,GR,1,Greece,GR,GR,,39.0,22.0,GR,1,Greece,GR,GR,,39.0,22.0,GR,20260304154500,https://aleteia.org/2026/03/04/lebanon-they-yearn-for-an-ordinary-life/
1292362452,20260304,202603,2026,2026.1753,LBN,LEBANESE,LBN,,,,,,,,ISR,ISRAELI,ISR,,,,,,,,1,10,10,1,1,0.0,2,1,2,-6.76982591876209,5,"Bekaa, Béa, Lebanon",LE,LE08,18792,33.6667,35.8333,-798017,5,"Bekaa, Béa, Lebanon",LE,LE08,18792,33.6667,35.8333,-798017,5,"Bekaa, Béa, Lebanon",LE,LE08,18792,33.6667,35.8333,-798017,20260304154500,https://www.islamicinvitationturkey.com/watch-hezbollah-strikes-deep-despite-brutal-zionist-attacks/
1292362453,20260304,202603,2026,2026.1753,LBN,TYRE,LBN,,,,,,,,REL,BISHOP,,,,,,,,,0,10,10,1,1,0.0,6,1,6,-4.15430267062315,1,Greece,GR,GR,,39.0,22.0,GR,1,Greece,GR,GR,,39.0,22.0,GR,1,Greece,GR,GR,,39.0,22.0,GR,20260304154500,https://aleteia.org/2026/03/04/lebanon-they-yearn-for-an-ordinary-life/
1292362454,20260304,202603,2026,2026.1753,LBR,LIBERIAN,LBR,,,,,,,,,,,,,,,,,,1,51,51,5,1,3.4,10,1,10,1.24031007751938,4,"Mano River, Liberia (general), Liberia",LI,LI00,25417,6.93667,-11.5206,-2133789,0,,,,,,,,4,"Mano River, Liberia (general), Liberia",LI,LI00,25417,6.93667,-11.5206,-2133789,20260304154500,https://allafrica.com/stories/202603040502.html
1292362455,20260304,202603,2026,2026.1753,LBR,LIBERIA,LBR,,,,,,,,COP,PRISON,,,,,,COP,,,1,43,43,4,1,2.8,2,1,2,-10.828025477707,4,"Monrovia, Montserrado, Liberia",LI,LI14,147290,6.31056,-10.8047,-2134012,5,"Montserrado County, Montserrado, Liberia",LI,LI14,147263,6.5,-10.5,-2134017,4,"Monrovia, Montserrado, Liberia",LI,LI14,147290,6.31056,-10.8047,-2134012,20260304154500,https://allafrica.com/view/group/main/main/id/00095930.html
1292362456,20260304,202603,2026,2026.1753,LBR,MONROVIA,LBR,,,,,,,,LBRLEG,LIBERIA,LBR,,,,,LEG,,,1,43,43,4,1,2.8,6,1,6,-10.828025477707,4,"Monrovia, Montserrado, Liberia",LI,LI14,147290,6.31056,-10.8047,-2134012,5,"Montserrado County, Montserrado, Liberia",LI,LI14,147263,6.5,-10.5,-2134017,4,"Monrovia, Montserrado, Liberia",LI,LI14,147290,6.31056,-10.8047,-2134012,20260304154500,https://allafrica.com/view/group/main/main/id/00095930.html
1292362457,20260304,202603,2026,2026.1753,LBR,MONROVIA,LBR,,,,,,,,LEG,SENATOR,,,,,,LEG,,,1,43,43,4,1,2.8,2,1,2,-10.828025477707,4,"Monrovia, Montserrado, Liberia",LI,LI14,147290,6.31056,-10.8047,-2134012,5,"Montserrado County, Montserrado, Liberia",LI,LI14,147263,6.5,-10.5,-2134017,4,"Monrovia, Montserrado, Liberia",LI,LI14,147290,6.31056,-10.8047,-2134012,20260304154500,https://allafrica.com/view/group/main/main/id/00095930.html
1292362458,20260304,202603,2026,2026.1753,LBR,LIBERIA,LBR,,,,,,,,LEG,SENATE,,,,,,LEG,,,1,43,43,4,1,2.8,10,1,10,-10.828025477707,5,"Montserrado County, Montserrado, Liberia",LI,LI14,147263,6.5,-10.5,-2134017,5,"Montserrado County, Montserrado, Liberia",LI,LI14,147263,6.5,-10.5,-2134017,5,"Montserrado County, Montserrado, Liberia",LI,LI14,147263,6.5,-10.5,-2134017,20260304154500,https://allafrica.com/view/group/main/main/id/00095930.html
1292362459,20260304,202603,2026,2026.1753,LBRLEG,LIBERIA,LBR,,,,,LEG,,,COP,PRISON,,,,,,COP,,,1,24,24,2,1,-0.3,6,1,6,-10.828025477707,5,"Montserrado County, Montserrado, Liberia",LI,LI14,147263,6.5,-10.5,-2134017,5,"Montserrado County, Montserrado, Liberia",LI,LI14,147263,6.5,-10.5,-2134017,5,"Montserrado County, Montserrado, Liberia",LI,LI14,147263,6.5,-10.5,-2134017,20260304154500,https://allafrica.com/view/group/main/main/id/00095930.html
1292362460,20260304,202603,2026,2026.1753,LBRLEG,LIBERIA,LBR,,,,,LEG,,,LBR,MONROVIA,LBR,,,,,,,,1,42,42,4,1,1.9,6,1,6,-10.828025477707,5,"Montserrado County, Montserrado, Liberia",LI,LI14,147263,6.5,-10.5,-2134017,4,"Monrovia, Montserrado, Liberia",LI,LI14,147290,6.31056,-10.8047,-2134012,4,"Monrovia, Montserrado, Liberia",LI,LI14,147290,6.31056,-10.8047,-2134012,20260304154500,https://allafrica.com/view/group/main/main/id/00095930.html
1292362461,20260304,202603,2026,2026.1753,LEG,LAWMAKER,,,,,,LEG,,,,,,,,,,,,,0,13,13,1,1,0.4,3,1,3,-2.05973223480948,1,Israel,IS,IS,,31.5,34.75,IS,0,,,,,,,,1,Iran,IR,IR,,32.0,53.0,IR,20260304154500,https://talkingpointsmemo.com/news/iran-blood-moon-purim-end-times-trump
1292362462,20260304,202603,2026,2026.1753,LEG,CONGRESS,,,,,,LEG,,,,,,,,,,,,,0,14,14,1,1,0.0,10,1,10,-6.13138686131387,1,Israel,IS,IS,,31.5,34.75,IS,0,,,,,,,,1,Israel,IS,IS,,31.5,34.75,IS,20260304154500,https://www.islamicinvitationturkey.com/growing-concerns-surround-trumps-iran-conflict-amid-disputed-claims-and-rising-expenses-reports-suggest/
1292362463,20260304,202603,2026,2026.1753,LEG,REPRESENTATIVES,,,,,,LEG,,,,,,,,,,,,,0,20,20,2,1,3.0,4,1,4,-0.18975332068311,3,"Skyline Mine, Utah, United States",US,USUT,UT037,37.0208,-110.234,1432528,0,,,,,,,,3,"Skyline Mine, Utah, United States",US,USUT,,37.0208,-110.234,1432528,20260304154500,https://www.fox13now.com/news/local-news/carbon-county/will-new-coal-mine-next-to-reservoir-disturb-mountain-tranquility-of-utah-community
1292362464,20260304,202603,2026,2026.1753,LEG,CONGRESS,,,,,,LEG,,,,,,,,,,,,,1,353,35,3,1,7.0,6,1,6,2.04081632653062,4,"Chennai, Tamil Nadu, India",IN,IN25,70251,13.0833,80.2833,-2103041,0,,,,,,,,4,"Chennai, Tamil Nadu, India",IN,IN25,70251,13.0833,80.2833,-2103041,20260304154500,https://timesofindia.indiatimes.com/india/congress-seals-tamil-nadu-poll-pact-with-dmk-to-contest-28-seats-and-get-a-rajya-sabha-seat/articleshow/129033683.cms
1292362465,20260304,202603,2026,2026.1753,LEG,CONGRESS,,,,,,LEG,,,,,,,,,,,,,1,353,35,3,1,7.0,4,1,4,2.04081632653062,5,"Tamil Nadu, Tamil Nadu, India",IN,IN25,70248,11.0,78.0,-2112557,0,,,,,,,,5,"Tamil Nadu, Tamil Nadu, India",IN,IN25,70248,11.0,78.0,-2112557,20260304154500,https://timesofindia.indiatimes.com/india/congress-seals-tamil-nadu-poll-pact-with-dmk-to-contest-28-seats-and-get-a-rajya-sabha-seat/articleshow/129033683.cms
1292362466,20260304,202603,2026,2026.1753,LEG,LAWMAKER,,,,,,LEG,,,,,,,,,,,,,1,129,129,12,3,-5.0,10,1,10,-5.10948905109489,2,"Kentucky, United States",US,USKY,,37.669,-84.6514,KY,0,,,,,,,,2,"Kentucky, United States",US,USKY,,37.669,-84.6514,KY,20260304154500,https://www.wtvq.com/deadline-reached-to-introduce-new-bills-to-kentucky-house/
1292362467,20260304,202603,2026,2026.1753,LEG,STATE ASSEMBLY,,,,,,LEG,,,,,,,,,,,,,0,172,172,17,4,-5.0,3,1,3,-2.08333333333334,2,"New York, United States",US,USNY,,42.1497,-74.9384,NY,0,,,,,,,,2,"New York, United States",US,USNY,,42.1497,-74.9384,NY,20260304154500,https://whsm.com:443/news/2026/03/04/evers-says-he-has-to-think-about-the-bell-to-bell-cell-phone-ban-lawmakers-are-pushing
1292362468,20260304,202603,2026,2026.1753,LEG,STATE ASSEMBLY,,,,,,LEG,,,,,,,,,,,,,0,172,172,17,4,-5.0,7,1,7,-2.08333333333334,2,"Wisconsin, United States",US,USWI,,44.2563,-89.6385,WI,0,,,,,,,,2,"Wisconsin, United States",US,USWI,,44.2563,-89.6385,WI,20260304154500,https://whsm.com:443/news/2026/03/04/evers-says-he-has-to-think-about-the-bell-to-bell-cell-phone-ban-lawmakers-are-pushing
1292362469,20260304,202603,2026,2026.1753,LEG,SENATOR,,,,,,LEG,,,COP,PRISON,,,,,,COP,,,1,24,24,2,1,-0.3,2,1,2,-10.828025477707,5,"Montserrado County, Montserrado, Liberia",LI,LI14,147263,6.5,-10.5,-2134017,5,"Montserrado County, Montserrado, Liberia",LI,LI14,147263,6.5,-10.5,-2134017,5,"Montserrado County, Montserrado, Liberia",LI,LI14,147263,6.5,-10.5,-2134017,20260304154500,https://allafrica.com/view/group/main/main/id/00095930.html
1292362470,20260304,202603,2026,2026.1753,LEG,REPRESENTATIVES,,,,,,LEG,,,CVL,COMMUNITY,,,,,,CVL,,,1,90,90,9,2,-2.0,5,1,5,3.07328605200946,4,"Kensere, Ghana (general), Ghana",GH,GH00,190580,6.37327,-1.57162,-2074394,4,"Kensere, Ghana (general), Ghana",GH,GH00,190580,6.37327,-1.57162,-2074394,4,"Kensere, Ghana (general), Ghana",GH,GH00,190580,6.37327,-1.57162,-2074394,20260304154500,https://www.myjoyonline.com/local-government-minister-inspects-seco-kfw-funded-projects-in-ahafo-region/
1292362471,20260304,202603,2026,2026.1753,LEG,REPRESENTATIVES,,,,,,LEG,,,GHA,GHANA,GHA,,,,,,,,1,42,42,4,1,1.9,4,1,4,3.07328605200946,4,"Kensere, Ghana (general), Ghana",GH,GH00,190580,6.37327,-1.57162,-2074394,4,"Kensere, Ghana (general), Ghana",GH,GH00,190580,6.37327,-1.57162,-2074394,4,"Kensere, Ghana (general), Ghana",GH,GH00,190580,6.37327,-1.57162,-2074394,20260304154500,https://www.myjoyonline.com/local-government-minister-inspects-seco-kfw-funded-projects-in-ahafo-region/
1292362472,20260304,202603,2026,2026.1753,LEG,LAWMAKER,,,,,,LEG,,,GOV,GOVERNMENT,,,,,,GOV,,,0,20,20,2,1,3.0,5,1,5,-5.0,2,"Minnesota, United States",US,USMN,,45.7326,-93.9196,MN,2,"Minnesota, United States",US,USMN,,45.7326,-93.9196,MN,2,"Minnesota, United States",US,USMN,,45.7326,-93.9196,MN,20260304154500,https://quickcountry.com/ixp/1172/p/minnesota-lawsuit-medicaid-funding-pause/
1292362473,20260304,202603,2026,2026.1753,LEG,SENATE,,,,,,LEG,,,GOV,GOVERNMENT,,,,,,GOV,,,1,40,40,4,1,1.0,10,1,10,-10.828025477707,5,"Montserrado County, Montserrado, Liberia",LI,LI14,147263,6.5,-10.5,-2134017,5,"Montserrado County, Montserrado, Liberia",LI,LI14,147263,6.5,-10.5,-2134017,5,"Montserrado County, Montserrado, Liberia",LI,LI14,147263,6.5,-10.5,-2134017,20260304154500,https://allafrica.com/view/group/main/main/id/00095930.html
1292362474,20260304,202603,2026,2026.1753,LEG,HOUSE OF COMMONS,,,,,,LEG,,,GOV,MINIST,,,,,,GOV,,,1,40,40,4,1,1.0,10,1,10,-0.3448275862069,4,"London, London, City of, United Kingdom",UK,UKH9,40110,51.5,-0.116667,-2601889,4,"London, London, City of, United Kingdom",UK,UKH9,40110,51.5,-0.116667,-2601889,4,"London, London, City of, United Kingdom",UK,UKH9,40110,51.5,-0.116667,-2601889,20260304154500,https://timesca.com/central-asia-and-britain-launch-ca5uk-ministerial-track/
1292362475,20260304,202603,2026,2026.1753,LEG,REPRESENTATIVES,,,,,,LEG,,,GOV,MINIST,,,,,,GOV,,,1,42,42,4,1,1.9,1,1,1,3.07328605200946,4,"Kensere, Ghana (general), Ghana",GH,GH00,190580,6.37327,-1.57162,-2074394,4,"Kensere, Ghana (general), Ghana",GH,GH00,190580,6.37327,-1.57162,-2074394,4,"Kensere, Ghana (general), Ghana",GH,GH00,190580,6.37327,-1.57162,-2074394,20260304154500,https://www.myjoyonline.com/local-government-minister-inspects-seco-kfw-funded-projects-in-ahafo-region/
1292362476,20260304,202603,2026,2026.1753,LEG,SENATOR,,,,,,LEG,,,GOV,ATTORNEY GENERAL,,,,,,GOV,,,1,42,42,4,1,1.9,8,1,8,-0.9278350515464,3,"Houston, Texas, United States",US,USTX,TX201,29.7633,-95.3633,1380948,3,"Houston, Texas, United States",US,USTX,TX201,29.7633,-95.3633,1380948,3,"Houston, Texas, United States",US,USTX,TX201,29.7633,-95.3633,1380948,20260304154500,https://www.houstonpublicmedia.org/articles/news/politics/election-2026/2026/03/04/545136/republicans-head-to-runoff-in-texas-attorney-general-primary-dems-uncertain/
1292362477,20260304,202603,2026,2026.1753,LEG,SENATOR,,,,,,LEG,,,GOV,ATTORNEY GENERAL,,,,,,GOV,,,1,42,42,4,1,1.9,8,1,8,-0.9278350515464,3,"Houston, Texas, United States",US,USTX,TX201,29.7633,-95.3633,1380948,2,"Texas, United States",US,USTX,,31.106,-97.6475,TX,3,"Houston, Texas, United States",US,USTX,TX201,29.7633,-95.3633,1380948,20260304154500,https://www.houstonpublicmedia.org/articles/news/politics/election-2026/2026/03/04/545136/republicans-head-to-runoff-in-texas-attorney-general-primary-dems-uncertain/
1292362478,20260304,202603,2026,2026.1753,LEG,SENATE,,,,,,LEG,,,GOV,MAYOR,,,,,,GOV,,,1,43,43,4,1,2.8,6,1,6,-10.3896103896104,2,"New York, United States",US,USNY,,42.1497,-74.9384,NY,2,"New York, United States",US,USNY,,42.1497,-74.9384,NY,2,"New York, United States",US,USNY,,42.1497,-74.9384,NY,20260304154500,https://www.baltimoresun.com/2026/03/04/schumer-condemns-nyc-radio-host-for-calling-mamdani-a-radical-islam-cockroach/
1292362481,20260304,202603,2026,2026.1753,LEG,CONGRESSWOMAN,,,,,,LEG,,,IRN,IRAN,IRN,,,,,,,,1,80,80,8,2,5.0,10,1,10,-5.98290598290598,2,"Georgia, United States",US,USGA,,32.9866,-83.6487,GA,2,"Georgia, United States",US,USGA,,32.9866,-83.6487,GA,2,"Georgia, United States",US,USGA,,32.9866,-83.6487,GA,20260304154500,https://crooksandliars.com/2026/03/cnn-airs-marjorie-taylor-greene-f-bombs
1292362482,20260304,202603,2026,2026.1753,LEG,HOUSE SPEAKER,,,,,,LEG,,,ISRGOV,ISRAEL,ISR,,,,,GOV,,,1,80,80,8,2,5.0,2,1,2,-2.95302013422819,4,"Tehran, Tehran, Iran",IR,IR26,41130,35.75,51.5148,10074674,4,"Tehran, Tehran, Iran",IR,IR26,41130,35.75,51.5148,10074674,4,"Tehran, Tehran, Iran",IR,IR26,41130,35.75,51.5148,10074674,20260304154500,https://www.upi.com/Voices/2026/03/04/iran-us-war-outcome/4711772633151/
1292362483,20260304,202603,2026,2026.1753,LEG,REPRESENTATIVES,,,,,,LEG,,,KHM,PHNOM PENH,KHM,,,,,,,,1,42,42,4,1,1.9,5,1,5,3.57142857142857,4,"Phnom Penh, (CB11), Cambodia",CB,CB11,12390,11.55,104.917,-1033783,4,"Phnom Penh, (CB11), Cambodia",CB,CB11,12390,11.55,104.917,-1033783,4,"Phnom Penh, (CB11), Cambodia",CB,CB11,12390,11.55,104.917,-1033783,20260304154500,https://www.akp.gov.kh/post/detail/363992
1292362484,20260304,202603,2026,2026.1753,LEG,SENATOR,,,,,,LEG,,,LBR,MONROVIA,LBR,,,,,,,,1,42,42,4,1,1.9,2,1,2,-10.828025477707,5,"Montserrado County, Montserrado, Liberia",LI,LI14,147263,6.5,-10.5,-2134017,4,"Monrovia, Montserrado, Liberia",LI,LI14,147290,6.31056,-10.8047,-2134012,4,"Monrovia, Montserrado, Liberia",LI,LI14,147290,6.31056,-10.8047,-2134012,20260304154500,https://allafrica.com/view/group/main/main/id/00095930.html
1292362485,20260304,202603,2026,2026.1753,LEG,SENATE,,,,,,LEG,,,LBR,LIBERIA,LBR,,,,,,,,1,42,42,4,1,1.9,10,1,10,-10.828025477707,5,"Montserrado County, Montserrado, Liberia",LI,LI14,147263,6.5,-10.5,-2134017,5,"Montserrado County, Montserrado, Liberia",LI,LI14,147263,6.5,-10.5,-2134017,5,"Montserrado County, Montserrado, Liberia",LI,LI14,147263,6.5,-10.5,-2134017,20260304154500,https://allafrica.com/view/group/main/main/id/00095930.html
1292362486,20260304,202603,2026,2026.1753,LEG,SENATOR,,,,,,LEG,,,MIL,GROUND TROOP,,,,,,MIL,,,0,12,12,1,1,-0.4,8,1,8,-6.13138686131387,1,Iran,IR,IR,,32.0,53.0,IR,1,Iran,IR,IR,,32.0,53.0,IR,1,Iran,IR,IR,,32.0,53.0,IR,20260304154500,https://www.islamicinvitationturkey.com/growing-concerns-surround-trumps-iran-conflict-amid-disputed-claims-and-rising-expenses-reports-suggest/
1292362487,20260304,202603,2026,2026.1753,LEG,SENATOR,,,,,,LEG,,,MIL,GROUND TROOP,,,,,,MIL,,,0,154,154,15,4,-7.2,8,1,8,-6.13138686131387,1,Iran,IR,IR,,32.0,53.0,IR,1,Iran,IR,IR,,32.0,53.0,IR,1,Iran,IR,IR,,32.0,53.0,IR,20260304154500,https://www.islamicinvitationturkey.com/growing-concerns-surround-trumps-iran-conflict-amid-disputed-claims-and-rising-expenses-reports-suggest/
1292362488,20260304,202603,2026,2026.1753,LEG,CHAMBER,,,,,,LEG,,,NLD,THE HAGUE,NLD,,,,,,,,1,173,173,17,4,-5.0,5,1,5,-4.77528089887641,1,Kosovo,KV,KV,,42.583333,21.0,KV,1,Kosovo,KV,KV,,42.583333,21.0,KV,1,Kosovo,KV,KV,,42.583333,21.0,KV,20260304154500,https://balkaninsight.com/2026/03/04/thaci-trial-verdict-will-decide-legacy-of-kosovo-specialist-chambers/
1292362489,20260304,202603,2026,2026.1753,LEG,SENATOR,,,,,,LEG,,,USA,UNITED STATES,USA,,,,,,,,1,10,10,1,1,0.0,8,1,8,-6.13138686131387,1,United States,US,US,,39.828175,-98.5795,US,1,United States,US,US,,39.828175,-98.5795,US,1,United States,US,US,,39.828175,-98.5795,US,20260304154500,https://www.islamicinvitationturkey.com/growing-concerns-surround-trumps-iran-conflict-amid-disputed-claims-and-rising-expenses-reports-suggest/
1292362490,20260304,202603,2026,2026.1753,LEG,SENATE,,,,,,LEG,,,USA,UNITED STATES,USA,,,,,,,,0,43,43,4,1,2.8,4,1,4,-0.9278350515464,3,"Dallas, Texas, United States",US,USTX,TX113,32.7831,-96.8067,1380944,3,"Houston, Texas, United States",US,USTX,TX201,29.7633,-95.3633,1380948,3,"Houston, Texas, United States",US,USTX,TX201,29.7633,-95.3633,1380948,20260304154500,https://www.houstonpublicmedia.org/articles/news/politics/election-2026/2026/03/04/545136/republicans-head-to-runoff-in-texas-attorney-general-primary-dems-uncertain/
1292362491,20260304,202603,2026,2026.1753,LEG,LEGISLATOR,,,,,,LEG,,,USA,UNITED STATES,USA,,,,,,,,1,51,51,5,1,3.4,4,1,4,-2.40384615384616,3,"Charlotte, North Carolina, United States",US,USNC,NC119,35.2271,-80.8431,1019610,3,"Charlotte, North Carolina, United States",US,USNC,NC119,35.2271,-80.8431,1019610,3,"Charlotte, North Carolina, United States",US,USNC,NC119,35.2271,-80.8431,1019610,20260304154500,https://crooksandliars.com/2026/03/last-nights-election-results-texas-n
1292362492,20260304,202603,2026,2026.1753,LEG,CONGRESSMAN,,,,,,LEG,,,USA,WISCONSIN,USA,,,,,,,,1,60,60,6,2,6.0,8,1,8,-6.69144981412639,2,"Wisconsin, United States",US,USWI,,44.2563,-89.6385,WI,2,"Wisconsin, United States",US,USWI,,44.2563,-89.6385,WI,2,"Wisconsin, United States",US,USWI,,44.2563,-89.6385,WI,20260304154500,https://www.wispolitics.com/2026/opportunity-wisconsin-ahead-of-farm-bill-markup-opportunity-wisconsin-calls-on-van-orden-to-reverse-snap-cuts-hurting-wisconsin-families/
1292362493,20260304,202603,2026,2026.1753,LEG,LAWMAKER,,,,,,LEG,,,USA,AMERICAN,USA,,,,,,,,0,130,130,13,3,-4.4,10,1,10,-6.25,2,"Connecticut, United States",US,USCT,,41.5834,-72.7622,CT,2,"Connecticut, United States",US,USCT,,41.5834,-72.7622,CT,2,"Connecticut, United States",US,USCT,,41.5834,-72.7622,CT,20260304154500,https://newrepublic.com/post/207330/pete-hegseth-troops-dying-iran-donald-trump-look-bad
1292362494,20260304,202603,2026,2026.1753,LEG,HOUSE SPEAKER,,,,,,LEG,,,USALEG,TEXAS,USA,,,,,LEG,,,0,111,111,11,3,-2.0,6,1,6,-3.20924261874197,2,"Texas, United States",US,USTX,,31.106,-97.6475,TX,2,"Texas, United States",US,USTX,,31.106,-97.6475,TX,2,"Texas, United States",US,USTX,,31.106,-97.6475,TX,20260304154500,https://talkingpointsmemo.com/news/embattled-gonzales-and-right-wing-youtuber-set-to-face-off-in-a-runoff
1292362495,20260304,202603,2026,2026.1753,LEG,HOUSE SPEAKER,,,,,,LEG,,,USALEG,UNITED STATES,USA,,,,,LEG,,,0,111,111,11,3,-2.0,4,1,4,-3.20924261874197,2,"Wisconsin, United States",US,USWI,,44.2563,-89.6385,WI,2,"Texas, United States",US,USTX,,31.106,-97.6475,TX,2,"Texas, United States",US,USTX,,31.106,-97.6475,TX,20260304154500,https://talkingpointsmemo.com/news/embattled-gonzales-and-right-wing-youtuber-set-to-face-off-in-a-runoff
1292362496,20260304,202603,2026,2026.1753,LEGJUD,SENATE,,,,,,LEG,JUD,,LEG,SENATE,,,,,,LEG,,,0,111,111,11,3,-2.0,6,1,6,-6.92307692307692,3,"Temple University, Pennsylvania, United States",US,USPA,PA101,39.9809,-75.153,1189357,3,"Temple University, Pennsylvania, United States",US,USPA,,39.9809,-75.153,1189357,2,"Pennsylvania, United States",US,USPA,,40.5773,-77.264,PA,20260304154500,https://www.foxnews.com/politics/whatley-links-cooper-transit-killing-accuses-dem-freeing-rapists-murderers
1292362497,20260304,202603,2026,2026.1753,LKA,COLOMBO,LKA,,,,,,,,,,,,,,,,,,0,60,60,6,2,6.0,10,1,10,-2.04081632653061,4,"Colombo, Western, Sri Lanka",CE,CE36,25852,6.93194,79.8478,-2214877,0,,,,,,,,4,"Colombo, Western, Sri Lanka",CE,CE36,25852,6.93194,79.8478,-2214877,20260304154500,https://pmnewsnigeria.com/2026/03/04/iran-ship-sinks-in-lanka-after-reported-strike-many-killed/
1292362498,20260304,202603,2026,2026.1753,LKA,SRI LANKA,LKA,,,,,,,,IRNMIL,IRAN,IRN,,,,,MIL,,,1,43,43,4,1,2.8,10,1,10,-1.74013921113689,1,Sri Lanka,CE,CE,,7.0,81.0,CE,4,"Bonyan, Bushehr, Iran",IR,IR22,25307,28.7863,51.4356,-3055242,4,"Visakhapatnam, Andhra Pradesh, India",IN,IN02,17566,17.7,83.3,-2114520,20260304154500,https://indianexpress.com/article/explained/explained-global/us-submarine-iran-warship-iris-dena-sri-lanka-10564768/
1292362499,20260304,202603,2026,2026.1753,LKA,SRI LANKAN,LKA,,,,,,,,LKAGOV,SRI LANKAN,LKA,,,,,GOV,,,1,73,73,7,2,7.4,3,1,3,-5.46218487394958,4,"Tehran, Tehran, Iran",IR,IR26,41130,35.75,51.5148,10074674,4,"Tehran, Tehran, Iran",IR,IR26,41130,35.75,51.5148,10074674,4,"Tehran, Tehran, Iran",IR,IR26,41130,35.75,51.5148,10074674,20260304154500,https://www.castanetkamloops.net/news/World/601814/US-sinks-Iranian-warship-as-Iran-warns-of-widespread-destruction-in-the-Middle-East
1292362500,20260304,202603,2026,2026.1753,LKA,SRI LANKAN,LKA,,,,,,,,LKAGOV,SRI LANKA,LKA,,,,,GOV,,,1,73,73,7,2,7.4,1,1,1,-5.46218487394958,4,"Basij, Fars, Iran",IR,IR07,41029,30.608,53.1874,10467014,4,"Basij, Fars, Iran",IR,IR07,41029,30.608,53.1874,10467014,4,"Indian Ocean, ,",OC,OCOC,18585,-10.0,70.0,-1506375,20260304154500,https://www.castanetkamloops.net/news/World/601814/US-sinks-Iranian-warship-as-Iran-warns-of-widespread-destruction-in-the-Middle-East
1292362501,20260304,202603,2026,2026.1753,LKACOP,SRI LANKA,LKA,,,,,COP,,,MIL,FRIGATE,,,,,,MIL,,,1,10,10,1,1,0.0,7,1,7,-1.27795527156549,4,"Milan, Lombardia, Italy",IT,IT09,18363,45.4667,9.2,-121726,1,Iran,IR,IR,,32.0,53.0,IR,4,"Milan, Lombardia, Italy",IT,IT09,18363,45.4667,9.2,-121726,20260304154500,https://www.independent.ie/world-news/middle-east/us-sinks-iranian-warship-killing-at-least-80-israel-begins-strikes-in-southern-lebanon-as-civilians-are-ordered-to-evacuate/a627608921.html
1292362502,20260304,202603,2026,2026.1753,LKACOP,SRI LANKA,LKA,,,,,COP,,,MIL,FRIGATE,,,,,,MIL,,,1,10,10,1,1,0.0,1,1,1,-1.27795527156549,4,"Colombo, Western, Sri Lanka",CE,CE36,25852,6.93194,79.8478,-2214877,4,"Milan, Lombardia, Italy",IT,IT09,18363,45.4667,9.2,-121726,4,"Colombo, Western, Sri Lanka",CE,CE36,25852,6.93194,79.8478,-2214877,20260304154500,https://www.independent.ie/world-news/middle-east/us-sinks-iranian-warship-killing-at-least-80-israel-begins-strikes-in-southern-lebanon-as-civilians-are-ordered-to-evacuate/a627608921.html
1292362503,20260304,202603,2026,2026.1753,LKACOP,SRI LANKA,LKA,,,,,COP,,,MIL,FRIGATE,,,,,,MIL,,,1,10,10,1,1,0.0,1,1,1,-1.27795527156549,4,"Colombo, Western, Sri Lanka",CE,CE36,25852,6.93194,79.8478,-2214877,1,Iran,IR,IR,,32.0,53.0,IR,4,"Colombo, Western, Sri Lanka",CE,CE36,25852,6.93194,79.8478,-2214877,20260304154500,https://www.independent.ie/world-news/middle-east/us-sinks-iranian-warship-killing-at-least-80-israel-begins-strikes-in-southern-lebanon-as-civilians-are-ordered-to-evacuate/a627608921.html
1292362504,20260304,202603,2026,2026.1753,LKACOP,SRI LANKA,LKA,,,,,COP,,,MIL,FRIGATE,,,,,,MIL,,,1,10,10,1,1,0.0,1,1,1,-1.27795527156549,1,Iran,IR,IR,,32.0,53.0,IR,1,Iran,IR,IR,,32.0,53.0,IR,4,"Colombo, Western, Sri Lanka",CE,CE36,25852,6.93194,79.8478,-2214877,20260304154500,https://www.independent.ie/world-news/middle-east/us-sinks-iranian-warship-killing-at-least-80-israel-begins-strikes-in-southern-lebanon-as-civilians-are-ordered-to-evacuate/a627608921.html
1292362505,20260304,202603,2026,2026.1753,LKAGOV,SRI LANKAN,LKA,,,,,GOV,,,,,,,,,,,,,1,73,73,7,2,7.4,6,1,6,-2.04081632653061,4,"Colombo, Western, Sri Lanka",CE,CE36,25852,6.93194,79.8478,-2214877,0,,,,,,,,4,"Colombo, Western, Sri Lanka",CE,CE36,25852,6.93194,79.8478,-2214877,20260304154500,https://pmnewsnigeria.com/2026/03/04/iran-ship-sinks-in-lanka-after-reported-strike-many-killed/
1292362506,20260304,202603,2026,2026.1753,LKAGOV,SRI LANKA,LKA,,,,,GOV,,,LEG,PARLIAMENT,,,,,,LEG,,,1,13,13,1,1,0.4,6,1,6,-0.97087378640777,4,"Bangkok, Krung Thep Mahanakhon, Thailand",TH,TH40,26423,13.75,100.517,-3250083,4,"Bangkok, Krung Thep Mahanakhon, Thailand",TH,TH40,26423,13.75,100.517,-3250083,4,"Bangkok, Krung Thep Mahanakhon, Thailand",TH,TH40,26423,13.75,100.517,-3250083,20260304154500,https://www.clickondetroit.com/news/world/2026/03/04/sri-lanka-says-an-iranian-warship-has-sunk-off-its-coast-in-the-indian-ocean/
1292362507,20260304,202603,2026,2026.1753,LKAGOV,SRI LANKA,LKA,,,,,GOV,,,LEG,PARLIAMENT,,,,,,LEG,,,1,13,13,1,1,0.4,4,1,4,-2.04081632653061,1,India,IN,IN,,20.0,77.0,IN,4,"Colombo, Western, Sri Lanka",CE,CE36,25852,6.93194,79.8478,-2214877,4,"Colombo, Western, Sri Lanka",CE,CE36,25852,6.93194,79.8478,-2214877,20260304154500,https://pmnewsnigeria.com/2026/03/04/iran-ship-sinks-in-lanka-after-reported-strike-many-killed/
1292362508,20260304,202603,2026,2026.1753,LKAGOV,SRI LANKA,LKA,,,,,GOV,,,LEG,PARLIAMENT,,,,,,LEG,,,1,13,13,1,1,0.4,24,4,24,-1.16869638944251,1,South Africa,SF,SF,,-30.0,26.0,SF,1,South Africa,SF,SF,,-30.0,26.0,SF,1,South Africa,SF,SF,,-30.0,26.0,SF,20260304154500,https://www.thetimes-tribune.com/2026/03/04/sri-lanka-iran-warship-bodies/
1292362509,20260304,202603,2026,2026.1753,LKAGOV,SRI LANKA,LKA,,,,,GOV,,,MIL,NAVY,,,,,,MIL,,,1,10,10,1,1,0.0,10,1,10,-0.97087378640777,4,"Colombo, Western, Sri Lanka",CE,CE36,25852,6.93194,79.8478,-2214877,4,"Colombo, Western, Sri Lanka",CE,CE36,25852,6.93194,79.8478,-2214877,4,"Colombo, Western, Sri Lanka",CE,CE36,25852,6.93194,79.8478,-2214877,20260304154500,https://www.clickondetroit.com/news/world/2026/03/04/sri-lanka-says-an-iranian-warship-has-sunk-off-its-coast-in-the-indian-ocean/
1292362510,20260304,202603,2026,2026.1753,LKAGOV,SRI LANKA,LKA,,,,,GOV,,,MIL,NAVY,,,,,,MIL,,,1,10,10,1,1,0.0,40,4,40,-1.16869638944251,1,Sri Lanka,CE,CE,,7.0,81.0,CE,1,Sri Lanka,CE,CE,,7.0,81.0,CE,1,Sri Lanka,CE,CE,,7.0,81.0,CE,20260304154500,https://www.thetimes-tribune.com/2026/03/04/sri-lanka-iran-warship-bodies/
1292362511,20260304,202603,2026,2026.1753,LKAGOV,SRI LANKA,LKA,,,,,GOV,,,MIL,NAVY,,,,,,MIL,,,1,12,12,1,1,-0.4,10,1,10,-0.97087378640777,4,"Colombo, Western, Sri Lanka",CE,CE36,25852,6.93194,79.8478,-2214877,4,"Colombo, Western, Sri Lanka",CE,CE36,25852,6.93194,79.8478,-2214877,4,"Colombo, Western, Sri Lanka",CE,CE36,25852,6.93194,79.8478,-2214877,20260304154500,https://www.clickondetroit.com/news/world/2026/03/04/sri-lanka-says-an-iranian-warship-has-sunk-off-its-coast-in-the-indian-ocean/
1292362512,20260304,202603,2026,2026.1753,LKAGOV,SRI LANKA,LKA,,,,,GOV,,,MIL,NAVY,,,,,,MIL,,,1,12,12,1,1,-0.4,40,4,40,-1.16869638944251,1,Sri Lanka,CE,CE,,7.0,81.0,CE,1,Sri Lanka,CE,CE,,7.0,81.0,CE,1,Sri Lanka,CE,CE,,7.0,81.0,CE,20260304154500,https://www.thetimes-tribune.com/2026/03/04/sri-lanka-iran-warship-bodies/
1292362513,20260304,202603,2026,2026.1753,LKAMIL,SRI LANKAN,LKA,,,,,MIL,,,,,,,,,,,,,1,73,73,7,2,7.4,3,1,3,-5.44090056285178,1,United States,US,US,,39.828175,-98.5795,US,0,,,,,,,,1,United States,US,US,,39.828175,-98.5795,US,20260304154500,https://news.webindia123.com/news/Articles/World/20260304/4423464.html
1292362514,20260304,202603,2026,2026.1753,LKAMIL,SRI LANKA,LKA,,,,,MIL,,,LKA,SRI LANKAN,LKA,,,,,,,,0,13,13,1,1,0.4,4,1,4,-1.74013921113689,1,Sri Lanka,CE,CE,,7.0,81.0,CE,1,Sri Lanka,CE,CE,,7.0,81.0,CE,1,Sri Lanka,CE,CE,,7.0,81.0,CE,20260304154500,https://indianexpress.com/article/explained/explained-global/us-submarine-iran-warship-iris-dena-sri-lanka-10564768/
1292362515,20260304,202603,2026,2026.1753,LKAMIL,SRI LANKA,LKA,,,,,MIL,,,LKA,SRI LANKAN,LKA,,,,,,,,1,73,73,7,2,7.4,2,1,2,-5.44090056285178,1,United States,US,US,,39.828175,-98.5795,US,1,United States,US,US,,39.828175,-98.5795,US,1,United States,US,US,,39.828175,-98.5795,US,20260304154500,https://news.webindia123.com/news/Articles/World/20260304/4423464.html
1292362516,20260304,202603,2026,2026.1753,LVA,RIGA,LVA,,,,,,,,CVL,TRAVELER,,,,,,CVL,,,1,60,60,6,2,6.0,3,1,3,0.0,1,Israel,IS,IS,,31.5,34.75,IS,1,Iran,IR,IR,,32.0,53.0,IR,1,Iran,IR,IR,,32.0,53.0,IR,20260304154500,https://www.baltictimes.com/foreign_ministry_coordinates_with_eu_partners_on_assistance_for_travelers_in_middle_east_region/
1292362517,20260304,202603,2026,2026.1753,MAR,MOROCCO,MAR,,,,,,,,,,,,,,,,,,1,90,90,9,2,-2.0,2,1,2,-1.0,1,Mauritania,MR,MR,,20.0,-12.0,MR,0,,,,,,,,1,Mauritania,MR,MR,,20.0,-12.0,MR,20260304154500,https://www.nashvillescene.com/arts_culture/film_tv/sirat-review-nashville/article_2ae63eee-bcef-4c77-a614-99116a2abd3a.html
1292362518,20260304,202603,2026,2026.1753,MAR,MOROCCAN,MAR,,,,,,,,CRM,GANG,,,,,,CRM,,,0,173,173,17,4,-5.0,5,1,5,-8.91472868217057,1,Morocco,MO,MO,,32.0,-5.0,MO,1,Morocco,MO,MO,,32.0,-5.0,MO,1,Morocco,MO,MO,,32.0,-5.0,MO,20260304154500,https://cpt.org/2026/03/04/the-architecture-of-crimmigration-and-the-chios-tragedy
1292362519,20260304,202603,2026,2026.1753,MED,NEWS AGENCY,,,,,,MED,,,,,,,,,,,,,0,10,10,1,1,0.0,10,1,10,-2.60336906584992,4,"Roveredo, Switzerland (general), Switzerland",SZ,SZ00,26305,46.2351,9.12622,-2553877,0,,,,,,,,4,"Roveredo, Switzerland (general), Switzerland",SZ,SZ00,26305,46.2351,9.12622,-2553877,20260304154500,https://www.swissinfo.ch/eng/swiss-politics/europe-wide-drugs-probe-raises-questions-about-swiss-residency-checks/91037788
1292362520,20260304,202603,2026,2026.1753,MED,RADIO STATION,,,,,,MED,,,,,,,,,,,,,0,10,10,1,1,0.0,5,1,5,-2.57400257400257,3,"Cumberland County, North Carolina, United States",US,USNC,NC051,35.0502,-78.8664,1026124,0,,,,,,,,3,"Cumberland County, North Carolina, United States",US,USNC,,35.0502,-78.8664,1026124,20260304154500,https://www.ibtimes.com.au/tornado-warning-statewide-tornado-drills-sweep-multiple-states-severe-weather-prompts-siren-tests-1862639
1292362521,20260304,202603,2026,2026.1753,MED,RADIO STATION,,,,,,MED,,,,,,,,,,,,,0,10,10,1,1,0.0,5,1,5,-2.57400257400257,2,"Kansas, United States",US,USKS,,38.5111,-96.8005,KS,0,,,,,,,,2,"Kansas, United States",US,USKS,,38.5111,-96.8005,KS,20260304154500,https://www.ibtimes.com.au/tornado-warning-statewide-tornado-drills-sweep-multiple-states-severe-weather-prompts-siren-tests-1862639
1292362522,20260304,202603,2026,2026.1753,MED,PUBLICATION,,,,,,MED,,,,,,,,,,,,,0,40,40,4,1,1.0,4,1,4,2.89308176100629,4,"Geiranger, Møg Romsdal, Norway",NO,NO08,23289,62.1,7.2,-259538,0,,,,,,,,4,"Geiranger, Møg Romsdal, Norway",NO,NO08,23289,62.1,7.2,-259538,20260304154500,https://www.hola.com/us/royals/20260304887372/princess-martha-louise-home-delays-durek-verrett-norway-house-nightmare/
1292362523,20260304,202603,2026,2026.1753,MED,PUBLICATION,,,,,,MED,,,,,,,,,,,,,0,40,40,4,1,1.0,6,1,6,2.89308176100629,2,"California, United States",US,USCA,,36.17,-119.746,CA,0,,,,,,,,2,"California, United States",US,USCA,,36.17,-119.746,CA,20260304154500,https://www.hola.com/us/royals/20260304887372/princess-martha-louise-home-delays-durek-verrett-norway-house-nightmare/
1292362524,20260304,202603,2026,2026.1753,MED,PUBLISHER,,,,,,MED,,,,,,,,,,,,,0,43,43,4,1,2.8,6,1,6,-2.59938837920489,1,Germany,GM,GM,,51.5,10.5,GM,0,,,,,,,,1,Germany,GM,GM,,51.5,10.5,GM,20260304154500,https://www.vol.at/ott-process-takacs-testifies-about-boat-accident/10027535
1292362525,20260304,202603,2026,2026.1753,MED,WEBSITE,,,,,,MED,,,,,,,,,,,,,1,43,43,4,1,2.8,10,1,10,-0.28248587570621,1,India,IN,IN,,20.0,77.0,IN,0,,,,,,,,1,India,IN,IN,,20.0,77.0,IN,20260304154500,https://www.jagranjosh.com/articles/rrb-ntpc-city-slip-2026-download-cbt-1-exam-city-link-and-admit-card-date-at-rrbcdg-gov-in-1800009384-1
1292362526,20260304,202603,2026,2026.1753,MED,MEDIA,,,,,,MED,,,,,,,,,,,,,1,51,51,5,1,3.4,4,1,4,12.7747252747252,3,"Los Angeles, California, United States",US,USCA,CA037,34.0522,-118.244,1662328,0,,,,,,,,3,"Los Angeles, California, United States",US,USCA,,34.0522,-118.244,1662328,20260304154500,https://www.upi.com/Entertainment_News/Movies/2026/03/04/awards-oscars-grammys-golden-globes/5721767707522/
1292362527,20260304,202603,2026,2026.1753,MED,MEDIA,,,,,,MED,,,,,,,,,,,,,1,51,51,5,1,3.4,2,1,2,12.7747252747252,3,"Los Angeles, California, United States",US,USCA,CA037,34.0522,-118.244,1662328,0,,,,,,,,1,Spain,SP,SP,,40.0,-4.0,SP,20260304154500,https://www.upi.com/Entertainment_News/Movies/2026/03/04/awards-oscars-grammys-golden-globes/5721767707522/
1292362528,20260304,202603,2026,2026.1753,MED,MEDIA,,,,,,MED,,,,,,,,,,,,,0,51,51,5,1,3.4,10,1,10,-1.31578947368421,1,Switzerland,SZ,SZ,,47.0,8.0,SZ,0,,,,,,,,1,Switzerland,SZ,SZ,,47.0,8.0,SZ,20260304154500,https://www.swissinfo.ch/eng/swiss-politics/second-swiss-parliament-chamber-rejects-cuts-to-swissinfo/91036609
1292362530,20260304,202603,2026,2026.1753,MED,NEWS AGENCY,,,,,,MED,,,,,,,,,,,,,0,60,60,6,2,6.0,8,1,8,-2.60336906584992,4,"Roveredo, Switzerland (general), Switzerland",SZ,SZ00,26305,46.2351,9.12622,-2553877,0,,,,,,,,4,"Roveredo, Switzerland (general), Switzerland",SZ,SZ00,26305,46.2351,9.12622,-2553877,20260304154500,https://www.swissinfo.ch/eng/swiss-politics/europe-wide-drugs-probe-raises-questions-about-swiss-residency-checks/91037788
1292362531,20260304,202603,2026,2026.1753,MED,NEWS AGENCY,,,,,,MED,,,,,,,,,,,,,0,60,60,6,2,6.0,2,1,2,-2.60336906584992,1,Italy,IT,IT,,42.833333,12.833333,IT,0,,,,,,,,1,Italy,IT,IT,,42.833333,12.833333,IT,20260304154500,https://www.swissinfo.ch/eng/swiss-politics/europe-wide-drugs-probe-raises-questions-about-swiss-residency-checks/91037788
1292362532,20260304,202603,2026,2026.1753,MED,MEDIA,,,,,,MED,,,,,,,,,,,,,0,874,87,8,2,10.0,2,1,2,-5.46875,2,"New York, United States",US,USNY,,42.1497,-74.9384,NY,0,,,,,,,,3,"Manhattan, New York, United States",US,USNY,NY061,40.7834,-73.9662,971945,20260304154500,https://nyc.streetsblog.org/2026/03/03/breaking-federal-judge-rules-trump-cant-kill-congestion-pricing
1292362533,20260304,202603,2026,2026.1753,MED,MEDIA,,,,,,MED,,,,,,,,,,,,,0,874,87,8,2,10.0,8,1,8,-5.46875,2,"New York, United States",US,USNY,,42.1497,-74.9384,NY,0,,,,,,,,2,"New York, United States",US,USNY,,42.1497,-74.9384,NY,20260304154500,https://nyc.streetsblog.org/2026/03/03/breaking-federal-judge-rules-trump-cant-kill-congestion-pricing
1292362534,20260304,202603,2026,2026.1753,MED,JOURNALIST,,,,,,MED,,,CAN,CANADA,CAN,,,,,,,,1,90,90,9,2,-2.0,2,1,2,-2.92134831460675,4,"Gaza, Israel (general), Israel",IS,IS00,18315,31.4167,34.3333,-797156,4,"Gaza, Israel (general), Israel",IS,IS00,18315,31.4167,34.3333,-797156,4,"Gaza, Israel (general), Israel",IS,IS00,18315,31.4167,34.3333,-797156,20260304154500,https://www.castanetkamloops.net/news/Canada/601813/Canada-secures-limited-seats-on-commercial-flights-from-Lebanon-as-conflict-widens
1292362535,20260304,202603,2026,2026.1753,MED,JOURNALIST,,,,,,MED,,,CANGOV,CANADA,CAN,,,,,GOV,,,1,90,90,9,2,-2.0,2,1,2,-2.92134831460675,4,"Gaza, Israel (general), Israel",IS,IS00,18315,31.4167,34.3333,-797156,4,"Beirut, Beyrouth, Lebanon",LE,LE04,18808,33.8719,35.5097,-801546,4,"Gaza, Israel (general), Israel",IS,IS00,18315,31.4167,34.3333,-797156,20260304154500,https://www.castanetkamloops.net/news/Canada/601813/Canada-secures-limited-seats-on-commercial-flights-from-Lebanon-as-conflict-widens
1292362536,20260304,202603,2026,2026.1753,MED,MEDIA,,,,,,MED,,,CVL,RESIDENTS,,,,,,CVL,,,1,43,43,4,1,2.8,3,1,3,-4.15430267062315,1,Israel,IS,IS,,31.5,34.75,IS,4,"Saida, Liban-Sud, Lebanon",LE,LE06,18805,33.5631,35.3689,-810346,4,"Saida, Liban-Sud, Lebanon",LE,LE06,18805,33.5631,35.3689,-810346,20260304154500,https://aleteia.org/2026/03/04/lebanon-they-yearn-for-an-ordinary-life/
1292362537,20260304,202603,2026,2026.1753,MED,MEDIA,,,,,,MED,,,ESP,SPAIN,ESP,,,,,,,,1,51,51,5,1,3.4,2,1,2,12.7747252747252,3,"Los Angeles, California, United States",US,USCA,CA037,34.0522,-118.244,1662328,1,Spain,SP,SP,,40.0,-4.0,SP,1,Spain,SP,SP,,40.0,-4.0,SP,20260304154500,https://www.upi.com/Entertainment_News/Movies/2026/03/04/awards-oscars-grammys-golden-globes/5721767707522/
1292362538,20260304,202603,2026,2026.1753,MED,MEDIA,,,,,,MED,,,GOV,MINIST,,,,,,GOV,,,1,40,40,4,1,1.0,10,1,10,-4.78260869565217,1,India,IN,IN,,20.0,77.0,IN,1,India,IN,IN,,20.0,77.0,IN,1,India,IN,IN,,20.0,77.0,IN,20260304154500,https://news.webindia123.com/news/Articles/Business/20260304/4423450.html
1292362539,20260304,202603,2026,2026.1753,MED,JOURNALIST,,,,,,MED,,,GOV,MINIST OF FOREIGN AFFAIRS,,,,,,GOV,,,1,90,90,9,2,-2.0,6,1,6,-2.92134831460675,4,"Gaza, Israel (general), Israel",IS,IS00,18315,31.4167,34.3333,-797156,1,Iran,IR,IR,,32.0,53.0,IR,4,"Gaza, Israel (general), Israel",IS,IS00,18315,31.4167,34.3333,-797156,20260304154500,https://www.castanetkamloops.net/news/Canada/601813/Canada-secures-limited-seats-on-commercial-flights-from-Lebanon-as-conflict-widens
1292362540,20260304,202603,2026,2026.1753,MED,MEDIA,,,,,,MED,,,IGOEUREEC,THE EUROPEAN UNION,EUR,EEC,,,,IGO,,,0,111,111,11,3,-2.0,4,1,4,-5.84878744650499,4,"Tehran, Tehran, Iran",IR,IR26,41130,35.75,51.5148,10074674,1,Belgium,BE,BE,,50.833333,4.0,BE,1,Belgium,BE,BE,,50.833333,4.0,BE,20260304154500,https://www.islamicinvitationturkey.com/tehran-criticizes-eu-over-nazi-mindsets-condemns-german-support-for-israeli-us-aggression/
1292362541,20260304,202603,2026,2026.1753,MED,MEDIA,,,,,,MED,,,IGOEUREEC,THE EUROPEAN UNION,EUR,EEC,,,,IGO,,,0,111,111,11,3,-2.0,6,1,6,-5.84878744650499,1,Belgium,BE,BE,,50.833333,4.0,BE,1,Belgium,BE,BE,,50.833333,4.0,BE,1,Belgium,BE,BE,,50.833333,4.0,BE,20260304154500,https://www.islamicinvitationturkey.com/tehran-criticizes-eu-over-nazi-mindsets-condemns-german-support-for-israeli-us-aggression/
1292362542,20260304,202603,2026,2026.1753,MED,SPOKESMAN,,,,,,MED,,,IRN,IRANIAN,IRN,,,,,,,,1,15,15,1,1,0.0,6,1,6,-5.08474576271186,4,"Kurdistan, Khuzestan, Iran",IR,IR15,41008,30.6693,50.2055,-3072067,4,"Kurdistan, Khuzestan, Iran",IR,IR15,41008,30.6693,50.2055,-3072067,4,"Kurdistan, Khuzestan, Iran",IR,IR15,41008,30.6693,50.2055,-3072067,20260304154500,https://www.presstv.ir/Detail/2026/03/04/764953/IRGC-pounds-bases-of-anti-Iran-separatist-groups-in-Iraqi-Kurdistan
1292362543,20260304,202603,2026,2026.1753,MED,MEDIA,,,,,,MED,,,LBY,LIBYA,LBY,,,,,,,,1,20,20,2,1,3.0,2,1,2,-2.4390243902439,4,"Zvezda, Novgorodskaya Oblast', Russia",RS,RS52,25106,57.9665,32.7679,10593013,4,"Zvezda, Novgorodskaya Oblast', Russia",RS,RS52,25106,57.9665,32.7679,10593013,4,"Zvezda, Novgorodskaya Oblast', Russia",RS,RS52,25106,57.9665,32.7679,10593013,20260304154500,https://www.thebarentsobserver.com/news/tanker-attacked-in-mediterranean-was-carrying-sanctioned-arctic-gas/446187
1292362544,20260304,202603,2026,2026.1753,MED,MEDIA,,,,,,MED,,,LBY,LIBYA,LBY,,,,,,,,1,20,20,2,1,3.0,8,1,8,-2.4390243902439,4,"Zvezda, Novgorodskaya Oblast', Russia",RS,RS52,25106,57.9665,32.7679,10593013,1,Libya,LY,LY,,25.0,17.0,LY,4,"Zvezda, Novgorodskaya Oblast', Russia",RS,RS52,25106,57.9665,32.7679,10593013,20260304154500,https://www.thebarentsobserver.com/news/tanker-attacked-in-mediterranean-was-carrying-sanctioned-arctic-gas/446187
1292362545,20260304,202603,2026,2026.1753,MED,WEBSITE,,,,,,MED,,,MNCUSAMED,GOOGLE,USA,,,,,MNC,MED,,0,43,43,4,1,2.8,10,1,10,-3.38283828382838,1,United Kingdom,UK,UK,,54.0,-4.0,UK,1,United Kingdom,UK,UK,,54.0,-4.0,UK,1,United Kingdom,UK,UK,,54.0,-4.0,UK,20260304154500,https://www.searchenginejournal.com/google-zero-is-a-lie/568668/
1292362546,20260304,202603,2026,2026.1753,MED,WEBSITE,,,,,,MED,,,MNCUSAMED,GOOGLE,USA,,,,,MNC,MED,,0,114,114,11,3,-2.0,10,1,10,-3.38283828382838,1,United Kingdom,UK,UK,,54.0,-4.0,UK,1,United Kingdom,UK,UK,,54.0,-4.0,UK,1,United Kingdom,UK,UK,,54.0,-4.0,UK,20260304154500,https://www.searchenginejournal.com/google-zero-is-a-lie/568668/
1292362547,20260304,202603,2026,2026.1753,MED,CORRESPONDENT,,,,,,MED,,,USA,UNITED STATES,USA,,,,,,,,0,10,10,1,1,0.0,2,1,2,-5.76923076923077,1,United States,US,US,,39.828175,-98.5795,US,1,United States,US,US,,39.828175,-98.5795,US,4,"Minab, Sistan va Baluchestan, Iran",IR,IR04,41051,25.7893,61.1025,293743,20260304154500,https://www.mediaite.com/media/news/trump-war-chief-hegseth-confronted-over-attack-on-girls-school-that-killed-160-children/
1292362548,20260304,202603,2026,2026.1753,MED,WRITER,,,,,,MED,,,USA,HOUSTON,USA,,,,,,,,1,40,40,4,1,1.0,8,1,8,2.63157894736842,3,"Houston, Texas, United States",US,USTX,TX201,29.7633,-95.3633,1380948,3,"Houston, Texas, United States",US,USTX,TX201,29.7633,-95.3633,1380948,3,"Houston, Texas, United States",US,USTX,TX201,29.7633,-95.3633,1380948,20260304154500,https://www.houstonpublicmedia.org/articles/shows/houston-matters/2026/03/04/544977/great-places-for-date-night-in-houston-the-full-menu/
1292362549,20260304,202603,2026,2026.1753,MED,MEDIA,,,,,,MED,,,USA,TEXAS,USA,,,,,,,,1,43,43,4,1,2.8,2,1,2,-0.9278350515464,3,"Houston, Texas, United States",US,USTX,TX201,29.7633,-95.3633,1380948,2,"Texas, United States",US,USTX,,31.106,-97.6475,TX,2,"Texas, United States",US,USTX,,31.106,-97.6475,TX,20260304154500,https://www.houstonpublicmedia.org/articles/news/politics/election-2026/2026/03/04/545136/republicans-head-to-runoff-in-texas-attorney-general-primary-dems-uncertain/
1292362550,20260304,202603,2026,2026.1753,MED,WEBSITE,,,,,,MED,,,USA,WISCONSIN,USA,,,,,,,,0,113,113,11,3,-2.0,3,1,3,-2.08333333333334,2,"Wisconsin, United States",US,USWI,,44.2563,-89.6385,WI,2,"Wisconsin, United States",US,USWI,,44.2563,-89.6385,WI,2,"Wisconsin, United States",US,USWI,,44.2563,-89.6385,WI,20260304154500,https://whsm.com:443/news/2026/03/04/evers-says-he-has-to-think-about-the-bell-to-bell-cell-phone-ban-lawmakers-are-pushing
1292362551,20260304,202603,2026,2026.1753,MIL,FIELD MARSHAL,,,,,,MIL,,,,,,,,,,,,,0,17,17,1,1,0.0,10,1,10,-1.63934426229508,4,"South Waziristan, Federally Administered Tribal Areas, Pakistan",PK,PK01,40321,32.304,69.6821,-2775090,0,,,,,,,,4,"South Waziristan, Federally Administered Tribal Areas, Pakistan",PK,PK01,40321,32.304,69.6821,-2775090,20260304154500,https://tribune.com.pk/story/2595797/cdf-munir-says-all-necessary-measures-to-be-taken-for-neutralising-threat-from-afghan-border
1292362552,20260304,202603,2026,2026.1753,MIL,NAVY,,,,,,MIL,,,,,,,,,,,,,0,50,50,5,1,3.5,10,1,10,-1.74013921113689,4,"Visakhapatnam, Andhra Pradesh, India",IN,IN02,17566,17.7,83.3,-2114520,0,,,,,,,,4,"Visakhapatnam, Andhra Pradesh, India",IN,IN02,17566,17.7,83.3,-2114520,20260304154500,https://indianexpress.com/article/explained/explained-global/us-submarine-iran-warship-iris-dena-sri-lanka-10564768/
1292362553,20260304,202603,2026,2026.1753,MIL,MILITARY,,,,,,MIL,,,,,,,,,,,,,1,72,72,7,2,8.3,5,1,5,0.0,1,Germany,GM,GM,,51.5,10.5,GM,0,,,,,,,,1,Germany,GM,GM,,51.5,10.5,GM,20260304154500,https://nz.finance.yahoo.com/news/dassault-aviation-sa-duavf-full-150028543.html
1292362554,20260304,202603,2026,2026.1753,MIL,MILITARY,,,,,,MIL,,,,,,,,,,,,,0,84,84,8,2,7.0,10,1,10,-6.76982591876209,5,"Bekaa, Béa, Lebanon",LE,LE08,18792,33.6667,35.8333,-798017,0,,,,,,,,5,"Bekaa, Béa, Lebanon",LE,LE08,18792,33.6667,35.8333,-798017,20260304154500,https://www.islamicinvitationturkey.com/watch-hezbollah-strikes-deep-despite-brutal-zionist-attacks/
1292362555,20260304,202603,2026,2026.1753,MIL,MILITARY,,,,,,MIL,,,,,,,,,,,,,0,130,130,13,3,-4.4,2,1,2,-7.35930735930736,3,"Washington, District of Columbia, United States",US,USDC,DC001,38.8951,-77.0364,531871,0,,,,,,,,3,"Washington, District of Columbia, United States",US,USDC,DC001,38.8951,-77.0364,531871,20260304154500,https://ianslive.in/pentagon-confirms-ai-enabled-weapons-used-in-the-iran-war--20260304201204
1292362556,20260304,202603,2026,2026.1753,MIL,MILITARY,,,,,,MIL,,,,,,,,,,,,,1,150,150,15,4,-7.2,10,1,10,-6.49762282091918,1,Iran,IR,IR,,32.0,53.0,IR,0,,,,,,,,1,Iran,IR,IR,,32.0,53.0,IR,20260304154500,https://www.irishecho.com/2026/3/short-long-endless
1292362557,20260304,202603,2026,2026.1753,MIL,FIGHTER JET,,,,,,MIL,,,,,,,,,,,,,0,154,154,15,4,-7.2,2,2,2,-4.386957181901,4,"Tehran, Tehran, Iran",IR,IR26,41130,35.75,51.5148,10074674,0,,,,,,,,3,"Washington, District of Columbia, United States",US,USDC,DC001,38.8951,-77.0364,531871,20260304154500,https://www.wkyufm.org/news/2026-03-04/the-u-s-sinks-irans-ships-and-slams-its-missile-launchers-as-the-war-enters-day-5
1292362558,20260304,202603,2026,2026.1753,MIL,ARMY,,,,,,MIL,,,,,,,,,,,,,1,190,190,19,4,-10.0,4,1,4,-1.53172866520788,4,"Rome, Lazio, Italy",IT,IT07,18350,41.9,12.4833,-126693,0,,,,,,,,4,"Rome, Lazio, Italy",IT,IT07,18350,41.9,12.4833,-126693,20260304154500,https://aleteia.org/2022/03/04/when-st-casimir-chose-peace-instead-of-war-in-eastern-europe/
1292362559,20260304,202603,2026,2026.1753,MIL,ARMY,,,,,,MIL,,,,,,,,,,,,,1,190,190,19,4,-10.0,1,1,1,-1.53172866520788,1,Hungary,HU,HU,,47.0,20.0,HU,0,,,,,,,,1,Hungary,HU,HU,,47.0,20.0,HU,20260304154500,https://aleteia.org/2022/03/04/when-st-casimir-chose-peace-instead-of-war-in-eastern-europe/
1292362560,20260304,202603,2026,2026.1753,MIL,FIELD MARSHAL,,,,,,MIL,,,AFG,AFGHAN,AFG,,,,,,,,0,51,51,5,1,3.4,1,1,1,-1.63934426229508,4,"Peshawar, North-West Frontier, Pakistan",PK,PK03,40347,34.0078,71.5733,-2771364,4,"Peshawar, North-West Frontier, Pakistan",PK,PK03,40347,34.0078,71.5733,-2771364,4,"Peshawar, North-West Frontier, Pakistan",PK,PK03,40347,34.0078,71.5733,-2771364,20260304154500,https://tribune.com.pk/story/2595797/cdf-munir-says-all-necessary-measures-to-be-taken-for-neutralising-threat-from-afghan-border
1292362561,20260304,202603,2026,2026.1753,MIL,FIELD MARSHAL,,,,,,MIL,,,AFG,AFGHAN,AFG,,,,,,,,0,51,51,5,1,3.4,4,1,4,-1.63934426229508,4,"Kabul, Kabol, Afghanistan",AF,AF13,3580,34.5167,69.1833,-3378435,4,"Kabul, Kabol, Afghanistan",AF,AF13,3580,34.5167,69.1833,-3378435,4,"Kabul, Kabol, Afghanistan",AF,AF13,3580,34.5167,69.1833,-3378435,20260304154500,https://tribune.com.pk/story/2595797/cdf-munir-says-all-necessary-measures-to-be-taken-for-neutralising-threat-from-afghan-border
1292362562,20260304,202603,2026,2026.1753,MIL,AIR FORCE,,,,,,MIL,,,FIN,FINLAND,FIN,,,,,,,,1,42,42,4,1,1.9,2,1,2,0.0,1,Sweden,SW,SW,,62.0,15.0,SW,4,"Lake Inari, Lapland, Finland",FI,FI26,16222,69.0,28.0,-1366574,4,"Lake Inari, Lapland, Finland",FI,FI26,16222,69.0,28.0,-1366574,20260304154500,https://www.thebarentsobserver.com/security/not-all-eyes-are-on-the-middle-eastnbsp/446158
1292362563,20260304,202603,2026,2026.1753,MIL,AIRCRAFT CARRIER,,,,,,MIL,,,GBR,BRITAIN,GBR,,,,,,,,1,36,36,3,1,4.0,10,1,10,0.6993006993007,4,"Rosyth, Fife, United Kingdom",UK,UKV1,40176,56.0333,-3.43333,-2606540,4,"Rosyth, Fife, United Kingdom",UK,UKV1,40176,56.0333,-3.43333,-2606540,4,"Rosyth, Fife, United Kingdom",UK,UKV1,40176,56.0333,-3.43333,-2606540,20260304154500,https://www.tvguide.co.uk/schedule/405db3c6-6b56-5172-aa75-564edab28ecb/britains-biggest-warship
1292362564,20260304,202603,2026,2026.1753,MIL,ARMY,,,,,,MIL,,,GOVREL,KING,,,,,,GOV,,,1,190,190,19,4,-10.0,1,1,1,-1.53172866520788,1,Hungary,HU,HU,,47.0,20.0,HU,4,"Rome, Lazio, Italy",IT,IT07,18350,41.9,12.4833,-126693,1,Hungary,HU,HU,,47.0,20.0,HU,20260304154500,https://aleteia.org/2022/03/04/when-st-casimir-chose-peace-instead-of-war-in-eastern-europe/
1292362565,20260304,202603,2026,2026.1753,MIL,ARMY,,,,,,MIL,,,GOVREL,KING,,,,,,GOV,,,1,190,190,19,4,-10.0,3,1,3,-1.53172866520788,1,Hungary,HU,HU,,47.0,20.0,HU,1,Hungary,HU,HU,,47.0,20.0,HU,1,Hungary,HU,HU,,47.0,20.0,HU,20260304154500,https://aleteia.org/2022/03/04/when-st-casimir-chose-peace-instead-of-war-in-eastern-europe/
1292362566,20260304,202603,2026,2026.1753,MIL,NAVAL,,,,,,MIL,,,IRN,IRAN,IRN,,,,,,,,1,110,110,11,3,-2.0,4,1,4,-7.35930735930736,4,"Tehran, Tehran, Iran",IR,IR26,41130,35.75,51.5148,10074674,3,"Washington, District of Columbia, United States",US,USDC,DC001,38.8951,-77.0364,531871,3,"Washington, District of Columbia, United States",US,USDC,DC001,38.8951,-77.0364,531871,20260304154500,https://ianslive.in/pentagon-confirms-ai-enabled-weapons-used-in-the-iran-war--20260304201204
1292362567,20260304,202603,2026,2026.1753,MIL,MILITARY,,,,,,MIL,,,IRN,IRAN,IRN,,,,,,,,1,111,111,11,3,-2.0,5,1,5,-5.60747663551402,1,United States,US,US,,39.828175,-98.5795,US,1,United States,US,US,,39.828175,-98.5795,US,1,United States,US,US,,39.828175,-98.5795,US,20260304154500,https://timesofindia.indiatimes.com/world/us/risking-lives-for-distraction-deployed-us-service-military-members-wife-criticizes-iran-strikes/articleshow/129033140.cms
1292362568,20260304,202603,2026,2026.1753,MIL,MILITARY,,,,,,MIL,,,IRN,IRAN,IRN,,,,,,,,0,190,190,19,4,-10.0,2,1,2,-5.91259640102828,1,Ghana,GH,GH,,8.0,-2.0,GH,4,"Tehran, Tehran, Iran",IR,IR26,41130,35.75,51.5148,10074674,1,Ghana,GH,GH,,8.0,-2.0,GH,20260304154500,https://www.myjoyonline.com/bawumia-and-wife-evacuated-from-qatar-by-ghanaian-embassies-as-middle-east-tensions-escalate/
1292362569,20260304,202603,2026,2026.1753,MIL,MILITARY BASE,,,,,,MIL,,,IRQ,IRAQ,IRQ,,,,,,,,1,195,195,19,4,-10.0,8,1,8,-6.88622754491018,4,"Erbil, Liwa' Irbil, Iraq",IZ,IZ11,123554,36.1926,44.0106,-3106433,4,"Erbil, Liwa' Irbil, Iraq",IZ,IZ11,123554,36.1926,44.0106,-3106433,4,"Erbil, Liwa' Irbil, Iraq",IZ,IZ11,123554,36.1926,44.0106,-3106433,20260304154500,https://www.islamicinvitationturkey.com/irgc-ground-force-initiates-trio-of-operations-countering-alleged-israeli-us-hostilities/
1292362570,20260304,202603,2026,2026.1753,MIL,MAJOR GENERAL,,,,,,MIL,,,ISR,ISRAELI,ISR,,,,,,,,1,40,40,4,1,1.0,4,1,4,-0.28735632183908,1,Israel,IS,IS,,31.5,34.75,IS,1,Israel,IS,IS,,31.5,34.75,IS,1,Israel,IS,IS,,31.5,34.75,IS,20260304154500,https://timesofindia.indiatimes.com/world/middle-east/next-mission-waiting-for-you-what-israels-air-force-commander-told-f-35-pilot-who-shot-down-iranian-jet-over-tehran/articleshow/129034521.cms
1292362571,20260304,202603,2026,2026.1753,MIL,MAJOR GENERAL,,,,,,MIL,,,ISRMIL,ISRAELI,ISR,,,,,MIL,,,1,40,40,4,1,1.0,3,1,3,-0.28735632183908,1,Israel,IS,IS,,31.5,34.75,IS,1,Israel,IS,IS,,31.5,34.75,IS,1,Israel,IS,IS,,31.5,34.75,IS,20260304154500,https://timesofindia.indiatimes.com/world/middle-east/next-mission-waiting-for-you-what-israels-air-force-commander-told-f-35-pilot-who-shot-down-iranian-jet-over-tehran/articleshow/129034521.cms
1292362572,20260304,202603,2026,2026.1753,MIL,ARMY,,,,,,MIL,,,ITAGOV,ITALY,ITA,,,,,GOV,,,1,190,190,19,4,-10.0,1,1,1,-1.53172866520788,4,"Rome, Lazio, Italy",IT,IT07,18350,41.9,12.4833,-126693,4,"Rome, Lazio, Italy",IT,IT07,18350,41.9,12.4833,-126693,4,"Rome, Lazio, Italy",IT,IT07,18350,41.9,12.4833,-126693,20260304154500,https://aleteia.org/2022/03/04/when-st-casimir-chose-peace-instead-of-war-in-eastern-europe/
1292362573,20260304,202603,2026,2026.1753,MIL,MILITARY BASE,,,,,,MIL,,,KWT,KUWAIT,KWT,,,,,,,,1,195,195,19,4,-10.0,2,1,2,-6.88622754491018,4,"Erbil, Liwa' Irbil, Iraq",IZ,IZ11,123554,36.1926,44.0106,-3106433,4,"Erbil, Liwa' Irbil, Iraq",IZ,IZ11,123554,36.1926,44.0106,-3106433,4,"Erbil, Liwa' Irbil, Iraq",IZ,IZ11,123554,36.1926,44.0106,-3106433,20260304154500,https://www.islamicinvitationturkey.com/irgc-ground-force-initiates-trio-of-operations-countering-alleged-israeli-us-hostilities/
1292362574,20260304,202603,2026,2026.1753,MIL,MILITARY BASE,,,,,,MIL,,,KWT,KUWAIT,KWT,,,,,,,,1,195,195,19,4,-10.0,6,1,6,-6.88622754491018,4,"Erbil, Liwa' Irbil, Iraq",IZ,IZ11,123554,36.1926,44.0106,-3106433,1,Kuwait,KU,KU,,29.5,47.75,KU,4,"Erbil, Liwa' Irbil, Iraq",IZ,IZ11,123554,36.1926,44.0106,-3106433,20260304154500,https://www.islamicinvitationturkey.com/irgc-ground-force-initiates-trio-of-operations-countering-alleged-israeli-us-hostilities/
1292362575,20260304,202603,2026,2026.1753,MIL,WARSHIP,,,,,,MIL,,,LKA,SRI LANKA,LKA,,,,,,,,1,20,20,2,1,3.0,28,1,28,-4.92350222760089,1,Iran,IR,IR,,32.0,53.0,IR,1,Sri Lanka,CE,CE,,7.0,81.0,CE,1,Iran,IR,IR,,32.0,53.0,IR,20260304154500,https://newsradio1290wtks.iheart.com/content/2026-03-04-us-submarine-sinks-iranian-warship-in-the-indian-ocean/
1292362576,20260304,202603,2026,2026.1753,MIL,WARSHIP,,,,,,MIL,,,LKA,SRI LANKA,LKA,,,,,,,,1,20,20,2,1,3.0,42,1,42,-4.92350222760089,1,Iran,IR,IR,,32.0,53.0,IR,1,Iran,IR,IR,,32.0,53.0,IR,1,Iran,IR,IR,,32.0,53.0,IR,20260304154500,https://newsradio1290wtks.iheart.com/content/2026-03-04-us-submarine-sinks-iranian-warship-in-the-indian-ocean/
1292362577,20260304,202603,2026,2026.1753,MIL,NAVY,,,,,,MIL,,,MOS,ISLAMIC,,,,MOS,,,,,1,10,10,1,1,0.0,10,1,10,-3.7243947858473,4,"Salford, Salford, United Kingdom",UK,UKL5,40111,53.4833,-2.26667,-2606975,4,"Salford, Salford, United Kingdom",UK,UKL5,40111,53.4833,-2.26667,-2606975,4,"Salford, Salford, United Kingdom",UK,UKL5,40111,53.4833,-2.26667,-2606975,20260304154500,https://www.express.co.uk/news/world/2178110/iran-control-straight-of-hormuz
1292362578,20260304,202603,2026,2026.1753,MIL,MILITARY,,,,,,MIL,,,NOR,NORWAY,NOR,,,,,,,,0,150,150,15,4,-7.2,10,1,10,0.0,1,Norway,NO,NO,,62.0,10.0,NO,1,Norway,NO,NO,,62.0,10.0,NO,1,Norway,NO,NO,,62.0,10.0,NO,20260304154500,https://www.thebarentsobserver.com/security/not-all-eyes-are-on-the-middle-eastnbsp/446158
1292362579,20260304,202603,2026,2026.1753,MIL,ARMY STAFF,,,,,,MIL,,,REF,DISPLACED PERSON,,,,,,REF,,,1,51,51,5,1,3.4,5,1,5,1.50753768844221,4,"Makurdi, Benue, Nigeria",NI,NI26,22691,7.7411,8.5121,-2018676,4,"Makurdi, Benue, Nigeria",NI,NI26,22691,7.7411,8.5121,-2018676,4,"Makurdi, Benue, Nigeria",NI,NI26,22691,7.7411,8.5121,-2018676,20260304154500,https://www.nationalaccordnewspaper.com/coas-salutes-troops-of-operation-whirl-stroke-for-securing-communities-orders-sustained-onslaught-against-criminal-elements/
1292362580,20260304,202603,2026,2026.1753,MIL,ARMY STAFF,,,,,,MIL,,,REF,DISPLACED PERSON,,,,,,REF,,,1,87,87,8,2,9.0,5,1,5,1.50753768844221,4,"Makurdi, Benue, Nigeria",NI,NI26,22691,7.7411,8.5121,-2018676,4,"Makurdi, Benue, Nigeria",NI,NI26,22691,7.7411,8.5121,-2018676,4,"Makurdi, Benue, Nigeria",NI,NI26,22691,7.7411,8.5121,-2018676,20260304154500,https://www.nationalaccordnewspaper.com/coas-salutes-troops-of-operation-whirl-stroke-for-securing-communities-orders-sustained-onslaught-against-criminal-elements/
1292362581,20260304,202603,2026,2026.1753,MIL,MILITARY,,,,,,MIL,,,USA,AMERICAN,USA,,,,,,,,1,20,20,2,1,3.0,8,1,8,-2.57648953301127,1,Israel,IS,IS,,31.5,34.75,IS,1,Israel,IS,IS,,31.5,34.75,IS,1,Israel,IS,IS,,31.5,34.75,IS,20260304154500,https://www.upi.com/Top_News/World-News/2026/03/04/evacuate-americans-middle-east-war/9141772636040/
1292362582,20260304,202603,2026,2026.1753,MIL,MILITARY,,,,,,MIL,,,USA,AMERICAN,USA,,,,,,,,1,20,20,2,1,3.0,2,1,2,-2.57648953301127,2,"Texas, United States",US,USTX,,31.106,-97.6475,TX,1,Israel,IS,IS,,31.5,34.75,IS,2,"Texas, United States",US,USTX,,31.106,-97.6475,TX,20260304154500,https://www.upi.com/Top_News/World-News/2026/03/04/evacuate-americans-middle-east-war/9141772636040/
1292362583,20260304,202603,2026,2026.1753,MIL,MILITARY,,,,,,MIL,,,USA,AMERICAN,USA,,,,,,,,1,233,23,2,1,3.4,2,1,2,-2.57648953301127,3,"Washington, District of Columbia, United States",US,USDC,DC001,38.8951,-77.0364,531871,3,"Washington, District of Columbia, United States",US,USDC,DC001,38.8951,-77.0364,531871,3,"Washington, District of Columbia, United States",US,USDC,DC001,38.8951,-77.0364,531871,20260304154500,https://www.upi.com/Top_News/World-News/2026/03/04/evacuate-americans-middle-east-war/9141772636040/
1292362584,20260304,202603,2026,2026.1753,MIL,MILITARY,,,,,,MIL,,,USA,UNITED STATES,USA,,,,,,,,1,233,23,2,1,3.4,1,1,1,-2.57648953301127,1,Bahrain,BA,BA,,26.0,50.5,BA,3,"Washington, District of Columbia, United States",US,USDC,DC001,38.8951,-77.0364,531871,3,"Washington, District of Columbia, United States",US,USDC,DC001,38.8951,-77.0364,531871,20260304154500,https://www.upi.com/Top_News/World-News/2026/03/04/evacuate-americans-middle-east-war/9141772636040/
1292362585,20260304,202603,2026,2026.1753,MIL,MILITARY,,,,,,MIL,,,USA,AMERICAN,USA,,,,,,,,1,72,72,7,2,8.3,2,1,2,-6.13138686131387,1,United States,US,US,,39.828175,-98.5795,US,1,United States,US,US,,39.828175,-98.5795,US,1,United States,US,US,,39.828175,-98.5795,US,20260304154500,https://www.islamicinvitationturkey.com/growing-concerns-surround-trumps-iran-conflict-amid-disputed-claims-and-rising-expenses-reports-suggest/
1292362586,20260304,202603,2026,2026.1753,MIL,NAVY,,,,,,MIL,,,USA,UNITED STATES,USA,,,,,,,,0,190,190,19,4,-10.0,1,1,1,-5.84577114427861,4,"London, London, City of, United Kingdom",UK,UKH9,40110,51.5,-0.116667,-2601889,1,United States,US,US,,39.828175,-98.5795,US,4,"London, London, City of, United Kingdom",UK,UKH9,40110,51.5,-0.116667,-2601889,20260304154500,https://www.breitbart.com/europe/2026/03/04/iranian-warship-sunk-by-u-s-submarine-first-since-ww2-hegseth/
1292362587,20260304,202603,2026,2026.1753,MIL,NAVY,,,,,,MIL,,,USA,UNITED STATES,USA,,,,,,,,0,190,190,19,4,-10.0,2,1,2,-5.84577114427861,4,"Gulf Of Oman, Iran (general), Iran",IR,IR00,40979,25.4489,57.7939,-3077385,1,United States,US,US,,39.828175,-98.5795,US,4,"Gulf Of Oman, Iran (general), Iran",IR,IR00,40979,25.4489,57.7939,-3077385,20260304154500,https://www.breitbart.com/europe/2026/03/04/iranian-warship-sunk-by-u-s-submarine-first-since-ww2-hegseth/
1292362588,20260304,202603,2026,2026.1753,MIL,NAVY,,,,,,MIL,,,USA,UNITED STATES,USA,,,,,,,,0,190,190,19,4,-10.0,1,1,1,-5.84577114427861,1,United States,US,US,,39.828175,-98.5795,US,1,United States,US,US,,39.828175,-98.5795,US,4,"Gulf Of Oman, Iran (general), Iran",IR,IR00,40979,25.4489,57.7939,-3077385,20260304154500,https://www.breitbart.com/europe/2026/03/04/iranian-warship-sunk-by-u-s-submarine-first-since-ww2-hegseth/
1292362589,20260304,202603,2026,2026.1753,MILMED,ARMY,,,,,,MIL,MED,,MIL,SPECIAL FORCES,,,,,,MIL,,,1,10,10,1,1,0.0,10,1,10,1.50753768844221,4,"Makurdi, Benue, Nigeria",NI,NI26,22691,7.7411,8.5121,-2018676,4,"Makurdi, Benue, Nigeria",NI,NI26,22691,7.7411,8.5121,-2018676,4,"Makurdi, Benue, Nigeria",NI,NI26,22691,7.7411,8.5121,-2018676,20260304154500,https://www.nationalaccordnewspaper.com/coas-salutes-troops-of-operation-whirl-stroke-for-securing-communities-orders-sustained-onslaught-against-criminal-elements/
1292362590,20260304,202603,2026,2026.1753,MILMIL,COMMANDER,,,,,,MIL,MIL,,IRN,IRANIAN,IRN,,,,,,,,1,13,13,1,1,0.4,10,1,10,-0.28735632183908,1,Israel,IS,IS,,31.5,34.75,IS,4,"Tehran, Tehran, Iran",IR,IR26,41130,35.75,51.5148,10074674,1,Israel,IS,IS,,31.5,34.75,IS,20260304154500,https://timesofindia.indiatimes.com/world/middle-east/next-mission-waiting-for-you-what-israels-air-force-commander-told-f-35-pilot-who-shot-down-iranian-jet-over-tehran/articleshow/129034521.cms
1292362591,20260304,202603,2026,2026.1753,MILMIL,COMMANDER,,,,,,MIL,MIL,,IRN,IRANIAN,IRN,,,,,,,,1,13,13,1,1,0.4,10,1,10,-0.28735632183908,1,Syria,SY,SY,,35.0,38.0,SY,1,Syria,SY,SY,,35.0,38.0,SY,1,Syria,SY,SY,,35.0,38.0,SY,20260304154500,https://timesofindia.indiatimes.com/world/middle-east/next-mission-waiting-for-you-what-israels-air-force-commander-told-f-35-pilot-who-shot-down-iranian-jet-over-tehran/articleshow/129034521.cms
1292362592,20260304,202603,2026,2026.1753,MILMIL,COMMANDER,,,,,,MIL,MIL,,ISRMIL,ISRAELI,ISR,,,,,MIL,,,1,40,40,4,1,1.0,3,1,3,-0.28735632183908,1,Israel,IS,IS,,31.5,34.75,IS,1,Israel,IS,IS,,31.5,34.75,IS,4,"Tehran, Tehran, Iran",IR,IR26,41130,35.75,51.5148,10074674,20260304154500,https://timesofindia.indiatimes.com/world/middle-east/next-mission-waiting-for-you-what-israels-air-force-commander-told-f-35-pilot-who-shot-down-iranian-jet-over-tehran/articleshow/129034521.cms
1292362593,20260304,202603,2026,2026.1753,MILMIL,JOINT CHIEFS OF STAFF,,,,,,MIL,MIL,,USA,UNITED STATES,USA,,,,,,,,1,190,190,19,4,-10.0,7,1,7,-7.35930735930736,4,"Tehran, Tehran, Iran",IR,IR26,41130,35.75,51.5148,10074674,3,"Washington, District of Columbia, United States",US,USDC,DC001,38.8951,-77.0364,531871,3,"Washington, District of Columbia, United States",US,USDC,DC001,38.8951,-77.0364,531871,20260304154500,https://ianslive.in/pentagon-confirms-ai-enabled-weapons-used-in-the-iran-war--20260304201204
1292362594,20260304,202603,2026,2026.1753,MILMIL,JOINT CHIEFS OF STAFF,,,,,,MIL,MIL,,USA,UNITED STATES,USA,,,,,,,,1,190,190,19,4,-10.0,1,1,1,-7.35930735930736,3,"Washington, District of Columbia, United States",US,USDC,DC001,38.8951,-77.0364,531871,4,"Tehran, Tehran, Iran",IR,IR26,41130,35.75,51.5148,10074674,4,"Tehran, Tehran, Iran",IR,IR26,41130,35.75,51.5148,10074674,20260304154500,https://ianslive.in/pentagon-confirms-ai-enabled-weapons-used-in-the-iran-war--20260304201204
1292362595,20260304,202603,2026,2026.1753,MLTMIL,MALTA,MLT,,,,,MIL,,,MLT,MALTA,MLT,,,,,,,,1,154,154,15,4,-7.2,2,1,2,-2.4390243902439,1,Greece,GR,GR,,39.0,22.0,GR,1,Malta,MT,MT,,35.916667,14.433333,MT,1,Greece,GR,GR,,39.0,22.0,GR,20260304154500,https://www.thebarentsobserver.com/news/tanker-attacked-in-mediterranean-was-carrying-sanctioned-arctic-gas/446187
1292362596,20260304,202603,2026,2026.1753,MLTMIL,MALTA,MLT,,,,,MIL,,,MLT,MALTA,MLT,,,,,,,,1,154,154,15,4,-7.2,8,1,8,-2.4390243902439,1,Malta,MT,MT,,35.916667,14.433333,MT,1,Malta,MT,MT,,35.916667,14.433333,MT,1,Malta,MT,MT,,35.916667,14.433333,MT,20260304154500,https://www.thebarentsobserver.com/news/tanker-attacked-in-mediterranean-was-carrying-sanctioned-arctic-gas/446187
1292362597,20260304,202603,2026,2026.1753,MMR,MYANMAR,MMR,,,,,,,,,,,,,,,,,,1,54,54,5,1,6.0,10,1,10,-3.32167832167832,1,Thailand,TH,TH,,15.0,100.0,TH,0,,,,,,,,1,Thailand,TH,TH,,15.0,100.0,TH,20260304154500,https://unpo.org/unpo-welcomes-the-rohingya-into-the-peoples-friends-framework/
1292362598,20260304,202603,2026,2026.1753,MMR,MYANMAR,MMR,,,,,,,,EDU,STUDENT,,,,,,EDU,,,0,84,84,8,2,7.0,2,1,2,-2.42990654205607,4,"Naypyidaw, Mandalay, Myanmar",BM,BM08,41807,19.745,96.1297,9272014,4,"Naypyidaw, Mandalay, Myanmar",BM,BM08,41807,19.745,96.1297,9272014,4,"Naypyidaw, Mandalay, Myanmar",BM,BM08,41807,19.745,96.1297,9272014,20260304154500,"https://www.asianews.it/news-en/Burmese-government-releases-12,000-prisoners-in-new-image-boosting-operation-64963.html"
1292362599,20260304,202603,2026,2026.1753,MMR,MYANMAR,MMR,,,,,,,,MMRGOV,BURMESE,MMR,,,,,GOV,,,1,841,84,8,2,7.0,3,1,3,-2.42990654205607,4,"Aung Hlaing, Ayeyarwady, Myanmar",BM,BM03,41780,15.7667,94.9833,-440327,4,"Aung Hlaing, Ayeyarwady, Myanmar",BM,BM03,41780,15.7667,94.9833,-440327,4,"Aung Hlaing, Ayeyarwady, Myanmar",BM,BM03,41780,15.7667,94.9833,-440327,20260304154500,"https://www.asianews.it/news-en/Burmese-government-releases-12,000-prisoners-in-new-image-boosting-operation-64963.html"
1292362600,20260304,202603,2026,2026.1753,MMR,MYANMAR,MMR,,,,,,,,OPP,PRISONER,,,,,,OPP,,,1,841,84,8,2,7.0,5,1,5,-2.42990654205607,4,"Aung Hlaing, Ayeyarwady, Myanmar",BM,BM03,41780,15.7667,94.9833,-440327,4,"Aung Hlaing, Ayeyarwady, Myanmar",BM,BM03,41780,15.7667,94.9833,-440327,4,"Aung Hlaing, Ayeyarwady, Myanmar",BM,BM03,41780,15.7667,94.9833,-440327,20260304154500,"https://www.asianews.it/news-en/Burmese-government-releases-12,000-prisoners-in-new-image-boosting-operation-64963.html"
1292362601,20260304,202603,2026,2026.1753,MNCJPNMIL,TOYOTA,JPN,,,,,MNC,MIL,,,,,,,,,,,,1,111,111,11,3,-2.0,10,1,10,1.41700404858299,1,United States,US,US,,39.828175,-98.5795,US,0,,,,,,,,1,United States,US,US,,39.828175,-98.5795,US,20260304154500,http://www.prnewswire.com/news-releases/toyota-team-land-cruiser-and-g-shock-unite-for-extreme-performance-collaboration-302703750.html
1292362602,20260304,202603,2026,2026.1753,MNCUSA,COCA COLA,USA,,,,,MNC,,,,,,,,,,,,,1,57,57,5,1,8.0,10,1,10,-0.36764705882353,2,"Colorado, United States",US,USCO,,39.0646,-105.327,CO,0,,,,,,,,2,"Colorado, United States",US,USCO,,39.0646,-105.327,CO,20260304154500,https://www.coloradohometownweekly.com/2026/03/04/lafayette-coca-cola-mural-relocation/
1292362603,20260304,202603,2026,2026.1753,MNCUSAMED,NETFLIX,USA,,,,,MNC,MED,,,,,,,,,,,,1,20,20,2,1,3.0,5,1,5,0.183823529411771,4,"Belfast, Belfast, United Kingdom",UK,UKR3,40158,54.5833,-5.93333,-2589607,0,,,,,,,,4,"Belfast, Belfast, United Kingdom",UK,UKR3,40158,54.5833,-5.93333,-2589607,20260304154500,https://www.tvguide.co.uk/articles/unchosen-netflix-cast-plot-release/
1292362604,20260304,202603,2026,2026.1753,MNCUSAMED,GOOGLE,USA,,,,,MNC,MED,,,,,,,,,,,,1,120,120,12,3,-4.0,5,1,5,-3.38283828382838,1,United Kingdom,UK,UK,,54.0,-4.0,UK,0,,,,,,,,1,United Kingdom,UK,UK,,54.0,-4.0,UK,20260304154500,https://www.searchenginejournal.com/google-zero-is-a-lie/568668/
1292362605,20260304,202603,2026,2026.1753,MNCUSAMED,GOOGLE,USA,,,,,MNC,MED,,MED,WEBSITE,,,,,,MED,,,0,42,42,4,1,1.9,10,1,10,-3.38283828382838,1,United Kingdom,UK,UK,,54.0,-4.0,UK,1,United Kingdom,UK,UK,,54.0,-4.0,UK,1,United Kingdom,UK,UK,,54.0,-4.0,UK,20260304154500,https://www.searchenginejournal.com/google-zero-is-a-lie/568668/
1292362606,20260304,202603,2026,2026.1753,MNCUSAMED,GOOGLE,USA,,,,,MNC,MED,,MED,WEBSITE,,,,,,MED,,,1,90,90,9,2,-2.0,5,1,5,-3.38283828382838,1,United Kingdom,UK,UK,,54.0,-4.0,UK,1,United Kingdom,UK,UK,,54.0,-4.0,UK,1,United Kingdom,UK,UK,,54.0,-4.0,UK,20260304154500,https://www.searchenginejournal.com/google-zero-is-a-lie/568668/
1292362607,20260304,202603,2026,2026.1753,MOS,MUSLIM,,,,MOS,,,,,,,,,,,,,,,0,10,10,1,1,0.0,2,1,2,-0.9278350515464,3,"Houston, Texas, United States",US,USTX,TX201,29.7633,-95.3633,1380948,0,,,,,,,,3,"Houston, Texas, United States",US,USTX,TX201,29.7633,-95.3633,1380948,20260304154500,https://www.houstonpublicmedia.org/articles/news/politics/election-2026/2026/03/04/545136/republicans-head-to-runoff-in-texas-attorney-general-primary-dems-uncertain/
1292362608,20260304,202603,2026,2026.1753,MOS,ISLAMIC,,,,MOS,,,,,,,,,,,,,,,1,10,10,1,1,0.0,2,1,2,-2.07792207792207,1,United States,US,US,,39.828175,-98.5795,US,0,,,,,,,,1,United States,US,US,,39.828175,-98.5795,US,20260304154500,https://www.islamicinvitationturkey.com/irgc-successfully-dismantles-us-radar-in-qatar-launches-attack-on-destroyer-in-indian-ocean/
1292362609,20260304,202603,2026,2026.1753,MOS,ISLAMIC,,,,MOS,,,,,AREMIL,UNITED ARAB EMIRATES,ARE,,,,,MIL,,,1,10,10,1,1,0.0,6,1,6,-2.07792207792207,1,United States,US,US,,39.828175,-98.5795,US,1,United States,US,US,,39.828175,-98.5795,US,1,United States,US,US,,39.828175,-98.5795,US,20260304154500,https://www.islamicinvitationturkey.com/irgc-successfully-dismantles-us-radar-in-qatar-launches-attack-on-destroyer-in-indian-ocean/
1292362610,20260304,202603,2026,2026.1753,MOS,ISLAM,,,,MOS,,,,,GOV,GOVERNMENT,,,,,,GOV,,,0,80,80,8,2,5.0,3,1,3,-2.93757649938801,4,"New Delhi, Delhi, India",IN,IN07,17911,28.6,77.2,-2106102,4,"New Delhi, Delhi, India",IN,IN07,17911,28.6,77.2,-2106102,4,"New Delhi, Delhi, India",IN,IN07,17911,28.6,77.2,-2106102,20260304154500,https://www.presstv.ir/Detail/2026/02/27/764806/modi-israel-visit-shows-morality-no-longer-guides-india-foreign-policy-journalist
1292362611,20260304,202603,2026,2026.1753,MOS,ISLAMIC,,,,MOS,,,,,ISR,ISRAELI,ISR,,,,,,,,1,190,190,19,4,-10.0,2,1,2,-6.76982591876209,4,"Metula, Ha?afon, Israel",IS,IS03,18314,33.2792,35.5795,-780681,4,"Metula, Ha?afon, Israel",IS,IS03,18314,33.2792,35.5795,-780681,4,"Metula, Ha?afon, Israel",IS,IS03,18314,33.2792,35.5795,-780681,20260304154500,https://www.islamicinvitationturkey.com/watch-hezbollah-strikes-deep-despite-brutal-zionist-attacks/
1292362612,20260304,202603,2026,2026.1753,MOS,ISLAMIC,,,,MOS,,,,,ISR,ISRAELI,ISR,,,,,,,,1,190,190,19,4,-10.0,4,1,4,-6.76982591876209,4,"Metula, Ha?afon, Israel",IS,IS03,18314,33.2792,35.5795,-780681,4,"Tel Hashomer, HaMerkaz, Israel",IS,IS02,18316,32.0539,34.8481,-781581,4,"Tel Hashomer, HaMerkaz, Israel",IS,IS02,18316,32.0539,34.8481,-781581,20260304154500,https://www.islamicinvitationturkey.com/watch-hezbollah-strikes-deep-despite-brutal-zionist-attacks/
1292362613,20260304,202603,2026,2026.1753,MOS,ISLAMIC,,,,MOS,,,,,ISR,ISRAELI,ISR,,,,,,,,0,190,190,19,4,-10.0,8,1,8,-6.76982591876209,4,"Tel Aviv, Tel Aviv, Israel",IS,IS05,18316,32.0667,34.7667,-781545,4,"Tel Aviv, Tel Aviv, Israel",IS,IS05,18316,32.0667,34.7667,-781545,4,"Tel Aviv, Tel Aviv, Israel",IS,IS05,18316,32.0667,34.7667,-781545,20260304154500,https://www.islamicinvitationturkey.com/watch-hezbollah-strikes-deep-despite-brutal-zionist-attacks/
1292362614,20260304,202603,2026,2026.1753,MOS,ISLAMIC,,,,MOS,,,,,ISR,ISRAELI,ISR,,,,,,,,1,190,190,19,4,-10.0,15,1,9,-6.76982591876209,4,"Tel Hashomer, HaMerkaz, Israel",IS,IS02,18316,32.0539,34.8481,-781581,4,"Tel Hashomer, HaMerkaz, Israel",IS,IS02,18316,32.0539,34.8481,-781581,4,"Tel Hashomer, HaMerkaz, Israel",IS,IS02,18316,32.0539,34.8481,-781581,20260304154500,https://www.islamicinvitationturkey.com/watch-hezbollah-strikes-deep-despite-brutal-zionist-attacks/
1292362615,20260304,202603,2026,2026.1753,MOS,ISLAMIC,,,,MOS,,,,,ISR,ISRAELI,ISR,,,,,,,,1,190,190,19,4,-10.0,8,1,8,-6.76982591876209,5,"Bekaa, Béa, Lebanon",LE,LE08,18792,33.6667,35.8333,-798017,5,"Bekaa, Béa, Lebanon",LE,LE08,18792,33.6667,35.8333,-798017,5,"Bekaa, Béa, Lebanon",LE,LE08,18792,33.6667,35.8333,-798017,20260304154500,https://www.islamicinvitationturkey.com/watch-hezbollah-strikes-deep-despite-brutal-zionist-attacks/
1292362616,20260304,202603,2026,2026.1753,MOS,ISLAMIC,,,,MOS,,,,,ISR,ISRAEL,ISR,,,,,,,,0,194,194,19,4,-10.0,3,1,3,-6.76982591876209,4,"Tel Hashomer, HaMerkaz, Israel",IS,IS02,18316,32.0539,34.8481,-781581,4,"Tel Hashomer, HaMerkaz, Israel",IS,IS02,18316,32.0539,34.8481,-781581,4,"Tel Hashomer, HaMerkaz, Israel",IS,IS02,18316,32.0539,34.8481,-781581,20260304154500,https://www.islamicinvitationturkey.com/watch-hezbollah-strikes-deep-despite-brutal-zionist-attacks/
1292362617,20260304,202603,2026,2026.1753,MOS,ISLAMIC,,,,MOS,,,,,ISR,ISRAEL,ISR,,,,,,,,0,194,194,19,4,-10.0,1,1,1,-6.76982591876209,4,"Tel Hashomer, HaMerkaz, Israel",IS,IS02,18316,32.0539,34.8481,-781581,4,"Houla, Nabatî, Lebanon",LE,LE07,18314,33.2092,35.515,-804489,4,"Tel Hashomer, HaMerkaz, Israel",IS,IS02,18316,32.0539,34.8481,-781581,20260304154500,https://www.islamicinvitationturkey.com/watch-hezbollah-strikes-deep-despite-brutal-zionist-attacks/
1292362618,20260304,202603,2026,2026.1753,MOS,ISLAMIC,,,,MOS,,,,,ISRMIL,HAIFA,ISR,,,,,MIL,,,0,190,190,19,4,-10.0,10,1,10,-6.76982591876209,5,"Bekaa, Béa, Lebanon",LE,LE08,18792,33.6667,35.8333,-798017,5,"Bekaa, Béa, Lebanon",LE,LE08,18792,33.6667,35.8333,-798017,5,"Bekaa, Béa, Lebanon",LE,LE08,18792,33.6667,35.8333,-798017,20260304154500,https://www.islamicinvitationturkey.com/watch-hezbollah-strikes-deep-despite-brutal-zionist-attacks/
1292362619,20260304,202603,2026,2026.1753,MOS,ISLAMIC,,,,MOS,,,,,MILMED,MILITARY,,,,,,MIL,MED,,1,190,190,19,4,-10.0,2,1,2,-6.76982591876209,4,"Metula, Ha?afon, Israel",IS,IS03,18314,33.2792,35.5795,-780681,4,"Metula, Ha?afon, Israel",IS,IS03,18314,33.2792,35.5795,-780681,4,"Metula, Ha?afon, Israel",IS,IS03,18314,33.2792,35.5795,-780681,20260304154500,https://www.islamicinvitationturkey.com/watch-hezbollah-strikes-deep-despite-brutal-zionist-attacks/
1292362620,20260304,202603,2026,2026.1753,MOS,ISLAMIC,,,,MOS,,,,,MILMED,MILITARY,,,,,,MIL,MED,,1,190,190,19,4,-10.0,3,1,3,-6.76982591876209,4,"Metula, Ha?afon, Israel",IS,IS03,18314,33.2792,35.5795,-780681,4,"Tel Hashomer, HaMerkaz, Israel",IS,IS02,18316,32.0539,34.8481,-781581,4,"Metula, Ha?afon, Israel",IS,IS03,18314,33.2792,35.5795,-780681,20260304154500,https://www.islamicinvitationturkey.com/watch-hezbollah-strikes-deep-despite-brutal-zionist-attacks/
1292362621,20260304,202603,2026,2026.1753,MOS,ISLAMIC,,,,MOS,,,,,PAK,PAKISTAN,PAK,,,,,,,,0,190,190,19,4,-10.0,1,1,1,-9.14512922465208,4,"Islamabad, Islamabad, Pakistan",PK,PK08,23674,33.7,73.1667,-2762812,4,"Islamabad, Islamabad, Pakistan",PK,PK08,23674,33.7,73.1667,-2762812,4,"Islamabad, Islamabad, Pakistan",PK,PK08,23674,33.7,73.1667,-2762812,20260304154500,https://tribune.com.pk/story/2595792/481-afghan-taliban-killed-226-checkposts-destroyed-as-operation-ghazab-lil-haq-enters-seventh-day
1292362622,20260304,202603,2026,2026.1753,MOS,ISLAMIC,,,,MOS,,,,,PAK,PAKISTAN,PAK,,,,,,,,0,190,190,19,4,-10.0,2,1,2,-9.14512922465208,4,"Khorasan, Helmand, Afghanistan",AF,AF10,3500,32.2193,63.808,-3380846,4,"Islamabad, Islamabad, Pakistan",PK,PK08,23674,33.7,73.1667,-2762812,4,"Islamabad, Islamabad, Pakistan",PK,PK08,23674,33.7,73.1667,-2762812,20260304154500,https://tribune.com.pk/story/2595792/481-afghan-taliban-killed-226-checkposts-destroyed-as-operation-ghazab-lil-haq-enters-seventh-day
1292362623,20260304,202603,2026,2026.1753,MOS,ISLAMIC,,,,MOS,,,,,PSE,PALESTINIAN,PSE,,,,,,,,0,194,194,19,4,-10.0,1,1,1,-6.76982591876209,4,"Tel Hashomer, HaMerkaz, Israel",IS,IS02,18316,32.0539,34.8481,-781581,4,"Tel Hashomer, HaMerkaz, Israel",IS,IS02,18316,32.0539,34.8481,-781581,4,"Tel Hashomer, HaMerkaz, Israel",IS,IS02,18316,32.0539,34.8481,-781581,20260304154500,https://www.islamicinvitationturkey.com/watch-hezbollah-strikes-deep-despite-brutal-zionist-attacks/
1292362624,20260304,202603,2026,2026.1753,MOS,ISLAMIC,,,,MOS,,,,,QATMIL,QATAR,QAT,,,,,MIL,,,1,10,10,1,1,0.0,2,1,2,-2.07792207792207,1,United States,US,US,,39.828175,-98.5795,US,1,United States,US,US,,39.828175,-98.5795,US,1,United States,US,US,,39.828175,-98.5795,US,20260304154500,https://www.islamicinvitationturkey.com/irgc-successfully-dismantles-us-radar-in-qatar-launches-attack-on-destroyer-in-indian-ocean/
1292362625,20260304,202603,2026,2026.1753,MOS,ISLAMIC,,,,MOS,,,,,UAF,FIGHTER,,,,,,UAF,,,1,194,194,19,4,-10.0,5,1,5,-6.76982591876209,4,"Metula, Ha?afon, Israel",IS,IS03,18314,33.2792,35.5795,-780681,4,"Metula, Ha?afon, Israel",IS,IS03,18314,33.2792,35.5795,-780681,4,"Metula, Ha?afon, Israel",IS,IS03,18314,33.2792,35.5795,-780681,20260304154500,https://www.islamicinvitationturkey.com/watch-hezbollah-strikes-deep-despite-brutal-zionist-attacks/
1292362626,20260304,202603,2026,2026.1753,MOS,ISLAM,,,,MOS,,,,,USA,NEW YORK CITY,USA,,,,,,,,1,42,42,4,1,1.9,10,1,10,-10.3896103896104,2,"New York, United States",US,USNY,,42.1497,-74.9384,NY,2,"New York, United States",US,USNY,,42.1497,-74.9384,NY,2,"New York, United States",US,USNY,,42.1497,-74.9384,NY,20260304154500,https://www.baltimoresun.com/2026/03/04/schumer-condemns-nyc-radio-host-for-calling-mamdani-a-radical-islam-cockroach/
1292362627,20260304,202603,2026,2026.1753,MOS,ISLAMIC,,,,MOS,,,,,USAMIL,UNITED STATES,USA,,,,,MIL,,,0,130,130,13,3,-4.4,10,1,10,-2.07792207792207,1,United States,US,US,,39.828175,-98.5795,US,1,United States,US,US,,39.828175,-98.5795,US,1,United States,US,US,,39.828175,-98.5795,US,20260304154500,https://www.islamicinvitationturkey.com/irgc-successfully-dismantles-us-radar-in-qatar-launches-attack-on-destroyer-in-indian-ocean/
1292362628,20260304,202603,2026,2026.1753,MOS,MUSLIM,,,,MOS,,,,,USAMOS,AMERICAN,USA,,,MOS,,,,,1,111,111,11,3,-2.0,5,1,5,-5.78905630452022,1,Iran,IR,IR,,32.0,53.0,IR,3,"White House, District of Columbia, United States",US,USDC,,38.8951,-77.0364,531871,3,"White House, District of Columbia, United States",US,USDC,,38.8951,-77.0364,531871,20260304154500,https://www.aljazeera.com/news/2026/3/4/why-are-the-us-and-israel-framing-the-ongoing-conflict-as-a-religious-war
1292362630,20260304,202603,2026,2026.1753,MOSSHICVL,SHIA,,,,MOS,SHI,CVL,,,IRN,IRAN,IRN,,,,,,,,1,141,141,14,3,-6.5,7,1,6,-9.12162162162166,1,Iran,IR,IR,,32.0,53.0,IR,1,Iran,IR,IR,,32.0,53.0,IR,1,Iran,IR,IR,,32.0,53.0,IR,20260304154500,https://news.webindia123.com/news/Articles/India/20260304/4423467.html
1292362631,20260304,202603,2026,2026.1753,MOSSHICVL,SHIA,,,,MOS,SHI,CVL,,,IRN,IRAN,IRN,,,,,,,,1,141,141,14,3,-6.5,4,1,4,-9.12162162162166,1,Israel,IS,IS,,31.5,34.75,IS,1,Iran,IR,IR,,32.0,53.0,IR,1,Israel,IS,IS,,31.5,34.75,IS,20260304154500,https://news.webindia123.com/news/Articles/India/20260304/4423467.html
1292362632,20260304,202603,2026,2026.1753,MOSSHICVL,SHIA,,,,MOS,SHI,CVL,,,IRN,IRAN,IRN,,,,,,,,1,141,141,14,3,-6.5,4,1,4,-9.12162162162166,1,Israel,IS,IS,,31.5,34.75,IS,1,Israel,IS,IS,,31.5,34.75,IS,1,Israel,IS,IS,,31.5,34.75,IS,20260304154500,https://news.webindia123.com/news/Articles/India/20260304/4423467.html
1292362633,20260304,202603,2026,2026.1753,MOSSHICVL,SHIA,,,,MOS,SHI,CVL,,,ISRMIL,ISRAEL,ISR,,,,,MIL,,,1,143,143,14,3,-6.5,10,1,10,-9.12162162162166,1,Iran,IR,IR,,32.0,53.0,IR,1,Israel,IS,IS,,31.5,34.75,IS,1,Israel,IS,IS,,31.5,34.75,IS,20260304154500,https://news.webindia123.com/news/Articles/India/20260304/4423467.html
1292362634,20260304,202603,2026,2026.1753,MRT,MAURITANIA,MRT,,,,,,,,,,,,,,,,,,1,90,90,9,2,-2.0,10,1,10,-1.0,1,Mauritania,MR,MR,,20.0,-12.0,MR,0,,,,,,,,1,Mauritania,MR,MR,,20.0,-12.0,MR,20260304154500,https://www.nashvillescene.com/arts_culture/film_tv/sirat-review-nashville/article_2ae63eee-bcef-4c77-a614-99116a2abd3a.html
1292362635,20260304,202603,2026,2026.1753,MUS,MAURITIUS,MUS,,,,,,,,GOV,MINIST OF FOREIGN AFFAIRS,,,,,,GOV,,,1,42,42,4,1,1.9,2,1,2,0.900900900900899,4,"New Delhi, Delhi, India",IN,IN07,17911,28.6,77.2,-2106102,4,"New Delhi, Delhi, India",IN,IN07,17911,28.6,77.2,-2106102,4,"New Delhi, Delhi, India",IN,IN07,17911,28.6,77.2,-2106102,20260304154500,https://news.webindia123.com/news/Articles/World/20260304/4423471.html
1292362636,20260304,202603,2026,2026.1753,MUS,MAURITIUS,MUS,,,,,,,,GOV,MINIST OF FOREIGN AFFAIRS,,,,,,GOV,,,1,42,42,4,1,1.9,1,1,1,0.900900900900899,1,Mauritius,MP,MP,,16.0,146.0,MP,4,"New Delhi, Delhi, India",IN,IN07,17911,28.6,77.2,-2106102,4,"New Delhi, Delhi, India",IN,IN07,17911,28.6,77.2,-2106102,20260304154500,https://news.webindia123.com/news/Articles/World/20260304/4423471.html
1292362637,20260304,202603,2026,2026.1753,MUS,MAURITIUS,MUS,,,,,,,,GOV,MINIST OF FOREIGN AFFAIRS,,,,,,GOV,,,1,42,42,4,1,1.9,1,1,1,0.900900900900899,1,Mauritius,MP,MP,,16.0,146.0,MP,1,Mauritius,MP,MP,,16.0,146.0,MP,4,"New Delhi, Delhi, India",IN,IN07,17911,28.6,77.2,-2106102,20260304154500,https://news.webindia123.com/news/Articles/World/20260304/4423471.html
1292362638,20260304,202603,2026,2026.1753,MUS,MAURITIUS,MUS,,,,,,,,GOV,MINIST OF FOREIGN AFFAIRS,,,,,,GOV,,,1,42,42,4,1,1.9,3,1,3,0.900900900900899,1,Mauritius,MP,MP,,16.0,146.0,MP,1,Mauritius,MP,MP,,16.0,146.0,MP,1,Mauritius,MP,MP,,16.0,146.0,MP,20260304154500,https://news.webindia123.com/news/Articles/World/20260304/4423471.html
1292362639,20260304,202603,2026,2026.1753,MUS,MAURITIUS,MUS,,,,,,,,LKA,SRI LANKA,LKA,,,,,,,,1,36,36,3,1,4.0,5,1,5,0.900900900900899,1,Mauritius,MP,MP,,16.0,146.0,MP,1,Sri Lanka,CE,CE,,7.0,81.0,CE,4,"New Delhi, Delhi, India",IN,IN07,17911,28.6,77.2,-2106102,20260304154500,https://news.webindia123.com/news/Articles/World/20260304/4423471.html
1292362640,20260304,202603,2026,2026.1753,MUS,MAURITIUS,MUS,,,,,,,,LKA,SRI LANKA,LKA,,,,,,,,1,36,36,3,1,4.0,2,1,2,0.900900900900899,1,Mauritius,MP,MP,,16.0,146.0,MP,1,Seychelles,SE,SE,,-4.583333,55.666667,SE,1,Sri Lanka,CE,CE,,7.0,81.0,CE,20260304154500,https://news.webindia123.com/news/Articles/World/20260304/4423471.html
1292362641,20260304,202603,2026,2026.1753,MYS,MALAYSIAN,MYS,,,,,,,,,,,,,,,,,,0,70,70,7,2,7.0,5,1,5,-0.55762081784386,1,Iran,IR,IR,,32.0,53.0,IR,0,,,,,,,,1,Iran,IR,IR,,32.0,53.0,IR,20260304154500,https://www.thestar.com.my/news/nation/2026/03/04/no-malaysians-reported-affected-following-security-developments-in-uae-says-envoy
1292362642,20260304,202603,2026,2026.1753,MYS,MALAYSIA,MYS,,,,,,,,GOV,FOREIGN MINIST,,,,,,GOV,,,1,46,46,4,1,7.0,2,1,2,-0.29673590504451,1,Malaysia,MY,MY,,2.5,112.5,MY,1,Malaysia,MY,MY,,2.5,112.5,MY,1,Malaysia,MY,MY,,2.5,112.5,MY,20260304154500,https://www.thestar.com.my/news/nation/2026/03/04/m039sian-students-in-middle-east-conflict-zones-told-to-report-to-embassies-immediately
1292362643,20260304,202603,2026,2026.1753,MYS,KUALA LUMPUR,MYS,,,,,,,,MED,MEDIA,,,,,,MED,,,1,120,120,12,3,-4.0,3,1,3,2.75229357798165,4,"Kuala Lumpur, Kuala Lumpur, Malaysia",MY,MY14,18585,3.16667,101.7,-2403010,4,"Kuala Lumpur, Kuala Lumpur, Malaysia",MY,MY14,18585,3.16667,101.7,-2403010,4,"Kuala Lumpur, Kuala Lumpur, Malaysia",MY,MY14,18585,3.16667,101.7,-2403010,20260304154500,https://www.thestar.com.my/news/nation/2026/03/04/under-16s-can-only-use-social-media-via-parent-managed-accounts-says-fahmi
1292362644,20260304,202603,2026,2026.1753,NGA,NIGERIA,NGA,,,,,,,,,,,,,,,,,,1,10,10,1,1,0.0,2,1,2,0.7185628742515,5,"Akwa Ibom State, Akwa Ibom, Nigeria",NI,NI21,191377,5.0,7.83333,-1998981,0,,,,,,,,5,"Akwa Ibom State, Akwa Ibom, Nigeria",NI,NI21,191377,5.0,7.83333,-1998981,20260304154500,https://www.naijanews.com/2026/03/04/electoral-act-inec-begins-review-of-2022-regulations-and-guidelines-for-political-parties/
1292362645,20260304,202603,2026,2026.1753,NGA,NIGERIAN,NGA,,,,,,,,,,,,,,,,,,1,12,12,1,1,-0.4,2,1,2,-1.19047619047619,4,"Abuja, Abuja Federal Capital Territory, Nigeria",NI,NI11,191147,9.08333,7.53333,-1997013,0,,,,,,,,1,Iran,IR,IR,,32.0,53.0,IR,20260304154500,https://www.nationalaccordnewspaper.com/u-s-embassy-warns-of-possible-iran-linked-protests-in-abuja-urges-citizens-to-stay-indoors/
1292362646,20260304,202603,2026,2026.1753,NGA,NIGERIA,NGA,,,,,,,,,,,,,,,,,,1,20,20,2,1,3.0,20,1,10,-10.1973684210527,4,"Bauchi, Bauchi, Nigeria",NI,NI46,22661,10.3134,9.84327,-2002330,0,,,,,,,,4,"Bauchi, Bauchi, Nigeria",NI,NI46,22661,10.3134,9.84327,-2002330,20260304154500,https://www.africanews.com/2026/03/04/nigerian-health-agency-urges-stronger-state-action-on-lassa-fever-outbreak/
1292362647,20260304,202603,2026,2026.1753,NGA,NIGERIA,NGA,,,,,,,,,,,,,,,,,,0,51,51,5,1,3.4,4,1,4,0.7185628742515,5,"Akwa Ibom State, Akwa Ibom, Nigeria",NI,NI21,191377,5.0,7.83333,-1998981,0,,,,,,,,5,"Akwa Ibom State, Akwa Ibom, Nigeria",NI,NI21,191377,5.0,7.83333,-1998981,20260304154500,https://www.naijanews.com/2026/03/04/electoral-act-inec-begins-review-of-2022-regulations-and-guidelines-for-political-parties/
1292362648,20260304,202603,2026,2026.1753,NGA,NIGERIA,NGA,,,,,,,,,,,,,,,,,,0,120,120,12,3,-4.0,3,1,3,-0.12531328320802,4,"Badagry, Lagos, Nigeria",NI,NI05,22926,6.41667,2.88333,-2001402,0,,,,,,,,4,"Badagry, Lagos, Nigeria",NI,NI05,22926,6.41667,2.88333,-2001402,20260304154500,https://thenationonlineng.net/group-urges-support-for-tinubus-reforms-backs-2027-re-election-bid/
1292362649,20260304,202603,2026,2026.1753,NGA,NIGERIAN,NGA,,,,,,,,,,,,,,,,,,1,190,190,19,4,-10.0,2,1,2,4.64601769911505,4,"Kaduna, Kaduna, Nigeria",NI,NI23,22832,10.5231,7.44028,-2014086,0,,,,,,,,4,"Kaduna, Kaduna, Nigeria",NI,NI23,22832,10.5231,7.44028,-2014086,20260304154500,https://pmnewsnigeria.com/2026/03/04/army-boosts-operation-with-15-locally-produced-armoured-vehicles/
1292362650,20260304,202603,2026,2026.1753,NGA,LAGOS,NGA,,,,,,,,CRM,DRUG LORD,,,,,,CRM,,,1,173,173,17,4,-5.0,6,1,6,-5.2924791086351,4,"Lagos, Lagos, Nigeria",NI,NI05,191416,6.45306,3.39583,-2017355,4,"Lagos, Lagos, Nigeria",NI,NI05,191416,6.45306,3.39583,-2017355,4,"Lagos, Lagos, Nigeria",NI,NI05,191416,6.45306,3.39583,-2017355,20260304154500,https://pmnewsnigeria.com/2026/03/04/uk-wanted-drug-lord-uzoma-valentine-finally-arrested-in-lagos/
1292362651,20260304,202603,2026,2026.1753,NGA,NIGERIA,NGA,,,,,,,,GBR,UNITED KINGDOM,GBR,,,,,,,,1,173,173,17,4,-5.0,2,1,2,-5.2924791086351,4,"Lagos, Lagos, Nigeria",NI,NI05,191416,6.45306,3.39583,-2017355,4,"London, London, City of, United Kingdom",UK,UKH9,40110,51.5,-0.116667,-2601889,4,"London, London, City of, United Kingdom",UK,UKH9,40110,51.5,-0.116667,-2601889,20260304154500,https://pmnewsnigeria.com/2026/03/04/uk-wanted-drug-lord-uzoma-valentine-finally-arrested-in-lagos/
1292362652,20260304,202603,2026,2026.1753,NGA,NIGERIA,NGA,,,,,,,,GOV,ATTORNEY GENERAL,,,,,,GOV,,,1,10,10,1,1,0.0,3,1,3,-4.30769230769231,4,"Fagbemi, Nigeria (general), Nigeria",NI,NI00,191219,7.5,4.05,-2006986,4,"Fagbemi, Nigeria (general), Nigeria",NI,NI00,191219,7.5,4.05,-2006986,4,"Fagbemi, Nigeria (general), Nigeria",NI,NI00,191219,7.5,4.05,-2006986,20260304154500,https://www.nationalaccordnewspaper.com/agf-fagbemi-takes-over-malamis-prosecution-as-court-adjourns-terrorism-firearms-case/
1292362653,20260304,202603,2026,2026.1753,NGA,ABUJA,NGA,,,,,,,,GOV,GOVERNMENT,,,,,,GOV,,,1,51,51,5,1,3.4,10,1,10,0.42796005706135,1,United Kingdom,UK,UK,,54.0,-4.0,UK,1,United Kingdom,UK,UK,,54.0,-4.0,UK,1,United Kingdom,UK,UK,,54.0,-4.0,UK,20260304154500,https://quicknews-africa.net/no-more-begging-vulnerable-groups-to-compete-legally-for-contracts-fg/
1292362654,20260304,202603,2026,2026.1753,NGA,NIGERIAN,NGA,,,,,,,,NGACOP,NIGERIA,NGA,,,,,COP,,,1,12,12,1,1,-0.4,2,1,2,-1.19047619047619,4,"Abuja, Abuja Federal Capital Territory, Nigeria",NI,NI11,191147,9.08333,7.53333,-1997013,4,"Abuja, Abuja Federal Capital Territory, Nigeria",NI,NI11,191147,9.08333,7.53333,-1997013,1,Iran,IR,IR,,32.0,53.0,IR,20260304154500,https://www.nationalaccordnewspaper.com/u-s-embassy-warns-of-possible-iran-linked-protests-in-abuja-urges-citizens-to-stay-indoors/
1292362655,20260304,202603,2026,2026.1753,NGA,NIGERIAN,NGA,,,,,,,,NGACOP,NIGERIA,NGA,,,,,COP,,,1,190,190,19,4,-10.0,2,1,2,-1.19047619047619,4,"Abuja, Abuja Federal Capital Territory, Nigeria",NI,NI11,191147,9.08333,7.53333,-1997013,4,"Abuja, Abuja Federal Capital Territory, Nigeria",NI,NI11,191147,9.08333,7.53333,-1997013,4,"Abuja, Abuja Federal Capital Territory, Nigeria",NI,NI11,191147,9.08333,7.53333,-1997013,20260304154500,https://www.nationalaccordnewspaper.com/u-s-embassy-warns-of-possible-iran-linked-protests-in-abuja-urges-citizens-to-stay-indoors/
1292362656,20260304,202603,2026,2026.1753,NGA,LAGOS,NGA,,,,,,,,NGACRM,NIGERIA,NGA,,,,,CRM,,,1,173,173,17,4,-5.0,2,1,2,-5.2924791086351,4,"Lagos, Lagos, Nigeria",NI,NI05,191416,6.45306,3.39583,-2017355,4,"Lagos, Lagos, Nigeria",NI,NI05,191416,6.45306,3.39583,-2017355,4,"Lagos, Lagos, Nigeria",NI,NI05,191416,6.45306,3.39583,-2017355,20260304154500,https://pmnewsnigeria.com/2026/03/04/uk-wanted-drug-lord-uzoma-valentine-finally-arrested-in-lagos/
1292362657,20260304,202603,2026,2026.1753,NGA,NIGERIA,NGA,,,,,,,,PTY,POLITICAL PARTIES,,,,,,,,,0,190,190,19,4,-10.0,2,1,2,0.7185628742515,5,"Akwa Ibom State, Akwa Ibom, Nigeria",NI,NI21,191377,5.0,7.83333,-1998981,5,"Akwa Ibom State, Akwa Ibom, Nigeria",NI,NI21,191377,5.0,7.83333,-1998981,5,"Akwa Ibom State, Akwa Ibom, Nigeria",NI,NI21,191377,5.0,7.83333,-1998981,20260304154500,https://www.naijanews.com/2026/03/04/electoral-act-inec-begins-review-of-2022-regulations-and-guidelines-for-political-parties/
1292362658,20260304,202603,2026,2026.1753,NGA,NIGERIA,NGA,,,,,,,,SPY,OPERATIVE,,,,,,SPY,,,0,43,43,4,1,2.8,2,1,2,-5.2924791086351,4,"Orlu, Imo, Nigeria",NI,NI28,22796,5.79463,7.03495,-2024093,4,"London, London, City of, United Kingdom",UK,UKH9,40110,51.5,-0.116667,-2601889,4,"Orlu, Imo, Nigeria",NI,NI28,22796,5.79463,7.03495,-2024093,20260304154500,https://pmnewsnigeria.com/2026/03/04/uk-wanted-drug-lord-uzoma-valentine-finally-arrested-in-lagos/
1292362659,20260304,202603,2026,2026.1753,NGA,NIGERIA,NGA,,,,,,,,SPY,OPERATIVE,,,,,,SPY,,,0,173,173,17,4,-5.0,2,1,2,-5.2924791086351,4,"Orlu, Imo, Nigeria",NI,NI28,22796,5.79463,7.03495,-2024093,4,"London, London, City of, United Kingdom",UK,UKH9,40110,51.5,-0.116667,-2601889,4,"London, London, City of, United Kingdom",UK,UKH9,40110,51.5,-0.116667,-2601889,20260304154500,https://pmnewsnigeria.com/2026/03/04/uk-wanted-drug-lord-uzoma-valentine-finally-arrested-in-lagos/
1292362660,20260304,202603,2026,2026.1753,NGACOP,NIGERIAN,NGA,,,,,COP,,,,,,,,,,,,,1,12,12,1,1,-0.4,6,1,6,-1.19047619047619,4,"Abuja, Abuja Federal Capital Territory, Nigeria",NI,NI11,191147,9.08333,7.53333,-1997013,0,,,,,,,,1,Iran,IR,IR,,32.0,53.0,IR,20260304154500,https://www.nationalaccordnewspaper.com/u-s-embassy-warns-of-possible-iran-linked-protests-in-abuja-urges-citizens-to-stay-indoors/
1292362661,20260304,202603,2026,2026.1753,NGACOP,NIGERIAN,NGA,,,,,COP,,,,,,,,,,,,,1,190,190,19,4,-10.0,6,1,6,-1.19047619047619,4,"Abuja, Abuja Federal Capital Territory, Nigeria",NI,NI11,191147,9.08333,7.53333,-1997013,0,,,,,,,,4,"Abuja, Abuja Federal Capital Territory, Nigeria",NI,NI11,191147,9.08333,7.53333,-1997013,20260304154500,https://www.nationalaccordnewspaper.com/u-s-embassy-warns-of-possible-iran-linked-protests-in-abuja-urges-citizens-to-stay-indoors/
1292362662,20260304,202603,2026,2026.1753,NGACOP,NIGERIA,NGA,,,,,COP,,,GBR,UNITED KINGDOM,GBR,,,,,,,,1,112,112,11,3,-2.0,4,1,4,-5.2924791086351,4,"Lagos, Lagos, Nigeria",NI,NI05,191416,6.45306,3.39583,-2017355,4,"Lagos, Lagos, Nigeria",NI,NI05,191416,6.45306,3.39583,-2017355,4,"Lagos, Lagos, Nigeria",NI,NI05,191416,6.45306,3.39583,-2017355,20260304154500,https://pmnewsnigeria.com/2026/03/04/uk-wanted-drug-lord-uzoma-valentine-finally-arrested-in-lagos/
1292362663,20260304,202603,2026,2026.1753,NGACOP,NIGERIA,NGA,,,,,COP,,,GBR,UNITED KINGDOM,GBR,,,,,,,,1,112,112,11,3,-2.0,2,1,2,-5.2924791086351,4,"Lagos, Lagos, Nigeria",NI,NI05,191416,6.45306,3.39583,-2017355,4,"Lagos, Lagos, Nigeria",NI,NI05,191416,6.45306,3.39583,-2017355,4,"London, London, City of, United Kingdom",UK,UKH9,40110,51.5,-0.116667,-2601889,20260304154500,https://pmnewsnigeria.com/2026/03/04/uk-wanted-drug-lord-uzoma-valentine-finally-arrested-in-lagos/
1292362664,20260304,202603,2026,2026.1753,NGACOP,NIGERIA,NGA,,,,,COP,,,GBR,UNITED KINGDOM,GBR,,,,,,,,1,112,112,11,3,-2.0,4,1,4,-5.2924791086351,4,"Lagos, Lagos, Nigeria",NI,NI05,191416,6.45306,3.39583,-2017355,4,"London, London, City of, United Kingdom",UK,UKH9,40110,51.5,-0.116667,-2601889,4,"London, London, City of, United Kingdom",UK,UKH9,40110,51.5,-0.116667,-2601889,20260304154500,https://pmnewsnigeria.com/2026/03/04/uk-wanted-drug-lord-uzoma-valentine-finally-arrested-in-lagos/
1292362665,20260304,202603,2026,2026.1753,NGACOP,NIGERIA,NGA,,,,,COP,,,NGA,NIGERIAN,NGA,,,,,,,,1,190,190,19,4,-10.0,2,1,2,-1.19047619047619,4,"Abuja, Abuja Federal Capital Territory, Nigeria",NI,NI11,191147,9.08333,7.53333,-1997013,4,"Abuja, Abuja Federal Capital Territory, Nigeria",NI,NI11,191147,9.08333,7.53333,-1997013,4,"Abuja, Abuja Federal Capital Territory, Nigeria",NI,NI11,191147,9.08333,7.53333,-1997013,20260304154500,https://www.nationalaccordnewspaper.com/u-s-embassy-warns-of-possible-iran-linked-protests-in-abuja-urges-citizens-to-stay-indoors/
1292362666,20260304,202603,2026,2026.1753,NGAGOV,KADUNA,NGA,,,,,GOV,,,,,,,,,,,,,1,51,51,5,1,3.4,3,1,3,3.17002881844381,4,"Kaduna, Kaduna, Nigeria",NI,NI23,22832,10.5231,7.44028,-2014086,0,,,,,,,,4,"Kaduna, Kaduna, Nigeria",NI,NI23,22832,10.5231,7.44028,-2014086,20260304154500,https://pmnewsnigeria.com/2026/03/04/2027-i-have-no-preferred-candidates-kaduna-gov-uba-sani/
1292362667,20260304,202603,2026,2026.1753,NGAGOV,ABUJA,NGA,,,,,GOV,,,IRN,IRAN,IRN,,,,,,,,1,160,160,16,4,-4.0,8,1,8,-5.76923076923077,4,"Abuja, Abuja Federal Capital Territory, Nigeria",NI,NI11,191147,9.08333,7.53333,-1997013,4,"Abuja, Abuja Federal Capital Territory, Nigeria",NI,NI11,191147,9.08333,7.53333,-1997013,4,"Abuja, Abuja Federal Capital Territory, Nigeria",NI,NI11,191147,9.08333,7.53333,-1997013,20260304154500,https://www.nationalaccordnewspaper.com/u-s-embassy-in-abuja-cancels-visa-appointments-amid-iran-related-protest-fears/
1292362668,20260304,202603,2026,2026.1753,NGOHLHIRC,RED CROSS,,IRC,,,,NGO,HLH,,,,,,,,,,,,0,20,20,2,1,3.0,5,1,5,1.32575757575758,4,"Geneva, Genè, Switzerland",SZ,SZ07,16329,46.1956,6.14811,-2552151,0,,,,,,,,4,"Geneva, Genè, Switzerland",SZ,SZ07,16329,46.1956,6.14811,-2552151,20260304154500,https://www.swissinfo.ch/eng/international-geneva/swiss-lawmakers-save-funding-for-red-cross-museum-in-geneva/91038139
1292362669,20260304,202603,2026,2026.1753,NGOHLHIRC,RED CROSS,,IRC,,,,NGO,HLH,,,,,,,,,,,,0,42,42,4,1,1.9,5,1,5,1.32575757575758,4,"Geneva, Genè, Switzerland",SZ,SZ07,16329,46.1956,6.14811,-2552151,0,,,,,,,,4,"Geneva, Genè, Switzerland",SZ,SZ07,16329,46.1956,6.14811,-2552151,20260304154500,https://www.swissinfo.ch/eng/international-geneva/swiss-lawmakers-save-funding-for-red-cross-museum-in-geneva/91038139
1292362670,20260304,202603,2026,2026.1753,NGOHLHIRC,RED CROSS,,IRC,,,,NGO,HLH,,CHE,GENEVA,CHE,,,,,,,,0,20,20,2,1,3.0,10,1,10,1.32575757575758,4,"Geneva, Genè, Switzerland",SZ,SZ07,16329,46.1956,6.14811,-2552151,4,"Geneva, Genè, Switzerland",SZ,SZ07,16329,46.1956,6.14811,-2552151,4,"Geneva, Genè, Switzerland",SZ,SZ07,16329,46.1956,6.14811,-2552151,20260304154500,https://www.swissinfo.ch/eng/international-geneva/swiss-lawmakers-save-funding-for-red-cross-museum-in-geneva/91038139
1292362671,20260304,202603,2026,2026.1753,NGONORREF,NORWEGIAN REFUGEE COUNCIL,NOR,,,,,NGO,REF,,CVL,CIVILIAN,,,,,,CVL,,,0,130,130,13,3,-4.4,2,1,2,-7.86240786240786,1,Norway,NO,NO,,62.0,10.0,NO,1,Norway,NO,NO,,62.0,10.0,NO,1,Norway,NO,NO,,62.0,10.0,NO,20260304154500,https://www.aljazeera.com/news/2026/3/4/hegseth-says-more-us-forces-arriving-in-middle-east-as-iran-war-ramps-up
1292362672,20260304,202603,2026,2026.1753,NLD,NETHERLANDS,NLD,,,,,,,,EDU,UNIVERSITY,,,,,,EDU,,,0,112,112,11,3,-2.0,4,1,4,-6.45161290322581,1,Netherlands,NL,NL,,52.5,5.75,NL,1,Netherlands,NL,NL,,52.5,5.75,NL,1,Netherlands,NL,NL,,52.5,5.75,NL,20260304154500,https://www.thesun.co.uk/health/38404784/school-trips-bat-cave-marburg-kills-victims-pandemic/
1292362673,20260304,202603,2026,2026.1753,NMR,NORTH AMERICA,NMR,,,,,,,,,,,,,,,,,,1,61,61,6,2,6.4,2,1,2,-4.50928381962865,1,France,FR,FR,,46.0,2.0,FR,0,,,,,,,,1,France,FR,FR,,46.0,2.0,FR,20260304154500,https://www.thespiritsbusiness.com/2026/03/cognac-exports-to-north-america-slide-34/
1292362674,20260304,202603,2026,2026.1753,NMR,NORTH AMERICA,NMR,,,,,,,,,,,,,,,,,,1,61,61,6,2,6.4,4,1,4,-4.50928381962865,1,United States,US,US,,39.828175,-98.5795,US,0,,,,,,,,1,United States,US,US,,39.828175,-98.5795,US,20260304154500,https://www.thespiritsbusiness.com/2026/03/cognac-exports-to-north-america-slide-34/
1292362675,20260304,202603,2026,2026.1753,NMR,NORTH AMERICA,NMR,,,,,,,,BUS,BUSINESS,,,,,,BUS,,,1,61,61,6,2,6.4,2,1,2,-4.50928381962865,1,France,FR,FR,,46.0,2.0,FR,1,France,FR,FR,,46.0,2.0,FR,1,France,FR,FR,,46.0,2.0,FR,20260304154500,https://www.thespiritsbusiness.com/2026/03/cognac-exports-to-north-america-slide-34/
1292362676,20260304,202603,2026,2026.1753,NMR,NORTH AMERICA,NMR,,,,,,,,USA,UNITED STATES,USA,,,,,,,,1,61,61,6,2,6.4,2,1,2,-4.50928381962865,1,France,FR,FR,,46.0,2.0,FR,1,France,FR,FR,,46.0,2.0,FR,1,France,FR,FR,,46.0,2.0,FR,20260304154500,https://www.thespiritsbusiness.com/2026/03/cognac-exports-to-north-america-slide-34/
1292362677,20260304,202603,2026,2026.1753,NMR,NORTH AMERICA,NMR,,,,,,,,USA,UNITED STATES,USA,,,,,,,,1,61,61,6,2,6.4,2,1,2,-4.50928381962865,1,United States,US,US,,39.828175,-98.5795,US,1,United States,US,US,,39.828175,-98.5795,US,1,United States,US,US,,39.828175,-98.5795,US,20260304154500,https://www.thespiritsbusiness.com/2026/03/cognac-exports-to-north-america-slide-34/
1292362678,20260304,202603,2026,2026.1753,NOR,NORWAY,NOR,,,,,,,,,,,,,,,,,,1,43,43,4,1,2.8,6,1,6,2.89308176100629,4,"Geiranger, Møg Romsdal, Norway",NO,NO08,23289,62.1,7.2,-259538,0,,,,,,,,4,"Geiranger, Møg Romsdal, Norway",NO,NO08,23289,62.1,7.2,-259538,20260304154500,https://www.hola.com/us/royals/20260304887372/princess-martha-louise-home-delays-durek-verrett-norway-house-nightmare/
1292362679,20260304,202603,2026,2026.1753,NOR,NORWEGIAN,NOR,,,,,,,,CVL,CIVILIAN,,,,,,CVL,,,0,130,130,13,3,-4.4,1,1,1,-7.86240786240786,4,"Tehran, Tehran, Iran",IR,IR26,41130,35.75,51.5148,10074674,1,Norway,NO,NO,,62.0,10.0,NO,1,Norway,NO,NO,,62.0,10.0,NO,20260304154500,https://www.aljazeera.com/news/2026/3/4/hegseth-says-more-us-forces-arriving-in-middle-east-as-iran-war-ramps-up
1292362680,20260304,202603,2026,2026.1753,NOR,NORWEGIAN,NOR,,,,,,,,CVL,CIVILIAN,,,,,,CVL,,,0,130,130,13,3,-4.4,1,1,1,-7.86240786240786,1,Norway,NO,NO,,62.0,10.0,NO,1,Norway,NO,NO,,62.0,10.0,NO,1,Norway,NO,NO,,62.0,10.0,NO,20260304154500,https://www.aljazeera.com/news/2026/3/4/hegseth-says-more-us-forces-arriving-in-middle-east-as-iran-war-ramps-up
1292362681,20260304,202603,2026,2026.1753,NORREF,NORWAY,NOR,,,,,REF,,,CVL,CIVILIAN,,,,,,CVL,,,0,130,130,13,3,-4.4,1,1,1,-7.86240786240786,4,"Tehran, Tehran, Iran",IR,IR26,41130,35.75,51.5148,10074674,1,Norway,NO,NO,,62.0,10.0,NO,1,Norway,NO,NO,,62.0,10.0,NO,20260304154500,https://www.aljazeera.com/news/2026/3/4/hegseth-says-more-us-forces-arriving-in-middle-east-as-iran-war-ramps-up
1292362682,20260304,202603,2026,2026.1753,NORREF,NORWAY,NOR,,,,,REF,,,CVL,CIVILIAN,,,,,,CVL,,,0,130,130,13,3,-4.4,5,1,5,-7.86240786240786,1,Norway,NO,NO,,62.0,10.0,NO,1,Norway,NO,NO,,62.0,10.0,NO,1,Norway,NO,NO,,62.0,10.0,NO,20260304154500,https://www.aljazeera.com/news/2026/3/4/hegseth-says-more-us-forces-arriving-in-middle-east-as-iran-war-ramps-up
1292362683,20260304,202603,2026,2026.1753,OMN,MUSCAT,OMN,,,,,,,,GBR,UNITED KINGDOM,GBR,,,,,,,,1,42,42,4,1,1.9,10,1,10,-5.0,4,"Fujairah, Al Fujayrah, United Arab Emirates",AE,AE04,149629,25.1164,56.3414,-782158,4,"Fujairah, Al Fujayrah, United Arab Emirates",AE,AE04,149629,25.1164,56.3414,-782158,4,"Fujairah, Al Fujayrah, United Arab Emirates",AE,AE04,149629,25.1164,56.3414,-782158,20260304154500,https://oilprice.com/Latest-Energy-News/World-News/Iran-Claims-It-Has-Complete-Control-Over-Strait-of-Hormuz.html
1292362684,20260304,202603,2026,2026.1753,OMN,OMAN,OMN,,,,,,,,RUS,RUSSIAN,RUS,,,,,,,,0,43,43,4,1,2.8,2,1,2,-5.18834399431414,1,Kuwait,KU,KU,,29.5,47.75,KU,4,"Moscow, Moskva, Russia",RS,RS48,25106,55.7522,37.6156,-2960561,4,"Moscow, Moskva, Russia",RS,RS48,25106,55.7522,37.6156,-2960561,20260304154500,https://tass.com/politics/2096327
1292362685,20260304,202603,2026,2026.1753,OMN,OMAN,OMN,,,,,,,,RUSGOV,RUSSIA,RUS,,,,,GOV,,,0,43,43,4,1,2.8,2,1,2,-5.18834399431414,1,Bahrain,BA,BA,,26.0,50.5,BA,4,"Moscow, Moskva, Russia",RS,RS48,25106,55.7522,37.6156,-2960561,4,"Moscow, Moskva, Russia",RS,RS48,25106,55.7522,37.6156,-2960561,20260304154500,https://tass.com/politics/2096327
1292362686,20260304,202603,2026,2026.1753,OMN,OMAN,OMN,,,,,,,,RUSGOV,RUSSIAN,RUS,,,,,GOV,,,0,43,43,4,1,2.8,4,1,4,-5.18834399431414,1,Oman,MU,MU,,21.0,57.0,MU,4,"Moscow, Moskva, Russia",RS,RS48,25106,55.7522,37.6156,-2960561,4,"Moscow, Moskva, Russia",RS,RS48,25106,55.7522,37.6156,-2960561,20260304154500,https://tass.com/politics/2096327
1292362687,20260304,202603,2026,2026.1753,OPP,PROTESTER,,,,,,OPP,,,,,,,,,,,,,0,111,111,11,3,-2.0,5,1,5,-9.12162162162166,1,Iran,IR,IR,,32.0,53.0,IR,0,,,,,,,,1,Iran,IR,IR,,32.0,53.0,IR,20260304154500,https://news.webindia123.com/news/Articles/India/20260304/4423467.html
1292362688,20260304,202603,2026,2026.1753,OPP,ACTIVIST,,,,,,OPP,,,ELI,ACTOR,,,,,,ELI,,,0,30,30,3,1,4.0,8,1,8,5.4054054054054,1,Jordan,JO,JO,,31.0,36.0,JO,1,Jordan,JO,JO,,31.0,36.0,JO,1,Jordan,JO,JO,,31.0,36.0,JO,20260304154500,https://www.billboard.com/music/awards/sankofa-org-social-justice-awards-2026-honorees-chuck-d-1236191219/
1292362689,20260304,202603,2026,2026.1753,OPP,PROTESTER,,,,,,OPP,,,USA,UNITED STATES,USA,,,,,,,,0,10,10,1,1,0.0,3,1,3,-0.9278350515464,3,"Houston, Texas, United States",US,USTX,TX201,29.7633,-95.3633,1380948,3,"Houston, Texas, United States",US,USTX,TX201,29.7633,-95.3633,1380948,3,"Houston, Texas, United States",US,USTX,TX201,29.7633,-95.3633,1380948,20260304154500,https://www.houstonpublicmedia.org/articles/news/politics/election-2026/2026/03/04/545136/republicans-head-to-runoff-in-texas-attorney-general-primary-dems-uncertain/
1292362690,20260304,202603,2026,2026.1753,OPP,ACTIVIST,,,,,,OPP,,,USA,TEXAS,USA,,,,,,,,1,20,20,2,1,3.0,7,1,7,0.0,1,France,FR,FR,,46.0,2.0,FR,2,"Texas, United States",US,USTX,,31.106,-97.6475,TX,2,"Texas, United States",US,USTX,,31.106,-97.6475,TX,20260304154500,https://timesofindia.indiatimes.com/world/us/deport-indian-american-sohali-vaddula-trolled-after-she-says-she-voted-for-james-talarico-in-texas-dem-primary/articleshow/129035121.cms
1292362691,20260304,202603,2026,2026.1753,OPP,ACTIVIST,,,,,,OPP,,,USA,UNITED STATES,USA,,,,,,,,1,20,20,2,1,3.0,3,1,3,0.0,2,"Texas, United States",US,USTX,,31.106,-97.6475,TX,2,"Texas, United States",US,USTX,,31.106,-97.6475,TX,2,"Texas, United States",US,USTX,,31.106,-97.6475,TX,20260304154500,https://timesofindia.indiatimes.com/world/us/deport-indian-american-sohali-vaddula-trolled-after-she-says-she-voted-for-james-talarico-in-texas-dem-primary/articleshow/129035121.cms
1292362692,20260304,202603,2026,2026.1753,OPP,ACTIVIST,,,,,,OPP,,,USA,TEXAS,USA,,,,,,,,1,110,110,11,3,-2.0,8,1,8,0.0,2,"Texas, United States",US,USTX,,31.106,-97.6475,TX,2,"Texas, United States",US,USTX,,31.106,-97.6475,TX,2,"Texas, United States",US,USTX,,31.106,-97.6475,TX,20260304154500,https://timesofindia.indiatimes.com/world/us/deport-indian-american-sohali-vaddula-trolled-after-she-says-she-voted-for-james-talarico-in-texas-dem-primary/articleshow/129035121.cms
1292362693,20260304,202603,2026,2026.1753,PAK,PAKISTAN,PAK,,,,,,,,,,,,,,,,,,0,17,17,1,1,0.0,4,1,4,-1.63934426229508,4,"South Waziristan, Federally Administered Tribal Areas, Pakistan",PK,PK01,40321,32.304,69.6821,-2775090,0,,,,,,,,4,"Peshawar, North-West Frontier, Pakistan",PK,PK03,40347,34.0078,71.5733,-2771364,20260304154500,https://tribune.com.pk/story/2595797/cdf-munir-says-all-necessary-measures-to-be-taken-for-neutralising-threat-from-afghan-border
1292362694,20260304,202603,2026,2026.1753,PAK,PAKISTAN,PAK,,,,,,,,,,,,,,,,,,0,17,17,1,1,0.0,1,1,1,-1.63934426229508,4,"Kabul, Kabol, Afghanistan",AF,AF13,3580,34.5167,69.1833,-3378435,0,,,,,,,,4,"Peshawar, North-West Frontier, Pakistan",PK,PK03,40347,34.0078,71.5733,-2771364,20260304154500,https://tribune.com.pk/story/2595797/cdf-munir-says-all-necessary-measures-to-be-taken-for-neutralising-threat-from-afghan-border
1292362695,20260304,202603,2026,2026.1753,PAK,PAKISTAN,PAK,,,,,,,,AFGINSTAL,TALIBAN,AFG,TAL,,,,INS,,,0,195,195,19,4,-10.0,3,1,3,-9.14512922465208,4,"Islamabad, Islamabad, Pakistan",PK,PK08,23674,33.7,73.1667,-2762812,4,"Islamabad, Islamabad, Pakistan",PK,PK08,23674,33.7,73.1667,-2762812,4,"Islamabad, Islamabad, Pakistan",PK,PK08,23674,33.7,73.1667,-2762812,20260304154500,https://tribune.com.pk/story/2595792/481-afghan-taliban-killed-226-checkposts-destroyed-as-operation-ghazab-lil-haq-enters-seventh-day
1292362696,20260304,202603,2026,2026.1753,PAK,ISLAMABAD,PAK,,,,,,,,UAF,TERRORIST,,,,,,UAF,,,0,130,130,13,3,-4.4,10,1,10,-9.14512922465208,4,"Islamabad, Islamabad, Pakistan",PK,PK08,23674,33.7,73.1667,-2762812,4,"Islamabad, Islamabad, Pakistan",PK,PK08,23674,33.7,73.1667,-2762812,4,"Islamabad, Islamabad, Pakistan",PK,PK08,23674,33.7,73.1667,-2762812,20260304154500,https://tribune.com.pk/story/2595792/481-afghan-taliban-killed-226-checkposts-destroyed-as-operation-ghazab-lil-haq-enters-seventh-day
1292362697,20260304,202603,2026,2026.1753,PAK,PAKISTANI,PAK,,,,,,,,UAF,TERRORIST,,,,,,UAF,,,0,180,180,18,4,-9.0,10,1,10,-9.14512922465208,4,"Islamabad, Islamabad, Pakistan",PK,PK08,23674,33.7,73.1667,-2762812,4,"Islamabad, Islamabad, Pakistan",PK,PK08,23674,33.7,73.1667,-2762812,4,"Islamabad, Islamabad, Pakistan",PK,PK08,23674,33.7,73.1667,-2762812,20260304154500,https://tribune.com.pk/story/2595792/481-afghan-taliban-killed-226-checkposts-destroyed-as-operation-ghazab-lil-haq-enters-seventh-day
1292362698,20260304,202603,2026,2026.1753,PAK,PAKISTANI,PAK,,,,,,,,UAF,TERRORIST,,,,,,UAF,,,0,190,190,19,4,-10.0,8,1,8,-9.14512922465208,4,"Islamabad, Islamabad, Pakistan",PK,PK08,23674,33.7,73.1667,-2762812,4,"Islamabad, Islamabad, Pakistan",PK,PK08,23674,33.7,73.1667,-2762812,4,"Islamabad, Islamabad, Pakistan",PK,PK08,23674,33.7,73.1667,-2762812,20260304154500,https://tribune.com.pk/story/2595792/481-afghan-taliban-killed-226-checkposts-destroyed-as-operation-ghazab-lil-haq-enters-seventh-day
1292362699,20260304,202603,2026,2026.1753,PAK,PAKISTANI,PAK,,,,,,,,UAF,TERRORIST,,,,,,UAF,,,0,190,190,19,4,-10.0,2,1,2,-9.14512922465208,4,"Islamabad, Islamabad, Pakistan",PK,PK08,23674,33.7,73.1667,-2762812,4,"Islamabad, Islamabad, Pakistan",PK,PK08,23674,33.7,73.1667,-2762812,4,"Khorasan, Helmand, Afghanistan",AF,AF10,3500,32.2193,63.808,-3380846,20260304154500,https://tribune.com.pk/story/2595792/481-afghan-taliban-killed-226-checkposts-destroyed-as-operation-ghazab-lil-haq-enters-seventh-day
1292362700,20260304,202603,2026,2026.1753,PGSGOV,PERSIAN GULF,PGS,,,,,GOV,,,IRN,TEHRAN,IRN,,,,,,,,0,10,10,1,1,0.0,8,1,8,-4.28571428571429,4,"Tehran, Tehran, Iran",IR,IR26,41130,35.75,51.5148,10074674,4,"Tehran, Tehran, Iran",IR,IR26,41130,35.75,51.5148,10074674,4,"Tehran, Tehran, Iran",IR,IR26,41130,35.75,51.5148,10074674,20260304154500,https://www.islamicinvitationturkey.com/araghchi-accuses-trump-of-diplomacy-breach-and-u-s-betrayal-with-iran-assault/
1292362701,20260304,202603,2026,2026.1753,POL,POLAND,POL,,,,,,,,,,,,,,,,,,0,10,10,1,1,0.0,2,1,2,-2.95302013422819,4,"Tehran, Tehran, Iran",IR,IR26,41130,35.75,51.5148,10074674,0,,,,,,,,1,Poland,PL,PL,,52.0,20.0,PL,20260304154500,https://www.upi.com/Voices/2026/03/04/iran-us-war-outcome/4711772633151/
1292362702,20260304,202603,2026,2026.1753,POL,POLAND,POL,,,,,,,,,,,,,,,,,,0,10,10,1,1,0.0,2,1,2,-2.95302013422819,1,United States,US,US,,39.828175,-98.5795,US,0,,,,,,,,1,United States,US,US,,39.828175,-98.5795,US,20260304154500,https://www.upi.com/Voices/2026/03/04/iran-us-war-outcome/4711772633151/
1292362703,20260304,202603,2026,2026.1753,PSE,OCCUPIED TERRITORIES,PSE,,,,,,,,,,,,,,,,,,1,190,190,19,4,-10.0,4,1,4,-9.70149253731346,1,Israel,IS,IS,,31.5,34.75,IS,0,,,,,,,,1,Iran,IR,IR,,32.0,53.0,IR,20260304154500,https://www.islamicinvitationturkey.com/handala-group-infiltrates-prominent-israeli-think-tank-renowned-for-anti-iran-rhetoric/
1292362704,20260304,202603,2026,2026.1753,PSE,OCCUPIED TERRITORIES,PSE,,,,,,,,,,,,,,,,,,1,190,190,19,4,-10.0,6,1,6,-9.70149253731346,1,Israel,IS,IS,,31.5,34.75,IS,0,,,,,,,,1,Israel,IS,IS,,31.5,34.75,IS,20260304154500,https://www.islamicinvitationturkey.com/handala-group-infiltrates-prominent-israeli-think-tank-renowned-for-anti-iran-rhetoric/
1292362705,20260304,202603,2026,2026.1753,PSE,GAZA,PSE,,,,,,,,COPGOV,DEPUTY,,,,,,COP,GOV,,1,40,40,4,1,1.0,4,1,4,-2.50783699059561,4,"Gaza, Israel (general), Israel",IS,IS00,18315,31.4167,34.3333,-797156,4,"Moscow, Moskva, Russia",RS,RS48,25106,55.7522,37.6156,-2960561,4,"Moscow, Moskva, Russia",RS,RS48,25106,55.7522,37.6156,-2960561,20260304154500,https://www.aa.com.tr/en/asia-pacific/russia-launches-consultations-with-iraq-palestine-turkiye-amid-us-israel-iran-conflict/3850111
1292362706,20260304,202603,2026,2026.1753,PSE,GAZA,PSE,,,,,,,,COPGOV,DEPUTY,,,,,,COP,GOV,,1,40,40,4,1,1.0,2,1,2,-2.50783699059561,4,"Gaza, Israel (general), Israel",IS,IS00,18315,31.4167,34.3333,-797156,4,"Moscow, Moskva, Russia",RS,RS48,25106,55.7522,37.6156,-2960561,4,"Gaza, Israel (general), Israel",IS,IS00,18315,31.4167,34.3333,-797156,20260304154500,https://www.aa.com.tr/en/asia-pacific/russia-launches-consultations-with-iraq-palestine-turkiye-amid-us-israel-iran-conflict/3850111
1292362707,20260304,202603,2026,2026.1753,PSE,OCCUPIED TERRITORIES,PSE,,,,,,,,ISR,ISRAEL,ISR,,,,,,,,1,43,43,4,1,2.8,1,1,1,-2.93757649938801,4,"Gaza, Israel (general), Israel",IS,IS00,18315,31.4167,34.3333,-797156,4,"Gaza, Israel (general), Israel",IS,IS00,18315,31.4167,34.3333,-797156,4,"Gaza, Israel (general), Israel",IS,IS00,18315,31.4167,34.3333,-797156,20260304154500,https://www.presstv.ir/Detail/2026/02/27/764806/modi-israel-visit-shows-morality-no-longer-guides-india-foreign-policy-journalist
1292362708,20260304,202603,2026,2026.1753,PSEGOV,PALESTINIAN,PSE,,,,,GOV,,,COPGOV,DEPUTY,,,,,,COP,GOV,,1,46,46,4,1,7.0,6,1,6,-2.50783699059561,4,"Moscow, Moskva, Russia",RS,RS48,25106,55.7522,37.6156,-2960561,4,"Moscow, Moskva, Russia",RS,RS48,25106,55.7522,37.6156,-2960561,4,"Moscow, Moskva, Russia",RS,RS48,25106,55.7522,37.6156,-2960561,20260304154500,https://www.aa.com.tr/en/asia-pacific/russia-launches-consultations-with-iraq-palestine-turkiye-amid-us-israel-iran-conflict/3850111
1292362709,20260304,202603,2026,2026.1753,PSEGOV,PALESTINIAN,PSE,,,,,GOV,,,RUS,RUSSIA,RUS,,,,,,,,1,46,46,4,1,7.0,2,1,2,-2.50783699059561,4,"Moscow, Moskva, Russia",RS,RS48,25106,55.7522,37.6156,-2960561,4,"Moscow, Moskva, Russia",RS,RS48,25106,55.7522,37.6156,-2960561,4,"Moscow, Moskva, Russia",RS,RS48,25106,55.7522,37.6156,-2960561,20260304154500,https://www.aa.com.tr/en/asia-pacific/russia-launches-consultations-with-iraq-palestine-turkiye-amid-us-israel-iran-conflict/3850111
1292362710,20260304,202603,2026,2026.1753,PSEGOV,PALESTINIAN,PSE,,,,,GOV,,,RUSGOV,RUSSIA,RUS,,,,,GOV,,,1,46,46,4,1,7.0,2,1,2,-2.50783699059561,4,"Moscow, Moskva, Russia",RS,RS48,25106,55.7522,37.6156,-2960561,4,"Moscow, Moskva, Russia",RS,RS48,25106,55.7522,37.6156,-2960561,4,"Moscow, Moskva, Russia",RS,RS48,25106,55.7522,37.6156,-2960561,20260304154500,https://www.aa.com.tr/en/asia-pacific/russia-launches-consultations-with-iraq-palestine-turkiye-amid-us-israel-iran-conflict/3850111
1292362711,20260304,202603,2026,2026.1753,PTY,PARTY MEMBER,,,,,,,,,,,,,,,,,,,1,22,22,2,1,3.2,7,1,7,3.17002881844381,4,"Birnin Gwari, Kaduna, Nigeria",NI,NI23,22817,10.6624,6.54373,-2002741,0,,,,,,,,4,"Birnin Gwari, Kaduna, Nigeria",NI,NI23,22817,10.6624,6.54373,-2002741,20260304154500,https://pmnewsnigeria.com/2026/03/04/2027-i-have-no-preferred-candidates-kaduna-gov-uba-sani/
1292362712,20260304,202603,2026,2026.1753,PTY,POLITICAL PARTIES,,,,,,,,,,,,,,,,,,,0,90,90,9,2,-2.0,5,1,5,0.7185628742515,5,"Akwa Ibom State, Akwa Ibom, Nigeria",NI,NI21,191377,5.0,7.83333,-1998981,0,,,,,,,,5,"Akwa Ibom State, Akwa Ibom, Nigeria",NI,NI21,191377,5.0,7.83333,-1998981,20260304154500,https://www.naijanews.com/2026/03/04/electoral-act-inec-begins-review-of-2022-regulations-and-guidelines-for-political-parties/
1292362713,20260304,202603,2026,2026.1753,PTY,POLITICAL PARTIES,,,,,,,,,,,,,,,,,,,0,141,141,14,3,-6.5,4,1,4,1.99579831932773,4,"Akume, Nigeria (general), Nigeria",NI,NI00,22689,7.26667,8.55,-1998935,0,,,,,,,,4,"Akume, Nigeria (general), Nigeria",NI,NI00,22689,7.26667,8.55,-1998935,20260304154500,https://www.nationalaccordnewspaper.com/2027-benue-gubernatorial-contest-sifting-through-the-mix/
1292362714,20260304,202603,2026,2026.1753,PTY,POLITICAL PARTIES,,,,,,,,,,,,,,,,,,,0,141,141,14,3,-6.5,6,1,6,1.99579831932773,5,"Benue State, Benue, Nigeria",NI,NI26,22689,7.33333,8.75,-2002535,0,,,,,,,,5,"Benue State, Benue, Nigeria",NI,NI26,22689,7.33333,8.75,-2002535,20260304154500,https://www.nationalaccordnewspaper.com/2027-benue-gubernatorial-contest-sifting-through-the-mix/
1292362715,20260304,202603,2026,2026.1753,PTY,DEMOCRATIC PARTY,,,,,,,,,,,,,,,,,,,1,1722,172,17,4,-5.0,10,1,10,2.31660231660232,1,Germany,GM,GM,,51.5,10.5,GM,0,,,,,,,,1,Germany,GM,GM,,51.5,10.5,GM,20260304154500,https://themunicheye.com/brandenburg-coalition-citizens-extremism-32823
1292362716,20260304,202603,2026,2026.1753,PTY,POLITICAL PARTIES,,,,,,,,,,,,,,,,,,,0,190,190,19,4,-10.0,3,1,3,0.7185628742515,5,"Akwa Ibom State, Akwa Ibom, Nigeria",NI,NI21,191377,5.0,7.83333,-1998981,0,,,,,,,,5,"Akwa Ibom State, Akwa Ibom, Nigeria",NI,NI21,191377,5.0,7.83333,-1998981,20260304154500,https://www.naijanews.com/2026/03/04/electoral-act-inec-begins-review-of-2022-regulations-and-guidelines-for-political-parties/
1292362717,20260304,202603,2026,2026.1753,PTY,DEMOCRATIC PARTY,,,,,,,,,CHE,SWITZERLAND,CHE,,,,,,,,1,51,51,5,1,3.4,1,1,1,1.32575757575758,4,"Bern, Bern, Switzerland",SZ,SZ05,26290,46.9167,7.46667,-2551235,4,"Bern, Bern, Switzerland",SZ,SZ05,26290,46.9167,7.46667,-2551235,4,"Bern, Bern, Switzerland",SZ,SZ05,26290,46.9167,7.46667,-2551235,20260304154500,https://www.swissinfo.ch/eng/international-geneva/swiss-lawmakers-save-funding-for-red-cross-museum-in-geneva/91038139
1292362720,20260304,202603,2026,2026.1753,PTY,POLITICAL PARTIES,,,,,,,,,NGA,NIGERIA,NGA,,,,,,,,0,190,190,19,4,-10.0,2,1,2,0.7185628742515,5,"Akwa Ibom State, Akwa Ibom, Nigeria",NI,NI21,191377,5.0,7.83333,-1998981,5,"Akwa Ibom State, Akwa Ibom, Nigeria",NI,NI21,191377,5.0,7.83333,-1998981,5,"Akwa Ibom State, Akwa Ibom, Nigeria",NI,NI21,191377,5.0,7.83333,-1998981,20260304154500,https://www.naijanews.com/2026/03/04/electoral-act-inec-begins-review-of-2022-regulations-and-guidelines-for-political-parties/
1292362721,20260304,202603,2026,2026.1753,QAT,DOHA,QAT,,,,,,,,,,,,,,,,,,0,36,36,3,1,4.0,6,1,6,-2.57648953301127,4,"Doha, Ad Daw?ah, Qatar",QA,QA01,25307,25.2867,51.5333,-785169,0,,,,,,,,4,"Doha, Ad Daw?ah, Qatar",QA,QA01,25307,25.2867,51.5333,-785169,20260304154500,https://www.upi.com/Top_News/World-News/2026/03/04/evacuate-americans-middle-east-war/9141772636040/
1292362722,20260304,202603,2026,2026.1753,QAT,QATAR,QAT,,,,,,,,CVL,CITIZEN,,,,,,CVL,,,0,26,26,2,1,4.0,2,1,2,-1.03030303030303,1,Bahrain,BA,BA,,26.0,50.5,BA,1,United States,US,US,,39.828175,-98.5795,US,1,United States,US,US,,39.828175,-98.5795,US,20260304154500,https://krdo.com/news/2026/03/04/closed-airports-empty-skies-what-travelers-impacted-by-middle-east-air-disruptions-need-to-know/
1292362723,20260304,202603,2026,2026.1753,QAT,QATAR,QAT,,,,,,,,RUS,RUSSIAN,RUS,,,,,,,,0,43,43,4,1,2.8,2,1,2,-5.18834399431414,1,Bahrain,BA,BA,,26.0,50.5,BA,4,"Moscow, Moskva, Russia",RS,RS48,25106,55.7522,37.6156,-2960561,4,"Moscow, Moskva, Russia",RS,RS48,25106,55.7522,37.6156,-2960561,20260304154500,https://tass.com/politics/2096327
1292362724,20260304,202603,2026,2026.1753,QAT,QATAR,QAT,,,,,,,,RUS,RUSSIAN,RUS,,,,,,,,0,43,43,4,1,2.8,2,1,2,-5.18834399431414,1,Qatar,QA,QA,,25.5,51.25,QA,4,"Moscow, Moskva, Russia",RS,RS48,25106,55.7522,37.6156,-2960561,4,"Moscow, Moskva, Russia",RS,RS48,25106,55.7522,37.6156,-2960561,20260304154500,https://tass.com/politics/2096327
1292362725,20260304,202603,2026,2026.1753,QAT,QATAR,QAT,,,,,,,,RUSGOV,RUSSIA,RUS,,,,,GOV,,,0,43,43,4,1,2.8,2,1,2,-5.18834399431414,1,Oman,MU,MU,,21.0,57.0,MU,4,"Moscow, Moskva, Russia",RS,RS48,25106,55.7522,37.6156,-2960561,4,"Moscow, Moskva, Russia",RS,RS48,25106,55.7522,37.6156,-2960561,20260304154500,https://tass.com/politics/2096327
1292362726,20260304,202603,2026,2026.1753,QAT,QATAR,QAT,,,,,,,,RUSGOV,RUSSIAN,RUS,,,,,GOV,,,0,43,43,4,1,2.8,4,1,4,-5.18834399431414,1,Qatar,QA,QA,,25.5,51.25,QA,4,"Moscow, Moskva, Russia",RS,RS48,25106,55.7522,37.6156,-2960561,4,"Moscow, Moskva, Russia",RS,RS48,25106,55.7522,37.6156,-2960561,20260304154500,https://tass.com/politics/2096327
1292362727,20260304,202603,2026,2026.1753,QAT,DOHA,QAT,,,,,,,,USA,UNITED STATES,USA,,,,,,,,0,36,36,3,1,4.0,4,1,4,-2.57648953301127,4,"Doha, Ad Daw?ah, Qatar",QA,QA01,25307,25.2867,51.5333,-785169,2,"Texas, United States",US,USTX,,31.106,-97.6475,TX,4,"Doha, Ad Daw?ah, Qatar",QA,QA01,25307,25.2867,51.5333,-785169,20260304154500,https://www.upi.com/Top_News/World-News/2026/03/04/evacuate-americans-middle-east-war/9141772636040/
1292362728,20260304,202603,2026,2026.1753,QATMED,AL JAZEERA,QAT,,,,,MED,,,IRN,IRAN,IRN,,,,,,,,1,43,43,4,1,2.8,1,1,1,-2.91878172588832,5,"Leicestershire, Leicestershire, United Kingdom",UK,UKH5,40119,52.6649,-1.03489,-2600962,5,"Leicestershire, Leicestershire, United Kingdom",UK,UKH5,40119,52.6649,-1.03489,-2600962,5,"Leicestershire, Leicestershire, United Kingdom",UK,UKH5,40119,52.6649,-1.03489,-2600962,20260304154500,https://www.leicestermercury.co.uk/news/local-news/leicestershire-family-stuck-kuwait-amid-10847276
1292362729,20260304,202603,2026,2026.1753,QATMED,AL JAZEERA,QAT,,,,,MED,,,KWT,KUWAIT,KWT,,,,,,,,1,43,43,4,1,2.8,4,1,4,-2.91878172588832,1,Iran,IR,IR,,32.0,53.0,IR,4,"Ali Al Salem Air Base, Kuwait (general), Kuwait",KU,KU00,123556,29.35,47.5211,186617,1,Iran,IR,IR,,32.0,53.0,IR,20260304154500,https://www.leicestermercury.co.uk/news/local-news/leicestershire-family-stuck-kuwait-amid-10847276
1292362730,20260304,202603,2026,2026.1753,QATMED,AL JAZEERA,QAT,,,,,MED,,,KWT,KUWAIT,KWT,,,,,,,,1,190,190,19,4,-10.0,2,1,2,-2.91878172588832,4,"Birstall, Kirklees, United Kingdom",UK,UKG8,40138,53.7333,-1.65,-2590000,4,"Birstall, Kirklees, United Kingdom",UK,UKG8,40138,53.7333,-1.65,-2590000,4,"Birstall, Kirklees, United Kingdom",UK,UKG8,40138,53.7333,-1.65,-2590000,20260304154500,https://www.leicestermercury.co.uk/news/local-news/leicestershire-family-stuck-kuwait-amid-10847276
1292362731,20260304,202603,2026,2026.1753,QATMED,AL JAZEERA,QAT,,,,,MED,,,KWT,KUWAIT,KWT,,,,,,,,1,190,190,19,4,-10.0,2,1,2,-2.91878172588832,5,"Leicestershire, Leicestershire, United Kingdom",UK,UKH5,40119,52.6649,-1.03489,-2600962,5,"Leicestershire, Leicestershire, United Kingdom",UK,UKH5,40119,52.6649,-1.03489,-2600962,5,"Leicestershire, Leicestershire, United Kingdom",UK,UKH5,40119,52.6649,-1.03489,-2600962,20260304154500,https://www.leicestermercury.co.uk/news/local-news/leicestershire-family-stuck-kuwait-amid-10847276
1292362732,20260304,202603,2026,2026.1753,REF,REFUGEE,,,,,,REF,,,,,,,,,,,,,0,181,181,18,4,-9.0,2,1,2,-4.1522491349481,1,Kuwait,KU,KU,,29.5,47.75,KU,0,,,,,,,,1,Jordan,JO,JO,,31.0,36.0,JO,20260304154500,https://www.castanetkamloops.net/news/Canada/601802/Mother-urges-Canada-to-swiftly-repatriate-her-son-after-reported-transfer-to-Iraq
1292362734,20260304,202603,2026,2026.1753,REL,PREACHER,,,,,,,,,CHRLDS,LATTER DAY SAINTS,,,,CHR,LDS,,,,1,80,80,8,2,5.0,5,1,5,3.125,3,"Deseret, Utah, United States",US,USUT,UT027,39.2869,-112.653,1427343,3,"Deseret, Utah, United States",US,USUT,UT027,39.2869,-112.653,1427343,3,"Deseret, Utah, United States",US,USUT,UT027,39.2869,-112.653,1427343,20260304154500,https://www.sltrib.com/religion/2026/03/04/new-lds-book-highlights-words/
1292362735,20260304,202603,2026,2026.1753,REL,SAINT,,,,,,,,,ITA,ITALY,ITA,,,,,,,,0,17,17,1,1,0.0,2,1,2,-1.53172866520788,4,"Rome, Lazio, Italy",IT,IT07,18350,41.9,12.4833,-126693,4,"Rome, Lazio, Italy",IT,IT07,18350,41.9,12.4833,-126693,4,"Rome, Lazio, Italy",IT,IT07,18350,41.9,12.4833,-126693,20260304154500,https://aleteia.org/2022/03/04/when-st-casimir-chose-peace-instead-of-war-in-eastern-europe/
1292362736,20260304,202603,2026,2026.1753,REL,SAINT,,,,,,,,,ITA,ROME,ITA,,,,,,,,0,17,17,1,1,0.0,6,1,6,-1.53172866520788,1,Lithuania,LH,LH,,56.0,24.0,LH,4,"Rome, Lazio, Italy",IT,IT07,18350,41.9,12.4833,-126693,1,Lithuania,LH,LH,,56.0,24.0,LH,20260304154500,https://aleteia.org/2022/03/04/when-st-casimir-chose-peace-instead-of-war-in-eastern-europe/
1292362737,20260304,202603,2026,2026.1753,REL,SAINT,,,,,,,,,LTU,LITHUANIAN,LTU,,,,,,,,0,10,10,1,1,0.0,2,1,2,-1.53172866520788,4,"Rome, Lazio, Italy",IT,IT07,18350,41.9,12.4833,-126693,1,Lithuania,LH,LH,,56.0,24.0,LH,1,Lithuania,LH,LH,,56.0,24.0,LH,20260304154500,https://aleteia.org/2022/03/04/when-st-casimir-chose-peace-instead-of-war-in-eastern-europe/
1292362738,20260304,202603,2026,2026.1753,REL,SAINT,,,,,,,,,LTU,LITHUANIAN,LTU,,,,,,,,0,10,10,1,1,0.0,6,1,6,-1.53172866520788,1,Lithuania,LH,LH,,56.0,24.0,LH,1,Lithuania,LH,LH,,56.0,24.0,LH,1,Lithuania,LH,LH,,56.0,24.0,LH,20260304154500,https://aleteia.org/2022/03/04/when-st-casimir-chose-peace-instead-of-war-in-eastern-europe/
1292362739,20260304,202603,2026,2026.1753,REL,BISHOP,,,,,,,,,YEM,YEMEN,YEM,,,,,,,,0,20,20,2,1,3.0,10,1,10,-1.25,4,"Sanaa, Sana', Yemen",YM,YM16,32956,15.3547,44.2067,-3191442,4,"Sanaa, Sana', Yemen",YM,YM16,32956,15.3547,44.2067,-3191442,4,"Sanaa, Sana', Yemen",YM,YM16,32956,15.3547,44.2067,-3191442,20260304154500,"https://www.asianews.it/news-en/Martyred-nuns-of-Aden:-10-years-later,-still-seeds-of-peace-64964.html"
1292362740,20260304,202603,2026,2026.1753,ROUGOVMIL,ROMANIA,,,,,,GOV,MIL,,,,,,,,,,,,0,51,51,5,1,3.4,2,1,2,3.45744680851064,4,"Bucharest, Bucuresti, Romania",RO,RO10,25006,44.4333,26.1,-1153951,0,,,,,,,,4,"Bucharest, Bucuresti, Romania",RO,RO10,25006,44.4333,26.1,-1153951,20260304154500,https://www.stiripesurse.ro/bulgarias-national-day-celebrated-at-the-romanian-parliament-the-worlds-second-largest-administrative-building_3864627
1292362741,20260304,202603,2026,2026.1753,ROUGOVMIL,ROMANIA,,,,,,GOV,MIL,,BGR,BULGARIA,BGR,,,,,,,,0,30,30,3,1,4.0,2,1,2,3.45744680851064,4,"Bucharest, Bucuresti, Romania",RO,RO10,25006,44.4333,26.1,-1153951,4,"Black Sea, Oceans (general), Oceans",OS,OS00,,43.0,35.0,-1506338,4,"Black Sea, Oceans (general), Oceans",OS,OS00,,43.0,35.0,-1506338,20260304154500,https://www.stiripesurse.ro/bulgarias-national-day-celebrated-at-the-romanian-parliament-the-worlds-second-largest-administrative-building_3864627
1292362742,20260304,202603,2026,2026.1753,ROUPTY,ROMINA,,,,,,,,,GOV,MINIST,,,,,,GOV,,,1,20,20,2,1,3.0,8,1,8,-4.96644295302014,1,Iran,IR,IR,,32.0,53.0,IR,1,Iran,IR,IR,,32.0,53.0,IR,1,Iran,IR,IR,,32.0,53.0,IR,20260304154500,https://www.thelocal.se/20260304/politics-in-sweden-sweden-needs-to-get-off-the-fence-on-iran-but-how
1292362743,20260304,202603,2026,2026.1753,ROUPTY,ROMINA,,,,,,,,,GOV,MINIST,,,,,,GOV,,,1,80,80,8,2,5.0,3,1,3,-4.96644295302014,1,Iran,IR,IR,,32.0,53.0,IR,1,Iran,IR,IR,,32.0,53.0,IR,1,Iran,IR,IR,,32.0,53.0,IR,20260304154500,https://www.thelocal.se/20260304/politics-in-sweden-sweden-needs-to-get-off-the-fence-on-iran-but-how
1292362744,20260304,202603,2026,2026.1753,ROUPTY,ROMINA,,,,,,,,,IRN,IRAN,IRN,,,,,,,,1,40,40,4,1,1.0,2,1,2,-4.96644295302014,1,Iran,IR,IR,,32.0,53.0,IR,1,Iran,IR,IR,,32.0,53.0,IR,1,Iran,IR,IR,,32.0,53.0,IR,20260304154500,https://www.thelocal.se/20260304/politics-in-sweden-sweden-needs-to-get-off-the-fence-on-iran-but-how
1292362745,20260304,202603,2026,2026.1753,ROUPTY,ROMINA,,,,,,,,,IRN,IRAN,IRN,,,,,,,,1,80,80,8,2,5.0,1,1,1,-4.96644295302014,1,Iran,IR,IR,,32.0,53.0,IR,1,Iran,IR,IR,,32.0,53.0,IR,1,Iran,IR,IR,,32.0,53.0,IR,20260304154500,https://www.thelocal.se/20260304/politics-in-sweden-sweden-needs-to-get-off-the-fence-on-iran-but-how
1292362746,20260304,202603,2026,2026.1753,RUS,RUSSIA,RUS,,,,,,,,,,,,,,,,,,1,36,36,3,1,4.0,1,1,1,-7.37704918032787,4,"Kremlin, Moskva, Russia",RS,RS48,25106,55.7522,37.6156,-2960561,0,,,,,,,,4,"Druzhba, Odes'ka Oblast, Ukraine",UP,UP17,28558,46.8216,30.075,-1058449,20260304154500,https://www.yahoo.com/news/articles/hungary-presses-russia-not-hike-134651378.html
1292362747,20260304,202603,2026,2026.1753,RUS,RUSSIA,RUS,,,,,,,,,,,,,,,,,,1,43,43,4,1,2.8,10,1,10,0.0,4,"Bulava, Khabarovskiy Kray, Russia",RS,RS30,25057,51.9167,140.417,-2894108,0,,,,,,,,4,"Bulava, Khabarovskiy Kray, Russia",RS,RS30,25057,51.9167,140.417,-2894108,20260304154500,https://www.thebarentsobserver.com/security/not-all-eyes-are-on-the-middle-eastnbsp/446158
1292362748,20260304,202603,2026,2026.1753,RUS,RUSSIA,RUS,,,,,,,,,,,,,,,,,,0,61,61,6,2,6.4,6,1,6,-1.52284263959391,4,"Novorossiysk, Krasnodarskiy Kray, Russia",RS,RS38,25065,44.7244,37.7675,-2970141,0,,,,,,,,4,"Novorossiysk, Krasnodarskiy Kray, Russia",RS,RS38,25065,44.7244,37.7675,-2970141,20260304154500,https://timesca.com/middle-east-conflict-tests-central-asias-trade-routes-and-energy-security/
1292362749,20260304,202603,2026,2026.1753,RUS,URALS,RUS,,,,,,,,,,,,,,,,,,1,61,61,6,2,6.4,4,1,4,-3.75494071146245,1,India,IN,IN,,20.0,77.0,IN,0,,,,,,,,1,India,IN,IN,,20.0,77.0,IN,20260304154500,https://www.rigzone.com/news/wire/russian_oil_remains_cheap-04-mar-2026-183126-article/
1292362750,20260304,202603,2026,2026.1753,RUS,RUSSIA,RUS,,,,,,,,,,,,,,,,,,1,90,90,9,2,-2.0,4,1,4,-6.00961538461539,4,"New Delhi, Delhi, India",IN,IN07,17911,28.6,77.2,-2106102,0,,,,,,,,4,"New Delhi, Delhi, India",IN,IN07,17911,28.6,77.2,-2106102,20260304154500,https://timesofindia.indiatimes.com/business/india-business/russia-ready-to-redirect-crude-to-india-as-hormuz-fallout-hits-flows/articleshow/129034176.cms
1292362751,20260304,202603,2026,2026.1753,RUS,RUSSIA,RUS,,,,,,,,,,,,,,,,,,1,90,90,9,2,-2.0,1,1,1,-6.00961538461539,4,"New Delhi, Delhi, India",IN,IN07,17911,28.6,77.2,-2106102,0,,,,,,,,1,Iran,IR,IR,,32.0,53.0,IR,20260304154500,https://timesofindia.indiatimes.com/business/india-business/russia-ready-to-redirect-crude-to-india-as-hormuz-fallout-hits-flows/articleshow/129034176.cms
1292362752,20260304,202603,2026,2026.1753,RUS,RUSSIA,RUS,,,,,,,,BGR,BULGARIA,BGR,,,,,,,,0,40,40,4,1,1.0,2,1,2,-2.59938837920489,1,Russia,RS,RS,,60.0,100.0,RS,1,Bulgaria,BU,BU,,43.0,25.0,BU,1,Bulgaria,BU,BU,,43.0,25.0,BU,20260304154500,https://www.vol.at/ott-process-takacs-testifies-about-boat-accident/10027535
1292362753,20260304,202603,2026,2026.1753,RUS,RUSSIAN,RUS,,,,,,,,BHR,BAHRAIN,BHR,,,,,,,,0,20,20,2,1,3.0,1,1,1,-5.18834399431414,4,"Moscow, Moskva, Russia",RS,RS48,25106,55.7522,37.6156,-2960561,1,Bahrain,BA,BA,,26.0,50.5,BA,4,"Moscow, Moskva, Russia",RS,RS48,25106,55.7522,37.6156,-2960561,20260304154500,https://tass.com/politics/2096327
1292362754,20260304,202603,2026,2026.1753,RUS,RUSSIAN,RUS,,,,,,,,BHR,BAHRAIN,BHR,,,,,,,,0,20,20,2,1,3.0,1,1,1,-5.18834399431414,4,"Moscow, Moskva, Russia",RS,RS48,25106,55.7522,37.6156,-2960561,1,Kuwait,KU,KU,,29.5,47.75,KU,4,"Moscow, Moskva, Russia",RS,RS48,25106,55.7522,37.6156,-2960561,20260304154500,https://tass.com/politics/2096327
1292362755,20260304,202603,2026,2026.1753,RUS,RUSSIAN,RUS,,,,,,,,BHR,BAHRAIN,BHR,,,,,,,,0,42,42,4,1,1.9,2,1,2,-5.18834399431414,4,"Moscow, Moskva, Russia",RS,RS48,25106,55.7522,37.6156,-2960561,1,Bahrain,BA,BA,,26.0,50.5,BA,4,"Moscow, Moskva, Russia",RS,RS48,25106,55.7522,37.6156,-2960561,20260304154500,https://tass.com/politics/2096327
1292362756,20260304,202603,2026,2026.1753,RUS,RUSSIAN,RUS,,,,,,,,BHR,BAHRAIN,BHR,,,,,,,,0,42,42,4,1,1.9,2,1,2,-5.18834399431414,4,"Moscow, Moskva, Russia",RS,RS48,25106,55.7522,37.6156,-2960561,1,Kuwait,KU,KU,,29.5,47.75,KU,4,"Moscow, Moskva, Russia",RS,RS48,25106,55.7522,37.6156,-2960561,20260304154500,https://tass.com/politics/2096327
1292362757,20260304,202603,2026,2026.1753,RUS,RUSSIA,RUS,,,,,,,,GBR,BRITISH,GBR,,,,,,,,1,40,40,4,1,1.0,8,1,8,2.53411306042885,1,Russia,RS,RS,,60.0,100.0,RS,4,"London, London, City of, United Kingdom",UK,UKH9,40110,51.5,-0.116667,-2601889,4,"London, London, City of, United Kingdom",UK,UKH9,40110,51.5,-0.116667,-2601889,20260304154500,https://timesca.com/tag/ca5uk/
1292362758,20260304,202603,2026,2026.1753,RUS,RUSSIAN,RUS,,,,,,,,GOV,FOREIGN MINIST,,,,,,GOV,,,0,46,46,4,1,7.0,2,1,2,-5.18834399431414,4,"Kiev, Ukraine (general), Ukraine",UP,UP00,28554,50.4333,30.5167,-1044367,4,"Kiev, Ukraine (general), Ukraine",UP,UP00,28554,50.4333,30.5167,-1044367,4,"Kiev, Ukraine (general), Ukraine",UP,UP00,28554,50.4333,30.5167,-1044367,20260304154500,https://tass.com/politics/2096327
1292362759,20260304,202603,2026,2026.1753,RUS,MOSCOW,RUS,,,,,,,,HUN,HUNGARIAN,HUN,,,,,,,,1,20,20,2,1,3.0,2,1,2,-7.37704918032787,4,"Moscow, Moskva, Russia",RS,RS48,25106,55.7522,37.6156,-2960561,4,"Moscow, Moskva, Russia",RS,RS48,25106,55.7522,37.6156,-2960561,4,"Moscow, Moskva, Russia",RS,RS48,25106,55.7522,37.6156,-2960561,20260304154500,https://www.yahoo.com/news/articles/hungary-presses-russia-not-hike-134651378.html
1292362760,20260304,202603,2026,2026.1753,RUS,MOSCOW,RUS,,,,,,,,HUN,HUNGARIAN,HUN,,,,,,,,1,20,20,2,1,3.0,2,1,2,-7.37704918032787,4,"Moscow, Moskva, Russia",RS,RS48,25106,55.7522,37.6156,-2960561,4,"Budapest, Budapest, Hungary",HU,HU05,17514,47.5,19.0833,-850553,4,"Moscow, Moskva, Russia",RS,RS48,25106,55.7522,37.6156,-2960561,20260304154500,https://www.yahoo.com/news/articles/hungary-presses-russia-not-hike-134651378.html
1292362761,20260304,202603,2026,2026.1753,RUS,MOSCOW,RUS,,,,,,,,HUN,HUNGARIAN,HUN,,,,,,,,1,253,25,2,1,-0.3,2,1,2,-7.37704918032787,4,"Moscow, Moskva, Russia",RS,RS48,25106,55.7522,37.6156,-2960561,4,"Moscow, Moskva, Russia",RS,RS48,25106,55.7522,37.6156,-2960561,4,"Moscow, Moskva, Russia",RS,RS48,25106,55.7522,37.6156,-2960561,20260304154500,https://www.yahoo.com/news/articles/hungary-presses-russia-not-hike-134651378.html
1292362762,20260304,202603,2026,2026.1753,RUS,MOSCOW,RUS,,,,,,,,HUN,HUNGARIAN,HUN,,,,,,,,1,253,25,2,1,-0.3,2,1,2,-7.37704918032787,4,"Moscow, Moskva, Russia",RS,RS48,25106,55.7522,37.6156,-2960561,4,"Budapest, Budapest, Hungary",HU,HU05,17514,47.5,19.0833,-850553,4,"Moscow, Moskva, Russia",RS,RS48,25106,55.7522,37.6156,-2960561,20260304154500,https://www.yahoo.com/news/articles/hungary-presses-russia-not-hike-134651378.html
1292362763,20260304,202603,2026,2026.1753,RUS,MOSCOW,RUS,,,,,,,,HUNOPP,HUNGARIAN,HUN,,,,,OPP,,,1,20,20,2,1,3.0,6,1,6,-7.37704918032787,4,"Moscow, Moskva, Russia",RS,RS48,25106,55.7522,37.6156,-2960561,4,"Budapest, Budapest, Hungary",HU,HU05,17514,47.5,19.0833,-850553,4,"Moscow, Moskva, Russia",RS,RS48,25106,55.7522,37.6156,-2960561,20260304154500,https://www.yahoo.com/news/articles/hungary-presses-russia-not-hike-134651378.html
1292362764,20260304,202603,2026,2026.1753,RUS,MOSCOW,RUS,,,,,,,,HUNOPP,HUNGARIAN,HUN,,,,,OPP,,,1,253,25,2,1,-0.3,6,1,6,-7.37704918032787,4,"Moscow, Moskva, Russia",RS,RS48,25106,55.7522,37.6156,-2960561,4,"Budapest, Budapest, Hungary",HU,HU05,17514,47.5,19.0833,-850553,4,"Moscow, Moskva, Russia",RS,RS48,25106,55.7522,37.6156,-2960561,20260304154500,https://www.yahoo.com/news/articles/hungary-presses-russia-not-hike-134651378.html
1292362765,20260304,202603,2026,2026.1753,RUS,RUSSIA,RUS,,,,,,,,IGOWSTNAT,NATO,WST,NAT,,,,IGO,,,0,51,51,5,1,3.4,8,1,8,-2.16508795669824,1,Russia,RS,RS,,60.0,100.0,RS,1,Russia,RS,RS,,60.0,100.0,RS,1,Russia,RS,RS,,60.0,100.0,RS,20260304154500,https://dailynorthwestern.com/2026/03/04/top-stories/students-from-political-clubs-debate-maga-u-s-nato-membership-and-immigration-in-bridgenu-event/
1292362766,20260304,202603,2026,2026.1753,RUS,RUSSIA,RUS,,,,,,,,IGOWSTNAT,NATO,WST,NAT,,,,IGO,,,0,51,51,5,1,3.4,2,1,2,-2.16508795669824,1,United States,US,US,,39.828175,-98.5795,US,1,United States,US,US,,39.828175,-98.5795,US,1,United States,US,US,,39.828175,-98.5795,US,20260304154500,https://dailynorthwestern.com/2026/03/04/top-stories/students-from-political-clubs-debate-maga-u-s-nato-membership-and-immigration-in-bridgenu-event/
1292362767,20260304,202603,2026,2026.1753,RUS,RUSSIA,RUS,,,,,,,,IRN,IRAN,IRN,,,,,,,,0,30,30,3,1,4.0,3,1,3,-5.18834399431414,4,"Moscow, Moskva, Russia",RS,RS48,25106,55.7522,37.6156,-2960561,4,"Moscow, Moskva, Russia",RS,RS48,25106,55.7522,37.6156,-2960561,4,"Moscow, Moskva, Russia",RS,RS48,25106,55.7522,37.6156,-2960561,20260304154500,https://tass.com/politics/2096327
1292362768,20260304,202603,2026,2026.1753,RUS,RUSSIA,RUS,,,,,,,,IRN,IRAN,IRN,,,,,,,,0,30,30,3,1,4.0,2,1,2,-5.18834399431414,4,"Moscow, Moskva, Russia",RS,RS48,25106,55.7522,37.6156,-2960561,1,Iran,IR,IR,,32.0,53.0,IR,4,"Moscow, Moskva, Russia",RS,RS48,25106,55.7522,37.6156,-2960561,20260304154500,https://tass.com/politics/2096327
1292362769,20260304,202603,2026,2026.1753,RUS,RUSSIA,RUS,,,,,,,,IRN,IRAN,IRN,,,,,,,,0,39,39,3,1,5.0,5,1,5,-5.18834399431414,4,"Moscow, Moskva, Russia",RS,RS48,25106,55.7522,37.6156,-2960561,1,Iran,IR,IR,,32.0,53.0,IR,4,"Moscow, Moskva, Russia",RS,RS48,25106,55.7522,37.6156,-2960561,20260304154500,https://tass.com/politics/2096327
1292362770,20260304,202603,2026,2026.1753,RUS,RUSSIA,RUS,,,,,,,,IRQ,IRAQ,IRQ,,,,,,,,1,40,40,4,1,1.0,2,1,2,-2.50783699059561,4,"Anadolu, Turkey (general), Turkey",TU,TU00,28356,39.0,35.0,-735281,4,"Anadolu, Turkey (general), Turkey",TU,TU00,28356,39.0,35.0,-735281,4,"Anadolu, Turkey (general), Turkey",TU,TU00,28356,39.0,35.0,-735281,20260304154500,https://www.aa.com.tr/en/asia-pacific/russia-launches-consultations-with-iraq-palestine-turkiye-amid-us-israel-iran-conflict/3850111
1292362771,20260304,202603,2026,2026.1753,RUS,RUSSIA,RUS,,,,,,,,IRQ,IRAQ,IRQ,,,,,,,,1,40,40,4,1,1.0,1,1,1,-2.50783699059561,1,Oman,MU,MU,,21.0,57.0,MU,4,"Anadolu, Turkey (general), Turkey",TU,TU00,28356,39.0,35.0,-735281,4,"Anadolu, Turkey (general), Turkey",TU,TU00,28356,39.0,35.0,-735281,20260304154500,https://www.aa.com.tr/en/asia-pacific/russia-launches-consultations-with-iraq-palestine-turkiye-amid-us-israel-iran-conflict/3850111
1292362772,20260304,202603,2026,2026.1753,RUS,RUSSIAN,RUS,,,,,,,,KWT,KUWAIT,KWT,,,,,,,,0,20,20,2,1,3.0,2,1,2,-5.18834399431414,4,"Moscow, Moskva, Russia",RS,RS48,25106,55.7522,37.6156,-2960561,1,Kuwait,KU,KU,,29.5,47.75,KU,4,"Moscow, Moskva, Russia",RS,RS48,25106,55.7522,37.6156,-2960561,20260304154500,https://tass.com/politics/2096327
1292362773,20260304,202603,2026,2026.1753,RUS,RUSSIAN,RUS,,,,,,,,KWT,KUWAIT,KWT,,,,,,,,0,42,42,4,1,1.9,4,1,4,-5.18834399431414,4,"Moscow, Moskva, Russia",RS,RS48,25106,55.7522,37.6156,-2960561,1,Kuwait,KU,KU,,29.5,47.75,KU,4,"Moscow, Moskva, Russia",RS,RS48,25106,55.7522,37.6156,-2960561,20260304154500,https://tass.com/politics/2096327
1292362774,20260304,202603,2026,2026.1753,RUS,URALS,RUS,,,,,,,,MED,MEDIA,,,,,,MED,,,1,61,61,6,2,6.4,1,1,1,-3.75494071146245,4,"Kremlin, Moskva, Russia",RS,RS48,25106,55.7522,37.6156,-2960561,1,India,IN,IN,,20.0,77.0,IN,4,"Kremlin, Moskva, Russia",RS,RS48,25106,55.7522,37.6156,-2960561,20260304154500,https://www.rigzone.com/news/wire/russian_oil_remains_cheap-04-mar-2026-183126-article/
1292362775,20260304,202603,2026,2026.1753,RUS,URALS,RUS,,,,,,,,MED,MEDIA,,,,,,MED,,,1,61,61,6,2,6.4,4,1,4,-3.75494071146245,1,India,IN,IN,,20.0,77.0,IN,1,India,IN,IN,,20.0,77.0,IN,1,India,IN,IN,,20.0,77.0,IN,20260304154500,https://www.rigzone.com/news/wire/russian_oil_remains_cheap-04-mar-2026-183126-article/
1292362776,20260304,202603,2026,2026.1753,RUS,RUSSIAN,RUS,,,,,,,,OMN,OMAN,OMN,,,,,,,,0,20,20,2,1,3.0,1,1,1,-5.18834399431414,4,"Moscow, Moskva, Russia",RS,RS48,25106,55.7522,37.6156,-2960561,1,Kuwait,KU,KU,,29.5,47.75,KU,4,"Moscow, Moskva, Russia",RS,RS48,25106,55.7522,37.6156,-2960561,20260304154500,https://tass.com/politics/2096327
1292362777,20260304,202603,2026,2026.1753,RUS,RUSSIAN,RUS,,,,,,,,OMN,OMAN,OMN,,,,,,,,0,20,20,2,1,3.0,1,1,1,-5.18834399431414,4,"Moscow, Moskva, Russia",RS,RS48,25106,55.7522,37.6156,-2960561,1,Oman,MU,MU,,21.0,57.0,MU,4,"Moscow, Moskva, Russia",RS,RS48,25106,55.7522,37.6156,-2960561,20260304154500,https://tass.com/politics/2096327
1292362778,20260304,202603,2026,2026.1753,RUS,RUSSIAN,RUS,,,,,,,,OMN,OMAN,OMN,,,,,,,,0,42,42,4,1,1.9,2,1,2,-5.18834399431414,4,"Moscow, Moskva, Russia",RS,RS48,25106,55.7522,37.6156,-2960561,1,Kuwait,KU,KU,,29.5,47.75,KU,4,"Moscow, Moskva, Russia",RS,RS48,25106,55.7522,37.6156,-2960561,20260304154500,https://tass.com/politics/2096327
1292362779,20260304,202603,2026,2026.1753,RUS,RUSSIA,RUS,,,,,,,,PSEGOV,PALESTINIAN,PSE,,,,,GOV,,,1,46,46,4,1,7.0,1,1,1,-2.50783699059561,4,"Moscow, Moskva, Russia",RS,RS48,25106,55.7522,37.6156,-2960561,4,"Moscow, Moskva, Russia",RS,RS48,25106,55.7522,37.6156,-2960561,4,"Moscow, Moskva, Russia",RS,RS48,25106,55.7522,37.6156,-2960561,20260304154500,https://www.aa.com.tr/en/asia-pacific/russia-launches-consultations-with-iraq-palestine-turkiye-amid-us-israel-iran-conflict/3850111
1292362780,20260304,202603,2026,2026.1753,RUS,RUSSIA,RUS,,,,,,,,PSEGOV,PALESTINIAN,PSE,,,,,GOV,,,1,46,46,4,1,7.0,1,1,1,-2.50783699059561,4,"Anadolu, Turkey (general), Turkey",TU,TU00,28356,39.0,35.0,-735281,4,"Anadolu, Turkey (general), Turkey",TU,TU00,28356,39.0,35.0,-735281,4,"Anadolu, Turkey (general), Turkey",TU,TU00,28356,39.0,35.0,-735281,20260304154500,https://www.aa.com.tr/en/asia-pacific/russia-launches-consultations-with-iraq-palestine-turkiye-amid-us-israel-iran-conflict/3850111
1292362781,20260304,202603,2026,2026.1753,RUS,RUSSIAN,RUS,,,,,,,,QAT,QATAR,QAT,,,,,,,,0,20,20,2,1,3.0,1,1,1,-5.18834399431414,4,"Moscow, Moskva, Russia",RS,RS48,25106,55.7522,37.6156,-2960561,1,Bahrain,BA,BA,,26.0,50.5,BA,4,"Moscow, Moskva, Russia",RS,RS48,25106,55.7522,37.6156,-2960561,20260304154500,https://tass.com/politics/2096327
1292362782,20260304,202603,2026,2026.1753,RUS,RUSSIAN,RUS,,,,,,,,QAT,QATAR,QAT,,,,,,,,0,20,20,2,1,3.0,1,1,1,-5.18834399431414,4,"Moscow, Moskva, Russia",RS,RS48,25106,55.7522,37.6156,-2960561,1,Qatar,QA,QA,,25.5,51.25,QA,4,"Moscow, Moskva, Russia",RS,RS48,25106,55.7522,37.6156,-2960561,20260304154500,https://tass.com/politics/2096327
1292362783,20260304,202603,2026,2026.1753,RUS,RUSSIAN,RUS,,,,,,,,QAT,QATAR,QAT,,,,,,,,0,42,42,4,1,1.9,2,1,2,-5.18834399431414,4,"Moscow, Moskva, Russia",RS,RS48,25106,55.7522,37.6156,-2960561,1,Bahrain,BA,BA,,26.0,50.5,BA,4,"Moscow, Moskva, Russia",RS,RS48,25106,55.7522,37.6156,-2960561,20260304154500,https://tass.com/politics/2096327
1292362784,20260304,202603,2026,2026.1753,RUS,RUSSIAN,RUS,,,,,,,,QAT,QATAR,QAT,,,,,,,,0,42,42,4,1,1.9,2,1,2,-5.18834399431414,4,"Moscow, Moskva, Russia",RS,RS48,25106,55.7522,37.6156,-2960561,1,Qatar,QA,QA,,25.5,51.25,QA,4,"Moscow, Moskva, Russia",RS,RS48,25106,55.7522,37.6156,-2960561,20260304154500,https://tass.com/politics/2096327
1292362785,20260304,202603,2026,2026.1753,RUS,RUSSIA,RUS,,,,,,,,RUSGOV,RUSSIA,RUS,,,,,GOV,,,1,36,36,3,1,4.0,5,1,5,-7.37704918032787,4,"Kremlin, Moskva, Russia",RS,RS48,25106,55.7522,37.6156,-2960561,4,"Kremlin, Moskva, Russia",RS,RS48,25106,55.7522,37.6156,-2960561,4,"Druzhba, Odes'ka Oblast, Ukraine",UP,UP17,28558,46.8216,30.075,-1058449,20260304154500,https://www.yahoo.com/news/articles/hungary-presses-russia-not-hike-134651378.html
1292362786,20260304,202603,2026,2026.1753,RUS,RUSSIAN,RUS,,,,,,,,SAU,SAUDI ARABIA,SAU,,,,,,,,0,20,20,2,1,3.0,1,1,1,-5.18834399431414,4,"Moscow, Moskva, Russia",RS,RS48,25106,55.7522,37.6156,-2960561,1,Oman,MU,MU,,21.0,57.0,MU,4,"Moscow, Moskva, Russia",RS,RS48,25106,55.7522,37.6156,-2960561,20260304154500,https://tass.com/politics/2096327
1292362787,20260304,202603,2026,2026.1753,RUS,RUSSIAN,RUS,,,,,,,,SAU,SAUDI ARABIA,SAU,,,,,,,,0,20,20,2,1,3.0,1,1,1,-5.18834399431414,4,"Moscow, Moskva, Russia",RS,RS48,25106,55.7522,37.6156,-2960561,1,Saudi Arabia,SA,SA,,25.0,45.0,SA,4,"Moscow, Moskva, Russia",RS,RS48,25106,55.7522,37.6156,-2960561,20260304154500,https://tass.com/politics/2096327
1292362788,20260304,202603,2026,2026.1753,RUS,RUSSIAN,RUS,,,,,,,,SAU,SAUDI ARABIA,SAU,,,,,,,,0,42,42,4,1,1.9,2,1,2,-5.18834399431414,4,"Moscow, Moskva, Russia",RS,RS48,25106,55.7522,37.6156,-2960561,1,Oman,MU,MU,,21.0,57.0,MU,4,"Moscow, Moskva, Russia",RS,RS48,25106,55.7522,37.6156,-2960561,20260304154500,https://tass.com/politics/2096327
1292362789,20260304,202603,2026,2026.1753,RUS,RUSSIAN,RUS,,,,,,,,SAU,SAUDI ARABIA,SAU,,,,,,,,0,42,42,4,1,1.9,2,1,2,-5.18834399431414,4,"Moscow, Moskva, Russia",RS,RS48,25106,55.7522,37.6156,-2960561,1,Saudi Arabia,SA,SA,,25.0,45.0,SA,4,"Moscow, Moskva, Russia",RS,RS48,25106,55.7522,37.6156,-2960561,20260304154500,https://tass.com/politics/2096327
1292362790,20260304,202603,2026,2026.1753,RUS,RUSSIAN,RUS,,,,,,,,UKR,UKRAINE,UKR,,,,,,,,0,10,10,1,1,0.0,2,1,2,-5.18834399431414,4,"Moscow, Moskva, Russia",RS,RS48,25106,55.7522,37.6156,-2960561,4,"Kiev, Ukraine (general), Ukraine",UP,UP00,28554,50.4333,30.5167,-1044367,4,"Kiev, Ukraine (general), Ukraine",UP,UP00,28554,50.4333,30.5167,-1044367,20260304154500,https://tass.com/politics/2096327
1292362791,20260304,202603,2026,2026.1753,RUS,RUSSIAN,RUS,,,,,,,,UKR,UKRAINE,UKR,,,,,,,,0,10,10,1,1,0.0,2,1,2,-5.18834399431414,4,"Moscow, Moskva, Russia",RS,RS48,25106,55.7522,37.6156,-2960561,4,"Moscow, Moskva, Russia",RS,RS48,25106,55.7522,37.6156,-2960561,4,"Moscow, Moskva, Russia",RS,RS48,25106,55.7522,37.6156,-2960561,20260304154500,https://tass.com/politics/2096327
1292362792,20260304,202603,2026,2026.1753,RUS,RUSSIAN,RUS,,,,,,,,UKR,UKRAINE,UKR,,,,,,,,0,60,60,6,2,6.0,2,1,2,-5.18834399431414,4,"Moscow, Moskva, Russia",RS,RS48,25106,55.7522,37.6156,-2960561,4,"Kiev, Ukraine (general), Ukraine",UP,UP00,28554,50.4333,30.5167,-1044367,4,"Kiev, Ukraine (general), Ukraine",UP,UP00,28554,50.4333,30.5167,-1044367,20260304154500,https://tass.com/politics/2096327
1292362793,20260304,202603,2026,2026.1753,RUS,RUSSIAN,RUS,,,,,,,,UKR,UKRAINE,UKR,,,,,,,,0,60,60,6,2,6.0,2,1,2,-5.18834399431414,4,"Moscow, Moskva, Russia",RS,RS48,25106,55.7522,37.6156,-2960561,4,"Moscow, Moskva, Russia",RS,RS48,25106,55.7522,37.6156,-2960561,4,"Moscow, Moskva, Russia",RS,RS48,25106,55.7522,37.6156,-2960561,20260304154500,https://tass.com/politics/2096327
1292362794,20260304,202603,2026,2026.1753,RUS,RUSSIA,RUS,,,,,,,,UKR,UKRAINE,UKR,,,,,,,,1,111,111,11,3,-2.0,10,1,10,-6.17283950617284,1,Ukraine,UP,UP,,49.0,32.0,UP,1,Ukraine,UP,UP,,49.0,32.0,UP,1,Ukraine,UP,UP,,49.0,32.0,UP,20260304154500,https://www.thetimes-tribune.com/2026/03/04/letter-trump-reneges-on-anti-war-promises/
1292362795,20260304,202603,2026,2026.1753,RUS,RUSSIA,RUS,,,,,,,,UKR,UKRAINE,UKR,,,,,,,,1,181,181,18,4,-9.0,6,1,6,-7.37704918032787,4,"Moscow, Moskva, Russia",RS,RS48,25106,55.7522,37.6156,-2960561,4,"Druzhba, Odes'ka Oblast, Ukraine",UP,UP17,28558,46.8216,30.075,-1058449,4,"Moscow, Moskva, Russia",RS,RS48,25106,55.7522,37.6156,-2960561,20260304154500,https://www.yahoo.com/news/articles/hungary-presses-russia-not-hike-134651378.html
1292362796,20260304,202603,2026,2026.1753,RUS,RUSSIA,RUS,,,,,,,,UKR,UKRAINE,UKR,,,,,,,,1,181,181,18,4,-9.0,2,1,2,-7.37704918032787,4,"Moscow, Moskva, Russia",RS,RS48,25106,55.7522,37.6156,-2960561,4,"Druzhba, Odes'ka Oblast, Ukraine",UP,UP17,28558,46.8216,30.075,-1058449,4,"Budapest, Budapest, Hungary",HU,HU05,17514,47.5,19.0833,-850553,20260304154500,https://www.yahoo.com/news/articles/hungary-presses-russia-not-hike-134651378.html
1292362797,20260304,202603,2026,2026.1753,RUS,RUSSIA,RUS,,,,,,,,UKR,UKRAINE,UKR,,,,,,,,1,181,181,18,4,-9.0,2,1,2,-7.37704918032787,4,"Moscow, Moskva, Russia",RS,RS48,25106,55.7522,37.6156,-2960561,4,"Moscow, Moskva, Russia",RS,RS48,25106,55.7522,37.6156,-2960561,4,"Budapest, Budapest, Hungary",HU,HU05,17514,47.5,19.0833,-850553,20260304154500,https://www.yahoo.com/news/articles/hungary-presses-russia-not-hike-134651378.html
1292362798,20260304,202603,2026,2026.1753,RUSCVL,RUSSIA,RUS,,,,,CVL,,,IRN,IRAN,IRN,,,,,,,,0,160,160,16,4,-4.0,1,1,1,-5.18834399431414,4,"Moscow, Moskva, Russia",RS,RS48,25106,55.7522,37.6156,-2960561,1,Iran,IR,IR,,32.0,53.0,IR,4,"Moscow, Moskva, Russia",RS,RS48,25106,55.7522,37.6156,-2960561,20260304154500,https://tass.com/politics/2096327
1292362799,20260304,202603,2026,2026.1753,RUSCVL,RUSSIAN,RUS,,,,,CVL,,,IRN,IRAN,IRN,,,,,,,,0,160,160,16,4,-4.0,2,1,2,-5.18834399431414,4,"Moscow, Moskva, Russia",RS,RS48,25106,55.7522,37.6156,-2960561,1,Iran,IR,IR,,32.0,53.0,IR,1,Iran,IR,IR,,32.0,53.0,IR,20260304154500,https://tass.com/politics/2096327
1292362800,20260304,202603,2026,2026.1753,RUSGOV,RUSSIAN,RUS,,,,,GOV,,,BHR,BAHRAIN,BHR,,,,,,,,0,42,42,4,1,1.9,4,1,4,-5.18834399431414,4,"Moscow, Moskva, Russia",RS,RS48,25106,55.7522,37.6156,-2960561,1,Bahrain,BA,BA,,26.0,50.5,BA,4,"Moscow, Moskva, Russia",RS,RS48,25106,55.7522,37.6156,-2960561,20260304154500,https://tass.com/politics/2096327
1292362801,20260304,202603,2026,2026.1753,RUSGOV,RUSSIA,RUS,,,,,GOV,,,BHR,BAHRAIN,BHR,,,,,,,,0,42,42,4,1,1.9,2,1,2,-5.18834399431414,4,"Moscow, Moskva, Russia",RS,RS48,25106,55.7522,37.6156,-2960561,1,Kuwait,KU,KU,,29.5,47.75,KU,4,"Moscow, Moskva, Russia",RS,RS48,25106,55.7522,37.6156,-2960561,20260304154500,https://tass.com/politics/2096327
1292362802,20260304,202603,2026,2026.1753,RUSGOV,RUSSIAN,RUS,,,,,GOV,,,CVL,CITIZEN,,,,,,CVL,,,1,14,14,1,1,0.0,8,1,8,-1.64609053497943,4,"Ashgabat, Ahal, Turkmenistan",TX,TX01,147325,37.95,58.3833,-2557812,4,"Ashgabat, Ahal, Turkmenistan",TX,TX01,147325,37.95,58.3833,-2557812,4,"Ashgabat, Ahal, Turkmenistan",TX,TX01,147325,37.95,58.3833,-2557812,20260304154500,https://timesca.com/turkmenistan-opens-additional-crossings-as-uzbekistan-evacuates-citizens-from-iran/
1292362803,20260304,202603,2026,2026.1753,RUSGOV,RUSSIAN,RUS,,,,,GOV,,,CVL,CITIZEN,,,,,,CVL,,,1,14,14,1,1,0.0,2,1,2,-1.64609053497943,4,"Ashgabat, Ahal, Turkmenistan",TX,TX01,147325,37.95,58.3833,-2557812,4,"Tehran, Tehran, Iran",IR,IR26,41130,35.75,51.5148,10074674,4,"Ashgabat, Ahal, Turkmenistan",TX,TX01,147325,37.95,58.3833,-2557812,20260304154500,https://timesca.com/turkmenistan-opens-additional-crossings-as-uzbekistan-evacuates-citizens-from-iran/
1292362804,20260304,202603,2026,2026.1753,RUSGOV,RUSSIAN,RUS,,,,,GOV,,,CVL,CITIZEN,,,,,,CVL,,,1,30,30,3,1,4.0,5,1,5,-1.64609053497943,4,"Ashgabat, Ahal, Turkmenistan",TX,TX01,147325,37.95,58.3833,-2557812,4,"Tehran, Tehran, Iran",IR,IR26,41130,35.75,51.5148,10074674,4,"Tehran, Tehran, Iran",IR,IR26,41130,35.75,51.5148,10074674,20260304154500,https://timesca.com/turkmenistan-opens-additional-crossings-as-uzbekistan-evacuates-citizens-from-iran/
1292362805,20260304,202603,2026,2026.1753,RUSGOV,RUSSIAN,RUS,,,,,GOV,,,CVL,CITIZEN,,,,,,CVL,,,1,60,60,6,2,6.0,5,1,5,-1.64609053497943,4,"Ashgabat, Ahal, Turkmenistan",TX,TX01,147325,37.95,58.3833,-2557812,4,"Tehran, Tehran, Iran",IR,IR26,41130,35.75,51.5148,10074674,4,"Tehran, Tehran, Iran",IR,IR26,41130,35.75,51.5148,10074674,20260304154500,https://timesca.com/turkmenistan-opens-additional-crossings-as-uzbekistan-evacuates-citizens-from-iran/
1292362806,20260304,202603,2026,2026.1753,RUSGOV,RUSSIAN,RUS,,,,,GOV,,,GOV,FOREIGN MINIST,,,,,,GOV,,,0,60,60,6,2,6.0,3,1,3,-5.18834399431414,4,"Moscow, Moskva, Russia",RS,RS48,25106,55.7522,37.6156,-2960561,4,"Moscow, Moskva, Russia",RS,RS48,25106,55.7522,37.6156,-2960561,4,"Moscow, Moskva, Russia",RS,RS48,25106,55.7522,37.6156,-2960561,20260304154500,https://tass.com/politics/2096327
1292362807,20260304,202603,2026,2026.1753,RUSGOV,RUSSIAN,RUS,,,,,GOV,,,KWT,KUWAIT,KWT,,,,,,,,0,42,42,4,1,1.9,6,1,6,-5.18834399431414,4,"Moscow, Moskva, Russia",RS,RS48,25106,55.7522,37.6156,-2960561,1,Kuwait,KU,KU,,29.5,47.75,KU,4,"Moscow, Moskva, Russia",RS,RS48,25106,55.7522,37.6156,-2960561,20260304154500,https://tass.com/politics/2096327
1292362808,20260304,202603,2026,2026.1753,RUSGOV,RUSSIA,RUS,,,,,GOV,,,OMN,OMAN,OMN,,,,,,,,0,42,42,4,1,1.9,2,1,2,-5.18834399431414,4,"Moscow, Moskva, Russia",RS,RS48,25106,55.7522,37.6156,-2960561,1,Bahrain,BA,BA,,26.0,50.5,BA,4,"Moscow, Moskva, Russia",RS,RS48,25106,55.7522,37.6156,-2960561,20260304154500,https://tass.com/politics/2096327
1292362809,20260304,202603,2026,2026.1753,RUSGOV,RUSSIAN,RUS,,,,,GOV,,,OMN,OMAN,OMN,,,,,,,,0,42,42,4,1,1.9,4,1,4,-5.18834399431414,4,"Moscow, Moskva, Russia",RS,RS48,25106,55.7522,37.6156,-2960561,1,Oman,MU,MU,,21.0,57.0,MU,4,"Moscow, Moskva, Russia",RS,RS48,25106,55.7522,37.6156,-2960561,20260304154500,https://tass.com/politics/2096327
1292362810,20260304,202603,2026,2026.1753,RUSGOV,RUSSIA,RUS,,,,,GOV,,,PSEGOV,PALESTINIAN,PSE,,,,,GOV,,,1,46,46,4,1,7.0,1,1,1,-2.50783699059561,4,"Moscow, Moskva, Russia",RS,RS48,25106,55.7522,37.6156,-2960561,4,"Moscow, Moskva, Russia",RS,RS48,25106,55.7522,37.6156,-2960561,4,"Moscow, Moskva, Russia",RS,RS48,25106,55.7522,37.6156,-2960561,20260304154500,https://www.aa.com.tr/en/asia-pacific/russia-launches-consultations-with-iraq-palestine-turkiye-amid-us-israel-iran-conflict/3850111
1292362811,20260304,202603,2026,2026.1753,RUSGOV,RUSSIA,RUS,,,,,GOV,,,PSEGOV,PALESTINIAN,PSE,,,,,GOV,,,1,46,46,4,1,7.0,1,1,1,-2.50783699059561,3,"Washington, District of Columbia, United States",US,USDC,DC001,38.8951,-77.0364,531871,4,"Tehran, Tehran, Iran",IR,IR26,41130,35.75,51.5148,10074674,4,"Tehran, Tehran, Iran",IR,IR26,41130,35.75,51.5148,10074674,20260304154500,https://www.aa.com.tr/en/asia-pacific/russia-launches-consultations-with-iraq-palestine-turkiye-amid-us-israel-iran-conflict/3850111
1292362812,20260304,202603,2026,2026.1753,RUSGOV,RUSSIA,RUS,,,,,GOV,,,QAT,QATAR,QAT,,,,,,,,0,42,42,4,1,1.9,2,1,2,-5.18834399431414,4,"Moscow, Moskva, Russia",RS,RS48,25106,55.7522,37.6156,-2960561,1,Oman,MU,MU,,21.0,57.0,MU,4,"Moscow, Moskva, Russia",RS,RS48,25106,55.7522,37.6156,-2960561,20260304154500,https://tass.com/politics/2096327
1292362813,20260304,202603,2026,2026.1753,RUSGOV,RUSSIAN,RUS,,,,,GOV,,,QAT,QATAR,QAT,,,,,,,,0,42,42,4,1,1.9,4,1,4,-5.18834399431414,4,"Moscow, Moskva, Russia",RS,RS48,25106,55.7522,37.6156,-2960561,1,Qatar,QA,QA,,25.5,51.25,QA,4,"Moscow, Moskva, Russia",RS,RS48,25106,55.7522,37.6156,-2960561,20260304154500,https://tass.com/politics/2096327
1292362814,20260304,202603,2026,2026.1753,RUSGOV,RUSSIA,RUS,,,,,GOV,,,RUS,RUSSIA,RUS,,,,,,,,1,36,36,3,1,4.0,5,1,5,-7.37704918032787,4,"Kremlin, Moskva, Russia",RS,RS48,25106,55.7522,37.6156,-2960561,4,"Kremlin, Moskva, Russia",RS,RS48,25106,55.7522,37.6156,-2960561,4,"Druzhba, Odes'ka Oblast, Ukraine",UP,UP17,28558,46.8216,30.075,-1058449,20260304154500,https://www.yahoo.com/news/articles/hungary-presses-russia-not-hike-134651378.html
1292362815,20260304,202603,2026,2026.1753,RUSGOV,RUSSIA,RUS,,,,,GOV,,,RUSGOV,SERGEY LAVROV,RUS,,,,,GOV,,,1,42,42,4,1,1.9,2,1,2,-2.50783699059561,4,"Moscow, Moskva, Russia",RS,RS48,25106,55.7522,37.6156,-2960561,4,"Moscow, Moskva, Russia",RS,RS48,25106,55.7522,37.6156,-2960561,4,"Moscow, Moskva, Russia",RS,RS48,25106,55.7522,37.6156,-2960561,20260304154500,https://www.aa.com.tr/en/asia-pacific/russia-launches-consultations-with-iraq-palestine-turkiye-amid-us-israel-iran-conflict/3850111
1292362816,20260304,202603,2026,2026.1753,RUSGOV,SERGEY LAVROV,RUS,,,,,GOV,,,RUSGOV,RUSSIA,RUS,,,,,GOV,,,1,43,43,4,1,2.8,1,1,1,-2.50783699059561,4,"Anadolu, Turkey (general), Turkey",TU,TU00,28356,39.0,35.0,-735281,4,"Anadolu, Turkey (general), Turkey",TU,TU00,28356,39.0,35.0,-735281,4,"Anadolu, Turkey (general), Turkey",TU,TU00,28356,39.0,35.0,-735281,20260304154500,https://www.aa.com.tr/en/asia-pacific/russia-launches-consultations-with-iraq-palestine-turkiye-amid-us-israel-iran-conflict/3850111
1292362817,20260304,202603,2026,2026.1753,RUSGOV,SERGEY LAVROV,RUS,,,,,GOV,,,RUSGOV,RUSSIA,RUS,,,,,GOV,,,1,43,43,4,1,2.8,1,1,1,-2.50783699059561,3,"Washington, District of Columbia, United States",US,USDC,DC001,38.8951,-77.0364,531871,4,"Anadolu, Turkey (general), Turkey",TU,TU00,28356,39.0,35.0,-735281,4,"Anadolu, Turkey (general), Turkey",TU,TU00,28356,39.0,35.0,-735281,20260304154500,https://www.aa.com.tr/en/asia-pacific/russia-launches-consultations-with-iraq-palestine-turkiye-amid-us-israel-iran-conflict/3850111
1292362818,20260304,202603,2026,2026.1753,RUSGOV,RUSSIA,RUS,,,,,GOV,,,SAU,SAUDI ARABIA,SAU,,,,,,,,0,42,42,4,1,1.9,2,1,2,-5.18834399431414,4,"Moscow, Moskva, Russia",RS,RS48,25106,55.7522,37.6156,-2960561,1,Qatar,QA,QA,,25.5,51.25,QA,4,"Moscow, Moskva, Russia",RS,RS48,25106,55.7522,37.6156,-2960561,20260304154500,https://tass.com/politics/2096327
1292362819,20260304,202603,2026,2026.1753,RUSGOV,RUSSIAN,RUS,,,,,GOV,,,SAU,SAUDI ARABIA,SAU,,,,,,,,0,42,42,4,1,1.9,4,1,4,-5.18834399431414,4,"Moscow, Moskva, Russia",RS,RS48,25106,55.7522,37.6156,-2960561,1,Saudi Arabia,SA,SA,,25.0,45.0,SA,4,"Moscow, Moskva, Russia",RS,RS48,25106,55.7522,37.6156,-2960561,20260304154500,https://tass.com/politics/2096327
1292362820,20260304,202603,2026,2026.1753,RUSGOV,RUSSIAN,RUS,,,,,GOV,,,UKR,UKRAINE,UKR,,,,,,,,0,10,10,1,1,0.0,6,1,6,-5.18834399431414,4,"Moscow, Moskva, Russia",RS,RS48,25106,55.7522,37.6156,-2960561,4,"Kiev, Ukraine (general), Ukraine",UP,UP00,28554,50.4333,30.5167,-1044367,4,"Kiev, Ukraine (general), Ukraine",UP,UP00,28554,50.4333,30.5167,-1044367,20260304154500,https://tass.com/politics/2096327
1292362821,20260304,202603,2026,2026.1753,RUSGOV,RUSSIAN,RUS,,,,,GOV,,,UKR,UKRAINE,UKR,,,,,,,,0,60,60,6,2,6.0,6,1,6,-5.18834399431414,4,"Moscow, Moskva, Russia",RS,RS48,25106,55.7522,37.6156,-2960561,4,"Kiev, Ukraine (general), Ukraine",UP,UP00,28554,50.4333,30.5167,-1044367,4,"Kiev, Ukraine (general), Ukraine",UP,UP00,28554,50.4333,30.5167,-1044367,20260304154500,https://tass.com/politics/2096327
1292362822,20260304,202603,2026,2026.1753,SAU,SAUDI ARABIA,SAU,,,,,,,,,,,,,,,,,,1,192,192,19,4,-9.5,2,1,2,-4.23076923076923,4,"Yanbu, Al Madinah, Saudi Arabia",SA,SA05,25311,24.0891,38.0637,-3101071,0,,,,,,,,4,"Yanbu, Al Madinah, Saudi Arabia",SA,SA05,25311,24.0891,38.0637,-3101071,20260304154500,https://indianexpress.com/article/business/crude-tanker-rates-go-through-the-roof-amid-west-asia-conflict-10564844/
1292362823,20260304,202603,2026,2026.1753,SAU,RIYADH,SAU,,,,,,,,BUS,AIRLINE,,,,,,BUS,,,1,80,80,8,2,5.0,6,1,6,0.66518847006652,4,"Riyadh, Ar Riya?, Saudi Arabia",SA,SA10,25316,24.6408,46.7728,-3093009,1,Israel,IS,IS,,31.5,34.75,IS,4,"Dubai, Dubayy, United Arab Emirates",AE,AE03,28575,25.2522,55.28,-782831,20260304154500,https://www.manchestereveningnews.co.uk/news/world-news/virgin-atlantic-riyadh-dubai-flights-33530580
1292362824,20260304,202603,2026,2026.1753,SAU,RIYADH,SAU,,,,,,,,BUS,AIRLINE,,,,,,BUS,,,1,80,80,8,2,5.0,2,1,2,0.66518847006652,4,"Dubai, Dubayy, United Arab Emirates",AE,AE03,28575,25.2522,55.28,-782831,1,Iran,IR,IR,,32.0,53.0,IR,1,Israel,IS,IS,,31.5,34.75,IS,20260304154500,https://www.manchestereveningnews.co.uk/news/world-news/virgin-atlantic-riyadh-dubai-flights-33530580
1292362825,20260304,202603,2026,2026.1753,SAU,SAUDI ARABIA,SAU,,,,,,,,BUS,AIRLINE,,,,,,BUS,,,1,80,80,8,2,5.0,2,1,2,0.66518847006652,4,"Dubai, Dubayy, United Arab Emirates",AE,AE03,28575,25.2522,55.28,-782831,1,Israel,IS,IS,,31.5,34.75,IS,1,Israel,IS,IS,,31.5,34.75,IS,20260304154500,https://www.manchestereveningnews.co.uk/news/world-news/virgin-atlantic-riyadh-dubai-flights-33530580
1292362826,20260304,202603,2026,2026.1753,SAU,SAUDI ARABIA,SAU,,,,,,,,CVL,CITIZEN,,,,,,CVL,,,0,26,26,2,1,4.0,2,1,2,-1.03030303030303,1,Bahrain,BA,BA,,26.0,50.5,BA,1,United States,US,US,,39.828175,-98.5795,US,1,United States,US,US,,39.828175,-98.5795,US,20260304154500,https://krdo.com/news/2026/03/04/closed-airports-empty-skies-what-travelers-impacted-by-middle-east-air-disruptions-need-to-know/
1292362827,20260304,202603,2026,2026.1753,SAU,SAUDI ARABIA,SAU,,,,,,,,DJI,DJIBOUTI,DJI,,,,,,,,1,192,192,19,4,-9.5,8,1,8,-4.23076923076923,4,"Yanbu, Al Madinah, Saudi Arabia",SA,SA05,25311,24.0891,38.0637,-3101071,4,"Red Sea, Djibouti (general), Djibouti",DJ,DJ00,25312,19.0,39.5,-2037160,4,"Yanbu, Al Madinah, Saudi Arabia",SA,SA05,25311,24.0891,38.0637,-3101071,20260304154500,https://indianexpress.com/article/business/crude-tanker-rates-go-through-the-roof-amid-west-asia-conflict-10564844/
1292362828,20260304,202603,2026,2026.1753,SAU,SAUDI ARABIA,SAU,,,,,,,,RUS,RUSSIAN,RUS,,,,,,,,0,43,43,4,1,2.8,2,1,2,-5.18834399431414,1,Oman,MU,MU,,21.0,57.0,MU,4,"Moscow, Moskva, Russia",RS,RS48,25106,55.7522,37.6156,-2960561,4,"Moscow, Moskva, Russia",RS,RS48,25106,55.7522,37.6156,-2960561,20260304154500,https://tass.com/politics/2096327
1292362829,20260304,202603,2026,2026.1753,SAU,SAUDI ARABIA,SAU,,,,,,,,RUS,RUSSIAN,RUS,,,,,,,,0,43,43,4,1,2.8,2,1,2,-5.18834399431414,1,Saudi Arabia,SA,SA,,25.0,45.0,SA,4,"Moscow, Moskva, Russia",RS,RS48,25106,55.7522,37.6156,-2960561,4,"Moscow, Moskva, Russia",RS,RS48,25106,55.7522,37.6156,-2960561,20260304154500,https://tass.com/politics/2096327
1292362830,20260304,202603,2026,2026.1753,SAU,SAUDI ARABIA,SAU,,,,,,,,RUSGOV,RUSSIA,RUS,,,,,GOV,,,0,43,43,4,1,2.8,2,1,2,-5.18834399431414,1,Qatar,QA,QA,,25.5,51.25,QA,4,"Moscow, Moskva, Russia",RS,RS48,25106,55.7522,37.6156,-2960561,4,"Moscow, Moskva, Russia",RS,RS48,25106,55.7522,37.6156,-2960561,20260304154500,https://tass.com/politics/2096327
1292362831,20260304,202603,2026,2026.1753,SAU,SAUDI ARABIA,SAU,,,,,,,,RUSGOV,RUSSIAN,RUS,,,,,GOV,,,0,43,43,4,1,2.8,4,1,4,-5.18834399431414,1,Saudi Arabia,SA,SA,,25.0,45.0,SA,4,"Moscow, Moskva, Russia",RS,RS48,25106,55.7522,37.6156,-2960561,4,"Moscow, Moskva, Russia",RS,RS48,25106,55.7522,37.6156,-2960561,20260304154500,https://tass.com/politics/2096327
1292362832,20260304,202603,2026,2026.1753,SAUGOV,SAUDI ARABIA,SAU,,,,,GOV,,,USA,AMERICAN,USA,,,,,,,,0,20,20,2,1,3.0,2,1,2,-4.39189189189189,2,"Iowa, United States",US,USIA,,42.0046,-93.214,IA,3,"Des Moines, Iowa, United States",US,USIA,,41.6005,-93.6091,465961,2,"Iowa, United States",US,USIA,,42.0046,-93.214,IA,20260304154500,https://www.wkyufm.org/news/2026-03-04/the-u-s-sinks-irans-ships-and-slams-its-missile-launchers-as-the-war-enters-day-5
1292362833,20260304,202603,2026,2026.1753,SGP,SINGAPORE,SGP,,,,,,,,,,,,,,,,,,1,51,51,5,1,3.4,10,1,10,5.94713656387665,4,"Istanbul, Istanbul, Turkey",TU,TU34,27897,41.0186,28.9647,-755070,0,,,,,,,,4,"Istanbul, Istanbul, Turkey",TU,TU34,27897,41.0186,28.9647,-755070,20260304154500,https://ftnnews.com/travel-news/aviation/asian-airports-dominate-list-of-worlds-best-layover-airports/
1292362834,20260304,202603,2026,2026.1753,SOM,SOMALIA,SOM,,,,,,,,UAF,MILITANT,,,,,,UAF,,,1,43,43,4,1,2.8,10,1,10,-6.81818181818182,1,Somalia,SO,SO,,6.0,48.0,SO,1,Somalia,SO,SO,,6.0,48.0,SO,1,Somalia,SO,SO,,6.0,48.0,SO,20260304154500,https://www.tvguide.co.uk/schedule/602ced3a-d43b-59a2-a086-5dc49a4cb340/ncis
1292362835,20260304,202603,2026,2026.1753,SOM,SOMALIA,SOM,,,,,,,,UAF,MILITANT,,,,,,UAF,,,1,181,181,18,4,-9.0,10,1,10,-6.81818181818182,1,Somalia,SO,SO,,6.0,48.0,SO,1,Somalia,SO,SO,,6.0,48.0,SO,1,Somalia,SO,SO,,6.0,48.0,SO,20260304154500,https://www.tvguide.co.uk/schedule/602ced3a-d43b-59a2-a086-5dc49a4cb340/ncis
1292362836,20260304,202603,2026,2026.1753,SPY,OPERATIVE,,,,,,SPY,,,JUD,BARRISTER,,,,,,JUD,,,0,20,20,2,1,3.0,1,1,1,-5.2924791086351,4,"Orlu, Imo, Nigeria",NI,NI28,22796,5.79463,7.03495,-2024093,4,"Lagos, Lagos, Nigeria",NI,NI05,191416,6.45306,3.39583,-2017355,4,"Orlu, Imo, Nigeria",NI,NI28,22796,5.79463,7.03495,-2024093,20260304154500,https://pmnewsnigeria.com/2026/03/04/uk-wanted-drug-lord-uzoma-valentine-finally-arrested-in-lagos/
1292362837,20260304,202603,2026,2026.1753,SPY,OPERATIVE,,,,,,SPY,,,JUD,BARRISTER,,,,,,JUD,,,0,20,20,2,1,3.0,1,1,1,-5.2924791086351,4,"London, London, City of, United Kingdom",UK,UKH9,40110,51.5,-0.116667,-2601889,4,"Orlu, Imo, Nigeria",NI,NI28,22796,5.79463,7.03495,-2024093,4,"Orlu, Imo, Nigeria",NI,NI28,22796,5.79463,7.03495,-2024093,20260304154500,https://pmnewsnigeria.com/2026/03/04/uk-wanted-drug-lord-uzoma-valentine-finally-arrested-in-lagos/
1292362838,20260304,202603,2026,2026.1753,SPY,OPERATIVE,,,,,,SPY,,,NGA,NIGERIA,NGA,,,,,,,,0,42,42,4,1,1.9,2,1,2,-5.2924791086351,4,"London, London, City of, United Kingdom",UK,UKH9,40110,51.5,-0.116667,-2601889,4,"Orlu, Imo, Nigeria",NI,NI28,22796,5.79463,7.03495,-2024093,4,"Orlu, Imo, Nigeria",NI,NI28,22796,5.79463,7.03495,-2024093,20260304154500,https://pmnewsnigeria.com/2026/03/04/uk-wanted-drug-lord-uzoma-valentine-finally-arrested-in-lagos/
1292362839,20260304,202603,2026,2026.1753,SVK,SLOVAKIA,SVK,,,,,,,,UKR,UKRAINE,UKR,,,,,,,,0,14,14,1,1,0.0,1,1,1,-7.37704918032787,4,"Kyiv, Kyyiv, Misto, Ukraine",UP,UP12,28554,50.4333,30.5167,-1044367,4,"Kremlin, Moskva, Russia",RS,RS48,25106,55.7522,37.6156,-2960561,4,"Kremlin, Moskva, Russia",RS,RS48,25106,55.7522,37.6156,-2960561,20260304154500,https://www.yahoo.com/news/articles/hungary-presses-russia-not-hike-134651378.html
1292362840,20260304,202603,2026,2026.1753,SVK,SLOVAKIA,SVK,,,,,,,,UKR,UKRAINE,UKR,,,,,,,,0,14,14,1,1,0.0,1,1,1,-7.37704918032787,4,"Budapest, Budapest, Hungary",HU,HU05,17514,47.5,19.0833,-850553,4,"Kyiv, Kyyiv, Misto, Ukraine",UP,UP12,28554,50.4333,30.5167,-1044367,4,"Kyiv, Kyyiv, Misto, Ukraine",UP,UP12,28554,50.4333,30.5167,-1044367,20260304154500,https://www.yahoo.com/news/articles/hungary-presses-russia-not-hike-134651378.html
1292362841,20260304,202603,2026,2026.1753,SWE,SWEDEN,SWE,,,,,,,,BUS,INDUSTRY,,,,,,BUS,,,1,130,130,13,3,-4.4,5,1,5,-0.15552099533437,1,Sweden,SW,SW,,62.0,15.0,SW,1,Sweden,SW,SW,,62.0,15.0,SW,1,Sweden,SW,SW,,62.0,15.0,SW,20260304154500,https://www.thelocal.se/20260304/swedish-games-boss-warns-retroactive-citizenship-reforms-not-good-for-industry
1292362842,20260304,202603,2026,2026.1753,SWEMIL,SWEDEN,SWE,,,,,MIL,,,FIN,FINLAND,FIN,,,,,,,,1,42,42,4,1,1.9,8,1,8,0.0,1,Sweden,SW,SW,,62.0,15.0,SW,4,"Lake Inari, Lapland, Finland",FI,FI26,16222,69.0,28.0,-1366574,4,"Lake Inari, Lapland, Finland",FI,FI26,16222,69.0,28.0,-1366574,20260304154500,https://www.thebarentsobserver.com/security/not-all-eyes-are-on-the-middle-eastnbsp/446158
1292362843,20260304,202603,2026,2026.1753,SYC,SEYCHELLES,SYC,,,,,,,,GOV,MINIST OF FOREIGN AFFAIRS,,,,,,GOV,,,1,42,42,4,1,1.9,3,1,3,0.900900900900899,4,"New Delhi, Delhi, India",IN,IN07,17911,28.6,77.2,-2106102,4,"New Delhi, Delhi, India",IN,IN07,17911,28.6,77.2,-2106102,4,"New Delhi, Delhi, India",IN,IN07,17911,28.6,77.2,-2106102,20260304154500,https://news.webindia123.com/news/Articles/World/20260304/4423471.html
1292362844,20260304,202603,2026,2026.1753,SYC,SEYCHELLES,SYC,,,,,,,,LKA,SRI LANKA,LKA,,,,,,,,1,36,36,3,1,4.0,3,1,3,0.900900900900899,1,Seychelles,SE,SE,,-4.583333,55.666667,SE,1,Sri Lanka,CE,CE,,7.0,81.0,CE,4,"New Delhi, Delhi, India",IN,IN07,17911,28.6,77.2,-2106102,20260304154500,https://news.webindia123.com/news/Articles/World/20260304/4423471.html
1292362845,20260304,202603,2026,2026.1753,SYCGOV,BARRY FAURE,SYC,,,,,GOV,,,GOV,MINIST OF FOREIGN AFFAIRS,,,,,,GOV,,,1,42,42,4,1,1.9,1,1,1,0.900900900900899,1,Seychelles,SE,SE,,-4.583333,55.666667,SE,1,Mauritius,MP,MP,,16.0,146.0,MP,4,"New Delhi, Delhi, India",IN,IN07,17911,28.6,77.2,-2106102,20260304154500,https://news.webindia123.com/news/Articles/World/20260304/4423471.html
1292362846,20260304,202603,2026,2026.1753,SYCGOV,BARRY FAURE,SYC,,,,,GOV,,,GOV,MINIST OF FOREIGN AFFAIRS,,,,,,GOV,,,1,42,42,4,1,1.9,2,1,2,0.900900900900899,1,Seychelles,SE,SE,,-4.583333,55.666667,SE,1,Mauritius,MP,MP,,16.0,146.0,MP,1,Mauritius,MP,MP,,16.0,146.0,MP,20260304154500,https://news.webindia123.com/news/Articles/World/20260304/4423471.html
1292362847,20260304,202603,2026,2026.1753,SYCGOV,BARRY FAURE,SYC,,,,,GOV,,,LKA,SRI LANKA,LKA,,,,,,,,1,36,36,3,1,4.0,3,1,3,0.900900900900899,1,Seychelles,SE,SE,,-4.583333,55.666667,SE,1,Sri Lanka,CE,CE,,7.0,81.0,CE,4,"New Delhi, Delhi, India",IN,IN07,17911,28.6,77.2,-2106102,20260304154500,https://news.webindia123.com/news/Articles/World/20260304/4423471.html
1292362848,20260304,202603,2026,2026.1753,SYR,SYRIA,SYR,,,,,,,,CVL,CITIZEN,,,,,,CVL,,,0,26,26,2,1,4.0,2,1,2,-1.03030303030303,4,"Tehran, Tehran, Iran",IR,IR26,41130,35.75,51.5148,10074674,1,United States,US,US,,39.828175,-98.5795,US,1,United States,US,US,,39.828175,-98.5795,US,20260304154500,https://krdo.com/news/2026/03/04/closed-airports-empty-skies-what-travelers-impacted-by-middle-east-air-disruptions-need-to-know/
1292362849,20260304,202603,2026,2026.1753,SYR,DAMASCUS,SYR,,,,,,,,GOV,MINISTRY,,,,,,GOV,,,1,311,31,3,1,5.2,1,1,1,5.38461538461539,4,"Damascus, Dimashq, Syria",SY,SY13,26324,33.5,36.3,-2541260,4,"Gyula, Bés, Hungary",HU,HU03,17503,46.65,21.2833,-854923,4,"Gyula, Bés, Hungary",HU,HU03,17503,46.65,21.2833,-854923,20260304154500,https://sana.sy/en/syria/2300420/
1292362850,20260304,202603,2026,2026.1753,SYR,DAMASCUS,SYR,,,,,,,,GOV,MINISTRY,,,,,,GOV,,,1,40,40,4,1,1.0,1,1,1,5.38461538461539,4,"Damascus, Dimashq, Syria",SY,SY13,26324,33.5,36.3,-2541260,4,"Gyula, Bés, Hungary",HU,HU03,17503,46.65,21.2833,-854923,4,"Gyula, Bés, Hungary",HU,HU03,17503,46.65,21.2833,-854923,20260304154500,https://sana.sy/en/syria/2300420/
1292362851,20260304,202603,2026,2026.1753,SYR,DAMASCUS,SYR,,,,,,,,GOV,MINISTRY,,,,,,GOV,,,1,42,42,4,1,1.9,1,1,1,5.38461538461539,4,"Damascus, Dimashq, Syria",SY,SY13,26324,33.5,36.3,-2541260,4,"Damascus, Dimashq, Syria",SY,SY13,26324,33.5,36.3,-2541260,4,"Damascus, Dimashq, Syria",SY,SY13,26324,33.5,36.3,-2541260,20260304154500,https://sana.sy/en/syria/2300420/
1292362852,20260304,202603,2026,2026.1753,THA,THAILAND,THA,,,,,,,,,,,,,,,,,,1,60,60,6,2,6.0,5,1,5,2.95857988165681,4,"Bangkok, Krung Thep Mahanakhon, Thailand",TH,TH40,26423,13.75,100.517,-3250083,0,,,,,,,,4,"Bangkok, Krung Thep Mahanakhon, Thailand",TH,TH40,26423,13.75,100.517,-3250083,20260304154500,https://autonews.gasgoo.com/articles/market-industry/avatr-ramps-up-thailand-push-with-first-avatr-07-deliveries-2029093830257643521
1292362853,20260304,202603,2026,2026.1753,TKM,TURKMENISTAN,TKM,,,,,,,,AZE,AZERBAIJAN,AZE,,,,,,,,0,61,61,6,2,6.4,3,1,3,-1.64609053497943,4,"Ashgabat, Ahal, Turkmenistan",TX,TX01,147325,37.95,58.3833,-2557812,4,"Astara, Astara, Azerbaijan",AJ,AJ08,534,38.456,48.875,-2705081,4,"Tehran, Tehran, Iran",IR,IR26,41130,35.75,51.5148,10074674,20260304154500,https://timesca.com/turkmenistan-opens-additional-crossings-as-uzbekistan-evacuates-citizens-from-iran/
1292362854,20260304,202603,2026,2026.1753,TKM,TURKMENISTAN,TKM,,,,,,,,IRN,IRAN,IRN,,,,,,,,0,61,61,6,2,6.4,5,1,5,-1.64609053497943,4,"Ashgabat, Ahal, Turkmenistan",TX,TX01,147325,37.95,58.3833,-2557812,4,"Tehran, Tehran, Iran",IR,IR26,41130,35.75,51.5148,10074674,4,"Ashgabat, Ahal, Turkmenistan",TX,TX01,147325,37.95,58.3833,-2557812,20260304154500,https://timesca.com/turkmenistan-opens-additional-crossings-as-uzbekistan-evacuates-citizens-from-iran/
1292362855,20260304,202603,2026,2026.1753,TUR,TURKIYE,TUR,,,,,,,,,,,,,,,,,,0,50,50,5,1,3.5,10,1,10,3.45744680851064,4,"Black Sea, Oceans (general), Oceans",OS,OS00,,43.0,35.0,-1506338,0,,,,,,,,4,"Black Sea, Oceans (general), Oceans",OS,OS00,,43.0,35.0,-1506338,20260304154500,https://www.stiripesurse.ro/bulgarias-national-day-celebrated-at-the-romanian-parliament-the-worlds-second-largest-administrative-building_3864627
1292362856,20260304,202603,2026,2026.1753,TUR,TURKISH,TUR,,,,,,,,COPGOV,DEPUTY,,,,,,COP,GOV,,1,46,46,4,1,7.0,4,1,4,-2.50783699059561,4,"Anadolu, Turkey (general), Turkey",TU,TU00,28356,39.0,35.0,-735281,4,"Anadolu, Turkey (general), Turkey",TU,TU00,28356,39.0,35.0,-735281,4,"Anadolu, Turkey (general), Turkey",TU,TU00,28356,39.0,35.0,-735281,20260304154500,https://www.aa.com.tr/en/asia-pacific/russia-launches-consultations-with-iraq-palestine-turkiye-amid-us-israel-iran-conflict/3850111
1292362857,20260304,202603,2026,2026.1753,TUR,TURKIYE,TUR,,,,,,,,IGOWSTNAT,NATO,WST,NAT,,,,IGO,,,0,40,40,4,1,1.0,5,1,5,-4.88656195462478,1,Iran,IR,IR,,32.0,53.0,IR,1,Iran,IR,IR,,32.0,53.0,IR,1,Iran,IR,IR,,32.0,53.0,IR,20260304154500,https://www.aljazeera.com/news/2026/3/4/nato-defences-destroy-missile-fired-from-iran-over-mediterranean-turkiye
1292362858,20260304,202603,2026,2026.1753,TURGOV,TURKISH,TUR,,,,,GOV,,,COPGOV,DEPUTY,,,,,,COP,GOV,,1,46,46,4,1,7.0,4,1,4,-2.50783699059561,4,"Anadolu, Turkey (general), Turkey",TU,TU00,28356,39.0,35.0,-735281,4,"Anadolu, Turkey (general), Turkey",TU,TU00,28356,39.0,35.0,-735281,4,"Anadolu, Turkey (general), Turkey",TU,TU00,28356,39.0,35.0,-735281,20260304154500,https://www.aa.com.tr/en/asia-pacific/russia-launches-consultations-with-iraq-palestine-turkiye-amid-us-israel-iran-conflict/3850111
1292362859,20260304,202603,2026,2026.1753,TURGOV,TURKEY,TUR,,,,,GOV,,,COPGOV,DEPUTY,,,,,,COP,GOV,,1,46,46,4,1,7.0,2,1,2,-2.50783699059561,4,"Anadolu, Turkey (general), Turkey",TU,TU00,28356,39.0,35.0,-735281,4,"Gaza, Israel (general), Israel",IS,IS00,18315,31.4167,34.3333,-797156,4,"Anadolu, Turkey (general), Turkey",TU,TU00,28356,39.0,35.0,-735281,20260304154500,https://www.aa.com.tr/en/asia-pacific/russia-launches-consultations-with-iraq-palestine-turkiye-amid-us-israel-iran-conflict/3850111
1292362860,20260304,202603,2026,2026.1753,TZA,TANZANIAN,TZA,,,,,,,,,,,,,,,,,,1,10,10,1,1,0.0,4,1,4,-4.26829268292683,1,Tanzania,TZ,TZ,,-6.0,35.0,TZ,0,,,,,,,,1,Tanzania,TZ,TZ,,-6.0,35.0,TZ,20260304154500,https://allafrica.com/view/group/main/main/id/00095929.html
1292362861,20260304,202603,2026,2026.1753,TZA,TANZANIAN,TZA,,,,,,,,TZAGOV,TANZANIA,TZA,,,,,GOV,,,1,120,120,12,3,-4.0,4,1,4,-4.26829268292683,1,Tanzania,TZ,TZ,,-6.0,35.0,TZ,1,Tanzania,TZ,TZ,,-6.0,35.0,TZ,1,Tanzania,TZ,TZ,,-6.0,35.0,TZ,20260304154500,https://allafrica.com/view/group/main/main/id/00095929.html
1292362862,20260304,202603,2026,2026.1753,TZAGOV,TANZANIAN,TZA,,,,,GOV,,,,,,,,,,,,,1,10,10,1,1,0.0,6,1,6,-4.26829268292683,1,Tanzania,TZ,TZ,,-6.0,35.0,TZ,0,,,,,,,,1,Tanzania,TZ,TZ,,-6.0,35.0,TZ,20260304154500,https://allafrica.com/view/group/main/main/id/00095929.html
1292362863,20260304,202603,2026,2026.1753,TZAGOV,TANZANIAN,TZA,,,,,GOV,,,TZA,TANZANIAN,TZA,,,,,,,,1,120,120,12,3,-4.0,6,1,6,-4.26829268292683,1,Tanzania,TZ,TZ,,-6.0,35.0,TZ,1,Tanzania,TZ,TZ,,-6.0,35.0,TZ,1,Tanzania,TZ,TZ,,-6.0,35.0,TZ,20260304154500,https://allafrica.com/view/group/main/main/id/00095929.html
1292362864,20260304,202603,2026,2026.1753,UAF,TERRORIST LEADER,,,,,,UAF,,,AFR,AFRICA,AFR,,,,,,,,1,42,42,4,1,1.9,10,1,10,-6.81818181818182,1,Somalia,SO,SO,,6.0,48.0,SO,1,Somalia,SO,SO,,6.0,48.0,SO,1,Somalia,SO,SO,,6.0,48.0,SO,20260304154500,https://www.tvguide.co.uk/schedule/602ced3a-d43b-59a2-a086-5dc49a4cb340/ncis
1292362865,20260304,202603,2026,2026.1753,UAF,TERRORIST,,,,,,UAF,,,IRN,IRANIAN,IRN,,,,,,,,0,42,42,4,1,1.9,6,1,6,-5.08474576271186,4,"Kurdistan, Khuzestan, Iran",IR,IR15,41008,30.6693,50.2055,-3072067,4,"Kurdistan, Khuzestan, Iran",IR,IR15,41008,30.6693,50.2055,-3072067,4,"Kurdistan, Khuzestan, Iran",IR,IR15,41008,30.6693,50.2055,-3072067,20260304154500,https://www.presstv.ir/Detail/2026/03/04/764953/IRGC-pounds-bases-of-anti-Iran-separatist-groups-in-Iraqi-Kurdistan
1292362866,20260304,202603,2026,2026.1753,UAF,TERRORIST,,,,,,UAF,,,IRN,IRANIAN,IRN,,,,,,,,0,42,42,4,1,1.9,4,1,4,-5.08474576271186,4,"Koysinjaq, Liwa' Irbil, Iraq",IZ,IZ11,123561,36.0845,44.6286,-3107702,4,"Kurdistan, Khuzestan, Iran",IR,IR15,41008,30.6693,50.2055,-3072067,4,"Kurdistan, Khuzestan, Iran",IR,IR15,41008,30.6693,50.2055,-3072067,20260304154500,https://www.presstv.ir/Detail/2026/03/04/764953/IRGC-pounds-bases-of-anti-Iran-separatist-groups-in-Iraqi-Kurdistan
1292362867,20260304,202603,2026,2026.1753,UAF,TERRORIST ORGANIZATION,,,,,,UAF,,,MIL,MILITARY,,,,,,MIL,,,1,50,50,5,1,3.5,10,1,10,-2.9126213592233,1,United States,US,US,,39.828175,-98.5795,US,1,United States,US,US,,39.828175,-98.5795,US,1,United States,US,US,,39.828175,-98.5795,US,20260304154500,https://www.wgauradio.com/news/world/us-ecuador-launch/HAAKXTR7UYZSZDXR5SRDCTT4Z4/
1292362868,20260304,202603,2026,2026.1753,UAF,MILITANT,,,,,,UAF,,,SOM,SOMALIA,SOM,,,,,,,,1,42,42,4,1,1.9,10,1,10,-6.81818181818182,1,Somalia,SO,SO,,6.0,48.0,SO,1,Somalia,SO,SO,,6.0,48.0,SO,1,Somalia,SO,SO,,6.0,48.0,SO,20260304154500,https://www.tvguide.co.uk/schedule/602ced3a-d43b-59a2-a086-5dc49a4cb340/ncis
1292362869,20260304,202603,2026,2026.1753,UGA,UGANDAN,UGA,,,,,,,,UGAGOV,YOWERI MUSEVENI,UGA,,,,,GOV,,,1,17,17,1,1,0.0,4,1,4,1.0989010989011,1,Uganda,UG,UG,,2.0,33.0,UG,1,Uganda,UG,UG,,2.0,33.0,UG,1,Uganda,UG,UG,,2.0,33.0,UG,20260304154500,https://www.ecofinagency.com/news-finances/0403-53463-uganda-introduces-islamic-insurance-as-financial-sector-opens-to-sharia-products
1292362870,20260304,202603,2026,2026.1753,UGA,UGANDAN,UGA,,,,,,,,UGAGOV,YOWERI MUSEVENI,UGA,,,,,GOV,,,1,42,42,4,1,1.9,4,1,4,1.0989010989011,1,Uganda,UG,UG,,2.0,33.0,UG,1,Uganda,UG,UG,,2.0,33.0,UG,1,Uganda,UG,UG,,2.0,33.0,UG,20260304154500,https://www.ecofinagency.com/news-finances/0403-53463-uganda-introduces-islamic-insurance-as-financial-sector-opens-to-sharia-products
1292362871,20260304,202603,2026,2026.1753,UGAGOV,YOWERI MUSEVENI,UGA,,,,,GOV,,,UGA,UGANDAN,UGA,,,,,,,,1,43,43,4,1,2.8,4,1,4,1.0989010989011,1,Uganda,UG,UG,,2.0,33.0,UG,1,Uganda,UG,UG,,2.0,33.0,UG,1,Uganda,UG,UG,,2.0,33.0,UG,20260304154500,https://www.ecofinagency.com/news-finances/0403-53463-uganda-introduces-islamic-insurance-as-financial-sector-opens-to-sharia-products
1292362872,20260304,202603,2026,2026.1753,UGAGOV,UGANDAN,UGA,,,,,GOV,,,UGAGOV,YOWERI MUSEVENI,UGA,,,,,GOV,,,1,17,17,1,1,0.0,6,1,6,1.0989010989011,1,Uganda,UG,UG,,2.0,33.0,UG,1,Uganda,UG,UG,,2.0,33.0,UG,1,Uganda,UG,UG,,2.0,33.0,UG,20260304154500,https://www.ecofinagency.com/news-finances/0403-53463-uganda-introduces-islamic-insurance-as-financial-sector-opens-to-sharia-products
1292362873,20260304,202603,2026,2026.1753,UGAGOV,UGANDAN,UGA,,,,,GOV,,,UGAGOV,YOWERI MUSEVENI,UGA,,,,,GOV,,,1,42,42,4,1,1.9,6,1,6,1.0989010989011,1,Uganda,UG,UG,,2.0,33.0,UG,1,Uganda,UG,UG,,2.0,33.0,UG,1,Uganda,UG,UG,,2.0,33.0,UG,20260304154500,https://www.ecofinagency.com/news-finances/0403-53463-uganda-introduces-islamic-insurance-as-financial-sector-opens-to-sharia-products
1292362874,20260304,202603,2026,2026.1753,UGAGOV,YOWERI MUSEVENI,UGA,,,,,GOV,,,UGAGOV,UGANDAN,UGA,,,,,GOV,,,1,43,43,4,1,2.8,6,1,6,1.0989010989011,1,Uganda,UG,UG,,2.0,33.0,UG,1,Uganda,UG,UG,,2.0,33.0,UG,1,Uganda,UG,UG,,2.0,33.0,UG,20260304154500,https://www.ecofinagency.com/news-finances/0403-53463-uganda-introduces-islamic-insurance-as-financial-sector-opens-to-sharia-products
1292362875,20260304,202603,2026,2026.1753,UKR,KYIV,UKR,,,,,,,,,,,,,,,,,,1,12,12,1,1,-0.4,8,1,8,-7.37704918032787,4,"Kyiv, Kyyiv, Misto, Ukraine",UP,UP12,28554,50.4333,30.5167,-1044367,0,,,,,,,,4,"Kyiv, Kyyiv, Misto, Ukraine",UP,UP12,28554,50.4333,30.5167,-1044367,20260304154500,https://www.yahoo.com/news/articles/hungary-presses-russia-not-hike-134651378.html
1292362876,20260304,202603,2026,2026.1753,UKR,KYIV,UKR,,,,,,,,,,,,,,,,,,1,12,12,1,1,-0.4,2,1,2,-7.37704918032787,4,"Kyiv, Kyyiv, Misto, Ukraine",UP,UP12,28554,50.4333,30.5167,-1044367,0,,,,,,,,4,"Kremlin, Moskva, Russia",RS,RS48,25106,55.7522,37.6156,-2960561,20260304154500,https://www.yahoo.com/news/articles/hungary-presses-russia-not-hike-134651378.html
1292362877,20260304,202603,2026,2026.1753,UKR,UKRAINE,UKR,,,,,,,,DEU,GERMANY,DEU,,,,,,,,0,40,40,4,1,1.0,2,1,2,-2.49294449670743,1,Ukraine,UP,UP,,49.0,32.0,UP,4,"Munich, Bayern, Germany",GM,GM02,16532,48.15,11.5833,-1829149,1,Ukraine,UP,UP,,49.0,32.0,UP,20260304154500,https://www.presstv.ir/Detail/2026/02/14/764052/the-munich-paradox-a-security-forums-embrace-of-war-advocates-under-the-guise-of-dialogue%20class=hover-effect
1292362878,20260304,202603,2026,2026.1753,UKR,UKRAINE,UKR,,,,,,,,RUS,RUSSIA,RUS,,,,,,,,0,13,13,1,1,0.4,10,10,10,-1.58544378300205,1,United Kingdom,UK,UK,,54.0,-4.0,UK,1,United Kingdom,UK,UK,,54.0,-4.0,UK,1,United Kingdom,UK,UK,,54.0,-4.0,UK,20260304154500,https://www.bordertelegraph.com/news/national/25907528.energy-bills-forecast-rise-10-july-middle-east-war-drives-prices/
1292362879,20260304,202603,2026,2026.1753,UKR,UKRAINE,UKR,,,,,,,,RUS,RUSSIAN,RUS,,,,,,,,1,182,182,18,4,-9.5,2,1,2,-5.66666666666667,4,"Dnipropetrovsk, Dnipropetrovs'ka Oblast', Ukraine",UP,UP04,28546,48.463,35.039,-1037865,1,Russia,RS,RS,,60.0,100.0,RS,4,"Dnipropetrovsk, Dnipropetrovs'ka Oblast', Ukraine",UP,UP04,28546,48.463,35.039,-1037865,20260304154500,https://nypost.com/2026/03/04/world-news/russian-drone-hits-empty-passenger-train-in-ukraines-south/
1292362880,20260304,202603,2026,2026.1753,UKRGOV,UKRAINIAN,UKR,,,,,GOV,,,DEU,MUNICH,DEU,,,,,,,,0,40,40,4,1,1.0,7,1,7,-2.49294449670743,1,Ukraine,UP,UP,,49.0,32.0,UP,4,"Munich, Bayern, Germany",GM,GM02,16532,48.15,11.5833,-1829149,1,Ukraine,UP,UP,,49.0,32.0,UP,20260304154500,https://www.presstv.ir/Detail/2026/02/14/764052/the-munich-paradox-a-security-forums-embrace-of-war-advocates-under-the-guise-of-dialogue%20class=hover-effect
1292362881,20260304,202603,2026,2026.1753,UKRGOV,UKRAINE,UKR,,,,,GOV,,,RUS,RUSSIA,RUS,,,,,,,,0,10,10,1,1,0.0,10,10,10,-1.58544378300205,1,United Kingdom,UK,UK,,54.0,-4.0,UK,1,United Kingdom,UK,UK,,54.0,-4.0,UK,1,United Kingdom,UK,UK,,54.0,-4.0,UK,20260304154500,https://www.bordertelegraph.com/news/national/25907528.energy-bills-forecast-rise-10-july-middle-east-war-drives-prices/
1292362882,20260304,202603,2026,2026.1753,USA,UNITED STATES,USA,,,,,,,,,,,,,,,,,,0,10,10,1,1,0.0,2,1,2,-2.10526315789473,3,"Kaiparowits Plateau, Utah, United States",US,USUT,UT025,37.5,-111.584,1427925,0,,,,,,,,3,"Kaiparowits Plateau, Utah, United States",US,USUT,,37.5,-111.584,1427925,20260304154500,https://www.yahoo.com/news/articles/opinion-why-management-plan-grand-140000159.html
1292362883,20260304,202603,2026,2026.1753,USA,UNITED STATES,USA,,,,,,,,,,,,,,,,,,1,10,10,1,1,0.0,5,1,5,-5.36082474226804,3,"Napa County, California, United States",US,USCA,CA055,38.4832,-122.334,277292,0,,,,,,,,3,"Napa County, California, United States",US,USCA,,38.4832,-122.334,277292,20260304154500,https://nypost.com/2026/03/04/us-news/napa-winemaker-fined-4m-for-secret-rule-breaking/
1292362884,20260304,202603,2026,2026.1753,USA,UNITED STATES,USA,,,,,,,,,,,,,,,,,,1,10,10,1,1,0.0,6,1,4,-1.01975780752072,3,"Evanston, Illinois, United States",US,USIL,IL031,42.0411,-87.6901,408101,0,,,,,,,,3,"Evanston, Illinois, United States",US,USIL,IL031,42.0411,-87.6901,408101,20260304154500,https://dailynorthwestern.com/2026/03/04/city/mayor-daniel-biss-isnt-afraid-to-make-waves-now-hes-aiming-for-washington/
1292362885,20260304,202603,2026,2026.1753,USA,UNITED STATES,USA,,,,,,,,,,,,,,,,,,0,12,12,1,1,-0.4,6,1,6,-1.01975780752072,3,"Evanston, Illinois, United States",US,USIL,IL031,42.0411,-87.6901,408101,0,,,,,,,,3,"Evanston, Illinois, United States",US,USIL,IL031,42.0411,-87.6901,408101,20260304154500,https://dailynorthwestern.com/2026/03/04/city/mayor-daniel-biss-isnt-afraid-to-make-waves-now-hes-aiming-for-washington/
1292362886,20260304,202603,2026,2026.1753,USA,UNITED STATES,USA,,,,,,,,,,,,,,,,,,1,13,13,1,1,0.4,2,1,2,3.125,3,"Deseret, Utah, United States",US,USUT,UT027,39.2869,-112.653,1427343,0,,,,,,,,3,"Deseret, Utah, United States",US,USUT,UT027,39.2869,-112.653,1427343,20260304154500,https://www.sltrib.com/religion/2026/03/04/new-lds-book-highlights-words/
1292362887,20260304,202603,2026,2026.1753,USA,UNITED STATES,USA,,,,,,,,,,,,,,,,,,0,13,13,1,1,0.4,2,1,2,0.91984231274638,3,"Tampa, Florida, United States",US,USFL,FL057,27.9475,-82.4584,292005,0,,,,,,,,3,"Tampa, Florida, United States",US,USFL,FL057,27.9475,-82.4584,292005,20260304154500,https://www.usforacle.com/2026/03/04/usf-student-government-20-hour-limit/
1292362888,20260304,202603,2026,2026.1753,USA,UNITED STATES,USA,,,,,,,,,,,,,,,,,,1,13,13,1,1,0.4,2,1,2,3.125,2,"Massachusetts, United States",US,USMA,,42.2373,-71.5314,MA,0,,,,,,,,2,"Massachusetts, United States",US,USMA,,42.2373,-71.5314,MA,20260304154500,https://www.sltrib.com/religion/2026/03/04/new-lds-book-highlights-words/
1292362889,20260304,202603,2026,2026.1753,USA,UNITED STATES,USA,,,,,,,,,,,,,,,,,,1,15,15,1,1,0.0,4,1,4,-7.62195121951219,2,"Alabama, United States",US,USAL,,32.799,-86.8073,AL,0,,,,,,,,2,"Alabama, United States",US,USAL,,32.799,-86.8073,AL,20260304154500,https://crooksandliars.com/2026/03/absolute-dumbest-man-politics-thinks-youre
1292362890,20260304,202603,2026,2026.1753,USA,UNITED STATES,USA,,,,,,,,,,,,,,,,,,0,16,16,1,1,-2.0,2,1,2,-5.24296675191816,2,"Louisiana, United States",US,USLA,,31.1801,-91.8749,LA,0,,,,,,,,2,"Louisiana, United States",US,USLA,,31.1801,-91.8749,LA,20260304154500,https://www.foxnews.com/us/ex-mayor-convicted-after-son-walks-lewd-act-alcohol-infused-pool-bash
1292362891,20260304,202603,2026,2026.1753,USA,COLORADO,USA,,,,,,,,,,,,,,,,,,1,20,20,2,1,3.0,3,1,3,-0.11547344110855,3,"Fort Collins, Colorado, United States",US,USCO,CO069,40.5853,-105.084,204673,0,,,,,,,,3,"Fort Collins, Colorado, United States",US,USCO,,40.5853,-105.084,204673,20260304154500,https://www.thefencepost.com/news/soil-moisture-system-will-yield-information-for-farmers-foresters-and-forecasters/
1292362892,20260304,202603,2026,2026.1753,USA,UNITED STATES,USA,,,,,,,,,,,,,,,,,,0,20,20,2,1,3.0,4,1,4,-5.36082474226804,3,"Napa Valley, California, United States",US,USCA,CA055,38.2594,-122.289,234352,0,,,,,,,,3,"Napa Valley, California, United States",US,USCA,,38.2594,-122.289,234352,20260304154500,https://nypost.com/2026/03/04/us-news/napa-winemaker-fined-4m-for-secret-rule-breaking/
1292362893,20260304,202603,2026,2026.1753,USA,UNITED STATES,USA,,,,,,,,,,,,,,,,,,0,26,26,2,1,4.0,2,1,2,-0.36764705882353,2,"Colorado, United States",US,USCO,,39.0646,-105.327,CO,0,,,,,,,,2,"Colorado, United States",US,USCO,,39.0646,-105.327,CO,20260304154500,https://www.coloradohometownweekly.com/2026/03/04/lafayette-coca-cola-mural-relocation/
1292362894,20260304,202603,2026,2026.1753,USA,UNITED STATES,USA,,,,,,,,,,,,,,,,,,1,30,30,3,1,4.0,4,1,4,-1.91387559808612,3,"Las Vegas, Nevada, United States",US,USNV,NV003,36.175,-115.137,847388,0,,,,,,,,3,"Las Vegas, Nevada, United States",US,USNV,,36.175,-115.137,847388,20260304154500,https://decider.com/2026/03/04/wwhl-tom-sandoval-reveals-lindsay-hubbard-bravocon-fight/
1292362895,20260304,202603,2026,2026.1753,USA,MINNESOTA,USA,,,,,,,,,,,,,,,,,,0,311,31,3,1,5.2,10,1,10,-3.42205323193916,2,"Minnesota, United States",US,USMN,,45.7326,-93.9196,MN,0,,,,,,,,2,"Minnesota, United States",US,USMN,,45.7326,-93.9196,MN,20260304154500,https://dailyyonder.com/rural-healthcare-is-in-the-red-as-trump-withholds-medicaid-payments-to-minnesota/2026/03/04/
1292362896,20260304,202603,2026,2026.1753,USA,UNITED STATES,USA,,,,,,,,,,,,,,,,,,1,36,36,3,1,4.0,2,1,2,-3.34728033472803,3,"Burbank, California, United States",US,USCA,CA085,37.3233,-121.932,277480,0,,,,,,,,3,"Burbank, California, United States",US,USCA,CA085,37.3233,-121.932,277480,20260304154500,https://www.yahoo.com/news/articles/dangerous-santa-ana-winds-blast-034452091.html
1292362897,20260304,202603,2026,2026.1753,USA,UNITED STATES,USA,,,,,,,,,,,,,,,,,,0,36,36,3,1,4.0,2,1,2,-3.20924261874197,2,"Wisconsin, United States",US,USWI,,44.2563,-89.6385,WI,0,,,,,,,,2,"Texas, United States",US,USTX,,31.106,-97.6475,TX,20260304154500,https://talkingpointsmemo.com/news/embattled-gonzales-and-right-wing-youtuber-set-to-face-off-in-a-runoff
1292362898,20260304,202603,2026,2026.1753,USA,UNITED STATES,USA,,,,,,,,,,,,,,,,,,0,36,36,3,1,4.0,2,1,2,-3.20924261874197,2,"Wisconsin, United States",US,USWI,,44.2563,-89.6385,WI,0,,,,,,,,2,"Wisconsin, United States",US,USWI,,44.2563,-89.6385,WI,20260304154500,https://talkingpointsmemo.com/news/embattled-gonzales-and-right-wing-youtuber-set-to-face-off-in-a-runoff
1292362899,20260304,202603,2026,2026.1753,USA,UNITED STATES,USA,,,,,,,,,,,,,,,,,,1,40,40,4,1,1.0,4,1,4,3.52941176470589,3,"Brooklyn, New York, United States",US,USNY,NY025,42.3442,-75.1704,944840,0,,,,,,,,3,"Brooklyn, New York, United States",US,USNY,NY025,42.3442,-75.1704,944840,20260304154500,https://www.bhg.com/interior-designer-outdated-decor-picks-march-2026-11918087
1292362900,20260304,202603,2026,2026.1753,USA,RALEIGH,USA,,,,,,,,,,,,,,,,,,0,42,42,4,1,1.9,4,1,4,-2.57400257400257,3,"Raleigh, North Carolina, United States",US,USNC,NC183,35.7721,-78.6386,1024242,0,,,,,,,,3,"Raleigh, North Carolina, United States",US,USNC,NC183,35.7721,-78.6386,1024242,20260304154500,https://www.ibtimes.com.au/tornado-warning-statewide-tornado-drills-sweep-multiple-states-severe-weather-prompts-siren-tests-1862639
1292362901,20260304,202603,2026,2026.1753,USA,THE US,USA,,,,,,,,,,,,,,,,,,0,43,43,4,1,2.8,10,1,10,1.78913738019169,4,"Dublin, Dublin, Ireland",EI,EI07,18288,53.3331,-6.24889,-1502554,0,,,,,,,,4,"Dublin, Dublin, Ireland",EI,EI07,18288,53.3331,-6.24889,-1502554,20260304154500,https://www.businessinsider.com/moving-to-ireland-from-united-states-things-to-know-advice-2026-3
1292362902,20260304,202603,2026,2026.1753,USA,YOSEMITE,USA,,,,,,,,,,,,,,,,,,0,43,43,4,1,2.8,5,1,5,-2.10526315789473,3,"Bryce Canyon, Utah, United States",US,USUT,UT017,37.6283,-112.168,1439206,0,,,,,,,,3,"Bryce Canyon, Utah, United States",US,USUT,,37.6283,-112.168,1439206,20260304154500,https://www.yahoo.com/news/articles/opinion-why-management-plan-grand-140000159.html
1292362903,20260304,202603,2026,2026.1753,USA,UNITED STATES,USA,,,,,,,,,,,,,,,,,,0,43,43,4,1,2.8,7,1,7,12.7747252747252,3,"Nuestro, California, United States",US,USCA,CA101,39.1838,-121.662,1659262,0,,,,,,,,3,"Nuestro, California, United States",US,USCA,CA101,39.1838,-121.662,1659262,20260304154500,https://www.upi.com/Entertainment_News/Movies/2026/03/04/awards-oscars-grammys-golden-globes/5721767707522/
1292362904,20260304,202603,2026,2026.1753,USA,UNITED STATES,USA,,,,,,,,,,,,,,,,,,1,43,43,4,1,2.8,8,1,4,-5.36082474226804,3,"Napa Valley, California, United States",US,USCA,CA055,38.2594,-122.289,234352,0,,,,,,,,3,"Napa Valley, California, United States",US,USCA,,38.2594,-122.289,234352,20260304154500,https://nypost.com/2026/03/04/us-news/napa-winemaker-fined-4m-for-secret-rule-breaking/
1292362905,20260304,202603,2026,2026.1753,USA,UNITED STATES,USA,,,,,,,,,,,,,,,,,,1,43,43,4,1,2.8,4,1,4,-1.91387559808612,3,"Las Vegas, Nevada, United States",US,USNV,NV003,36.175,-115.137,847388,0,,,,,,,,3,"Las Vegas, Nevada, United States",US,USNV,,36.175,-115.137,847388,20260304154500,https://decider.com/2026/03/04/wwhl-tom-sandoval-reveals-lindsay-hubbard-bravocon-fight/
1292362906,20260304,202603,2026,2026.1753,USA,RALEIGH,USA,,,,,,,,,,,,,,,,,,0,51,51,5,1,3.4,4,1,4,-2.57400257400257,3,"Raleigh, North Carolina, United States",US,USNC,NC183,35.7721,-78.6386,1024242,0,,,,,,,,3,"Raleigh, North Carolina, United States",US,USNC,NC183,35.7721,-78.6386,1024242,20260304154500,https://www.ibtimes.com.au/tornado-warning-statewide-tornado-drills-sweep-multiple-states-severe-weather-prompts-siren-tests-1862639
1292362907,20260304,202603,2026,2026.1753,USA,UNITED STATES,USA,,,,,,,,,,,,,,,,,,1,51,51,5,1,3.4,2,1,2,-1.17493472584857,3,"Beaverton, Oregon, United States",US,USOR,OR067,45.4871,-122.804,1637830,0,,,,,,,,3,"Beaverton, Oregon, United States",US,USOR,OR067,45.4871,-122.804,1637830,20260304154500,https://www.backpacker.com/gear/backpacks/4-signs-your-backpacking-pack-doesnt-fit-right/
1292362908,20260304,202603,2026,2026.1753,USA,UNITED STATES,USA,,,,,,,,,,,,,,,,,,0,51,51,5,1,3.4,7,1,7,12.7747252747252,3,"Nuestro, California, United States",US,USCA,CA101,39.1838,-121.662,1659262,0,,,,,,,,3,"Nuestro, California, United States",US,USCA,CA101,39.1838,-121.662,1659262,20260304154500,https://www.upi.com/Entertainment_News/Movies/2026/03/04/awards-oscars-grammys-golden-globes/5721767707522/
1292362909,20260304,202603,2026,2026.1753,USA,UNITED STATES,USA,,,,,,,,,,,,,,,,,,0,51,51,5,1,3.4,10,1,8,-1.01975780752072,3,"Evanston, Illinois, United States",US,USIL,IL031,42.0411,-87.6901,408101,0,,,,,,,,3,"Evanston, Illinois, United States",US,USIL,IL031,42.0411,-87.6901,408101,20260304154500,https://dailynorthwestern.com/2026/03/04/city/mayor-daniel-biss-isnt-afraid-to-make-waves-now-hes-aiming-for-washington/
1292362910,20260304,202603,2026,2026.1753,USA,UNITED STATES,USA,,,,,,,,,,,,,,,,,,0,51,51,5,1,3.4,2,1,2,-1.01975780752072,3,"Evanston, Illinois, United States",US,USIL,IL031,42.0411,-87.6901,408101,0,,,,,,,,2,"Illinois, United States",US,USIL,,40.3363,-89.0022,IL,20260304154500,https://dailynorthwestern.com/2026/03/04/city/mayor-daniel-biss-isnt-afraid-to-make-waves-now-hes-aiming-for-washington/
1292362911,20260304,202603,2026,2026.1753,USA,UNITED STATES,USA,,,,,,,,,,,,,,,,,,1,55,55,5,1,7.0,2,1,2,-1.91387559808612,3,"Las Vegas, Nevada, United States",US,USNV,NV003,36.175,-115.137,847388,0,,,,,,,,3,"Las Vegas, Nevada, United States",US,USNV,,36.175,-115.137,847388,20260304154500,https://decider.com/2026/03/04/wwhl-tom-sandoval-reveals-lindsay-hubbard-bravocon-fight/
1292362912,20260304,202603,2026,2026.1753,USA,UNITED STATES,USA,,,,,,,,,,,,,,,,,,0,61,61,6,2,6.4,10,1,10,-1.88133140376266,2,"New York, United States",US,USNY,,42.1497,-74.9384,NY,0,,,,,,,,2,"New York, United States",US,USNY,,42.1497,-74.9384,NY,20260304154500,https://www.swissinfo.ch/eng/swiss-diplomacy/swiss-protecting-power-mandate-in-iran-crown-jewel-or-diplomatic-relic/91030279
1292362913,20260304,202603,2026,2026.1753,USA,UNITED STATES,USA,,,,,,,,,,,,,,,,,,1,80,80,8,2,5.0,2,1,2,-1.17493472584857,3,"Beaverton, Oregon, United States",US,USOR,OR067,45.4871,-122.804,1637830,0,,,,,,,,3,"Beaverton, Oregon, United States",US,USOR,OR067,45.4871,-122.804,1637830,20260304154500,https://www.backpacker.com/gear/backpacks/4-signs-your-backpacking-pack-doesnt-fit-right/
1292362915,20260304,202603,2026,2026.1753,USA,UNITED STATES,USA,,,,,,,,,,,,,,,,,,1,100,100,10,3,-5.0,2,1,2,-1.17493472584857,3,"Beaverton, Oregon, United States",US,USOR,OR067,45.4871,-122.804,1637830,0,,,,,,,,3,"Beaverton, Oregon, United States",US,USOR,OR067,45.4871,-122.804,1637830,20260304154500,https://www.backpacker.com/gear/backpacks/4-signs-your-backpacking-pack-doesnt-fit-right/
1292362916,20260304,202603,2026,2026.1753,USA,UNITED STATES,USA,,,,,,,,,,,,,,,,,,0,112,112,11,3,-2.0,4,1,4,-6.92307692307692,3,"Charlotte, North Carolina, United States",US,USNC,NC119,35.2271,-80.8431,1019610,0,,,,,,,,2,"North Carolina, United States",US,USNC,,35.6411,-79.8431,NC,20260304154500,https://www.foxnews.com/politics/whatley-links-cooper-transit-killing-accuses-dem-freeing-rapists-murderers
1292362917,20260304,202603,2026,2026.1753,USA,UNITED STATES,USA,,,,,,,,,,,,,,,,,,0,112,112,11,3,-2.0,6,1,4,-1.01975780752072,3,"Evanston, Illinois, United States",US,USIL,IL031,42.0411,-87.6901,408101,0,,,,,,,,3,"Evanston, Illinois, United States",US,USIL,IL031,42.0411,-87.6901,408101,20260304154500,https://dailynorthwestern.com/2026/03/04/city/mayor-daniel-biss-isnt-afraid-to-make-waves-now-hes-aiming-for-washington/
1292362918,20260304,202603,2026,2026.1753,USA,UNITED STATES,USA,,,,,,,,,,,,,,,,,,0,120,120,12,3,-4.0,1,1,1,-5.36082474226804,3,"Napa Valley, California, United States",US,USCA,CA055,38.2594,-122.289,234352,0,,,,,,,,3,"Napa Valley, California, United States",US,USCA,,38.2594,-122.289,234352,20260304154500,https://nypost.com/2026/03/04/us-news/napa-winemaker-fined-4m-for-secret-rule-breaking/
1292362919,20260304,202603,2026,2026.1753,USA,UNITED STATES,USA,,,,,,,,,,,,,,,,,,0,120,120,12,3,-4.0,1,1,1,-5.36082474226804,3,"Napa Valley, California, United States",US,USCA,CA055,38.2594,-122.289,234352,0,,,,,,,,3,"Napa County, California, United States",US,USCA,,38.4832,-122.334,277292,20260304154500,https://nypost.com/2026/03/04/us-news/napa-winemaker-fined-4m-for-secret-rule-breaking/
1292362920,20260304,202603,2026,2026.1753,USA,UNITED STATES,USA,,,,,,,,,,,,,,,,,,0,130,130,13,3,-4.4,2,1,2,-0.67849686847599,2,"Kentucky, United States",US,USKY,,37.669,-84.6514,KY,0,,,,,,,,2,"Kentucky, United States",US,USKY,,37.669,-84.6514,KY,20260304154500,https://www.ksdk.com/article/news/politics/shopping-around-power-missouri-bill-break-up-electric-utilities/63-e9c63a2d-2329-4a26-9582-ec4f1513bd80
1292362921,20260304,202603,2026,2026.1753,USA,UNITED STATES,USA,,,,,,,,,,,,,,,,,,1,1712,171,17,4,-9.2,4,1,4,-5.78158458244111,3,"Plainfield, Indiana, United States",US,USIN,IN091,41.7081,-86.4767,441218,0,,,,,,,,3,"Plainfield, Indiana, United States",US,USIN,IN091,41.7081,-86.4767,441218,20260304154500,https://www.christianpost.com/news/man-who-vandalized-church-with-satanic-imagery-gets-10-months.html
1292362922,20260304,202603,2026,2026.1753,USA,UNITED STATES,USA,,,,,,,,,,,,,,,,,,1,172,172,17,4,-5.0,6,1,4,-5.36082474226804,3,"Napa Valley, California, United States",US,USCA,CA055,38.2594,-122.289,234352,0,,,,,,,,3,"Napa Valley, California, United States",US,USCA,,38.2594,-122.289,234352,20260304154500,https://nypost.com/2026/03/04/us-news/napa-winemaker-fined-4m-for-secret-rule-breaking/
1292362923,20260304,202603,2026,2026.1753,USA,UNITED STATES,USA,,,,,,,,,,,,,,,,,,1,173,173,17,4,-5.0,4,1,4,-15.4761904761905,3,"Madison County, Ohio, United States",US,USOH,OH097,39.8667,-83.4333,1074061,0,,,,,,,,3,"Madison County, Ohio, United States",US,USOH,,39.8667,-83.4333,1074061,20260304154500,https://abc6onyourside.com/news/local/madison-county-man-arrested-charged-with-murder-in-wifes-death-london-true-crime
1292362924,20260304,202603,2026,2026.1753,USA,UNITED STATES,USA,,,,,,,,,,,,,,,,,,1,173,173,17,4,-5.0,1,1,1,-4.82233502538071,1,Iran,IR,IR,,32.0,53.0,IR,0,,,,,,,,1,Sri Lanka,CE,CE,,7.0,81.0,CE,20260304154500,https://www.leicestermercury.co.uk/news/uk-world-news/trump-survives-iran-assassination-attempt-10847866
1292362925,20260304,202603,2026,2026.1753,USA,UNITED STATES,USA,,,,,,,,,,,,,,,,,,1,173,173,17,4,-5.0,1,1,1,-4.82233502538071,1,Iran,IR,IR,,32.0,53.0,IR,0,,,,,,,,1,Iran,IR,IR,,32.0,53.0,IR,20260304154500,https://www.leicestermercury.co.uk/news/uk-world-news/trump-survives-iran-assassination-attempt-10847866
1292362926,20260304,202603,2026,2026.1753,USA,UNITED STATES,USA,,,,,,,,,,,,,,,,,,1,190,190,19,4,-10.0,3,1,3,-15.4761904761905,3,"Madison County, Ohio, United States",US,USOH,OH097,39.8667,-83.4333,1074061,0,,,,,,,,4,"London, London, City of, United Kingdom",UK,UKH9,40110,51.5,-0.116667,-2601889,20260304154500,https://abc6onyourside.com/news/local/madison-county-man-arrested-charged-with-murder-in-wifes-death-london-true-crime
1292362927,20260304,202603,2026,2026.1753,USA,UNITED STATES,USA,,,,,,,,,,,,,,,,,,1,190,190,19,4,-10.0,1,1,1,-15.4761904761905,3,"Madison County, Ohio, United States",US,USOH,OH097,39.8667,-83.4333,1074061,0,,,,,,,,3,"Madison County, Ohio, United States",US,USOH,,39.8667,-83.4333,1074061,20260304154500,https://abc6onyourside.com/news/local/madison-county-man-arrested-charged-with-murder-in-wifes-death-london-true-crime
1292362928,20260304,202603,2026,2026.1753,USA,UNITED STATES,USA,,,,,,,,AFR,AFRICA,AFR,,,,,,,,1,40,40,4,1,1.0,10,1,10,5.4054054054054,1,United States,US,US,,39.828175,-98.5795,US,1,United States,US,US,,39.828175,-98.5795,US,1,United States,US,US,,39.828175,-98.5795,US,20260304154500,https://www.billboard.com/music/awards/sankofa-org-social-justice-awards-2026-honorees-chuck-d-1236191219/
1292362929,20260304,202603,2026,2026.1753,USA,JACKSONVILLE,USA,,,,,,,,ARE,UNITED ARAB EMIRATES,ARE,,,,,,,,1,43,43,4,1,2.8,5,1,5,-3.70370370370371,3,"Philadelphia, Pennsylvania, United States",US,USPA,PA101,39.9523,-75.1638,1209052,3,"Philadelphia, Pennsylvania, United States",US,USPA,PA101,39.9523,-75.1638,1209052,3,"Philadelphia, Pennsylvania, United States",US,USPA,PA101,39.9523,-75.1638,1209052,20260304154500,https://www.independent.co.uk/news/science/archaeology/iran-swords-philadelphia-bronze-age-b2931723.html
1292362930,20260304,202603,2026,2026.1753,USA,THE US,USA,,,,,,,,BGD,BANGLADESH,BGD,,,,,,,,0,50,50,5,1,3.5,10,1,10,1.02040816326531,1,Bangladesh,BG,BG,,24.0,90.0,BG,1,Bangladesh,BG,BG,,24.0,90.0,BG,1,Bangladesh,BG,BG,,24.0,90.0,BG,20260304154500,https://www.tbsnews.net/bangladesh/us-trade-deal-discussed-bnp-jamaat-signing-fm-1377386
1292362931,20260304,202603,2026,2026.1753,USA,UNITED STATES,USA,,,,,,,,BUS,EMPLOYER,,,,,,BUS,,,1,10,10,1,1,0.0,6,1,6,-2.75526742301459,2,"Illinois, United States",US,USIL,,40.3363,-89.0022,IL,2,"Illinois, United States",US,USIL,,40.3363,-89.0022,IL,2,"Illinois, United States",US,USIL,,40.3363,-89.0022,IL,20260304154500,https://www.yahoo.com/news/articles/illinois-lawmaker-supports-epa-rollback-151400832.html
1292362932,20260304,202603,2026,2026.1753,USA,UNITED STATES,USA,,,,,,,,BUS,BUSINESS,,,,,,BUS,,,1,61,61,6,2,6.4,4,1,4,-4.50928381962865,1,France,FR,FR,,46.0,2.0,FR,1,France,FR,FR,,46.0,2.0,FR,1,France,FR,FR,,46.0,2.0,FR,20260304154500,https://www.thespiritsbusiness.com/2026/03/cognac-exports-to-north-america-slide-34/
1292362933,20260304,202603,2026,2026.1753,USA,UNITED STATES,USA,,,,,,,,CHE,SWITZERLAND,CHE,,,,,,,,1,20,20,2,1,3.0,5,1,5,-1.88133140376266,3,"Washington, District of Columbia, United States",US,USDC,DC001,38.8951,-77.0364,531871,4,"Geneva, Genè, Switzerland",SZ,SZ07,16329,46.1956,6.14811,-2552151,4,"Geneva, Genè, Switzerland",SZ,SZ07,16329,46.1956,6.14811,-2552151,20260304154500,https://www.swissinfo.ch/eng/swiss-diplomacy/swiss-protecting-power-mandate-in-iran-crown-jewel-or-diplomatic-relic/91030279
1292362934,20260304,202603,2026,2026.1753,USA,THE US,USA,,,,,,,,CHE,BERN,CHE,,,,,,,,0,50,50,5,1,3.5,2,1,2,-1.88133140376266,4,"Tehran, Tehran, Iran",IR,IR26,41130,35.75,51.5148,10074674,4,"Bern, Bern, Switzerland",SZ,SZ05,26290,46.9167,7.46667,-2551235,4,"Bern, Bern, Switzerland",SZ,SZ05,26290,46.9167,7.46667,-2551235,20260304154500,https://www.swissinfo.ch/eng/swiss-diplomacy/swiss-protecting-power-mandate-in-iran-crown-jewel-or-diplomatic-relic/91030279
1292362935,20260304,202603,2026,2026.1753,USA,UNITED STATES,USA,,,,,,,,COP,DEPUTY,,,,,,COP,,,0,13,13,1,1,0.4,4,1,4,-1.23239436619719,2,"Wisconsin, United States",US,USWI,,44.2563,-89.6385,WI,2,"Wisconsin, United States",US,USWI,,44.2563,-89.6385,WI,2,"Wisconsin, United States",US,USWI,,44.2563,-89.6385,WI,20260304154500,https://www.wispolitics.com/2026/co-chair-says-nothing-wrong-with-dpi-water-park-conference-as-joint-finance-releases-1-75-million-to-agency/
1292362936,20260304,202603,2026,2026.1753,USA,PENNSYLVANIA,USA,,,,,,,,COP,POLICE,,,,,,COP,,,1,20,20,2,1,3.0,8,1,8,-4.02298850574713,2,"Pennsylvania, United States",US,USPA,,40.5773,-77.264,PA,2,"Pennsylvania, United States",US,USPA,,40.5773,-77.264,PA,2,"Pennsylvania, United States",US,USPA,,40.5773,-77.264,PA,20260304154500,https://www.cbsnews.com/philadelphia/news/wilmington-delaware-shooting-ramsey-road-barricade/
1292362937,20260304,202603,2026,2026.1753,USA,INDIANA,USA,,,,,,,,COP,PRISON,,,,,,COP,,,1,84,84,8,2,7.0,2,1,2,-5.78158458244111,2,"Indiana, United States",US,USIN,,39.8647,-86.2604,IN,3,"Plainfield, Indiana, United States",US,USIN,IN091,41.7081,-86.4767,441218,3,"Plainfield, Indiana, United States",US,USIN,IN091,41.7081,-86.4767,441218,20260304154500,https://www.christianpost.com/news/man-who-vandalized-church-with-satanic-imagery-gets-10-months.html
1292362938,20260304,202603,2026,2026.1753,USA,INDIANA,USA,,,,,,,,COP,PRISON,,,,,,COP,,,1,84,84,8,2,7.0,5,1,5,-5.78158458244111,2,"Indiana, United States",US,USIN,,39.8647,-86.2604,IN,2,"Indiana, United States",US,USIN,,39.8647,-86.2604,IN,3,"Plainfield, Indiana, United States",US,USIN,IN091,41.7081,-86.4767,441218,20260304154500,https://www.christianpost.com/news/man-who-vandalized-church-with-satanic-imagery-gets-10-months.html
1292362939,20260304,202603,2026,2026.1753,USA,INDIANA,USA,,,,,,,,COP,PRISON,,,,,,COP,,,1,1712,171,17,4,-9.2,6,1,6,-5.78158458244111,3,"Plainfield, Indiana, United States",US,USIN,IN091,41.7081,-86.4767,441218,3,"Plainfield, Indiana, United States",US,USIN,IN091,41.7081,-86.4767,441218,3,"Plainfield, Indiana, United States",US,USIN,IN091,41.7081,-86.4767,441218,20260304154500,https://www.christianpost.com/news/man-who-vandalized-church-with-satanic-imagery-gets-10-months.html
1292362940,20260304,202603,2026,2026.1753,USA,INDIANA,USA,,,,,,,,COP,PRISON,,,,,,COP,,,1,1712,171,17,4,-9.2,4,1,4,-5.78158458244111,2,"Indiana, United States",US,USIN,,39.8647,-86.2604,IN,2,"Indiana, United States",US,USIN,,39.8647,-86.2604,IN,2,"Indiana, United States",US,USIN,,39.8647,-86.2604,IN,20260304154500,https://www.christianpost.com/news/man-who-vandalized-church-with-satanic-imagery-gets-10-months.html
1292362941,20260304,202603,2026,2026.1753,USA,INDIANA,USA,,,,,,,,COP,PRISON,,,,,,COP,,,1,173,173,17,4,-5.0,2,1,2,-5.78158458244111,2,"Indiana, United States",US,USIN,,39.8647,-86.2604,IN,3,"Plainfield, Indiana, United States",US,USIN,IN091,41.7081,-86.4767,441218,2,"Indiana, United States",US,USIN,,39.8647,-86.2604,IN,20260304154500,https://www.christianpost.com/news/man-who-vandalized-church-with-satanic-imagery-gets-10-months.html
1292362942,20260304,202603,2026,2026.1753,USA,INDIANA,USA,,,,,,,,COP,PRISON,,,,,,COP,,,1,173,173,17,4,-5.0,8,1,8,-5.78158458244111,2,"Indiana, United States",US,USIN,,39.8647,-86.2604,IN,2,"Indiana, United States",US,USIN,,39.8647,-86.2604,IN,2,"Indiana, United States",US,USIN,,39.8647,-86.2604,IN,20260304154500,https://www.christianpost.com/news/man-who-vandalized-church-with-satanic-imagery-gets-10-months.html
1292362943,20260304,202603,2026,2026.1753,USA,UNITED STATES,USA,,,,,,,,CRM,ILLEGAL IMMIGRANT,,,,,,CRM,,,0,112,112,11,3,-2.0,2,1,2,-2.16508795669824,1,United States,US,US,,39.828175,-98.5795,US,1,United States,US,US,,39.828175,-98.5795,US,1,United States,US,US,,39.828175,-98.5795,US,20260304154500,https://dailynorthwestern.com/2026/03/04/top-stories/students-from-political-clubs-debate-maga-u-s-nato-membership-and-immigration-in-bridgenu-event/
1292362944,20260304,202603,2026,2026.1753,USA,UTAH,USA,,,,,,,,CVL,RESIDENTS,,,,,,CVL,,,1,12,12,1,1,-0.4,4,1,4,-0.18975332068311,3,"Skyline Mine, Utah, United States",US,USUT,UT037,37.0208,-110.234,1432528,3,"Skyline Mine, Utah, United States",US,USUT,,37.0208,-110.234,1432528,3,"Skyline Mine, Utah, United States",US,USUT,,37.0208,-110.234,1432528,20260304154500,https://www.fox13now.com/news/local-news/carbon-county/will-new-coal-mine-next-to-reservoir-disturb-mountain-tranquility-of-utah-community
1292362945,20260304,202603,2026,2026.1753,USA,UTAH,USA,,,,,,,,CVL,RESIDENTS,,,,,,CVL,,,1,12,12,1,1,-0.4,3,1,3,-0.18975332068311,2,"Utah, United States",US,USUT,,40.1135,-111.854,UT,2,"Utah, United States",US,USUT,,40.1135,-111.854,UT,2,"Utah, United States",US,USUT,,40.1135,-111.854,UT,20260304154500,https://www.fox13now.com/news/local-news/carbon-county/will-new-coal-mine-next-to-reservoir-disturb-mountain-tranquility-of-utah-community
1292362946,20260304,202603,2026,2026.1753,USA,UNITED STATES,USA,,,,,,,,CVL,RESIDENTS,,,,,,CVL,,,1,20,20,2,1,3.0,1,1,1,-1.01975780752072,3,"Evanston, Illinois, United States",US,USIL,IL031,42.0411,-87.6901,408101,3,"Chute Middle School, Illinois, United States",US,USIL,,42.0261,-87.6926,1826687,3,"Chute Middle School, Illinois, United States",US,USIL,,42.0261,-87.6926,1826687,20260304154500,https://dailynorthwestern.com/2026/03/04/city/mayor-daniel-biss-isnt-afraid-to-make-waves-now-hes-aiming-for-washington/
1292362947,20260304,202603,2026,2026.1753,USA,UNITED STATES,USA,,,,,,,,CVL,RESIDENTS,,,,,,CVL,,,1,20,20,2,1,3.0,1,1,1,-1.01975780752072,3,"Evanston, Illinois, United States",US,USIL,IL031,42.0411,-87.6901,408101,3,"Evanston, Illinois, United States",US,USIL,IL031,42.0411,-87.6901,408101,3,"Evanston, Illinois, United States",US,USIL,IL031,42.0411,-87.6901,408101,20260304154500,https://dailynorthwestern.com/2026/03/04/city/mayor-daniel-biss-isnt-afraid-to-make-waves-now-hes-aiming-for-washington/
1292362948,20260304,202603,2026,2026.1753,USA,UNITED STATES,USA,,,,,,,,CVL,CITIZEN,,,,,,CVL,,,0,110,110,11,3,-2.0,2,1,2,-0.36764705882353,2,"Colorado, United States",US,USCO,,39.0646,-105.327,CO,2,"Colorado, United States",US,USCO,,39.0646,-105.327,CO,2,"Colorado, United States",US,USCO,,39.0646,-105.327,CO,20260304154500,https://www.coloradohometownweekly.com/2026/03/04/lafayette-coca-cola-mural-relocation/
1292362949,20260304,202603,2026,2026.1753,USA,UNITED STATES,USA,,,,,,,,ECUCRM,ECUADOR,ECU,,,,,CRM,,,1,190,190,19,4,-10.0,10,1,10,-2.66666666666667,4,"Quito, Pichincha, Ecuador",EC,EC18,18585,-0.216667,-78.5,-932573,4,"Quito, Pichincha, Ecuador",EC,EC18,18585,-0.216667,-78.5,-932573,4,"Quito, Pichincha, Ecuador",EC,EC18,18585,-0.216667,-78.5,-932573,20260304154500,https://www.breitbart.com/national-security/2026/03/04/southcom-launches-anti-narco-terrorism-operations-in-ecuador/
1292362950,20260304,202603,2026,2026.1753,USA,UNITED STATES,USA,,,,,,,,EDU,PROFESSOR,,,,,,EDU,,,1,12,12,1,1,-0.4,2,1,2,-1.89959294436907,2,"Florida, United States",US,USFL,,27.8333,-81.717,FL,2,"Florida, United States",US,USFL,,27.8333,-81.717,FL,2,"Florida, United States",US,USFL,,27.8333,-81.717,FL,20260304154500,https://www.usforacle.com/2026/03/04/usf-florida-pause-h1b-hiring-until-2027/
1292362951,20260304,202603,2026,2026.1753,USA,UNITED STATES,USA,,,,,,,,EDU,SCHOOL,,,,,,EDU,,,0,43,43,4,1,2.8,4,1,4,-6.52709359605911,3,"Hollywood, California, United States",US,USCA,CA037,34.0983,-118.327,1660757,3,"Hollywood, California, United States",US,USCA,CA037,34.0983,-118.327,1660757,3,"Hollywood, California, United States",US,USCA,CA037,34.0983,-118.327,1660757,20260304154500,https://www.koimoi.com/hollywood-news/all-scream-movies-ranked-how-the-1996-original-compares-to-scream-7/
1292362952,20260304,202603,2026,2026.1753,USA,INDIANAPOLIS,USA,,,,,,,,EDU,STUDENT,,,,,,EDU,,,1,43,43,4,1,2.8,4,1,4,1.18343195266272,3,"Lawrenceburg, Indiana, United States",US,USIN,IN029,39.0909,-84.85,437674,3,"Lawrenceburg, Indiana, United States",US,USIN,IN029,39.0909,-84.85,437674,3,"Lawrenceburg, Indiana, United States",US,USIN,IN029,39.0909,-84.85,437674,20260304154500,https://www.eaglecountryonline.com/news/local-news/sen-maxwell-welcomes-local-students-to-statehouse-as-senate-pages/
1292362953,20260304,202603,2026,2026.1753,USA,INDIANAPOLIS,USA,,,,,,,,EDU,STUDENT,,,,,,EDU,,,1,43,43,4,1,2.8,6,1,6,1.18343195266272,2,"Indiana, United States",US,USIN,,39.8647,-86.2604,IN,2,"Indiana, United States",US,USIN,,39.8647,-86.2604,IN,2,"Indiana, United States",US,USIN,,39.8647,-86.2604,IN,20260304154500,https://www.eaglecountryonline.com/news/local-news/sen-maxwell-welcomes-local-students-to-statehouse-as-senate-pages/
1292362954,20260304,202603,2026,2026.1753,USA,NEW YORK,USA,,,,,,,,EDU,STUDENT,,,,,,EDU,,,0,51,51,5,1,3.4,10,1,10,-2.08333333333334,2,"New York, United States",US,USNY,,42.1497,-74.9384,NY,2,"New York, United States",US,USNY,,42.1497,-74.9384,NY,2,"New York, United States",US,USNY,,42.1497,-74.9384,NY,20260304154500,https://whsm.com:443/news/2026/03/04/evers-says-he-has-to-think-about-the-bell-to-bell-cell-phone-ban-lawmakers-are-pushing
1292362955,20260304,202603,2026,2026.1753,USA,UNITED STATES,USA,,,,,,,,EDU,UNIVERSITY,,,,,,EDU,,,1,90,90,9,2,-2.0,5,1,5,-0.11547344110855,3,"Fort Collins, Colorado, United States",US,USCO,CO069,40.5853,-105.084,204673,3,"Fort Collins, Colorado, United States",US,USCO,,40.5853,-105.084,204673,3,"Fort Collins, Colorado, United States",US,USCO,,40.5853,-105.084,204673,20260304154500,https://www.thefencepost.com/news/soil-moisture-system-will-yield-information-for-farmers-foresters-and-forecasters/
1292362956,20260304,202603,2026,2026.1753,USA,UNITED STATES,USA,,,,,,,,EDU,UNIVERSITY,,,,,,EDU,,,1,90,90,9,2,-2.0,1,1,1,-0.11547344110855,2,"Colorado, United States",US,USCO,,39.0646,-105.327,CO,3,"Fort Collins, Colorado, United States",US,USCO,,40.5853,-105.084,204673,2,"Colorado, United States",US,USCO,,39.0646,-105.327,CO,20260304154500,https://www.thefencepost.com/news/soil-moisture-system-will-yield-information-for-farmers-foresters-and-forecasters/
1292362957,20260304,202603,2026,2026.1753,USA,UNITED STATES,USA,,,,,,,,EDU,SCHOOL,,,,,,EDU,,,1,190,190,19,4,-10.0,4,1,4,-11.0599078341013,2,"Georgia, United States",US,USGA,,32.9866,-83.6487,GA,2,"Georgia, United States",US,USGA,,32.9866,-83.6487,GA,2,"Georgia, United States",US,USGA,,32.9866,-83.6487,GA,20260304154500,https://themunicheye.com/georgia-father-school-shooting-sentencing-32828
1292362958,20260304,202603,2026,2026.1753,USA,YOSEMITE,USA,,,,,,,,ENV,ENVIRONMENTALIST,,,,,,ENV,,,0,43,43,4,1,2.8,5,1,5,-2.10526315789473,3,"Bryce Canyon, Utah, United States",US,USUT,UT017,37.6283,-112.168,1439206,3,"Bryce Canyon, Utah, United States",US,USUT,,37.6283,-112.168,1439206,3,"Bryce Canyon, Utah, United States",US,USUT,,37.6283,-112.168,1439206,20260304154500,https://www.yahoo.com/news/articles/opinion-why-management-plan-grand-140000159.html
1292362959,20260304,202603,2026,2026.1753,USA,AMERICAN,USA,,,,,,,,EUR,EUROPEAN,EUR,,,,,,,,1,46,46,4,1,7.0,10,1,10,-1.06382978723405,4,"Paris, France (general), France",FR,FR00,16282,48.8667,2.33333,-1456928,4,"Paris, France (general), France",FR,FR00,16282,48.8667,2.33333,-1456928,4,"Paris, France (general), France",FR,FR00,16282,48.8667,2.33333,-1456928,20260304154500,https://tass.com/world/2096335
1292362960,20260304,202603,2026,2026.1753,USA,WASHINGTON,USA,,,,,,,,FRA,LYON,FRA,,,,,,,,1,51,51,5,1,3.4,3,1,3,-2.77777777777778,3,"Washington, District of Columbia, United States",US,USDC,DC001,38.8951,-77.0364,531871,3,"Washington, District of Columbia, United States",US,USDC,DC001,38.8951,-77.0364,531871,3,"Washington, District of Columbia, United States",US,USDC,DC001,38.8951,-77.0364,531871,20260304154500,https://www.irishecho.com/2026/3/letters-those-orange-rebels
1292362961,20260304,202603,2026,2026.1753,USA,WASHINGTON,USA,,,,,,,,FRA,LYON,FRA,,,,,,,,1,51,51,5,1,3.4,1,1,1,-2.77777777777778,3,"Washington, District of Columbia, United States",US,USDC,DC001,38.8951,-77.0364,531871,2,"New York, United States",US,USNY,,42.1497,-74.9384,NY,2,"New York, United States",US,USNY,,42.1497,-74.9384,NY,20260304154500,https://www.irishecho.com/2026/3/letters-those-orange-rebels
1292362962,20260304,202603,2026,2026.1753,USA,UNITED STATES,USA,,,,,,,,GBR,UNITED KINGDOM,GBR,,,,,,,,1,30,30,3,1,4.0,2,1,2,1.69491525423729,2,"New York, United States",US,USNY,,42.1497,-74.9384,NY,4,"London, London, City of, United Kingdom",UK,UKH9,40110,51.5,-0.116667,-2601889,4,"London, London, City of, United Kingdom",UK,UKH9,40110,51.5,-0.116667,-2601889,20260304154500,https://www.nme.com/news/music/courtney-love-teases-hole-reunion-tour-with-melissa-auf-der-maur-3932670
1292362963,20260304,202603,2026,2026.1753,USA,UTAH,USA,,,,,,,,GOV,PRESIDENT,,,,,,GOV,,,1,42,42,4,1,1.9,10,1,10,-2.10526315789473,3,"Bryce Canyon, Utah, United States",US,USUT,UT017,37.6283,-112.168,1439206,3,"Bryce Canyon, Utah, United States",US,USUT,,37.6283,-112.168,1439206,3,"Bryce Canyon, Utah, United States",US,USUT,,37.6283,-112.168,1439206,20260304154500,https://www.yahoo.com/news/articles/opinion-why-management-plan-grand-140000159.html
1292362964,20260304,202603,2026,2026.1753,USA,AMERICAN,USA,,,,,,,,GOV,PRIME MINISTER,,,,,,GOV,,,0,50,50,5,1,3.5,1,1,1,-3.43642611683849,1,United Kingdom,UK,UK,,54.0,-4.0,UK,1,United Kingdom,UK,UK,,54.0,-4.0,UK,1,United Kingdom,UK,UK,,54.0,-4.0,UK,20260304154500,https://www.express.co.uk/news/politics/2178182/nigel-farage-uk-us-special-relationship-donald-trump
1292362965,20260304,202603,2026,2026.1753,USA,AMERICAN,USA,,,,,,,,GOV,PRIME MINISTER,,,,,,GOV,,,0,111,111,11,3,-2.0,1,1,1,-3.43642611683849,1,United Kingdom,UK,UK,,54.0,-4.0,UK,1,United Kingdom,UK,UK,,54.0,-4.0,UK,1,United Kingdom,UK,UK,,54.0,-4.0,UK,20260304154500,https://www.express.co.uk/news/politics/2178182/nigel-farage-uk-us-special-relationship-donald-trump
1292362966,20260304,202603,2026,2026.1753,USA,THE US,USA,,,,,,,,GOV,GOVERNMENT,,,,,,GOV,,,1,190,190,19,4,-10.0,10,1,10,-1.78571428571429,1,United States,US,US,,39.828175,-98.5795,US,1,United States,US,US,,39.828175,-98.5795,US,1,United States,US,US,,39.828175,-98.5795,US,20260304154500,https://www.channelnewsasia.com/watch/us-military-says-it-has-hit-nearly-2000-targets-inside-iran-5970926
1292362967,20260304,202603,2026,2026.1753,USA,UNITED STATES,USA,,,,,,,,IRN,IRANIAN,IRN,,,,,,,,0,15,15,1,1,0.0,2,1,2,-3.91404451266308,3,"Des Moines, Iowa, United States",US,USIA,IA153,41.6005,-93.6091,465961,4,"Tehran, Tehran, Iran",IR,IR26,41130,35.75,51.5148,10074674,3,"Des Moines, Iowa, United States",US,USIA,,41.6005,-93.6091,465961,20260304154500,https://www.foxla.com/news/iran-war-continues-march-4-2026
1292362968,20260304,202603,2026,2026.1753,USA,UNITED STATES,USA,,,,,,,,IRN,IRANIAN,IRN,,,,,,,,0,15,15,1,1,0.0,2,1,2,-3.91404451266308,3,"Des Moines, Iowa, United States",US,USIA,IA153,41.6005,-93.6091,465961,3,"Des Moines, Iowa, United States",US,USIA,,41.6005,-93.6091,465961,3,"Des Moines, Iowa, United States",US,USIA,,41.6005,-93.6091,465961,20260304154500,https://www.foxla.com/news/iran-war-continues-march-4-2026
1292362969,20260304,202603,2026,2026.1753,USA,AMERICAN,USA,,,,,,,,IRN,IRAN,IRN,,,,,,,,1,20,20,2,1,3.0,1,1,1,-5.78905630452022,1,Qatar,QA,QA,,25.5,51.25,QA,1,Iran,IR,IR,,32.0,53.0,IR,1,Qatar,QA,QA,,25.5,51.25,QA,20260304154500,https://www.aljazeera.com/news/2026/3/4/why-are-the-us-and-israel-framing-the-ongoing-conflict-as-a-religious-war
1292362970,20260304,202603,2026,2026.1753,USA,AMERICAN,USA,,,,,,,,IRN,IRAN,IRN,,,,,,,,1,20,20,2,1,3.0,1,1,1,-5.78905630452022,1,Qatar,QA,QA,,25.5,51.25,QA,1,Qatar,QA,QA,,25.5,51.25,QA,1,Qatar,QA,QA,,25.5,51.25,QA,20260304154500,https://www.aljazeera.com/news/2026/3/4/why-are-the-us-and-israel-framing-the-ongoing-conflict-as-a-religious-war
1292362971,20260304,202603,2026,2026.1753,USA,WASHINGTON,USA,,,,,,,,IRN,TEHRAN,IRN,,,,,,,,1,40,40,4,1,1.0,2,1,2,-1.88133140376266,4,"Geneva, Genè, Switzerland",SZ,SZ07,16329,46.1956,6.14811,-2552151,1,Afghanistan,AF,AF,,33.0,66.0,AF,1,Afghanistan,AF,AF,,33.0,66.0,AF,20260304154500,https://www.swissinfo.ch/eng/swiss-diplomacy/swiss-protecting-power-mandate-in-iran-crown-jewel-or-diplomatic-relic/91030279
1292362972,20260304,202603,2026,2026.1753,USA,UNITED STATES,USA,,,,,,,,IRN,IRAN,IRN,,,,,,,,1,40,40,4,1,1.0,3,1,3,-1.88133140376266,1,Afghanistan,AF,AF,,33.0,66.0,AF,1,Afghanistan,AF,AF,,33.0,66.0,AF,4,"Geneva, Genè, Switzerland",SZ,SZ07,16329,46.1956,6.14811,-2552151,20260304154500,https://www.swissinfo.ch/eng/swiss-diplomacy/swiss-protecting-power-mandate-in-iran-crown-jewel-or-diplomatic-relic/91030279
1292362973,20260304,202603,2026,2026.1753,USA,UNITED STATES,USA,,,,,,,,IRN,IRAN,IRN,,,,,,,,1,40,40,4,1,1.0,5,1,5,-1.88133140376266,1,Afghanistan,AF,AF,,33.0,66.0,AF,1,Afghanistan,AF,AF,,33.0,66.0,AF,1,Afghanistan,AF,AF,,33.0,66.0,AF,20260304154500,https://www.swissinfo.ch/eng/swiss-diplomacy/swiss-protecting-power-mandate-in-iran-crown-jewel-or-diplomatic-relic/91030279
1292362974,20260304,202603,2026,2026.1753,USA,UNITED STATES,USA,,,,,,,,IRN,IRAN,IRN,,,,,,,,1,40,40,4,1,1.0,2,1,2,-7.62195121951219,2,"Alabama, United States",US,USAL,,32.799,-86.8073,AL,2,"Alabama, United States",US,USAL,,32.799,-86.8073,AL,2,"Alabama, United States",US,USAL,,32.799,-86.8073,AL,20260304154500,https://crooksandliars.com/2026/03/absolute-dumbest-man-politics-thinks-youre
1292362975,20260304,202603,2026,2026.1753,USA,UNITED STATES,USA,,,,,,,,IRN,IRAN,IRN,,,,,,,,1,42,42,4,1,1.9,4,1,4,-7.86240786240786,1,Norway,NO,NO,,62.0,10.0,NO,1,Norway,NO,NO,,62.0,10.0,NO,1,Norway,NO,NO,,62.0,10.0,NO,20260304154500,https://www.aljazeera.com/news/2026/3/4/hegseth-says-more-us-forces-arriving-in-middle-east-as-iran-war-ramps-up
1292362976,20260304,202603,2026,2026.1753,USA,WASHINGTON,USA,,,,,,,,IRN,TEHRAN,IRN,,,,,,,,0,46,46,4,1,7.0,2,1,2,-2.50783699059561,4,"Tehran, Tehran, Iran",IR,IR26,41130,35.75,51.5148,10074674,3,"Washington, District of Columbia, United States",US,USDC,DC001,38.8951,-77.0364,531871,4,"Tehran, Tehran, Iran",IR,IR26,41130,35.75,51.5148,10074674,20260304154500,https://www.aa.com.tr/en/asia-pacific/russia-launches-consultations-with-iraq-palestine-turkiye-amid-us-israel-iran-conflict/3850111
1292362977,20260304,202603,2026,2026.1753,USA,PHILADELPHIA,USA,,,,,,,,IRN,IRAN,IRN,,,,,,,,1,145,145,14,3,-7.5,10,1,10,-3.70370370370371,3,"Philadelphia, Pennsylvania, United States",US,USPA,PA101,39.9523,-75.1638,1209052,3,"Philadelphia, Pennsylvania, United States",US,USPA,PA101,39.9523,-75.1638,1209052,3,"Philadelphia, Pennsylvania, United States",US,USPA,PA101,39.9523,-75.1638,1209052,20260304154500,https://www.independent.co.uk/news/science/archaeology/iran-swords-philadelphia-bronze-age-b2931723.html
1292362978,20260304,202603,2026,2026.1753,USA,UNITED STATES,USA,,,,,,,,IRN,IRAN,IRN,,,,,,,,1,1712,171,17,4,-9.2,2,1,2,-10.6100795755968,1,Israel,IS,IS,,31.5,34.75,IS,4,"Urmia, Az¯arbayjan-e Gharbi, Iran",IR,IR01,41057,37.5553,45.0724,-3077456,4,"Urmia, Az¯arbayjan-e Gharbi, Iran",IR,IR01,41057,37.5553,45.0724,-3077456,20260304154500,https://www.presstv.ir/Detail/2026/03/04/764951/Another-girls-school-targeted-in-US-Israeli-attacks-on-Iran
1292362979,20260304,202603,2026,2026.1753,USA,AMERICAN,USA,,,,,,,,IRN,URMIA,IRN,,,,,,,,1,1712,171,17,4,-9.2,6,1,6,-10.6100795755968,1,United States,US,US,,39.828175,-98.5795,US,4,"Urmia, Az¯arbayjan-e Gharbi, Iran",IR,IR01,41057,37.5553,45.0724,-3077456,1,Israel,IS,IS,,31.5,34.75,IS,20260304154500,https://www.presstv.ir/Detail/2026/03/04/764951/Another-girls-school-targeted-in-US-Israeli-attacks-on-Iran
1292362980,20260304,202603,2026,2026.1753,USA,UNITED STATES,USA,,,,,,,,IRN,IRAN,IRN,,,,,,,,0,173,173,17,4,-5.0,8,1,8,-4.28571428571429,1,United States,US,US,,39.828175,-98.5795,US,4,"Tehran, Tehran, Iran",IR,IR26,41130,35.75,51.5148,10074674,4,"Tehran, Tehran, Iran",IR,IR26,41130,35.75,51.5148,10074674,20260304154500,https://www.islamicinvitationturkey.com/araghchi-accuses-trump-of-diplomacy-breach-and-u-s-betrayal-with-iran-assault/
1292362981,20260304,202603,2026,2026.1753,USA,WASHINGTON,USA,,,,,,,,IRN,IRAN,IRN,,,,,,,,0,180,180,18,4,-9.0,10,1,10,-9.70149253731346,3,"Washington, District of Columbia, United States",US,USDC,DC001,38.8951,-77.0364,531871,1,Iran,IR,IR,,32.0,53.0,IR,3,"Washington, District of Columbia, United States",US,USDC,DC001,38.8951,-77.0364,531871,20260304154500,https://www.islamicinvitationturkey.com/handala-group-infiltrates-prominent-israeli-think-tank-renowned-for-anti-iran-rhetoric/
1292362982,20260304,202603,2026,2026.1753,USA,THE US,USA,,,,,,,,IRN,IRAN,IRN,,,,,,,,0,190,190,19,4,-10.0,1,1,1,-2.50783699059561,4,"Moscow, Moskva, Russia",RS,RS48,25106,55.7522,37.6156,-2960561,4,"Gaza, Israel (general), Israel",IS,IS00,18315,31.4167,34.3333,-797156,4,"Moscow, Moskva, Russia",RS,RS48,25106,55.7522,37.6156,-2960561,20260304154500,https://www.aa.com.tr/en/asia-pacific/russia-launches-consultations-with-iraq-palestine-turkiye-amid-us-israel-iran-conflict/3850111
1292362983,20260304,202603,2026,2026.1753,USA,THE US,USA,,,,,,,,IRN,IRAN,IRN,,,,,,,,0,190,190,19,4,-10.0,4,1,4,-2.50783699059561,4,"Gaza, Israel (general), Israel",IS,IS00,18315,31.4167,34.3333,-797156,4,"Tehran, Tehran, Iran",IR,IR26,41130,35.75,51.5148,10074674,4,"Gaza, Israel (general), Israel",IS,IS00,18315,31.4167,34.3333,-797156,20260304154500,https://www.aa.com.tr/en/asia-pacific/russia-launches-consultations-with-iraq-palestine-turkiye-amid-us-israel-iran-conflict/3850111
1292362984,20260304,202603,2026,2026.1753,USA,UNITED STATES,USA,,,,,,,,IRN,IRANIAN,IRN,,,,,,,,1,190,190,19,4,-10.0,1,1,1,-5.84577114427861,1,United States,US,US,,39.828175,-98.5795,US,4,"Gulf Of Oman, Iran (general), Iran",IR,IR00,40979,25.4489,57.7939,-3077385,1,United States,US,US,,39.828175,-98.5795,US,20260304154500,https://www.breitbart.com/europe/2026/03/04/iranian-warship-sunk-by-u-s-submarine-first-since-ww2-hegseth/
1292362985,20260304,202603,2026,2026.1753,USA,UNITED STATES,USA,,,,,,,,IRN,IRAN,IRN,,,,,,,,1,190,190,19,4,-10.0,8,1,8,-5.76923076923077,1,United States,US,US,,39.828175,-98.5795,US,4,"Minab, Sistan va Baluchestan, Iran",IR,IR04,41051,25.7893,61.1025,293743,4,"Minab, Sistan va Baluchestan, Iran",IR,IR04,41051,25.7893,61.1025,293743,20260304154500,https://www.mediaite.com/media/news/trump-war-chief-hegseth-confronted-over-attack-on-girls-school-that-killed-160-children/
1292362986,20260304,202603,2026,2026.1753,USA,UNITED STATES,USA,,,,,,,,IRN,IRAN,IRN,,,,,,,,0,194,194,19,4,-10.0,2,1,2,-7.35930735930736,3,"Washington, District of Columbia, United States",US,USDC,DC001,38.8951,-77.0364,531871,3,"Washington, District of Columbia, United States",US,USDC,DC001,38.8951,-77.0364,531871,4,"Tehran, Tehran, Iran",IR,IR26,41130,35.75,51.5148,10074674,20260304154500,https://ianslive.in/pentagon-confirms-ai-enabled-weapons-used-in-the-iran-war--20260304201204
1292362987,20260304,202603,2026,2026.1753,USA,WASHINGTON,USA,,,,,,,,IRN,IRAN,IRN,,,,,,,,0,194,194,19,4,-10.0,2,1,2,-7.35930735930736,3,"Washington, District of Columbia, United States",US,USDC,DC001,38.8951,-77.0364,531871,3,"Washington, District of Columbia, United States",US,USDC,DC001,38.8951,-77.0364,531871,3,"Washington, District of Columbia, United States",US,USDC,DC001,38.8951,-77.0364,531871,20260304154500,https://ianslive.in/pentagon-confirms-ai-enabled-weapons-used-in-the-iran-war--20260304201204
1292362988,20260304,202603,2026,2026.1753,USA,UNITED STATES,USA,,,,,,,,IRNEDU,IRAN,IRN,,,,,EDU,,,1,190,190,19,4,-10.0,2,1,2,-10.0,4,"Minab, Sistan va Baluchestan, Iran",IR,IR04,41051,25.7893,61.1025,293743,4,"Minab, Sistan va Baluchestan, Iran",IR,IR04,41051,25.7893,61.1025,293743,4,"Minab, Sistan va Baluchestan, Iran",IR,IR04,41051,25.7893,61.1025,293743,20260304154500,https://www.islamicinvitationturkey.com/us-israeli-strikes-target-another-girls-school-in-iran/
1292362989,20260304,202603,2026,2026.1753,USA,UNITED STATES,USA,,,,,,,,IRNEDU,IRAN,IRN,,,,,EDU,,,1,190,190,19,4,-10.0,8,1,8,-10.0,4,"Minab, Sistan va Baluchestan, Iran",IR,IR04,41051,25.7893,61.1025,293743,1,United States,US,US,,39.828175,-98.5795,US,4,"Minab, Sistan va Baluchestan, Iran",IR,IR04,41051,25.7893,61.1025,293743,20260304154500,https://www.islamicinvitationturkey.com/us-israeli-strikes-target-another-girls-school-in-iran/
1292362990,20260304,202603,2026,2026.1753,USA,THE US,USA,,,,,,,,ISR,ISRAEL,ISR,,,,,,,,1,40,40,4,1,1.0,2,1,2,-5.18834399431414,4,"Kiev, Ukraine (general), Ukraine",UP,UP00,28554,50.4333,30.5167,-1044367,4,"Kiev, Ukraine (general), Ukraine",UP,UP00,28554,50.4333,30.5167,-1044367,4,"Kiev, Ukraine (general), Ukraine",UP,UP00,28554,50.4333,30.5167,-1044367,20260304154500,https://tass.com/politics/2096327
1292362991,20260304,202603,2026,2026.1753,USA,UNITED STATES,USA,,,,,,,,ISR,ISRAEL,ISR,,,,,,,,0,51,51,5,1,3.4,4,1,4,-1.01975780752072,3,"Evanston, Illinois, United States",US,USIL,IL031,42.0411,-87.6901,408101,4,"Gaza, Israel (general), Israel",IS,IS00,18315,31.4167,34.3333,-797156,3,"Evanston, Illinois, United States",US,USIL,IL031,42.0411,-87.6901,408101,20260304154500,https://dailynorthwestern.com/2026/03/04/city/mayor-daniel-biss-isnt-afraid-to-make-waves-now-hes-aiming-for-washington/
1292362992,20260304,202603,2026,2026.1753,USA,UNITED STATES,USA,,,,,,,,ISR,ISRAEL,ISR,,,,,,,,1,57,57,5,1,8.0,2,1,2,-6.88622754491018,1,Israel,IS,IS,,31.5,34.75,IS,1,Israel,IS,IS,,31.5,34.75,IS,4,"Tehran, Tehran, Iran",IR,IR26,41130,35.75,51.5148,10074674,20260304154500,https://www.islamicinvitationturkey.com/irgc-ground-force-initiates-trio-of-operations-countering-alleged-israeli-us-hostilities/
1292362993,20260304,202603,2026,2026.1753,USA,UNITED STATES,USA,,,,,,,,ISR,ISRAEL,ISR,,,,,,,,1,57,57,5,1,8.0,8,1,8,-6.88622754491018,1,United States,US,US,,39.828175,-98.5795,US,1,Israel,IS,IS,,31.5,34.75,IS,4,"Tehran, Tehran, Iran",IR,IR26,41130,35.75,51.5148,10074674,20260304154500,https://www.islamicinvitationturkey.com/irgc-ground-force-initiates-trio-of-operations-countering-alleged-israeli-us-hostilities/
1292362994,20260304,202603,2026,2026.1753,USA,UNITED STATES,USA,,,,,,,,ISRMIL,ISRAEL,ISR,,,,,MIL,,,0,27,27,2,1,4.0,2,1,2,-1.01975780752072,3,"Evanston, Illinois, United States",US,USIL,IL031,42.0411,-87.6901,408101,4,"Gaza, Israel (general), Israel",IS,IS00,18315,31.4167,34.3333,-797156,4,"Gaza, Israel (general), Israel",IS,IS00,18315,31.4167,34.3333,-797156,20260304154500,https://dailynorthwestern.com/2026/03/04/city/mayor-daniel-biss-isnt-afraid-to-make-waves-now-hes-aiming-for-washington/
1292362995,20260304,202603,2026,2026.1753,USA,UNITED STATES,USA,,,,,,,,ISRMIL,ISRAEL,ISR,,,,,MIL,,,0,27,27,2,1,4.0,2,1,2,-1.01975780752072,3,"Evanston, Illinois, United States",US,USIL,IL031,42.0411,-87.6901,408101,3,"Evanston, Illinois, United States",US,USIL,IL031,42.0411,-87.6901,408101,3,"Evanston, Illinois, United States",US,USIL,IL031,42.0411,-87.6901,408101,20260304154500,https://dailynorthwestern.com/2026/03/04/city/mayor-daniel-biss-isnt-afraid-to-make-waves-now-hes-aiming-for-washington/
1292362996,20260304,202603,2026,2026.1753,USA,UNITED STATES,USA,,,,,,,,ISRMIL,ISRAEL,ISR,,,,,MIL,,,0,111,111,11,3,-2.0,2,1,2,-1.01975780752072,3,"Evanston, Illinois, United States",US,USIL,IL031,42.0411,-87.6901,408101,4,"Gaza, Israel (general), Israel",IS,IS00,18315,31.4167,34.3333,-797156,4,"Gaza, Israel (general), Israel",IS,IS00,18315,31.4167,34.3333,-797156,20260304154500,https://dailynorthwestern.com/2026/03/04/city/mayor-daniel-biss-isnt-afraid-to-make-waves-now-hes-aiming-for-washington/
1292362997,20260304,202603,2026,2026.1753,USA,UNITED STATES,USA,,,,,,,,ISRMIL,ISRAEL,ISR,,,,,MIL,,,0,111,111,11,3,-2.0,2,1,2,-1.01975780752072,3,"Evanston, Illinois, United States",US,USIL,IL031,42.0411,-87.6901,408101,3,"Evanston, Illinois, United States",US,USIL,IL031,42.0411,-87.6901,408101,3,"Evanston, Illinois, United States",US,USIL,IL031,42.0411,-87.6901,408101,20260304154500,https://dailynorthwestern.com/2026/03/04/city/mayor-daniel-biss-isnt-afraid-to-make-waves-now-hes-aiming-for-washington/
1292362998,20260304,202603,2026,2026.1753,USA,MIAMI,USA,,,,,,,,ITA,ITALY,ITA,,,,,,,,1,40,40,4,1,1.0,1,1,1,2.17391304347826,4,"Milano, Lombardia, Italy",IT,IT09,18363,45.4667,9.2,-121726,4,"Milano, Lombardia, Italy",IT,IT09,18363,45.4667,9.2,-121726,4,"Milano, Lombardia, Italy",IT,IT09,18363,45.4667,9.2,-121726,20260304154500,https://www.si.com/onsi/athlete-lifestyle/relationships/jutta-leerdam-ab-flexing-hiking-fit-causes-stir-alongside-jake-paul
1292362999,20260304,202603,2026,2026.1753,USA,MIAMI,USA,,,,,,,,ITA,ITALY,ITA,,,,,,,,1,40,40,4,1,1.0,1,1,1,2.17391304347826,3,"Miami, Florida, United States",US,USFL,FL086,25.7743,-80.1937,295004,4,"Milano, Lombardia, Italy",IT,IT09,18363,45.4667,9.2,-121726,3,"Miami, Florida, United States",US,USFL,FL086,25.7743,-80.1937,295004,20260304154500,https://www.si.com/onsi/athlete-lifestyle/relationships/jutta-leerdam-ab-flexing-hiking-fit-causes-stir-alongside-jake-paul
1292363000,20260304,202603,2026,2026.1753,USA,UNITED STATES,USA,,,,,,,,JOR,JORDAN,JOR,,,,,,,,0,42,42,4,1,1.9,4,1,4,5.4054054054054,1,United States,US,US,,39.828175,-98.5795,US,1,Jordan,JO,JO,,31.0,36.0,JO,1,Jordan,JO,JO,,31.0,36.0,JO,20260304154500,https://www.billboard.com/music/awards/sankofa-org-social-justice-awards-2026-honorees-chuck-d-1236191219/
1292363001,20260304,202603,2026,2026.1753,USA,UNITED STATES,USA,,,,,,,,JUD,ADVOCATE,,,,,,JUD,,,1,10,10,1,1,0.0,4,1,4,0.67643742953777,2,"Tennessee, United States",US,USTN,,35.7449,-86.7489,TN,2,"Tennessee, United States",US,USTN,,35.7449,-86.7489,TN,2,"Tennessee, United States",US,USTN,,35.7449,-86.7489,TN,20260304154500,https://www.advocate.com/politics/states/anti-lgbtq-bill-wave-tennessee
1292363002,20260304,202603,2026,2026.1753,USA,CALIFORNIA,USA,,,,,,,,JUD,SUPREME COURT,,,,,,JUD,,,1,51,51,5,1,3.4,2,1,2,1.92307692307692,2,"California, United States",US,USCA,,36.17,-119.746,CA,2,"California, United States",US,USCA,,36.17,-119.746,CA,2,"California, United States",US,USCA,,36.17,-119.746,CA,20260304154500,https://aleteia.org/2026/03/04/us-supreme-court-supports-gender-transition-transparency/
1292363003,20260304,202603,2026,2026.1753,USA,UNITED STATES,USA,,,,,,,,JUD,ATTORNEY,,,,,,JUD,,,0,120,120,12,3,-4.0,4,1,4,-5.78158458244111,3,"Plainfield, Indiana, United States",US,USIN,IN091,41.7081,-86.4767,441218,3,"Plainfield, Indiana, United States",US,USIN,IN091,41.7081,-86.4767,441218,3,"Plainfield, Indiana, United States",US,USIN,IN091,41.7081,-86.4767,441218,20260304154500,https://www.christianpost.com/news/man-who-vandalized-church-with-satanic-imagery-gets-10-months.html
1292363004,20260304,202603,2026,2026.1753,USA,LOUISIANA,USA,,,,,,,,JUD,PROSECUTOR,,,,,,JUD,,,1,173,173,17,4,-5.0,4,1,4,-5.24296675191816,2,"Louisiana, United States",US,USLA,,31.1801,-91.8749,LA,2,"Louisiana, United States",US,USLA,,31.1801,-91.8749,LA,2,"Louisiana, United States",US,USLA,,31.1801,-91.8749,LA,20260304154500,https://www.foxnews.com/us/ex-mayor-convicted-after-son-walks-lewd-act-alcohol-infused-pool-bash
1292363005,20260304,202603,2026,2026.1753,USA,UNITED STATES,USA,,,,,,,,LAB,EMPLOYEE,,,,,,LAB,,,1,42,42,4,1,1.9,4,1,4,-4.65949820788531,2,"Massachusetts, United States",US,USMA,,42.2373,-71.5314,MA,2,"Massachusetts, United States",US,USMA,,42.2373,-71.5314,MA,2,"Massachusetts, United States",US,USMA,,42.2373,-71.5314,MA,20260304154500,https://www.cbsnews.com/news/pam-bondi-rescinds-ban-doj-employees-partisan-events/
1292363006,20260304,202603,2026,2026.1753,USA,UNITED STATES,USA,,,,,,,,LAB,EMPLOYEE,,,,,,LAB,,,0,43,43,4,1,2.8,1,1,1,-1.01975780752072,3,"Evanston, Illinois, United States",US,USIL,IL031,42.0411,-87.6901,408101,3,"Evanston, Illinois, United States",US,USIL,IL031,42.0411,-87.6901,408101,3,"Evanston, Illinois, United States",US,USIL,IL031,42.0411,-87.6901,408101,20260304154500,https://dailynorthwestern.com/2026/03/04/city/mayor-daniel-biss-isnt-afraid-to-make-waves-now-hes-aiming-for-washington/
1292363007,20260304,202603,2026,2026.1753,USA,UNITED STATES,USA,,,,,,,,LAB,EMPLOYEE,,,,,,LAB,,,1,160,160,16,4,-4.0,4,1,4,-4.65949820788531,2,"Massachusetts, United States",US,USMA,,42.2373,-71.5314,MA,2,"Massachusetts, United States",US,USMA,,42.2373,-71.5314,MA,2,"Massachusetts, United States",US,USMA,,42.2373,-71.5314,MA,20260304154500,https://www.cbsnews.com/news/pam-bondi-rescinds-ban-doj-employees-partisan-events/
1292363008,20260304,202603,2026,2026.1753,USA,UNITED STATES,USA,,,,,,,,LEG,SENATE,,,,,,LEG,,,0,40,40,4,1,1.0,1,1,1,-0.9278350515464,2,"Texas, United States",US,USTX,,31.106,-97.6475,TX,3,"Houston, Texas, United States",US,USTX,TX201,29.7633,-95.3633,1380948,2,"Texas, United States",US,USTX,,31.106,-97.6475,TX,20260304154500,https://www.houstonpublicmedia.org/articles/news/politics/election-2026/2026/03/04/545136/republicans-head-to-runoff-in-texas-attorney-general-primary-dems-uncertain/
1292363009,20260304,202603,2026,2026.1753,USA,UNITED STATES,USA,,,,,,,,LEG,SENATE,,,,,,LEG,,,0,42,42,4,1,1.9,4,1,4,-0.9278350515464,3,"Houston, Texas, United States",US,USTX,TX201,29.7633,-95.3633,1380948,3,"Dallas, Texas, United States",US,USTX,TX113,32.7831,-96.8067,1380944,3,"Houston, Texas, United States",US,USTX,TX201,29.7633,-95.3633,1380948,20260304154500,https://www.houstonpublicmedia.org/articles/news/politics/election-2026/2026/03/04/545136/republicans-head-to-runoff-in-texas-attorney-general-primary-dems-uncertain/
1292363010,20260304,202603,2026,2026.1753,USA,UNITED STATES,USA,,,,,,,,LEG,CONGRESSMAN,,,,,,LEG,,,0,112,112,11,3,-2.0,4,1,4,-3.20924261874197,2,"Wisconsin, United States",US,USWI,,44.2563,-89.6385,WI,2,"Texas, United States",US,USTX,,31.106,-97.6475,TX,2,"Texas, United States",US,USTX,,31.106,-97.6475,TX,20260304154500,https://talkingpointsmemo.com/news/embattled-gonzales-and-right-wing-youtuber-set-to-face-off-in-a-runoff
1292363011,20260304,202603,2026,2026.1753,USA,UNITED STATES,USA,,,,,,,,LEGJUD,SENATE,,,,,,LEG,JUD,,0,111,111,11,3,-2.0,4,1,4,-6.92307692307692,2,"North Carolina, United States",US,USNC,,35.6411,-79.8431,NC,2,"North Carolina, United States",US,USNC,,35.6411,-79.8431,NC,2,"North Carolina, United States",US,USNC,,35.6411,-79.8431,NC,20260304154500,https://www.foxnews.com/politics/whatley-links-cooper-transit-killing-accuses-dem-freeing-rapists-murderers
1292363012,20260304,202603,2026,2026.1753,USA,UNITED STATES,USA,,,,,,,,MED,MEDIA,,,,,,MED,,,0,10,10,1,1,0.0,4,1,4,3.52941176470589,3,"Brooklyn, New York, United States",US,USNY,NY025,42.3442,-75.1704,944840,3,"Brooklyn, New York, United States",US,USNY,NY025,42.3442,-75.1704,944840,3,"Brooklyn, New York, United States",US,USNY,NY025,42.3442,-75.1704,944840,20260304154500,https://www.bhg.com/interior-designer-outdated-decor-picks-march-2026-11918087
1292363013,20260304,202603,2026,2026.1753,USA,HOUSTON,USA,,,,,,,,MED,WRITER,,,,,,MED,,,1,40,40,4,1,1.0,8,1,8,2.63157894736842,3,"Houston, Texas, United States",US,USTX,TX201,29.7633,-95.3633,1380948,3,"Houston, Texas, United States",US,USTX,TX201,29.7633,-95.3633,1380948,3,"Houston, Texas, United States",US,USTX,TX201,29.7633,-95.3633,1380948,20260304154500,https://www.houstonpublicmedia.org/articles/shows/houston-matters/2026/03/04/544977/great-places-for-date-night-in-houston-the-full-menu/
1292363014,20260304,202603,2026,2026.1753,USA,TEXAS,USA,,,,,,,,MED,MEDIA,,,,,,MED,,,1,42,42,4,1,1.9,1,1,1,-0.9278350515464,3,"Houston, Texas, United States",US,USTX,TX201,29.7633,-95.3633,1380948,3,"Houston, Texas, United States",US,USTX,TX201,29.7633,-95.3633,1380948,3,"Houston, Texas, United States",US,USTX,TX201,29.7633,-95.3633,1380948,20260304154500,https://www.houstonpublicmedia.org/articles/news/politics/election-2026/2026/03/04/545136/republicans-head-to-runoff-in-texas-attorney-general-primary-dems-uncertain/
1292363015,20260304,202603,2026,2026.1753,USA,TEXAS,USA,,,,,,,,MED,MEDIA,,,,,,MED,,,1,42,42,4,1,1.9,1,1,1,-0.9278350515464,3,"Houston, Texas, United States",US,USTX,TX201,29.7633,-95.3633,1380948,3,"Collin County, Texas, United States",US,USTX,,33.2001,-96.5669,1383828,3,"Houston, Texas, United States",US,USTX,TX201,29.7633,-95.3633,1380948,20260304154500,https://www.houstonpublicmedia.org/articles/news/politics/election-2026/2026/03/04/545136/republicans-head-to-runoff-in-texas-attorney-general-primary-dems-uncertain/
1292363016,20260304,202603,2026,2026.1753,USA,UNITED STATES,USA,,,,,,,,MILMIL,JOINT CHIEFS OF STAFF,,,,,,MIL,MIL,,1,190,190,19,4,-10.0,2,1,2,-7.35930735930736,4,"Tehran, Tehran, Iran",IR,IR26,41130,35.75,51.5148,10074674,3,"Washington, District of Columbia, United States",US,USDC,DC001,38.8951,-77.0364,531871,3,"Washington, District of Columbia, United States",US,USDC,DC001,38.8951,-77.0364,531871,20260304154500,https://ianslive.in/pentagon-confirms-ai-enabled-weapons-used-in-the-iran-war--20260304201204
1292363017,20260304,202603,2026,2026.1753,USA,UNITED STATES,USA,,,,,,,,MILMIL,JOINT CHIEFS OF STAFF,,,,,,MIL,MIL,,1,190,190,19,4,-10.0,3,1,3,-7.35930735930736,3,"Washington, District of Columbia, United States",US,USDC,DC001,38.8951,-77.0364,531871,4,"Tehran, Tehran, Iran",IR,IR26,41130,35.75,51.5148,10074674,3,"Washington, District of Columbia, United States",US,USDC,DC001,38.8951,-77.0364,531871,20260304154500,https://ianslive.in/pentagon-confirms-ai-enabled-weapons-used-in-the-iran-war--20260304201204
1292363018,20260304,202603,2026,2026.1753,USA,NEW YORK CITY,USA,,,,,,,,MOS,ISLAM,,,,MOS,,,,,1,43,43,4,1,2.8,10,1,10,-10.3896103896104,2,"New York, United States",US,USNY,,42.1497,-74.9384,NY,2,"New York, United States",US,USNY,,42.1497,-74.9384,NY,2,"New York, United States",US,USNY,,42.1497,-74.9384,NY,20260304154500,https://www.baltimoresun.com/2026/03/04/schumer-condemns-nyc-radio-host-for-calling-mamdani-a-radical-islam-cockroach/
1292363019,20260304,202603,2026,2026.1753,USA,UNITED STATES,USA,,,,,,,,NGA,NIGERIA,NGA,,,,,,,,1,141,141,14,3,-6.5,10,1,10,-1.19047619047619,4,"Abuja, Abuja Federal Capital Territory, Nigeria",NI,NI11,191147,9.08333,7.53333,-1997013,4,"Abuja, Abuja Federal Capital Territory, Nigeria",NI,NI11,191147,9.08333,7.53333,-1997013,4,"Abuja, Abuja Federal Capital Territory, Nigeria",NI,NI11,191147,9.08333,7.53333,-1997013,20260304154500,https://www.nationalaccordnewspaper.com/u-s-embassy-warns-of-possible-iran-linked-protests-in-abuja-urges-citizens-to-stay-indoors/
1292363020,20260304,202603,2026,2026.1753,USA,UNITED STATES,USA,,,,,,,,NMR,NORTH AMERICA,NMR,,,,,,,,1,40,40,4,1,1.0,2,1,2,-2.16508795669824,1,United States,US,US,,39.828175,-98.5795,US,1,United States,US,US,,39.828175,-98.5795,US,1,United States,US,US,,39.828175,-98.5795,US,20260304154500,https://dailynorthwestern.com/2026/03/04/top-stories/students-from-political-clubs-debate-maga-u-s-nato-membership-and-immigration-in-bridgenu-event/
1292363021,20260304,202603,2026,2026.1753,USA,TEXAS,USA,,,,,,,,QAT,QATAR,QAT,,,,,,,,0,10,10,1,1,0.0,8,1,8,-2.57648953301127,2,"Texas, United States",US,USTX,,31.106,-97.6475,TX,4,"Doha, Ad Daw?ah, Qatar",QA,QA01,25307,25.2867,51.5333,-785169,2,"Texas, United States",US,USTX,,31.106,-97.6475,TX,20260304154500,https://www.upi.com/Top_News/World-News/2026/03/04/evacuate-americans-middle-east-war/9141772636040/
1292363022,20260304,202603,2026,2026.1753,USA,UNITED STATES,USA,,,,,,,,QAT,DOHA,QAT,,,,,,,,0,36,36,3,1,4.0,4,1,4,-2.57648953301127,2,"Texas, United States",US,USTX,,31.106,-97.6475,TX,4,"Doha, Ad Daw?ah, Qatar",QA,QA01,25307,25.2867,51.5333,-785169,4,"Doha, Ad Daw?ah, Qatar",QA,QA01,25307,25.2867,51.5333,-785169,20260304154500,https://www.upi.com/Top_News/World-News/2026/03/04/evacuate-americans-middle-east-war/9141772636040/
1292363023,20260304,202603,2026,2026.1753,USA,NEW YORK,USA,,,,,,,,SPY,SPY AGENCY,,,,,,SPY,,,1,20,20,2,1,3.0,2,1,2,0.934579439252341,2,"New York, United States",US,USNY,,42.1497,-74.9384,NY,1,Iran,IR,IR,,32.0,53.0,IR,1,Iran,IR,IR,,32.0,53.0,IR,20260304154500,https://www.yahoo.com/news/articles/iran-denies-intelligence-ministry-contacted-151710998.html
1292363024,20260304,202603,2026,2026.1753,USA,WISCONSIN,USA,,,,,,,,USAEDU,UNITED STATES,USA,,,,,EDU,,,0,172,172,17,4,-5.0,2,1,2,-2.08333333333334,2,"New York, United States",US,USNY,,42.1497,-74.9384,NY,2,"New York, United States",US,USNY,,42.1497,-74.9384,NY,2,"New York, United States",US,USNY,,42.1497,-74.9384,NY,20260304154500,https://whsm.com:443/news/2026/03/04/evers-says-he-has-to-think-about-the-bell-to-bell-cell-phone-ban-lawmakers-are-pushing
1292363025,20260304,202603,2026,2026.1753,USA,LOUISIANA,USA,,,,,,,,USAELI,LOUISIANA,USA,,,,,ELI,,,1,42,42,4,1,1.9,6,1,6,-5.24296675191816,2,"Louisiana, United States",US,USLA,,31.1801,-91.8749,LA,2,"Louisiana, United States",US,USLA,,31.1801,-91.8749,LA,2,"Louisiana, United States",US,USLA,,31.1801,-91.8749,LA,20260304154500,https://www.foxnews.com/us/ex-mayor-convicted-after-son-walks-lewd-act-alcohol-infused-pool-bash
1292363026,20260304,202603,2026,2026.1753,USA,LOUISIANA,USA,,,,,,,,USAELI,UNITED STATES,USA,,,,,ELI,,,1,173,173,17,4,-5.0,4,1,4,-5.24296675191816,2,"Louisiana, United States",US,USLA,,31.1801,-91.8749,LA,2,"Louisiana, United States",US,USLA,,31.1801,-91.8749,LA,2,"Louisiana, United States",US,USLA,,31.1801,-91.8749,LA,20260304154500,https://www.foxnews.com/us/ex-mayor-convicted-after-son-walks-lewd-act-alcohol-infused-pool-bash
1292363027,20260304,202603,2026,2026.1753,USA,UNITED STATES,USA,,,,,,,,USAGOV,UNITED STATES,USA,,,,,GOV,,,1,13,13,1,1,0.4,1,1,1,-2.16508795669824,1,United States,US,US,,39.828175,-98.5795,US,1,United States,US,US,,39.828175,-98.5795,US,1,United States,US,US,,39.828175,-98.5795,US,20260304154500,https://dailynorthwestern.com/2026/03/04/top-stories/students-from-political-clubs-debate-maga-u-s-nato-membership-and-immigration-in-bridgenu-event/
1292363028,20260304,202603,2026,2026.1753,USA,UNITED STATES,USA,,,,,,,,USAGOV,UNITED STATES,USA,,,,,GOV,,,1,42,42,4,1,1.9,3,1,2,-0.9278350515464,3,"Houston, Texas, United States",US,USTX,TX201,29.7633,-95.3633,1380948,2,"Texas, United States",US,USTX,,31.106,-97.6475,TX,3,"Houston, Texas, United States",US,USTX,TX201,29.7633,-95.3633,1380948,20260304154500,https://www.houstonpublicmedia.org/articles/news/politics/election-2026/2026/03/04/545136/republicans-head-to-runoff-in-texas-attorney-general-primary-dems-uncertain/
1292363029,20260304,202603,2026,2026.1753,USA,HOUSTON,USA,,,,,,,,USAGOV,TEXAS,USA,,,,,GOV,,,1,43,43,4,1,2.8,6,1,6,-0.9278350515464,3,"Houston, Texas, United States",US,USTX,TX201,29.7633,-95.3633,1380948,2,"Texas, United States",US,USTX,,31.106,-97.6475,TX,2,"Texas, United States",US,USTX,,31.106,-97.6475,TX,20260304154500,https://www.houstonpublicmedia.org/articles/news/politics/election-2026/2026/03/04/545136/republicans-head-to-runoff-in-texas-attorney-general-primary-dems-uncertain/
1292363030,20260304,202603,2026,2026.1753,USA,UNITED STATES,USA,,,,,,,,USAJUD,UNITED STATES,USA,,,,,JUD,,,1,214,21,2,1,3.4,4,1,4,-15.4761904761905,3,"Madison County, Ohio, United States",US,USOH,OH097,39.8667,-83.4333,1074061,3,"Madison County, Ohio, United States",US,USOH,,39.8667,-83.4333,1074061,3,"Madison County, Ohio, United States",US,USOH,,39.8667,-83.4333,1074061,20260304154500,https://abc6onyourside.com/news/local/madison-county-man-arrested-charged-with-murder-in-wifes-death-london-true-crime
1292363031,20260304,202603,2026,2026.1753,USA,CONNECTICUT,USA,,,,,,,,USALEG,UNITED STATES,USA,,,,,LEG,,,0,10,10,1,1,0.0,4,1,4,-6.25,2,"Connecticut, United States",US,USCT,,41.5834,-72.7622,CT,2,"Connecticut, United States",US,USCT,,41.5834,-72.7622,CT,2,"Connecticut, United States",US,USCT,,41.5834,-72.7622,CT,20260304154500,https://newrepublic.com/post/207330/pete-hegseth-troops-dying-iran-donald-trump-look-bad
1292363032,20260304,202603,2026,2026.1753,USA,NEW YORK,USA,,,,,,,,USALEG,UNITED STATES,USA,,,,,LEG,,,1,20,20,2,1,3.0,4,1,4,-1.08108108108108,2,"New York, United States",US,USNY,,42.1497,-74.9384,NY,2,"New York, United States",US,USNY,,42.1497,-74.9384,NY,2,"New York, United States",US,USNY,,42.1497,-74.9384,NY,20260304154500,https://cnynews.com/ixp/706/p/speed-limit-increase-new-york/
1292363033,20260304,202603,2026,2026.1753,USA,AMERICAN,USA,,,,,,,,USAMIL,THE US,USA,,,,,MIL,,,0,110,110,11,3,-2.0,2,1,2,-5.78905630452022,4,"Gaza, Israel (general), Israel",IS,IS00,18315,31.4167,34.3333,-797156,4,"Gaza, Israel (general), Israel",IS,IS00,18315,31.4167,34.3333,-797156,4,"Gaza, Israel (general), Israel",IS,IS00,18315,31.4167,34.3333,-797156,20260304154500,https://www.aljazeera.com/news/2026/3/4/why-are-the-us-and-israel-framing-the-ongoing-conflict-as-a-religious-war
1292363034,20260304,202603,2026,2026.1753,USA,AMERICAN,USA,,,,,,,,USAMIL,THE US,USA,,,,,MIL,,,0,110,110,11,3,-2.0,6,1,6,-5.78905630452022,3,"White House, District of Columbia, United States",US,USDC,,38.8951,-77.0364,531871,3,"White House, District of Columbia, United States",US,USDC,,38.8951,-77.0364,531871,3,"White House, District of Columbia, United States",US,USDC,,38.8951,-77.0364,531871,20260304154500,https://www.aljazeera.com/news/2026/3/4/why-are-the-us-and-israel-framing-the-ongoing-conflict-as-a-religious-war
1292363035,20260304,202603,2026,2026.1753,USA,AMERICAN,USA,,,,,,,,USAMIL,THE US,USA,,,,,MIL,,,0,110,110,11,3,-2.0,2,1,2,-5.78905630452022,3,"White House, District of Columbia, United States",US,USDC,,38.8951,-77.0364,531871,1,Iran,IR,IR,,32.0,53.0,IR,3,"White House, District of Columbia, United States",US,USDC,,38.8951,-77.0364,531871,20260304154500,https://www.aljazeera.com/news/2026/3/4/why-are-the-us-and-israel-framing-the-ongoing-conflict-as-a-religious-war
1292363037,20260304,202603,2026,2026.1753,USAEDU,CALIFORNIA,USA,,,,,EDU,,,JUD,SUPREME COURT,,,,,,JUD,,,1,51,51,5,1,3.4,6,1,6,1.92307692307692,2,"California, United States",US,USCA,,36.17,-119.746,CA,2,"California, United States",US,USCA,,36.17,-119.746,CA,2,"California, United States",US,USCA,,36.17,-119.746,CA,20260304154500,https://aleteia.org/2026/03/04/us-supreme-court-supports-gender-transition-transparency/
1292363038,20260304,202603,2026,2026.1753,USAELI,LOUISIANA,USA,,,,,ELI,,,,,,,,,,,,,1,173,173,17,4,-5.0,6,1,6,-5.24296675191816,2,"Louisiana, United States",US,USLA,,31.1801,-91.8749,LA,0,,,,,,,,2,"Louisiana, United States",US,USLA,,31.1801,-91.8749,LA,20260304154500,https://www.foxnews.com/us/ex-mayor-convicted-after-son-walks-lewd-act-alcohol-infused-pool-bash
1292363039,20260304,202603,2026,2026.1753,USAELI,LOUISIANA,USA,,,,,ELI,,,JUD,PROSECUTOR,,,,,,JUD,,,1,173,173,17,4,-5.0,6,1,6,-5.24296675191816,2,"Louisiana, United States",US,USLA,,31.1801,-91.8749,LA,2,"Louisiana, United States",US,USLA,,31.1801,-91.8749,LA,2,"Louisiana, United States",US,USLA,,31.1801,-91.8749,LA,20260304154500,https://www.foxnews.com/us/ex-mayor-convicted-after-son-walks-lewd-act-alcohol-infused-pool-bash
1292363040,20260304,202603,2026,2026.1753,USAELI,LOUISIANA,USA,,,,,ELI,,,USA,LOUISIANA,USA,,,,,,,,1,43,43,4,1,2.8,6,1,6,-5.24296675191816,2,"Louisiana, United States",US,USLA,,31.1801,-91.8749,LA,2,"Louisiana, United States",US,USLA,,31.1801,-91.8749,LA,2,"Louisiana, United States",US,USLA,,31.1801,-91.8749,LA,20260304154500,https://www.foxnews.com/us/ex-mayor-convicted-after-son-walks-lewd-act-alcohol-infused-pool-bash
1292363041,20260304,202603,2026,2026.1753,USAGOV,UNITED STATES,USA,,,,,GOV,,,,,,,,,,,,,1,10,10,1,1,0.0,2,1,2,-1.01975780752072,3,"Evanston, Illinois, United States",US,USIL,IL031,42.0411,-87.6901,408101,0,,,,,,,,3,"Evanston, Illinois, United States",US,USIL,IL031,42.0411,-87.6901,408101,20260304154500,https://dailynorthwestern.com/2026/03/04/city/mayor-daniel-biss-isnt-afraid-to-make-waves-now-hes-aiming-for-washington/
1292363042,20260304,202603,2026,2026.1753,USAGOV,UNITED STATES,USA,,,,,GOV,,,,,,,,,,,,,1,100,100,10,3,-5.0,1,1,1,-1.89959294436907,2,"Florida, United States",US,USFL,,27.8333,-81.717,FL,0,,,,,,,,2,"Florida, United States",US,USFL,,27.8333,-81.717,FL,20260304154500,https://www.usforacle.com/2026/03/04/usf-florida-pause-h1b-hiring-until-2027/
1292363043,20260304,202603,2026,2026.1753,USAGOV,UNITED STATES,USA,,,,,GOV,,,CVL,COMMUNITY,,,,,,CVL,,,1,20,20,2,1,3.0,8,1,8,-3.40909090909091,3,"Plattekill, New York, United States",US,USNY,NY111,41.6176,-74.076,960690,3,"Plattekill, New York, United States",US,USNY,NY111,41.6176,-74.076,960690,3,"Plattekill, New York, United States",US,USNY,NY111,41.6176,-74.076,960690,20260304154500,https://cnynews.com/ixp/706/p/close-before-you-doze-fire-safety/
1292363044,20260304,202603,2026,2026.1753,USAGOV,UNITED STATES,USA,,,,,GOV,,,GOV,ADMINISTRATION,,,,,,GOV,,,1,190,190,19,4,-10.0,2,1,2,-1.01975780752072,3,"Evanston, Illinois, United States",US,USIL,IL031,42.0411,-87.6901,408101,3,"Evanston, Illinois, United States",US,USIL,IL031,42.0411,-87.6901,408101,3,"Evanston, Illinois, United States",US,USIL,IL031,42.0411,-87.6901,408101,20260304154500,https://dailynorthwestern.com/2026/03/04/city/mayor-daniel-biss-isnt-afraid-to-make-waves-now-hes-aiming-for-washington/
1292363045,20260304,202603,2026,2026.1753,USAGOV,US OFFICIAL,USA,,,,,GOV,,,MED,NEWSPAPER,,,,,,MED,,,1,10,10,1,1,0.0,2,1,2,0.75187969924812,3,"Washington, District of Columbia, United States",US,USDC,DC001,38.8951,-77.0364,531871,3,"Washington, District of Columbia, United States",US,USDC,DC001,38.8951,-77.0364,531871,3,"Washington, District of Columbia, United States",US,USDC,DC001,38.8951,-77.0364,531871,20260304154500,https://timesofindia.indiatimes.com/world/us/give-birth-to-your-next-child-us-ambassadors-awkward-joke-to-embassy-staff-amid-iran-war-if-its-a-boy-/articleshow/129033129.cms
1292363046,20260304,202603,2026,2026.1753,USAGOV,US OFFICIAL,USA,,,,,GOV,,,MED,NEWSPAPER,,,,,,MED,,,1,10,10,1,1,0.0,6,1,6,0.75187969924812,3,"Washington, District of Columbia, United States",US,USDC,DC001,38.8951,-77.0364,531871,1,Israel,IS,IS,,31.5,34.75,IS,1,Israel,IS,IS,,31.5,34.75,IS,20260304154500,https://timesofindia.indiatimes.com/world/us/give-birth-to-your-next-child-us-ambassadors-awkward-joke-to-embassy-staff-amid-iran-war-if-its-a-boy-/articleshow/129033129.cms
1292363047,20260304,202603,2026,2026.1753,USAGOV,US OFFICIAL,USA,,,,,GOV,,,MED,NEWSPAPER,,,,,,MED,,,1,10,10,1,1,0.0,2,1,2,0.75187969924812,1,Israel,IS,IS,,31.5,34.75,IS,1,Israel,IS,IS,,31.5,34.75,IS,1,Israel,IS,IS,,31.5,34.75,IS,20260304154500,https://timesofindia.indiatimes.com/world/us/give-birth-to-your-next-child-us-ambassadors-awkward-joke-to-embassy-staff-amid-iran-war-if-its-a-boy-/articleshow/129033129.cms
1292363048,20260304,202603,2026,2026.1753,USAGOV,THE WHITE HOUSE,USA,,,,,GOV,,,USA,MINNESOTA,USA,,,,,,,,0,10,10,1,1,0.0,2,1,2,-5.0,3,"White House, District of Columbia, United States",US,USDC,,38.8951,-77.0364,531871,2,"Minnesota, United States",US,USMN,,45.7326,-93.9196,MN,3,"White House, District of Columbia, United States",US,USDC,,38.8951,-77.0364,531871,20260304154500,https://quickcountry.com/ixp/1172/p/minnesota-lawsuit-medicaid-funding-pause/
1292363049,20260304,202603,2026,2026.1753,USAGOV,THE WHITE HOUSE,USA,,,,,GOV,,,USA,MINNESOTA,USA,,,,,,,,0,10,10,1,1,0.0,1,1,1,-5.0,3,"White House, District of Columbia, United States",US,USDC,,38.8951,-77.0364,531871,2,"Minnesota, United States",US,USMN,,45.7326,-93.9196,MN,2,"Minnesota, United States",US,USMN,,45.7326,-93.9196,MN,20260304154500,https://quickcountry.com/ixp/1172/p/minnesota-lawsuit-medicaid-funding-pause/
1292363050,20260304,202603,2026,2026.1753,USAGOV,UNITED STATES,USA,,,,,GOV,,,USA,UNITED STATES,USA,,,,,,,,1,42,42,4,1,1.9,2,1,2,-0.9278350515464,2,"Texas, United States",US,USTX,,31.106,-97.6475,TX,3,"Collin County, Texas, United States",US,USTX,,33.2001,-96.5669,1383828,2,"Texas, United States",US,USTX,,31.106,-97.6475,TX,20260304154500,https://www.houstonpublicmedia.org/articles/news/politics/election-2026/2026/03/04/545136/republicans-head-to-runoff-in-texas-attorney-general-primary-dems-uncertain/
1292363051,20260304,202603,2026,2026.1753,USAGOV,UNITED STATES,USA,,,,,GOV,,,USA,UNITED STATES,USA,,,,,,,,1,43,43,4,1,2.8,2,1,2,-0.9278350515464,2,"Texas, United States",US,USTX,,31.106,-97.6475,TX,3,"Houston, Texas, United States",US,USTX,TX201,29.7633,-95.3633,1380948,3,"Houston, Texas, United States",US,USTX,TX201,29.7633,-95.3633,1380948,20260304154500,https://www.houstonpublicmedia.org/articles/news/politics/election-2026/2026/03/04/545136/republicans-head-to-runoff-in-texas-attorney-general-primary-dems-uncertain/
1292363052,20260304,202603,2026,2026.1753,USAGOV,UNITED STATES,USA,,,,,GOV,,,USA,AMERICAN,USA,,,,,,,,0,130,130,13,3,-4.4,4,1,4,-5.46875,2,"New York, United States",US,USNY,,42.1497,-74.9384,NY,2,"New York, United States",US,USNY,,42.1497,-74.9384,NY,2,"New York, United States",US,USNY,,42.1497,-74.9384,NY,20260304154500,https://nyc.streetsblog.org/2026/03/03/breaking-federal-judge-rules-trump-cant-kill-congestion-pricing
1292363053,20260304,202603,2026,2026.1753,USAGOVMIL,UNITED STATES,USA,,,,,GOV,MIL,,IGOWSTNAT,NATO,WST,NAT,,,,IGO,,,0,10,10,1,1,0.0,4,1,4,-4.88656195462478,4,"Limassol, Limassol, Cyprus",CY,CY05,14809,34.675,33.0333,-2738495,4,"Limassol, Limassol, Cyprus",CY,CY05,14809,34.675,33.0333,-2738495,4,"Limassol, Limassol, Cyprus",CY,CY05,14809,34.675,33.0333,-2738495,20260304154500,https://www.aljazeera.com/news/2026/3/4/nato-defences-destroy-missile-fired-from-iran-over-mediterranean-turkiye
1292363054,20260304,202603,2026,2026.1753,USAGOVMIL,UNITED STATES,USA,,,,,GOV,MIL,,IGOWSTNAT,NATO,WST,NAT,,,,IGO,,,0,10,10,1,1,0.0,1,1,1,-4.88656195462478,1,Greece,GR,GR,,39.0,22.0,GR,4,"Limassol, Limassol, Cyprus",CY,CY05,14809,34.675,33.0333,-2738495,4,"Limassol, Limassol, Cyprus",CY,CY05,14809,34.675,33.0333,-2738495,20260304154500,https://www.aljazeera.com/news/2026/3/4/nato-defences-destroy-missile-fired-from-iran-over-mediterranean-turkiye
1292363055,20260304,202603,2026,2026.1753,USAGOVMIL,UNITED STATES,USA,,,,,GOV,MIL,,IGOWSTNAT,NATO,WST,NAT,,,,IGO,,,0,10,10,1,1,0.0,4,1,4,-4.88656195462478,1,United States,US,US,,39.828175,-98.5795,US,4,"Incirlik, Antalya, Turkey",TU,TU07,27545,36.4655,30.3556,-757705,4,"Incirlik, Antalya, Turkey",TU,TU07,27545,36.4655,30.3556,-757705,20260304154500,https://www.aljazeera.com/news/2026/3/4/nato-defences-destroy-missile-fired-from-iran-over-mediterranean-turkiye
1292363056,20260304,202603,2026,2026.1753,USAGOVMIL,UNITED STATES,USA,,,,,GOV,MIL,,IGOWSTNAT,NATO,WST,NAT,,,,IGO,,,0,10,10,1,1,0.0,1,1,1,-4.88656195462478,1,United States,US,US,,39.828175,-98.5795,US,4,"Incirlik, Antalya, Turkey",TU,TU07,27545,36.4655,30.3556,-757705,1,United States,US,US,,39.828175,-98.5795,US,20260304154500,https://www.aljazeera.com/news/2026/3/4/nato-defences-destroy-missile-fired-from-iran-over-mediterranean-turkiye
1292363057,20260304,202603,2026,2026.1753,USAGOVMIL,UNITED STATES,USA,,,,,GOV,MIL,,IRN,IRAN,IRN,,,,,,,,1,42,42,4,1,1.9,2,1,2,-7.86240786240786,1,United States,US,US,,39.828175,-98.5795,US,4,"Tehran, Tehran, Iran",IR,IR26,41130,35.75,51.5148,10074674,1,United States,US,US,,39.828175,-98.5795,US,20260304154500,https://www.aljazeera.com/news/2026/3/4/hegseth-says-more-us-forces-arriving-in-middle-east-as-iran-war-ramps-up
1292363058,20260304,202603,2026,2026.1753,USAGOVMIL,UNITED STATES,USA,,,,,GOV,MIL,,MIL,MILITARY,,,,,,MIL,,,0,10,10,1,1,0.0,2,1,2,-3.91404451266308,3,"Des Moines, Iowa, United States",US,USIA,IA153,41.6005,-93.6091,465961,4,"Tehran, Tehran, Iran",IR,IR26,41130,35.75,51.5148,10074674,3,"Des Moines, Iowa, United States",US,USIA,,41.6005,-93.6091,465961,20260304154500,https://www.foxla.com/news/iran-war-continues-march-4-2026
1292363059,20260304,202603,2026,2026.1753,USAGOVMIL,UNITED STATES,USA,,,,,GOV,MIL,,USA,UNITED STATES,USA,,,,,,,,1,12,12,1,1,-0.4,2,1,2,-7.86240786240786,1,United States,US,US,,39.828175,-98.5795,US,1,United States,US,US,,39.828175,-98.5795,US,1,United States,US,US,,39.828175,-98.5795,US,20260304154500,https://www.aljazeera.com/news/2026/3/4/hegseth-says-more-us-forces-arriving-in-middle-east-as-iran-war-ramps-up
1292363060,20260304,202603,2026,2026.1753,USAJUD,UNITED STATES,USA,,,,,JUD,,,,,,,,,,,,,1,10,10,1,1,0.0,8,1,8,-15.4761904761905,3,"Madison County, Ohio, United States",US,USOH,OH097,39.8667,-83.4333,1074061,0,,,,,,,,3,"Madison County, Ohio, United States",US,USOH,,39.8667,-83.4333,1074061,20260304154500,https://abc6onyourside.com/news/local/madison-county-man-arrested-charged-with-murder-in-wifes-death-london-true-crime
1292363061,20260304,202603,2026,2026.1753,USAJUD,UNITED STATES,USA,,,,,JUD,,,,,,,,,,,,,1,10,10,1,1,0.0,1,1,1,-5.24296675191816,2,"Louisiana, United States",US,USLA,,31.1801,-91.8749,LA,0,,,,,,,,2,"Louisiana, United States",US,USLA,,31.1801,-91.8749,LA,20260304154500,https://www.foxnews.com/us/ex-mayor-convicted-after-son-walks-lewd-act-alcohol-infused-pool-bash
1292363062,20260304,202603,2026,2026.1753,USAJUD,UNITED STATES,USA,,,,,JUD,,,,,,,,,,,,,1,214,21,2,1,3.4,4,1,4,-15.4761904761905,3,"Madison County, Ohio, United States",US,USOH,OH097,39.8667,-83.4333,1074061,0,,,,,,,,3,"Madison County, Ohio, United States",US,USOH,,39.8667,-83.4333,1074061,20260304154500,https://abc6onyourside.com/news/local/madison-county-man-arrested-charged-with-murder-in-wifes-death-london-true-crime
1292363063,20260304,202603,2026,2026.1753,USAJUD,UNITED STATES,USA,,,,,JUD,,,COP,POLICE,,,,,,COP,,,1,20,20,2,1,3.0,2,1,2,-5.24296675191816,2,"Louisiana, United States",US,USLA,,31.1801,-91.8749,LA,2,"Louisiana, United States",US,USLA,,31.1801,-91.8749,LA,2,"Louisiana, United States",US,USLA,,31.1801,-91.8749,LA,20260304154500,https://www.foxnews.com/us/ex-mayor-convicted-after-son-walks-lewd-act-alcohol-infused-pool-bash
1292363064,20260304,202603,2026,2026.1753,USAJUD,UNITED STATES,USA,,,,,JUD,,,GOV,GOVERNMENT,,,,,,GOV,,,0,143,143,14,3,-6.5,2,1,2,-5.46875,3,"Manhattan, New York, United States",US,USNY,NY061,40.7834,-73.9662,971945,2,"New York, United States",US,USNY,,42.1497,-74.9384,NY,3,"Manhattan, New York, United States",US,USNY,NY061,40.7834,-73.9662,971945,20260304154500,https://nyc.streetsblog.org/2026/03/03/breaking-federal-judge-rules-trump-cant-kill-congestion-pricing
1292363065,20260304,202603,2026,2026.1753,USAJUD,UNITED STATES,USA,,,,,JUD,,,MED,NEWS OUTLET,,,,,,MED,,,0,13,13,1,1,0.4,1,1,1,-4.6875,3,"Washington, District of Columbia, United States",US,USDC,DC001,38.8951,-77.0364,531871,3,"Washington, District of Columbia, United States",US,USDC,DC001,38.8951,-77.0364,531871,3,"Washington, District of Columbia, United States",US,USDC,DC001,38.8951,-77.0364,531871,20260304154500,https://www.oxygen.com/crime-news/kevin-west-sentenced-for-the-murder-of-wife-marcy-west
1292363066,20260304,202603,2026,2026.1753,USALAB,UNITED STATES,USA,,,,,LAB,,,LAB,LABOR UNION,,,,,,LAB,,,0,42,42,4,1,1.9,1,1,1,-1.01975780752072,3,"Evanston, Illinois, United States",US,USIL,IL031,42.0411,-87.6901,408101,3,"Evanston, Illinois, United States",US,USIL,IL031,42.0411,-87.6901,408101,3,"Evanston, Illinois, United States",US,USIL,IL031,42.0411,-87.6901,408101,20260304154500,https://dailynorthwestern.com/2026/03/04/city/mayor-daniel-biss-isnt-afraid-to-make-waves-now-hes-aiming-for-washington/
1292363067,20260304,202603,2026,2026.1753,USALEG,CONNECTICUT,USA,,,,,LEG,,,,,,,,,,,,,0,10,10,1,1,0.0,3,1,3,-6.25,2,"Connecticut, United States",US,USCT,,41.5834,-72.7622,CT,0,,,,,,,,2,"Connecticut, United States",US,USCT,,41.5834,-72.7622,CT,20260304154500,https://newrepublic.com/post/207330/pete-hegseth-troops-dying-iran-donald-trump-look-bad
1292363068,20260304,202603,2026,2026.1753,USALEG,UNITED STATES,USA,,,,,LEG,,,GOV,ATTORNEY GENERAL,,,,,,GOV,,,1,42,42,4,1,1.9,2,1,2,-0.9278350515464,3,"Houston, Texas, United States",US,USTX,TX201,29.7633,-95.3633,1380948,3,"Houston, Texas, United States",US,USTX,TX201,29.7633,-95.3633,1380948,3,"Houston, Texas, United States",US,USTX,TX201,29.7633,-95.3633,1380948,20260304154500,https://www.houstonpublicmedia.org/articles/news/politics/election-2026/2026/03/04/545136/republicans-head-to-runoff-in-texas-attorney-general-primary-dems-uncertain/
1292363069,20260304,202603,2026,2026.1753,USALEG,UNITED STATES,USA,,,,,LEG,,,GOV,ATTORNEY GENERAL,,,,,,GOV,,,1,42,42,4,1,1.9,2,1,2,-0.9278350515464,3,"Houston, Texas, United States",US,USTX,TX201,29.7633,-95.3633,1380948,2,"Texas, United States",US,USTX,,31.106,-97.6475,TX,3,"Houston, Texas, United States",US,USTX,TX201,29.7633,-95.3633,1380948,20260304154500,https://www.houstonpublicmedia.org/articles/news/politics/election-2026/2026/03/04/545136/republicans-head-to-runoff-in-texas-attorney-general-primary-dems-uncertain/
1292363070,20260304,202603,2026,2026.1753,USALEG,NEW YORK,USA,,,,,LEG,,,USA,NEW YORK,USA,,,,,,,,1,20,20,2,1,3.0,6,1,6,-1.08108108108108,2,"New York, United States",US,USNY,,42.1497,-74.9384,NY,2,"New York, United States",US,USNY,,42.1497,-74.9384,NY,2,"New York, United States",US,USNY,,42.1497,-74.9384,NY,20260304154500,https://cnynews.com/ixp/706/p/speed-limit-increase-new-york/
1292363071,20260304,202603,2026,2026.1753,USALEG,UNITED STATES,USA,,,,,LEG,,,USA,TEXAS,USA,,,,,,,,0,241,24,2,1,-0.3,2,1,2,-3.20924261874197,2,"Texas, United States",US,USTX,,31.106,-97.6475,TX,2,"Texas, United States",US,USTX,,31.106,-97.6475,TX,2,"Texas, United States",US,USTX,,31.106,-97.6475,TX,20260304154500,https://talkingpointsmemo.com/news/embattled-gonzales-and-right-wing-youtuber-set-to-face-off-in-a-runoff
1292363072,20260304,202603,2026,2026.1753,USALEG,UNITED STATES,USA,,,,,LEG,,,USA,TEXAS,USA,,,,,,,,0,241,24,2,1,-0.3,2,1,2,-3.20924261874197,2,"Texas, United States",US,USTX,,31.106,-97.6475,TX,2,"Texas, United States",US,USTX,,31.106,-97.6475,TX,2,"Wisconsin, United States",US,USWI,,44.2563,-89.6385,WI,20260304154500,https://talkingpointsmemo.com/news/embattled-gonzales-and-right-wing-youtuber-set-to-face-off-in-a-runoff
1292363073,20260304,202603,2026,2026.1753,USALEG,UNITED STATES,USA,,,,,LEG,,,USA,WISCONSIN,USA,,,,,,,,1,60,60,6,2,6.0,2,1,2,-6.69144981412639,2,"Wisconsin, United States",US,USWI,,44.2563,-89.6385,WI,2,"Wisconsin, United States",US,USWI,,44.2563,-89.6385,WI,2,"Wisconsin, United States",US,USWI,,44.2563,-89.6385,WI,20260304154500,https://www.wispolitics.com/2026/opportunity-wisconsin-ahead-of-farm-bill-markup-opportunity-wisconsin-calls-on-van-orden-to-reverse-snap-cuts-hurting-wisconsin-families/
1292363074,20260304,202603,2026,2026.1753,USAMED,REUTERS,USA,,,,,MED,,,ARE,UNITED ARAB EMIRATES,ARE,,,,,,,,0,42,42,4,1,1.9,10,1,10,-5.0,4,"Fujairah, Al Fujayrah, United Arab Emirates",AE,AE04,149629,25.1164,56.3414,-782158,4,"Fujairah, Al Fujayrah, United Arab Emirates",AE,AE04,149629,25.1164,56.3414,-782158,4,"Fujairah, Al Fujayrah, United Arab Emirates",AE,AE04,149629,25.1164,56.3414,-782158,20260304154500,https://oilprice.com/Latest-Energy-News/World-News/Iran-Claims-It-Has-Complete-Control-Over-Strait-of-Hormuz.html
1292363075,20260304,202603,2026,2026.1753,USAMED,ASSOCIATED PRESS,USA,,,,,MED,,,ARE,UNITED ARAB EMIRATES,ARE,,,,,,,,0,70,70,7,2,7.0,1,1,1,-0.97087378640777,4,"Bangkok, Krung Thep Mahanakhon, Thailand",TH,TH40,26423,13.75,100.517,-3250083,4,"Bangkok, Krung Thep Mahanakhon, Thailand",TH,TH40,26423,13.75,100.517,-3250083,4,"Bangkok, Krung Thep Mahanakhon, Thailand",TH,TH40,26423,13.75,100.517,-3250083,20260304154500,https://www.clickondetroit.com/news/world/2026/03/04/sri-lanka-says-an-iranian-warship-has-sunk-off-its-coast-in-the-indian-ocean/
1292363076,20260304,202603,2026,2026.1753,USAMED,ASSOCIATED PRESS,USA,,,,,MED,,,ARE,UNITED ARAB EMIRATES,ARE,,,,,,,,0,70,70,7,2,7.0,1,1,1,-0.97087378640777,4,"Bangkok, Krung Thep Mahanakhon, Thailand",TH,TH40,26423,13.75,100.517,-3250083,4,"Dubai, Dubayy, United Arab Emirates",AE,AE03,28575,25.2522,55.28,-782831,4,"Dubai, Dubayy, United Arab Emirates",AE,AE03,28575,25.2522,55.28,-782831,20260304154500,https://www.clickondetroit.com/news/world/2026/03/04/sri-lanka-says-an-iranian-warship-has-sunk-off-its-coast-in-the-indian-ocean/
1292363077,20260304,202603,2026,2026.1753,USAMED,REUTERS,USA,,,,,MED,,,HIN,HINDU,,,,HIN,,,,,0,43,43,4,1,2.8,4,1,4,7.19794344473004,4,"Ahmedabad, Gujarat, India",IN,IN09,17644,23.0333,72.6167,-2088270,4,"Mumbai, Maharashtra, India",IN,IN16,70184,18.975,72.8258,-2092174,4,"Mumbai, Maharashtra, India",IN,IN16,70184,18.975,72.8258,-2092174,20260304154500,https://www.independent.co.uk/asia/india/holi-india-festival-colours-b2931558.html
1292363078,20260304,202603,2026,2026.1753,USAMED,REUTERS,USA,,,,,MED,,,IRN,IRAN,IRN,,,,,,,,0,51,51,5,1,3.4,8,1,8,-1.44665461121157,4,"Basij, Fars, Iran",IR,IR07,41029,30.608,53.1874,10467014,4,"Basij, Fars, Iran",IR,IR07,41029,30.608,53.1874,10467014,4,"Basij, Fars, Iran",IR,IR07,41029,30.608,53.1874,10467014,20260304154500,https://www.independent.co.uk/news/world/middle-east/iran-ayatollah-mojtaba-khamenei-successor-b2931574.html
1292363079,20260304,202603,2026,2026.1753,USAMED,REUTERS,USA,,,,,MED,,,IRN,IRAN,IRN,,,,,,,,0,51,51,5,1,3.4,2,1,2,-1.44665461121157,1,Iraq,IZ,IZ,,33.0,44.0,IZ,1,Iraq,IZ,IZ,,33.0,44.0,IZ,4,"Basij, Fars, Iran",IR,IR07,41029,30.608,53.1874,10467014,20260304154500,https://www.independent.co.uk/news/world/middle-east/iran-ayatollah-mojtaba-khamenei-successor-b2931574.html
1292363080,20260304,202603,2026,2026.1753,USAMED,TEXAS,USA,,,,,MED,,,LEG,CONGRESSMAN,,,,,,LEG,,,0,112,112,11,3,-2.0,6,1,6,-3.20924261874197,2,"Texas, United States",US,USTX,,31.106,-97.6475,TX,2,"Texas, United States",US,USTX,,31.106,-97.6475,TX,2,"Texas, United States",US,USTX,,31.106,-97.6475,TX,20260304154500,https://talkingpointsmemo.com/news/embattled-gonzales-and-right-wing-youtuber-set-to-face-off-in-a-runoff
1292363081,20260304,202603,2026,2026.1753,USAMED,REUTERS,USA,,,,,MED,,,UKR,UKRAINE,UKR,,,,,,,,1,190,190,19,4,-10.0,10,1,10,-1.50442477876106,1,Iran,IR,IR,,32.0,53.0,IR,1,Iran,IR,IR,,32.0,53.0,IR,1,Iran,IR,IR,,32.0,53.0,IR,20260304154500,https://peakoil.com/production/u-s-oil-and-gas-exporters-cant-fill-middle-east-supply-gap-as-hormuz-crisis-deepens
1292363082,20260304,202603,2026,2026.1753,USAMIL,UNITED STATES,USA,,,,,MIL,,,USA,UNITED STATES,USA,,,,,,,,1,190,190,19,4,-10.0,1,1,1,-5.76923076923077,4,"Minab, Sistan va Baluchestan, Iran",IR,IR04,41051,25.7893,61.1025,293743,1,United States,US,US,,39.828175,-98.5795,US,1,United States,US,US,,39.828175,-98.5795,US,20260304154500,https://www.mediaite.com/media/news/trump-war-chief-hegseth-confronted-over-attack-on-girls-school-that-killed-160-children/
1292363083,20260304,202603,2026,2026.1753,USAMIL,AMERICAN,USA,,,,,MIL,,,USA,UNITED STATES,USA,,,,,,,,1,190,190,19,4,-10.0,3,1,3,-5.76923076923077,1,United States,US,US,,39.828175,-98.5795,US,1,United States,US,US,,39.828175,-98.5795,US,4,"Minab, Sistan va Baluchestan, Iran",IR,IR04,41051,25.7893,61.1025,293743,20260304154500,https://www.mediaite.com/media/news/trump-war-chief-hegseth-confronted-over-attack-on-girls-school-that-killed-160-children/
1292363084,20260304,202603,2026,2026.1753,UZB,UZBEKISTAN,UZB,,,,,,,,CVL,CITIZEN,,,,,,CVL,,,1,60,60,6,2,6.0,10,1,10,-1.64609053497943,4,"Astara, Astara, Azerbaijan",AJ,AJ08,534,38.456,48.875,-2705081,4,"Tehran, Tehran, Iran",IR,IR26,41130,35.75,51.5148,10074674,4,"Tehran, Tehran, Iran",IR,IR26,41130,35.75,51.5148,10074674,20260304154500,https://timesca.com/turkmenistan-opens-additional-crossings-as-uzbekistan-evacuates-citizens-from-iran/
1292363085,20260304,202603,2026,2026.1753,UZB,UZBEKISTAN,UZB,,,,,,,,GBRGOV,UNITED KINGDOM,GBR,,,,,GOV,,,1,40,40,4,1,1.0,4,1,4,-0.3448275862069,4,"Astana, Gorod Astana, Kazakhstan",KZ,KZ05,37174,51.1811,71.4278,-2334218,4,"Astana, Gorod Astana, Kazakhstan",KZ,KZ05,37174,51.1811,71.4278,-2334218,4,"Astana, Gorod Astana, Kazakhstan",KZ,KZ05,37174,51.1811,71.4278,-2334218,20260304154500,https://timesca.com/central-asia-and-britain-launch-ca5uk-ministerial-track/
1292363086,20260304,202603,2026,2026.1753,UZB,UZBEKISTAN,UZB,,,,,,,,GBRGOV,UNITED KINGDOM,GBR,,,,,GOV,,,1,40,40,4,1,1.0,6,1,6,-0.3448275862069,4,"London, London, City of, United Kingdom",UK,UKH9,40110,51.5,-0.116667,-2601889,4,"London, London, City of, United Kingdom",UK,UKH9,40110,51.5,-0.116667,-2601889,4,"London, London, City of, United Kingdom",UK,UKH9,40110,51.5,-0.116667,-2601889,20260304154500,https://timesca.com/central-asia-and-britain-launch-ca5uk-ministerial-track/
1292363087,20260304,202603,2026,2026.1753,VAT,VATICAN,VAT,,,,,,,,,,,,,,,,,,0,10,10,1,1,0.0,3,1,3,-1.25,4,"Sanaa, Sana', Yemen",YM,YM16,32956,15.3547,44.2067,-3191442,0,,,,,,,,4,"Sanaa, Sana', Yemen",YM,YM16,32956,15.3547,44.2067,-3191442,20260304154500,"https://www.asianews.it/news-en/Martyred-nuns-of-Aden:-10-years-later,-still-seeds-of-peace-64964.html"
1292363089,20260304,202603,2026,2026.1753,VAT,VATICAN,VAT,,,,,,,,,,,,,,,,,,0,40,40,4,1,1.0,3,1,3,-1.25,4,"Sanaa, Sana', Yemen",YM,YM16,32956,15.3547,44.2067,-3191442,0,,,,,,,,4,"Sanaa, Sana', Yemen",YM,YM16,32956,15.3547,44.2067,-3191442,20260304154500,"https://www.asianews.it/news-en/Martyred-nuns-of-Aden:-10-years-later,-still-seeds-of-peace-64964.html"
1292363091,20260304,202603,2026,2026.1753,VAT,VATICAN,VAT,,,,,,,,CVL,THE POOR,,,,,,CVL,,,0,10,10,1,1,0.0,3,1,3,-1.25,4,"Sanaa, Sana', Yemen",YM,YM16,32956,15.3547,44.2067,-3191442,4,"Sanaa, Sana', Yemen",YM,YM16,32956,15.3547,44.2067,-3191442,4,"Sanaa, Sana', Yemen",YM,YM16,32956,15.3547,44.2067,-3191442,20260304154500,"https://www.asianews.it/news-en/Martyred-nuns-of-Aden:-10-years-later,-still-seeds-of-peace-64964.html"
1292363092,20260304,202603,2026,2026.1753,VAT,VATICAN,VAT,,,,,,,,CVL,THE POOR,,,,,,CVL,,,0,40,40,4,1,1.0,3,1,3,-1.25,4,"Sanaa, Sana', Yemen",YM,YM16,32956,15.3547,44.2067,-3191442,4,"Sanaa, Sana', Yemen",YM,YM16,32956,15.3547,44.2067,-3191442,4,"Sanaa, Sana', Yemen",YM,YM16,32956,15.3547,44.2067,-3191442,20260304154500,"https://www.asianews.it/news-en/Martyred-nuns-of-Aden:-10-years-later,-still-seeds-of-peace-64964.html"
1292363093,20260304,202603,2026,2026.1753,VAT,VATICAN,VAT,,,,,,,,CVL,THE POOR,,,,,,CVL,,,0,51,51,5,1,3.4,3,1,3,-1.25,4,"Sanaa, Sana', Yemen",YM,YM16,32956,15.3547,44.2067,-3191442,4,"Sanaa, Sana', Yemen",YM,YM16,32956,15.3547,44.2067,-3191442,4,"Sanaa, Sana', Yemen",YM,YM16,32956,15.3547,44.2067,-3191442,20260304154500,"https://www.asianews.it/news-en/Martyred-nuns-of-Aden:-10-years-later,-still-seeds-of-peace-64964.html"
1292363094,20260304,202603,2026,2026.1753,VAT,VATICAN,VAT,,,,,,,,YEM,YEMEN,YEM,,,,,,,,0,40,40,4,1,1.0,4,1,4,-1.25,4,"Sanaa, Sana', Yemen",YM,YM16,32956,15.3547,44.2067,-3191442,4,"Sanaa, Sana', Yemen",YM,YM16,32956,15.3547,44.2067,-3191442,4,"Sanaa, Sana', Yemen",YM,YM16,32956,15.3547,44.2067,-3191442,20260304154500,"https://www.asianews.it/news-en/Martyred-nuns-of-Aden:-10-years-later,-still-seeds-of-peace-64964.html"
1292363095,20260304,202603,2026,2026.1753,YEM,YEMEN,YEM,,,,,,,,,,,,,,,,,,0,10,10,1,1,0.0,2,1,2,-1.25,4,"Sanaa, Sana', Yemen",YM,YM16,32956,15.3547,44.2067,-3191442,0,,,,,,,,4,"Sanaa, Sana', Yemen",YM,YM16,32956,15.3547,44.2067,-3191442,20260304154500,"https://www.asianews.it/news-en/Martyred-nuns-of-Aden:-10-years-later,-still-seeds-of-peace-64964.html"
1292363096,20260304,202603,2026,2026.1753,YEM,ADEN,YEM,,,,,,,,CHRCTH468,MISSIONARIES OF CHARITY,,,,CHR,CTH,,,,1,190,190,19,4,-10.0,10,1,10,-1.25,4,"Sanaa, Sana', Yemen",YM,YM16,32956,15.3547,44.2067,-3191442,4,"Sanaa, Sana', Yemen",YM,YM16,32956,15.3547,44.2067,-3191442,4,"Sanaa, Sana', Yemen",YM,YM16,32956,15.3547,44.2067,-3191442,20260304154500,"https://www.asianews.it/news-en/Martyred-nuns-of-Aden:-10-years-later,-still-seeds-of-peace-64964.html"
1292363097,20260304,202603,2026,2026.1753,YEM,YEMEN,YEM,,,,,,,,CVL,THE POOR,,,,,,CVL,,,0,10,10,1,1,0.0,2,1,2,-1.25,4,"Sanaa, Sana', Yemen",YM,YM16,32956,15.3547,44.2067,-3191442,4,"Sanaa, Sana', Yemen",YM,YM16,32956,15.3547,44.2067,-3191442,4,"Sanaa, Sana', Yemen",YM,YM16,32956,15.3547,44.2067,-3191442,20260304154500,"https://www.asianews.it/news-en/Martyred-nuns-of-Aden:-10-years-later,-still-seeds-of-peace-64964.html"
1292363098,20260304,202603,2026,2026.1753,YEM,YEMEN,YEM,,,,,,,,CVL,CITIZEN,,,,,,CVL,,,0,26,26,2,1,4.0,2,1,2,-1.03030303030303,1,West Bank,WE,WE,,31.666667,35.25,WE,1,United States,US,US,,39.828175,-98.5795,US,1,United States,US,US,,39.828175,-98.5795,US,20260304154500,https://krdo.com/news/2026/03/04/closed-airports-empty-skies-what-travelers-impacted-by-middle-east-air-disruptions-need-to-know/
1292363099,20260304,202603,2026,2026.1753,YEM,YEMEN,YEM,,,,,,,,CVL,THE POOR,,,,,,CVL,,,0,51,51,5,1,3.4,2,1,2,-1.25,4,"Sanaa, Sana', Yemen",YM,YM16,32956,15.3547,44.2067,-3191442,4,"Sanaa, Sana', Yemen",YM,YM16,32956,15.3547,44.2067,-3191442,4,"Sanaa, Sana', Yemen",YM,YM16,32956,15.3547,44.2067,-3191442,20260304154500,"https://www.asianews.it/news-en/Martyred-nuns-of-Aden:-10-years-later,-still-seeds-of-peace-64964.html"
1292363100,20260304,202603,2026,2026.1753,YEM,YEMEN,YEM,,,,,,,,VAT,VATICAN,VAT,,,,,,,,0,40,40,4,1,1.0,4,1,4,-1.25,4,"Sanaa, Sana', Yemen",YM,YM16,32956,15.3547,44.2067,-3191442,4,"Sanaa, Sana', Yemen",YM,YM16,32956,15.3547,44.2067,-3191442,4,"Sanaa, Sana', Yemen",YM,YM16,32956,15.3547,44.2067,-3191442,20260304154500,"https://www.asianews.it/news-en/Martyred-nuns-of-Aden:-10-years-later,-still-seeds-of-peace-64964.html"
1292363101,20260304,202603,2026,2026.1753,ZAF,EASTERN CAPE,ZAF,,,,,,,,,,,,,,,,,,0,40,40,4,1,1.0,6,1,6,-10.0977198697068,4,"Alexandria, Al Iskandariyah, Egypt",EG,EG06,61590,31.1981,29.9192,-290263,0,,,,,,,,4,"Alexandria, Al Iskandariyah, Egypt",EG,EG06,61590,31.1981,29.9192,-290263,20260304154500,https://www.citizen.co.za/news/south-africa/courts/parolee-gets-25-years-for-raping-blind-woman-in-her-home/
1292363102,20260304,202603,2026,2026.1753,ZAF,EASTERN CAPE,ZAF,,,,,,,,,,,,,,,,,,0,51,51,5,1,3.4,6,1,6,-10.0977198697068,4,"Alexandria, Al Iskandariyah, Egypt",EG,EG06,61590,31.1981,29.9192,-290263,0,,,,,,,,4,"Alexandria, Al Iskandariyah, Egypt",EG,EG06,61590,31.1981,29.9192,-290263,20260304154500,https://www.citizen.co.za/news/south-africa/courts/parolee-gets-25-years-for-raping-blind-woman-in-her-home/
1292363103,20260304,202603,2026,2026.1753,ZAF,EASTERN CAPE,ZAF,,,,,,,,EGY,EGYPT,EGY,,,,,,,,0,40,40,4,1,1.0,4,1,4,-10.0977198697068,4,"Alexandria, Al Iskandariyah, Egypt",EG,EG06,61590,31.1981,29.9192,-290263,4,"Alexandria, Al Iskandariyah, Egypt",EG,EG06,61590,31.1981,29.9192,-290263,4,"Alexandria, Al Iskandariyah, Egypt",EG,EG06,61590,31.1981,29.9192,-290263,20260304154500,https://www.citizen.co.za/news/south-africa/courts/parolee-gets-25-years-for-raping-blind-woman-in-her-home/
1292363104,20260304,202603,2026,2026.1753,ZAF,EASTERN CAPE,ZAF,,,,,,,,EGY,EGYPT,EGY,,,,,,,,0,51,51,5,1,3.4,4,1,4,-10.0977198697068,4,"Alexandria, Al Iskandariyah, Egypt",EG,EG06,61590,31.1981,29.9192,-290263,4,"Alexandria, Al Iskandariyah, Egypt",EG,EG06,61590,31.1981,29.9192,-290263,4,"Alexandria, Al Iskandariyah, Egypt",EG,EG06,61590,31.1981,29.9192,-290263,20260304154500,https://www.citizen.co.za/news/south-africa/courts/parolee-gets-25-years-for-raping-blind-woman-in-her-home/
1292363105,20260304,202603,2026,2026.1753,ZAFELI,NELSON MANDELA,ZAF,,,,,ELI,,,AFR,AFRICA,AFR,,,,,,,,1,173,173,17,4,-5.0,2,1,2,-3.06603773584905,4,"Robben Island, Western Cape, South Africa",SF,SF11,77317,-33.8064,18.3688,-1277178,4,"Robben Island, Western Cape, South Africa",SF,SF11,77317,-33.8064,18.3688,-1277178,4,"Robben Island, Western Cape, South Africa",SF,SF11,77317,-33.8064,18.3688,-1277178,20260304154500,https://www.africanews.com/2026/03/04/south-african-anti-apartheid-activist-mosiuoa-lekota-dies-at-77/
1292363106,20260304,202603,2026,2026.1753,ein,EAST INDIAN,,,ein,,,,,,IRN,IRAN,IRN,,,,,,,,0,43,43,4,1,2.8,28,1,28,-4.92350222760089,4,"Milan, Lombardia, Italy",IT,IT09,18363,45.4667,9.2,-121726,4,"Milan, Lombardia, Italy",IT,IT09,18363,45.4667,9.2,-121726,4,"Milan, Lombardia, Italy",IT,IT09,18363,45.4667,9.2,-121726,20260304154500,https://newsradio1290wtks.iheart.com/content/2026-03-04-us-submarine-sinks-iranian-warship-in-the-indian-ocean/
1292363107,20260304,202603,2026,2026.1753,ein,EAST INDIAN,,,ein,,,,,,IRN,IRAN,IRN,,,,,,,,0,43,43,4,1,2.8,112,1,112,-4.92350222760089,1,Iran,IR,IR,,32.0,53.0,IR,1,Iran,IR,IR,,32.0,53.0,IR,1,Iran,IR,IR,,32.0,53.0,IR,20260304154500,https://newsradio1290wtks.iheart.com/content/2026-03-04-us-submarine-sinks-iranian-warship-in-the-indian-ocean/
1292363108,20260304,202603,2026,2026.1753,qia,QIANG,,,qia,,,,,,AFR,AFRICA,AFR,,,,,,,,1,43,43,4,1,2.8,3,1,3,5.64516129032259,4,"Manila, Manila, Philippines",RP,RPD9,24210,14.6042,120.982,-2437894,4,"Manila, Manila, Philippines",RP,RPD9,24210,14.6042,120.982,-2437894,4,"Manila, Manila, Philippines",RP,RPD9,24210,14.6042,120.982,-2437894,20260304154500,https://www.manilatimes.net/2026/03/04/tmt-newswire/pr-newswire/huawei-and-bittel-release-xinghe-al-safestay-hotel-campus-network-solution/2293318
1292363109,20260304,202603,2026,2026.1753,scoEDU,SCOTTISH,,,sco,,,EDU,,,,,,,,,,,,,1,71,71,7,2,7.4,4,1,4,3.81165919282511,4,"Stobo, Scottish Borders, The, United Kingdom",UK,UKT9,40167,55.6167,-3.3,-2608753,0,,,,,,,,4,"Stobo, Scottish Borders, The, United Kingdom",UK,UKT9,40167,55.6167,-3.3,-2608753,20260304154500,https://www.bordertelegraph.com/news/25903342.harp-school-receives-funding-teach-create-instrument-hub/
1292363110,20260304,202603,2026,2026.1753,scoEDU,SCOTTISH,,,sco,,,EDU,,,GBR,UNITED KINGDOM,GBR,,,,,,,,1,71,71,7,2,7.4,4,1,4,3.81165919282511,4,"Stobo, Scottish Borders, The, United Kingdom",UK,UKT9,40167,55.6167,-3.3,-2608753,4,"Stobo, Scottish Borders, The, United Kingdom",UK,UKT9,40167,55.6167,-3.3,-2608753,4,"Stobo, Scottish Borders, The, United Kingdom",UK,UKT9,40167,55.6167,-3.3,-2608753,20260304154500,https://www.bordertelegraph.com/news/25903342.harp-school-receives-funding-teach-create-instrument-hub/
1292363111,20260304,202603,2026,2026.1753,sna,SHONA,,,sna,,,,,,HLH,DOCTOR,,,,,,HLH,,,1,10,10,1,1,0.0,5,1,5,-2.89855072463768,4,"Bridge Of Allan, Stirling, United Kingdom",UK,UKW6,40177,56.15,-3.95,-2590847,4,"Bridge Of Allan, Stirling, United Kingdom",UK,UKW6,40177,56.15,-3.95,-2590847,4,"Bridge Of Allan, Stirling, United Kingdom",UK,UKW6,40177,56.15,-3.95,-2590847,20260304154500,https://www.dailyrecord.co.uk/news/local-news/stirling-survivor-makes-ovarian-cancer-36815019
1292363112,20260304,202603,2026,2026.1753,sna,SHONA,,,sna,,,,,,HLH,DOCTOR,,,,,,HLH,,,1,51,51,5,1,3.4,5,1,5,-2.89855072463768,4,"Bridge Of Allan, Stirling, United Kingdom",UK,UKW6,40177,56.15,-3.95,-2590847,4,"Bridge Of Allan, Stirling, United Kingdom",UK,UKW6,40177,56.15,-3.95,-2590847,4,"Bridge Of Allan, Stirling, United Kingdom",UK,UKW6,40177,56.15,-3.95,-2590847,20260304154500,https://www.dailyrecord.co.uk/news/local-news/stirling-survivor-makes-ovarian-cancer-36815019
1292363113,20260304,202603,2026,2026.1753,srp,SERBS,,,srp,,,,,,ALB,ALBANIAN,ALB,,,,,,,,1,173,173,17,4,-5.0,2,1,2,-9.62732919254654,4,"Mitrovica, Mitrovica, Kosovo",KV,KV15,47644,42.8833,20.8667,-85316,1,,RB,RB,,,,RB,4,"Mitrovica, Mitrovica, Kosovo",KV,KV15,47644,42.8833,20.8667,-85316,20260304154500,https://balkaninsight.com/2026/03/04/kosovo-detains-four-serbs-suspected-of-wartime-killings/
1292363114,20260304,202603,2026,2026.1753,srp,SERBS,,,srp,,,,,,CVL,CIVILIAN,,,,,,CVL,,,1,173,173,17,4,-5.0,4,1,4,-9.62732919254654,4,"Mitrovica, Mitrovica, Kosovo",KV,KV15,47644,42.8833,20.8667,-85316,4,"Mitrovica, Mitrovica, Kosovo",KV,KV15,47644,42.8833,20.8667,-85316,4,"Mitrovica, Mitrovica, Kosovo",KV,KV15,47644,42.8833,20.8667,-85316,20260304154500,https://balkaninsight.com/2026/03/04/kosovo-detains-four-serbs-suspected-of-wartime-killings/
